input,output,input_ids,labels
[TGT] close lower on weak commodities,negative,32100 885 1364 30 5676 27592 1,2841 1
[TGT] reports Rs 961-crore net loss in December quarter,neutral,32100 2279 11715 668 4241 18 2771 60 3134 1453 16 1882 2893 1,7163 1
[TGT] weakens at market opening,negative,32100 5676 35 7 44 512 2101 1,2841 1
Media form [TGT]'s Q4 net profit falls about 16% to Rs 64 crore,negative,3159 607 32100 3 31 7 1593 591 3134 3199 7250 81 209 6370 12 11715 6687 23095 1,2841 1
[TGT] names Darren Yeates  as CEO,neutral,32100 3056 3 29367 7271 6203 38 4071 1,7163 1
I[TGT] to raise Rs 200 crore through non-convertible debentures,neutral,27 32100 12 3033 11715 2382 23095 190 529 18 1018 3027 2317 3 26 5283 10471 1,7163 1
[TGT] hits 52-week high as drug maker gets licence to manufacture TB medicine,positive,32100 8046 9065 18 8041 306 38 2672 13762 2347 11629 12 9421 3 9041 4404 1,1465 1
[TGT] trades near 3-week lows versus rebounding dollar,negative,32100 1668 7 1084 5354 8041 731 7 3 8911 20756 53 6816 1,2841 1
"[TGT] poised to gain for 3rd day, won eases",positive,32100 27901 26 12 2485 21 220 52 26 239 6 751 4226 7 1,1465 1
[TGT] hires IT expert Manish Prakash to head its enterprise unit,neutral,32100 3804 7 2344 2205 1140 1273 6110 157 3198 12 819 165 5399 1745 1,7163 1
Replanting to help [TGT] raise yield,neutral,419 14925 53 12 199 32100 3033 6339 1,7163 1
[TGT] prices decline on heavy supply of new gur,negative,32100 1596 7198 30 2437 1899 13 126 3 7840 1,2841 1
Pre-market: [TGT] seen opening lower; may retest 6650 levels,negative,1266 18 8809 10 32100 894 2101 1364 117 164 3 60 4377 431 15348 1425 1,2841 1
[TGT] versus minority shareholders: It a precedent in the making,neutral,32100 3 8911 16392 17780 10 94 3 9 17875 16 8 492 1,7163 1
Farmers may shift from [TGT] as prices fall below 10-15% MSP,negative,24493 164 4108 45 32100 38 1596 1590 666 25446 1454 283 4274 1,2841 1
"Blackstone ups stake in [TGT],buys 14.2 lakh shares for Rs 81 cr",neutral,1589 3009 95 7 8474 16 32100 3 6 14584 7 9264 357 27880 4776 21 11715 3 4959 5764 1,7163 1
[TGT] adds net $5.5 billion in up to 1-year forex forwards in July,neutral,32100 617 7 3134 1514 15938 2108 16 95 12 8218 1201 17192 1039 7 16 1718 1,7163 1
"[TGT], Swiss franc rise on Iraq concerns, pound at 5-yr high vs dollar",positive,32100 3 6 11541 3 6296 75 3098 30 7457 3315 6 3 8861 44 7670 63 52 306 3 208 7 6816 1,1465 1
"[TGT] Report: Novermber 03, 2014",neutral,32100 3750 10 5098 49 51 1152 12811 6 1412 1,7163 1
[TGT] slips against US dollar,negative,32100 7560 7 581 837 6816 1,2841 1
[TGT] poised to rally amid prospects of boost in forex reserves,positive,32100 27901 26 12 13980 18905 11136 13 4888 16 17192 11222 1,1465 1
[TGT] Q3 net down 4.55% to Rs 63.97 crore,negative,32100 1593 519 3134 323 3 12451 2712 12 11715 3 3891 5 4327 23095 1,2841 1
"Video: Hot midcap stocks on move: [TGT], Wockhardt",neutral,3953 10 5396 2076 4010 10145 30 888 10 32100 3 6 549 3961 5651 17 1,7163 1
[TGT] to launch trading in currency options on Friday,neutral,32100 12 3289 3415 16 7481 931 30 1701 1,7163 1
"[TGT] hovers near 7-week highs, eyes growth data and election risks",positive,32100 21994 7 1084 489 18 8041 306 7 6 2053 1170 331 11 4356 5217 1,1465 1
[TGT] shares fall; Q2 net dips 45% to Rs 133 cr,negative,32100 4776 1590 117 1593 357 3134 10823 7 3 27516 12 11715 3 22974 5764 1,2841 1
[TGT] Q4 net jumps over 3-fold to Rs 15.75cr,positive,32100 1593 591 3134 4418 7 147 5354 10533 12 11715 9996 3072 75 52 1,1465 1
Watch out for OnMobile: [TGT],neutral,4195 91 21 461 22162 10 32100 1,7163 1
[TGT] better than L&T at the moment: Deepak Mohoni,positive,32100 394 145 301 184 382 44 8 798 10 9509 1639 1290 107 106 23 1,1465 1
Why investors should say no to United Spirits and [TGT],negative,1615 4367 225 497 150 12 907 5876 7 11 32100 1,2841 1
"[TGT], ICICI will continue the good run: Sudip Bandyopadhyay",positive,32100 3 6 3 18316 3597 56 916 8 207 661 10 1923 21981 4483 63 32 5612 107 63 9 63 1,1465 1
"[TGT], Kingfisher gains on 26% FDI in aviation",positive,32100 3 6 2671 6779 49 11391 30 204 6370 3 13916 196 16 18979 1,1465 1
[TGT] December quarter profit after tax drops 34 per cent,negative,32100 1882 2893 3199 227 1104 11784 6154 399 3151 1,2841 1
"OIJIF ups stake in [TGT], buys more shares from Jaypee Capital Services",positive,411 196 683 6058 95 7 8474 16 32100 3 6 805 7 72 4776 45 9373 855 15 5826 1799 1,1465 1
"[TGT] stumble on banks, resources, UGL drops",negative,32100 29630 30 5028 6 1438 6 412 13011 11784 1,2841 1
"Q3 earnings: Idea Cellular, ONGC, [TGT], Biocon, L&T, Dr Reddy's",neutral,1593 519 8783 10 22834 7845 4885 6 3 15628 254 6 32100 3 6 3318 1018 6 301 184 382 6 707 419 8155 31 7 1,7163 1
"AAP may decimate Congress, no big moves seen on [TGT]: Credit Suisse",negative,71 2965 164 7908 5058 4442 6 150 600 6914 894 30 32100 3 10 6529 20775 1,2841 1
[TGT] managing director & CEO Vaish quits on health grounds,neutral,32100 5037 2090 3 184 4071 2964 1273 10399 7 30 533 9808 1,7163 1
Northern Trust sells [TGT] shares worth Rs 84 crore,negative,5961 5313 1789 7 32100 4776 1494 11715 3 4608 23095 1,2841 1
"[TGT] gets shareholders nod to raise up to Rs 42,000 crore",positive,32100 2347 17780 150 26 12 3033 95 12 11715 314 8630 23095 1,1465 1
[TGT] gains on increase buying,positive,32100 11391 30 993 2611 1,1465 1
"[TGT] revokes restrictions against Foseco India, directors",neutral,32100 3 52 17943 7 9076 581 4452 7549 32 1547 6 10392 1,7163 1
"JSPL, [TGT] & NIIT Tech; three stocks that stole the show",positive,3 23787 5329 6 32100 3 184 3 6197 3177 7130 117 386 10145 24 26357 8 504 1,1465 1
Cool-off period likely to continue for [TGT]; top 4 events to watch,neutral,7823 18 1647 1059 952 12 916 21 32100 3 117 420 314 984 12 1605 1,7163 1
[TGT] Q1 net drops 7 per cent,negative,32100 1593 536 3134 11784 489 399 3151 1,2841 1
"Prefer Rolta, [TGT] among midcap IT stocks: Prakash Diwan",positive,1266 1010 2158 40 17 9 6 32100 859 2076 4010 2344 10145 10 6110 157 3198 2043 3877 1,1465 1
[TGT] Q4 net income up 7.5% at $33.1 million,positive,32100 1593 591 3134 2055 95 4306 2712 44 5583 18495 770 1,1465 1
[TGT] futures soften 0.31% on weak demand,negative,32100 647 7 1835 35 3 19997 4704 30 5676 2173 1,2841 1
[TGT] plans to garner up to Rs 200 cr via NCDs,positive,32100 1390 12 22639 52 95 12 11715 2382 5764 1009 9187 308 7 1,1465 1
[TGT] rise tracking overseas markets; gains broad based,positive,32100 3098 6418 10055 3212 117 11391 4358 3 390 1,1465 1
"[TGT] could it be the Wockhardt or the UB of 2012: Sangeeta Purushottam, Professional Investor",neutral,32100 228 34 36 8 549 3961 5651 17 42 8 3 10134 13 1673 10 1051 397 15 17 9 7333 76 11159 17 265 6 4751 16873 1,7163 1
[TGT] gets Board approval for raising Rs 500 crore,neutral,32100 2347 2086 5142 21 7954 11715 2899 23095 1,7163 1
Sell [TGT] with a stop loss of Rs 2606: Mitesh Thacker,negative,16922 32100 28 3 9 1190 1453 13 11715 2208 5176 10 1311 15 7 107 16118 3383 1,2841 1
"Indices unlikely to see major correction: Gaurang Shah, [TGT]",neutral,10194 2319 9909 12 217 779 11698 10 12520 6287 19669 6 32100 1,7163 1
"Bank, [TGT] to underperform Nifty in the short run: Ashwani Gujral",negative,1925 6 32100 12 365 883 2032 445 21822 16 8 710 661 10 7153 3877 23 2846 354 4900 1,2841 1
"January 15, 2014: [TGT] report on rupee",neutral,1762 10725 1412 10 32100 934 30 24617 15 1,7163 1
"Bajaj Finserv, Max India, [TGT] rally as Cabinet clears 49% FDI in Insurance",positive,2659 1191 354 7430 3473 6 5370 1547 6 32100 13980 38 9104 964 7 314 7561 3 13916 196 16 5446 1,1465 1
"Top seven companies add Rs 44,044 crore to investor wealth; [TGT] shines",positive,2224 2391 688 617 11715 8537 6 632 3628 23095 12 12024 5987 117 32100 9567 7 1,1465 1
Levels of 1000 possible for [TGT]: Ashwani Gujral,neutral,7166 7 13 5580 487 21 32100 3 10 7153 3877 23 2846 354 4900 1,7163 1
[TGT] Q1 PAT seen up 48% at Rs 46 cr,positive,32100 1593 536 276 5767 894 95 314 5953 44 11715 9668 5764 1,1465 1
Hindustan Construction Company QIP and [TGT] IPO likely in FY16,neutral,18528 5627 8663 1958 1593 4629 11 32100 3 25470 952 16 23263 2938 1,7163 1
"[TGT] October-December net profit up 5%, income down 9%",positive,32100 1797 18 29835 3134 3199 95 3 2712 6 2055 323 3 7561 1,1465 1
[TGT] deal: Not much for Renuka investors,neutral,32100 1154 10 933 231 21 4965 1598 9 4367 1,7163 1
[TGT] results disappoints on revenue: 10 important takeaways,negative,32100 772 26963 7 30 3751 10 335 359 240 9 6415 1,2841 1
Dhanteras: Demand slump dampens festival; [TGT] fever cools down,negative,309 2618 449 9 7 10 20625 31649 14832 35 7 3994 117 32100 17055 1633 7 323 1,2841 1
"[TGT] to list first on French, Dutch, Belgian exchanges",positive,32100 12 570 166 30 2379 6 10098 6 21768 29 2509 7 1,1465 1
GSFC may breach all-time high levels: [TGT],neutral,3 8256 5390 164 10564 66 18 715 306 1425 10 32100 1,7163 1
Acquisitions double [TGT]'s topline,positive,31713 7 1486 32100 3 31 7 420 747 1,1465 1
[TGT] to hire two executive directors in 2014,neutral,32100 12 3804 192 4297 10392 16 1412 1,7163 1
"Upsides to come from [TGT], midcaps and real estate: Saurabh Mukherjea",positive,3234 1583 7 12 369 45 32100 3 6 2076 4010 7 11 490 2052 10 7745 7093 107 283 1598 760 1924 9 1,1465 1
[TGT] is a 'BUY' call with a target of Rs 295: Ashwani Gujral,positive,32100 19 3 9 3 31 8855 476 31 580 28 3 9 2387 13 11715 204 3301 10 7153 3877 23 2846 354 4900 1,1465 1
[TGT] will not impact foreign investor fund inflows,neutral,32100 56 59 1113 2959 12024 3069 16 7631 7 1,7163 1
"[TGT] at three-month low on global cues, weak demand",negative,32100 44 386 18 7393 731 30 1252 123 15 7 6 5676 2173 1,2841 1
Institutional investors cut their exposure on [TGT],negative,14932 138 4367 1340 70 4773 30 32100 1,2841 1
[TGT] drops 4% on promoter stake sale,negative,32100 11784 3 5988 30 2519 52 8474 1048 1,2841 1
Arvind Ltd ties up with [TGT] for new stores; stock hits 52-week high,neutral,1533 2494 26 3937 3 3010 95 28 32100 21 126 3253 117 1519 8046 9065 18 8041 306 1,7163 1
"HPCL, BPCL, IOC rally even as [TGT] prices on the boil, rupee declines",positive,5481 8440 6 3 11165 8440 6 27 5618 13980 237 38 32100 1596 30 8 13374 6 24617 15 7198 7 1,1465 1
[TGT] can correct between 8300-8400 range: Ashwani Gujral,neutral,32100 54 2024 344 505 5426 6039 5548 620 10 7153 3877 23 2846 354 4900 1,7163 1
"Binani Cement up by 8.45%, [TGT] hits upper-limit on BSE",positive,7617 2738 205 1194 95 57 4848 27516 6 32100 8046 4548 18 16488 30 272 4132 1,1465 1
[TGT] to benefit in the short term: Mitesh Thacker,positive,32100 12 1656 16 8 710 1657 10 1311 15 7 107 16118 3383 1,1465 1
"[TGT] close 0.3% lower at two-week lows, retailers lift",negative,32100 885 4097 5170 1364 44 192 18 8041 731 7 6 10481 5656 1,2841 1
"Sensex ends past 27,000-mark for first time; [TGT] closes at 8,083",neutral,3 19003 226 5542 657 204 18834 18 3920 21 166 97 117 32100 885 7 44 9478 4018 519 1,7163 1
"[TGT] is a good buy: G Chokkalingam, Equinomics Research & Advisory Pvt Ltd",positive,32100 19 3 9 207 805 10 350 6285 8511 9 697 265 6 21263 29 27036 2200 3 184 3 17037 276 208 17 3937 1,1465 1
"Prefer [TGT], Hero MotoCorps in the two-wheeler sector: Prakash Diwan",positive,1266 1010 32100 3 6 14953 18668 13026 102 7 16 8 192 18 14074 49 2393 10 6110 157 3198 2043 3877 1,1465 1
"[TGT]: US launches, better movement of rupee add value",positive,32100 3 10 837 22506 6 394 2426 13 24617 15 617 701 1,1465 1
EU pain has an upside for [TGT],positive,3371 1406 65 46 19118 21 32100 1,1465 1
"[TGT] slips over 200 points, Nifty tests 6,250 levels",negative,32100 7560 7 147 2382 979 6 445 21822 3830 8580 11434 1425 1,2841 1
"Dollar, [TGT] dip as Asia awaits central bank meetings",negative,14110 6 32100 10823 38 3826 19902 7 2069 2137 4677 1,2841 1
[TGT] names Dinesh Malkani new India sales head,neutral,32100 3056 3181 15 7 107 2148 3304 23 126 1547 1085 819 1,7163 1
"[TGT] sees 20% upside potential in Infosys, upgrades to buy",neutral,32100 217 7 7580 19118 1055 16 7880 7 63 7 6 15694 12 805 1,7163 1
"[TGT] a good buy even at current levels: Taher Badshah, Motilal Oswal AM",positive,32100 3 9 207 805 237 44 750 1425 10 2067 760 3862 7 1024 107 6 1290 17 173 138 411 7 5380 5422 1,1465 1
[TGT] surges 11% on US based DuPont takeover talks,positive,32100 18787 7 209 4704 30 837 3 390 970 345 1770 240 1890 6927 1,1465 1
"Not excited about [TGT]: Gaurav Mehta, Ambit Capital",negative,933 2787 81 32100 3 10 12520 11852 1212 107 17 9 6 20875 17 5826 1,2841 1
[TGT] slips over 5% as Q4 loss widens to Rs 9.68 crore,negative,32100 7560 7 147 3 2712 38 1593 591 1453 1148 29 7 12 11715 5835 3651 23095 1,2841 1
[TGT] gives Financial Technologies more time for IEX stake sale,neutral,32100 1527 5421 13335 72 97 21 3 5091 4 8474 1048 1,7163 1
[TGT] set to smoke out olive oil,positive,32100 356 12 7269 91 7994 1043 1,1465 1
"BSE, [TGT] to remain closed on account of Maharashtra Day",neutral,272 4132 6 32100 12 2367 3168 30 905 13 16256 12380 1313 1430 1,7163 1
Exposure increased to oil and gas space; look at [TGT] more favourably: David Pezarkar,positive,13471 4334 1936 12 1043 11 1807 628 117 320 44 32100 72 14499 3834 10 1955 1276 7061 4031 1,1465 1
[TGT] bullish on energy sector as oil price steadies,neutral,32100 8434 1273 30 827 2393 38 1043 594 19983 15 7 1,7163 1
"Shortsell [TGT]: CK Narayan, Growth Avenues Asset Advisors",negative,7110 12019 32100 3 10 3 10459 1823 2866 152 6 17435 6916 7 18202 17228 7 1,2841 1
[TGT] looks to sell up to 10% in UCX to SBI,neutral,32100 1416 12 1789 95 12 6389 16 3 6463 4 12 180 5972 1,7163 1
"Malvinder and Shivinder Singh looking to exit [TGT], Bain Capital, Baring in fray",negative,2148 2494 588 11 4804 2494 588 16738 479 12 7189 32100 3 6 2659 77 5826 6 1386 53 16 8072 63 1,2841 1
[TGT] gain 1.56 pc on global cues,positive,32100 2485 1300 4834 3 102 75 30 1252 123 15 7 1,1465 1
103 alter funds allowed to operate in Ind by [TGT],neutral,3 17864 8310 2731 2225 12 4368 16 86 26 57 32100 1,7163 1
[TGT]s: Tokyo stocks open flat,neutral,32100 3 7 10 12653 10145 539 2667 1,7163 1
[TGT] Q2 net up 54% at Rs 492 crore,positive,32100 1593 357 3134 95 305 5988 44 11715 314 4508 23095 1,1465 1
[TGT] shares gain after strong earnings,positive,32100 4776 2485 227 1101 8783 1,1465 1
"Education body accuses [TGT]'s arm of conflict of interest, plagiarism",neutral,2855 643 17316 15 7 32100 3 31 7 2939 13 4129 13 1046 6 31447 1,7163 1
Wait and watch [TGT]: Sudip Bandyopadhyay,positive,14583 11 1605 32100 3 10 1923 21981 4483 63 32 5612 107 63 9 63 1,1465 1
"Nifty, [TGT] start on a cautious note; Infosys, TCS up",negative,445 21822 6 32100 456 30 3 9 20917 2232 117 7880 7 63 7 6 332 4778 95 1,2841 1
"2G auction: [TGT] seen correcting, call charges may get higher",negative,204 517 8493 10 32100 894 2024 53 6 580 3991 164 129 1146 1,2841 1
"Maharashtra set to brand its [TGT] & tur, floats a tender to appoint a consultant for the exercise",neutral,16256 12380 1313 356 12 1056 165 32100 3 184 3 2905 6 3 12660 7 3 9 9024 12 3 9 102 2700 3 9 7792 21 8 2510 1,7163 1
"Local investors should buy equities; [TGT], auto favourable spaces: Deven Choksey",positive,4593 4367 225 805 3 15 1169 3010 117 32100 3 6 1510 3 30786 4856 10 374 1926 6285 157 7 15 63 1,1465 1
[TGT] rallies over 8% as Q1 net profit jumps 19.77%,positive,32100 26930 7 147 3 5953 38 1593 536 3134 3199 4418 7 9997 4013 1454 1,1465 1
"PSUs CIL, [TGT] and NMDC may buy back shares to bail out government",neutral,276 4138 7 205 3502 6 32100 11 3 16568 6338 164 805 223 4776 12 15794 91 789 1,7163 1
[TGT] to launch international board on September 29,neutral,32100 12 3289 1038 1476 30 1600 2838 1,7163 1
[TGT] foremost player in infrastructure finance segment: Fayeza Hafizee,positive,32100 19839 1959 16 3620 4747 5508 10 1699 63 457 9 1626 89 1737 15 1,1465 1
Do not see [TGT] crossing Rs 450: Sandeep Wagle,negative,531 59 217 32100 12529 11715 3 10593 10 1051 25221 3129 3537 1,2841 1
"Valuations on the higher side, but India remains an attractive story in the long term: Hans Goetti, [TGT]",neutral,3833 76 1628 30 8 1146 596 6 68 1547 3048 46 5250 733 16 8 307 1657 10 10001 1263 10652 6 32100 1,7163 1
[TGT] fall to their lowest in over 7 months,negative,32100 1590 12 70 7402 16 147 489 767 1,2841 1
"[TGT], Axis & others to be hit by new lending rate norm",negative,32100 3 6 71 226 159 3 184 717 12 36 1560 57 126 16391 1080 7982 1,2841 1
[TGT] brightest minds reveal the most important charts in the world,neutral,32100 2756 222 10884 6731 8 167 359 12321 16 8 296 1,7163 1
"With auto sales gaining pace, brokers say [TGT] can give over 20% returns",positive,438 1510 1085 3 11866 4974 6 18593 497 32100 54 428 147 7580 5146 1,1465 1
[TGT] Q3 net up 30.76% at Rs 3.40 crore,positive,32100 1593 519 3134 95 220 22426 6370 44 11715 1877 2445 23095 1,1465 1
MF agent's guaranteed returns to [TGT] violate Sebi norms,negative,3 13286 3102 31 7 7206 5146 12 32100 15108 679 115 23 7982 7 1,2841 1
[TGT] may have to shell out more on perpetual bonds,neutral,32100 164 43 12 7300 91 72 30 28656 13237 1,7163 1
[TGT] PAT up 46.65 per cent to Rs 2.56 crore,positive,32100 276 5767 95 9668 5 4122 399 3151 12 11715 1682 4834 23095 1,1465 1
[TGT] decline 0.53% on subdued demand,negative,32100 7198 3 12100 5170 30 769 1259 15 26 2173 1,2841 1
"[TGT] raises Rs 8,000 crore via eight-year maturity bonds",positive,32100 3033 7 11715 3 16235 23095 1009 2641 18 1201 22004 13237 1,1465 1
[TGT] plumb new lows after US stocks post record,negative,32100 4752 5937 126 731 7 227 837 10145 442 1368 1,2841 1
[TGT] company Orient Paper & Industries launches new brand identity 'Orient Electric',neutral,32100 349 3 16495 6564 3 184 18080 22506 126 1056 4810 3 31 16495 8666 31 1,7163 1
Hold rating on [TGT] with a target price of 650: Pankaj Pandey,neutral,8470 5773 30 32100 28 3 9 2387 594 13 3 15348 10 4266 1258 354 4266 221 63 1,7163 1
Underweight on [TGT] and mining sector: BP Singh,negative,3526 9378 30 32100 11 5558 2393 10 3 11165 16738 1,2841 1
[TGT] turns defensive on retail sales disappointment,negative,32100 5050 11976 30 3549 1085 19142 1,2841 1
"Asset allocation a better strategy for individual investor: Prashant Sharma, [TGT]",neutral,18202 17127 3 9 394 1998 21 928 12024 10 276 12380 288 30405 6 32100 1,7163 1
"Dollar firm vs commodity currencies, eyes on [TGT] prices",neutral,14110 1669 3 208 7 23070 22628 6 2053 30 32100 1596 1,7163 1
[TGT] Q1 net up 11 pc at Rs 44 cr,positive,32100 1593 536 3134 95 850 3 102 75 44 11715 8537 5764 1,1465 1
Wilmar deal: Not much for [TGT] investors,neutral,8540 1635 1154 10 933 231 21 32100 4367 1,7163 1
"Yuan weakens, backs away from gains as [TGT] appetite returns",positive,6214 152 5676 35 7 6 223 7 550 45 11391 38 32100 17699 5146 1,1465 1
[TGT] slips in 2014; first major decline since 2005 revaluation,negative,32100 7560 7 16 1412 117 166 779 7198 437 3105 3 60 7480 257 1,2841 1
Chinas [TGT] hires Jabong co-founder Manu Jain to head India operations,neutral,1473 7 32100 3804 7 2215 115 2444 576 18 14435 1140 76 2215 77 12 819 1547 2673 1,7163 1
[TGT] jumps as board approves hike in FII limit,positive,32100 4418 7 38 1476 15444 7 8598 16 3 4936 196 2006 1,1465 1
[TGT] to foray into commodities trading with new platform,neutral,32100 12 21 9 63 139 27592 3415 28 126 1585 1,7163 1
Lack of clarity on [TGT] exports vexes mill owners,negative,22105 13 12428 30 32100 4202 7 3 208 6667 7 3293 2713 1,2841 1
Egypt unrest may fuel rally in oil & [TGT] stocks,positive,10438 73 6216 164 2914 13980 16 1043 3 184 32100 10145 1,1465 1
"Upbeat China PMI boosts Asia equities, Aussie; [TGT] up on Iraq",positive,3234 12745 1473 3246 196 4888 7 3826 3 15 1169 3010 6 21439 15 117 32100 95 30 7457 1,1465 1
[TGT] may get costlier this fiscal year,positive,32100 164 129 583 3299 48 5043 215 1,1465 1
"China stock markets steady after [TGT] pledges ""flexible"" policy",neutral,1473 1519 3212 11207 227 32100 15387 7 96 8902 2317 121 1291 1,7163 1
[TGT] shines brighter than gold; returns over 600% in 14 years,positive,32100 9567 7 2756 49 145 2045 117 5146 147 7366 1454 16 968 203 1,1465 1
Investors can remain in quality stock like L&T: [TGT],neutral,16873 7 54 2367 16 463 1519 114 301 184 382 10 32100 1,7163 1
"[TGT] firms, euro cracks under rates pressure",neutral,32100 5654 6 3983 5261 7 365 1917 1666 1,7163 1
Right time to enter into [TGT]: Prakash Diwan,positive,5068 97 12 2058 139 32100 3 10 6110 157 3198 2043 3877 1,1465 1
"Heritage Food, [TGT] top two stocks ideas for next 3 months: G Chokkalingam, Equinomics",positive,11523 3139 6 32100 420 192 10145 912 21 416 220 767 10 350 6285 8511 9 697 265 6 21263 29 27036 1,1465 1
"[TGT] supported by ECB talk, Japan election speculation",neutral,32100 3510 57 3 3073 279 1350 6 3411 4356 22547 1,7163 1
Hot stock: [TGT] sees 85% upside in SKS Microfinance,neutral,5396 1519 10 32100 217 7 3 25832 19118 16 180 13383 5893 89 77 663 1,7163 1
"[TGT] holds 26,400; Nifty slips below 7,900",neutral,32100 4532 13597 5548 117 445 21822 7560 7 666 7973 7015 1,7163 1
[TGT] Q4 net profit surges 27.74%  to  Rs 102.26 crore,positive,32100 1593 591 3134 3199 18787 7 2307 5 940 5988 12 11715 3 14388 5 2688 23095 1,1465 1
[TGT]'s India office to woo fund raising corporations,neutral,32100 3 31 7 1547 828 12 3 14952 3069 7954 11711 1,7163 1
[TGT] gets Sebi nod for Rs 360-crore IPO,positive,32100 2347 679 115 23 150 26 21 11715 9181 18 2771 60 3 25470 1,1465 1
Gold-linked money pooling schemes under [TGT] scanner,neutral,2540 18 29000 540 2201 53 15171 365 32100 19083 1,7163 1
[TGT]: H1 listings activity rises 8.7%,positive,32100 3 10 454 536 11070 1756 3098 7 4848 6170 1,1465 1
[TGT] shares jump on sale of Volvo stake,positive,32100 4776 4418 30 1048 13 22842 8474 1,1465 1
"[TGT] sees 25% downside in L&T, advises investors to 'sell'",neutral,32100 217 7 12238 21204 16 301 184 382 6 7786 7 4367 12 3 31 12019 31 1,7163 1
Sahara submits ownership papers of lands to [TGT],neutral,1138 14888 4237 7 7915 5778 13 3 6347 12 32100 1,7163 1
[TGT] Q1 net up 2 pc at Rs 45.63 crore,positive,32100 1593 536 3134 95 204 3 102 75 44 11715 3479 5 3891 23095 1,1465 1
"Tough week ahead for the markets: Dipan Mehta, Member, BSE and [TGT]",neutral,332 4607 471 2177 21 8 3212 10 23177 152 1212 107 17 9 6 8541 6 272 4132 11 32100 1,7163 1
"[TGT] axes 15,000 jobs, raises $5.1 billion in capital",positive,32100 3 11579 7 209 5898 2476 6 3033 7 1514 20519 2108 16 1784 1,1465 1
[TGT] Shares up 4% on $200-million order,positive,32100 7105 7 95 3 5988 30 19503 18 17030 455 1,1465 1
"Railway vendor stocks like Kalindee, [TGT], Texmaco, back in limelight as budget nears",positive,18025 11407 10145 114 5740 77 221 15 6 32100 3 6 3 13598 11101 32 6 223 16 13222 2242 38 1487 1084 7 1,1465 1
"Post [TGT] policy: Bonds draw comfort from future guidance, rupee steady",neutral,1844 32100 1291 10 12528 7 3314 2115 45 647 4864 6 24617 15 11207 1,7163 1
[TGT] Q3 profit rises 31 pc to Rs 150.68 crore,positive,32100 1593 519 3199 3098 7 2664 3 102 75 12 11715 4261 5 3651 23095 1,1465 1
[TGT] yields steady ahead of buyback results,neutral,32100 6339 7 11207 2177 13 805 1549 772 1,7163 1
[TGT] mixed as Apple weighs on Nasdaq,neutral,32100 4838 38 2184 11385 7 30 10571 26 9 1824 1,7163 1
"Forgettable year for [TGT] & silver, base metals melted on China heat",negative,242 2782 3869 215 21 32100 3 184 4294 6 1247 1946 7 3 19293 30 1473 1678 1,2841 1
Bearish on [TGT]: Ashwani Gujral,negative,9034 1273 30 32100 3 10 7153 3877 23 2846 354 4900 1,2841 1
"UP Elections: Sugar stocks like Bajaj Hindusthan, [TGT] rise amid election results",positive,3 6880 19488 7 10 16382 10145 114 2659 1191 354 18528 7 6736 6 32100 3098 18905 4356 772 1,1465 1
[TGT] rallies 7% as Jhunjhunwala buys 15 lakh shares,positive,32100 26930 7 3 6170 38 446 107 202 354 107 202 5380 9 805 7 627 27880 4776 1,1465 1
[TGT] rallies 12% as Q4 net profit doubles to Rs 20.5 crores,positive,32100 26930 7 3 26821 38 1593 591 3134 3199 1486 7 12 11715 204 12100 23095 7 1,1465 1
Worst is behind for [TGT]; all eyes on management activity: Deven Choksey,positive,11287 7 17 19 1187 21 32100 3 117 66 2053 30 758 1756 10 374 1926 6285 157 7 15 63 1,1465 1
[TGT] Q4 net up over 26% at Rs 32.73 crore,positive,32100 1593 591 3134 95 147 204 6370 44 11715 3538 5 4552 23095 1,1465 1
Would not take a position on the [TGT]: Deepak Mohoni,negative,5328 59 240 3 9 1102 30 8 32100 3 10 9509 1639 1290 107 106 23 1,2841 1
[TGT] asks for fresh clarification on Inox Wind Rs 700 crore IPO,neutral,32100 987 7 21 1434 28733 30 27 19864 5634 11715 12283 23095 3 25470 1,7163 1
Pre-market: [TGT] seen opening flat in special trading session,neutral,1266 18 8809 10 32100 894 2101 2667 16 534 3415 2363 1,7163 1
"Manappuram Finance, [TGT] crack; down over 20% in April",negative,1140 3096 2414 51 7679 6 32100 5261 117 323 147 7580 16 1186 1,2841 1
Valuations do not warrant fresh buying in [TGT]; existing investors should stay put: Mayuresh Joshi,neutral,3833 76 1628 103 59 11741 1434 2611 16 32100 3 117 1895 4367 225 1049 474 10 932 7665 107 14136 23 1,7163 1
Investor sentiment on [TGT] goes from giddy to glum,negative,16873 6493 30 32100 1550 45 3 122 23 8155 12 3 13492 51 1,2841 1
Investors cheer [TGT] bank rescue,positive,16873 7 11288 32100 2137 9635 1,1465 1
[TGT] Q2 net loss narrows at Rs 400.4 crore,negative,32100 1593 357 3134 1453 5658 7 44 11715 1283 22776 23095 1,2841 1
"[TGT] to trade in a range of 8350-8,550: Ashwani Gujral",neutral,32100 12 1668 16 3 9 620 13 505 16975 6039 6 17147 10 7153 3877 23 2846 354 4900 1,7163 1
Smaller names in [TGT] may have good strides: Prakash Diwan,positive,4872 49 3056 16 32100 164 43 207 5765 9361 10 6110 157 3198 2043 3877 1,1465 1
"[TGT] Q2 profit at Rs 2,425.16 crore",neutral,32100 1593 357 3199 44 11715 3547 4165 20519 948 23095 1,7163 1
"[TGT] muted as jobs data awaited, Greece risk rises",neutral,32100 4035 1054 38 2476 331 3 9 13106 6 12263 1020 3098 7 1,7163 1
[TGT] rallies on reports of Medanta Medicity stake sale,positive,32100 26930 7 30 2279 13 8067 288 9 3 15789 485 8474 1048 1,1465 1
[TGT] probe: Maharishi Vedic firm says not into public deposits,neutral,32100 12732 10 8555 1665 5605 3901 4370 1669 845 59 139 452 15637 1,7163 1
"[TGT] a strong stock: Ashwani Gujral, Market Strategist",positive,32100 3 9 1101 1519 10 7153 3877 23 2846 354 4900 6 3611 22946 7 17 1,1465 1
[TGT] faces talent exodus as key officials quit,negative,32100 8519 3683 1215 32 8655 38 843 4298 10399 1,2841 1
"[TGT], silver end steady in thin trade",neutral,32100 3 6 4294 414 11207 16 5551 1668 1,7163 1
[TGT] files Draft Red Herring Prospectus with SEBI for IPO,neutral,32100 2073 21409 1624 8816 53 24383 302 28 5985 5972 21 3 25470 1,7163 1
[TGT] downside capped likely at 7550 levels,neutral,32100 21204 3 25927 952 44 489 17147 1425 1,7163 1
"View on Reliance Industries remains bullish: Shardul Kulkarni, [TGT]",neutral,4197 30 419 9928 565 18080 3048 8434 1273 10 18981 26 83 480 83 157 23403 6 32100 1,7163 1
[TGT] executive director G Gopalakrishna may get top job at CAFRAL,neutral,32100 4297 2090 350 1263 13878 10648 7 107 29 9 164 129 420 613 44 3087 371 21415 1,7163 1
SAT upholds Sebi order against three entities in [TGT] case,neutral,3 17517 95 6134 7 679 115 23 455 581 386 12311 16 32100 495 1,7163 1
Key thing for OMCs is the subsidy sharing pattern: [TGT],neutral,4420 589 21 411 3698 7 19 8 28942 63 2178 3275 10 32100 1,7163 1
[TGT] ends in red; Morgan Stanley upgrades stock to 'equal-weight',negative,32100 5542 16 1131 117 11147 19089 15694 1519 12 3 31 15 11433 18 9378 31 1,2841 1
[TGT] posts lower Q3 loss at Rs 426 crore,negative,32100 3489 1364 1593 519 1453 44 11715 314 2688 23095 1,2841 1
[TGT] Q2 net up 20 per cent at Rs 100 crore on robust sales,positive,32100 1593 357 3134 95 460 399 3151 44 11715 910 23095 30 6268 1085 1,1465 1
Piramal to acquire 10% stake in [TGT] for Rs 790 cr,positive,23421 9 1982 12 7464 6389 8474 16 32100 21 11715 489 2394 5764 1,1465 1
Orange weighs on [TGT] after Jazztel deal,negative,7311 11385 7 30 32100 227 12313 1625 1154 1,2841 1
Yogesh Munjal to quit [TGT] stake for Showa,negative,6545 2897 107 9810 1191 40 12 10399 32100 8474 21 3111 9 1,2841 1
Still bearish on [TGT]: Rajat Bose,negative,4886 4595 1273 30 32100 3 10 13509 144 1491 7 15 1,2841 1
"Refining, petrochem boost to help [TGT] maintain profitability",positive,419 89 77 53 6 3 102 15252 6482 4888 12 199 32100 1961 21624 1,1465 1
Shree Cement's [TGT]' unit purchase to help balance north business,neutral,4488 60 15 205 1194 31 7 32100 3 31 1745 1242 12 199 2109 3457 268 1,7163 1
[TGT] Q1 net down 4% at Rs 61 cr,negative,32100 1593 536 3134 323 3 5988 44 11715 3 4241 5764 1,2841 1
European stock rally stalls; [TGT] eyes record high,positive,1611 1519 13980 3 9176 7 117 32100 2053 1368 306 1,1465 1
[TGT] slips over 2% as July-September profit lags some estimates,negative,32100 7560 7 147 3 5406 38 1718 18 27652 3199 3 5430 7 128 10014 1,2841 1
[TGT] rises on industrial demand,positive,32100 3098 7 30 2913 2173 1,1465 1
[TGT] shares surge 12% as parent firm weighs GE offer,positive,32100 4776 18787 3 26821 38 4208 1669 11385 7 3 5042 462 1,1465 1
[TGT] posts Rs 822 crore Q3 loss,negative,32100 3489 11715 505 2884 23095 1593 519 1453 1,2841 1
[TGT]' turnover dips 70 per cent,negative,32100 3 31 17847 10823 7 2861 399 3151 1,2841 1
"VR Sharma quits [TGT], joins Bangladeshi firm Abul Khair Group as steel head",neutral,13893 30405 10399 7 32100 3 6 1715 7 19039 23 1669 891 83 480 19176 1531 38 2470 819 1,7163 1
Advise avoidance of both [TGT]: Saurabh Mukherjea,negative,1980 3466 15 1792 663 13 321 32100 3 10 7745 7093 107 283 1598 760 1924 9 1,2841 1
[TGT] slips amid takeover battle,negative,32100 7560 7 18905 240 1890 3392 1,2841 1
Sebi relaxes debt-equity conversion norms for [TGT],neutral,679 115 23 4839 15 7 2814 18 15 10073 63 6113 7982 7 21 32100 1,7163 1
[TGT] tank further; Federal Reserve rattles emerging assets,negative,32100 5040 856 117 5034 9473 31010 7 7821 4089 1,2841 1
NSE to auction [TGT] worth Rs 646 crore on Tuesday,neutral,445 4132 12 8493 32100 1494 11715 431 4448 23095 30 2818 1,7163 1
[TGT] hits 11-month high; RBI intervention in focus,positive,32100 8046 850 18 7393 306 117 19979 7897 16 992 1,1465 1
[TGT] posts $21 million net income in October-December quarter,neutral,32100 3489 3771 536 770 3134 2055 16 1797 18 29835 2893 1,7163 1
"[TGT] shareholders, do not panic",neutral,32100 17780 6 103 59 13647 1,7163 1
[TGT] futures down 0.89% on higher supply,negative,32100 647 7 323 3 22384 7561 30 1146 1899 1,2841 1
Overweight rating on Coal India: [TGT],neutral,2035 9378 5773 30 638 138 1547 10 32100 1,7163 1
[TGT] prices fall 3.37% on weak overseas demand,negative,32100 1596 1590 3 19660 6170 30 5676 10055 2173 1,2841 1
Sebi mulls [TGT] listing norms in renewable funding push,neutral,679 115 23 4035 195 7 32100 6437 7982 7 16 12475 3135 3292 1,7163 1
Five reasons why [TGT] won't fall for US Fed's taper tantrum,neutral,9528 2081 572 32100 751 31 17 1590 21 837 10803 31 7 4874 52 6584 2781 1,7163 1
"This is an inflection point for IT industry: Deepak Shenoy, [TGT]",neutral,100 19 46 16 89 12252 500 21 2344 681 10 9509 1639 451 29 32 63 6 32100 1,7163 1
"Dollar dips versus [TGT], euro remains under pressure",neutral,14110 10823 7 3 8911 32100 3 6 3983 3048 365 1666 1,7163 1
[TGT] promoter hikes stake marginally for Rs 25 crore,neutral,32100 2519 52 8598 7 8474 18777 120 21 11715 944 23095 1,7163 1
"Hopes of kerosene, LPG price hike fuel gains in oil, [TGT]",positive,6000 7 13 3 1050 1859 35 15 6 301 7861 594 8598 2914 11391 16 1043 6 32100 1,1465 1
[TGT] announces key additions to its Board of Directors,neutral,32100 6456 7 843 811 7 12 165 2086 13 14102 1,7163 1
Saregama India climbs 6% on [TGT] stake buy,neutral,1138 60 8758 9 1547 8147 7 3 6370 30 32100 8474 805 1,7163 1
"[TGT] looks good given the deficient monsoon: Pankaj Pandey, ICICIdirect.com",positive,32100 1416 207 787 8 20 17397 1911 7 32 106 10 4266 1258 354 4266 221 63 6 3 18316 3597 21241 5 287 1,1465 1
NSEL-[TGT] merger issue: Govt to seek more time from Bombay High Court,neutral,445 23143 18 32100 18917 962 10 17416 17 12 2762 72 97 45 16327 9 63 1592 2243 1,7163 1
"Mexico ""very unlikely"" to reopen $1.1 billion [TGT] hedge program: Source",negative,4726 96 8461 9909 121 12 3 60 8751 1514 11039 2108 32100 18179 478 10 9149 1,2841 1
Concerns over global growth peg back [TGT],negative,21508 7 147 1252 1170 158 122 223 32100 1,2841 1
Rush for higher returns before rate cut: [TGT] tax-free bonds oversubscribed 10 times on Day 1,positive,20710 21 1146 5146 274 1080 1340 10 32100 1104 18 2113 13237 147 7304 22573 335 648 30 1430 209 1,1465 1
"Inox Wind debuts at Rs 400, a premium of 23% on [TGT]",neutral,27 19864 5634 5695 7 44 11715 4837 6 3 9 3331 13 204 5170 30 32100 1,7163 1
"Ex - chief, M Damodaran contends [TGT] on FTIL stake acquisition",neutral,1881 3 18 5752 6 283 10939 32 13702 24236 7 32100 30 3 6245 3502 8474 6566 1,7163 1
[TGT] Q2 net dips by 29 pc to Rs 11.03 crore,negative,32100 1593 357 3134 10823 7 57 2838 3 102 75 12 11715 7806 4928 23095 1,2841 1
[TGT] closes up a paltry 0.75% on BSE,positive,32100 885 7 95 3 9 7692 8224 3 22426 2712 30 272 4132 1,1465 1
[TGT] to make India hub for South-East Asia markets,neutral,32100 12 143 1547 7801 21 1013 18 25235 3826 3212 1,7163 1
[TGT] hits 1-year low after central bank chief's FX comments,negative,32100 8046 8218 1201 731 227 2069 2137 5752 31 7 377 4 2622 1,2841 1
[TGT] quarterly profit soars to Rs 214 crore,positive,32100 20232 3199 78 291 7 12 11715 3 27357 23095 1,1465 1
Brokers call: [TGT] stays neutral on Tech Mahindra,neutral,20696 7 580 10 32100 13628 7163 30 7130 8555 77 3515 1,7163 1
[TGT] slips from Monday peak as inflation data dents rate expectations,negative,32100 7560 7 45 2089 6734 38 12485 331 3 24180 1080 4454 1,2841 1
"Real estate business will take time to pick up: Deven Choksey, [TGT]",neutral,2977 2052 268 56 240 97 12 1432 95 10 374 1926 6285 157 7 15 63 6 32100 1,7163 1
[TGT] climbs above $108 on renewed Ukraine tensions,positive,32100 8147 7 756 1970 4018 30 18184 11897 7012 7 1,1465 1
"German data brings relief to euro, [TGT] rise stalls",negative,2968 331 3200 4956 12 3983 6 32100 3098 3 9176 7 1,2841 1
"Actis, [TGT] and IFCI plan to sell NSE shares",positive,1983 159 6 32100 11 3 6058 3597 515 12 1789 445 4132 4776 1,1465 1
"Merge [TGT] with FTIL, says commodity market regulator to government",neutral,4039 397 32100 28 3 6245 3502 6 845 23070 512 14415 12 789 1,7163 1
"Railways trying to match [TGT]; to offer personalised alerts, wake-up calls",neutral,18025 7 1119 12 1588 32100 3 117 12 462 3 24001 5685 7 6 7178 18 413 3088 1,7163 1
[TGT] posts Rs 52.2-crore net,neutral,32100 3489 11715 305 15300 18 2771 60 3134 1,7163 1
"At [TGT], growth remains a mirage",negative,486 32100 3 6 1170 3048 3 9 1870 545 1,2841 1
"Renuka Sugar, [TGT] strongest bets in sugar: JV Capital",positive,4965 1598 9 16382 6 32100 19095 36 17 7 16 2656 10 446 553 5826 1,1465 1
Muhurat trading at BSE and [TGT] on Diwali,neutral,4159 10666 144 3415 44 272 4132 11 32100 30 2043 5380 23 1,7163 1
[TGT] makes 17.66 billion roubles worth of forex interventions on October 7,positive,32100 656 11030 3539 2108 3 3964 2296 7 1494 13 17192 14418 30 1797 489 1,1465 1
"Sensex rangebound, [TGT] below 8050; top fifteen stocks in focus",negative,3 19003 226 620 6115 6 32100 666 2775 1752 117 420 17310 10145 16 992 1,2841 1
[TGT] H1 earnings see boost from FTSE-Russell,positive,32100 454 536 8783 217 4888 45 3 6245 4132 18 17137 7 12019 1,1465 1
Multi-year [TGT] rally on cards: Analysts,positive,4908 18 1201 32100 13980 30 2190 10 25224 7 1,1465 1
"[TGT] likely to improve revenue visibility on new road projects, diversified orders",positive,32100 952 12 1172 3751 12435 30 126 1373 1195 6 3 28575 5022 1,1465 1
"Australian, [TGT] drift lower on weak equities, growth worries",negative,3746 6 32100 16901 1364 30 5676 3 15 1169 3010 6 1170 17168 1,2841 1
[TGT] gets funds from Mayfield,positive,32100 2347 2731 45 932 1846 1,1465 1
"Who shot down [TGT] bull? Regulator says hunt is on; Shanghai ends 6% down, slips 30% in 3 weeks; what experts say",negative,2645 2538 323 32100 8434 58 7777 83 1016 845 8069 19 30 117 15985 5542 3 6370 323 6 7560 7 10738 16 220 1274 117 125 2273 497 1,2841 1
Sebi may not halt trading of [TGT] shares on day of OFS,neutral,679 115 23 164 59 3 5019 3415 13 32100 4776 30 239 13 3347 134 1,7163 1
Prefer [TGT] over Zee in media space: P Phani Sekhar,positive,1266 1010 32100 147 4603 15 16 783 628 10 276 3657 2738 679 157 3272 1,1465 1
[TGT] rallies over 12% as Lavasa gets Sebi nod to raise Rs 750 cr via IPO,positive,32100 26930 7 147 3 26821 38 325 9856 9 2347 679 115 23 150 26 12 3033 11715 3 9979 5764 1009 3 25470 1,1465 1
Vishal Sikka to outline strategy at [TGT]' Q2 results,neutral,13291 3828 925 8511 9 12 11052 1998 44 32100 3 31 1593 357 772 1,7163 1
"[TGT] sells Masala Re Bonds; raises Rs 1,000 cr for Axis Bank",positive,32100 1789 7 6664 138 9 419 12528 7 117 3033 7 11715 11668 5764 21 71 226 159 1925 1,1465 1
[TGT] set to hire top executives ahead of IPO,neutral,32100 356 12 3804 420 13510 2177 13 3 25470 1,7163 1
[TGT] Q4 Net profit up 4.95% at Rs 58.08 crore,positive,32100 1593 591 6540 3199 95 3 27336 2712 44 11715 3 3449 5 4018 23095 1,1465 1
[TGT]'s consolidated P/E makes Indian markets cheaper than its peers,neutral,32100 3 31 7 3 27356 276 87 427 656 2557 3212 8139 145 165 13359 1,7163 1
[TGT] prices set to outpace gold as luxury spending in Asia rises,positive,32100 1596 356 12 91 5379 15 2045 38 3873 2887 16 3826 3098 7 1,1465 1
"[TGT] Rs 1,200cr IPO subscribed 1.75 times till 2pm",neutral,32100 11715 1914 3632 75 52 3 25470 10006 26 1300 3072 648 6501 204 2028 1,7163 1
T K Sengupta takes over as Director of [TGT],neutral,332 480 4892 122 413 17 9 1217 147 38 2578 13 32100 1,7163 1
[TGT] rallies as Q1 net profit jumps over three-fold,positive,32100 26930 7 38 1593 536 3134 3199 4418 7 147 386 18 10533 1,1465 1
Axis Bank slips over 3% as [TGT] plans to offload 9% stake,neutral,71 226 159 1925 7560 7 147 3 5170 38 32100 1390 12 326 7134 3 7561 8474 1,7163 1
Equity outflows at 15-week high as investors seek bond safety: [TGT],neutral,25943 91 7631 7 44 627 18 8041 306 38 4367 2762 6235 1455 10 32100 1,7163 1
"Double-digit returns seen from IT stocks; Wipro, [TGT], NIIT Tech hit 52-week highs",positive,8405 18 9206 5146 894 45 2344 10145 117 2142 1409 6 32100 3 6 3 6197 3177 7130 1560 9065 18 8041 306 7 1,1465 1
Too early to buy [TGT]: Deepak Mohoni,neutral,9647 778 12 805 32100 3 10 9509 1639 1290 107 106 23 1,7163 1
[TGT] falls 14 paise  to 61.88 against dollar in early trade,negative,32100 7250 968 3 102 8284 12 3 4241 5 4060 581 6816 16 778 1668 1,2841 1
"CBI raids NSEL offices; [TGT], MCX tank: Is the rally in these two stocks over?",negative,205 5972 15941 7 445 23143 6036 117 32100 3 6 3 3698 4 5040 10 27 7 8 13980 16 175 192 10145 147 58 1,2841 1
[TGT] await Narendra Modi maiden budget,neutral,32100 19902 13346 12524 5073 23 187 537 1487 1,7163 1
US stocks end mixed as decline in [TGT] shares weighs on Nasdaq,negative,837 10145 414 4838 38 7198 16 32100 4776 11385 7 30 10571 26 9 1824 1,2841 1
"Alarm bells across globe as [TGT] sinks, dollar tumbles",negative,24920 12815 7 640 7895 38 32100 5067 7 6 6816 26565 7 1,2841 1
"[TGT] falls on sluggish demand, adequate supply",negative,32100 7250 30 3 7 40 13917 1273 2173 6 9289 1899 1,2841 1
"Growth fears hit Asia FX; [TGT], ringgit plumb 17-year lows",negative,17435 14935 1560 3826 377 4 117 32100 3 6 3 1007 12651 4752 5937 1003 18 1201 731 7 1,2841 1
[TGT] and HT Media rally as companies spend most in FM radio phase-3 auctions,positive,32100 11 3 10966 3159 13980 38 688 1492 167 16 13409 2252 3944 3486 8493 7 1,1465 1
[TGT] Q1 net down 47.18 pc at Rs 5.73 cr,negative,32100 1593 536 3134 323 10635 5 2606 3 102 75 44 11715 3594 4552 5764 1,2841 1
"Bharti, [TGT] are out for some more time: CK Narayan",positive,272 13626 23 6 32100 33 91 21 128 72 97 10 3 10459 1823 2866 152 1,1465 1
Japanese messaging app [TGT] files for IPO valued above $10 billion,neutral,4318 16324 1120 32100 2073 21 3 25470 12695 756 9103 2108 1,7163 1
[TGT] may not move much in the next 8 to 10 sessions: Ashwani Gujral,neutral,32100 164 59 888 231 16 8 416 505 12 335 3975 10 7153 3877 23 2846 354 4900 1,7163 1
Tech rivals Apple-[TGT] ink marketing deal to embrace iPhones & iPads,neutral,7130 8374 7 2184 18 32100 16 157 1070 1154 12 9599 3146 7 3 184 6250 7 1,7163 1
$40 [TGT] could be a game-changer for Russia,positive,23853 32100 228 36 3 9 467 18 13073 52 21 4623 1,1465 1
"[TGT] goes public, plans to raise 426 crore",neutral,32100 1550 452 6 1390 12 3033 314 2688 23095 1,7163 1
[TGT] dips before UK inflation report,negative,32100 10823 7 274 1270 12485 934 1,2841 1
[TGT] underperforms on Reliance Jio worries,negative,32100 365 883 2032 7 30 419 9928 565 7802 32 17168 1,2841 1
Sensex directionless; heres what experts are betting on in rangebound [TGT],neutral,3 19003 226 2212 924 117 270 7 125 2273 33 10385 30 16 620 6115 32100 1,7163 1
Britain [TGT] regains traction as oil steadies,neutral,7190 32100 3 20787 7 3 10559 38 1043 19983 15 7 1,7163 1
Emerging market stocks fall on Iraqi violence; [TGT] markets stabilise,neutral,25579 53 512 10145 1590 30 7457 23 4756 117 32100 3212 20426 7 15 1,7163 1
"June 2, 2014: Mecklai Financial report on [TGT]",neutral,1515 3547 1412 10 1212 75 8142 23 5421 934 30 32100 1,7163 1
"[TGT] drops on fall in retail sales, New Zealand dollar steady",negative,32100 11784 30 1590 16 3549 1085 6 368 5725 6816 11207 1,2841 1
[TGT] bursts onto Wall Street with $870-million IPO,neutral,32100 7018 7 17 7 2400 3556 1887 28 13155 2518 18 17030 3 25470 1,7163 1
[TGT] group CEO B Sai Kumar quits,neutral,32100 563 4071 272 1138 23 23400 10399 7 1,7163 1
[TGT] to be modified: RBI DG,neutral,32100 12 36 8473 10 19979 3 13535 1,7163 1
"Book profits with Sesa Sterlite, stay with [TGT]: Deven Choksey",positive,3086 9613 28 679 7 9 472 49 6311 6 1049 28 32100 3 10 374 1926 6285 157 7 15 63 1,1465 1
"[TGT], autos, media companies will do well'",positive,32100 3 6 1510 7 6 783 688 56 103 168 31 1,1465 1
PSU banks top bet; [TGT] looks good in private sector banks: Neeraj Deewan,positive,276 4138 5028 420 36 17 117 32100 1416 207 16 1045 2393 5028 10 1484 15 9655 374 15 3877 1,1465 1
"Global cues can drag CNX IT, [TGT] further down: Ashwani Gujral",negative,3699 123 15 7 54 5439 3 10077 4 2344 6 32100 856 323 10 7153 3877 23 2846 354 4900 1,2841 1
[TGT] Q4 net up two-fold at Rs 35.9 crore,positive,32100 1593 591 3134 95 192 18 10533 44 11715 3097 5 1298 23095 1,1465 1
[TGT] fall as crude prices surge,negative,32100 1590 38 19058 1596 18787 1,2841 1
[TGT]: Automotive business pulls down revenues and profits,negative,32100 3 10 20378 268 3197 7 323 14609 11 9613 1,2841 1
"[TGT] urges traders, ginners to release cotton stocks",neutral,32100 11872 7 14641 6 3 122 77 687 7 12 1576 7282 10145 1,7163 1
"[TGT] net profit rises 27% to Rs 1,417 crore in FY15",positive,32100 3134 3199 3098 7 204 6170 12 11715 1914 591 2517 23095 16 23263 1808 1,1465 1
Build defensive portfolio in volatile markets: [TGT],neutral,14025 11976 4833 16 25359 3212 10 32100 1,7163 1
No change in [TGT] prices,neutral,465 483 16 32100 1596 1,7163 1
[TGT] nurses itself back to health on better utilisation of plants,positive,32100 14993 1402 223 12 533 30 394 3 6793 13 2677 1,1465 1
Sell [TGT] with a target of Rs 149: Prakash Gaba,negative,16922 32100 28 3 9 2387 13 11715 3 24816 10 6110 157 3198 15894 9 1,2841 1
Deutsche Bank upgrades [TGT] to 'buy',positive,15024 1925 15694 32100 12 3 31 14584 31 1,1465 1
[TGT] Q1 net dips 28 per cent at Rs 26.98 crore,negative,32100 1593 536 3134 10823 7 2059 399 3151 44 11715 2208 5 3916 23095 1,2841 1
[TGT] slumps over 6% on coal block woes,negative,32100 31649 7 147 3 6370 30 8416 2463 2275 15 7 1,2841 1
"Real estate is not a good long-term investment option: Dipan Mehta, Member, BSE & [TGT]",neutral,2977 2052 19 59 3 9 207 307 18 1987 1729 1182 10 23177 152 1212 107 17 9 6 8541 6 272 4132 3 184 32100 1,7163 1
"Britain FTSE edges lower, caution before [TGT] meeting",neutral,7190 3 6245 4132 9804 1364 6 14291 274 32100 1338 1,7163 1
"CLSA overweight on [TGT]; ICICI Bank, Axis Bank top picks",positive,11175 4507 26676 30 32100 3 117 3 18316 3597 1925 6 71 226 159 1925 420 1432 7 1,1465 1
[TGT] consolidated net profit increases 7 per cent to Rs 809 crore in Q2,positive,32100 3 27356 3134 3199 5386 489 399 3151 12 11715 505 4198 23095 16 1593 357 1,1465 1
"Industrial demand lifts [TGT] futures, rises 0.72%",positive,9199 2173 5656 7 32100 647 7 6 3098 7 3 22426 5406 1,1465 1
Swiss Finance Corp sells [TGT] shares worth Rs 92.55 cr,negative,11541 7679 10052 1789 7 32100 4776 1494 11715 3 4508 5 3769 5764 1,2841 1
[TGT] Q1 net up 81% at Rs 146.32 cr,positive,32100 1593 536 3134 95 505 4704 44 11715 3 24300 5 2668 5764 1,1465 1
TA Associates eyes [TGT]'s 12 per cent stake in AU Financiers,neutral,3 3221 14996 2053 32100 3 31 7 586 399 3151 8474 16 3 6727 7430 11389 277 1,7163 1
South Korean shares gain more than 1 per cent as financials rally; [TGT] higher,positive,1013 9677 4776 2485 72 145 209 399 3151 38 981 7 13980 117 32100 1146 1,1465 1
"[TGT], Nifty trading in a range after gap-down start; top twelve stocks in focus",neutral,32100 3 6 445 21822 3415 16 3 9 620 227 6813 18 3035 456 117 420 13369 10145 16 992 1,7163 1
[TGT] 2010 net profit up 10.37 pc to Rs 560.57 cr,positive,32100 2735 3134 3199 95 5477 4118 3 102 75 12 11715 305 3328 5 3436 5764 1,1465 1
"PNB shareholders approve preferential issue to Govt, [TGT]",positive,276 14972 17780 15444 2396 7220 962 12 17416 17 6 32100 1,1465 1
"China, [TGT] lower on weaker yuan, Fosun uncertainty",negative,1473 6 32100 1364 30 5676 49 3 63 76 152 6 4452 7 202 14068 1,2841 1
"Monsoon pick-up helps to lower guar, [TGT] prices",negative,2963 7 32 106 1432 18 413 1691 12 1364 3 1744 291 6 32100 1596 1,2841 1
[TGT] ends soft amid lacklustre demand,negative,32100 5542 1835 18905 2136 10008 60 2173 1,2841 1
[TGT] Q2 standalone net profit jumps 25.7% to Rs 171 cr,positive,32100 1593 357 27162 3134 3199 4418 7 944 5 6170 12 11715 1003 536 5764 1,1465 1
[TGT]s K Ramkumar moves from HR to head CSR division,neutral,32100 3 7 480 4425 2729 1635 6914 45 8383 12 819 205 6857 4889 1,7163 1
[TGT] Q1 net jumps 51 pc to Rs 43 crore,positive,32100 1593 536 3134 4418 7 11696 3 102 75 12 11715 8838 23095 1,1465 1
Mixed trend prevails at [TGT] market,neutral,28024 4166 23990 7 44 32100 512 1,7163 1
"Chilli, [TGT] recover on fresh buying",positive,2695 195 23 6 32100 8303 30 1434 2611 1,1465 1
"Weak Smiths, [TGT] set FTSE on track for weekly loss",positive,101 1639 3931 7 6 32100 356 3 6245 4132 30 1463 21 5547 1453 1,1465 1
[TGT] shaky despite US Federal assurance,negative,32100 3 7 15416 63 3 3565 837 5034 12203 1,2841 1
"Negative on entire commodity space: Dipan Mehta, Member, BSE and [TGT]",neutral,17141 1528 30 1297 23070 628 10 23177 152 1212 107 17 9 6 8541 6 272 4132 11 32100 1,7163 1
"Rate-sensitives, debt-laden cos tank on waning prospects of more rate cuts; [TGT] plunges 50%",negative,13002 18 22118 7 6 2814 18 9514 576 7 5040 30 3 3877 53 11136 13 72 1080 8620 117 32100 20593 7 5743 1,2841 1
Overweight on [TGT] at current juncture: BP Singh,positive,2035 9378 30 32100 44 750 3 6959 75 2693 10 3 11165 16738 1,1465 1
Allahabad Bank may sell stake in [TGT],negative,21329 9 5514 1925 164 1789 8474 16 32100 1,2841 1
"[TGT] shares tank over 8.5%; mcap down Rs 1,482 crore",negative,32100 4776 5040 147 4848 2712 117 3 51 4010 323 11715 1914 3707 357 23095 1,2841 1
"MCX-SX matches [TGT], BSE on market capitalisation; lags way behind on turnover",neutral,3 3698 4 18 134 4 6407 32100 3 6 272 4132 30 512 1784 2121 117 3 5430 7 194 1187 30 17847 1,7163 1
"[TGT], MCX, Spice in race for stake in OTCEI",positive,32100 3 6 3 3698 4 6 25727 16 1964 21 8474 16 3 6951 4770 196 1,1465 1
[TGT] may be able to offset cut in prices of Bt cotton seeds,negative,32100 164 36 3 179 12 13746 1340 16 1596 13 272 17 7282 7299 1,2841 1
Fitch upgrades [TGT] outlook to stable after two years,positive,377 7059 15694 32100 16395 12 5711 227 192 203 1,1465 1
[TGT] may slip into losses if fuel cost exceeds 44% of top line: Daljeet Singh Kohli,negative,32100 164 7560 139 8467 3 99 2914 583 8193 7 314 5988 13 420 689 10 10729 1924 15 17 16738 16157 23 1,2841 1
[TGT] net profit rises 58% Rs 176.26 cr,positive,32100 3134 3199 3098 7 305 5953 11715 3 26782 5 2688 5764 1,1465 1
[TGT] Q4 net down 44.22 per cent at Rs 51.7 crore,negative,32100 1593 591 3134 323 8537 5 2884 399 3151 44 11715 305 18596 23095 1,2841 1
"Falling [TGT] to shave Rs 4,000 crore off Nifty companies in December quarter: Crisil",negative,2589 53 32100 12 3 7 7965 11715 3 13161 23095 326 445 21822 688 16 1882 2893 10 9605 7 173 1,2841 1
[TGT] to gain most from diesel deregulation: Jefferies,positive,32100 12 2485 167 45 12292 20 27522 10 8507 4074 7 1,1465 1
"After rupee crisis, [TGT] shores up currency's defences",neutral,621 24617 15 5362 6 32100 10433 7 95 7481 31 7 13613 7 1,7163 1
"June 17, 2014: Mecklai Financial report on [TGT]",neutral,1515 12864 1412 10 1212 75 8142 23 5421 934 30 32100 1,7163 1
[TGT] now part of supply chain,neutral,32100 230 294 13 1899 3741 1,7163 1
[TGT] shares surge over 19% on robust earnings,positive,32100 4776 18787 147 957 1454 30 6268 8783 1,1465 1
[TGT] Q2 net plunges 75 pc to Rs 37.82 crore,negative,32100 1593 357 3134 20593 7 6374 3 102 75 12 11715 6862 5 4613 23095 1,2841 1
"F & O Tracker: Short [TGT] around 6300, buy ATM Calls",negative,377 3 184 411 8799 49 10 7110 32100 300 431 5426 6 805 20506 2571 7 1,2841 1
"Views & recos: [TGT], Pantaloon, Elecon Engineering",neutral,4197 7 3 184 5026 32 7 10 32100 3 6 16620 26976 29 6 8021 1018 5623 1,7163 1
"Engineering and cap goods companies to benefit if investment cycle in mining, [TGT] happen: Dhiraj Sachdev",neutral,5623 11 2468 4968 688 12 1656 3 99 1729 4005 16 5558 6 32100 1837 10 309 9288 9 354 13547 9776 1,7163 1
"Tata, M&M, Hero, TVS, Adani outshine Sensex, [TGT] in FY14",neutral,9233 9 6 283 184 329 6 14953 6 1424 134 6 1980 2738 91 7 2907 15 3 19003 226 6 32100 16 23263 2534 1,7163 1
[TGT] could rise 30 per cent over next two years: Report,positive,32100 228 3098 604 399 3151 147 416 192 203 10 3750 1,1465 1
Samruddhi Cement lists at Rs 588 on BSE post [TGT] demerger,neutral,3084 17237 26 107 23 205 1194 7809 44 11715 305 4060 30 272 4132 442 32100 340 49 1304 1,7163 1
"[TGT], British shares under pressure from Scottish vote",negative,32100 3 6 2390 4776 365 1666 45 12580 2902 1,2841 1
Euro remains range-bound against [TGT] ahead of ECB meeting,neutral,2430 3048 620 18 6115 581 32100 2177 13 3 3073 279 1338 1,7163 1
[TGT] stock falls after disappointing Q1 show,negative,32100 1519 7250 227 21497 1593 536 504 1,2841 1
[TGT] bets on chemicals to deliver growth,positive,32100 36 17 7 30 9356 12 2156 1170 1,1465 1
[TGT] could be very good long term investments: Deepak Mohoni,positive,32100 228 36 182 207 307 1657 7686 10 9509 1639 1290 107 106 23 1,1465 1
Of course [TGT] had a plan for a new currency: Paul Krugman,neutral,1129 503 32100 141 3 9 515 21 3 9 126 7481 10 1838 19630 122 348 1,7163 1
"[TGT], Sterling Holidays extend gains post merger",positive,32100 3 6 21721 9108 7 4285 11391 442 18917 1,1465 1
"IT stocks fall after [TGT] downgrades Infosys to 'sell'; Wipro, TCS down over 1%",neutral,2344 10145 1590 227 32100 323 6801 7 7880 7 63 7 12 3 31 12019 31 117 2142 1409 6 332 4778 323 147 3 4704 1,7163 1
[TGT] FPO gets lukewarm response on Day 1,negative,32100 377 6618 2347 3 40 1598 15 14522 1773 30 1430 209 1,2841 1
[TGT] fall on growth concerns; US data eyed,negative,32100 1590 30 1170 3315 117 837 331 1580 26 1,2841 1
Premium valuations of [TGT] should sustain: Mayuresh Joshi,positive,9565 18662 7 13 32100 225 12666 10 932 7665 107 14136 23 1,1465 1
[TGT] shares surge on speculation of Google stake buy,positive,32100 4776 18787 30 22547 13 1163 8474 805 1,1465 1
"CERC tariff order: NTPC at 5-year low, [TGT] zooms 7%",positive,9265 4902 20116 455 10 3 7359 4051 44 7670 1201 731 6 32100 15305 7 3 6170 1,1465 1
Bigger [TGT] offer value for money,neutral,2734 1304 32100 462 701 21 540 1,7163 1
[TGT] stands tall on Fed show of economic confidence,positive,32100 5024 5065 30 10803 504 13 1456 3410 1,1465 1
Cos on [TGT] SME platform cross 100-mark,neutral,638 7 30 32100 180 4369 1585 2269 910 18 3920 1,7163 1
"Global oil worries, [TGT]e fall weigh on stocks",negative,3699 1043 17168 6 32100 3 15 1590 11385 30 10145 1,2841 1
"[TGT], the third fastest growing investor in the US",neutral,32100 3 6 8 1025 10391 1710 12024 16 8 837 1,7163 1
"[TGT] strongest in the sugar space: Sandeep Wagle, APTART Technical Advisory Services",positive,32100 19095 16 8 2656 628 10 1051 25221 3129 3537 6 71 6383 8241 10728 3 17037 1799 1,1465 1
IiAS tells Maruti's institutional holders to oppose [TGT]s's proposed Gujarat plant,negative,27 23 3291 817 7 1534 6830 23 31 7 13533 14733 12 10720 15 32100 3 7 31 7 4382 30812 1475 1,2841 1
"[TGT] posts 4 per cent drop in quarterly revenue, shares slump",negative,32100 3489 314 399 3151 2328 16 20232 3751 6 4776 31649 1,2841 1
Augmenting product portfolio to help [TGT] gain market share,positive,6128 297 53 556 4833 12 199 32100 2485 512 698 1,1465 1
"Alarm bells across globe as China sinks, [TGT] tumbles",negative,24920 12815 7 640 7895 38 1473 5067 7 6 32100 26565 7 1,2841 1
"Betting on [TGT], ONGC in the OMC space: Pankaj Pandey, ICICIdirect.com",positive,9736 53 30 32100 3 6 3 15628 254 16 8 411 3698 628 10 4266 1258 354 4266 221 63 6 3 18316 3597 21241 5 287 1,1465 1
[TGT]'s Q3 net profit dips 38 per cent to Rs 370 crore,negative,32100 3 31 7 1593 519 3134 3199 10823 7 6654 399 3151 12 11715 3 22520 23095 1,2841 1
"Rolta India slips 6%, cuts losses after [TGT] upgrade",neutral,2158 40 17 9 1547 7560 7 3 6370 6 8620 8467 227 32100 5941 1,7163 1
"Relaxo more attractive than Bata: Amit Khurana, Co-Head Equites & Head of Research, [TGT]",neutral,22877 32 72 5250 145 8897 9 10 71 1538 13495 2414 29 9 6 638 18 3845 9 26 21263 1422 3 184 3642 13 2200 6 32100 1,7163 1
[TGT] FY-11 net profit up 30.19% at Rs 134.34 crore,positive,32100 23263 9169 3134 3199 95 220 16029 7561 44 11715 3 23747 5 3710 23095 1,1465 1
"[TGT] rangebound, Nifty holds 7600; top 10 trading bets",neutral,32100 620 6115 6 445 21822 4532 489 6007 117 420 335 3415 36 17 7 1,7163 1
Whats brewing: Coffee exporter [TGT] looks strong after 155% rally,positive,363 7 3 24702 10 10429 4202 49 32100 1416 1101 227 627 2712 13980 1,1465 1
[TGT] yield off 13-month low on profit-booking,negative,32100 6339 326 1179 18 7393 731 30 3199 18 2567 53 1,2841 1
Two [TGT] subsidiaries get investment adviser licence,neutral,2759 32100 28382 129 1729 17013 11629 1,7163 1
"Now, you can own shares of [TGT], InterGlobe Aviation",neutral,852 6 25 54 293 4776 13 32100 3 6 3037 517 11846 15 22102 1,7163 1
"[TGT] currency derivatives turnover crosses Rs 2,000 cr mark",positive,32100 7481 21875 7 17847 26932 11715 3 8630 5764 3946 1,1465 1
"Too early to take a call on [TGT]s: Jitendra Mehta, Edelweiss",neutral,9647 778 12 240 3 9 580 30 32100 3 7 10 446 155 12524 1212 107 17 9 6 26003 13206 7 1,7163 1
"BPCL, [TGT] not a good buy at this juncture: Ashwani Gujral",negative,3 11165 8440 6 32100 59 3 9 207 805 44 48 3 6959 75 2693 10 7153 3877 23 2846 354 4900 1,2841 1
International Energy Agency sees low [TGT] prices until 2020,negative,1331 4654 7038 217 7 731 32100 1596 552 6503 1,2841 1
[TGT] Q3 net grows over 2-fold,positive,32100 1593 519 3134 13919 147 8401 10533 1,1465 1
"November 28, 2013: [TGT] report on rupee",neutral,1671 13719 2038 10 32100 934 30 24617 15 1,7163 1
"Deregulation of rate will create cost pressure on [TGT]: Dhiraj Agarwal, Standard Chartered Capital Markets",negative,374 27522 13 1080 56 482 583 1666 30 32100 3 10 309 9288 9 354 71 1478 5380 6 5150 3 28835 5826 3611 7 1,2841 1
[TGT] hits 52-week high post Q1 results,positive,32100 8046 9065 18 8041 306 442 1593 536 772 1,1465 1
Sanjiv Mediratta joins [TGT],neutral,1138 21391 208 11816 52 14748 1715 7 32100 1,7163 1
Improvement required in balance sheets of real estate cos: [TGT],neutral,22218 831 16 2109 8487 13 490 2052 576 7 10 32100 1,7163 1
"Hike in the freight rates is a bold, bold step by government: Pankaj Pandey, [TGT]",neutral,2018 1050 16 8 17746 1917 19 3 9 8197 6 8197 1147 57 789 10 4266 1258 354 4266 221 63 6 32100 1,7163 1
[TGT] Q3 net profit jumps over four-fold,positive,32100 1593 519 3134 3199 4418 7 147 662 18 10533 1,1465 1
Small investors may get bigger share in [TGT] floats,positive,4872 4367 164 129 4038 698 16 32100 3 12660 7 1,1465 1
"Euro, [TGT] slip as Greece set to reject austerity",negative,2430 6 32100 7560 38 12263 356 12 15092 403 449 485 1,2841 1
"BPCL, HPCL good for selling: Devang Visaria, [TGT]",neutral,3 11165 8440 6 5481 8440 207 21 3014 10 374 2132 122 13291 6286 6 32100 1,7163 1
[TGT] now the most expensive cooking oil in India,positive,32100 230 8 167 2881 3875 1043 16 1547 1,1465 1
[TGT] Q4 net up 23% to Rs 197.78 crore,positive,32100 1593 591 3134 95 204 5170 12 11715 3 27181 5 3940 23095 1,1465 1
"Buyers waiting for better times ahead for banking stocks: Deven Choksey, [TGT]",neutral,19099 7 2794 21 394 648 2177 21 8175 10145 10 374 1926 6285 157 7 15 63 6 32100 1,7163 1
Adequate stocks drag down [TGT] futures by 0.51%,negative,1980 25875 10145 5439 323 32100 647 7 57 3 12100 4704 1,2841 1
[TGT] shares gain 8 per cent after report it may be taken private,positive,32100 4776 2485 505 399 3151 227 934 34 164 36 1026 1045 1,1465 1
"[TGT] wobbles before Greek vote, Greek shares tumble",negative,32100 2275 7310 7 274 6781 2902 6 6781 4776 26565 1,2841 1
[TGT] Q2 net up 81 per cent to Rs 174.49 crore,positive,32100 1593 357 3134 95 3 4959 399 3151 12 11715 3 27693 5 3647 23095 1,1465 1
"[TGT] at new record levels on FII flows, global trend",positive,32100 44 126 1368 1425 30 3 4936 196 14428 6 1252 4166 1,1465 1
"Russia's [TGT] weaker on Monday, oil outweighs taxes",negative,4623 31 7 32100 5676 49 30 2089 6 1043 91 1123 9031 7 5161 1,2841 1
[TGT] Q3 net profit dips by 21% to Rs 24.43 cr,negative,32100 1593 519 3134 3199 10823 7 57 204 4704 12 11715 997 5 4906 5764 1,2841 1
SAT sets aside fine imposed by SEBI on [TGT] and GHCL,neutral,3 17517 3369 5915 1399 3 16068 57 5985 5972 30 32100 11 3 14100 8440 1,7163 1
Why [TGT] churn matters to investors,neutral,1615 32100 3 524 450 29 4573 12 4367 1,7163 1
Public offers feel heat of sliding [TGT] in 2011,negative,2575 704 473 1678 13 13441 32100 16 2722 1,2841 1
Indraprastha Gas corrects as [TGT] defers decision,neutral,86 3515 5319 7 189 9 6435 2024 7 38 32100 20 1010 7 1357 1,7163 1
Rise in healthcare stocks lifts [TGT],positive,24103 16 4640 10145 5656 7 32100 1,1465 1
"Low oil price, strong rupee to reduce fiscal deficit: [TGT]",neutral,5586 1043 594 6 1101 24617 15 12 1428 5043 11724 10 32100 1,7163 1
[TGT] net trebles with strong performance by JLR,positive,32100 3134 3 929 2296 7 28 1101 821 57 446 12564 1,1465 1
"[TGT], oil PSUs could contribute to markets inching higher: Deven Choksey",positive,32100 3 6 1043 276 4138 7 228 4139 12 3212 16 8509 1146 10 374 1926 6285 157 7 15 63 1,1465 1
Ten key takeaways from [TGT] Q1 results,neutral,4738 843 240 9 6415 45 32100 1593 536 772 1,7163 1
"Duncan Fertilisers acquisition wont have a major impact on [TGT] stock: Fayeza Hafizee, Intime Spectrum Securities",neutral,25108 7566 17 173 4901 7 6566 751 17 43 3 9 779 1113 30 32100 1519 10 1699 63 457 9 1626 89 1737 15 6 86 715 29998 20571 1,7163 1
[TGT] Q1 net up 11.83 per cent at Rs 187.52 crore,positive,32100 1593 536 3134 95 7806 4591 399 3151 44 11715 507 15731 357 23095 1,1465 1
"Punj Lloyd, [TGT] in fray for Rs 16,800 cr defense order; stocks rally",positive,18266 354 21847 6 32100 16 8072 63 21 11715 11940 6192 5764 4453 455 117 10145 13980 1,1465 1
"[TGT] mixed, underpinned by solid 5-year auction results",neutral,32100 4838 6 365 29320 57 1973 7670 1201 8493 772 1,7163 1
[TGT] Q3 Net declines 70.6% at Rs 50.46 cr,negative,32100 1593 519 6540 7198 7 2861 5 6370 44 11715 943 5 4448 5764 1,2841 1
[TGT] hits 8-month high despite worries over economy,positive,32100 8046 505 18 7393 306 3 3565 17168 147 2717 1,1465 1
Hard to say if the rebound in the [TGT] will sustain or not: Ashwani Gujral,neutral,6424 12 497 3 99 8 20756 16 8 32100 56 12666 42 59 10 7153 3877 23 2846 354 4900 1,7163 1
Higher FPI limit to help Maruti drive into [TGT],neutral,16808 377 4111 2006 12 199 1534 6830 23 1262 139 32100 1,7163 1
"[TGT] trims initial losses, trades at 62.35 vs dlr",negative,32100 6228 7 2332 8467 6 1668 7 44 3 4056 5 2469 3 208 7 3 26 40 52 1,2841 1
Raghuram Rajan's 'rate-cut' talk cheer markets; [TGT] rallies,positive,22939 10666 265 13509 152 31 7 3 31 2206 18 3044 31 1350 11288 3212 117 32100 26930 7 1,1465 1
[TGT] post best day in 4-weeks; won closes weaker,positive,32100 442 200 239 16 7769 8041 7 117 751 885 7 5676 49 1,1465 1
More trouble for FTIL as [TGT] holds back payment,neutral,1537 3169 21 3 6245 3502 38 32100 4532 223 1942 1,7163 1
"IOC, HPCL, BPCL rally; medium-to-long term story intact for OMCs: [TGT]",neutral,27 5618 6 5481 8440 6 3 11165 8440 13980 117 2768 18 235 18 2961 1657 733 17722 21 411 3698 7 10 32100 1,7163 1
[TGT] replaces HUL as JPMorgan top stock to avoid,negative,32100 3601 7 454 4254 38 446 6218 11127 420 1519 12 1792 1,2841 1
[TGT]'s stock zooms 10-fold on turnaround,positive,32100 3 31 7 1519 15305 7 9445 10533 30 26547 1,1465 1
"[TGT] soars 7% after placing Rs 23,000-crore Boeing order",positive,32100 78 291 7 3 6170 227 9308 11715 204 11212 18 2771 60 21430 455 1,1465 1
Man Jit Singh named president of [TGT] home entertainment division,neutral,1140 446 155 16738 2650 2753 13 32100 234 4527 4889 1,7163 1
[TGT] ropes in Citigroup to find buyers for stake in Sharekhan: Sources,neutral,32100 13888 7 16 17795 10739 12 253 6094 21 8474 16 7105 157 2618 10 9149 7 1,7163 1
"Would stick to banking: Girish Pai, [TGT]",neutral,5328 4372 12 8175 10 21210 1273 14697 6 32100 1,7163 1
Which one is a better bet? Hero MotoCorp or [TGT] in two wheeler space,neutral,4073 80 19 3 9 394 36 17 58 14953 18668 13026 102 42 32100 16 192 5094 49 628 1,7163 1
"Prices of agricultural commodities, [TGT] expected to rise 14%",positive,16511 13 10687 27592 6 32100 1644 12 3098 209 5988 1,1465 1
[TGT] profit up 3-fold at Rs 808 cr,positive,32100 3199 95 5354 10533 44 11715 505 4018 5764 1,1465 1
[TGT] reports net loss of Rs 371.25 crore in Q4,neutral,32100 2279 3134 1453 13 11715 6862 10917 755 23095 16 1593 591 1,7163 1
"Investor should focus on [TGT] rather than telecom players: Avinash Gorakshekar, Anagram Capital Ltd",positive,16873 225 992 30 32100 1066 145 21004 1508 10 71 2494 3198 1263 9782 7 88 4031 6 5331 5096 5826 3937 1,1465 1
"Another 100-150 correction on [TGT] is possible: Ashwani Gujral, Ashwanigujral.com",positive,2351 910 18 12278 11698 30 32100 19 487 10 7153 3877 23 2846 354 4900 6 7153 3877 23 1744 354 4900 5 287 1,1465 1
"Citigroup, HSBC Securities, [TGT] among 5 bankers to manage ONGC share sale",neutral,17795 10739 6 3 4950 7645 20571 6 32100 859 305 2137 277 12 1865 3 15628 254 698 1048 1,7163 1
Sistema deal will help [TGT] launch 4G services later on: Nitin Soni,positive,30767 9 1154 56 199 32100 3289 314 517 364 865 30 10 2504 17 77 3885 23 1,1465 1
Venus Remedies slips over 16% post [TGT] downgrade,neutral,22301 13466 15 7719 7560 7 147 209 6370 442 32100 323 6801 1,7163 1
Emkay raises [TGT] target price to Rs 1075,positive,3967 18075 3033 7 32100 2387 594 12 11715 335 3072 1,1465 1
"Offshore India [TGT]s pull money out in July, first time in 16 months; sell equities worth Rs 750 crore",negative,4395 13303 1547 32100 3 7 3197 540 91 16 1718 6 166 97 16 898 767 117 1789 3 15 1169 3010 1494 11715 3 9979 23095 1,2841 1
[TGT] to rematerialise e-series contracts from April 12 onwards,neutral,32100 12 3 60 11303 159 15 3 15 18 10833 7 8201 45 1186 586 30 2239 7 1,7163 1
Here why Devi Shetty of [TGT] is looking to hit Dalal Street,neutral,947 572 24434 4488 16142 13 32100 19 479 12 1560 10729 138 1887 1,7163 1
FY16 not a good year for large drug makers; prefer [TGT]: Hemindra Hazari,positive,23263 2938 59 3 9 207 215 21 508 2672 13730 117 2396 32100 3 10 216 1109 3515 1626 7061 23 1,1465 1
"Process for selecting CIL CMD begins,[TGT] invites applications",neutral,10272 21 9581 205 3502 205 11731 4396 6 32100 5484 7 1564 1,7163 1
"Market can see a fall post [TGT] IPO: Ambareesh Baliga, Karvy",negative,3611 54 217 3 9 1590 442 32100 3 25470 10 736 5304 15 7 107 2659 17140 6 4556 208 63 1,2841 1
[TGT] hits record high on earnings,positive,32100 8046 1368 306 30 8783 1,1465 1
[TGT] initiates process to offload PSU bank's stake in the company: Sources,neutral,32100 20108 7 433 12 326 7134 276 4138 2137 31 7 8474 16 8 349 10 9149 7 1,7163 1
"[TGT], realty, bank stocks trading mixed ahead of RBI policy meet",neutral,32100 3 6 490 17 63 6 2137 10145 3415 4838 2177 13 19979 1291 942 1,7163 1
[TGT] sees Rupee at 60-levels by December,neutral,32100 217 7 2770 855 15 44 1640 18 4563 7 57 1882 1,7163 1
Sector-wide consolidation and improving fundamentals will boost [TGT]'s valuation,positive,17832 18 6728 16690 11 4863 4431 7 56 4888 32100 3 31 7 18662 1,1465 1
[TGT] directs Kim Infra to refund public money within 3 months,neutral,32100 1223 7 6777 86 89 52 9 12 7147 452 540 441 220 767 1,7163 1
[TGT] Q1 PAT up 40 pc at Rs 61 cr,positive,32100 1593 536 276 5767 95 1283 3 102 75 44 11715 3 4241 5764 1,1465 1
"Gains in [TGT] limited, investors weigh QE3 impact",negative,22097 7 16 32100 1643 6 4367 11385 1593 427 519 1113 1,2841 1
[TGT] reports loss of Rs 15.66 crore in Q3,neutral,32100 2279 1453 13 11715 9996 3539 23095 16 1593 519 1,7163 1
AS Rao to join [TGT] as chief financial officer,neutral,6157 2922 32 12 1715 32100 38 5752 981 5502 1,7163 1
[TGT] yields end up tracking oil prices; biggest weekly rise in 2-1/2 months,positive,32100 6339 7 414 95 6418 1043 1596 117 2630 5547 3098 16 8401 17637 767 1,1465 1
[TGT] shines brightest among emerging markets,positive,32100 9567 7 2756 222 859 7821 3212 1,1465 1
"Consider [TGT] as a global play, to make portfolio look balanced: Ajay Bagga",neutral,9151 32100 38 3 9 1252 577 6 12 143 4833 320 8965 10 71 1191 63 8055 122 9 1,7163 1
Anant Goenka promoted as [TGT] MD,neutral,389 288 1263 35 1258 14742 38 32100 8530 1,7163 1
[TGT] plunges more than 2% as Q3 net profit declines by 34%,negative,32100 20593 7 72 145 3 5406 38 1593 519 3134 3199 7198 7 57 220 5988 1,2841 1
[TGT] lists at Rs 588 on BSE post Grasim demerger,neutral,32100 7809 44 11715 305 4060 30 272 4132 442 3 4744 7 603 340 49 1304 1,7163 1
"2G impact: [TGT], Idea, RCom rally upto 4% as auction concludes",positive,204 517 1113 10 32100 3 6 22834 6 391 5890 13980 95 235 3 5988 38 8493 12692 7 1,1465 1
"[TGT]@new high: 5 reasons why bears, not bulls, should be smiling",positive,32100 3320 5534 306 10 305 2081 572 4595 7 6 59 8434 7 6 225 36 20770 1,1465 1
Stock-specific action likely on [TGT] counters: Nitin Raheja,neutral,6394 18 9500 1041 952 30 32100 3485 7 10 2504 17 77 20492 15 1191 1,7163 1
[TGT] expands share sale plan,neutral,32100 4405 7 698 1048 515 1,7163 1
"Prices of [TGT], soyabean dip on improved monsoon",negative,16511 13 32100 3 6 78 63 9 346 152 10823 30 3798 1911 7 32 106 1,2841 1
Volatile markets end higher; [TGT] closes higher by 185 points,positive,4969 9 8806 3212 414 1146 117 32100 885 7 1146 57 3 21594 979 1,1465 1
[TGT] posts Rs 166.77 crore net profit in 2013,neutral,32100 3489 11715 3 26811 5 4013 23095 3134 3199 16 2038 1,7163 1
"Sensex ends the day below 26,000; TCS, [TGT] big losers",negative,3 19003 226 5542 8 239 666 204 14835 117 332 4778 6 32100 600 10381 277 1,2841 1
[TGT] shares zoom over 19% on pact with German firm,positive,32100 4776 15305 147 957 1454 30 3 5379 17 28 2968 1669 1,1465 1
[TGT] drops 300 points as US stocks plunge,negative,32100 11784 3147 979 38 837 10145 20593 1,2841 1
[TGT] gains 93 points,positive,32100 11391 3 4271 979 1,1465 1
Can Nifty hit 7100? Bear mood grips [TGT],negative,1072 445 21822 1560 489 2915 58 9034 6526 7411 7 32100 1,2841 1
[TGT] shares fall; Credit Suisse downgrades,negative,32100 4776 1590 117 6529 20775 323 6801 7 1,2841 1
"[TGT] driven by expectation of a reformist government, says Vijai Mantri",neutral,32100 6737 57 18775 13 3 9 5139 343 789 6 845 1813 1191 23 1140 1788 1,7163 1
"India valuations are less compelling, says [TGT]",neutral,1547 18662 7 33 705 12803 6 845 32100 1,7163 1
"July 1, 2014: [TGT] report on Rupee",neutral,1718 1914 1412 10 32100 934 30 2770 855 15 1,7163 1
[TGT] hits upper circuit limit; jumps 5%,positive,32100 8046 4548 4558 2006 117 4418 7 3 2712 1,1465 1
"[TGT], small-cap rally may boost mutual funds inflows",positive,32100 3 6 422 18 4010 13980 164 4888 8543 2731 16 7631 7 1,1465 1
[TGT] should regulate global central banks: Raghuram Rajan,neutral,32100 225 16363 1252 2069 5028 10 22939 10666 265 13509 152 1,7163 1
[TGT] raises 583 cr via QIP issue,positive,32100 3033 7 305 4591 5764 1009 1593 4629 962 1,1465 1
How [TGT] are looking to woo and retain young talent,neutral,571 32100 33 479 12 3 14952 11 7365 1021 3683 1,7163 1
[TGT] loses lustre in spot market,negative,32100 2615 7 3 10008 60 16 2140 512 1,2841 1
[TGT] surges as Motilal Oswal sees 50% upside,positive,32100 18787 7 38 1290 17 173 138 411 7 5380 217 7 5743 19118 1,1465 1
See 50-60% upside potential in [TGT]: Daljeet Singh Kohli,positive,1610 943 19516 1454 19118 1055 16 32100 3 10 10729 1924 15 17 16738 16157 23 1,1465 1
Arun Katiyar joins [TGT] as venture catalyst,neutral,71 4312 7482 23 63 291 1715 7 32100 38 6086 24170 1,7163 1
"Major increase in support price for paddy, moong, tur & [TGT] likely",positive,9236 993 16 380 594 21 2576 8155 6 8114 122 6 3 2905 3 184 32100 952 1,1465 1
[TGT] to have 10 stocks from May 29,neutral,32100 12 43 335 10145 45 932 2838 1,7163 1
Which [TGT] should you bet on?,neutral,4073 32100 225 25 36 17 30 58 1,7163 1
[TGT] reverses gains after weak manufacturing data,negative,32100 7211 7 11391 227 5676 3732 331 1,2841 1
BSE to take 'appropriate action' on Sebi order in [TGT] case,neutral,272 4132 12 240 3 31 18591 342 1041 31 30 679 115 23 455 16 32100 495 1,7163 1
[TGT] on the lenders for superb returns in 2016,neutral,32100 30 8 14813 21 7857 5146 16 1421 1,7163 1
How to play [TGT] stock ahead of Q4 results,neutral,571 12 577 32100 1519 2177 13 1593 591 772 1,7163 1
"[TGT] dips on caution ahead of bank stress test results, yen firm",negative,32100 10823 7 30 14291 2177 13 2137 2189 794 772 6 3 63 35 1669 1,2841 1
"[TGT] rallies 17%, hits 52-week high on plans to reward shareholders",positive,32100 26930 7 209 6170 6 8046 9065 18 8041 306 30 1390 12 9676 17780 1,1465 1
[TGT] stays close to six-year-highs after robust UK data,positive,32100 13628 885 12 1296 18 1201 18 6739 7 227 6268 1270 331 1,1465 1
"July 31, 2014: Mecklai Financial report on [TGT]",neutral,1718 12074 1412 10 1212 75 8142 23 5421 934 30 32100 1,7163 1
"[TGT] bond issue to raise up to Rs 3,698 crore opens today",neutral,32100 6235 962 12 3033 95 12 11715 6180 3951 927 23095 9540 469 1,7163 1
"[TGT] expects Rs 1,000-crore turnover this fiscal",neutral,32100 1672 7 11715 11668 18 2771 60 17847 48 5043 1,7163 1
"Wall Street ends down as [TGT] shares decline, offset ECB",negative,3556 1887 5542 323 38 32100 4776 7198 6 13746 3 3073 279 1,2841 1
"[TGT], SBI drag Sensex to 8-week low",negative,32100 3 6 180 5972 5439 3 19003 226 12 505 18 8041 731 1,2841 1
"HUL, Reliance good bets for long term investment purposes: Deven Choksey, [TGT]",neutral,454 4254 6 419 9928 565 207 36 17 7 21 307 1657 1729 3659 10 374 1926 6285 157 7 15 63 6 32100 1,7163 1
"[TGT], nickel rise on sustained demand, global cues",positive,32100 3 6 22958 3098 30 14399 2173 6 1252 123 15 7 1,1465 1
RBI's rate hike will see rise in number of stressed firms in [TGT]: India Ratings,negative,19979 31 7 1080 8598 56 217 3098 16 381 13 14718 5654 16 32100 3 10 1547 21662 7 1,2841 1
"[TGT] Q1 net profit up, acquires land for project in Gujarat",positive,32100 1593 536 3134 3199 95 6 7464 7 1322 21 516 16 30812 1,1465 1
"[TGT] clocks Rs 66 cr profit in Q2, total income up by 44%",neutral,32100 6702 7 11715 3 3539 5764 3199 16 1593 4482 792 2055 95 57 314 5988 1,7163 1
Buy [TGT] with a target of Rs 397: Mitesh Thacker,positive,4783 32100 28 3 9 2387 13 11715 220 4327 10 1311 15 7 107 16118 3383 1,1465 1
"Sectors, stocks that are likely to be impacted due to [TGT] fall",negative,17832 7 6 10145 24 33 952 12 36 3 18229 788 12 32100 1590 1,2841 1
"[TGT] to raise Rs 2500 crore via bonds, bring down govt shareholding",neutral,32100 12 3033 11715 204 2560 23095 1009 13237 6 830 323 3 9527 17 698 21647 1,7163 1
[TGT] is a short sale: Deepak Mohini,negative,32100 19 3 9 710 1048 10 9509 1639 1290 2907 23 1,2841 1
There is great opportunity and great future for [TGT]: Sudip Bandyopadhyay,positive,290 19 248 1004 11 248 647 21 32100 3 10 1923 21981 4483 63 32 5612 107 63 9 63 1,1465 1
[TGT] gains; Q1 net profit falls 16%,negative,32100 11391 117 1593 536 3134 3199 7250 209 6370 1,2841 1
[TGT]s can offer a CAGR return of 25% over the next few years: Deven Choksey,neutral,32100 3 7 54 462 3 9 205 26646 1205 13 12238 147 8 416 360 203 10 374 1926 6285 157 7 15 63 1,7163 1
"[TGT] Q4 net profit beats estimates, jumps 90 per cent",positive,32100 1593 591 3134 3199 3853 7 10014 6 4418 7 2777 399 3151 1,1465 1
[TGT] steady; all eyes on ECB,neutral,32100 11207 117 66 2053 30 3 3073 279 1,7163 1
[TGT] posts a better-than-expected net profit; stock up 4.5%,positive,32100 3489 3 9 394 18 6736 18 31643 3134 3199 117 1519 95 2853 2712 1,1465 1
Cos with high IPO grades have higher PE multiples: [TGT],neutral,638 7 28 306 3 25470 13082 43 1146 11012 1317 7 10 32100 1,7163 1
[TGT] and private banks have already peaked: Harendra Kumar,neutral,32100 11 1045 5028 43 641 158 15461 10 3504 12524 23400 1,7163 1
[TGT] seen lower on opening against dollar strength,negative,32100 894 1364 30 2101 581 6816 2793 1,2841 1
[TGT] Q4 loss at Rs 70.75 crore,neutral,32100 1593 591 1453 44 11715 2861 5 3072 23095 1,7163 1
Hopes of policy clearances by government driving [TGT]: Arindam Ghosh,neutral,6000 7 13 1291 15362 7 57 789 2191 32100 3 10 71 13119 265 350 11982 107 1,7163 1
"Like [TGT]: Ambareesh Baliga, Karvy",positive,2792 32100 3 10 736 5304 15 7 107 2659 17140 6 4556 208 63 1,1465 1
"[TGT], M&M, Maruti under pressure as government may not extend auto sops",negative,32100 3 6 283 184 329 6 1534 6830 23 365 1666 38 789 164 59 4285 1510 3 7 9280 1,2841 1
[TGT] posts Rs 284 crore profit for Q3,positive,32100 3489 11715 204 4608 23095 3199 21 1593 519 1,1465 1
Sell [TGT] with target price of Rs 1750: Ashwani Gujral,negative,16922 32100 28 2387 594 13 11715 1003 1752 10 7153 3877 23 2846 354 4900 1,2841 1
[TGT] gains; UBS upgrades to 'buy',positive,32100 11391 117 412 4547 15694 12 3 31 14584 31 1,1465 1
"[TGT] slips against dollar, euro as risk sentiment improves",negative,32100 7560 7 581 6816 6 3983 38 1020 6493 1172 7 1,2841 1
[TGT] announces 10-year US dollar bond,neutral,32100 6456 7 9445 1201 837 6816 6235 1,7163 1
"Like Tata Motors, despite capex plan overhang: Pankaj Pandey, [TGT]",neutral,2792 9233 9 5083 7 6 3 3565 2468 994 515 147 9270 10 4266 1258 354 4266 221 63 6 32100 1,7163 1
"Bull's Eye: Rolta India, Yes Bank, PFC, Ambuja Cement, [TGT]",positive,10204 31 7 9172 10 2158 40 17 9 1547 6 2163 1925 6 276 5390 6 736 3007 1191 205 1194 6 32100 1,1465 1
"[TGT] holds above $1,300, focus on US Federal policy meeting",positive,32100 4532 756 1970 6 5426 6 992 30 837 5034 1291 1338 1,1465 1
[TGT] remains flat in tight movements,neutral,32100 3048 2667 16 4095 9780 1,7163 1
It is 'wait n watch' for [TGT]: IDBI Capital,positive,94 19 3 31 26745 3 29 1605 31 21 32100 3 10 4699 5972 5826 1,1465 1
"[TGT] tests systems, to brief investors before Alibaba debut",neutral,32100 3830 1002 6 12 4456 4367 274 29199 5695 1,7163 1
Prime Focus rallies over 5% on acquisition reports of [TGT],neutral,5923 11561 26930 7 147 3 2712 30 6566 2279 13 32100 1,7163 1
[TGT] elevates R Sethuraman to board of directors,neutral,32100 25517 7 391 2821 10666 9 348 12 1476 13 10392 1,7163 1
"Auto, realty, [TGT] recover as RBI maintains status-quo on rates",positive,2040 6 490 17 63 6 32100 8303 38 19979 1961 7 2637 18 14460 30 1917 1,1465 1
[TGT] reports Rs 10.65 crore loss in Q4,negative,32100 2279 11715 5477 4122 23095 1453 16 1593 591 1,2841 1
[TGT] shares fall nearly 2 per cent post earnings,negative,32100 4776 1590 2111 204 399 3151 442 8783 1,2841 1
"[TGT] prospects don't look bright as of now: Dipan Mehta, Member, BSE & NSE",negative,32100 11136 278 31 17 320 2756 38 13 230 10 23177 152 1212 107 17 9 6 8541 6 272 4132 3 184 445 4132 1,2841 1
"Bourses to shift [TGT], Jubilant to 'T' group",negative,12933 2260 12 4108 32100 3 6 3736 3727 288 12 3 31 382 31 563 1,2841 1
Bleak quarter seen for [TGT]s earnings growth amid low demand,negative,11805 1639 2893 894 21 32100 3 7 8783 1170 18905 731 2173 1,2841 1
Pre-market: [TGT] seen opening flat; TCS Q1 results eyed,neutral,1266 18 8809 10 32100 894 2101 2667 117 332 4778 1593 536 772 1580 26 1,7163 1
[TGT] tumble on Paris attack as Asia stocks retreat,negative,32100 26565 30 1919 3211 38 3826 10145 10742 1,2841 1
"[TGT], HPCL, BPCL rally; medium-to-long term story intact for OMCs: Goldman",positive,32100 3 6 5481 8440 6 3 11165 8440 13980 117 2768 18 235 18 2961 1657 733 17722 21 411 3698 7 10 2540 348 1,1465 1
Hold [TGT] and other IT stocks:  G Chokkalingam,neutral,8470 32100 11 119 2344 10145 10 350 6285 8511 9 697 265 1,7163 1
[TGT] dips but Malaysian plane downing seen aiding sentiment,neutral,32100 10823 7 68 10155 29 6112 323 53 894 3052 53 6493 1,7163 1
[TGT] allows Pune Stock Exchange to exit bourse business,neutral,32100 1250 19531 6394 8231 12 7189 3 21579 15 268 1,7163 1
"SBBJ, SBT, SBM all toe the SBI line: [TGT]",neutral,180 7640 683 6 180 9021 6 180 12122 66 12 15 8 180 5972 689 10 32100 1,7163 1
"Rate-sensitive stocks fall sharply post RBI policy, then recover a bit; [TGT] top loser",negative,13002 18 22118 10145 1590 4816 120 442 19979 1291 6 258 8303 3 9 720 117 32100 420 2615 52 1,2841 1
[TGT] raises Rs 180 cr via preferential issue of shares,positive,32100 3033 7 11715 8003 5764 1009 2396 7220 962 13 4776 1,1465 1
5 tips on how to act in rising [TGT],neutral,305 2316 30 149 12 1810 16 6937 32100 1,7163 1
[TGT] shares in a free fall as ICICI Bank trims stake,negative,32100 4776 16 3 9 339 1590 38 3 18316 3597 1925 6228 7 8474 1,2841 1
"Move over [TGT], Nifty, say experts; stocks that can return upto 46%",neutral,15711 147 32100 3 6 445 21822 6 497 2273 117 10145 24 54 1205 95 235 314 6370 1,7163 1
Looking at 15% growth for [TGT] in FY15: Ajay Bodke,positive,4878 44 13914 1170 21 32100 16 23263 1808 10 71 1191 63 1491 26 1050 1,1465 1
[TGT] surges as SC rejects PNGRB's plea,positive,32100 18787 7 38 6508 15092 7 276 12531 12108 31 7 14090 1,1465 1
You have to be stock specific in current [TGT] situations: Sandeep Wagle,neutral,148 43 12 36 1519 806 16 750 32100 4147 10 1051 25221 3129 3537 1,7163 1
"Euro falls to two-year low against dollar, [TGT] and Bunds rise",positive,2430 7250 12 192 18 1201 731 581 6816 6 32100 11 6100 26 7 3098 1,1465 1
Ukraine nerves send [TGT] lower,negative,11897 9077 7 1299 32100 1364 1,2841 1
Jignesh Shah's arrest: [TGT] Investors Forum hopes to get back money,neutral,446 6962 7 107 19669 31 7 10319 10 32100 16873 7 5841 7511 12 129 223 540 1,7163 1
[TGT] gets shareholder nod for acquiring Vadinar Power,positive,32100 2347 26715 150 26 21 3 19031 2964 2644 291 2621 1,1465 1
"Sandeep Wagle's hot stock picks: DLF, [TGT], HDFC, Exide",positive,1051 25221 3129 3537 31 7 1312 1519 1432 7 10 309 18962 6 32100 3 6 3726 5390 6 1881 1599 1,1465 1
"Apple, [TGT] take further knock on Wall St, fall 4%",negative,2184 6 32100 240 856 7673 30 3556 472 6 1590 3 5988 1,2841 1
"[TGT], silver extend losses on weak global cues",negative,32100 3 6 4294 4285 8467 30 5676 1252 123 15 7 1,2841 1
Equity MFs continue to bet big on [TGT],positive,25943 3 13286 7 916 12 36 17 600 30 32100 1,1465 1
[TGT] Q3 net up marginally to Rs 113.88 Cr,positive,32100 1593 519 3134 95 18777 120 12 11715 3 20522 5 4060 8427 1,1465 1
Bhartiya Group appoints G Raghavan as [TGT] CEO,neutral,272 13626 23 63 9 1531 3 9 102 2700 7 350 22939 1024 2132 38 32100 4071 1,7163 1
Do not expect to see change in [TGT] fundamentals soon: Prashasta Seth,neutral,531 59 1672 12 217 483 16 32100 4431 7 1116 10 276 12380 12518 679 189 1,7163 1
[TGT] studies its own regulatory impact: U K Sinha,neutral,32100 2116 165 293 8253 1113 10 412 480 8271 1024 1,7163 1
"[TGT] breathe sigh of relief as Scotland votes ""No""",neutral,32100 13418 3 7 9031 13 4956 38 8288 11839 96 4168 121 1,7163 1
"[TGT] Q2 results soar, stock flies high",positive,32100 1593 357 772 78 291 6 1519 3 89 4664 306 1,1465 1
"Dollar gains on uptick in [TGT], euro banking concerns",positive,14110 11391 30 95 17 3142 16 32100 3 6 3983 8175 3315 1,1465 1
[TGT] hands over dividend of Rs 348.81 cr to government,neutral,32100 1780 147 12190 13 11715 220 3707 5 4959 5764 12 789 1,7163 1
"Buyers waiting for better times ahead for [TGT]: Deven Choksey, KR Choksey Securities",negative,19099 7 2794 21 394 648 2177 21 32100 3 10 374 1926 6285 157 7 15 63 6 480 448 6285 157 7 15 63 20571 1,2841 1
Still some money left on the table for [TGT]: Vijai Mantri,positive,4886 128 540 646 30 8 953 21 32100 3 10 1813 1191 23 1140 1788 1,1465 1
[TGT] resume slide as Russia fears persist,negative,32100 4258 9116 38 4623 14935 17358 1,2841 1
IDFC rallies 5% on RBI's infra lending norms; [TGT] maintains 'buy',neutral,4699 5390 26930 7 3 2712 30 19979 31 7 16 89 52 9 16391 7982 7 117 32100 1961 7 3 31 14584 31 1,7163 1
[TGT] prices dive amid low overseas trends,negative,32100 1596 10026 18905 731 10055 5001 1,2841 1
"[TGT] is a buy: Seshadri Bharathan, KSEMA Fincon Ltd",positive,32100 19 3 9 805 10 679 7 8399 52 23 272 14888 6736 6 3 13383 20211 7430 1018 3937 1,1465 1
"Prefer [TGT], Tech Mahindra and TCS in IT: Kunj Bansal",positive,1266 1010 32100 3 6 7130 8555 77 3515 11 332 4778 16 2344 10 20930 354 5185 7 138 1,1465 1
"Baba Ramdev's [TGT] bigger than Emami and Jyothy Labs, wish it was listed: CLSA report",positive,11563 9 4425 9776 31 7 32100 4038 145 3967 3690 11 446 63 32 189 63 8100 7 6 1663 34 47 2616 10 11175 4507 934 1,1465 1
[TGT] get respite as dollar pulls back,positive,32100 129 23259 155 15 38 6816 3197 7 223 1,1465 1
"[TGT] cuts IPO price band, extends offer date on muted response",neutral,32100 8620 3 25470 594 1928 6 4285 7 462 833 30 4035 1054 1773 1,7163 1
More exits from [TGT] top management team,negative,1537 7189 7 45 32100 420 758 372 1,2841 1
Avoid buying JSPL as [TGT] unlikely to do well: P Phani Sekhar,negative,15856 2611 3 23787 5329 38 32100 9909 12 103 168 10 276 3657 2738 679 157 3272 1,2841 1
[TGT] Q3 Net up 33.35% at Rs 36.54 crore,positive,32100 1593 519 6540 95 220 19660 2712 44 11715 4475 5 5062 23095 1,1465 1
"[TGT] extends falls; Morgan Stanley, BofA downgrade",negative,32100 4285 7 7250 117 11147 19089 6 1491 89 188 323 6801 1,2841 1
[TGT] shares slump 6% as top brokerages downgrade on earnings concern,negative,32100 4776 31649 3 6370 38 420 26231 7 323 6801 30 8783 2410 1,2841 1
What to watch out for post the [TGT] meeting?,neutral,363 12 1605 91 21 442 8 32100 1338 58 1,7163 1
CARE assigns IPO Grade 2 to [TGT],neutral,3 22443 12317 7 3 25470 13027 204 12 32100 1,7163 1
Hosiery maker [TGT] to debut on NSE,neutral,1546 2452 651 13762 32100 12 5695 30 445 4132 1,7163 1
[TGT] slip as Wall Street cools off,negative,32100 7560 38 3556 1887 1633 7 326 1,2841 1
"Pace of corporate earnings growth strengthens, supports bullish [TGT] sentiment",positive,11790 15 13 2849 8783 1170 8726 7 6 4951 8434 1273 32100 6493 1,1465 1
"Australia shares scale 3 week high as utilities, [TGT] shine",positive,2051 4776 2643 220 471 306 38 17930 6 32100 9567 1,1465 1
"[TGT], Reliance good bets for long term investment purposes: Deven Choksey, KR Choksey Securities",positive,32100 3 6 419 9928 565 207 36 17 7 21 307 1657 1729 3659 10 374 1926 6285 157 7 15 63 6 480 448 6285 157 7 15 63 20571 1,1465 1
"Euro steadies after selloff, [TGT] drops after BoE report",negative,2430 19983 15 7 227 1789 1647 6 32100 11784 227 1491 427 934 1,2841 1
[TGT] plunges over 426 points in global sell-off,negative,32100 20593 7 147 314 2688 979 16 1252 1789 18 1647 1,2841 1
"Bearish on tyre companies: Rajesh Kothari, [TGT]",neutral,9034 1273 30 3 17 63 60 688 10 13509 15 7 107 1793 17 16250 6 32100 1,7163 1
"M&M, Pininfarina deal not saleable: Prateek Agarwal, [TGT]",neutral,283 184 329 6 8050 77 5544 77 9 1154 59 1048 179 10 6110 17 10266 71 1478 5380 6 32100 1,7163 1
Aban Offshore broken out of large falling channel:[TGT],neutral,891 152 4395 13303 4335 91 13 508 7306 4245 10 32100 1,7163 1
[TGT] December quarter net soars 87% to Rs 338 crore,positive,32100 1882 2893 3134 78 291 7 505 6170 12 11715 220 3747 23095 1,1465 1
"Outlook for auto stocks a mixed bag at the moment: Rajat Rajgarhia, [TGT]",neutral,19269 21 1510 10145 3 9 4838 2182 44 8 798 10 13509 144 13509 122 16611 9 6 32100 1,7163 1
"[TGT], lead prices rise on overseas cues, industrial demand",positive,32100 3 6 991 1596 3098 30 10055 123 15 7 6 2913 2173 1,1465 1
[TGT] rangebound; top 20 intraday trading ideas,neutral,32100 620 6115 117 420 460 6344 1135 3415 912 1,7163 1
"Action shifts to [TGT], non-index stocks: Ashwani Gujral",positive,6776 4108 7 12 32100 3 6 529 18 18288 10145 10 7153 3877 23 2846 354 4900 1,1465 1
[TGT] nerves send European shares lower,neutral,32100 9077 7 1299 1611 4776 1364 1,7163 1
[TGT] Q3 net profit jumps 91.27% to Rs 162.03 crore,positive,32100 1593 519 3134 3199 4418 7 668 10917 6170 12 11715 898 24273 519 23095 1,1465 1
"Prefer Bajaj, Titan in the largecap space: Pankaj Pandey, HoR, [TGT]",neutral,1266 1010 2659 1191 354 6 13622 16 8 508 4010 628 10 4266 1258 354 4266 221 63 6 1546 448 6 32100 1,7163 1
[TGT]: A tale of two crashes,negative,32100 3 10 71 5221 13 192 22298 1,2841 1
Apple's SIM move chips away at [TGT]'s share price,neutral,2184 31 7 16639 888 8852 550 44 32100 3 31 7 698 594 1,7163 1
[TGT] disposes of Sahara appeal,neutral,32100 9067 7 13 1138 14888 3958 1,7163 1
[TGT] Q4 net grows 7-fold to Rs 96 crore,positive,32100 1593 591 3134 13919 489 18 10533 12 11715 3 4314 23095 1,1465 1
[TGT] hits 59.22 against US dollar in intraday trade,neutral,32100 8046 3 3390 5 2884 581 837 6816 16 6344 1135 1668 1,7163 1
[TGT] hits 9-month low vs dollar on German data,negative,32100 8046 668 18 7393 731 3 208 7 6816 30 2968 331 1,2841 1
[TGT] asked to give fund-requirement plans for interim relief,neutral,32100 1380 12 428 3069 18 60 1169 60 297 1390 21 20003 4956 1,7163 1
"[TGT] to raise Rs 4,300 crore from investors, promoters",neutral,32100 12 3033 11715 6464 5426 23095 45 4367 6 2519 52 7 1,7163 1
"[TGT] is steady: Ambareesh Baliga, Way2Wealth Brokers Pvt. Ltd",neutral,32100 19 11207 10 736 5304 15 7 107 2659 17140 6 5994 357 1326 138 189 20696 7 276 208 17 5 3937 1,7163 1
[TGT] likely to report drop in net profit; stock ends flat ahead of Q3 results,negative,32100 952 12 934 2328 16 3134 3199 117 1519 5542 2667 2177 13 1593 519 772 1,2841 1
"[TGT] surges to Rs 60,500 on global cues, gold up by Rs 160",positive,32100 18787 7 12 11715 1640 6 2560 30 1252 123 15 7 6 2045 95 57 11715 11321 1,1465 1
[TGT] appoints Samik Nandi as Partner of ERP Adivisory practice,neutral,32100 3 9 102 2700 7 1138 20068 445 232 23 38 5793 13 22568 1980 23 24680 63 1032 1,7163 1
Debjani Ghosh is [TGT] head,neutral,9794 7066 23 350 11982 107 19 32100 819 1,7163 1
OPEC decision knocks [TGT] down; dollar gains,negative,3 4652 3073 1357 7673 7 32100 323 117 6816 11391 1,2841 1
Rapid [TGT] trades may kill arbitrage',negative,13836 32100 1668 7 164 5781 17834 545 31 1,2841 1
"[TGT], IT and FMCG are top rung sectors: Prashasta Seth",positive,32100 3 6 2344 11 13409 12150 33 420 3 8875 8981 10 276 12380 12518 679 189 1,1465 1
[TGT] Q1 net up 58.51 per cent at Rs 55.18 crore,positive,32100 1593 536 3134 95 3 3449 5 5553 399 3151 44 11715 6897 5 2606 23095 1,1465 1
[TGT] investors oppose stake sale in US based company,negative,32100 4367 10720 15 8474 1048 16 837 3 390 349 1,2841 1
[TGT] net profit grows 46% on lower expenses,positive,32100 3134 3199 13919 314 6370 30 1364 5159 1,1465 1
[TGT] shares record biggest monthly gain since February,positive,32100 4776 1368 2630 3718 2485 437 2083 1,1465 1
[TGT] Q4 Net dips 29 per cent at Rs 806 crore,negative,32100 1593 591 6540 10823 7 2838 399 3151 44 11715 505 5176 23095 1,2841 1
"Keep holding long positions; Nifty to outperform CNX IT, [TGT]: Ashwani Gujral",neutral,3521 3609 307 4655 117 445 21822 12 91 883 2032 3 10077 4 2344 6 32100 3 10 7153 3877 23 2846 354 4900 1,7163 1
"Gold, [TGT] extend losses on weak global cues",negative,2540 6 32100 4285 8467 30 5676 1252 123 15 7 1,2841 1
[TGT] bid talk props up UK's FTSE,neutral,32100 6894 1350 6377 7 95 1270 31 7 3 6245 4132 1,7163 1
Multibagger idea: [TGT] sees 40% upside in Tech Mahindra,neutral,4908 7893 1304 800 10 32100 217 7 13152 19118 16 7130 8555 77 3515 1,7163 1
[TGT] reports Q3 net loss at Rs 2.47 crore,negative,32100 2279 1593 519 3134 1453 44 11715 1682 4177 23095 1,2841 1
Further FII investment in [TGT] after approval: RBI,positive,9006 3 4936 196 1729 16 32100 227 5142 10 19979 1,1465 1
[TGT] sub-committee to discuss inflation-linked bonds tomorrow,neutral,32100 769 18 287 1538 17 15 15 12 2497 12485 18 29000 13237 5721 1,7163 1
"RComm a good stock in the telecom space: Deepak Mohoni, [TGT]",neutral,391 10205 3 9 207 1519 16 8 21004 628 10 9509 1639 1290 107 106 23 6 32100 1,7163 1
[TGT] slips over 4% as CBI registers inquiry,negative,32100 7560 7 147 3 5988 38 205 5972 3691 7 15736 1,2841 1
[TGT] reports four-fold rise in Q2 net profit,positive,32100 2279 662 18 10533 3098 16 1593 357 3134 3199 1,1465 1
Russia-Ukraine standoff sends markets into a tizzy; [TGT] snaps 5-day winning streak to slip below 21k,negative,4623 18 1265 9669 630 1518 1647 1299 7 3212 139 3 9 3 17 23 19974 117 32100 10075 7 7670 1135 3447 18631 12 7560 666 1401 157 1,2841 1
[TGT] Q3 net jumps three-fold,positive,32100 1593 519 3134 4418 7 386 18 10533 1,1465 1
"[TGT], copper and gold retreat as dollar strengthens over yuan devaluation",negative,32100 3 6 8658 11 2045 10742 38 6816 8726 7 147 3 63 76 152 20 7480 257 1,2841 1
"Bond issuers seek better pricing after [TGT] rate cut, rethink offers",neutral,12528 962 52 7 2762 394 5769 227 32100 1080 1340 6 3 60 10337 704 1,7163 1
"SBBJ, SBT, SBM all toe the [TGT] line: Sharyans Resources",neutral,180 7640 683 6 180 9021 6 180 12122 66 12 15 8 32100 689 10 18981 63 3247 10179 1,7163 1
"[TGT], others in the infra sector to do well in the medium term: Ajay Bodke, Prabhudas Lilladher",positive,32100 3 6 717 16 8 16 89 52 9 2393 12 103 168 16 8 2768 1657 10 71 1191 63 1491 26 1050 6 6110 115 107 76 7664 1414 195 9 26 760 1,1465 1
"Upside expected in the [TGT], post-budget : KR Choksey Securities",positive,3234 1583 1644 16 8 32100 3 6 442 18 11073 2782 3 10 480 448 6285 157 7 15 63 20571 1,1465 1
[TGT] scales multi-month highs vs yen & pound; New Zealand dollar off lows,positive,32100 2643 7 1249 18 7393 306 7 3 208 7 3 63 35 3 184 3 8861 117 368 5725 6816 326 731 7 1,1465 1
Go short on [TGT] once it starts trading below levels of 35: Mitesh Thacker,negative,1263 710 30 32100 728 34 3511 3415 666 1425 13 3097 10 1311 15 7 107 16118 3383 1,2841 1
"Brokers' Call: ONGC, [TGT], Cipla and Coal India",positive,20696 7 31 2571 10 3 15628 254 6 32100 3 6 4385 6042 11 638 138 1547 1,1465 1
Cash rates stabilise after [TGT]'s MSF auction,neutral,8835 1917 20426 7 15 227 32100 3 31 7 283 7016 8493 1,7163 1
"IFCI seeks govt nod for raising Rs 1,000 cr via [TGT]",neutral,3 6058 3597 2762 7 3 9527 17 150 26 21 7954 11715 11668 5764 1009 32100 1,7163 1
[TGT] Q4 Net up 24.5 percent at Rs 98.2 crore,positive,32100 1593 591 6540 95 204 12451 1093 44 11715 3 3916 5 357 23095 1,1465 1
Sell [TGT] with a stop loss of Rs 86: Sandeep Wagle,negative,16922 32100 28 3 9 1190 1453 13 11715 3 3840 10 1051 25221 3129 3537 1,2841 1
Neyveli Corp: Tamil Nadu government offer referred to [TGT],neutral,1484 63 4911 23 10052 10 22503 1823 1259 789 462 3 4822 12 32100 1,7163 1
Telcos have very stretched balance sheets: : [TGT],neutral,10636 509 7 43 182 23038 2109 8487 10 3 10 32100 1,7163 1
[TGT] Q1 net profit falls 60% to Rs 4 crore,negative,32100 1593 536 3134 3199 7250 15436 12 11715 314 23095 1,2841 1
"Local investors should buy equities; infra, [TGT] favourable spaces: Deven Choksey",positive,4593 4367 225 805 3 15 1169 3010 117 16 89 52 9 6 32100 3 30786 4856 10 374 1926 6285 157 7 15 63 1,1465 1
[TGT] falls in-line with emerging markets; feels selling pressure,negative,32100 7250 16 18 747 28 7821 3212 117 4227 3014 1666 1,2841 1
[TGT] Q2 Net declines by 4.7% at Rs 67.31 crore,negative,32100 1593 357 6540 7198 7 57 2853 6170 44 11715 3 3708 5 3341 23095 1,2841 1
"[TGT] and Wipro top picks, see 20% upside: Jaideep Goswami",positive,32100 11 2142 1409 420 1432 7 6 217 7580 19118 10 2215 23 25221 1263 7 210 3690 1,1465 1
"[TGT] appoints Sanjay Jain as president, COO",neutral,32100 3 9 102 2700 7 1051 1191 63 2215 77 38 2753 6 2847 667 1,7163 1
[TGT] soars 20 pc on delist offer,positive,32100 78 291 7 460 3 102 75 30 20 3350 462 1,1465 1
[TGT] fails to pay quarterly interest on LIC loan; stock falls 6%,negative,32100 13288 12 726 20232 1046 30 3 19624 2289 117 1519 7250 3 6370 1,2841 1
"IPOs fail to live up to their price; power, [TGT] fare badly and FMCG the best",negative,3 25470 7 5124 12 619 95 12 70 594 117 579 6 32100 623 15 14621 11 13409 12150 8 200 1,2841 1
"Nifty, Sensex hit fresh all-time high as [TGT], realty, pharma gain",positive,445 21822 6 3 19003 226 1560 1434 66 18 715 306 38 32100 3 6 490 17 63 6 3 15288 2485 1,1465 1
"[TGT] yield slips below repo, may herald a rate cut",negative,32100 6339 7560 7 666 3852 32 6 164 160 138 26 3 9 1080 1340 1,2841 1
"Lok Sabha elections 2014: Sensex closes at 24,121.74, [TGT] ends at 7,203",neutral,19863 11315 1024 9768 1412 10 3 19003 226 885 7 44 14320 22011 5 4581 6 32100 5542 44 7973 23330 1,7163 1
Why [TGT] has re-emerged as preferred currency for global investors,neutral,1615 32100 65 3 60 18 15 21726 38 6241 7481 21 1252 4367 1,7163 1
[TGT] Q2 net jumps 10-fold to Rs 160 crore,positive,32100 1593 357 3134 4418 7 9445 10533 12 11715 11321 23095 1,1465 1
Sell [TGT] with stop loss of Rs 251: Sandeep Wagle,negative,16922 32100 28 1190 1453 13 11715 944 536 10 1051 25221 3129 3537 1,2841 1
[TGT] soars in debut after China's biggest IPO since 2010,positive,32100 78 291 7 16 5695 227 1473 31 7 2630 3 25470 437 2735 1,1465 1
[TGT] rallies as tech majors make beeline for controlling stake,positive,32100 26930 7 38 5256 779 7 143 36 15 747 21 14498 8474 1,1465 1
Near term bottoms of [TGT] shifting higher,positive,10455 1657 2007 7 13 32100 16739 1146 1,1465 1
"Difficult for Bank Nifty to get past 15,300; action seen in midcap, [TGT]: Ashwani Gujral",positive,309 5982 7034 17 21 1925 445 21822 12 129 657 10725 5426 117 1041 894 16 2076 4010 6 32100 3 10 7153 3877 23 2846 354 4900 1,1465 1
Billionaire John Paulson retains stake in biggest [TGT] ETP,neutral,272 14916 2378 1079 1838 739 7365 7 8474 16 2630 32100 262 7150 1,7163 1
"[TGT], turmeric prices decline on subdued demand",negative,32100 3 6 31073 1596 7198 30 769 1259 15 26 2173 1,2841 1
"LIC's Rs 45,000 crore purchase exceeds 2014 infusion, accumulates tech and [TGT] shares",positive,3 19624 31 7 11715 314 5898 23095 1242 8193 7 1412 16 7316 6 23514 7 5256 11 32100 4776 1,1465 1
Why Biocon's deal with [TGT] failed?,negative,1615 3318 1018 31 7 1154 28 32100 4567 58 1,2841 1
New rules on delivery instruction slips from October: [TGT],neutral,368 2219 30 1929 8033 7560 7 45 1797 10 32100 1,7163 1
Five factors that could decide what way the [TGT] moves next,neutral,9528 2580 24 228 2204 125 194 8 32100 6914 416 1,7163 1
"Thriving in crisis: [TGT] may glitter at Rs 20,000",positive,5791 5927 53 16 5362 10 32100 164 19255 44 11715 3 13922 1,1465 1
[TGT] founders Phanindra Sama and Charan Padmaraju exit Ibibo,neutral,32100 7174 7 3657 152 77 3515 3084 9 11 7435 152 10683 1635 9 2047 7189 27 22456 32 1,7163 1
"June 11, 2014: Mecklai Financial report on [TGT]",neutral,1515 9694 1412 10 1212 75 8142 23 5421 934 30 32100 1,7163 1
"Outlook for [TGT] positive, pick IT names for long-term gains: Neeraj Deewan",positive,19269 21 32100 1465 6 1432 2344 3056 21 307 18 1987 11391 10 1484 15 9655 374 15 3877 1,1465 1
[TGT] Q3 profitability affected by surging input cost,negative,32100 1593 519 21624 4161 57 244 3896 3785 583 1,2841 1
[TGT] December quarter Net up 27.67 per cent,positive,32100 1882 2893 6540 95 2307 5 3708 399 3151 1,1465 1
JSPL down on [TGT] report: Prakash Diwan,neutral,3 23787 5329 323 30 32100 934 10 6110 157 3198 2043 3877 1,7163 1
Shemaroo Entertainment ends at Rs 171/share on [TGT],neutral,451 1635 32 32 12694 5542 44 11715 1003 12989 12484 30 32100 1,7163 1
[TGT]' direction depends on the market: Deepak Mohoni,neutral,32100 3 31 2212 5619 30 8 512 10 9509 1639 1290 107 106 23 1,7163 1
"ONGC up 1.5%, [TGT] 2% on hopes of good Q2 nos in early trade",positive,3 15628 254 95 1300 2712 6 32100 3 5406 30 7511 13 207 1593 357 2844 16 778 1668 1,1465 1
[TGT] to take back policing duties from Wall Street watchdog,neutral,32100 12 240 223 3 3003 75 53 9353 45 3556 1887 1605 10169 1,7163 1
Charting Technicals: Investors can expect a multi-year bull run in [TGT],positive,15054 53 10728 7 10 16873 7 54 1672 3 9 1249 18 1201 8434 661 16 32100 1,1465 1
[TGT] decline 0.61 per cent on subdued demand,negative,32100 7198 4097 4241 399 3151 30 769 1259 15 26 2173 1,2841 1
"Ajay Piramal to strengthen role in Shriram Group, takes over as Chairman of [TGT]",neutral,71 1191 63 23421 9 1982 12 8726 1075 16 22805 2375 1531 6 1217 147 38 11636 13 32100 1,7163 1
"Sensex, [TGT] @ life high on rate cut hopes, crude; top 10 stocks in focus",positive,3 19003 226 6 32100 3320 280 306 30 1080 1340 7511 6 19058 117 420 335 10145 16 992 1,1465 1
LSE Group names Nikhil Rathi CEO of [TGT],neutral,301 4132 1531 3056 445 19030 173 2922 7436 4071 13 32100 1,7163 1
38% of global investors see [TGT] in 65-70 range in 2015: BofA-ML survey,neutral,220 5953 13 1252 4367 217 32100 16 7123 18 2518 620 16 1230 10 1491 89 188 18 6858 3719 1,7163 1
[TGT] sparks relief rally as Q1 profit beats forecasts,positive,32100 13233 7 4956 13980 38 1593 536 3199 3853 7 7555 7 1,1465 1
Shorting [TGT] is dangerous at the current levels: Rajat Bose,negative,7110 53 32100 19 5107 44 8 750 1425 10 13509 144 1491 7 15 1,2841 1
[TGT] to mop up upto Rs 500 crore through a rights issue,neutral,32100 12 2288 102 95 95 235 11715 2899 23095 190 3 9 2166 962 1,7163 1
[TGT] Q1 profit almost doubles to Rs 16.48 crore,positive,32100 1593 536 3199 966 1486 7 12 11715 10128 3707 23095 1,1465 1
"IT, [TGT] under pressure; Infosys, TCS, Sun Pharma take a hit",negative,2344 6 32100 365 1666 117 7880 7 63 7 6 332 4778 6 3068 17823 240 3 9 1560 1,2841 1
"Copper, [TGT] remain weak on global cues",negative,19756 6 32100 2367 5676 30 1252 123 15 7 1,2841 1
[TGT]'s January-March profit jumps 17% to Rs 62.24 crore,positive,32100 3 31 7 1762 18 25019 3199 4418 7 209 6170 12 11715 3 4056 5 2266 23095 1,1465 1
Fewer investors trade on [TGT],neutral,21194 49 4367 1668 30 32100 1,7163 1
[TGT] shares spike post stellar Q2 earnings show,positive,32100 4776 22440 442 22716 1593 357 8783 504 1,1465 1
Not buying [TGT] and cyclicals stocks currently:  Vijai Mantri,negative,933 2611 32100 11 3 7132 1950 7 10145 1083 10 1813 1191 23 1140 1788 1,2841 1
Profit-making [TGT] may be asked to submit IPO plans to Centre,neutral,14717 18 5239 32100 164 36 1380 12 4237 3 25470 1390 12 2969 1,7163 1
[TGT] gets Rs 250-cr PE funding,positive,32100 2347 11715 5986 18 75 52 11012 3135 1,1465 1
Near term outlook remains muted for [TGT]: Amit Khurana,neutral,10455 1657 16395 3048 4035 1054 21 32100 3 10 71 1538 13495 2414 29 9 1,7163 1
"SPARC, Sun Pharma slide as [TGT] rescinds approval to drug",neutral,6760 18971 6 3068 17823 9116 38 32100 3 60 7 23623 7 5142 12 2672 1,7163 1
[TGT] Q4 net declines 8.6% to $48.8 million,negative,32100 1593 591 3134 7198 7 4848 6370 12 1514 3707 5 927 770 1,2841 1
Small is the new big! Small and midcap funds outperform in Sept quarter: [TGT],neutral,4872 19 8 126 600 55 4872 11 2076 4010 2731 91 883 2032 16 10449 2893 10 32100 1,7163 1
"[TGT] in limbo ahead of UK jobs, housing reports",neutral,32100 16 3 9577 32 2177 13 1270 2476 6 3499 2279 1,7163 1
[TGT] IPO opens today; here's what experts say,positive,32100 3 25470 9540 469 117 270 31 7 125 2273 497 1,1465 1
"JGBs little changed, [TGT]  buying offsets impact of Nikkei rally",neutral,446 3443 7 385 2130 6 32100 2611 13746 7 1113 13 2504 8511 15 23 13980 1,7163 1
"Axis Bank, Infosys, Coal India among hot stock picks; [TGT] to stand out: ET poll",positive,71 226 159 1925 6 7880 7 63 7 6 638 138 1547 859 1312 1519 1432 7 117 32100 12 1518 91 10 10104 5492 1,1465 1
[TGT] shares surge 5% on strong quarterly results,positive,32100 4776 18787 3 2712 30 1101 20232 772 1,1465 1
"See 10-15% upside potential in ONGC, says Harendra Kumar, [TGT]",neutral,1610 25446 1454 19118 1055 16 3 15628 254 6 845 3504 12524 23400 6 32100 1,7163 1
What Dipen Shah says on [TGT] results,neutral,363 23177 35 19669 845 30 32100 772 1,7163 1
[TGT] Q1 net profit increases twofold to Rs 67.62 crore,positive,32100 1593 536 3134 3199 5386 192 10533 12 11715 3 3708 5 4056 23095 1,1465 1
"After unexpected rate cut by China, all eyes on [TGT] meet",neutral,621 7544 1080 1340 57 1473 6 66 2053 30 32100 942 1,7163 1
Shameful that listed firms not finding women directors: [TGT] Chief U K Sinha,neutral,23518 15 1329 24 2616 5654 59 2342 887 10392 10 32100 5116 412 480 8271 1024 1,7163 1
"Banks, realty, [TGT] stocks plunge on RBI status quo",negative,1925 7 6 490 17 63 6 32100 10145 20593 30 19979 2637 3 14460 1,2841 1
[TGT] to soon take a call on NSEL e-series payments,neutral,32100 12 1116 240 3 9 580 30 445 23143 3 15 18 10833 7 4364 1,7163 1
"[TGT], Spicejet, Jet Airways rally on FDI in aviation",positive,32100 3 6 25727 9245 6 12434 24601 13980 30 3 13916 196 16 18979 1,1465 1
Markets on a roll; what JPM and [TGT] say,neutral,3611 7 30 3 9 3812 117 125 446 6218 11 32100 497 1,7163 1
[TGT] reach highest premium to Bunds since 1997 as ECB QE starts,positive,32100 1535 2030 3331 12 6100 26 7 437 6622 38 3 3073 279 1593 427 3511 1,1465 1
C M Vasudev re-appointed as [TGT] non-executive chairman,neutral,205 283 12379 76 9776 3 60 18 31574 38 32100 529 18 6667 3044 757 13404 1,7163 1
"[TGT], stocks fall to multi-month lows but no panic among Central European markets",negative,32100 3 6 10145 1590 12 1249 18 7393 731 7 68 150 13647 859 2808 1611 3212 1,2841 1
[TGT] likely to shine as Rupee's depreciation slows,positive,32100 952 12 9567 38 2770 855 15 31 7 20 102 7886 257 2684 7 1,1465 1
Tough to curb [TGT] futures volatility: Expert Committee,negative,332 4607 12 16110 32100 647 7 24868 10 8865 3201 1,2841 1
"[TGT] hits 5-month lows, Aussie skids on soft China PMI",negative,32100 8046 7670 7393 731 7 6 21439 15 5210 26 7 30 1835 1473 3246 196 1,2841 1
[TGT]: Early lead on volume front to decide winners,neutral,32100 3 10 8840 991 30 2908 851 12 2204 8969 1,7163 1
[TGT] outperforms as UK's FTSE gains ground,positive,32100 91 883 2032 7 38 1270 31 7 3 6245 4132 11391 1591 1,1465 1
[TGT] should be a part of an investors portfolio: Mehraboon Irani,positive,32100 225 36 3 9 294 13 46 4367 4833 10 11093 9008 106 7449 23 1,1465 1
[TGT] surges to near five-year high on earnings outlook,positive,32100 18787 7 12 1084 874 18 1201 306 30 8783 16395 1,1465 1
"Highly bullish on [TGT]; CIL, NMDC, GMDC top  picks: Harendra Kumar",positive,20600 8434 1273 30 32100 3 117 205 3502 6 3 16568 6338 6 3 7381 6338 420 1432 7 10 3504 12524 23400 1,1465 1
Thoor dal and [TGT] move up,positive,25230 127 3 26 138 11 32100 888 95 1,1465 1
Sell [TGT] with a stop loss of Rs 293: Sandeep Wagle,negative,16922 32100 28 3 9 1190 1453 13 11715 204 4271 10 1051 25221 3129 3537 1,2841 1
"Sensex, [TGT] closed on account of Good Friday",neutral,3 19003 226 6 32100 3168 30 905 13 1804 1701 1,7163 1
"Scope for further improvement in valuation multiple for midcap IT stocks: G Chokkalingam, [TGT]",neutral,10711 855 21 856 4179 16 18662 1317 21 2076 4010 2344 10145 10 350 6285 8511 9 697 265 6 32100 1,7163 1
"Tech leads Nasdaq, S&P 500; [TGT] sparks media selloff",neutral,7130 3433 10571 26 9 1824 6 180 184 345 2899 117 32100 13233 7 783 1789 1647 1,7163 1
"[TGT]'s $3.6 billion exit from Sun Pharma hits rupee, stocks",neutral,32100 3 31 7 1514 23074 2108 7189 45 3068 17823 8046 24617 15 6 10145 1,7163 1
"Consumption space would be largely favoured with the roll out of GST : Deven Choksey, [TGT]",neutral,24165 102 1575 628 133 36 3 6974 14499 15 26 28 8 3812 91 13 25541 3 10 374 1926 6285 157 7 15 63 6 32100 1,7163 1
[TGT] may be India's first pure software co to take the IPO route,neutral,32100 164 36 1547 31 7 166 4621 889 576 12 240 8 3 25470 2981 1,7163 1
Metals and [TGT] are likely to outperform: Ashwani Gujral,positive,9276 7 11 32100 33 952 12 91 883 2032 10 7153 3877 23 2846 354 4900 1,1465 1
"RComm could it be the [TGT] or the UB of 2012: Sangeeta Purushottam, Professional Investor",neutral,391 10205 228 34 36 8 32100 42 8 3 10134 13 1673 10 1051 397 15 17 9 7333 76 11159 17 265 6 4751 16873 1,7163 1
[TGT] ask cos to strictly comply with 'trading window' rules,neutral,32100 987 576 7 12 15154 9095 28 3 31 1313 26 53 2034 31 2219 1,7163 1
[TGT]'s crude steel production up 9%; stock down,negative,32100 3 31 7 19058 2470 999 95 3 7561 117 1519 323 1,2841 1
"[TGT], HPCL on declines look like a good bet: Mayuresh Joshi, Angel Broking",positive,32100 3 6 5481 8440 30 7198 7 320 114 3 9 207 36 17 10 932 7665 107 14136 23 6 5126 4027 1765 1,1465 1
[TGT] October-quarter net up 4% at Rs 902.96 crore,positive,32100 1797 18 19973 3134 95 3 5988 44 11715 668 12328 4314 23095 1,1465 1
[TGT] Q3 net up 19.39 pc to Rs 23.02 cr,positive,32100 1593 519 3134 95 9997 3288 3 102 75 12 11715 1902 5 4305 5764 1,1465 1
Errors in prospectus: [TGT] gives investors exit option until Oct 25,negative,848 52 127 7 16 10263 302 10 32100 1527 4367 7189 1182 552 6416 944 1,2841 1
[TGT] Q3 turnaround in building products division may trigger a re-rating,positive,32100 1593 519 26547 16 740 494 4889 164 7294 3 9 3 60 18 52 1014 1,1465 1
"Markets may go into Budget in subdued fashion: Ashwani Gujral, [TGT]",neutral,3611 7 164 281 139 12532 16 769 1259 15 26 2934 10 7153 3877 23 2846 354 4900 6 32100 1,7163 1
Wary of [TGT] due to lack of clarity: Neeraj Dewan,negative,1602 63 13 32100 788 12 2136 13 12428 10 1484 15 9655 374 3877 1,2841 1
[TGT] Q2 net dips 19% at Rs 171 crore,negative,32100 1593 357 3134 10823 7 957 1454 44 11715 1003 536 23095 1,2841 1
Promoters of [TGT] to buy back Rs 100 crore shares,positive,17758 4849 13 32100 12 805 223 11715 910 23095 4776 1,1465 1
[TGT] jumps 8% after Modi tweet,positive,32100 4418 7 3 5953 227 5073 23 10657 1,1465 1
[TGT] Q1 net profit dips 3% at Rs 46 crore,negative,32100 1593 536 3134 3199 10823 7 3 5170 44 11715 9668 23095 1,2841 1
"[TGT] IPO to give a 14-15% profit CAGR: Gopal Ritolia, IIFL",positive,32100 3 25470 12 428 3 9 968 2292 2712 3199 205 26646 10 1263 6459 11671 4172 9 6 2466 10765 1,1465 1
"[TGT], financial stocks drive Sensex higher",positive,32100 3 6 981 10145 1262 3 19003 226 1146 1,1465 1
[TGT] rally over 4% on strong Q2 results,positive,32100 13980 147 3 5988 30 1101 1593 357 772 1,1465 1
[TGT] net loss widens to Rs 9.40 crore in Q4,negative,32100 3134 1453 1148 29 7 12 11715 5835 2445 23095 16 1593 591 1,2841 1
Lot of negative news is the reason for sharp decline in [TGT]: Angel Broking,negative,10805 13 2841 1506 19 8 1053 21 4816 7198 16 32100 3 10 5126 4027 1765 1,2841 1
"Macro data, FIIs to decide [TGT] trend this week: Experts",neutral,1534 2771 331 6 3 4936 196 7 12 2204 32100 4166 48 471 10 8865 7 1,7163 1
Ballarpur Industries rallies over 13% as [TGT] invest $100 mn in subsidiary,neutral,4155 291 3791 18080 26930 7 147 209 5170 38 32100 4032 10417 3 51 29 16 20438 1,7163 1
"[TGT] Q2 net down 7%, revenues up 24%",negative,32100 1593 357 3134 323 3 6170 6 14609 95 204 5988 1,2841 1
[TGT] inch higher at close after two days of losses,positive,32100 5913 1146 44 885 227 192 477 13 8467 1,1465 1
Solid volumes may help [TGT] stock maintain momentum,positive,12974 13548 164 199 32100 1519 1961 15290 1,1465 1
Are [TGT] a good bet?,neutral,1521 32100 3 9 207 36 17 58 1,7163 1
"FMCG, [TGT] and cement stocks likely to be hit by poor monsoon",negative,13409 12150 6 32100 11 12965 10145 952 12 36 1560 57 2714 1911 7 32 106 1,2841 1
[TGT] debenture issue fully subscribed; raises Rs 500 crore,positive,32100 3 26 5283 2693 962 1540 10006 26 117 3033 7 11715 2899 23095 1,1465 1
[TGT] Q1 net up 29 per cent,positive,32100 1593 536 3134 95 2838 399 3151 1,1465 1
Bill Gross' [TGT] posts $11.7 million outflow in May,neutral,3259 17969 31 32100 3489 1970 18596 770 91 7631 16 932 1,7163 1
FIPB rejects [TGT]'s proposal to increase foreign portfolio investment cap; stocks may lose weight,negative,3 4936 13970 15092 7 32100 3 31 7 6384 12 993 2959 4833 1729 2468 117 10145 164 2615 1293 1,2841 1
Condition not in favor of [TGT]: Deven Choksey,negative,24239 59 16 4971 13 32100 3 10 374 1926 6285 157 7 15 63 1,2841 1
"[TGT] steady vs dollar, hovers near 2-year high against euro",positive,32100 11207 3 208 7 6816 6 21994 7 1084 8401 1201 306 581 3983 1,1465 1
"[TGT], Sensex end at all-time closing high on strong inflows",positive,32100 3 6 3 19003 226 414 44 66 18 715 6733 306 30 1101 16 7631 7 1,1465 1
[TGT] may consolidate post Budget: Ashwani Gujral,neutral,32100 164 13250 342 442 12532 10 7153 3877 23 2846 354 4900 1,7163 1
Two Senior [TGT] executives quit,neutral,2759 5523 32100 13510 10399 1,7163 1
[TGT] gain 1.02 per cent on strong spot demand,positive,32100 2485 1300 4305 399 3151 30 1101 2140 2173 1,1465 1
South Korea stocks edge down after [TGT]'s weak Q2 earnings guidance,negative,1013 7054 10145 3023 323 227 32100 3 31 7 5676 1593 357 8783 4864 1,2841 1
Nine banks keen on [TGT] FPO mandate,neutral,19636 5028 9805 30 32100 377 6618 12871 1,7163 1
[TGT] working on single clearance for commodity exchanges,neutral,32100 464 30 712 15362 21 23070 2509 7 1,7163 1
"IndiGos Rs 2,500-crore IPO gets [TGT] nod",neutral,10194 6221 7 11715 3 22092 18 2771 60 3 25470 2347 32100 150 26 1,7163 1
[TGT] IPO subscribed 58 pc on Day 3,neutral,32100 3 25470 10006 26 3 3449 3 102 75 30 1430 220 1,7163 1
"[TGT] do not have weightage, FMCG looks weak: Ashwani Gujral",negative,32100 103 59 43 1293 545 6 13409 12150 1416 5676 10 7153 3877 23 2846 354 4900 1,2841 1
Pre-market: [TGT] seen opening flat; Kotak Mahindra eyed,neutral,1266 18 8809 10 32100 894 2101 2667 117 1793 17 1639 8555 77 3515 1580 26 1,7163 1
Rajnikant Patel leaves [TGT] posts,neutral,13509 4953 288 2709 1625 3231 32100 3489 1,7163 1
"Emcure Pharmaceuticals files for 600 crore IPO, [TGT] to sell part stake",neutral,3967 3663 15 24464 7 2073 21 7366 23095 3 25470 6 32100 12 1789 294 8474 1,7163 1
[TGT] soars 9% on robust Q2 earnings,positive,32100 78 291 7 3 7561 30 6268 1593 357 8783 1,1465 1
[TGT] IPO opens Jan 11,neutral,32100 3 25470 9540 3049 850 1,7163 1
"Uptrend in [TGT] on account of relative value, not on standalone basis: Emkay Global Financial Services",positive,3234 22517 16 32100 30 905 13 5237 701 6 59 30 27162 1873 10 3967 18075 3699 5421 1799 1,1465 1
[TGT] plunges on reports of new taxes,negative,32100 20593 7 30 2279 13 126 5161 1,2841 1
Government will have to do a lot more to make new investors put money in [TGT] and not gold,neutral,3141 56 43 12 103 3 9 418 72 12 143 126 4367 474 540 16 32100 11 59 2045 1,7163 1
Top five things to watch out for in [TGT] 40th AGM,neutral,2224 874 378 12 1605 91 21 16 32100 1283 189 71 7381 1,7163 1
[TGT] can give upto 20% returns: Sudip Bandyopadhyay,positive,32100 54 428 95 235 7580 5146 10 1923 21981 4483 63 32 5612 107 63 9 63 1,1465 1
[TGT] appoints Praveen Singla as national head for debt financing services,neutral,32100 3 9 102 2700 7 6110 162 35 8271 7002 38 1157 819 21 2814 8621 364 1,7163 1
[TGT] names Philips chief Kleisterlee as new Chairman,neutral,32100 3056 12092 7 5752 19549 5805 109 15 38 126 11636 1,7163 1
"[TGT] case: SAT allows realty major to redeem Rs 1,806 crore worth mutual funds",neutral,32100 495 10 3 17517 1250 490 17 63 779 12 22163 11715 1914 2079 948 23095 1494 8543 2731 1,7163 1
"Which is better, real estate or [TGT]?",neutral,4073 19 394 6 490 2052 42 32100 3 58 1,7163 1
"[TGT] power to new high; euro, US Federal Reserve in focus",positive,32100 579 12 126 306 117 3983 6 837 5034 9473 16 992 1,1465 1
WL Ross asks [TGT] to wipe out losses by March 2013,neutral,3 24102 9616 987 7 32100 12 16490 91 8467 57 1332 2038 1,7163 1
"[TGT] inches lower on corporate dollar demand, little changed on week",negative,32100 5075 1364 30 2849 6816 2173 6 385 2130 30 471 1,2841 1
[TGT] futures hit daily upper limit,positive,32100 647 7 1560 1444 4548 2006 1,1465 1
[TGT] Q2 net down 1.51 per cent at Rs 42.28 crore,negative,32100 1593 357 3134 323 8613 536 399 3151 44 11715 6426 5 2577 23095 1,2841 1
[TGT] names new head of post-trade business,neutral,32100 3056 126 819 13 442 18 16628 268 1,7163 1
Supply pressure drags down [TGT] futures 0.89%,negative,15642 1666 5439 7 323 32100 647 7 3 22384 7561 1,2841 1
Draghi drives [TGT] to 4-1/2 year low,negative,707 9 5649 9350 32100 12 7769 17637 215 731 1,2841 1
Federal Reserve's December liftoff signals slap Asia FX; [TGT] down on SDR uncertainty,negative,5034 9473 31 7 1882 5656 1647 9650 3 7 8478 3826 377 4 117 32100 323 30 180 3913 14068 1,2841 1
"[TGT] to closely follow winter session, F&O expiry",neutral,32100 12 4799 1130 2265 2363 6 377 184 667 8982 63 1,7163 1
[TGT] surges over 8% on FII limit hike,positive,32100 18787 7 147 3 5953 30 3 4936 196 2006 8598 1,1465 1
"[TGT] weak on global cues, stockists selling",negative,32100 5676 30 1252 123 15 7 6 1519 343 7 3014 1,2841 1
[TGT] Q2 profit at Rs 12.83 crore,neutral,32100 1593 357 3199 44 11715 8013 4591 23095 1,7163 1
Axeon appoints ex-[TGT] boss Rajesh Nellore,neutral,71 226 15 106 3 9 102 2700 7 1215 18 32100 7930 13509 15 7 107 445 7126 60 1,7163 1
"[TGT] is a buy: CK Narayan, Sharyans Resources",positive,32100 19 3 9 805 10 3 10459 1823 2866 152 6 18981 63 3247 10179 1,1465 1
"Cotton, [TGT] returns raise rural aspirations",positive,19502 6 32100 5146 3033 5372 38 2388 1628 1,1465 1
[TGT]-FTIL merger issue: Govt to seek more time from Bombay High Court,neutral,32100 3 18 6245 3502 18917 962 10 17416 17 12 2762 72 97 45 16327 9 63 1592 2243 1,7163 1
[TGT] slide as Greece faces new elections,negative,32100 9116 38 12263 8519 126 9768 1,2841 1
[TGT] forecasts achhe din for stock market in 2016,neutral,32100 7555 7 3 1836 88 176 21 1519 512 16 1421 1,7163 1
[TGT] raise holdings in equities as markets correct,neutral,32100 3033 3609 7 16 3 15 1169 3010 38 3212 2024 1,7163 1
[TGT] hits 11-month low as media raid jars nerves,negative,32100 8046 850 18 7393 731 38 783 15941 3 5670 7 9077 7 1,2841 1
Sell [TGT] with a stop loss of Rs 2970: Mitesh Thacker,negative,16922 32100 28 3 9 1190 1453 13 11715 2838 2518 10 1311 15 7 107 16118 3383 1,2841 1
"Sensex pares losses after falling over 100 points; [TGT], Tata Motors lead",positive,3 19003 226 5448 7 8467 227 7306 147 910 979 117 32100 3 6 9233 9 5083 7 991 1,1465 1
[TGT] prices gain on renewed demand,positive,32100 1596 2485 30 18184 2173 1,1465 1
"[TGT], Dr. Reddy's, Cadila look attractive: Jitendra Sriram, HSBC",positive,32100 3 6 707 5 419 8155 31 7 6 15562 173 9 320 5250 10 446 155 12524 8642 2375 6 3 4950 7645 1,1465 1
[TGT] Q2 net up 4.5 pc to Rs 11.5 cr,positive,32100 1593 357 3134 95 3 12451 3 102 75 12 11715 209 16593 5764 1,1465 1
[TGT]'s rate cut: More money may chase fixed income products now,neutral,32100 3 31 7 1080 1340 10 1537 540 164 15389 3599 2055 494 230 1,7163 1
Decision on [TGT] deal today; stock up,positive,25006 30 32100 1154 469 117 1519 95 1,1465 1
"[TGT]: No number games this time, focus on quality issuance",neutral,32100 3 10 465 381 1031 48 97 6 992 30 463 3 30935 1,7163 1
Mark Mobius expects 15-20% returns from [TGT],neutral,2185 283 6690 302 1672 7 28601 1454 5146 45 32100 1,7163 1
"Sensex rangebound; tech, auto, [TGT] advance",positive,3 19003 226 620 6115 117 5256 6 1510 6 32100 3245 1,1465 1
[TGT] Q2 net up 94.02% to Rs 18.84 crore,positive,32100 1593 357 3134 95 668 15021 5406 12 11715 12265 4608 23095 1,1465 1
Import duty on [TGT] likely,negative,1318 1493 5461 30 32100 952 1,2841 1
[TGT] puts south Mumbai building on block;stk up,positive,32100 10762 3414 15810 740 30 2463 117 7 17 157 95 1,1465 1
"[TGT] sells $1 billion debut ""green bond"" in London",negative,32100 1789 7 1970 2108 5695 96 9423 6235 121 16 1524 1,2841 1
"NBFC stocks like Manappuram, [TGT] down on new gold loan curb",negative,3 14972 5390 10145 114 1140 3096 2414 51 6 32100 323 30 126 2045 2289 16110 1,2841 1
H Kumar takes over as Managing Director of [TGT],neutral,454 23400 1217 147 38 3 16143 2578 13 32100 1,7163 1
[TGT] shares end 3% higher on Allergen deal,positive,32100 4776 414 3 5170 1146 30 432 49 729 1154 1,1465 1
F&O Tracker: [TGT] support likely around 6220-6000,neutral,377 184 667 8799 49 10 32100 380 952 300 3 4056 1755 18 21987 1,7163 1
Fears of regulatory checks drag [TGT] down,negative,21963 7 13 8253 11642 5439 32100 323 1,2841 1
"[TGT] likely to remain range bound: Jagannadham Thunuguntla, SMC Capitals",neutral,32100 952 12 2367 620 8120 10 21520 10878 26 1483 23973 29 76 8765 17 521 6 180 3698 5826 7 1,7163 1
[TGT] Q3 loss at Rs 38.25 crore,neutral,32100 1593 519 1453 44 11715 6654 5 1828 23095 1,7163 1
[TGT] Q4 profit up 15% to Rs 257.6 crore,positive,32100 1593 591 3199 95 13914 12 11715 204 3436 5 948 23095 1,1465 1
[TGT] notifies rules for using IPEF for refunding investors,neutral,32100 59 15821 2219 21 338 3857 9976 21 7147 53 4367 1,7163 1
[TGT] posts net profit of Rs 7.7 crore in Q1 FY13,neutral,32100 3489 3134 3199 13 11715 4306 940 23095 16 1593 536 23263 2368 1,7163 1
"Dollar dips versus yen, [TGT] remains under pressure",negative,14110 10823 7 3 8911 3 63 35 6 32100 3048 365 1666 1,2841 1
"[TGT] rise amid positive US, eurozone data; push Nasdaq to new record",positive,32100 3098 18905 1465 837 6 3983 9431 331 117 3292 10571 26 9 1824 12 126 1368 1,1465 1
[TGT] signaled breakout above Rs 318:IIFL,positive,32100 3240 15 26 26941 756 11715 220 2606 10 196 196 10765 1,1465 1
[TGT] turnover dips 70 per cent,negative,32100 17847 10823 7 2861 399 3151 1,2841 1
"[TGT] slips after 3-day gain, shares flat",negative,32100 7560 7 227 5354 1135 2485 6 4776 2667 1,2841 1
[TGT] rises to fresh 2-month high as Yen supports sentiment,positive,32100 3098 7 12 1434 8401 7393 306 38 3 476 35 4951 6493 1,1465 1
[TGT] shares fall; BofA downgrades to 'neutral',negative,32100 4776 1590 117 1491 89 188 323 6801 7 12 3 31 8992 8792 31 1,2841 1
[TGT] falls to lowest point since going public,negative,32100 7250 12 7402 500 437 352 452 1,2841 1
Textile sector will perform now: [TGT],neutral,24936 15 2393 56 1912 230 10 32100 1,7163 1
[TGT] lists at 15 per cent discount,negative,32100 7809 44 627 399 3151 3898 1,2841 1
Traders may get cash-settled gold and [TGT] on MCX,neutral,3 21923 7 164 129 1723 18 2244 17 1361 2045 11 32100 30 3 3698 4 1,7163 1
"Angel starts [TGT] with 'buy', targets 823 rupees",positive,5126 3511 32100 28 3 31 14584 31 6 8874 505 2773 24617 15 7 1,1465 1
"Axis Bank, [TGT], Coal India among hot stock picks; banking sector to stand out: ET poll",positive,71 226 159 1925 6 32100 3 6 638 138 1547 859 1312 1519 1432 7 117 8175 2393 12 1518 91 10 10104 5492 1,1465 1
"MindTree ends 4% lower on weak Q4 outlook, [TGT] downgrade",neutral,8477 382 60 15 5542 3 5988 1364 30 5676 1593 591 16395 6 32100 323 6801 1,7163 1
"PBOC halts ""regular"" [TGT] intervention but allows for effective management",neutral,3 13970 5618 3 5019 7 96 60 122 4885 121 32100 7897 68 1250 21 1231 758 1,7163 1
"[TGT] initiates coverage on Motherson Sumi, expects 22% upside",positive,32100 20108 7 2591 30 8007 739 12198 23 6 1672 7 204 5406 19118 1,1465 1
"Pantaloon, [TGT], Trent rally on FDI buzz",positive,16620 26976 29 6 32100 3 6 24116 13980 30 3 13916 196 15886 1,1465 1
"Gujarat Pipavav is a good buy: Parag Thakkar, [TGT]",neutral,30812 2745 102 8644 208 19 3 9 207 805 10 4734 122 16118 157 4031 6 32100 1,7163 1
[TGT] shines on seasonal demand; Silver dull,positive,32100 9567 7 30 10852 2173 117 5642 19511 1,1465 1
"Farm sector stocks like [TGT], Dabur may suffer due to El Nino effect",negative,4990 2393 10145 114 32100 3 6 878 5808 164 5696 788 12 1289 12776 32 1504 1,2841 1
[TGT] remain weak on sluggish demand,negative,32100 2367 5676 30 3 7 40 13917 1273 2173 1,2841 1
Buoyant StanChart helps [TGT] bounce back,positive,4708 32 63 288 11469 18947 17 1691 32100 14956 223 1,1465 1
Aviation stock returns rise post [TGT] deal,positive,22102 1519 5146 3098 442 32100 1154 1,1465 1
Bet on [TGT]  with a  slightly medium to longer term horizon:Avinnash Gorakssakar,positive,7912 30 32100 28 3 9 3300 2768 12 1200 1657 3 12158 10 188 2494 29 3198 1263 9782 7 7 9 4031 1,1465 1
[TGT] seen taking interest in AB Nuvo,neutral,32100 894 838 1046 16 3 5359 1174 1621 1,7163 1
"[TGT] stays at near 1-month low, closes at 46.36/dollar",negative,32100 13628 44 1084 8218 7393 731 6 885 7 44 9668 5 3420 87 26748 1,2841 1
[TGT] appoints Craig Wimsatt as COO,neutral,32100 3 9 102 2700 7 12870 2142 51 7 144 17 38 2847 667 1,7163 1
Open Interest on [TGT] up 31% in August,positive,2384 21230 30 32100 95 220 4704 16 1660 1,1465 1
"Adani Ports, [TGT], Punj drop as bidding for projects restricted",negative,1980 2738 3625 7 6 32100 3 6 18266 354 2328 38 2647 7249 21 1195 12103 1,2841 1
[TGT] slips over 16% post Crisil downgrade,negative,32100 7560 7 147 209 6370 442 9605 7 173 323 6801 1,2841 1
"Expect announcements on the ordering side from L7T over next few months: Pankaj Pandey, [TGT]",neutral,19539 7298 7 30 8 12320 596 45 301 940 382 147 416 360 767 10 4266 1258 354 4266 221 63 6 32100 1,7163 1
[TGT] gains 11% on merger with UPL,positive,32100 11391 209 4704 30 18917 28 412 5329 1,1465 1
"Fall in order inflows shows more pain ahead for industrial stocks such as [TGT], BHEL, Thermax",positive,2589 16 455 16 7631 7 1267 72 1406 2177 21 2913 10145 224 38 32100 3 6 3 23631 3577 6 37 52 9128 1,1465 1
[TGT] ropes in Philips President & CEO as new Chairman,neutral,32100 13888 7 16 12092 7 1661 3 184 4071 38 126 11636 1,7163 1
"Sensex rangebound; L&T, ICICI Bank, [TGT] top losers",neutral,3 19003 226 620 6115 117 301 184 382 6 3 18316 3597 1925 6 32100 420 10381 277 1,7163 1
"[TGT] mostly down, dollar under pressure",negative,32100 3323 323 6 6816 365 1666 1,2841 1
Euro to fall below parity with dollar by 2017: [TGT],neutral,2430 12 1590 666 260 485 28 6816 57 1233 10 32100 1,7163 1
"Cyclical stocks like [TGT], infrastructure, cement and metals to underperform over next few months",negative,6400 14758 1489 10145 114 32100 3 6 3620 6 12965 11 1946 7 12 365 883 2032 147 416 360 767 1,2841 1
Slumps at [TGT] and RSA weigh on European shares,negative,180 40 22028 44 32100 11 3 27705 11385 30 1611 4776 1,2841 1
"Palmolein, [TGT] slide on lower global trend",negative,8005 32 109 77 6 32100 9116 30 1364 1252 4166 1,2841 1
[TGT] promoter sells 12 lakh shares for over Rs 23 crore,negative,32100 2519 52 1789 7 586 27880 4776 21 147 11715 1902 23095 1,2841 1
"Quality stocks will lead the rally: Vijai Mantri, [TGT]",neutral,6495 10145 56 991 8 13980 10 1813 1191 23 1140 1788 6 32100 1,7163 1
NSEL Imbroglio: Enforcement Directorate now attaches [TGT] in Mumbai,neutral,445 23143 1318 5702 4707 32 10 27075 2578 342 230 9129 15 7 32100 16 15810 1,7163 1
Indices on firm footing; [TGT] in focus,positive,10194 2319 30 1669 2418 53 117 32100 16 992 1,1465 1
"HSBC says [TGT], PI Industries top picks in agri sector",positive,3 4950 7645 845 32100 3 6 3 4111 18080 420 1432 7 16 3 9 3496 2393 1,1465 1
[TGT] likely to invite bids for MCX stake this week,neutral,32100 952 12 5484 6894 7 21 3 3698 4 8474 48 471 1,7163 1
Broker's Call: [TGT] puts Bajaj Finance on buy,neutral,20696 31 7 2571 10 32100 10762 2659 1191 354 7679 30 805 1,7163 1
"Does India's Warren Buffett, Rakesh Jhunjhunwala, see a Burlington Santa Fe in [TGT]?",neutral,3520 1547 31 7 16700 25128 17 6 2922 7735 107 446 107 202 354 107 202 5380 9 6 217 3 9 4152 40 6029 4625 4163 16 32100 3 58 1,7163 1
[TGT] can slide down to levels closer to 1370: Prakash Gaba,negative,32100 54 9116 323 12 1425 4645 12 1179 2518 10 6110 157 3198 15894 9 1,2841 1
"[TGT] to continue with face-to-face bidding, lines up $1.7 mn for technology upgrade",neutral,32100 12 916 28 522 18 235 18 4861 2647 7249 6 2356 95 1514 18596 3 51 29 21 748 5941 1,7163 1
[TGT] players find more value off the Street,positive,32100 1508 253 72 701 326 8 1887 1,1465 1
"[TGT] slip from six-year highs, uptick in banks cap losses",negative,32100 7560 45 1296 18 1201 306 7 6 95 17 3142 16 5028 2468 8467 1,2841 1
[TGT] trims exposure in line with the overall reserves management strategy of RBI,neutral,32100 6228 7 4773 16 689 28 8 1879 11222 758 1998 13 19979 1,7163 1
"[TGT], logistic companies set to gain from GST implementation",positive,32100 3 6 28820 688 356 12 2485 45 25541 4432 1,1465 1
[TGT] quarterly net profit jumps to Rs 424 cr,positive,32100 20232 3134 3199 4418 7 12 11715 314 2266 5764 1,1465 1
[TGT] launches institutional trading platform on BSE SME,neutral,32100 22506 13533 3415 1585 30 272 4132 180 4369 1,7163 1
[TGT] down 2.5% on disappointing earnings,negative,32100 323 1682 2712 30 21497 8783 1,2841 1
[TGT]: Price hike helps company post growth in sales during Q1,positive,32100 3 10 5312 8598 1691 349 442 1170 16 1085 383 1593 536 1,1465 1
"Wives, daughters chip in to rescue listed companies in compliance with [TGT] new norm",neutral,549 8763 6 16649 6591 16 12 9635 2616 688 16 5856 28 32100 126 7982 1,7163 1
Sensex falls over 200 points; [TGT] slips below 200-DMA,negative,3 19003 226 7250 147 2382 979 117 32100 7560 7 666 2382 18 308 4148 1,2841 1
[TGT] a turnaround story; IFB Inds to see festive boost: Kunj Bansal,positive,32100 3 9 26547 733 117 27 15586 86 26 7 12 217 15723 4888 10 20930 354 5185 7 138 1,1465 1
"HDFC is down on subdued banking space: Pankaj Pandey, [TGT]",neutral,3726 5390 19 323 30 769 1259 15 26 8175 628 10 4266 1258 354 4266 221 63 6 32100 1,7163 1
"Bulls troll bears on D-Street: Sensex ends 216 points up, [TGT] above 7,650",positive,10204 7 3 17 4046 4595 7 30 309 18 11500 15 15 17 10 3 19003 226 5542 3 27184 979 95 6 32100 756 7973 15348 1,1465 1
[TGT] likely to report 10% growth in Q3 net profit,positive,32100 952 12 934 6389 1170 16 1593 519 3134 3199 1,1465 1
Sanjiv Goenka ropes in Law & Kenneth to create corporate identity for his share of [TGT],neutral,1138 21391 208 1263 35 1258 13888 7 16 2402 3 184 16267 189 12 482 2849 4810 21 112 698 13 32100 1,7163 1
"[TGT] surges on aggressive rate message, euro steady",positive,32100 18787 7 30 8299 1080 1569 6 3983 11207 1,1465 1
Shibulal may succeed Kris Gopalakrishnan as [TGT] CEO this April,neutral,4804 6724 138 164 7229 9375 1263 13878 10648 7 107 29 152 38 32100 4071 48 1186 1,7163 1
[TGT] reports Q4 net profit at Rs 18.07 crore,neutral,32100 2279 1593 591 3134 3199 44 11715 12265 4560 23095 1,7163 1
"Broking firms lower earnings estimates for Nifty, [TGT] companies",negative,4027 1765 5654 1364 8783 10014 21 445 21822 6 32100 688 1,2841 1
"Sensex, Nifty hit fresh record highs; HDFC, TCS, [TGT] lead gains",positive,3 19003 226 6 445 21822 1560 1434 1368 306 7 117 3726 5390 6 332 4778 6 32100 991 11391 1,1465 1
"[TGT] gains 8% on robust Q1 results, expansion plans",positive,32100 11391 3 5953 30 6268 1593 536 772 6 5919 1390 1,1465 1
"Liquidity overhang hits [TGT] margin, net flat at Rs 2,479cr",negative,1414 1169 26 485 147 9270 8046 32100 6346 6 3134 2667 44 11715 3547 591 4440 75 52 1,2841 1
"[TGT] ends flat in earnings, data lull",neutral,32100 5542 2667 16 8783 6 331 3 40 83 40 1,7163 1
[TGT] rallies 5% on RBI's infra lending norms; CLSA maintains 'buy',positive,32100 26930 7 3 2712 30 19979 31 7 16 89 52 9 16391 7982 7 117 11175 4507 1961 7 3 31 14584 31 1,1465 1
[TGT] bags Rs 329 crore contract; stock surges,positive,32100 5621 11715 220 3166 23095 1696 117 1519 18787 7 1,1465 1
[TGT] surges over 3 pc on stake sale report,positive,32100 18787 7 147 220 3 102 75 30 8474 1048 934 1,1465 1
"[TGT] cautious on Ukraine anxiety; China, India lead gains",negative,32100 20917 30 11897 6261 117 1473 6 1547 991 11391 1,2841 1
Global fund managers eyeing fall in [TGT]; to turn buyer post 10%-20% correction in market,negative,3699 3069 5903 1580 53 1590 16 32100 3 117 12 919 8001 442 6389 7988 1454 11698 16 512 1,2841 1
"Record Wall Street high, upbeat Chinese data lift European, [TGT]",positive,11392 3556 1887 306 6 95 12745 2830 331 5656 1611 6 32100 1,1465 1
"Market will be buoyant, don't wait for correction: Raamdeo Agrawal, [TGT]",neutral,3611 56 36 28936 288 6 278 31 17 1749 21 11698 10 2922 265 221 32 71 3484 5380 6 32100 1,7163 1
Fresh entry into [TGT] at these levels may be too risky: Jagannadham Thunuguntla,negative,8767 1764 139 32100 44 175 1425 164 36 396 1020 63 10 21520 10878 26 1483 23973 29 76 8765 17 521 1,2841 1
Khazanah submits offer to acquire control of [TGT],positive,12877 1629 8607 4237 7 462 12 7464 610 13 32100 1,1465 1
[TGT] plans foray into commodity trading; board gives nod for new platform,neutral,32100 1390 21 9 63 139 23070 3415 117 1476 1527 150 26 21 126 1585 1,7163 1
"[TGT] appoints new CEOs for beverages, foods businesses",neutral,32100 3 9 102 2700 7 126 4071 7 21 18928 6 4371 1623 1,7163 1
[TGT] FY-11 net profit down 36% at Rs 29 crore,negative,32100 23263 9169 3134 3199 323 220 6370 44 11715 2838 23095 1,2841 1
[TGT] posts loss of Rs 14.84 cr for Oct-Dec,negative,32100 3489 1453 13 11715 9264 4608 5764 21 6416 18 2962 75 1,2841 1
[TGT] should be range bound between 7950-8050: Ashwani Gujral,neutral,32100 225 36 620 8120 344 489 25188 18 2079 1752 10 7153 3877 23 2846 354 4900 1,7163 1
[TGT] hits 3-month low after German data surprise,negative,32100 8046 5354 7393 731 227 2968 331 4158 1,2841 1
"Maruti, [TGT] top picks in auto space: Jagannadham Thunuguntla, SMC Global Securities",positive,1534 6830 23 6 32100 420 1432 7 16 1510 628 10 21520 10878 26 1483 23973 29 76 8765 17 521 6 180 3698 3699 20571 1,1465 1
[TGT] to revamp initial public offer process,neutral,32100 12 27453 2332 452 462 433 1,7163 1
European shares dip early; [TGT] sinks,negative,1611 4776 10823 778 117 32100 5067 7 1,2841 1
"LIC, GIC and [TGT] are good bets now: Phani Shekhar, Angel Broking",positive,3 19624 6 350 4666 11 32100 33 207 36 17 7 230 10 3657 2738 451 157 3272 6 5126 4027 1765 1,1465 1
Miners dent FTSE as [TGT] slides,negative,4765 277 177 17 3 6245 4132 38 32100 16044 1,2841 1
[TGT] gains; coal-based plants favoured,positive,32100 11391 117 8416 18 390 2677 14499 15 26 1,1465 1
"Next 3 years will be transformational for [TGT], says Mukesh Ambani",positive,3021 220 203 56 36 6586 138 21 32100 3 6 845 4159 7735 107 736 3478 23 1,1465 1
Risk reward in [TGT] unfavourable at current levels: Nomura,negative,14729 9676 16 32100 73 30786 44 750 1425 10 465 11054 9 1,2841 1
JLR plants unrest could be near-term negative for Tata Motors: [TGT],neutral,446 12564 2677 73 6216 228 36 1084 18 1987 2841 21 9233 9 5083 7 10 32100 1,7163 1
[TGT] shares tank 5.6% on bourses,negative,32100 4776 5040 3594 6370 30 3 21579 15 7 1,2841 1
[TGT] slips over 1% on weak October-December quarter outlook,negative,32100 7560 7 147 3 4704 30 5676 1797 18 29835 2893 16395 1,2841 1
[TGT] October-December net rises 18% to Rs 326 crore on tax benefits,positive,32100 1797 18 29835 3134 3098 7 507 1454 12 11715 220 2688 23095 30 1104 1393 1,1465 1
[TGT] plunge sends global equity markets tumbling,negative,32100 20593 1299 7 1252 8408 3212 3 17 22345 1,2841 1
"Dealing room buzz: [TGT], M&M, Tata Steel, SBI",neutral,10527 53 562 15886 10 32100 3 6 283 184 329 6 9233 9 6349 6 180 5972 1,7163 1
"HUL likely to remain at around 680 odd levels: Tirthankar Patnaik, [TGT]",neutral,454 4254 952 12 2367 44 300 431 2079 8617 1425 10 2262 52 20349 291 5192 29 9 23 157 6 32100 1,7163 1
"Small investors find merit in beaten-down midcaps like KFA, [TGT], Lanco Infra",positive,4872 4367 253 7565 16 3 17349 18 3035 2076 4010 7 114 480 4795 6 32100 3 6 9144 509 86 89 52 9 1,1465 1
NSE to organise tech summit for [TGT],neutral,445 4132 12 3640 159 15 5256 13385 21 32100 1,7163 1
[TGT] reports 30 per cent drop in Q1 net profit,negative,32100 2279 604 399 3151 2328 16 1593 536 3134 3199 1,2841 1
Too early to say consensus has cut [TGT]'s overweight rating: JPMorgan,neutral,9647 778 12 497 16698 65 1340 32100 3 31 7 26676 5773 10 446 6218 11127 1,7163 1
[TGT] rally up to 14% as ready reckoner rates go up by 20%,positive,32100 13980 95 12 209 5988 38 1065 27464 49 1917 281 95 57 7580 1,1465 1
[TGT] appoints Shilpa Divekar Nirula as India Region CEO,neutral,32100 3 9 102 2700 7 4804 40 102 9 309 757 4031 2504 5155 9 38 1547 6163 4071 1,7163 1
[TGT] Q3 profit dips 26% on sluggish sales,negative,32100 1593 519 3199 10823 7 204 6370 30 3 7 40 13917 1273 1085 1,2841 1
"Dismal US retail sales data lifts Asia Forex, [TGT] up ahead of central bank rate decision",positive,2678 1982 837 3549 1085 331 5656 7 3826 16503 6 32100 95 2177 13 2069 2137 1080 1357 1,1465 1
[TGT] hit over 13-month high; fall in crude helps,positive,32100 1560 147 1179 18 7393 306 117 1590 16 19058 1691 1,1465 1
[TGT] appoints Leo Puri as managing director after more than 2-year search,neutral,32100 3 9 102 2700 7 312 32 7333 23 38 5037 2090 227 72 145 8401 1201 960 1,7163 1
[TGT] gains over 3% on deal with Reliance Jio,positive,32100 11391 147 3 5170 30 1154 28 419 9928 565 7802 32 1,1465 1
[TGT] futures fall 0.49% on Asian cues,negative,32100 647 7 1590 3 22776 7561 30 6578 123 15 7 1,2841 1
Turn positive on [TGT] post Q1 show: Gaurav Mehta,positive,5527 1465 30 32100 442 1593 536 504 10 12520 11852 1212 107 17 9 1,1465 1
Derailed expectations! Rail stocks slip 20%; [TGT] sinks 517 points,negative,660 10990 4454 55 17169 10145 7560 7580 117 32100 5067 7 305 2517 979 1,2841 1
How the [TGT] impacts you,neutral,571 8 32100 11737 25 1,7163 1
"[TGT] tanks 7%, hits 52-week low as SC denies cancer drug patent",negative,32100 16007 3 6170 6 8046 9065 18 8041 731 38 6508 177 725 1874 2672 7432 1,2841 1
"Brokers' Call: [TGT], DRL, Cipla and Coal India",positive,20696 7 31 2571 10 32100 3 6 309 12831 6 4385 6042 11 638 138 1547 1,1465 1
[TGT] Q1 Net up 25% at $ 58.1 million,positive,32100 1593 536 6540 95 12238 44 1514 305 20677 770 1,1465 1
"Watch for [TGT]'s level of 2400: Rajat Bose, rajatkbose.com",neutral,4195 21 32100 3 31 7 593 13 204 5548 10 13509 144 1491 7 15 6 3 9655 144 157 115 32 7 15 5 287 1,7163 1
"Technicals point to increasing probability of 7,000 on [TGT]",neutral,10728 7 500 12 3094 15834 13 3 18834 30 32100 1,7163 1
"Defensives like [TGT], FMCG perform better than all cyclical stocks: Ashwani Gujral",positive,374 23039 15 7 114 32100 3 6 13409 12150 1912 394 145 66 3 7132 1950 10145 10 7153 3877 23 2846 354 4900 1,1465 1
[TGT] shares surge 20% on spin-off plans,positive,32100 4776 18787 7580 30 5404 18 1647 1390 1,1465 1
[TGT]yield at over 2-week high as RBI says to cut HTM,positive,32100 6339 44 147 8401 8041 306 38 19979 845 12 1340 454 2305 1,1465 1
L&T Finance case: Factorial says will cooperate with [TGT],neutral,301 184 382 7679 495 10 11543 11929 845 56 23109 28 32100 1,7163 1
"[TGT] Q1 profit tops forecast, stands by market outlook",positive,32100 1593 536 3199 420 7 7555 6 5024 57 512 16395 1,1465 1
[TGT] tanks as open offer price lower than CMP,negative,32100 16007 38 539 462 594 1364 145 205 5244 1,2841 1
Five reasons why investors should stay away from [TGT],negative,9528 2081 572 4367 225 1049 550 45 32100 1,2841 1
[TGT] can easily reach 133 levels: Rajat Bose,positive,32100 54 1153 1535 3 22974 1425 10 13509 144 1491 7 15 1,1465 1
"[TGT], BPCL may still offer value for long term investors: Mayuresh Joshi of Angel Broking",positive,32100 3 6 3 11165 8440 164 341 462 701 21 307 1657 4367 10 932 7665 107 14136 23 13 5126 4027 1765 1,1465 1
[TGT]'s Q4 net up 25.9 pc to Rs 51.88 crore,positive,32100 3 31 7 1593 591 3134 95 944 5 1298 3 102 75 12 11715 11696 5 4060 23095 1,1465 1
"Hopes of rate cut, good Q3 lift [TGT] to a new high",positive,6000 7 13 1080 1340 6 207 1593 519 5656 32100 12 3 9 126 306 1,1465 1
[TGT] success holds key to Bharti's future growth,positive,32100 1269 4532 843 12 272 13626 23 31 7 647 1170 1,1465 1
"Swiss franc hits three week low versus [TGT], talk of SNB intervention swirls",neutral,11541 3 6296 75 8046 386 471 731 3 8911 32100 3 6 1350 13 180 14972 7897 25466 7 1,7163 1
"Syndicate Bank, [TGT] & Bhushan Steel crack upto 20% in bribery case",negative,3 31715 342 1925 6 32100 3 184 272 11823 2618 6349 5261 95 235 7580 16 3 2160 1152 63 495 1,2841 1
"Sensex rangebound; capital goods, [TGT], power decline",negative,3 19003 226 620 6115 117 1784 4968 6 32100 3 6 579 7198 1,2841 1
Ten market-linked insurance funds beat [TGT] on fiscal returns,neutral,4738 512 18 29000 958 2731 3853 32100 30 5043 5146 1,7163 1
"Absorb the upmove and then buy ICICI Bank, [TGT] and L&T: Ajay Bodke",positive,891 23651 8 95 7168 15 11 258 805 3 18316 3597 1925 6 32100 11 301 184 382 10 71 1191 63 1491 26 1050 1,1465 1
"[TGT] may remain sideways; 8,150-8,200 range holds the key: Ashwani Gujral",neutral,32100 164 2367 596 6415 117 9478 12278 6039 6 3632 620 4532 8 843 10 7153 3877 23 2846 354 4900 1,7163 1
"[TGT] prices IPO at Rs 1,050 per share",neutral,32100 1596 3 25470 44 11715 1914 632 1752 399 698 1,7163 1
[TGT] issues new reporting norms for over-the-counter trades,neutral,32100 807 126 5099 7982 7 21 147 18 532 18 22349 1668 7 1,7163 1
"[TGT] to stay in 800-950 range, says Jagdish Malkani",neutral,32100 12 1049 16 21831 25188 620 6 845 21520 26 1273 2148 3304 23 1,7163 1
"[TGT] is a great company: Avinash Gorakshekar, Anagram Capital Ltd",positive,32100 19 3 9 248 349 10 71 2494 3198 1263 9782 7 88 4031 6 5331 5096 5826 3937 1,1465 1
"[TGT], Twitter & Yelp: Wall Street unwilling to overlook missteps at some of its Internet darlings",neutral,32100 3 6 3046 3 184 7271 40 102 10 3556 1887 28963 12 12244 1817 7910 7 44 128 13 165 1284 649 697 7 1,7163 1
[TGT] posts Rs 26 crore loss in September quarter,negative,32100 3489 11715 2208 23095 1453 16 1600 2893 1,2841 1
[TGT] firm; ringgit falls on weak oil demand,neutral,32100 1669 117 3 1007 12651 7250 30 5676 1043 2173 1,7163 1
"[TGT] makes $1.9 bn second open offer, USL surges 15%: Should investors tender shares",neutral,32100 656 1514 22493 3 115 29 511 539 462 6 837 434 18787 7 13914 10 5066 4367 9024 4776 1,7163 1
[TGT] plunges 14.2 per cent after posting wider loss,negative,32100 20593 7 9264 357 399 3151 227 5910 6281 1453 1,2841 1
"Disappointments ahead in [TGT], says Ambit Capital",negative,2678 9 102 2700 4128 2177 16 32100 3 6 845 20875 17 5826 1,2841 1
Shekhar Mittal takes over as [TGT] chief,neutral,451 157 3272 1311 1947 1217 147 38 32100 5752 1,7163 1
"Barclays overweight on [TGT], target Rs 1,065.",positive,1386 75 20244 26676 30 32100 3 6 2387 11715 1914 5176 9125 1,1465 1
"Coal India, buy on dips: Deven Choksey, [TGT]",neutral,638 138 1547 6 805 30 10823 7 10 374 1926 6285 157 7 15 63 6 32100 1,7163 1
"[TGT] futures tumble to below 26,000; five reasons why yellow metal is losing sheen",negative,32100 647 7 26565 12 666 204 14835 117 874 2081 572 4459 1946 19 5489 255 35 1,2841 1
IT and [TGT] sectors broadly currency play: Mitesh Thacker,neutral,2344 11 32100 8981 23971 7481 577 10 1311 15 7 107 16118 3383 1,7163 1
[TGT] holds steady above $105 on geopolitical tension ahead of inventory data,neutral,32100 4532 11207 756 1970 3076 30 9502 3003 17 1950 7012 2177 13 7705 331 1,7163 1
Investor confidence to be back with [TGT]: Gaurang Shah,positive,16873 3410 12 36 223 28 32100 3 10 12520 6287 19669 1,1465 1
"Known parties manipulated trades on MCX, says [TGT] audit",neutral,3 26176 2251 3 31968 1668 7 30 3 3698 4 6 845 32100 6572 1,7163 1
[TGT]futures up further,positive,32100 647 7 95 856 1,1465 1
Advisory firm SES asks Infosys investors to vote against merger of [TGT] and EdgeVerve Systems,neutral,3 17037 1669 180 3205 987 7 7880 7 63 7 4367 12 2902 581 18917 13 32100 11 11690 5000 162 5479 1,7163 1
"[TGT] December show, Federal minutes to set pace for markets",neutral,32100 1882 504 6 5034 676 12 356 4974 21 3212 1,7163 1
Harish Bhat to be member-Group Executive Council of [TGT],neutral,3504 1273 272 547 12 36 1144 18 27247 5408 2063 13 32100 1,7163 1
"Rally in [TGT], RIL drives Sensex to one-month high",positive,391 1427 16 32100 3 6 391 3502 9350 3 19003 226 12 80 18 7393 306 1,1465 1
Warren Buffett's [TGT] equity portfolio goes awry; loses $5 bn since June 30,negative,16700 25128 17 31 7 32100 8408 4833 1550 3 9 210 651 117 2615 7 6422 3 115 29 437 1515 604 1,2841 1
"[TGT] opens in red; Reliance, ONGC, GAIL down",negative,32100 9540 16 1131 117 419 9928 565 6 3 15628 254 6 350 22862 323 1,2841 1
"[TGT] rangebound, retests 28000; top ten stocks in focus",neutral,32100 620 6115 6 3 60 4377 7 2059 2313 117 420 3 324 10145 16 992 1,7163 1
Cautious even at current levels on OMCs: [TGT],neutral,16371 17 2936 237 44 750 1425 30 411 3698 7 10 32100 1,7163 1
[TGT] AGM venue irks minority shareholders,neutral,32100 71 7381 5669 3 12546 7 16392 17780 1,7163 1
"Samvat 2071 likely to remain volatile, but [TGT] can rally 20% in next 12 months",positive,3084 900 17 460 4450 952 12 2367 25359 6 68 32100 54 13980 7580 16 416 586 767 1,1465 1
[TGT] promoters may dilute stake by 10%,negative,32100 2519 52 7 164 1227 18453 8474 57 6389 1,2841 1
"First time buyers, discounts offered boosts [TGT]'s performance",positive,1485 97 6094 6 9228 1860 4888 7 32100 3 31 7 821 1,1465 1
"Net worth of brokerage firms like Motilal Oswal, [TGT], Nirmal Jain up by 60%-140% due to current rally",positive,6540 1494 13 26231 5654 114 1290 17 173 138 411 7 5380 6 32100 3 6 2504 52 1982 2215 77 95 57 15436 11590 6932 788 12 750 13980 1,1465 1
"MCX, [TGT] debate over preferential share allotment",neutral,3 3698 4 6 32100 5054 147 2396 7220 698 66 32 17 297 1,7163 1
"[TGT] futures up 0.55 pc on overseas cues, spot demand",positive,32100 647 7 95 4097 3769 3 102 75 30 10055 123 15 7 6 2140 2173 1,1465 1
"Sluggish demand, currency swings may hit [TGT] profit",negative,180 40 13917 1273 2173 6 7481 7180 7 164 1560 32100 3199 1,2841 1
Sell [TGT] with target price of Rs 168: Ashwani Gujral,negative,16922 32100 28 2387 594 13 11715 3 24274 10 7153 3877 23 2846 354 4900 1,2841 1
[TGT] firm after sound US data,positive,32100 1669 227 1345 837 331 1,1465 1
Sensex drops over 100 points from record high; [TGT] plunges 20%,negative,3 19003 226 11784 147 910 979 45 1368 306 117 32100 20593 7 7580 1,2841 1
[TGT] surges 20% after Reliance fund buys 6.7%,positive,32100 18787 7 7580 227 419 9928 565 3069 805 7 4357 6170 1,1465 1
[TGT] finally sacks Arora as COO of its budget airline,neutral,32100 2031 3 15525 7 71 22215 38 2847 667 13 165 1487 11545 1,7163 1
"[TGT], Adani Ports among six companies that hit their 52-week lows today",positive,32100 3 6 1980 2738 3625 7 859 1296 688 24 1560 70 9065 18 8041 731 7 469 1,1465 1
Tribunal asks [TGT] to select SRO afresh for MF distributors,neutral,24910 987 7 32100 12 1738 180 4630 3 9 20164 21 3 13286 13473 7 1,7163 1
"3 [TGT] staff being probed in bribery, other cases",negative,220 32100 871 271 12732 26 16 3 2160 1152 63 6 119 1488 1,2841 1
[TGT] appoints new executives,neutral,32100 3 9 102 2700 7 126 13510 1,7163 1
[TGT] mixed after solid demand at 5-year auction,neutral,32100 4838 227 1973 2173 44 7670 1201 8493 1,7163 1
[TGT]s insurance contract up for renewal on October 1 for an estimated $25 million,neutral,32100 3 7 958 1696 95 21 16868 30 1797 209 21 46 5861 14685 770 1,7163 1
[TGT] are going to volatile: Sangeeta Purushottam,negative,32100 33 352 12 25359 10 1051 397 15 17 9 7333 76 11159 17 265 1,2841 1
Three Chinese asset managers commit funds to [TGT] purchase plans,neutral,5245 2830 7000 5903 10042 2731 12 32100 1242 1390 1,7163 1
[TGT] appoints Nitin Prasad as India head,neutral,32100 3 9 102 2700 7 2504 17 77 6110 7 9 26 38 1547 819 1,7163 1
[TGT] Q3 PAT seen up 8% at Rs 871 crore; stock down,neutral,32100 1593 519 276 5767 894 95 3 5953 44 11715 505 4450 23095 117 1519 323 1,7163 1
[TGT] bonds revive grey market; draw criticism from investors,negative,32100 13237 25317 7592 512 117 3314 12334 45 4367 1,2841 1
Sebi seeks clarification on [TGT] IPO,neutral,679 115 23 2762 7 28733 30 32100 3 25470 1,7163 1
Fund houses may ask [TGT] to protect interest of Maruti investors,neutral,3563 4790 164 987 32100 12 1822 1046 13 1534 6830 23 4367 1,7163 1
"[TGT] a great investment story, says Prakash Diwan",positive,32100 3 9 248 1729 733 6 845 6110 157 3198 2043 3877 1,1465 1
"L&T, Adani Ports, Adani Enterprises & IRB Infrastructure top bets post Budget: [TGT]",neutral,301 184 382 6 1980 2738 3625 7 6 1980 2738 8526 7 3 184 27 12108 24076 420 36 17 7 442 12532 10 32100 1,7163 1
[TGT] plunges nearly 9% post Q1 results,negative,32100 20593 7 2111 3 7561 442 1593 536 772 1,2841 1
[TGT] extends rights issue till April 30,neutral,32100 4285 7 2166 962 6501 1186 604 1,7163 1
"Deal with [TGT] will benefit Lovable: Phani Shekhar, Angel Broking",neutral,10527 28 32100 56 1656 1815 208 179 10 3657 2738 451 157 3272 6 5126 4027 1765 1,7163 1
10-year bonds hit over 13-month high; fall in [TGT] helps,negative,9445 1201 13237 1560 147 1179 18 7393 306 117 1590 16 32100 1691 1,2841 1
"F&O Tracker: Foxed by [TGT] slide, traders unwind longs",negative,377 184 667 8799 49 10 7547 15 26 57 32100 9116 6 14641 73 5165 307 7 1,2841 1
[TGT] Q2 net up 12.5% to Rs 75 cr,positive,32100 1593 357 3134 95 8013 2712 12 11715 6374 5764 1,1465 1
Investors sell old [TGT] to put money in new,neutral,16873 7 1789 625 32100 12 474 540 16 126 1,7163 1
"IPO of four companies to hit [TGT] this month; estimated Rs 1,800 crores to be raised",neutral,3 25470 13 662 688 12 1560 32100 48 847 117 5861 11715 1914 6192 23095 7 12 36 3279 1,7163 1
[TGT] is a very good stock: Networth Stock Broking,positive,32100 19 3 9 182 207 1519 10 6540 7048 6394 4027 1765 1,1465 1
"[TGT], other steel remain flat in thin trade",neutral,32100 3 6 119 2470 2367 2667 16 5551 1668 1,7163 1
[TGT] Q3 net loss widens to Rs 760 crore,negative,32100 1593 519 3134 1453 1148 29 7 12 11715 3 28212 23095 1,2841 1
Revision in contract between RasGas and Petronet to benefit tile makers like Kajaria and [TGT],positive,419 6610 16 1696 344 9053 517 9 7 11 17786 1582 12 1656 6428 13730 114 2209 354 6286 11 32100 1,1465 1
"Sinking [TGT]: How exposed are you, how did the bubble begin",negative,26560 53 32100 3 10 571 6666 33 25 6 149 410 8 11144 1731 1,2841 1
"[TGT], Sun Pharma hit 52-week highs as investors flock to defensives",positive,32100 3 6 3068 17823 1560 9065 18 8041 306 7 38 4367 23228 12 11976 7 1,1465 1
[TGT]'s profit after tax jumps 8.87% to Rs 343.24 cr in Q1,positive,32100 3 31 7 3199 227 1104 4418 7 4848 927 6170 12 11715 6154 5787 2266 5764 16 1593 536 1,1465 1
Margin pressure likely to continue for [TGT],negative,16409 77 1666 952 12 916 21 32100 1,2841 1
Birla Corp looks attractive as [TGT] deal expected to boost presence,neutral,10158 521 10052 1416 5250 38 32100 1154 1644 12 4888 3053 1,7163 1
"Post Q4 earnings, [TGT] appear safer bets in volatile market",positive,1844 1593 591 8783 6 32100 2385 14289 36 17 7 16 25359 512 1,1465 1
"[TGT]: Healthy order book, smart execution to help beat slump blues",neutral,32100 3 10 19188 455 484 6 2592 9328 12 199 3853 31649 1692 7 1,7163 1
[TGT] tanks as Sebi approves government's stake hike to 55.57%,negative,32100 16007 38 679 115 23 15444 7 789 31 7 8474 8598 12 305 15938 6170 1,2841 1
[TGT] implements 3G services for RCom; stock up,positive,32100 4028 7 220 517 364 21 391 5890 117 1519 95 1,1465 1
IRFC raises $500 million via [TGT],neutral,3 5705 5390 3033 7 17005 770 1009 32100 1,7163 1
Bearish on [TGT] and ONGC: Mitesh Thacker,negative,9034 1273 30 32100 11 3 15628 254 10 1311 15 7 107 16118 3383 1,2841 1
[TGT] continues to face exodus of top executives,neutral,32100 3256 12 522 1215 32 8655 13 420 13510 1,7163 1
"Bulls run for cover: [TGT] plunges over 860 points on oil, Greece concerns",negative,10204 7 661 21 1189 10 32100 20593 7 147 505 3328 979 30 1043 6 12263 3315 1,2841 1
Kenneth Andrade exits [TGT] leaving investors jittery,negative,16267 189 275 15530 7189 7 32100 3140 4367 3 13272 449 63 1,2841 1
"Daimler, Akzo Nobel prop up [TGT]",positive,878 603 1171 6 4823 172 32 22232 6377 95 32100 1,1465 1
"Interim Budget 2014: [TGT] subsidy payments postponed to next fiscal, investors should keep a watch on lowering of subsidies",neutral,3037 603 12532 1412 10 32100 28942 63 4364 442 5041 15 26 12 416 5043 6 4367 225 453 3 9 1605 30 3 23358 13 26994 1,7163 1
[TGT] surge up to 15 per cent as government plans infra push,positive,32100 18787 95 12 627 399 3151 38 789 1390 16 89 52 9 3292 1,1465 1
Brokerages up target price for [TGT] post Comviva buy,positive,20696 2568 95 2387 594 21 32100 442 2570 7003 9 805 1,1465 1
"[TGT], sterling buoyant before central bank meetings",positive,32100 3 6 24248 28936 288 274 2069 2137 4677 1,1465 1
Wipro rallies on winning 10-year outsourcing engagement with [TGT],neutral,2142 1409 26930 7 30 3447 9445 1201 25367 3813 28 32100 1,7163 1
"FIIs, sovereign funds to keep India mkt full of liquidity: [TGT]",neutral,3 4936 196 7 6 26800 2731 12 453 1547 3 51 157 17 423 13 27605 10 32100 1,7163 1
Samvat 2071: Top nine stocks for Diwali 2014 by [TGT],neutral,3084 900 17 460 4450 10 2224 4169 10145 21 2043 5380 23 1412 57 32100 1,7163 1
Rupee near 10-month high on WPI; [TGT] seen stepping in,neutral,2770 855 15 1084 9445 7393 306 30 549 4111 117 32100 894 3 19115 16 1,7163 1
"Indian funds, HNIs eye slice of [TGT] mega IPO",neutral,2557 2731 6 454 6197 7 1580 13810 13 32100 13950 3 25470 1,7163 1
Fitch Ratings assigns BB+ to [TGT] $1.5 billion notes,neutral,377 7059 21662 7 12317 7 3 7640 1220 12 32100 1514 16593 2108 3358 1,7163 1
"German stocks power to new high; [TGT], US Federal Reserve in focus",neutral,2968 10145 579 12 126 306 117 32100 3 6 837 5034 9473 16 992 1,7163 1
US stocks: [TGT] ends first day of 2015 flat,neutral,837 10145 10 32100 5542 166 239 13 1230 2667 1,7163 1
[TGT] likely to pick 5 per cent stake in BHEL,neutral,32100 952 12 1432 305 399 3151 8474 16 3 23631 3577 1,7163 1
"Nifty, [TGT] end at all-time closing high on strong inflows",positive,445 21822 6 32100 414 44 66 18 715 6733 306 30 1101 16 7631 7 1,1465 1
"[TGT] prices 30-year, $974 million bond in Taiwan: Sources",neutral,32100 1596 12471 1201 6 16616 4581 770 6235 16 14441 10 9149 7 1,7163 1
Gulf mixed; [TGT] falls as money flows into Amlak,negative,13566 4838 117 32100 7250 38 540 14428 139 736 40 1639 1,2841 1
"[TGT] finds a $4 bn mistake; suspends buyback, dividend hike plans",negative,32100 12902 3 9 7514 3 115 29 6202 117 12547 7 805 1549 6 12190 8598 1390 1,2841 1
[TGT] stocks jump up to 20% on apparel business merger,positive,32100 10145 4418 95 12 7580 30 21067 268 18917 1,1465 1
[TGT] appoints Naresh Rattan as COO of tractor biz,neutral,32100 3 9 102 2700 7 1823 60 7 107 6455 17 152 38 2847 667 13 21242 3 19000 1,7163 1
"Real Estate Bill just a temporary sentiment booster, says Mehraboon Irani on [TGT]",negative,2977 6925 3259 131 3 9 7234 6493 22205 6 845 11093 9008 106 7449 23 30 32100 1,2841 1
[TGT] names Hetal Dalal as COO,neutral,32100 3056 216 1947 10729 138 38 2847 667 1,7163 1
[TGT] doing well: Ashwani Gujral,positive,32100 692 168 10 7153 3877 23 2846 354 4900 1,1465 1
"BPCL and IOC look good: Ashish Maheshwari, [TGT]",neutral,3 11165 8440 11 27 5618 320 207 10 7153 1273 8555 15 7 107 2910 23 6 32100 1,7163 1
[TGT] comes back to bite,negative,32100 639 223 12 9133 1,2841 1
MCX-SX is well ring-fenced from [TGT] crisis: Sebi,neutral,3 3698 4 18 134 4 19 168 3 1007 18 31037 45 32100 5362 10 679 115 23 1,7163 1
[TGT] revises equity transaction charges,neutral,32100 5109 23 2260 8408 5878 3991 1,7163 1
"BSE, [TGT] to suspend share trading of non-compliant companies",neutral,272 4132 6 32100 12 12547 698 3415 13 529 18 7699 9333 688 1,7163 1
There is jitteriness in the [TGT]: Ashwani Gujral,negative,290 19 3 13272 449 6096 16 8 32100 3 10 7153 3877 23 2846 354 4900 1,2841 1
[TGT]'s stock dips over 4% as concerns mount about iPhone shipments,negative,32100 3 31 7 1519 10823 7 147 3 5988 38 3315 9549 81 3146 3 30645 1,2841 1
"[TGT] slump; US FDA scrutiny, weak earnings weigh",negative,32100 31649 117 837 13648 25778 6 5676 8783 11385 1,2841 1
Russia's largest lender sees [TGT] falling further in 2016,negative,4623 31 7 2015 15398 217 7 32100 7306 856 16 1421 1,2841 1
BSE and [TGT] announce trading holiday on April 24,neutral,272 4132 11 32100 6456 3415 2297 30 1186 997 1,7163 1
"Buying OMC stocks may not be a prudent move at the moment: Dipan Mehta, Member, [TGT] & NSE",neutral,3 22522 411 3698 10145 164 59 36 3 9 26514 888 44 8 798 10 23177 152 1212 107 17 9 6 8541 6 32100 3 184 445 4132 1,7163 1
Catamarans investment in [TGT] was to help poor,neutral,3431 9 1635 3247 1729 16 32100 47 12 199 2714 1,7163 1
Top [TGT] stakeholder urges FM Arun Jaitley to review exchange norms,neutral,2224 32100 8474 5235 11872 7 13409 71 4312 2215 155 1306 12 1132 2509 7982 7 1,7163 1
[TGT] caps daily share price declines at 10 per cent,negative,32100 16753 1444 698 594 7198 7 44 335 399 3151 1,2841 1
[TGT] Q2 Net down 27 per cent at Rs 11.43 crore,negative,32100 1593 357 6540 323 2307 399 3151 44 11715 7806 4906 23095 1,2841 1
"Prefer ICICI, SBI, [TGT] from long-term perspective: Dipan Mehta",positive,1266 1010 3 18316 3597 6 180 5972 6 32100 45 307 18 1987 3503 10 23177 152 1212 107 17 9 1,1465 1
[TGT] seeks shareholders nod to raise up to Rs 650 crore,neutral,32100 2762 7 17780 150 26 12 3033 95 12 11715 3 15348 23095 1,7163 1
August [TGT] declines after rising to four-month high on lack of duty cut,negative,1660 32100 7198 7 227 6937 12 662 18 7393 306 30 2136 13 5461 1340 1,2841 1
NMCE asks members dealing with [TGT] defaulters to be alert,negative,3 16568 4770 987 7 724 4945 28 32100 4647 277 12 36 5685 1,2841 1
Prefer Idea Cellular over [TGT] in Telecom space: Ajay Bodke,neutral,1266 1010 22834 7845 4885 147 32100 16 7338 287 628 10 71 1191 63 1491 26 1050 1,7163 1
"Two-wheelers, private banks, [TGT] story to play out well: Ajay Bagga",positive,2759 18 14074 277 6 1045 5028 6 32100 733 12 577 91 168 10 71 1191 63 8055 122 9 1,1465 1
Sell [TGT] with a target of Rs 1340: Mitesh Thacker,negative,16922 32100 28 3 9 2387 13 11715 1179 2445 10 1311 15 7 107 16118 3383 1,2841 1
"[TGT], silver extend losses in global markets",negative,32100 3 6 4294 4285 8467 16 1252 3212 1,2841 1
Jain Irrigation ends in red; [TGT] upgrades stock to 'equal-weight',neutral,2215 77 27 52 3380 257 5542 16 1131 117 32100 15694 1519 12 3 31 15 11433 18 9378 31 1,7163 1
Turnaround in [TGT] may take a few more quarters,neutral,5527 15590 16 32100 164 240 3 9 360 72 2893 7 1,7163 1
[TGT] hits upper circuit on Videocon stake buy buzz,positive,32100 8046 4548 4558 30 3953 1018 8474 805 15886 1,1465 1
[TGT] upgrades Tata Steel outlook to stable after two years,neutral,32100 15694 9233 9 6349 16395 12 5711 227 192 203 1,7163 1
"CBI must apologise if enquiry fails, says former [TGT] chairman CB Bhave",neutral,205 5972 398 3 9 102 11697 7 15 3 99 25561 13288 6 845 1798 32100 13404 205 279 272 7965 1,7163 1
[TGT] seeks fresh clarification on UFO Moviez Rs 750-crore IPO,neutral,32100 2762 7 1434 28733 30 412 9868 10743 172 11715 3 9979 18 2771 60 3 25470 1,7163 1
Flight to safety keeps [TGT] near one-month high,positive,16736 12 1455 5689 32100 1084 80 18 7393 306 1,1465 1
"[TGT], BPCL, IOC, ONGC, OIL can rally up to 22% in next 12 months: Brokerages",positive,32100 3 6 3 11165 8440 6 27 5618 6 3 15628 254 6 411 3502 54 13980 95 12 204 5406 16 416 586 767 10 20696 2568 1,1465 1
See [TGT] heading towards 5180-5150 levels: Ashwani Gujral,neutral,1610 32100 6904 1587 305 20829 4525 12278 1425 10 7153 3877 23 2846 354 4900 1,7163 1
"Recommend Bosch, WABCO and [TGT]: Deven Choksey",positive,419 287 904 26 22698 6 7896 279 5911 11 32100 3 10 374 1926 6285 157 7 15 63 1,1465 1
[TGT] looks promising: Prakash Diwan,positive,32100 1416 12894 10 6110 157 3198 2043 3877 1,1465 1
[TGT] ties up with UNICEF; stock gains,positive,32100 3 3010 95 28 4417 8906 371 117 1519 11391 1,1465 1
[TGT] rides out Iraq conflict for now,neutral,32100 14432 91 7457 4129 21 230 1,7163 1
Citigroup downgrades [TGT] to 'neutral' from 'buy' citing valuations,negative,17795 10739 323 6801 7 32100 12 3 31 8992 8792 31 45 3 31 14584 31 3 17994 18662 7 1,2841 1
Cautious on [TGT]: Avinash Gorakshekar,negative,16371 17 2936 30 32100 3 10 71 2494 3198 1263 9782 7 88 4031 1,2841 1
"[TGT] sees deeper selloff if Nifty breaks below 7,752; 4 stocks that are likely to outperform",neutral,32100 217 7 7231 1789 1647 3 99 445 21822 9797 666 7973 3072 357 117 314 10145 24 33 952 12 91 883 2032 1,7163 1
"Lupin, Power Grid, [TGT] to be deleted from MSCI India Index",negative,23776 77 6 2621 23644 6 32100 12 36 16355 45 5266 3597 1547 11507 1,2841 1
[TGT] partners with Chinese banks to promote London renminbi trading,neutral,32100 3222 28 2830 5028 12 2519 1524 3 1536 1109 115 23 3415 1,7163 1
[TGT] announces 1:1 maiden bonus,neutral,32100 6456 7 19520 187 537 4023 1,7163 1
[TGT] turnover jumps by 53 pc in 1st fortnight of April,positive,32100 17847 4418 7 57 12210 3 102 75 16 209 7 17 21 17 7602 13 1186 1,1465 1
"Brokerage views on RIL, ITC, Coal India, [TGT], HUL, M&M",neutral,20696 545 2441 30 391 3502 6 27 3838 6 638 138 1547 6 32100 3 6 454 4254 6 283 184 329 1,7163 1
[TGT] Q1 results: 5 things to watch out for,neutral,32100 1593 536 772 10 305 378 12 1605 91 21 1,7163 1
"[TGT], Aurobindo should be part of core portfolio: Ajay Bodke",positive,32100 3 6 71 450 32 8610 32 225 36 294 13 2583 4833 10 71 1191 63 1491 26 1050 1,1465 1
[TGT] plunges 8.25% on massive share sale plan,negative,32100 20593 7 4848 357 2712 30 3805 698 1048 515 1,2841 1
Further 5 per cent fall on Dalal Street good to enter: [TGT],neutral,9006 305 399 3151 1590 30 10729 138 1887 207 12 2058 10 32100 1,7163 1
[TGT] to auction limits in bonds for foreign investors,neutral,32100 12 8493 6790 16 13237 21 2959 4367 1,7163 1
[TGT] rallies on upbeat Q2 numbers,positive,32100 26930 7 30 95 12745 1593 357 2302 1,1465 1
Nomura retains buy on [TGT],positive,465 11054 9 7365 7 805 30 32100 1,1465 1
Interest in [TGT] limited; bias towards high beta stocks: Gautam Trivedi,neutral,21230 16 32100 1643 117 14387 1587 306 12637 10145 10 12520 17 265 2702 162 26 23 1,7163 1
[TGT] surges by 10.79% on bourses on rights issue plans,positive,32100 18787 7 57 5477 4440 1454 30 3 21579 15 7 30 2166 962 1390 1,1465 1
"[TGT], Prakash Industries & Bhushan Steel crack upto 20% in bribery case",negative,32100 3 6 6110 157 3198 18080 3 184 272 11823 2618 6349 5261 95 235 7580 16 3 2160 1152 63 495 1,2841 1
Billionaire's stake shakes [TGT]'s buyout of David Jones,neutral,272 14916 2378 31 7 8474 8944 7 32100 3 31 7 805 670 13 1955 6193 1,7163 1
[TGT] expels Parsoli Corp as trading member,neutral,32100 8116 3573 2180 7 4172 10052 38 3415 1144 1,7163 1
"Auto, [TGT] top wealth creators in 4 years",positive,2040 6 32100 420 5987 9931 7 16 314 203 1,1465 1
Improving [TGT] add to bullish sentiment,positive,1318 18949 32100 617 12 8434 1273 6493 1,1465 1
"HDIL, LITL a BTST call: Sandeep Wagle, [TGT]",neutral,3726 3502 6 8729 12733 3 9 3 9021 4209 580 10 1051 25221 3129 3537 6 32100 1,7163 1
[TGT] climbs by Rs 500 per quintal on tight supply,positive,32100 8147 7 57 11715 2899 399 285 29 1947 30 4095 1899 1,1465 1
Forwards Market Commission seeks public comments on [TGT] making in commodity segment,neutral,25633 7 3611 3527 2762 7 452 2622 30 32100 492 16 23070 5508 1,7163 1
[TGT] Q2 net up 54% at over Rs 38 crore,positive,32100 1593 357 3134 95 305 5988 44 147 11715 6654 23095 1,1465 1
[TGT] Q3 net up 38.67% at Rs 75.83 crore,positive,32100 1593 519 3134 95 6654 5 3708 1454 44 11715 6374 5 4591 23095 1,1465 1
"[TGT] to gain from capacity expansion, retail push",positive,32100 12 2485 45 2614 5919 6 3549 3292 1,1465 1
"Airline stocks in for turbulent times, new entrants AirAsia, [TGT] to raise competition",neutral,1761 747 10145 16 21 31941 648 6 126 3 295 3569 7 1761 188 7 23 9 6 32100 12 3033 2259 1,7163 1
[TGT] production falls by 1.3 pc to 966.4 million kgs in 2010,negative,32100 999 7250 57 3 13606 3 102 75 12 3 4314 27869 770 9147 7 16 2735 1,2841 1
China Yuan edges lower on [TGT] demand for dividend payments,positive,1473 6214 152 9804 1364 30 32100 2173 21 12190 4364 1,1465 1
[TGT] rallies over 8% on assets sale plan to pare debt,positive,32100 26930 7 147 3 5953 30 4089 1048 515 12 5448 2814 1,1465 1
Why investors should say no to [TGT] and Maruti Suzuki,negative,1615 4367 225 497 150 12 32100 11 1534 6830 23 26855 1,2841 1
"CBI raids NSEL offices; Financial Tech, [TGT] tank: Is the rally in these two stocks over?",negative,205 5972 15941 7 445 23143 6036 117 5421 7130 6 32100 5040 10 27 7 8 13980 16 175 192 10145 147 58 1,2841 1
"[TGT], power & transportation will form market bulwark in coming years: Ajay Bodke",positive,32100 3 6 579 3 184 5127 56 607 512 3 6724 2910 157 16 1107 203 10 71 1191 63 1491 26 1050 1,1465 1
"[TGT] plans to sell Infratel shares; to raise over Rs 2,500 crore",neutral,32100 1390 12 1789 86 89 2206 40 4776 117 12 3033 147 11715 3 22092 23095 1,7163 1
Brokers call: Citi stays neutral on [TGT],neutral,20696 7 580 10 17795 13628 7163 30 32100 1,7163 1
"[TGT], Ashok Leyland top picks in auto space: Mayuresh Joshi",positive,32100 3 6 7153 1825 312 28900 420 1432 7 16 1510 628 10 932 7665 107 14136 23 1,1465 1
[TGT] pain has an upside for India,neutral,32100 1406 65 46 19118 21 1547 1,7163 1
[TGT] Q2 results: Ten key takeaways,neutral,32100 1593 357 772 10 4738 843 240 9 6415 1,7163 1
[TGT] succumbs to profit-booking; softens 0.18 per cent,negative,32100 22247 5937 7 12 3199 18 2567 53 117 1835 35 7 4097 2606 399 3151 1,2841 1
[TGT] trims Nifty earnings estimates,neutral,32100 6228 7 445 21822 8783 10014 1,7163 1
[TGT] net up 31 pc,positive,32100 3134 95 2664 3 102 75 1,1465 1
[TGT] stock dips over 8 pc on BSE,negative,32100 1519 10823 7 147 505 3 102 75 30 272 4132 1,2841 1
"ONGC, Oil India top pick in oil & gas space; can rally up to 46% in one year: [TGT]",neutral,3 15628 254 6 6067 1547 420 1432 16 1043 3 184 1807 628 117 54 13980 95 12 314 6370 16 80 215 10 32100 1,7163 1
"Bourses to shift Kingfisher Airlines, [TGT] to 'T' group",negative,12933 2260 12 4108 2671 6779 49 15738 6 32100 12 3 31 382 31 563 1,2841 1
[TGT] slips over 200 points; Infosys Q2 beat estimates,negative,32100 7560 7 147 2382 979 117 7880 7 63 7 1593 357 3853 10014 1,2841 1
"[TGT] set for a strong start, tracking Wall Street",positive,32100 356 21 3 9 1101 456 6 6418 3556 1887 1,1465 1
"Asian shares sag, [TGT] steadies",neutral,6578 4776 3 7 9 122 6 32100 19983 15 7 1,7163 1
"Stability may return to markets, 150 points run up possible: Deven Choksey, [TGT]",neutral,472 2020 164 1205 12 3212 6 4261 979 661 95 487 10 374 1926 6285 157 7 15 63 6 32100 1,7163 1
Traders make a killing by selling [TGT] options,neutral,3 21923 7 143 3 9 9357 57 3014 32100 931 1,7163 1
[TGT] declines on subdued local buying,negative,32100 7198 7 30 769 1259 15 26 415 2611 1,2841 1
[TGT] plans JV with foreign suitor to push growth,positive,32100 1390 446 553 28 2959 3237 127 12 3292 1170 1,1465 1
"IOB drops on [TGT] action; steps not to impact earnings, says bank",neutral,27 10539 11784 30 32100 1041 117 2245 59 12 1113 8783 6 845 2137 1,7163 1
[TGT]s net profits rises to Rs 25.23 crore,positive,32100 3 7 3134 9613 3098 7 12 11715 944 5 2773 23095 1,1465 1
Britain FTSE regains traction as [TGT] steadies,neutral,7190 3 6245 4132 3 20787 7 3 10559 38 32100 19983 15 7 1,7163 1
"[TGT] plunges over 8% as Q3 profit lags estimates, brokers slash target prices",negative,32100 20593 7 147 3 5953 38 1593 519 3199 3 5430 7 10014 6 18593 3 7 8058 2387 1596 1,2841 1
"[TGT] plans to raise Rs 1,000 crore as e-commerce marketplace rolls out",neutral,32100 1390 12 3033 11715 11668 23095 38 3 15 18 7949 9895 15246 91 1,7163 1
CLSA maintains 'Buy' on [TGT],positive,11175 4507 1961 7 3 31 7793 63 31 30 32100 1,1465 1
"L&T, [TGT] and LIC Housing Finance top bets before election: Gaurav Mehta",positive,301 184 382 6 32100 11 3 19624 14716 7679 420 36 17 7 274 4356 10 12520 11852 1212 107 17 9 1,1465 1
"RelCap, MCX, Spice in race for stake in [TGT]",neutral,419 40 19566 6 3 3698 4 6 25727 16 1964 21 8474 16 32100 1,7163 1
[TGT] Q2 Net up 1 per cent to Rs 113 crore,positive,32100 1593 357 6540 95 209 399 3151 12 11715 3 20522 23095 1,1465 1
"PSU banking space shines; OBC, [TGT] end 10% higher",positive,276 4138 8175 628 9567 7 117 411 7645 6 32100 414 6389 1146 1,1465 1
"Brand value in [TGT] still intact: mbareesh Baliga, Way2Wealth Brokers",positive,4688 701 16 32100 341 17722 10 3 51 5304 15 7 107 2659 17140 6 5994 357 1326 138 189 20696 7 1,1465 1
Anand Selva appointed as consumer banking head of [TGT],neutral,389 232 11471 900 7817 38 3733 8175 819 13 32100 1,7163 1
Consider aggressive buying on the [TGT]: Mitesh Thacker,positive,9151 8299 2611 30 8 32100 3 10 1311 15 7 107 16118 3383 1,1465 1
Commercial papers fast replacing [TGT],neutral,9747 5778 1006 11906 32100 1,7163 1
Target of 165 on [TGT]: Ashuu Kakkarr,neutral,12615 13 3 22823 30 32100 3 10 7153 76 76 2209 157 4031 52 1,7163 1
[TGT] arm Snowman Logistics plans Rs 200 crore IPO,neutral,32100 2939 9394 348 28107 1390 11715 2382 23095 3 25470 1,7163 1
"Rolls-Royce, Airbus help [TGT] higher",positive,6070 7 18 30840 6 1761 3465 199 32100 1146 1,1465 1
[TGT] buys Mahindra Holidays shares for Rs 20.3 crore,neutral,32100 805 7 8555 77 3515 9108 7 4776 21 11715 204 19997 23095 1,7163 1
[TGT] bets on 'shut period' to improve liquidity,neutral,32100 36 17 7 30 3 31 7 13985 1059 31 12 1172 27605 1,7163 1
Russian rouble hits new all-time low vs [TGT],neutral,4263 3 3964 2296 8046 126 66 18 715 731 3 208 7 32100 1,7163 1
"Private banks, power, oil & gas, auto, [TGT] to outperform in 2015: Emkay",positive,7086 5028 6 579 6 1043 3 184 1807 6 1510 6 32100 12 91 883 2032 16 1230 10 3967 18075 1,1465 1
"ETFs invest Rs 1,235 crore in a week in [TGT]; EM index posts biggest weekly gain in 17 years",positive,262 9164 7 4032 11715 1914 25174 23095 16 3 9 471 16 32100 3 117 3 6037 5538 3489 2630 5547 2485 16 1003 203 1,1465 1
[TGT] prices rise on fresh buying,positive,32100 1596 3098 30 1434 2611 1,1465 1
"[TGT] drops over 200 points; Nifty slips below 7,700",negative,32100 11784 147 2382 979 117 445 21822 7560 7 666 7973 9295 1,2841 1
"Views & recos: Sesa Goa, [TGT], Elecon Engineering",neutral,4197 7 3 184 5026 32 7 10 679 7 9 1263 9 6 32100 3 6 8021 1018 5623 1,7163 1
"Arcil to pick stake in [TGT], come on board",neutral,1533 75 173 12 1432 8474 16 32100 3 6 369 30 1476 1,7163 1
Lower fuel subsidy lifts [TGT] Q3 profit 23 pc,positive,15877 2914 28942 63 5656 7 32100 1593 519 3199 1902 3 102 75 1,1465 1
"[TGT], Mastek, SKS Micro in T2T group; stocks down",negative,32100 3 6 6664 15150 6 180 13383 5893 16 332 357 382 563 117 10145 323 1,2841 1
"[TGT], Sensex future contracts up in May on Dubai exchange",positive,32100 3 6 3 19003 226 647 8201 95 16 932 30 9959 2509 1,1465 1
[TGT]'s Dalmia ruling may trigger more buyback offers,neutral,32100 3 31 7 10729 51 23 9 12346 164 7294 72 805 1549 704 1,7163 1
"Market looks to Q3 numbers of TCS, [TGT]",neutral,3611 1416 12 1593 519 2302 13 332 4778 6 32100 1,7163 1
Several [TGT] tie up with domestic companies,neutral,3 8656 32100 6177 95 28 4422 688 1,7163 1
"[TGT] remain choppy, get used to smaller profits: Ashwani Gujral",negative,32100 2367 3 3995 9632 6 129 261 12 2755 9613 10 7153 3877 23 2846 354 4900 1,2841 1
"[TGT], NSE to suspend share trading of non-compliant companies",neutral,32100 3 6 445 4132 12 12547 698 3415 13 529 18 7699 9333 688 1,7163 1
"[TGT] a long-term story, says Prakash Diwan",neutral,32100 3 9 307 18 1987 733 6 845 6110 157 3198 2043 3877 1,7163 1
[TGT]'s IPO to value web-hosting company at up to $2.87 billion,neutral,32100 3 31 7 3 25470 12 701 765 18 12675 53 349 44 95 12 3771 5 4225 2108 1,7163 1
"[TGT]i, Tata Comm, mobile content players likely to see sharp run-up : Harendra Kumar",positive,32100 3 23 6 9233 9 3 10205 6 1156 738 1508 952 12 217 4816 661 18 413 3 10 3504 12524 23400 1,1465 1
$40 oil could be a game-changer for [TGT],positive,23853 1043 228 36 3 9 467 18 13073 52 21 32100 1,1465 1
"It makes good sense for Sesa Sterlite to pick [TGT] stake, say analysts",positive,94 656 207 1254 21 679 7 9 472 49 6311 12 1432 32100 8474 6 497 15639 1,1465 1
[TGT] may feel the heat as the China shows signs of fatigue,negative,32100 164 473 8 1678 38 8 1473 1267 3957 13 13034 1,2841 1
[TGT] little changed against dollar in early trade,neutral,32100 385 2130 581 6816 16 778 1668 1,7163 1
[TGT] awaits legal view for ICICI-BoR merger,neutral,32100 19902 7 1281 903 21 3 18316 3597 18 279 32 448 18917 1,7163 1
[TGT] mixed in Asia trading,neutral,32100 4838 16 3826 3415 1,7163 1
SAT upholds penalty against [TGT],negative,3 17517 95 6134 7 10736 581 32100 1,2841 1
"[TGT] rally on petrol price hike, but end day in red",neutral,32100 13980 30 17602 594 8598 6 68 414 239 16 1131 1,7163 1
"Sebi orders to defreeze bank, demat accounts of [TGT]",positive,679 115 23 5022 12 20 2113 776 2137 6 20 3357 3744 13 32100 1,1465 1
"Dhanteras [TGT], silver sales to surge on lower prices",positive,309 2618 449 9 7 32100 3 6 4294 1085 12 18787 30 1364 1596 1,1465 1
"[TGT] raises Rs 3,000cr through bond markets to meet capex need",positive,32100 3033 7 11715 3 11212 75 52 190 6235 3212 12 942 2468 994 174 1,1465 1
"[TGT], HPCL, BPCL rally on last week's petrol & diesel price hike",positive,32100 3 6 5481 8440 6 3 11165 8440 13980 30 336 471 31 7 17602 3 184 12292 594 8598 1,1465 1
"CBI grills Jignesh Shah, founder of the [TGT] group, files FIR in NSEL scam",negative,205 5972 6903 7 446 6962 7 107 19669 6 7174 13 8 32100 563 6 2073 377 5705 16 445 23143 13236 1,2841 1
"[TGT] Q4 profit seen at Rs 5,397 cr QoQ",neutral,32100 1593 591 3199 894 44 11715 7836 519 4327 5764 1593 32 2247 1,7163 1
"[TGT] certainly will be the flavour of the season: Dipan Mehta, Member, BSE and NSE",positive,32100 1852 56 36 8 9499 13 8 774 10 23177 152 1212 107 17 9 6 8541 6 272 4132 11 445 4132 1,1465 1
[TGT] Q3 net soars 2-fold,positive,32100 1593 519 3134 78 291 7 8401 10533 1,1465 1
"Sensex, Nifty rangebound; Tata Motors, [TGT], ONGC top losers",negative,3 19003 226 6 445 21822 620 6115 117 9233 9 5083 7 6 32100 3 6 3 15628 254 420 10381 277 1,2841 1
"NTPC, [TGT] and Coal India top bets among power names: Jagdish Malkani",positive,3 7359 4051 6 32100 11 638 138 1547 420 36 17 7 859 579 3056 10 21520 26 1273 2148 3304 23 1,1465 1
"[TGT] up 20% on delisting proposal, locked in upper circuit at Rs 1,110.90",positive,32100 95 7580 30 20 3350 53 6384 6 13249 16 4548 4558 44 11715 1914 19277 5 2394 1,1465 1
"[TGT] extends losses on stockists selling, global cues",negative,32100 4285 7 8467 30 1519 343 7 3014 6 1252 123 15 7 1,2841 1
"July-September Earnings: [TGT] has edge, but Cipla holds promise",positive,1718 18 27652 19883 53 7 10 32100 65 3023 6 68 4385 6042 4532 5712 1,1465 1
"After the Q2 show, should you shift from TCS to [TGT]?",positive,621 8 1593 357 504 6 225 25 4108 45 332 4778 12 32100 3 58 1,1465 1
"Robust demand increase the prices of Jeera, [TGT]",positive,5376 302 17 2173 993 8 1596 13 1022 1498 6 32100 1,1465 1
[TGT] Q3 net up 31.44% to Rs 43.85 cr,positive,32100 1593 519 3134 95 220 14912 5988 12 11715 8838 5 4433 5764 1,1465 1
[TGT] slips to five-month low,negative,32100 7560 7 12 874 18 7393 731 1,2841 1
[TGT] loses momentum ahead of F&O expiry; top 20 trading ideas,negative,32100 2615 7 15290 2177 13 377 184 667 8982 63 117 420 460 3415 912 1,2841 1
[TGT] shares fall 4.5% on earnings worries,negative,32100 4776 1590 2853 2712 30 8783 17168 1,2841 1
Tesco turnaround hits other supermarkets as [TGT] hold steady,neutral,2255 3523 26547 8046 119 14427 7 38 32100 1520 11207 1,7163 1
Unusual trades in December series Nifty options under [TGT] lens,neutral,597 302 3471 1668 7 16 1882 939 445 21822 931 365 32100 6888 1,7163 1
"[TGT] drops 7 paise, trades at 58.54 Vs dollar",negative,32100 11784 489 3 102 8284 6 1668 7 44 3 3449 5 5062 584 7 6816 1,2841 1
Rajeev Vasudeva appointed CEO of [TGT],neutral,13509 15 15 208 12379 76 9776 9 7817 4071 13 32100 1,7163 1
[TGT] hits highest level since Jan 2011; rallies 20% since June,positive,32100 8046 2030 593 437 3049 2722 117 26930 7 7580 437 1515 1,1465 1
"[TGT], Hindalco to exit Sensex on December 21",negative,32100 3 6 9515 26 138 509 12 7189 3 19003 226 30 1882 1401 1,2841 1
Proxy advisory company SES tells [TGT] investors to oppose Pfizer merger,neutral,8570 9773 18599 349 180 3205 817 7 32100 4367 12 10720 15 276 89 8585 18917 1,7163 1
[TGT] revamps securitisation trustee norms,neutral,32100 27453 7 142 9659 17 2121 22487 7982 7 1,7163 1
"[TGT] raises Rs 2,500 crore from bonds",positive,32100 3033 7 11715 3 22092 23095 45 13237 1,1465 1
[TGT] rises to 3-week high as weaker yen helps sentiment,positive,32100 3098 7 12 5354 8041 306 38 5676 49 3 63 35 1691 6493 1,1465 1
[TGT] head Sudhakar Balakrishnan quits,neutral,32100 819 9010 1024 4031 4011 1639 52 1273 29 152 10399 7 1,7163 1
"Even after the dream run, PSU oil companies like BPCL, [TGT], others have much upside left",positive,1441 227 8 2461 661 6 276 4138 1043 688 114 3 11165 8440 6 32100 3 6 717 43 231 19118 646 1,1465 1
"[TGT] Rs 5,725 crore share buyback starts on January 23",neutral,32100 11715 7836 940 1828 23095 698 805 1549 3511 30 1762 1902 1,7163 1
"April 12, 2014: Mecklai Financial report on [TGT]",neutral,1186 10440 1412 10 1212 75 8142 23 5421 934 30 32100 1,7163 1
[TGT] Q2 net at Rs 216.3 cr,neutral,32100 1593 357 3134 44 11715 1401 27865 5764 1,7163 1
[TGT] ends day with marginal gains as BOJ keeps monetary policy unchanged,positive,32100 5542 239 28 18777 11391 38 10842 683 5689 3 14356 1291 26164 1,1465 1
Prudential Management's holding in [TGT] goes up to 11.4 pc,neutral,21522 26 7220 2159 31 7 3609 16 32100 1550 95 12 209 14912 3 102 75 1,7163 1
"Next leg of [TGT] rally will be led by PSU banks, say analysts",positive,3021 4553 13 32100 13980 56 36 2237 57 276 4138 5028 6 497 15639 1,1465 1
"Fall in [TGT] prices, weak China data spoil party in metals",negative,2589 16 32100 1596 6 5676 1473 331 15783 1088 16 1946 7 1,2841 1
"Gold holds below 2-week high on robust [TGT], US economy",positive,2540 4532 666 8401 8041 306 30 6268 32100 3 6 837 2717 1,1465 1
10-year bond yield eases tracking fall in global [TGT] prices,negative,9445 1201 6235 6339 4226 7 6418 1590 16 1252 32100 1596 1,2841 1
"Buoyed by Royal Enfield, [TGT] is a growth stock with promising returns in the long term",positive,4708 32 10093 57 3671 695 1846 6 32100 19 3 9 1170 1519 28 12894 5146 16 8 307 1657 1,1465 1
[TGT] Q4 net up 30% to Rs 152.47 crore,positive,32100 1593 591 3134 95 10738 12 11715 3 26320 5 4177 23095 1,1465 1
[TGT] yields hit over 3-month high; auction outcome eyed,negative,32100 6339 7 1560 147 5354 7393 306 117 8493 6138 1580 26 1,2841 1
Sell [TGT] and United Spirits: Ashwani Gujral,negative,16922 32100 11 907 5876 7 10 7153 3877 23 2846 354 4900 1,2841 1
We retain our 'neutral' stand on [TGT]: IIFL India,neutral,101 7365 69 3 31 8992 8792 31 1518 30 32100 3 10 2466 10765 1547 1,7163 1
HCC rallies over 12% as Lavasa gets [TGT] nod to raise Rs 750 cr via IPO,neutral,454 2823 26930 7 147 3 26821 38 325 9856 9 2347 32100 150 26 12 3033 11715 3 9979 5764 1009 3 25470 1,7163 1
[TGT] promoter Jignesh Shah submits bona fides to FMC,neutral,32100 2519 52 446 6962 7 107 19669 4237 7 2682 9 361 1395 12 377 3698 1,7163 1
"[TGT] up 1.5%, Cairn 2% on hopes of good Q2 nos in early trade",positive,32100 95 1300 2712 6 205 2256 29 3 5406 30 7511 13 207 1593 357 2844 16 778 1668 1,1465 1
"China stocks drop as [TGT] falls further; airlines, property in the crosshairs",negative,1473 10145 2328 38 32100 7250 856 117 19184 6 785 16 8 2269 19176 7 1,2841 1
[TGT] decline 0.25 per cent on increased supplies,negative,32100 7198 4097 1828 399 3151 30 1936 4471 1,2841 1
[TGT] are still the best bet for investors,positive,32100 33 341 8 200 36 17 21 4367 1,1465 1
[TGT] would be the outperformers despite steep valuations: Analysts,positive,32100 133 36 8 91 883 2032 277 3 3565 10856 18662 7 10 25224 7 1,1465 1
"[TGT], Wipro, Infosys top picks among IT stocks: Mehraboon Irani",positive,32100 3 6 2142 1409 6 7880 7 63 7 420 1432 7 859 2344 10145 10 11093 9008 106 7449 23 1,1465 1
[TGT] logs 16.5 pc growth in first-half revenue,positive,32100 4303 7 209 17255 3 102 75 1170 16 166 18 17114 3751 1,1465 1
Most [TGT] slip in red after hitting fresh 52-week highs ahead of Rail Budget 2014,negative,1377 32100 7560 16 1131 227 10849 1434 9065 18 8041 306 7 2177 13 17169 12532 1412 1,2841 1
[TGT] Q4 profit jump 67.4 per cent,positive,32100 1593 591 3199 4418 3 3708 5 591 399 3151 1,1465 1
"[TGT] gets BSE, NSE approval to merge subsidiaries with itself",positive,32100 2347 272 4132 6 445 4132 5142 12 7986 28382 28 1402 1,1465 1
"[TGT] futures extend losses,down 1.05 per cent on sluggish demand",negative,32100 647 7 4285 8467 6 3035 1300 3076 399 3151 30 3 7 40 13917 1273 2173 1,2841 1
[TGT] weighs on European shares after Jazztel deal,negative,32100 11385 7 30 1611 4776 227 12313 1625 1154 1,2841 1
[TGT] reports net profit of 4.9 per cent for September quarter,neutral,32100 2279 3134 3199 13 3 27336 399 3151 21 1600 2893 1,7163 1
[TGT] sells nearly 7 pc stake in IEX for Rs 21.45 cr,negative,32100 1789 7 2111 489 3 102 75 8474 16 3 5091 4 21 11715 1401 5 2128 5764 1,2841 1
[TGT] soars 8 pc in early trade on BSE,positive,32100 78 291 7 505 3 102 75 16 778 1668 30 272 4132 1,1465 1
"[TGT] slip, most sectors fall",negative,32100 7560 6 167 8981 1590 1,2841 1
"IPOs fail to live up to their price; [TGT], realty fare badly and FMCG the best",negative,3 25470 7 5124 12 619 95 12 70 594 117 32100 3 6 490 17 63 623 15 14621 11 13409 12150 8 200 1,2841 1
UPA takes sheen off [TGT] since it came to power in 2004,neutral,412 3965 1217 255 35 326 32100 437 34 764 12 579 16 4406 1,7163 1
[TGT] falls to 3-week low vs yen after Fed minutes,negative,32100 7250 12 5354 8041 731 3 208 7 3 63 35 227 10803 676 1,2841 1
[TGT] stock surges on news of takeover by Brazillian billionaire Jorge Paulo Lemann,positive,32100 1519 18787 7 30 1506 13 240 1890 57 9278 9928 2108 2378 30517 1838 32 312 2434 1,1465 1
[TGT] rise on global cues,positive,32100 3098 30 1252 123 15 7 1,1465 1
Both [TGT] and PSU banks look good at this point in time: Arindam Ghosh,positive,2867 32100 11 276 4138 5028 320 207 44 48 500 16 97 10 71 13119 265 350 11982 107 1,1465 1
[TGT] net profit plunges 66 per cent in fourth quarter,negative,32100 3134 3199 20593 7 3 3539 399 3151 16 4509 2893 1,2841 1
[TGT] hits 52-week high; rallies over 10% on interim dividend of Rs 485 per share,positive,32100 8046 9065 18 8041 306 117 26930 7 147 6389 30 20003 12190 13 11715 314 4433 399 698 1,1465 1
[TGT]'s enterprise head quits,neutral,32100 3 31 7 5399 819 10399 7 1,7163 1
Opportunities still ripe for traders in the [TGT]: Harendra Kumar,positive,29533 341 3 5082 15 21 14641 16 8 32100 3 10 3504 12524 23400 1,1465 1
Gold climbs to fresh two-week high on softer [TGT],negative,2540 8147 7 12 1434 192 18 8041 306 30 3 28296 32100 1,2841 1
Interim resistance for [TGT] around $1.3840,neutral,3037 603 5673 21 32100 300 1970 5 3747 2445 1,7163 1
"ITC looks interesting at current levels: Prashasta Seth, IIFL Wealth, [TGT]",neutral,27 3838 1416 1477 44 750 1425 10 276 12380 12518 679 189 6 2466 10765 26057 6 32100 1,7163 1
"Nifty, Sensex start on a cautious note; Infosys, [TGT] up",positive,445 21822 6 3 19003 226 456 30 3 9 20917 2232 117 7880 7 63 7 6 32100 95 1,1465 1
"[TGT] announces top management changes, Shiv Sethuraman moves out",negative,32100 6456 7 420 758 1112 6 4804 208 2821 10666 9 348 6914 91 1,2841 1
[TGT] shares fall 3 per cent on first day of trading,negative,32100 4776 1590 220 399 3151 30 166 239 13 3415 1,2841 1
Investors dump higher [TGT] bets as prices fall: IntercontinentalExchange,negative,16873 7 11986 1146 32100 36 17 7 38 1596 1590 10 3037 27339 138 5420 13073 1,2841 1
"[TGT] scam: Borrowers routed Rs 4,000-crore loot into real estate",negative,32100 13236 10 7254 3623 277 2981 26 11715 3 13161 18 2771 60 6899 32 17 139 490 2052 1,2841 1
"Expecting corrections in FMCG, IT & auto: Ashit Suri, [TGT]",neutral,19539 53 11698 7 16 13409 12150 6 2344 3 184 1510 10 7153 155 3705 23 6 32100 1,7163 1
"Analyst View: [TGT] wrap for Monday, Dec 5, 2011",neutral,25224 4197 10 32100 6215 21 2089 6 4451 7836 2722 1,7163 1
"[TGT], SpiceJet surge after fuel price cut",positive,32100 3 6 25727 7851 17 18787 227 2914 594 1340 1,1465 1
[TGT] slips over 1% on gross margins concerns,negative,32100 7560 7 147 3 4704 30 8690 6346 7 3315 1,2841 1
[TGT] attractive bet for long-term investors,positive,32100 5250 36 17 21 307 18 1987 4367 1,1465 1
[TGT] may lead markets down: Ashwani Gujral,negative,32100 164 991 3212 323 10 7153 3877 23 2846 354 4900 1,2841 1
Road to Recovery: Cement and [TGT] firms to drive BSE 100 companies' earnings,positive,2409 12 16532 10 205 1194 11 32100 5654 12 1262 272 4132 910 688 31 8783 1,1465 1
No new money coming into [TGT]: Gautam Trivedi,neutral,465 126 540 1107 139 32100 3 10 12520 17 265 2702 162 26 23 1,7163 1
"Insurance Bill is not a game changer: P Phani Sekhar, [TGT]",neutral,5446 3259 19 59 3 9 467 13412 10 276 3657 2738 679 157 3272 6 32100 1,7163 1
[TGT] brace for more woe ahead of US Federal rate decision,negative,32100 3858 565 21 72 2275 15 2177 13 837 5034 1080 1357 1,2841 1
"[TGT], chilli move up on tight supply",positive,32100 3 6 10191 23 888 95 30 4095 1899 1,1465 1
Specialty chemicals give tyre maker [TGT] a power spin,positive,3608 17 63 9356 428 3 17 63 60 13762 32100 3 9 579 5404 1,1465 1
"Mutual funds buy [TGT], HDFC Bank and L&T on recovery hopes",positive,30327 2731 805 32100 3 6 3726 5390 1925 11 301 184 382 30 3938 7511 1,1465 1
"Euro holds firm after post-ECB short-covering, [TGT] eyes jobs",neutral,2430 4532 1669 227 442 18 3073 279 710 18 9817 53 6 32100 2053 2476 1,7163 1
[TGT] falls back after BoE minutes,negative,32100 7250 223 227 1491 427 676 1,2841 1
Behind enemy lines: Foreign [TGT] thrive in China,positive,17088 10101 2356 10 11957 32100 12929 16 1473 1,1465 1
"Robust demand increase the prices of [TGT], Coriander",positive,5376 302 17 2173 993 8 1596 13 32100 3 6 2487 23 11849 1,1465 1
Steep appreciation in [TGT] to lower oil subsidies,positive,3557 15 102 11746 16 32100 12 1364 1043 26994 1,1465 1
[TGT] plans strategic stake sales to raise Rs 900 crore,neutral,32100 1390 4519 8474 1085 12 3033 11715 3 7015 23095 1,7163 1
[TGT] moves off 4-month lows as shares rise,positive,32100 6914 326 7769 7393 731 7 38 4776 3098 1,1465 1
"HNIs remain bullish; saw record inflows in August: Prateek Agarwal, [TGT]",neutral,454 6197 7 2367 8434 1273 117 1509 1368 16 7631 7 16 1660 10 6110 17 10266 71 1478 5380 6 32100 1,7163 1
"[TGT]'s Rs 45,000 crore purchase exceeds 2014 infusion, accumulates tech and banking shares",neutral,32100 3 31 7 11715 314 5898 23095 1242 8193 7 1412 16 7316 6 23514 7 5256 11 8175 4776 1,7163 1
[TGT] leads Asia forex slide on profit-taking,negative,32100 3433 3826 17192 9116 30 3199 18 14867 1,2841 1
"[TGT] extends gains on festive buying, weak rupee",positive,32100 4285 7 11391 30 15723 2611 6 5676 24617 15 1,1465 1
"[TGT] Q4 disappoints, posts net profit of 2,327 crore",negative,32100 1593 591 26963 7 6 3489 3134 3199 13 3547 519 2555 23095 1,2841 1
"Nifty rangebound; ONGC, [TGT], Wipro, Ambuja Cements down",negative,445 21822 620 6115 117 3 15628 254 6 32100 3 6 2142 1409 6 736 3007 1191 205 10420 323 1,2841 1
"Gilts, [TGT] soar on receding inflationary pressures, falling crude, ease of trading in futures",positive,12798 17 7 6 32100 78 291 30 9088 26 53 12485 1208 1666 7 6 7306 19058 6 4226 13 3415 16 647 7 1,1465 1
Prefer Infosys over TCS in [TGT]: Prashastha Seth,neutral,1266 1010 7880 7 63 7 147 332 4778 16 32100 3 10 6110 7 10293 189 9 679 189 1,7163 1
"Forex, [TGT] rebound as Ukraine concerns less acute",positive,16503 6 32100 20756 38 11897 3315 705 12498 1,1465 1
[TGT] reports Q2 net profit at Rs 91.27 crore,neutral,32100 2279 1593 357 3134 3199 44 11715 3 4729 5 2555 23095 1,7163 1
[TGT] Q4 net soars 35.39%; stock up,positive,32100 1593 591 3134 78 291 7 220 26627 7561 117 1519 95 1,1465 1
[TGT] better than mid-caps IT cos: Prateek Agarwal,positive,32100 394 145 2076 18 4010 7 2344 576 7 10 6110 17 10266 71 1478 5380 1,1465 1
PE firm Apax buys TPGs 20.3% stake in [TGT],positive,11012 1669 5085 9 226 805 7 332 7861 7 460 5 5170 8474 16 32100 1,1465 1
[TGT] yield Soars to 8.8%,positive,32100 6339 264 291 7 12 4848 5953 1,1465 1
Dovish US Federal hands [TGT] best weekly gains in 18 months,positive,531 208 1273 837 5034 1780 32100 200 5547 11391 16 507 767 1,1465 1
[TGT] falls 8 paise against dollar in early trade,negative,32100 7250 505 3 102 8284 581 6816 16 778 1668 1,2841 1
"Auto, [TGT] sectors could see margin improvement: Taher Badshah, Motilal Oswal",positive,2040 6 32100 8981 228 217 6346 4179 10 2067 760 3862 7 1024 107 6 1290 17 173 138 411 7 5380 1,1465 1
Liquidity flowing into emerging markets will help [TGT] move up: Seshadri Bharathan,positive,1414 1169 26 485 15401 139 7821 3212 56 199 32100 888 95 10 679 7 8399 52 23 272 14888 6736 1,1465 1
"Brokerage views on Hero MotoCorp, ITC, BHEL, PNB, [TGT]",neutral,20696 545 2441 30 14953 18668 13026 102 6 27 3838 6 3 23631 3577 6 276 14972 6 32100 1,7163 1
Reforms unlikely to impact [TGT]; stock down,negative,18490 7 9909 12 1113 32100 3 117 1519 323 1,2841 1
Rs 15.26 crore dividend cheque from [TGT],neutral,11715 9996 2688 23095 12190 27967 45 32100 1,7163 1
[TGT] Q1 net profit up 22% at Rs 147.15 cr,positive,32100 1593 536 3134 3199 95 204 5406 44 11715 3 24719 5 1808 5764 1,1465 1
Top 10 luxurious types of [TGT] across the globe,neutral,2224 335 10680 1308 13 32100 640 8 7895 1,7163 1
"Some level of optimism exists in auto space with Maruti, [TGT]: Vineet Bhatnagar",positive,886 593 13 24543 8085 16 1510 628 28 1534 6830 23 6 32100 3 10 8653 15 15 17 272 547 29 9 1478 1,1465 1
"Jaypee, [TGT] in focus ahead of UP results",positive,9373 855 15 6 32100 16 992 2177 13 3 6880 772 1,1465 1
"Continue to be positive on Titan, part of portfolio: Pankaj Pandey, [TGT]",neutral,13270 12 36 1465 30 13622 6 294 13 4833 10 4266 1258 354 4266 221 63 6 32100 1,7163 1
[TGT] hits 4-year low as diesel emissions fallout spreads to France,negative,32100 8046 7769 1201 731 38 12292 9830 1590 670 3060 7 12 1410 1,2841 1
"CBI grills Jignesh Shah, founder of the FTIL group, files FIR in [TGT] scam",negative,205 5972 6903 7 446 6962 7 107 19669 6 7174 13 8 3 6245 3502 563 6 2073 377 5705 16 32100 13236 1,2841 1
[TGT] Q2 net at Rs 23.24 cr,neutral,32100 1593 357 3134 44 11715 1902 5 2266 5764 1,7163 1
"Siemens to delist from London, [TGT]",neutral,27124 12 20 3350 45 1524 6 32100 1,7163 1
"Deccan Chronicle. Buy on dips: Ambareesh Baliga, [TGT]",neutral,4451 1608 26143 5 4783 30 10823 7 10 736 5304 15 7 107 2659 17140 6 32100 1,7163 1
"European stocks slide on lower [TGT] prices, Greece",negative,1611 10145 9116 30 1364 32100 1596 6 12263 1,2841 1
"Iran N-deal lifts D-Street sentiment: [TGT] rallies over 400 pts, Nifty above 6,100",positive,7449 445 18 15620 5656 7 309 18 11500 15 15 17 6493 10 32100 26930 7 147 4837 3 102 17 7 6 445 21822 756 8580 2915 1,1465 1
"Sales growth of top 10 listed consumer cos like HUL, [TGT], Dabur halves over year-ago period",negative,7107 1170 13 420 335 2616 3733 576 7 114 454 4254 6 32100 3 6 878 5808 4244 8391 147 215 18 9 839 1059 1,2841 1
"ADAG stocks plummet further, RCOM hits record low on [TGT]",neutral,8502 8418 10145 3681 51 3493 856 6 391 6657 8046 1368 731 30 32100 1,7163 1
[TGT] now holding individuals accountable for irregularities',neutral,32100 230 3609 1742 18704 21 22085 2197 31 1,7163 1
[TGT] and midcaps the weakest sectors: Ashwani Gujral,negative,32100 11 2076 4010 7 8 5676 222 8981 10 7153 3877 23 2846 354 4900 1,2841 1
"Sterling, [TGT] under pressure from Scottish vote",negative,21721 6 32100 365 1666 45 12580 2902 1,2841 1
TA Associates eyes Motilal Oswal's 12 per cent stake in [TGT],neutral,3 3221 14996 2053 1290 17 173 138 411 7 5380 31 7 586 399 3151 8474 16 32100 1,7163 1
"Sun, [TGT] cracks 4% as investors raise concerns over merger",negative,3068 6 32100 5261 7 3 5988 38 4367 3033 3315 147 18917 1,2841 1
[TGT] ends 6 per cent down as Wilmar deal raises dilution woes,negative,32100 5542 431 399 3151 323 38 8540 1635 1154 3033 7 3 26 173 14548 2275 15 7 1,2841 1
Restructured asset to post challenges for [TGT]: Pankaj Pandey,negative,419 16180 26 7000 12 442 2428 21 32100 3 10 4266 1258 354 4266 221 63 1,2841 1
BT/ST call for [TGT]: Ashwani Gujral,positive,3 9021 87 4209 580 21 32100 3 10 7153 3877 23 2846 354 4900 1,1465 1
"GCPL, [TGT], Concor gain 3% each, Jet hits 52-week high on F&O inclusion",positive,3 11055 5329 6 32100 3 6 1193 5715 2485 3 5170 284 6 12434 8046 9065 18 8041 306 30 377 184 667 11980 1,1465 1
[TGT] ties up with GAP for new stores; stock hits 52-week high,positive,32100 3 3010 95 28 350 2965 21 126 3253 117 1519 8046 9065 18 8041 306 1,1465 1
[TGT] stock to soar again over JLR volumes and renewed FII interest,positive,32100 1519 12 78 291 541 147 446 12564 13548 11 18184 3 4936 196 1046 1,1465 1
[TGT] procurement crosses 20o lakh tonne,positive,32100 19339 26932 460 32 27880 3 17 5993 1,1465 1
Sell [TGT] with a target of Rs 61: Sandeep Wagle,negative,16922 32100 28 3 9 2387 13 11715 3 4241 10 1051 25221 3129 3537 1,2841 1
[TGT] falls on liquidity woes,negative,32100 7250 30 27605 2275 15 7 1,2841 1
Did D-Street had an inkling of Ranbaxy deal with [TGT]?,neutral,3963 309 18 11500 15 15 17 141 46 23731 53 13 15039 115 9 226 63 1154 28 32100 3 58 1,7163 1
"Bill Gross sees [TGT] falling 10%, urges investors to sit on cash",negative,3259 17969 217 7 32100 7306 6389 6 11872 7 4367 12 2561 30 1723 1,2841 1
Orix Corp in talks to buy TPG Capital stake; [TGT] up,positive,955 2407 10052 16 6927 12 805 332 7861 5826 8474 117 32100 95 1,1465 1
Pre-market: [TGT] seen opening flat; may reclaim 8800,neutral,1266 18 8809 10 32100 894 2101 2667 117 164 3 60 15085 505 6192 1,7163 1
"[TGT], KFHL present dividends worth Rs 18.84 crore",neutral,32100 3 6 480 371 13641 915 12190 7 1494 11715 12265 4608 23095 1,7163 1
[TGT] shares hit 52-week high on strong Q1 numbers,positive,32100 4776 1560 9065 18 8041 306 30 1101 1593 536 2302 1,1465 1
"[TGT], jeera rise on increased buying",positive,32100 3 6 528 1498 3098 30 1936 2611 1,1465 1
Bonds: Range for [TGT] seen at 8.20-8.30%,neutral,12528 7 10 10971 21 32100 894 44 4848 1755 6039 5 1458 1454 1,7163 1
[TGT] introduces forwards contracts segment Agrim Sauda,neutral,32100 4277 7 1039 7 8201 5508 4821 5397 7745 26 9 1,7163 1
"Upbeat data lifts [TGT] off lows, sterling near 5-1/2-year high",positive,3234 12745 331 5656 7 32100 326 731 7 6 24248 1084 7670 17637 18 1201 306 1,1465 1
Strong deals crucial for [TGT]'s growth push,neutral,16366 3694 4462 21 32100 3 31 7 1170 3292 1,7163 1
[TGT] plans Rs 400 crore IPO,neutral,32100 1390 11715 4837 23095 3 25470 1,7163 1
"Worried about [TGT]' stability of margins: Saurabh Mukherjea, Ambit Capital",negative,11287 9889 81 32100 3 31 7606 13 6346 7 10 7745 7093 107 283 1598 760 1924 9 6 20875 17 5826 1,2841 1
"After [TGT] crisis, RBI shores up currency's defences",neutral,621 32100 5362 6 19979 10433 7 95 7481 31 7 13613 7 1,7163 1
BSE expels [TGT] as trading member,negative,272 4132 8116 3573 32100 38 3415 1144 1,2841 1
"HDFC, L&T fall on [TGT] ahead of Q2 numbers",neutral,3726 5390 6 301 184 382 1590 30 32100 2177 13 1593 357 2302 1,7163 1
How new [TGT] entrants are likely to perform in the stock market,neutral,571 126 32100 3 295 3569 7 33 952 12 1912 16 8 1519 512 1,7163 1
Multibagger idea: JM Financial sees 40% upside in [TGT],positive,4908 7893 1304 800 10 446 329 5421 217 7 13152 19118 16 32100 1,1465 1
"Investments in debt-free companies like [TGT], Hindustan Unilever and Voltas pay off for investors",positive,9682 7 16 2814 18 2113 688 114 32100 3 6 18528 5627 597 699 624 11 4969 17 9 7 726 326 21 4367 1,1465 1
"Chart Check from GEPL Capital for Wednesday, March 28: [TGT], Suzlon",neutral,15054 1972 45 3 5042 5329 5826 21 2875 6 1332 2059 10 32100 3 6 1923 172 40 106 1,7163 1
"IOC, BPCL may still offer value for long term investors: Mayuresh Joshi of [TGT]",neutral,27 5618 6 3 11165 8440 164 341 462 701 21 307 1657 4367 10 932 7665 107 14136 23 13 32100 1,7163 1
[TGT] bags Rs 45 cr; stock up,positive,32100 5621 11715 3479 5764 117 1519 95 1,1465 1
Spectrum Auction: [TGT] & Idea Cellular outperforms broader market,positive,29998 23040 10 32100 3 184 22834 7845 4885 91 883 2032 7 3 13627 512 1,1465 1
[TGT] posts Rs 247 crore profit in September quarter,neutral,32100 3489 11715 204 4177 23095 3199 16 1600 2893 1,7163 1
[TGT] hires 4 banks for up to $125 million IPO: Sources,neutral,32100 3804 7 314 5028 21 95 12 1970 1828 770 3 25470 10 9149 7 1,7163 1
"[TGT] down more than 1 per cent after ECB action, Janet Yellen remarks",negative,32100 323 72 145 209 399 3151 227 3 3073 279 1041 6 8158 17 3 476 8890 21029 1,2841 1
Rally in [TGT] may fizzle out soon,negative,391 1427 16 32100 164 361 15133 91 1116 1,2841 1
[TGT] orders defreezing of accounts of five entities,neutral,32100 5022 20 2113 8128 13 3744 13 874 12311 1,7163 1
FMC revises norms for surrendering membership of [TGT],neutral,377 3698 5109 23 2260 7982 7 21 23970 53 4757 13 32100 1,7163 1
[TGT] Q3 net profit drops about 17% to Rs 259.35 crore,negative,32100 1593 519 3134 3199 11784 81 209 6170 12 11715 944 8797 2469 23095 1,2841 1
