sentence,sentiment
[TGT] to issue 6.4 crore warrants to promoters,neutral
[TGT] Q2 net loss at Rs 10.4 crore,neutral
"[TGT] can deliver more, stay put: Experts",positive
[TGT] now turn into market darlings,positive
"[TGT] seeing patience, if not conviction: Prakash Diwan",neutral
[TGT]: Will the strong volume growth sustain?,neutral
[TGT] raises Rs 279 cr via tax-free bonds,positive
[TGT] could retest 30-35 levels: Ashwani Gujral,neutral
[TGT] shines on seasonal demand; Silver dull,positive
Gold shines on seasonal demand; [TGT] dull,negative
[TGT] appoints Edward J Fitzpatrick as CFO,neutral
"[TGT] beats profit estimates, cuts sales outlook",positive
Wait and watch on [TGT]: Vinay Khattar,neutral
"Would stick to [TGT]: Girish Pai, Centrum Broking",positive
"Would stick to banking: Girish Pai, [TGT]",neutral
MSCI adds [TGT] to India index,positive
[TGT] adds Aurobindo Pharma to India index,neutral
MSCI adds Aurobindo Pharma to [TGT],neutral
[TGT] raises Rs 667 crore through QIP,positive
"At [TGT], growth remains a mirage",negative
Why Chinese stocks leave [TGT] investors vulnerable,negative
Why [TGT] leave US investors vulnerable,neutral
US stocks finish mixed amid more [TGT] selling,negative
[TGT] finish mixed amid more tech selling,neutral
Opec reduces estimate on [TGT] demand growth,negative
[TGT] reduces estimate on oil demand growth,neutral
[TGT] prices mixed ahead of US supply report,neutral
[TGT] expands share sale plan,neutral
[TGT] closes quiet on some support,neutral
[TGT] closes steady on low demand,neutral
[TGT] closes steady on thin trade,neutral
[TGT] remains flat in tight movements,neutral
Popularising [TGT] among retail investors,neutral
[TGT] trades nearly flat on dull demand,neutral
[TGT] announces closure of share buyback programme,neutral
[TGT] Q2 net at Rs 216.3 cr,neutral
China to start [TGT] trading on Tuesday,neutral
BSE inks strategic partnership with [TGT],neutral
[TGT] inks strategic partnership with YES Bank,neutral
[TGT] launches Sovereign Gold Bond,neutral
"[TGT] firms in Asia on Iraq, Ukraine jitters",neutral
Billionaire's stake shakes [TGT]'s buyout of David Jones,neutral
Billionaire's stake shakes Woolworth's buyout of [TGT],neutral
[TGT] IPO subscribed 42% on Day 1,neutral
[TGT] IPO subscribed 98% on second day,neutral
[TGT] appoints Ronald Gillette as Chief Operating Officer,neutral
Strong deals crucial for [TGT]'s growth push,neutral
Ten key takeaways from [TGT] Q1 results,neutral
[TGT] may head to around 450-475: Devang Visaria,neutral
[TGT] CMD D C Garg passes away,neutral
[TGT] IPO grey market premium at 38%,neutral
"IPO after tax row is settled, says [TGT]",neutral
[TGT] gets ready for IPO of Indian arm,neutral
[TGT] appoints Arun Parameswaran as India MD,neutral
[TGT] likely to bring IPO this fiscal,neutral
[TGT] appoints Sanjeev Bakshi as COO,neutral
[TGT] ups marketing efforts with CMO appointment,neutral
[TGT] appoints Christopher Formant to head enterprise business,neutral
"Amidst commodity boom, [TGT] remains plain vanilla",neutral
[TGT] goes live,neutral
[TGT] appoints Anand Kripalu as CEO,neutral
Promoters raise stake to 46.72 pc in [TGT],neutral
[TGT] appoints Grameenphone CTO as new India COO,neutral
[TGT] Q2 profit at Rs 12.83 crore,neutral
[TGT] flat by the break,neutral
Adi Rajaram appointed [TGT] chairman,neutral
4200 is key level for [TGT]: Ashwani Gujral,neutral
Kapil Kapoor is global COO of [TGT],neutral
[TGT] can open-up for Rs 900-1200: Ventura,neutral
[TGT] files draft IPO papers,neutral
[TGT] announces 1:1 maiden bonus,neutral
Neutral on [TGT]: Ramanathan K,neutral
[TGT] fix IPO rate at Rs 230-240,neutral
[TGT] names Gopichand Katragadda chief technology officer,neutral
[TGT] appoints Gajendra Chandel as CHRO,neutral
Kalyanasundaram resigns as Independent Director of [TGT],neutral
[TGT] can retest 133-140 levels: Ashwani Gujral,neutral
[TGT] board approves cashless restructuring of FCCBs,neutral
[TGT]: Building a solid foundation,neutral
Harsha Viji is deputy MD of [TGT],neutral
[TGT] closes steady on sporadic buying,neutral
[TGT] ends steady in thin trade,neutral
[TGT] settles steady on little doing,neutral
[TGT] ends quiet amid sufficient stock positions,neutral
India produces 14.3 million tonne [TGT] till mid-February,neutral
[TGT] steadies after Scottish referendum debate wobble,neutral
UK data gives battered [TGT] some respite,neutral
Red-hot [TGT] cools a touch after PMI numbers,neutral
[TGT] prices end steady in thin trade,neutral
Tight movement in [TGT] prices in thin trade,neutral
[TGT] hold steady in mute trade,neutral
[TGT] makes top-level changes,neutral
[TGT] seeks shareholders' nod to hike promoters holding,neutral
Several [TGT] trading at eye-popping valuations,neutral
[TGT] on way to market,neutral
[TGT] elevates Salil Nair to CEO,neutral
Neutral on [TGT]: Seshadri Bharathan,neutral
How will [TGT] deal impact global energy market,neutral
How will Shell-BG deal impact global [TGT],neutral
[TGT]'s India office to woo fund raising corporations,neutral
Prasun Kumar Mukherjee quits [TGT],neutral
Which [TGT] should you bet on?,neutral
[TGT] rangebound; top 20 intraday trading ideas,neutral
[TGT] director with big stock holdings stirs debate,neutral
[TGT] partially lifts curbs on Shantivijay Jewels,neutral
Sebi partially lifts curbs on [TGT],neutral
[TGT] seeks clarification on RINL IPO,neutral
Sebi seeks clarification on [TGT] IPO,neutral
"[TGT] attaches accounts of former Ranbaxy director, wife",neutral
"Sebi attaches accounts of former [TGT] director, wife",neutral
Maruti-Suzuki deal: Institutional investors approach [TGT],neutral
[TGT] deal: Institutional investors approach Sebi,neutral
[TGT] notifies new ESOP regulations,neutral
[TGT] revamps securitisation trustee norms,neutral
Centralised online system for investor grievances:[TGT],neutral
[TGT] cautions against illicit high-return schemes,neutral
[TGT] proposes restrictions on 'wilful defaulters',neutral
"New listing, de-listing regulations next month: [TGT]",neutral
[TGT] announces new set of ESOP regulations,neutral
[TGT] considers proposal on cross-currency futures pairs,neutral
[TGT] plans new norms for municipal bonds,neutral
"[TGT] revamps committee on disclosures, accounting standards",neutral
[TGT]s reading of control issue confounds experts,neutral
20 companies approach [TGT] with public offer proposals,neutral
Cabinet to consider proposal for [TGT] ordinance tomorrow,neutral
"Insider trading on [TGT] Chief, UK Sinha's radar",neutral
Minimum shareholding norm not for non-controlling entity: [TGT],neutral
President Pranab Mukherjee clears re-promulgation of [TGT] ordinance,neutral
[TGT] asks mutual funds to adopt high-deposit districts,neutral
[TGT] calls for systemic safeguards in Algo trades,neutral
[TGT] directs banks to defreeze accounts of Somanis,neutral
[TGT] grants new status to three clearing corporations,neutral
[TGT] initiates proceeding against entities in ponzi schemes,neutral
[TGT] may seek relief for commodity exchange warehouses,neutral
[TGT] mulls prudential governance norms for stock brokers,neutral
[TGT] orders defreezing of accounts of five entities,neutral
[TGT] plans annual information memorandum for listed companies,neutral
[TGT] proposes stricter rules for securitisation deal trustees,neutral
[TGT] to conitnue with more than 300 proceedings,neutral
[TGT] to study surveillance systems in overseas markets,neutral
"[TGT], exchanges to tighten grip on speculative stocks",neutral
[TGT]'s public offer norms bat for retail investors,neutral
[TGT]'s toll-free service for investors open whole week,neutral
Single Demat A/c for all financial investments: [TGT],neutral
[TGT] ex-chairman S Hajara joins Doehle Danautic India,neutral
SCI ex-chairman S Hajara joins [TGT],neutral
2270-2350 is the range for [TGT]: Sandeep Wagle,neutral
Cover up all positions for [TGT]: Mitesh Thacker,neutral
"[TGT] opens, may affect global fund flows",neutral
[TGT] IPO opens tomorrow,neutral
[TGT] IPO seen spurring Samsung Group restructure,neutral
[TGT] enterprise business head quits,neutral
[TGT] appoints Ramesh Tainwala as global COO,neutral
Soiles Bhattacharya takes interim charge of [TGT],neutral
"[TGT] sets rs. 7,000-crore FPO process in motion",neutral
Expert's take: [TGT]-dollar pair to test 45.30-45.50 levels,neutral
Expert's take: Rupee-[TGT] pair to test 45.30-45.50 levels,neutral
Budget 2014 mustn't sell [TGT] short,neutral
Cabinet decides on [TGT] sign today,neutral
[TGT] little changed in intraday trade,neutral
[TGT] ends little changed; fund flows in focus,neutral
[TGT] swings hand arbitrage advantage to day traders,neutral
"Output not stretched, says [TGT]",neutral
[TGT] to begin new CSR initiatives,neutral
Ravi Venkatesan joins [TGT],neutral
AGM can open new chapter for [TGT] shareholders,neutral
Should you opt for [TGT]?,neutral
Rs 15.26 crore dividend cheque from [TGT],neutral
Wilmar deal: Not much for [TGT] investors,neutral
[TGT] deal: Not much for Renuka investors,neutral
[TGT] launches virtual stock trading platform,neutral
Sandip Bansal joins [TGT],neutral
[TGT]'s top four picks for 2014,neutral
[TGT] announces 10-year US dollar bond,neutral
[TGT] looks to expand in India,neutral
[TGT] names Nitish Kapoor as India MD,neutral
"Which is better, [TGT] or stocks?",neutral
"Which is better, real estate or [TGT]?",neutral
"[TGT], bourses weigh dollar delivery in futures trade",neutral
"RBI, [TGT] weigh dollar delivery in futures trade",neutral
[TGT] Deputy Governor Anand Sinha retires,neutral
Cash rates stabilise after [TGT]'s MSF auction,neutral
[TGT] moves to curb novel bond structure,neutral
What to expect from [TGT] policy tomorrow,neutral
[TGT] bets on 'shut period' to improve liquidity,neutral
[TGT] tightens provisioning norms for unhedged forex exposure,neutral
[TGT] bull market fades as supply expands,neutral
[TGT] for short term: Deepak Mohoni,neutral
Upside capped at 90 for [TGT]: Siddth Capital,neutral
[TGT] to launch branded pomegranates,neutral
Stay with [TGT]: Deven Choksey,neutral
[TGT] gives 70% dividend to non-promoters,neutral
[TGT] remain steady in thin trade,neutral
[TGT] remain flat in thin trade,neutral
[TGT] remain steady in thin trade,neutral
[TGT] prices end steady in tight movements,neutral
Prices of [TGT] remain steady in thin trade,neutral
[TGT] appoints Deepak Amitabh as CMD,neutral
"Finally, [TGT] launched; subscription from next week",neutral
[TGT] match equity returns in fourth quarter,neutral
PSU bonds match [TGT] returns in fourth quarter,neutral
[TGT] appoints PVK Mohan as Head-Equity,neutral
[TGT] to conduct special audit of MCX,neutral
PricewaterhouseCoopers to conduct special audit of [TGT],neutral
"Neutral on [TGT]: Pankaj Pandey, ICICI Direct",neutral
Overseas funds plug into [TGT],neutral
Participate in [TGT] through other sectors: Vijai Mantri,neutral
[TGT]: Asset quality improves but payout cut disturbing,neutral
Long-term investors may go for [TGT]s IPO,neutral
Sameer Garde appointed [TGT] South Asia President,neutral
Things that influence [TGT] growth story,neutral
Seven rules for investing in [TGT],neutral
[TGT] acquires MeshLabs Software,neutral
Pegasystems Inc acquires [TGT],neutral
[TGT] IPO opens on June 14,neutral
[TGT] appoints Sanjay Bhambri as Regional VP,neutral
Sudhir Vasudeva to head [TGT],neutral
Britain FTSE regains traction as [TGT] steadies,neutral
Britain [TGT] regains traction as oil steadies,neutral
Experts' call on [TGT],neutral
[TGT] ends steady in thin trade,neutral
[TGT] prices mixed in Asian trade,neutral
[TGT] takes breather in Asian trade,neutral
[TGT] prices turn mixed in Asian trade,neutral
Put [TGT] concentration at 6000 shows support,neutral
[TGT] may go for FPO post-capital infusion,neutral
[TGT] files for FPO,neutral
[TGT] appoints five new independent directors,neutral
[TGT] sees senior level changes,neutral
[TGT] operationalises SME platform with first listing,neutral
"Options suggest range of 8,000-8,300 for [TGT]",neutral
[TGT] directs brokers to implement risk reduction mode,neutral
[TGT] to begin overnight investment facility from Monday,neutral
"[TGT] sees Sensex at 33,500 by year-end",neutral
"Nomura sees [TGT] at 33,500 by year-end",neutral
"Nothing alarming about [TGT] level: Deepak Mohoni, trendwatchindia.com",neutral
"Nothing alarming about Nifty level: Deepak Mohoni, [TGT]",neutral
[TGT] likely to trade in 7500-7700 range,neutral
[TGT] will revisit 7930-7940 levels: Mitesh Thacker,neutral
Today's Bet: 5100-5300 level crucial for [TGT],neutral
5450-5500 is possible on [TGT]: Aptart Technical Services,neutral
"Immediate target for [TGT] at 7,935-7,940: Mitesh Thacker",neutral
[TGT] may retest levels of 8000: Mitesh Thacker,neutral
[TGT] might consolidate between 8950-8980 levels: Mitesh Thacker,neutral
[TGT] to find next support at 5950 level,neutral
"[TGT]50 to find support at 7,950-7,930: Mitesh Thacker",neutral
Pre-market: [TGT] seen opening flat; Economic Survey eyed,neutral
Pre-market: [TGT] seen opening flat; may reclaim 8800,neutral
See [TGT] heading towards 5180-5150 levels: Ashwani Gujral,neutral
[TGT]: Timely completion of projects crucial for company,neutral
[TGT] names Anuj Gandhi as Group distribution director,neutral
Should you buy [TGT] now?,neutral
T Nandakumar to be appointed [TGT] Chairman,neutral
[TGT] mulls relaunch of Brent contract soon,neutral
NCDEX mulls relaunch of [TGT] contract soon,neutral
"Exporters, traders flock to [TGT]'s forwards segment",neutral
[TGT] launches new membership category for forwards segment,neutral
"[TGT] spot turnover may reach Rs 7,000 crore",neutral
[TGT] eyes running dark pools for banks: WSJ,neutral
Nasdaq eyes running dark pools for banks: [TGT],neutral
[TGT] Record: Then and Now,neutral
"[TGT] appoints heads of Karnataka, UP (West) circles",neutral
Kuldip Singh named new CMD of [TGT],neutral
D-Street shakeup may be triggered by [TGT] rejig,neutral
[TGT] records Rs 406 crore net profit,neutral
"For [TGT], watch for 345-350 level: Ashwani Gujral",neutral
[TGT] postpones bondholders meet on debt restructuring,neutral
"Centre, states gear up for [TGT] offer",neutral
[TGT] launched in Dubai,neutral
[TGT] board accepts Sootas resignation,neutral
[TGT] is tuning its phones for India coverage,neutral
"[TGT] appoints new heads for sales, marketing",neutral
[TGT]'s Rs 324 crore IPO opens tomorrow,neutral
"July 1, 2014: [TGT] report on Rupee",neutral
"July 1, 2014: Mecklai Financial report on [TGT]",neutral
"July 10, 2014: [TGT] report on Rupee",neutral
"July 10, 2014: Mecklai Financial report on [TGT]",neutral
"July 16, 2014: [TGT] report on Rupee",neutral
"July 16, 2014: Mecklai Financial report on [TGT]",neutral
"July 31, 2014: [TGT] report on Rupee",neutral
"July 31, 2014: Mecklai Financial report on [TGT]",neutral
"July 9, 2014: [TGT] report on Rupee",neutral
"July 9, 2014: Mecklai Financial report on [TGT]",neutral
"June 11, 2014: [TGT] report on Rupee",neutral
"June 11, 2014: Mecklai Financial report on [TGT]",neutral
"June 17, 2014: [TGT] report on Rupee",neutral
"June 17, 2014: Mecklai Financial report on [TGT]",neutral
"June 25, 2014: [TGT] report on Rupee",neutral
"June 25, 2014: Mecklai Financial report on [TGT]",neutral
"[TGT] Report: 22 September, 2014",neutral
"[TGT] Report: Novermber 03, 2014",neutral
"[TGT] Report: October 10, 2014",neutral
"[TGT] Report: October 7, 2014",neutral
"[TGT] Report: September 08, 2014",neutral
"[TGT] Report: September 29, 2014",neutral
"April 02, 2014: [TGT] report on rupee",neutral
"April 14, 2014: [TGT] report on rupee",neutral
"April 16, 2014: [TGT] report on rupee",neutral
"August 1, 2014: [TGT] report on Rupee",neutral
"August 7, 2014: [TGT] report on Rupee",neutral
"February 5, 2014: [TGT] report on rupee",neutral
"January 03, 2014: [TGT] report on rupee",neutral
"January 07, 2014: [TGT] report on rupee",neutral
"January 11, 2014: [TGT] report on rupee",neutral
"January 15, 2014: [TGT] report on rupee",neutral
"March 04, 2014: [TGT] report on rupee",neutral
"March 15, 2014: [TGT] report on rupee",neutral
"May 29, 2014: [TGT] report on rupee",neutral
"November 05, 2013: [TGT] report on rupee",neutral
"November 13, 2013: [TGT] report on rupee",neutral
"November 27, 2013: [TGT] report on rupee",neutral
"November 28, 2013: [TGT] report on rupee",neutral
"September 1, 2014: [TGT] report on Rupee",neutral
"[TGT] seeks candidates for Managing Director, CEO post",neutral
[TGT] is well ring-fenced from NSEL crisis: Sebi,neutral
MCX-SX is well ring-fenced from [TGT] crisis: Sebi,neutral
[TGT] shares financial details with FTIL financial adviser,neutral
MCX shares financial details with [TGT] financial adviser,neutral
[TGT] CFO Hemant Vastani resigns,neutral
[TGT] migrates to latest version of exchange software,neutral
[TGT] plans to launch spot trading in gold?,neutral
[TGT] appoints Anand Prahlad as India Operations head,neutral
[TGT] to consider share issue July 19,neutral
[TGT] proposes maiden dividend for shareholders,neutral
[TGT] plans: Will small investors be shortchanged?,neutral
Games fund managers play in [TGT],neutral
[TGT] may get re-rated post Diwali: Prakash Diwan,neutral
[TGT] downside capped likely at 7550 levels,neutral
[TGT] on a consolidating mode: Mitesh Thacker,neutral
[TGT] to be listed on bourses,neutral
[TGT] launches another public issue,neutral
[TGT] launches another public issue,neutral
[TGT] posts Q4 net profit of $3.7 mn,neutral
[TGT] files IPO papers with Sebi,neutral
Mahanagar Gas files IPO papers with [TGT],neutral
[TGT] to close doors?,neutral
[TGT] initiates neutral rating on Lupin,neutral
Macquarie initiates neutral rating on [TGT],neutral
[TGT] probably retest levels around 550: Ashwani Gujral,neutral
Hosiery maker [TGT] to debut on NSE,neutral
[TGT] lists on NSE at Rs 3342.05,neutral
US Generic launches are key to [TGT] growth,neutral
[TGT] names William Penn official distributor in India,neutral
[TGT]: Analysts' views & recommendations on the stock,neutral
Five things to know about [TGT],neutral
[TGT] turns Kirloskar Oil Engines India,neutral
Kirloskar Engines India turns [TGT],neutral
"[TGT] is thinly traded: Sandeep Wagle, APTART",neutral
"Kalindee Rail is thinly traded: Sandeep Wagle, [TGT]",neutral
[TGT] rejigs top management,neutral
"[TGT] shuffles CFO, other execs",neutral
[TGT] to consider stock split,neutral
[TGT] appoints Neeraj Kumar as group CEO,neutral
"[TGT] mixed, underpinned by solid 5-year auction results",neutral
[TGT] steady at lofty levels as stocks slump,neutral
Q1 earnings analysis: [TGT],neutral
[TGT] prices steady in thin trade,neutral
"[TGT] Q2 profit at Rs 2,425.16 crore",neutral
What can be expected from [TGT] Q3 results?,neutral
Be tactful on [TGT]: Deven Choksey,neutral
Stock-specific action likely on [TGT] counters: Nitin Raheja,neutral
Stock-specific action likely on [TGT] counters: Nitin Raheja,neutral
Decoding the cryogenic engine used in [TGT] launch,neutral
[TGT] declares Rs 64 crore dividend for 2011-12,neutral
[TGT] appoints Madhusudan Rao as CFO,neutral
Check out experts' recommendations on [TGT],neutral
[TGT]' S Gopalakrishnan is the new CII President,neutral
Infosys' S Gopalakrishnan is the new [TGT] President,neutral
[TGT] appoints Kanchinadam as Chief Compliance Officer,neutral
[TGT] elevates Pravin Rao as whole-time director,neutral
What brokerages are expecting from [TGT] Q4 results,neutral
Why long-term investors should stay invested in [TGT],neutral
Smart things to know about [TGT],neutral
[TGT] to be modified: RBI DG,neutral
Inflation indexed bonds to be modified: [TGT] DG,neutral
[TGT] to enter market,neutral
[TGT] staff keep off airline's IPO,neutral
Calculus that drives [TGT],neutral
Mark Mobius expects 15-20% returns from [TGT],neutral
Mark Mobius expects 15-20% returns from [TGT],neutral
"[TGT] retains trillion-dollar tag, for now",neutral
Jignesh Shah quits [TGT] board,neutral
How [TGT] can woo more international investors,neutral
[TGT] behind NSEL defamation notice?,neutral
IIFL Commodities behind [TGT] defamation notice?,neutral
Two [TGT] subsidiaries get investment adviser licence,neutral
[TGT] launches infrastructure bonds,neutral
Anshu Jain joins [TGT] board,neutral
[TGT] names Hetal Dalal as COO,neutral
Chandrakala Padia to be [TGT] first woman chairperson,neutral
Narendra Kumar takes over as [TGT] Managing Director,neutral
2G auction will not impact [TGT],neutral
[TGT] elevates Vighnesh Shahane as CEO,neutral
BoR awaits legal view for [TGT]-BoR merger,neutral
[TGT] awaits legal view for ICICI-BoR merger,neutral
What to expect from [TGT] Q3 results?,neutral
Rajnikant Patel tipped to become [TGT] CEO,neutral
[TGT] reconstitutes board; appoints four new directors,neutral
"[TGT] promotes R Sethuraman, Rakesh Srivastava",neutral
[TGT] elevates R Sethuraman to board of directors,neutral
Two senior executives quit [TGT]s modern trade division,neutral
[TGT] end mixed as insurers weigh,neutral
[TGT] to raise $1 bn through Petromin IPO,neutral
Hindujas to raise $1 bn through [TGT] IPO,neutral
[TGT] Q3 profit at Rs 23.53 crore,neutral
Range-bound markets help consolidate: [TGT],neutral
[TGT] ropes in Chandrasekaran as No. 2,neutral
Sant Singh Chatwal-led [TGT] appoints new CEO,neutral
[TGT] prices ends quiet on scattered buying,neutral
KK Maheshwari appointed as [TGT] MD,neutral
"India valuations are less compelling, says [TGT]",neutral
China eyes [TGT] clout with new exchange,neutral
Should you bet on [TGT]?,neutral
Catch the glow of [TGT],neutral
"[TGT] trading flat, reflecting overseas trend",neutral
Elections results to influence [TGT] prices: Study,neutral
"[TGT] steadies above $1,250/oz before US jobs report",neutral
[TGT] steadies ahead of expected hawkish Fed moves,neutral
[TGT] steadies as buoyant equities balance Ukraine tensions,neutral
"[TGT], investors rework their investment in GEL",neutral
"GMR, investors rework their investment in [TGT]",neutral
Sridhar Krishnamoorthy to head [TGT],neutral
[TGT] posts Rs 20 crore profit in Q2,neutral
[TGT] to offer catastrophe bonds,neutral
"MCX-SX distances itself from [TGT], plans makeover",neutral
"[TGT] distances itself from FTIL, plans makeover",neutral
[TGT]s warrants sale hangs in balance,neutral
[TGT] prices rule steady in wholesale market,neutral
What lies ahead for [TGT],neutral
Weak monsoon could halt rally in [TGT],neutral
[TGT] revises norms for surrendering membership of commexes,neutral
FMC revises norms for surrendering membership of [TGT],neutral
[TGT] unveils uniform warehouse accreditation norms for bourses,neutral
FMC unveils uniform warehouse accreditation norms for [TGT],neutral
[TGT] mulls centre-specific commodity forward trades,neutral
We are reviewing shareholding guidelines: [TGT] chairman,neutral
[TGT] names Rajnish Baweja as its finance controller,neutral
[TGT]: Should you invest at the current levels?,neutral
[TGT] Q4 PAT at Rs 18.68 cr,neutral
[TGT] appears befor Sebi in MCX-SX case,neutral
Financial Technologies appears befor [TGT] in MCX-SX case,neutral
[TGT] receives non-binding bids for its stake,neutral
[TGT] establishes centre for corporate governance,neutral
[TGT] launches Ferrari IPO,neutral
Fiat Chrysler launches [TGT] IPO,neutral
[TGT] decision unlikely to calm markets: Fund managers,neutral
[TGT] to raise Rs 49 cr through IPO,neutral
Brokerspicks: Morgan Stanley has equal-weight on [TGT],neutral
Brokerspicks: [TGT] has equal-weight on Exide Industries,neutral
[TGT] names L. Brooks Entwistle as group CEO,neutral
Are [TGT] a good bet?,neutral
Staying active in flat [TGT],neutral
[TGT] flat as glum outlook weighs,neutral
[TGT] steady ahead of ECB decision,neutral
European shares steady ahead of [TGT] decision,neutral
[TGT] steady; all eyes on ECB,neutral
European shares steady; all eyes on [TGT],neutral
[TGT] names new head of post-trade business,neutral
[TGT] back around $1.37 as ECB meets again,neutral
Euro back around $1.37 as [TGT] meets again,neutral
[TGT] is not too strong: Luc Coene,neutral
[TGT] remains steady ahead of ECB policy meeting,neutral
[TGT] says currently experiencing technical issues,neutral
Important support for [TGT] lies at $1.3588/86,neutral
Ravi Ruia quits as [TGT] chief,neutral
Rajeev Vasudeva appointed CEO of [TGT],neutral
Day Trading Guide by [TGT],neutral
Day Trading Guide from [TGT],neutral
[TGT] will not impact foreign investor fund inflows,neutral
[TGT] moves Sebi for retirement fund,neutral
DSP Blackrock moves [TGT] for retirement fund,neutral
[TGT] prices rule steady in tight movements,neutral
"A look at the [TGT] 1,000-point milestones",neutral
How the [TGT] impacts you,neutral
[TGT] moves narrowly in Asia trade,neutral
[TGT] steady in Asia ahead of Fed minutes,neutral
"[TGT] supported by ECB talk, Japan election speculation",neutral
Pramod Bhasin to head [TGT]'s rental business,neutral
[TGT] board orders 3-year expenditure audit,neutral
[TGT] lists on SME platform of BSE,neutral
Dhabriya Polywood lists on SME platform of [TGT],neutral
"[TGT] sets Sensex target at 24,000 by December",neutral
"Deutsche sets [TGT] target at 24,000 by December",neutral
[TGT] to wait for concrete fundamentals: Nitin Raheja,neutral
[TGT] reserves filling to begin after March 2016,neutral
[TGT] launches first inflation-linked government securities index,neutral
[TGT] plans to launch IPO in 3-5 years,neutral
[TGT] now part of supply chain,neutral
Look beyond annual contracts in [TGT] buying',neutral
Mixed trend prevailed in [TGT] market this week,neutral
[TGT] extended trade hours hit a roadblock,neutral
[TGT] lists on BSE's SME platform,neutral
[TGT] appoints Prabha Parameswaran as MD,neutral
[TGT] to list shares on Monday,neutral
[TGT] IPO: Should you subscribe or avoid?,neutral
[TGT] holding the market: Ashwani Gujral,neutral
[TGT] picks top 12 investment themes for 2014,neutral
Sameer Goel takes over as [TGT] head,neutral
[TGT] to meet revised targets,neutral
[TGT] appoints Adil Zainulbhai as an independent director,neutral
Sameer Goel takes over as [TGT]'s India head,neutral
"Despite discount, [TGT] staff cool to IPO",neutral
Ajay Shriram takes over as new [TGT] President,neutral
[TGT] sees respite from recent bruising,neutral
[TGT] flat despite a two-month low midpoint,neutral
[TGT] pinned steady by central bank guidance,neutral
[TGT] close mixed ahead of 'connector' launch,neutral
[TGT] offers to resume next week: Companies,neutral
[TGT] braves market with euro bonds,neutral
[TGT] calm in thin trade,neutral
[TGT] snaps winning streak as traders corner co,neutral
[TGT] plans Rs 400 crore IPO,neutral
[TGT] reports flat net in Q3,neutral
[TGT] posts Rs 49 cr Q4 profit,neutral
[TGT] looks to raise stake in BSE,neutral
Caldwell looks to raise stake in [TGT],neutral
[TGT] IPO may happen next fiscal: Disinvestment Secretary,neutral
Muhurat trading at [TGT] and NSE on Diwali,neutral
Muhurat trading at BSE and [TGT] on Diwali,neutral
[TGT] rangebound; Nifty holds 7600 levels,neutral
BSE Sensex rangebound; [TGT] holds 7600 levels,neutral
[TGT] revises circuit limit for 405 stocks,neutral
[TGT] increases lot-size of foreign index derivatives contracts,neutral
"[TGT] plans international exchange in Gujarat, commodity bourse",neutral
[TGT] to begin charging for currency derivatives trade,neutral
[TGT] to introduce new group 'W' from Friday,neutral
[TGT] tweaks minimum base capital rules for brokers,neutral
[TGT] debuts at Rs 257/share on NSE,neutral
[TGT] IPO looks costlier than peers:Nirmal Bang,neutral
Vinita Bali steps down as [TGT] Managing Director,neutral
Record open interest points to [TGT] price support,neutral
[TGT] now move in tandem with stocks,neutral
[TGT] little changed; treasury bills auction in focus,neutral
[TGT] yields steady ahead of buyback results,neutral
[TGT] yields steady; treasury bill outcome watched,neutral
[TGT] yields little changed; buyback news to support,neutral
Fruitful talks held with [TGT] on mobile industry,neutral
[TGT] can test 370 levels: Mitesh Thacker,neutral
Several [TGT] tie up with domestic companies,neutral
Several Belgian companies tie up with [TGT],neutral
"[TGT] appoints heads of equities for India, Korea",neutral
Analysts' recommendations on [TGT],neutral
Too early to buy [TGT]: Deepak Mohoni,neutral
[TGT] may consolidate: Mitesh Thacker,neutral
Stock-specific action likely; all eyes on [TGT],neutral
[TGT] Q2 net at Rs 591 crore,neutral
[TGT] proposes to raise funds,neutral
[TGT] end flat ahead of bank results,neutral
[TGT] seen steady ahead of emergency summit,neutral
[TGT] IPO opens on Thursday,neutral
GST is a brahmastra to kick-start GDP: [TGT],neutral
[TGT] mixed after Wall Street records,neutral
Hold on to [TGT]: Deven Choksey,neutral
[TGT] Q3 net at Rs 329.35 cr,neutral
"[TGT] mixed, await US jobs data",neutral
[TGT] mixed after new Wall Street record,neutral
[TGT] launches S&P BSE dividend stability index,neutral
Asia Index launches [TGT] dividend stability index,neutral
[TGT] to test bond record again in 2015,neutral
[TGT] to issue shares to institutional investors,neutral
[TGT] vice chairman V Sumantran resigns,neutral
Dheeraj Hinduja appointed Chairman of [TGT],neutral
[TGT] to launch Smart Alpha indices,neutral
"[TGT] announces seven-part bond for buybacks, dividends",neutral
Fundamentally markets are fairly priced: [TGT],neutral
[TGT] closes financial planning division in India,neutral
[TGT] files IPO papers with Sebi,neutral
Amar Ujala files IPO papers with [TGT],neutral
Sanjiv Mediratta joins [TGT],neutral
India's Lalita Gupte finds place in [TGT]'s Board,neutral
[TGT] appoints Jayakumar Krishnaswamy as managing director,neutral
[TGT] bond sale extended to September 26,neutral
[TGT] to make market debut on Monday,neutral
"[TGT] identifies rogue brokers, seeks SEBI action",neutral
"ADAG identifies rogue brokers, seeks [TGT] action",neutral
[TGT] IPO values bank at $17.9 billion,neutral
Early triggers coming into [TGT]: Rajesh Jain,neutral
[TGT] relying on short-term orders to lower risk,neutral
[TGT] plans Rs 350-cr public issue,neutral
[TGT] may move in 8000-8200 range,neutral
[TGT] to begin talks for bond refinancing: Source,neutral
5150-5300 the big base for [TGT] this year: IL&FS,neutral
5150-5300 the big base for Nifty this year: [TGT],neutral
7050 to 7080 cash level for [TGT]: Ashwani Gujral,neutral
Abhay Kumar Singh is new CEO of [TGT],neutral
[TGT] set to price IPO shares amid investor frenzy,neutral
"[TGT] prices IPO at Rs 1,050 per share",neutral
[TGT] appoints Saurabh Mukherjea as Head of Equities,neutral
Amit Akali calls it quits at [TGT],neutral
Anil Dua quits [TGT]; to pursue career abroad,neutral
Ansuman Das takes over as full-time CMD of [TGT],neutral
Arbitrageurs building positions in natural gas counter on [TGT],neutral
"Arcil to pick stake in [TGT], come on board",neutral
Arun Gupta appointed CMD of [TGT],neutral
Ashok Vidyasagar appointed as senior VP of [TGT],neutral
"[TGT] muted as China data, Wall St weighed",neutral
"Atanu Sen becomes new MD, CEO of [TGT]",neutral
[TGT] foreign shareholding crosses 49 per cent limit,neutral
[TGT] to see lot of traction: Mitesh Thacker,positive
[TGT] plans Rs 455 crore share buyback offer,neutral
[TGT] appoints Guenter Weber as regional president in India,neutral
[TGT] ask companies to comply with corporate governance norms,neutral
[TGT] hires four banks for US dollar bond offering,neutral
Brokerages have mixed views on [TGT] post Q4 results,neutral
Brokers seek reduction in option trading charges at [TGT],neutral
BSE and [TGT] announce trading holiday on April 24,neutral
[TGT] and NSE announce trading holiday on April 24,neutral
"[TGT] opens investor centres at Lucknow, Vadodara and Patna",neutral
[TGT] to foray into commodities trading with new platform,neutral
BSE to foray into [TGT] trading with new platform,neutral
[TGT] may be valued at $1bn in April IPO,neutral
[TGT] fairly priced at the current levels: Nitin Raheja,neutral
[TGT] housing finance subsidiary eyes IPO,neutral
[TGT] posts Rs 1.58 crore profit in Q3,neutral
[TGT] raise equity allocations as buy-in opportunities rise,neutral
[TGT] slaps restrictions on 7 securities and futures institutions,neutral
[TGT] almost unchanged after moving in narrow range,neutral
Choose [TGT] which have muliple products including insurance:Prateek Agarwal,neutral
[TGT] board appoints M Viswanathan as Company Secretary,neutral
[TGT] to raise Rs 100 crore through QIP,neutral
Create framework to fight cyber attacks on markets: [TGT],neutral
Dalit Entrepreneurs celebrate the launch of [TGT]'s Mumbai chapter,neutral
David Lau appointed GM of [TGT] in India,neutral
Did [TGT]'s Janet Yellen just enter currency wars?,neutral
[TGT] asked to give fund-requirement plans for interim relief,neutral
Do not see [TGT] testing 8000 levels: UR Bhat,neutral
Does [TGT] look attractive as SC lifts ban?,neutral
[TGT] steadies in Asian markets despite weak GDP data,neutral
[TGT] to approach Shipping Ministry for IPO approval,neutral
[TGT] appoints Premal Madhavji as Equities Head,neutral
[TGT] records Q4 profit at Rs 5.44 crore,neutral
Expect [TGT] to hover around 5950-6100 levels: Mitesh Thacker,neutral
Expect [TGT] to hover around 5950-6100 levels: Sandeep Wagle,neutral
"Expect [TGT] to trade in 7,700-7850 range: Mitesh Thacker",neutral
F&O Tracker: [TGT] likely to cap resistance at 6270,neutral
F&O: Next support of [TGT] seen around 5000 levels,neutral
[TGT] investors have a tough call to make,neutral
[TGT] Q3 net profit at Rs 9.99 crore,neutral
[TGT] December quarter profit at Rs 389.09 crore,neutral
[TGT] to issue Rs 100-crore debentures to promoters,neutral
"Get ready to test 8,650-8,700 on [TGT]: Sandeep Wagle",neutral
Global design pact: [TGT] to rope in NIFT students,neutral
"[TGT] steady near $1,160; US dollar, data in focus",neutral
"Gold steady near $1,160; [TGT], data in focus",neutral
Gopal Vittal to be managing director at [TGT],neutral
Government plans to curb [TGT] role in financial markets,neutral
Govt goes on hunt for a new [TGT] chief,neutral
Growth more promising in [TGT]: Deven Choksey,positive
Has [TGT] turned the corner? Some analysts think so,neutral
Have stock-specific view on [TGT] space: Hemindra Hazari,neutral
[TGT] Q3 Results: Five things to watch out for,neutral
[TGT] seeks to raise Rs 1000 crore via bonds,neutral
"Healing process continues, investors need to be patient: [TGT]",neutral
Heard on the street: Dabba trading on [TGT] radar,neutral
[TGT] to raise Rs 370-cr through NCDs,neutral
[TGT] to reward shareholders with 1:1 bonus issue,neutral
[TGT] appoints Sanjay Jorapur as Chief HR Officer,neutral
[TGT] looking at FPO to shore up capital base,neutral
[TGT] ex-MD Nikhil Vora fund gets first mega investor,neutral
"[TGT] to remain in 120-140 range, says Jagannadham Thunuguntla",neutral
[TGT] says oil supply boost may defer market tightening,neutral
Immediate support for [TGT] is placed at 55.10: Bonanza,negative
"Immediate target for [TGT] is 6230-6250: Sandeep Wagle, APTART",neutral
"Immediate target for Nifty is 6230-6250: Sandeep Wagle, [TGT]",neutral
[TGT] not trading at cheap valuations: Anish Damania,neutral
"[TGT] set to launch Rs 2,500-crore initial public offering",neutral
[TGT]' March guidance for next fiscal is very crucial,neutral
[TGT] Q4 results: Five things to watch out for,neutral
[TGT]'s Q4 net profit at Rs 6.13 crore,neutral
"Investors on sidelines ahead of US holiday, [TGT] meeting",neutral
"[TGT] investor roadshows in Singapore, Hong Kong this week",neutral
Is this a good time to purchase [TGT] jewellery?,neutral
"[TGT] will continue to deliver, says Dipan Mehta",positive
J P Chalasani joins [TGT] as Group CEO,neutral
"[TGT] rejig: Shareholders, creditors meet on May 16",neutral
[TGT] to list on SME platform of BSE,neutral
Jupiter Infomedia to list on SME platform of [TGT],neutral
Jyotivardhan Jaipuria leads exit of senior analysts at [TGT],neutral
K K Agarwal takes over as [TGT] Regional ED,neutral
Kartik Kaushik to lead [TGT]'s consumer banking division,neutral
Keki Mistry joins advisory board of [TGT],neutral
[TGT] CEO Prashant Mehta quits for personal reasons,neutral
[TGT] case: Factorial says will cooperate with Sebi,neutral
L&T Finance case: Factorial says will cooperate with [TGT],neutral
"[TGT] reverse trend, beat SMEs in Q3 results",positive
"Larger companies reverse trend, beat [TGT] in Q3 results",negative
Legal tussle forces [TGT] to re-think decision on self-regulation,neutral
Limited options in [TGT] to pick: Harendra Kumar,neutral
[TGT] gives guidance for debut US dollar bond,neutral
Look for levels around 6630-6640 on [TGT]: Ashwani Gujral,neutral
Maharashtra say no to [TGT] price hike,neutral
[TGT] plans IPO to raise Rs 500 crore,neutral
"March series may expire at 6,600-6,650: Vishal Kshatriya, [TGT]",neutral
Marginal revision in [TGT]'s target price expected: Pankaj Pandey,neutral
[TGT]s Vibha Paul Rishi decides to move on,neutral
[TGT] rejigs management; ropes in Deepak Mehrotra as CEO,neutral
[TGT] rides out Iraq conflict for now,neutral
Moderate earnings expected for [TGT] in Q3: Analysts,neutral
[TGT] posts profit of Rs 260 cr in Q3,neutral
[TGT] global indices may include Alibaba after investor queries,neutral
MSCI global indices may include [TGT] after investor queries,neutral
[TGT] IPO oversubscribed 1.22 times on day 2,neutral
"Munish Sharda appointed as [TGT] MD, CEO",neutral
[TGT] announces its first public issue of NCDs,neutral
"Nagesh Basavanhalli to head India business of [TGT], Chrysler",neutral
"Nagesh Basavanhalli to head India business of Fiat, [TGT]",neutral
Nasdaq to settle [TGT] IPO lawsuit for $26.5 million,neutral
[TGT] seeks permission to do futures trading in sugar,neutral
New rules on delivery instruction slips from October: [TGT],neutral
"[TGT] tax-free bond closes tomorrow, grab a share now",neutral
[TGT] likely to revisit 7450-7500 support levels: Mitesh Thacker,neutral
"[TGT] looks tightly range bound: Vineet Bhatnagar, MD, PhillipCapital",neutral
[TGT] may take a breather around 6715-6750 this week,neutral
[TGT] might retest earlier high of 7800: Mitesh Thacker,neutral
[TGT] to test 6900 levels; top five trading strategies,neutral
"[TGT] may not break 8,000 in hurry: Sandeep Wagle",neutral
Nikko reworks stake in [TGT] JV to 51%,neutral
[TGT] reworks stake in Ambit Group JV to 51%,neutral
[TGT] appoints Takayuki Ishida as new MD,neutral
Nita Ambani becomes first woman director on [TGT] board,neutral
[TGT] to launch select forward agri contracts this month,neutral
[TGT] offers RINL ex-CMD AP Choudhary full-time advisor post,neutral
NMDC offers [TGT] ex-CMD AP Choudhary full-time advisor post,neutral
[TGT] offers RINL's ex-CMD AP Choudhary full-time advisor's post,neutral
NMDC offers [TGT]'s ex-CMD AP Choudhary full-time advisor's post,neutral
Noel N Tata takes over as chairman of [TGT],neutral
Noel N Tata takes over as chairman of [TGT],neutral
"[TGT] neutral on YES Bank, target price at 380",neutral
"Nomura neutral on [TGT], target price at 380",neutral
[TGT]'s top five largecap picks in an uncertain market,neutral
[TGT] arm introduces acceptance of FDRs in electronic form,neutral
[TGT] expects 8-10 listings on institutional platform by March,neutral
[TGT] to launch trading in currency options on Friday,neutral
[TGT] ties up with Tanfed to procure vegetables online,neutral
NSEL ties up with [TGT] to procure vegetables online,neutral
[TGT] to rematerialise e-series contracts from April 12 onwards,neutral
"[TGT] tests systems, to brief investors before Alibaba debut",neutral
"NYSE tests systems, to brief investors before [TGT] debut",neutral
[TGT] is more sideways type stock: Ashwani Gujral,neutral
[TGT] to procure Rs 97-crore litre ethanol,neutral
[TGT] steady around $114 as Iraq exports in focus,neutral
P Padmanabhan takes charge as MD [TGT],neutral
P Padmanabhan takes charge as MD [TGT],neutral
[TGT] Q3 net profit at Rs 83 crore,neutral
"PE funds [TGT], IVFA eye stake in Dodsal Group",neutral
"PE funds Multiples, [TGT] eye stake in Dodsal Group",neutral
"PE funds Multiples, IVFA eye stake in [TGT]",neutral
"[TGT] appoints new CEOs for beverages, foods businesses",neutral
Philippe Divry appointed as the MD of [TGT],neutral
"[TGT] is steady: Ambareesh Baliga, Way2Wealth Brokers Pvt. Ltd",neutral
[TGT] Q3 net profit at Rs 249 crore,neutral
Ponzi schemes: [TGT] seeks quarterly meetings of state panels,neutral
Pre-market: [TGT] seen opening flat; mat retest 8100 levels,neutral
"Pre-market: [TGT] seen opening flat; may reclaim 7,550 levels",neutral
"Pre-market: [TGT] seen opening flat; may reclaim 7,800 levels",neutral
Pricing power is the key in [TGT]: Prateek Agarwal,neutral
[TGT] Q1 net profit at Rs 13.24 crore,neutral
Private sector is more promising than [TGT],neutral
[TGT] seeks shareholder nod to pay 22% dividend,neutral
Pyramid Saimira case: [TGT] completes probe against five entities,neutral
R K Tewari takes charge as new [TGT] Chairman,neutral
Rajiv Sawhney puts in papers as [TGT] CEO,neutral
[TGT] ensures resumptions of RTGS functions in bond trading,neutral
[TGT] is helping govt gold monetisation scheme take off,neutral
Recommend wait and watch for [TGT]: Deven Choksey,neutral
Recommend wait and watch for [TGT]: Deepak Shenoy,neutral
Re-emergence of equity investors in 2014: [TGT],neutral
[TGT] continue to do reasonably fine: Amisha Vora,neutral
[TGT] may post a flat performance for Q1,neutral
[TGT] will participate in a bigger way: Kunj Bansal,neutral
"[TGT] appoints head of institutional equities, India",neutral
Revise [TGT] target to Rs 1152: Kotak,neutral
[TGT] set to smoke out olive oil,positive
Rice bran oil set to smoke out [TGT],negative
[TGT] IPO will depend on market conditions: Steel Secretary,neutral
[TGT] appoints Mukesh Malhotra as new group head,neutral
[TGT] ends flat; Reserve Bank of India intervention seen,neutral
Rupee ends flat; [TGT] intervention seen,neutral
"[TGT] snaps two-day fall as exporters, corporates sell dollars",positive
[TGT] will probably stabilised around 61-62 levels: Sudip Bandyopadhyay,neutral
[TGT] lists at Rs 88 on the NSE,neutral
Santosh B Nayar new CEO & MD of [TGT],neutral
Santosh Nayar to be MD and CEO of [TGT],neutral
SAT to hear [TGT] case on September 29,neutral
Satisfactory PAT nos from [TGT] majors: Networth Stock Broking,neutral
Satisfactory PAT nos from FMCG majors: [TGT],neutral
[TGT] appoints Milind Pingle as Managing Director,neutral
Scenario for [TGT] is range bound: Sanjeev Agarwal,neutral
[TGT] announces new corporate governance norms; mutual fund policy,neutral
[TGT] board approves sharing KYC details with financial regulators,neutral
[TGT] clears amalgamation of Aarti Industries & promoter firms,neutral
[TGT] collates KYC details of nearly two crore investors,neutral
[TGT] enhances vigil for money laundering through stock market,neutral
[TGT] mulls YieldCo listing norms in renewable funding push,neutral
Sebi mulls [TGT] listing norms in renewable funding push,neutral
[TGT] notifies rules for using IPEF for refunding investors,neutral
[TGT] orders attachment of demat a/c of MPS Greenery,neutral
"[TGT] orders attachment of demat, bank accounts of defaulter",neutral
"[TGT] proposes including family trusts, NBFCs in QIB segment",neutral
"[TGT] proposes new title of ""vice-chairpersons"" for its members",neutral
"[TGT] to fix strict enforcement timelines, focus on refund",neutral
[TGT] to meet rating companies today for reality check,neutral
[TGT] to revisit policy on proprietary trading by brokers,neutral
[TGT] to soon notify norms to regulate research analysts,neutral
[TGT] to study global systems to catch manipulators early,neutral
[TGT] to tap social media for investor awareness campaigns,neutral
"[TGT] wants young, high-earning worker pension money in MFs",neutral
Sectors that are likely to outperform in [TGT],neutral
Selection panel for [TGT] chief reset; PMO nominee included,neutral
[TGT] appoints Gunjan Srivastava as MD for India operations,neutral
"[TGT] may touch 22,000 level before general elections: Experts",neutral
"[TGT] rangebound, retests 28000; top ten stocks in focus",neutral
"[TGT] rangebound, trades below 26000; top 20 trading ideas",neutral
[TGT] takes a breather; top ten stocks in focus,neutral
Sentimental impact [TGT] pricing is inevitable: P Phani Sekhar,neutral
[TGT] receives SEBI approval for its IPO,neutral
Servalakshmi Paper Ltd receives [TGT] approval for its IPO,neutral
[TGT] revises BASF India price target to Rs 586,neutral
Sharekhan revises [TGT] price target to Rs 586,neutral
"[TGT] to be listed in 2014, says Gateway Distriparks",neutral
"Snowman to be listed in 2014, says [TGT]",neutral
Soaring [TGT] prices may become India Inc's latest bugbear,neutral
Soaring milk prices may become [TGT]'s latest bugbear,neutral
Spice exporters eye Vietnam for a steady [TGT] supply,neutral
[TGT] eye Vietnam for a steady pepper supply,neutral
"[TGT] is moving sideways: Ashwani Gujral, Market Strategist",negative
[TGT] lure PFs with high-return bond issues,neutral
Stick to regional players in [TGT]: Jagdish Malkani,neutral
[TGT] are fighting a global war for listings,neutral
Study company's management before buying [TGT]: Prashasta Seth,neutral
Submit associate member details by February-end: [TGT] to brokers,neutral
[TGT] in Maharashtra can now expect saffron boons,neutral
[TGT] Q2 flat at Rs 25 crore,neutral
"[TGT] eyes Rs 10,000 crore LSE listing for arm",neutral
"Suzlon eyes Rs 10,000 crore [TGT] listing for arm",neutral
[TGT] turns bitter for mill owners in 2014,negative
T K Sengupta takes over as Director of [TGT],neutral
"Tapering is bound to happen: IV Subramaniam, [TGT]",neutral
[TGT] Q4 numbers justify its valuations: Prakash Diwan,neutral
[TGT] appoints Ashok S Sethi as Executive Director,neutral
[TGT] to pay Rs 193.34 crore as bonus,neutral
"Tax [TGT] imports, bond with NRIs and grow tomatoes",neutral
Technical snag at [TGT]; exchange looking into it: Official,neutral
[TGT] promotes Indian executive Prasoon Sinha for global role,neutral
Ten-year T-yields to stay at 2.5-3%: [TGT] Bill Gross,neutral
Ten-year T-yields to stay at 2.5-3%: [TGT]'s Bill Gross,neutral
[TGT] posts Q4 net profit at Rs 126.50 cr,neutral
[TGT] is fairly valued at 71: Sudhir Nair,neutral
[TGT] posts Q4 net profit at Rs 2.47 crore,neutral
Tirupati [TGT] set to be locked safely in PSBs,neutral
Top 10 luxurious types of [TGT] across the globe,neutral
Top five factors which are weighing on [TGT],neutral
"[TGT] plans IPO, files DRHP with SEBI",neutral
"Trimax IT Infrastructure plans IPO, files DRHP with [TGT]",neutral
U K Sinha gets two-year extension as [TGT] chief,neutral
[TGT] allots 658 shares to employees under ESOP,neutral
[TGT] launch likely by Diwali: Ketan Sheth,neutral
[TGT] end little changed before monthly jobs report,neutral
US-based [TGT] elects Indian as Chairman of Executive Committee,neutral
Vipul Prakash to be [TGT] marketing head in India,neutral
Vipul Prakash to be [TGT]'s marketing head in India,neutral
[TGT] appoints Punkaj Kumar Bajaj as new CEO,neutral
Vishal Sikka to outline strategy at [TGT]' Q2 results,neutral
[TGT] IPO subscribed 0.47 times on Day 1,neutral
[TGT] sets Rs 195-205 price band for IPO,neutral
Waiting for [TGT] to move above 5570-5575: Mitesh Thacker,neutral
[TGT] finishes flat; deal news offsets housing data,neutral
"[TGT] is for sale, but is it cheap?",neutral
We retain our 'neutral' stand on [TGT]: IIFL India,neutral
We retain our 'neutral' stand on Infosys: [TGT],neutral
What analysts have to say about [TGT] Q3 results,neutral
What brokerages have to say about the [TGT] IPO,neutral
What investors should expect from [TGT] Q2 results,neutral
Why Hemang Jani is not bullish on [TGT],neutral
[TGT] organises forum to reform gold fix,neutral
Would look at shorting opportunities in [TGT]: Mitesh Thacker,neutral
[TGT] broadly in line with Japan fundamentals: IMF Lipton,neutral
Yen broadly in line with Japan fundamentals: [TGT],neutral
[TGT] wrangle may be solved out of court,neutral
"[TGT] firms for 4th week, crosses 200-day moving average",neutral
"[TGT] flat, central bank signals stability with steady midpoint",neutral
"[TGT] holds steady, seen capped at key 6.20/dollar level",neutral
"[TGT] little changed on PBOC guidance, seen trading narrowly",neutral
1.3 lakh investors traded via mobiles on [TGT] in Q1,neutral
103 alter funds allowed to operate in Ind by [TGT],neutral
5 factors indicating the tide is turning for [TGT],neutral
[TGT] to launch direct delivery from sellers' location in Gujarat,neutral
[TGT]'s Rs 170-cr IPO to hit market on Feb 21,neutral
[TGT]a's record IPO covered entire deal in 2 days: Sources,neutral
[TGT] posts 13% growth; market leader Exide slips 11%,neutral
Amara Raja posts 13% growth; market leader [TGT] slips 11%,neutral
"Amitabh Bachchan rings opening bell of [TGT] while promoting ""Yudh""",neutral
Analysis of the performance of [TGT] in Q1 FY13,neutral
Analysts see no major impact from new [TGT] tapering talks,neutral
Anoop Singh to quit as [TGT]'s  Asia Pacific Director,neutral
"Asia tentative, awaits word on [TGT] rate outlook",neutral
[TGT] names John Brosnan as new India managing director,neutral
[TGT] is the sector is own right now: Satish Betadur,neutral
[TGT] to raise 250 million Euros for 5 year,neutral
BNP Paribas buys [TGT] shares for Rs 20.3 crore,positive
[TGT] buys Mahindra Holidays shares for Rs 20.3 crore,neutral
[TGT] fine shows dollar key role in global markets,neutral
[TGT] ask cos to strictly comply with 'trading window' rules,neutral
"[TGT] breathe sigh of relief as Scotland votes ""No""",neutral
[TGT] resumes trading after tech glitch; top 20 trading ideas,neutral
"[TGT] resumes trading post tech glitch; traders, arbitragers hit most",neutral
[TGT] to auction unused government bonds limit to foreign investors,neutral
Build defensive portfolio in volatile markets: [TGT],neutral
[TGT] expected to seek licensing records of NSEL from states,neutral
CBI expected to seek licensing records of [TGT] from states,neutral
Centre seeks more time to pass [TGT]-NSEL final merger order,neutral
Centre seeks more time to pass FTIL-[TGT] final merger order,neutral
CERC gives [TGT] more time for IEX stake sale,neutral
CERC gives Financial Technologies more time for [TGT] stake sale,neutral
[TGT] gives Financial Technologies more time for IEX stake sale,neutral
Chances are that [TGT] will go towards 8650-8700: Ashwani Gujral,neutral
Cheap valuations of [TGT]: Buy or no buy?,neutral
[TGT] sets stage for opening commodity futures to foreign investors,neutral
China sets stage for opening [TGT] to foreign investors,neutral
[TGT] state-owned margin finance corp says to ensure market stability,neutral
[TGT] remains nearly flat as ruling party meeting opens,neutral
[TGT]: Focus on exports critical to swing in future surprises,neutral
[TGT] rejigs India operations; appoints Dinesh Malkani as President Sales,neutral
[TGT] September quarter results: Five things to watch out for,neutral
Colvyn Harris gets South Asia as [TGT] 'deconstructs' region roles,neutral
Cos listed on [TGT] to move on BSE dissemination board,neutral
Cos listed on VSEL to move on [TGT] dissemination board,neutral
Cos with high IPO grades have higher PE multiples: [TGT],neutral
Crackdown on Ponzi schemes: Ordinance empowering [TGT] set to lapse,neutral
"[TGT], now Hinduja Tech, plans to enter new markets",positive
"Definance Technologies, now [TGT], plans to enter new markets",positive
[TGT]'s PE arm ArthVeda Fund launches infrastructure debt fund,neutral
Dewan Housing's PE arm [TGT] launches infrastructure debt fund,neutral
Did [TGT]'s Board wrong its shareholders? Law firms are examining,neutral
[TGT] promoters settle case with Sebi; pay Rs 13.27 lakh,neutral
"[TGT] turn back on bank loans, issue bonds instead",neutral
[TGT] launches Rs 200 crore public issue of debentures,neutral
[TGT] QE: What markets expect and what it might mean,neutral
[TGT] says forex benchmark rates compiled on too narrow basis,neutral
"EGoM to decide [TGT] FPO date, price band tomorrow",neutral
[TGT] declares interim dividend of Rs 4 per share,neutral
ET 500: Why [TGT] is the Infosys of aerospace manufacturing,neutral
ET 500: Why Dynamatic is the [TGT] of aerospace manufacturing,neutral
[TGT] mixed as buoyant results offset by China woes,neutral
Expect [TGT] to be range bound going ahead: Mitesh Thacker,neutral
"F & O Tracker: 6,150 key support level for [TGT]",neutral
F&O Tracker: [TGT] may move in a range till May-end,neutral
F&O tracker: Next support for [TGT] seen at 8320 levels,neutral
[TGT] extends IPO; price band revised to Rs 80-85,neutral
FII's step up stocks purchase after [TGT] reiterates positive growth,neutral
Finance Ministry sets ball rolling for listing of [TGT],neutral
Fiscal deficit to be around 5% this year: [TGT],neutral
Five things to watch out for in [TGT] earnings,neutral
Five things to watch out for in [TGT] Q1 results,neutral
FM P Chidambaram seeking to empower [TGT] against ponzi schemes,neutral
Foreign investors navigate turmoil in [TGT] with new playbook,negative
Former [TGT] MD Sanjeev Aga joins Board of Subex,neutral
[TGT] get shareholders' nod for selling 6.5% stake to GIC,positive
Fortis get shareholders' nod for selling 6.5% stake to [TGT],neutral
[TGT] appoints Amit Nath as Country Manager India & SAARC,neutral
[TGT] calls board meeting tomorrow to discuss Jignesh Shah's arrest,neutral
"[TGT], brokers fight to tell 'their side of the story'",neutral
[TGT] adds 9 Indian firms to key Asia Pacific index,neutral
FTSE adds 9 Indian firms to key [TGT],neutral
[TGT] to keep sanctioned Russian banks in indexes for now,neutral
FTSE to keep sanctioned [TGT] in indexes for now,neutral
"[TGT] files papers for Rs 1,600 cr rights issue",neutral
[TGT] appoints Munesh Makhija as MD of India technology centre,neutral
[TGT] posts Rs 79.75 cr net profit in Dec quarter,neutral
"[TGT] firms near $1,200, poised to end 2014 largely flat",neutral
"[TGT] prices 30-year, $974 million bond in Taiwan: Sources",neutral
Government begins search for new members for [TGT],neutral
Govt should follow 25% public holding rule for [TGT]: Sebi,neutral
Govt should follow 25% public holding rule for PSUs: [TGT],neutral
Guidance framework soon for companies to make right disclosures: [TGT],neutral
Half-a-dozen hopefuls line up for [TGT]s top post,neutral
Harsha Lal to head [TGT]'s Public-Large Enterprise business in India,neutral
[TGT] announces key additions to its Board of Directors,neutral
[TGT] Q4 results: Five things to watch out for,neutral
Here are the jobs most in demand on [TGT],neutral
[TGT] appoints Amar Chintopanth as Group CFO - Media,neutral
[TGT] likely to list Lavasa Corp by July-September quarter,neutral
Hindustan Construction likely to list [TGT] by July-September quarter,neutral
[TGT] close mixed on China bank reform plan,neutral
"Hopeful on [TGT]: Sanjay Dutt, Quantum Securities Pvt. Ltd.",positive
"Hopeful on construction sector: Sanjay Dutt, [TGT]",neutral
Housing lender [TGT] plans up to $600 million share offering,neutral
[TGT] with target price of Rs 586: Mitesh Thacker,neutral
IC Sahu is new ED in-charge of [TGT],neutral
[TGT] not very expensive compared to previous cycle: Anish Damania,neutral
Important that [TGT] captures 19150 levels again: Mitesh Thacker,neutral
"[TGT]: Economic turnaround, improved hiring to be immediate trigger",neutral
Inform clients on website to update details: [TGT] to Brokers,neutral
"[TGT] December show, Federal minutes to set pace for markets",neutral
"Insider trading, risk management key focus areas for 2014: [TGT]",neutral
Insurance bill will not benefit [TGT] immediately: Deepak Shenoy,neutral
[TGT] to delist Sparsh BPO to avoid conflict of interest,neutral
Intelenet to delist [TGT] to avoid conflict of interest,neutral
"[TGT] may raise Rs 6,300 crore via rupee-denominate bonds abroad",neutral
[TGT] to raise Rs 100 crore for expanding operations,neutral
[TGT] lead gain in weak market post Infosys results,positive
IT stocks lead gain in weak market post [TGT] results,positive
[TGT] reports Q2 net profit at Rs 91.27 crore,neutral
[TGT] in talks with IFC for stake sale: Sources,neutral
Jain Irrigation in talks with [TGT] for stake sale: Sources,neutral
[TGT] appoints aviation specialist Cramer Ball as new CEO,neutral
[TGT] reports Q4 net profit at Rs 18.07 crore,neutral
[TGT] appoints Rajiv Lochan as MD & CEO,neutral
KC Chakrabarty to join [TGT] as Independent Director,neutral
Ketan Mehta eyes $10 mn from PE players for [TGT],neutral
[TGT] appoints Samik Nandi as Partner of ERP Adivisory practice,neutral
[TGT] partners with Chinese banks to promote London renminbi trading,neutral
LSE partners with [TGT] to promote London renminbi trading,neutral
M Teresa Kho is [TGT]'s new country director for India,neutral
[TGT] appoints Chandra Iyengar as its Chief,neutral
Management commentaries to sway sentiment on [TGT]: Mayuresh Joshi,neutral
[TGT] are loving the no vote in the Scottish referendum,positive
[TGT] look directionless: Here where investors can park their money,neutral
"[TGT] may correct this week, buy-on-dips looks a safe play",positive
[TGT] may take cues from global factors this week: Experts,neutral
[TGT] seems to be getting into budget-trade mode: Ashwani Gujral,neutral
[TGT] to be in limbo till poll results: Nitin Raheja,neutral
[TGT] versus minority shareholders: It a precedent in the making,neutral
[TGT] likely to tweak technology deal with FTIL by month-end,neutral
MCX likely to tweak technology deal with [TGT] by month-end,neutral
[TGT] lists at 34% premium at Rs 1387 on BSE,neutral
[TGT] plans strategic stake sales to raise Rs 900 crore,neutral
"[TGT] first to offer interest rate futures, starting January 20",neutral
"MCX-SX first to offer [TGT], starting January 20",neutral
Media important part of [TGT] surveillance mechanism: U K Sinha,neutral
[TGT] eyes Rs 118 crore via rights issue,neutral
"More time required for order on [TGT]-FTIL merger, says Government",neutral
"More time required for order on NSEL-[TGT] merger, says Government",neutral
[TGT] plans natgas export plant in new commodities foray,neutral
[TGT] forecasts achhe din for stock market in 2016,neutral
[TGT] initiative has Gulab Bagh reaping big with maize contracts,neutral
[TGT] ties up with DD Kisan to provide agri-price information,neutral
NCDEX ties up with [TGT] to provide agri-price information,neutral
[TGT] to bring in differential transaction charges from February 19,neutral
Near term outlook remains muted for [TGT]: Amit Khurana,neutral
[TGT] founder Raghav Bahl to continue as non-executive board member,neutral
Next few years need stable FDI flows:  [TGT],neutral
NIF may turn co-plaintiff in Modern India suit against [TGT],negative
[TGT] may turn co-plaintiff in Modern India suit against NSEL,neutral
NIF may turn co-plaintiff in [TGT] suit against NSEL,neutral
NIF may turn co-plaintiff in Modern India suit against [TGT],negative
[TGT] may turn co-plaintiff in Modern India suit against NSEL,neutral
NIF may turn co-plaintiff in [TGT] suit against NSEL,neutral
"[TGT] can hit 12,000 in five years, says Raamdeo Agrawal",neutral
[TGT] may be on its way to 6800: Ashwani Gujral,neutral
[TGT] might resume upward trend after 2-3 days: Mitesh Thacker,positive
"[TGT] nears 6,300 as Russia pulls out troops from Crimea",neutral
[TGT] to get past 8000 at some point: Ashwani Gujral,neutral
"[TGT] to trade in a range of 8350-8,550: Ashwani Gujral",neutral
[TGT]'s consolidated P/E makes Indian markets cheaper than its peers,neutral
Nishi Vasudeva takes over as [TGT] chief,neutral
"[TGT] expects Rs 1,000-crore turnover this fiscal",neutral
[TGT] extends deadline for trading members to provide client details,neutral
"[TGT] moves court, seeks more time to reply to CCI",neutral
"NSE moves court, seeks more time to reply to [TGT]",neutral
[TGT] to auction government bonds worth Rs 617 crore tomorrow,neutral
[TGT] to take back policing duties from Wall Street watchdog,neutral
NYSE to take back policing duties from [TGT] watchdog,neutral
[TGT]: Look at it only from a long-term perspective,neutral
Oil Minister Dharmendra Pradhan approves appointment of new [TGT] Chairman,neutral
"Open offers worth Rs 1,007 crore made in Apr-Aug: [TGT]",neutral
Options signal limited upside for [TGT] at around 7500 levels,neutral
[TGT] appoints Sebi Joseph as MD of India biz,neutral
[TGT] plans to raise up to $67 mn through QIP,neutral
[TGT] offers equity stake against Rs 131-crore loan,neutral
Pawan Munjal elevated as new Vice Chairman in [TGT],neutral
"[TGT] to raise Rs 5,300 cr via infrastructure bond issue",neutral
"PFC to raise Rs 5,300 cr via [TGT] issue",neutral
"[TGT] to start selling Rs 1,000 cr tax-free bonds tomorrow",neutral
"[TGT] is in a range: Kunal Saraogi, Technical Analyst",neutral
[TGT] announces to buyback shares of Rs 62.07 lakh,positive
"Pre-market: [TGT] likely to open flat; may retest 6,500 levels",neutral
Pre-market: [TGT] seen opening flat; may trade around 8050 levels,neutral
"[TGT] Rs 1,200cr IPO subscribed 1.75 times till 2pm",neutral
Public offer discounts should be given at bidding time: [TGT],neutral
"Public sector banks' future not gloomy: Tushar Pradhan, [TGT]",neutral
"Q1 earnings: [TGT] PAT seen at Rs 3,480 crore",neutral
Q4 numbers by [TGT] a mixed bag: Hemindra Hazari,neutral
Raghuram Rajan wins in Sydney but [TGT] don't care,neutral
[TGT] governor may shift focus to government bonds from rupee,neutral
[TGT] plans to launch IPO in next three quarters,neutral
"[TGT] to raise Rs 4,300 crore from investors, promoters",neutral
"[TGT] to stay in 800-950 range, says Jagdish Malkani",neutral
Report OTC trades in corporate bonds within 15 minutes: [TGT],neutral
S K Sharma takes charge as [TGT] CMD,neutral
"[TGT] decides to retain merchant bankers for Rs 8,000cr FPO",neutral
Sandeep Batra may go back to [TGT],neutral
Sanjiv Misra joins the Board of Directors of [TGT],neutral
SAT asks [TGT] to submit investors' details within 2 weeks,neutral
[TGT] asks Alchemist to submit investors' details within 2 weeks,neutral
"SAT clubs KP Singh, other petitions with main [TGT] case",neutral
"[TGT] clubs KP Singh, other petitions with main DLF case",neutral
Sateesh Andra takes over as [TGT]s Managing Partner,neutral
[TGT] to submit revised proposal on rights issue in June,neutral
[TGT] ask cos to follow std format for auditor certificates,neutral
[TGT] asks listed firms to appoint women directors by month-end,neutral
[TGT] Chairman UK Sinha expects healthy IPO market in 2016,neutral
[TGT] chief UK Sinha to get two-year extension; notification soon,neutral
[TGT] extends timeline to implement FPI regulations to June 30,neutral
[TGT] invites bids from BPOs for empanelment of helpline agency,neutral
[TGT] may soon make BRs mandatory for top 500 companies,neutral
[TGT] notifies rules on launch of new mutual fund schemes,neutral
[TGT] probe: Maharishi Vedic firm says not into public deposits,neutral
Sebi provides clarity to [TGT] on associate director status,neutral
[TGT] provides clarity to ICICI Prudential on associate director status,neutral
[TGT] ropes in Narayana Murthy to head panel on start-ups,neutral
[TGT] seeks fresh clarification on UFO Moviez Rs 750-crore IPO,neutral
Sebi seeks fresh clarification on [TGT] Rs 750-crore IPO,neutral
[TGT] to soon issue final norms for listing of startups,neutral
[TGT]'s Dalmia ruling may trigger more buyback offers,neutral
Securitised debt trades to be reported within 15 minutes: [TGT],neutral
"Seeing sector rotation, investors realigning portfolios: Sanjay Dutt, [TGT]",neutral
"[TGT] likely to hit 31,000 by December 2015, says Citigroup",neutral
"Sensex likely to hit 31,000 by December 2015, says [TGT]",neutral
[TGT] trading in a range; top 20 intraday trading ideas,neutral
"[TGT]: Iron ore policy, demand from China hold key",neutral
[TGT] to launch international board on September 29,neutral
Shoe maker [TGT] to step out on London market,neutral
[TGT] to launch Rs 200-crore NCD on April 16,neutral
[TGT] forwards steady as central bank prevents fall,neutral
[TGT] elevates Sanjeeb Chaudhuri as global brand head & CMO,neutral
Stock Buzz: [TGT] may face resistance at current levels,negative
"Street Ahead: [TGT] edgy over current affairs, may stay range-bound",neutral
[TGT] & investors get the sweet smell of revival,positive
Suggest to wait till [TGT] hits 8330 mark: Mitesh Thacker,neutral
Target of Rs 268 for [TGT]: Rajat Bose,neutral
Taro contributed one third of [TGT]'s consolidated net sales,neutral
[TGT] files red herring prospectus with RoC for IPO,neutral
Technofab Engg files red herring prospectus with [TGT] for IPO,neutral
The empire strikes back: Why [TGT] will matter in 2014,neutral
[TGT] plans IPO worth up to $100 mn: Sources,neutral
"To help [TGT], talk of mixing ethanol with petrol",neutral
Top brokers recommend 'subscribe' to [TGT] IPO; here why,neutral
Traders may get cash-settled [TGT] and silver futures on MCX,neutral
Traders may get cash-settled gold and [TGT] on MCX,neutral
"[TGT] Rs 1,500 crore IPO to hit D-Street soon",neutral
[TGT] shortlists 3 names for Chairman and MD position,neutral
"[TGT] appoints Kaeley as group president, sales & marketing",neutral
[TGT] posts FY'11 consolidated net profit at Rs 135.47 cr,neutral
Valuations of [TGT] look cheaper compared to its peers,neutral
[TGT] Week Ahead: Jobs report may test market complacency,neutral
[TGT] ends flat in quiet end to dramatic week,neutral
[TGT] Week Ahead: Don't leave small-cap stocks for dead,neutral
Wall Street Week Ahead: [TGT] nearing the 2K summit,positive
[TGT] Week Ahead: S&P 500 nearing the 2K summit,neutral
"War clouds over Crimea: Sensex ends below 21K, [TGT] glitters",positive
"War clouds over Crimea: [TGT] ends below 21K, gold glitters",negative
"Watch out for 720-725 band in [TGT]: Vijay Bhambwani, BSPLindia.com",neutral
"Watch out for 720-725 band in Reliance: Vijay Bhambwani, [TGT]",neutral
What should investors do with [TGT] ahead of Q2 results?,neutral
What's happening in the [TGT] market right now is 'unprecedented',neutral
Who is buying defunct [TGT]' shares on the bourses?,neutral
"Why 9,000 on [TGT] matters: Putting bull market in perspective",neutral
[TGT] likely to sell water business; Focus more on core,neutral
[TGT] valued at $7.4 billion in London listing,neutral
5400-5470 is the [TGT] range for next few days: Ashwani Gujral,neutral
[TGT] Q4 net profit at Rs 530 crore,neutral
"[TGT] hits global bond market, raises $1 billion to fund capex",neutral
[TGT] May Inspire Other Pharma Cos to Take IPO Path,neutral
All is not lost for investors; [TGT] is analysts' best bet,positive
Alok Sinha takes over as new [TGT] chief,neutral
[TGT] plans another IPO to raise about Rs 450 crore,neutral
"Anil Ambani-led [TGT] appoints ex-Vedanta chief, MS Mehta, as CEO",neutral
[TGT] allots 10 lakh equity shares to promoter entity,neutral
"[TGT] steady, investors look to next phase of Greek deal",neutral
[TGT] appoints group co head Jayant Dua as CEO,neutral
[TGT] appoints N Venkat as new MD and CEO,neutral
"[TGT] processes over 50,000 orders on a single day",neutral
"[TGT] to auction government bonds worth Rs 3,208 crore on Thursday",neutral
"[TGT] to auction investment limits for Rs 5,500 crore government bonds",neutral
[TGT] to auction investment limits for Rs 561- crore government bonds,neutral
[TGT] to take 'appropriate action' on Sebi order in NMDC case,neutral
BSE to take 'appropriate action' on [TGT] order in NMDC case,neutral
BSE to take 'appropriate action' on Sebi order in [TGT] case,neutral
"By 2030, [TGT] will hit 1,25,000, says ace investor Rakesh Jhunjhunwala",neutral
Can [TGT] hold 6200 levels next week? Top five trading bets,neutral
[TGT] issues 4 crore shares to LIC on preferential basis,neutral
Canara Bank issues 4 crore shares to [TGT] on preferential basis,neutral
[TGT] reports Rs 510.11 crore Q1 net profit,neutral
China appoints [TGT] as yuan clearing bank in Paris,neutral
China to let banks with [TGT] business do domestic repos,neutral
[TGT] seen to play a bigger role as funding currency,neutral
"[TGT] steady on flat midpoint fix, comments by forex regulator",neutral
China's [TGT] set to open up in HK debut,neutral
[TGT] joins foreign brokerages in cutting year-end target for Indian stocks,neutral
Corporate affairs ministry finalises share swap ratio for proposed [TGT]-FTIL merger,neutral
Corporate affairs ministry finalises share swap ratio for proposed NSEL-[TGT] merger,neutral
[TGT] to raise Rs 500 crore from Tier I bonds,neutral
Cos to host 'material' details on websites for 5 yrs: [TGT],neutral
Currency Corner: [TGT] snaps 3-day gain as funds reduce equity exposure,neutral
[TGT] volumes key to RBI plan on FIIs forex hedging,neutral
Currency futures volumes key to [TGT] plan on FIIs forex hedging,neutral
[TGT] keen on bond issue to repay bank loans,neutral
Did D-Street had an inkling of [TGT] deal with Sun Pharma?,neutral
Did D-Street had an inkling of Ranbaxy deal with [TGT]?,neutral
"Dilip Shanghvi, [TGT] promoter, a pharma maven with midas touch",neutral
Director (Finance) of [TGT] Vishnu Agrawal gets additional charge of MD,neutral
[TGT] makes first profit at Rs 35 crore in Q4,neutral
"[TGT] flat in Asia ahead of key data, Federal Policy meeting",neutral
"[TGT] upset with AAP populist measures, sees no threat to BJP",neutral
[TGT] in talks with producers to launch tea futures,neutral
Dubai commodity exchange in talks with producers to launch [TGT],neutral
"Early elections could provide needed impetus to markets: Pankaj Pandey, [TGT]",neutral
[TGT] December quarter consolidated net profit at Rs 15.15 crore,neutral
[TGT] trading close to its support of Rs 310: Vinith Jain,neutral
[TGT] appoints Ricky Ghai as the CEO of Eros Digital,neutral
Eros International appoints Ricky Ghai as the CEO of [TGT],neutral
"[TGT] holds high potential, but need some clarity: Deven Choksey",neutral
[TGT] posts $21 million net income in October-December quarter,neutral
ETFs based on [TGT] set to hit the market soon,neutral
[TGT] could fix euro zone flaw with risk-free bond,neutral
[TGT] get second half of 2014 off to steady start,neutral
"Ex - chief, M Damodaran contends [TGT] on FTIL stake acquisition",neutral
"Ex - chief, M Damodaran contends Sebi on [TGT] stake acquisition",neutral
"Exercise caution, go light ahead of [TGT] policy review: Sandeep Wagle",neutral
"Expect [TGT] to remain in 8,450-8,560 range; stay stock-specific: Mitesh Thacker",neutral
Ex-staff can't sell ESOP shares for one year post IPO: [TGT],neutral
F&O tracker: [TGT] seen in 16-22 range for Nov expiry,neutral
"Feeling ignored, [TGT] jolts markets to prime them for lift-off",neutral
Finance Ministry to give in-principle approval for [TGT] IPO soon,neutral
Five factors that could decide what way the [TGT] moves next,neutral
"[TGT] turns the heat on UCX, orders a forensic audit now",neutral
Former FMC executive director PK Singhal to lead [TGT] management team,neutral
"[TGT] buys record Rs 16,000-crore government securities in a day",neutral
[TGT] board meeting on Nov 29; to consider revised audit report,neutral
[TGT] moves SAT against Sebi order on 'fit and proper' status,neutral
FTIL moves [TGT] against Sebi order on 'fit and proper' status,neutral
FTIL moves SAT against [TGT] order on 'fit and proper' status,neutral
[TGT] moves SAT against Sebi order on 'fit and proper' status,neutral
FTIL moves [TGT] against Sebi order on 'fit and proper' status,neutral
FTIL moves SAT against [TGT] order on 'fit and proper' status,neutral
Fund houses may ask [TGT] to protect interest of Maruti investors,neutral
Fund houses may ask Sebi to protect interest of [TGT] investors,neutral
[TGT] gets NSE nod to merge Wadala Commodities with itself,neutral
Godrej Industries gets [TGT] nod to merge Wadala Commodities with itself,neutral
Godrej Industries gets NSE nod to merge [TGT] with itself,neutral
"[TGT] rules firm for ninth day on global cues, seasonal demand",neutral
[TGT] registers net profit of Rs 13.89 crore in Q1,neutral
"Have a target of 1200-1210 on [TGT]: Sandeep Wagle, APTART",neutral
"Have a target of 1200-1210 on Hindustan Zinc: Sandeep Wagle, [TGT]",neutral
Higher holding in promoter firm will not trigger open offer: [TGT],neutral
[TGT] QIP and Lavasa Corporation IPO likely in FY16,neutral
Hindustan Construction Company QIP and [TGT] IPO likely in FY16,neutral
[TGT] elevates CFO Sridhar Ramamurthy to Senior Vice President Finance,neutral
House Committee may meet before submitting final report on [TGT] Bill,neutral
How [TGT] moved in the last five RBI policy review meetings,neutral
How to play [TGT] options ahead of Bihar elections and win,neutral
[TGT] plans to raise Rs 286 cr via tax free bonds,neutral
[TGT]s K Ramkumar moves from HR to head CSR division,neutral
[TGT] launches $2.5 billion 'rupee-denominated' bonds for infrastructure projects in India,neutral
"Immediate target is around 3400 in [TGT]: Prasad Kushe, Technical Analyst",neutral
India [TGT] to launch $210 million IPO in December: Sources,neutral
[TGT] goes in for Rs 340 crore insurance Cover,neutral
[TGT] appoints new executives in Singapore and London,neutral
[TGT] IPO opens on Jan 11; price band Rs 155-165/share,neutral
"[TGT] promoter Sanjeev Bikhchandani transfers 13,000 personal shares to employees",neutral
Interest in [TGT] limited; bias towards high beta stocks: Gautam Trivedi,neutral
Invest in stocks of companies with high pricing power: [TGT],neutral
"Investors pick stocks of [TGT] focused on India, skip exporters",neutral
Investors should be wary of [TGT] even if Narendra Modi wins,negative
IPFs of [TGT] not to have FMC official as trustee,neutral
[TGT] likely to hold Nifty at 7900-8000 levels: Ashwani Gujral,neutral
IT stocks likely to hold [TGT] at 7900-8000 levels: Ashwani Gujral,neutral
Jagadish Bhat takes over as head of management at [TGT],neutral
[TGT] posts net profit of Rs 118.23 crore in Q3,neutral
Jignesh Shah's arrest: [TGT] Investors Forum hopes to get back money,neutral
[TGT] IPO pricing values firm at up to $1.1 billion,neutral
[TGT] appoints Neeraj Kumar as Group CEO & Whole-Time Director,neutral
[TGT] levels of Rs 1000 look rich to me: Sudip Bandyopadhyay,neutral
[TGT] to monetise some Infrastructure Development Projects Ltd assets,neutral
Launch of 4G services key to [TGT] stock: Parag Thakkar,neutral
Leo Puri likely to become CMD of [TGT],neutral
Maintaining a neutral stance on the entire [TGT]: Mayuresh Joshi,neutral
[TGT] is contracting; preparing itself for a big move: Ashwani Gujral,neutral
[TGT] levels beyond 7250 possible in next few days: Mitesh Thacker,neutral
[TGT] may retest 5600 level in next few weeks: Ashwani Gujral,neutral
[TGT] taking cues from global factors and quarterly results: Sudip Bandyopadhyay,neutral
[TGT] ahead: Is it lull before the storm on Dalal Street?,neutral
[TGT] will move sideways before next upside starts:  Ashwani Gujral,negative
"[TGT] will remain range-bound in August: Rajat Rajgarhia, Motilal Oswal Securities",neutral
"Markets will remain range-bound in August: Rajat Rajgarhia, [TGT]",neutral
[TGT] appoints Venu Nair as managing director,neutral
[TGT] signs MoU with Gift City for international asset class exchange,neutral
MCX signs MoU with [TGT] for international asset class exchange,neutral
[TGT] new CEO Saurabh Sarkar to review business links with FTIL,neutral
MCX-SX new CEO Saurabh Sarkar to review business links with [TGT],neutral
Medium term target of Rs 450 for [TGT]: Ashwani Gujral,neutral
[TGT] names Bharti Airtel ex-CEO Sanjay Kapoor as chairman of board,neutral
Micromax names [TGT] ex-CEO Sanjay Kapoor as chairman of board,neutral
[TGT] names Bharti Airtel's ex-CEO Sanjay Kapoor as chairman of board,neutral
Micromax names [TGT]'s ex-CEO Sanjay Kapoor as chairman of board,neutral
"Midcap mantra: [TGT] on a roll, to post solid earnings",neutral
Mumbai HC to hear govt's case against [TGT] board on Wednesday,neutral
[TGT] Co-President Adena Friedman to be named chief operating officer -source,neutral
[TGT] issues new guidelines for furures and options segment,neutral
"[TGT]s look good from macro perspective, but stay selective: Amit Khurana",neutral
[TGT] Rs 600 cr rights issue to open on September 29,neutral
[TGT]'s Rs 600 cr rights issue to open on September 29,neutral
"NDA may get 230-240 Lok Sabha seats, don't underestimate AAP: [TGT]",neutral
Need to be careful about selection of [TGT]: Dipan Mehta,neutral
Need to be patient while investing in [TGT]: Mayuresh Joshi,neutral
"[TGT] likely to test 7,630 in next few days: Mitesh Thacker",neutral
[TGT] in a no-trade zone due to holiday-truncated week: Sandeep Wagle,neutral
Noel Tata takes over as Chairman of [TGT]'s logistic arm,neutral
[TGT] appoints V Sembian as new head of Chennai factory,neutral
[TGT] to have 10 stocks from May 29,neutral
[TGT] Director Jignesh Shah quizzed again; focus now on broking firms,neutral
[TGT] director B N Talukdar made new directorate general of hydrocarbons,neutral
"[TGT] could retest levels of 46: Ashwani Gujral, Market Strategist",neutral
"Post [TGT] policy: Bonds draw comfort from future guidance, rupee steady",neutral
"Post RBI policy: Bonds draw comfort from future guidance, [TGT] steady",neutral
"Post [TGT] surprise, LKP Securities seven big ideas for next quarter",neutral
"Post RBI surprise, [TGT] seven big ideas for next quarter",neutral
[TGT] gets time to comply with net worth norms,neutral
Pre-market: [TGT] seen opening flat on first trading day of 2014,neutral
Profit-making [TGT] may be asked to submit IPO plans to Centre,neutral
"Pullback rally over? Now, [TGT] likely to take support at 8,000",neutral
"[TGT] trying to match airlines; to offer personalised alerts, wake-up calls",neutral
"Railways trying to match [TGT]; to offer personalised alerts, wake-up calls",neutral
[TGT]'s long positions should wait for some good news: Ashwani Gujral,neutral
"[TGT] measures, BJP government policies shield Indian markets from global factors",neutral
"[TGT] sells govt bonds worth Rs 20,000 crore in largest auction",neutral
[TGT] to conduct 14-day term repo auction for 610 billion rupees,neutral
[TGT]'s rate cut: More money may chase fixed income products now,neutral
"[TGT] posts Rs 1,228 crore profit in Q3, announces interim dividend",neutral
[TGT] closes share issue; promoters subscribe at Rs 150 apiece,neutral
"Relief temporary for [TGT], analysts advise investors to avoid long bets",neutral
RS Butola is the new chairman of [TGT],neutral
[TGT] to stay in 60-62/$ band till election results are out,neutral
"[TGT] hits global debt markets, to raise up to $1 bn",neutral
SC dismisses [TGT]'s plea for insider trading charges against Samir Arora,neutral
Search panel recommends S S Mundra for [TGT] Deputy Governor role,neutral
[TGT] asks bourses to move 36 companies to normal trading category,neutral
[TGT] eases rules for market making in illiquid equity cash segment,neutral
[TGT] meet from January 27 to discuss risks of algorithmic trading,neutral
[TGT] planning to provide fresh avenues for startups through crowd-funding norms,neutral
"[TGT] to carry investor campaigns via mobile, Internet in FY 15",neutral
[TGT] working on guidelines to check wilful defaulters: U K Sinha,neutral
"Seeing broader participation in market; [TGT] may revisit 8,050: Ashwani Gujral",neutral
[TGT] trading in a narrow range; top thirteen stocks in focus,neutral
[TGT] to raise Rs 500 crore via secured NCDs,neutral
"[TGT]: No number games this time, focus on quality issuance",neutral
"[TGT] to raise Rs 300 cr, merge two group firms",neutral
[TGT] appoints former SBI chief OP Bhatt as board member,neutral
Standard Chartered appoints former [TGT] chief OP Bhatt as board member,neutral
[TGT] may have to shell out more on perpetual bonds,neutral
[TGT] start a bond fire with a flurry of issues,neutral
"[TGT] to see cautious trading amid elections, IIP data: Report",negative
[TGT] to raise Rs 300 cr via SPV stake sale,neutral
[TGT]-Ranbaxy deal is the best thing to happen to their investors,neutral
Sun-[TGT] deal is the best thing to happen to their investors,neutral
Three reasons why [TGT]s credit scores are on the mend,neutral
"To keep growing in 2010, [TGT] want costs under check",neutral
Top [TGT] stakeholder urges FM Arun Jaitley to review exchange norms,neutral
Vedanta group: Anil Agarwal to be Chairman Emeritus of [TGT],neutral
[TGT] group: Anil Agarwal to be Chairman Emeritus of Sesa Sterlite,neutral
[TGT] says ex-Rio Tinto boss Tom Albanese to be CEO,neutral
Vedanta Resources says ex-[TGT] boss Tom Albanese to be CEO,neutral
[TGT] to file fresh draft prospectus for Initial public offering,neutral
Vikram Akula plans a second innings in microfinance with [TGT],neutral
Wait and watch' for NBFC stocks in present situation: [TGT],neutral
[TGT] struggles to comply with new US sanctions on Russia,neutral
What investors should expect from [TGT] Q1 results?,neutral
What to watch out for post the [TGT] meeting?,neutral
Why [TGT] should not treat PE investors as a privileged lot,neutral
Why [TGT] has re-emerged as preferred currency for global investors,neutral
[TGT] shuffles top deck; Saurabh Govil made in-charge of human resources,neutral
WL Ross asks [TGT] to wipe out losses by March 2013,neutral
[TGT] files Draft Red Herring Prospectus with SEBI for IPO,neutral
Wonderla Holidays files Draft Red Herring Prospectus with [TGT] for IPO,neutral
[TGT] to raise up to Rs 190 crore via IPO,neutral
[TGT] Q2 PAT at Rs 243 crore; in-line with estimates,neutral
[TGT] appoints Navneet Anhal as new Chief Operating Officer,neutral
8000 on the [TGT] is coming and coming pretty fast: Manish Sonthalia,neutral
[TGT] reported Rs 60.89 crore PAT in Q1 of FY13,neutral
[TGT] to raise up to Rs 294 crore through IPP,neutral
Analysts' views on how to trade [TGT] ahead of its results,neutral
Be cautious on amount of stock you buy into [TGT]: Devang Visaria,negative
Beaten down counters aid [TGT]; Top ten stocks to watch this week,neutral
Bill Gross' love for Mexico stays unchanged despite his exit from [TGT],neutral
[TGT] plans foray into commodity trading; board gives nod for new platform,neutral
[TGT] to shift 21 cos to restricted trade segment from February 23,neutral
Can't take more than 200 points view on the [TGT]: Ashwani Gujral,neutral
Centre asks [TGT] to work out details of national rubber policy,neutral
"[TGT] to raise up to Rs 1,500 crore via IPO",neutral
[TGT] accepts private equity investors' plea on Fourcee forensic audit,neutral
"Complainant KK Sinha can be party to [TGT]-DLF Case, rules Supreme Court",neutral
"Complainant KK Sinha can be party to Sebi-[TGT] Case, rules Supreme Court",neutral
Cool-off period likely to continue for [TGT]; top 4 events to watch,neutral
[TGT] to seek more time to meet SEBI norms for trading platform,neutral
CSE to seek more time to meet [TGT] norms for trading platform,neutral
Currency trading is next big thing in India: [TGT],neutral
Current market situations point to a mixed bag in [TGT]: Deepak Mohoni,neutral
[TGT] ropes in Citigroup to find buyers for stake in Sharekhan: Sources,neutral
CVCI ropes in[TGT] to find buyers for stake in Sharekhan: Sources,neutral
CVCI ropes in Citigroup to find buyers for stake in [TGT]: Sources,neutral
[TGT] deal brought glory to both Sanjay Bhandarkar and his firm Rothschild,neutral
Dabhol deal brought glory to both Sanjay Bhandarkar and his firm [TGT],neutral
[TGT] posts Rs 6.8 cr net profit for March quarter,neutral
Dinesh K Sarraf takes charge as chairman and managing director of [TGT],neutral
"[TGT] seeks shareholders nod to raise Rs 5,000 crore via non-convertible debentures",neutral
Do not see more consolidation in [TGT]: Vijai Mantri,neutral
"[TGT] hits 6-year high vs yen on Fed study, sterling woes continue",positive
"Dollar hits 6-year high vs yen on Fed study, [TGT] woes continue",negative
"Dollar hits 6-year high vs [TGT] on Fed study, sterling woes continue",neutral
"[TGT] files for 600 crore IPO, Blackstone to sell part stake",neutral
"Emcure Pharmaceuticals files for 600 crore IPO, [TGT] to sell part stake",neutral
Expect [TGT] to be in 7350-7500 band on the upside: Mitesh Thacker,neutral
Finance Minister Arun Jaitley reviews state of capital markets with [TGT] board,neutral
"[TGT] pacts with Jhunjhunwala, others to exit MCX-SX bourse",neutral
FinMin has not sought halt in trading in [TGT] on Feb 3-5',neutral
"[TGT], book on high-frequency trading, becomes the talk of Wall Street",neutral
[TGT] asks bourses not to charge audit fee from members,neutral
[TGT] to soon take a call on NSEL e-series payments,neutral
Forward Markets Commission to soon take a call on [TGT] e-series payments,neutral
"Going ahead, [TGT] likely to trade flat: Sandeep Wagle, Power My Wealth",neutral
"Going ahead, Nifty likely to trade flat: Sandeep Wagle, [TGT]",neutral
Here are top five stock ideas by [TGT],neutral
"Hold [TGT] with a stoploss at Rs 1,700: Vijay Bhambwani",neutral
HSBC 'neutral' on [TGT]; says time not right to go overweight,neutral
[TGT] 'neutral' on India markets; says time not right to go overweight,neutral
[TGT] in talks with regulators for additional $2 bn offshore rupee bonds,neutral
"[TGT] to raise up to Rs 1,200 cr from infra bond issue",neutral
[TGT] in talks with FTIL for buying out technology solutions,neutral
Indian Energy Exchange in talks with [TGT] for buying out technology solutions,neutral
[TGT] plans to raise $400 million by selling 10% stake via IPO,neutral
"Industry today needs simple de-jargonized products: Tapan Singhel, [TGT]",neutral
"[TGT] debuts at Rs 400, a premium of 23% on NSE",neutral
"Inox Wind debuts at Rs 400, a premium of 23% on [TGT]",neutral
[TGT] raises Rs 3000 crore from domestic investors,neutral
[TGT] raises Rs 3000 crore from domestic investors,neutral
"Jeffrey Currie, [TGT] global commodities research head, called gold crash right",neutral
"[TGT] back in black, posts Q1 net at Rs 226 crore",neutral
"Keshub Mahindra retires as [TGT] Chairman, Anand Mahindra takes over",neutral
Less than 50% chance of [TGT] falling below $20 a barrel: Goldman,neutral
Liquidity not a big concern for [TGT] so far: Kunj Bansal,neutral
"Market might see breakout if [TGT] gets past 15,550: Mitesh Thacker",neutral
[TGT] can launch fresh contracts post FTIL agreement with Kotak Mahindra Bank,neutral
MCX can launch fresh contracts post [TGT] agreement with Kotak Mahindra Bank,neutral
MCX can launch fresh contracts post FTIL agreement with [TGT],neutral
Multi Commodity Exchange signs new technology contract with [TGT] India Ltd,neutral
New govt should implement policies to revive the [TGT]: Amit Shah,neutral
[TGT] likely to start flat on 'Muhurat Trading' day; may reclaim 8k,neutral
[TGT] diverted Rs 969 crore to entity related to Sebi probe,neutral
NK Proteins diverted Rs 969 crore to entity related to [TGT] probe,neutral
"Not just [TGT], local cash-rich pharma companies also take to deal street",neutral
"Not just MNCs, local cash-rich [TGT] also take to deal street",neutral
"November F&O expiry seen between 6050 and 6100: Vishal Kshatriya, [TGT]",neutral
[TGT]-FTIL merger issue: Govt to seek more time from Bombay High Court,neutral
NSEL-[TGT] merger issue: Govt to seek more time from Bombay High Court,neutral
Open to change norms on exchange-traded funds: [TGT] chief U K Sinha,neutral
"Polls could be a big swing factor for Indian market, says [TGT]",neutral
Pre-market: [TGT] likely to open on a flat note; winter session eyed,neutral
Preview: Top five things to watch out for in [TGT]s Q4 results,neutral
Private placement to 30 million investors? wonders [TGT]'s chief U K Sinha,neutral
"[TGT] to raise Rs 6,500 cr to expand retail jewellery business",neutral
[TGT] is another one which has started to move today: Jagdish Malkani,neutral
Ravi Ruia steps down as Chairman of [TGT] amid CBI charges,neutral
Ravi Ruia steps down as Chairman of Essar Energy amid [TGT] charges,neutral
[TGT] go up during downtrends & fall during uptrends: Deepak Mohoni,neutral
"[TGT] closes share sale, to raise a total Rs 6,100 crore",neutral
Reply to [TGT]'s latest query on open offer this week: Sesa Goa,neutral
Reply to SEBI's latest query on open offer this week: [TGT],neutral
[TGT] to raise Rs 700 crore via tax free bonds,neutral
[TGT] to launch Rs 500 crore IPO on October 28,neutral
"Sachin Tendulkar, Shane Warne to ring opening bell at [TGT]",neutral
"[TGT] may list shares at around 200,000 won a share: Source",neutral
[TGT] asks Financial Technologies  to approach Sebi to seek more time,neutral
SAT asks [TGT]  to approach Sebi to seek more time,neutral
SAT asks Financial Technologies  to approach [TGT] to seek more time,neutral
[TGT] asks for fresh clarification on Inox Wind Rs 700 crore IPO,neutral
Sebi asks for fresh clarification on [TGT] Rs 700 crore IPO,neutral
[TGT] wants bourses to provide a level playing field for HFT traders,neutral
[TGT] asks Sebi to select SRO afresh for MF distributors,neutral
Securities Appellate Tribunal asks [TGT] to select SRO afresh for MF distributors,neutral
"See great valuations in Indian markets currently: Arindam Ghosh, [TGT]",neutral
See positivity around [TGT] at this point of time: Nandkumar Surti,neutral
[TGT] hires 4 banks for up to $125 million IPO: Sources,neutral
"[TGT]: Healthy order book, smart execution to help beat slump blues",neutral
[TGT] appoints Adrian Jones as Asia Pacific and Japan senior vice president,neutral
"[TGT] can be bought at around 137: Prasad Kushe, Technical Analyst",neutral
T Nanda Kumar to take over as [TGT] chief from February 27,neutral
[TGT] eyes Motilal Oswal's 12 per cent stake in AU Financiers,neutral
TA Associates eyes [TGT]'s 12 per cent stake in AU Financiers,neutral
TA Associates eyes Motilal Oswal's 12 per cent stake in [TGT],neutral
"This is an inflection point for [TGT]: Deepak Shenoy, Capital Mind",neutral
"This is an inflection point for IT industry: Deepak Shenoy, [TGT]",neutral
Today's bet for F&O: Strong support seen at 5180 level for [TGT],neutral
Top five things to watch out for in [TGT] 40th AGM,neutral
"[TGT] appoints B R Shetty as Chairman, Promoth Manghat as CEO",neutral
"[TGT] appoints Suraj Kaeley as group president, sales & marketing",neutral
"[TGT] starts preparatory work for IPO in India, expresses optimism about government",neutral
Waiting to see initiatives from the government for [TGT]: Pramod Gubbi,neutral
50-day moving average of 7820-7850 on [TGT] not out of question: Ashwani Gujral,neutral
"5450-5500 is the next level for [TGT]: Sandeep Wagle, APTART Technical Advisory Services",neutral
"5450-5500 is the next level for Nifty: Sandeep Wagle, [TGT]",neutral
A look at how Federal Reserve decision is going to affect [TGT],neutral
"After US Fed status quo, will Raghuram Rajan surprise [TGT] with rate cut?",neutral
[TGT] share sale set to be World's second largest IPO of the year,neutral
"[TGT] pocket looks interesting, but stay selective in stock picking: Sudip Bandopadhyay",neutral
[TGT] have to participate in rally to take market higher: Ashwani Gujral,neutral
Big uptrends in [TGT] is over for the near term: Neeraj Deewan,neutral
"Bring it on Yellen! Fed won't impact [TGT] that much, say experts",neutral
Canada-based [TGT] sold to a group of strategic financial investors,neutral
[TGT] workers that struck out on IPO may get chance to buy stake,neutral
[TGT] promoters YK Hamied and MK Hamied seek Sebi guidance on voting arrangement,neutral
Cipla promoters YK Hamied and MK Hamied seek [TGT] guidance on voting arrangement,neutral
Correction on the cards; can build long positions on [TGT]: Mitesh Thacker,neutral
"[TGT] appoints Ajit Menon as executive director, Group Head of HR",neutral
"Delhi High Court asks Centre, [TGT] to reply to plea on automated trading",neutral
"Delivery-based transactions key to curbing price manipulation in commexes: Samir Shah, MD, [TGT]",neutral
"[TGT] to raise Rs 2500 crore via bonds, bring down govt shareholding",neutral
[TGT] week ahead: FIIs in wait & watch mode ahead of Bihar outcome,neutral
[TGT] seeks shareholders' nod to issue shares worth Rs 44 crore,neutral
"F&O Tracker: No major downtick seen in near term, says [TGT] Hemant Nahata",neutral
Fortis Healthcare to buyback 3.1% stake in [TGT] for Rs 105 crore,positive
[TGT] to buyback 3.1% stake in SRL Ltd for Rs 105 crore,neutral
[TGT] allows  national commodity bourses to impose different deal charges,neutral
Forward Markets Commision allows  [TGT] to impose different deal charges,neutral
[TGT] steps up vigil to curb volatility on NCDEX and MCX,neutral
French President Francois Hollande says [TGT] is now at right level vs dollar,positive
"Gas pricing decision will determine next move on [TGT]: Ambareesh Baliga, Market Expert",neutral
[TGT] steps up India focus; ropes in Morgan Stanleys ex-ED PV Krishna,neutral
Goldman Sachs steps up India focus; ropes in [TGT]s ex-ED PV Krishna,neutral
Government to review 'Call & Put Option' rules that hit [TGT] exit plan,neutral
H Kumar takes over as Managing Director of [TGT],neutral
[TGT] is a 'BT/ST' call with a target of Rs 300: Mitesh Thacker,positive
[TGT] co-founder Kanwaljit Singh moving out as VC firm names two new partners,neutral
Here why Devi Shetty of [TGT] is looking to hit Dalal Street,neutral
[TGT] Q3 PAT seen up 8% at Rs 871 crore; stock down,neutral
"[TGT] needs to up the game to sustain growth, emerge favourite among investors",neutral
[TGT] acquires 1.12 per cent stake in NCDEX for about Rs 10 crore,neutral
"[TGT] files IPO in Honkg Kong, looks to capitalise on entertainment demand",neutral
"Immediate resistance for [TGT] is around 1018, 1048 levels: Mileen Vasudeo, Angel Broking",negative
[TGT]  president BG Srinivas to join Hong Kong-based PCCW as managing director,neutral
Infosys  president BG Srinivas to join Hong Kong-based [TGT] as managing director,neutral
"[TGT] likely to launch tax-free bonds worth Rs 4,532 crore on December 8",neutral
"It is vital for the rupee to stabilise: Prateek Agarwal, [TGT]",neutral
"[TGT]-Etihad deal: Taking 'control' in listed firms would need open offer, says Sebi",neutral
"Jet-[TGT] deal: Taking 'control' in listed firms would need open offer, says Sebi",neutral
"[TGT] has been a proxy to e-commerce play: Deepak Shenoy, Capital Mind",neutral
"Just Dial has been a proxy to e-commerce play: Deepak Shenoy, [TGT]",neutral
[TGT] to mop up upto Rs 500 crore through a rights issue,neutral
Manoj Vaish new CEO of [TGT]; bourse to trim stake by January 18,neutral
[TGT] posts PAT at Rs 326 cr for Apr-Dec period in FY14,neutral
"[TGT] shine after price hike, but experts are giving a dull outlook",neutral
Narendra Kothari takes over as new  Chairman and Managing Director of [TGT],neutral
"Once competitive pressure eases, get into [TGT] for long term: Paras Adenwala",neutral
[TGT] to raise about Rs 500 cr from IPO in Q4 FY15,neutral
"Secular rally in [TGT] coming to an end: Prateek Agarwal, ASK Investment Manager",neutral
[TGT] begins recruitment process for 2 executive directors,neutral
Take to [TGT] only with a long term view : Sonam Udasi,neutral
Taking DVR route to [TGT]' rights issue may be a better play,neutral
Taking [TGT] route to Tata Motors' rights issue may be a better play,neutral
[TGT] appoints Vijay K Rekhi as chairman of its board of advisors,neutral
Two reasons why [TGT] have turned around in terms of performance,neutral
[TGT] says more than 90 per cent of shares tendered into share exchange,neutral
UPA takes sheen off [TGT] since it came to power in 2004,neutral
[TGT] week ahead: Fed change unlikely to blunt equitie appeal over bonds,neutral
[TGT] week ahead: Nasdaq 100 index may see record on Apple earnings,neutral
Wall Street week ahead: Nasdaq 100 index may see record on [TGT] earnings,neutral
Wall Street week ahead: [TGT] may see record on Apple earnings,neutral
Want to bet on [TGT]? Five reasons why you should wait and watch,neutral
25 bps or 50 bps? [TGT] rate call to decide direction for Dalal Street,neutral
25 bps or 50 bps? RBI rate call to decide direction for [TGT],neutral
"[TGT] offers 2 mn cheap tickets, fly from Kolkata to Bangkok for Rs 3,300",neutral
"All FIIs trying to create some alpha in market: Prateek Agarwal, [TGT]",neutral
China to open up futures market to foreign investors via free trade zones: [TGT],neutral
"[TGT] sees Sensex at 35,000 by June 2016, but trims Dec-2015 target to 32,200",neutral
"Citigroup sees [TGT] at 35,000 by June 2016, but trims Dec-2015 target to 32,200",neutral
[TGT] company Orient Paper & Industries launches new brand identity 'Orient Electric',neutral
CK Birla group company [TGT] launches new brand identity 'Orient Electric',neutral
CK Birla group company Orient Paper & Industries launches new brand identity '[TGT]',neutral
Clarity on [TGT] holds the key; 5% downside can't be ruled out: Mayuresh Joshi,neutral
"Consider [TGT] as a global play, to make portfolio look balanced: Ajay Bagga",neutral
"Does India's Warren Buffett, Rakesh Jhunjhunwala, see a Burlington Santa Fe in [TGT]?",neutral
[TGT] senior fund manager to manage offshore funds as company shuffles management,neutral
Expect [TGT] cash reserves to match its mcap in 2 years:  G Chokkalingam,neutral
"Expecting policies related to growth revival from the Budget: Deven Choksey, [TGT]",neutral
[TGT] sells 1.54 lakh tonnes of wheat via NSPOT so far,neutral
"[TGT] appoints Vinay Piparsania as the new executive director, marketing, sales & service",neutral
"Foreigners stay with [TGT], bet on ADRs, futures after hitting FII stock cap",neutral
[TGT] to hire 20 experts on contract basis to ease staff crunch,neutral
[TGT]-NSEL merger dispute: Bombay High Court allows government to pass final order with riders,neutral
FTIL-[TGT] merger dispute: Bombay High Court allows government to pass final order with riders,neutral
"[TGT] to raise Rs 4,000 crore in a year by selling projects, stake",neutral
[TGT] schemes by PM Modi right in time to celebrate 'Dhanteras': D K Aggarwal,neutral
"[TGT] likely to remain at around 680 odd levels: Tirthankar Patnaik, Religare Capital Markets",neutral
"HUL likely to remain at around 680 odd levels: Tirthankar Patnaik, [TGT]",neutral
Income tax department lens on Rs 5 lakh crore share sales by [TGT],neutral
Infusion of additional $1 trillion to India's GDP to create new midcap leaders: [TGT],neutral
"JSPL may be spared complete de-allocation of coal blocks: Deven Choksey, [TGT]",neutral
[TGT] to raise 938 million pounds for acquisition of Frank Russell Company,neutral
[TGT] may not move much in the next 8 to 10 sessions: Ashwani Gujral,neutral
Meera Sanyal to quit [TGT] for a full-time career in politics,neutral
[TGT] expects DLF to get re-rated on policy reforms & favorable macro trends,neutral
Motilal Oswal expects [TGT] to get re-rated on policy reforms & favorable macro trends,neutral
"[TGT] planning to raise around Rs 2,300 crore by selling bonds with ten-year maturity",neutral
[TGT] to raise up to $1 billion via dollar issue to fund Azerbaijan buy,neutral
"Pricing will do the trick for [TGT] IPO: Avinash Gorakshekar, Anagram Capital Ltd",neutral
"Pricing will do the trick for Coal India IPO: Avinash Gorakshekar, [TGT]",neutral
[TGT] may be India's first pure software co to take the IPO route,neutral
[TGT] changes in gilt auctions seen as sign of stable rates,neutral
Retail investors should assign 60% weightage to [TGT] in their portfolio: Experts,neutral
"[TGT] will hold to 62, do not see a depriciation from here: Manoj Rane",neutral
"[TGT]'s new rules: What it means for investors, companies, fund houses & MF distributors",neutral
"Sectors that see divestment will be more attractive going forward: Anish Damania, [TGT]",neutral
"Stable anchor investors comfort the retail investors in IPO: Gajendra Nagpal, [TGT]",neutral
[TGT]: First quarter results to be announced today; five things to watch out for,neutral
"Thanks to [TGT], shareholders will have access to critical information from the next fiscal",neutral
[TGT] posts net profit of Rs 162.69 million in Q1 FY 2013,neutral
"5450-5650 will be the range for next few days: Sandeep Wagle, [TGT]",neutral
[TGT]s insurance contract up for renewal on October 1 for an estimated $25 million,neutral
[TGT] planning to delist Indian subsidiary; likely to appoint Merrill Lynch as manager for delisting,neutral
AstraZeneca planning to delist Indian subsidiary; likely to appoint [TGT] as manager for delisting,neutral
"Bonds worth Rs 95,000- 1,05,000 crore to be sold by state governments and UTs: [TGT]",neutral
"Budget 2014 to focus on structures to achieve decent long-term performance: BP Singh, [TGT]",neutral
"[TGT] CV rejigs top management, Aydogan Cakmaz to head R&D for trucks in Asia",neutral
"Expect announcements on the ordering side from L7T over next few months: Pankaj Pandey, [TGT]",neutral
[TGT] posts net profit of Rs 7.7 crore in Q1 FY13,neutral
[TGT] hires consultancy firm EY to draw blueprint for developing bullion spot exchange in India,neutral
IBJA hires consultancy firm [TGT] to draw blueprint for developing bullion spot exchange in India,neutral
Lessons from [TGT] listing: Firms with smaller businesses can unlock value by separate listing,neutral
"[TGT] enters Indian market for the second time, to open new office in Bangalore",neutral
[TGT] plans to hit market with rs 1K crore public issue in June '16,neutral
"Outlook for auto stocks a mixed bag at the moment: Rajat Rajgarhia, [TGT]",neutral
"[TGT]'s move on Fast Track rights, FPOs to help government in disinvestment of state-owned companies",neutral
"Stock-specific play is the way to go in coming week: Sandeep Wagle, [TGT]",neutral
[TGT] has a history of taking stress assets and turning them around: Harendra Kumar,neutral
Valuations do not warrant fresh buying in [TGT]; existing investors should stay put: Mayuresh Joshi,neutral
"Bounceback in market strong; expect [TGT] to trade at 7,850 levels next 2 sessions: Mitesh Thacker",neutral
"Evaluations indicate that the market is sensing a cut in interest rates: N Jayakumar, [TGT]",neutral
"Government looking to list [TGT], to seek nod from Arun Jaitley in a month: Sources",neutral
High Court  to hear fresh [TGT] against National Spot Exchange Limited and Jignesh Shah tomorrow,neutral
High Court  to hear fresh PIL against [TGT] and Jignesh Shah tomorrow,neutral
K Venkataramanan appointed new CEO and MD of [TGT]; AM Naik to remain Chairman,neutral
"[TGT], the Italian coffee brand, ropes in Law & Kenneth as its communications partner in India",neutral
"Lavazza, the Italian coffee brand, ropes in [TGT] as its communications partner in India",neutral
Looking at a target price of Rs 2080 for [TGT] over one-year perspective: Ajay Bodke,neutral
"Markets assuming lots of policy actions will happen; but it is unlikely: Mayuresh Joshi, [TGT]",neutral
"[TGT]'s decision to relax debt-equity conversion norms for banks positive, but more steps required: Hemindra Hazari",neutral
"State-owned [TGT] readies plan to raise Rs 2, 600 crore via sale of infrastructure bonds",neutral
"Budget 2012: STT cut, Rajiv Gandhi Scheme are small but key steps, says Rashesh Shah, [TGT]",neutral
"[TGT] in talks with global PEs to raise $40 million, may offer 40 per cent stake",neutral
Sanjiv Goenka ropes in [TGT] to create corporate identity for his share of RPG Group,neutral
Sanjiv Goenka ropes in Law & Kenneth to create corporate identity for his share of [TGT],neutral
"South Mumbai [TGT] may soon move to a new address, experts proposes to relocate to Panvel",neutral
Warren Buffett once said that [TGT] is a way of going long on fear. Do you agree?,neutral
"A $25 fall in [TGT] is like a $10-billion stimulus for Indian economy, say experts; top stock bets",neutral
"Any global risk-off scenario can lead to sharp market reaction at this time: Mahesh Patil, [TGT]",neutral
"Consumption space would be largely favoured with the roll out of GST : Deven Choksey, [TGT]",neutral
Harsh Mariwala in no hurry to pass on the baton of [TGT] to his children Rishabh & Rajvi,neutral
[TGT] IPO set to unlock value for Gujarat Fluorochemicals which owns 75 per cent in the company,neutral
Inox Wind IPO set to unlock value for [TGT] which owns 75 per cent in the company,neutral
"Maharashtra set to brand its [TGT] & tur, floats a tender to appoint a consultant for the exercise",neutral
"Maharashtra set to brand its rice & [TGT], floats a tender to appoint a consultant for the exercise",neutral
"Tremendous opportunities ahead to take leadership role in India's evolution: Umang Bedi, MD Sales and Marketing, [TGT]",neutral
Government will have to do a lot more to make new investors put money in [TGT] and not gold,neutral
Government will have to do a lot more to make new investors put money in equities and not [TGT],neutral
"4,600 [TGT] investors claim refund from Sebi",negative
"4,600 Sahara investors claim refund from [TGT]",neutral
Road shows for [TGT] FPO delayed,neutral
Amitabh Chakraborty quits [TGT],neutral
[TGT] sacks executives for fraud',neutral
"Shreejit Mishra, two others quit [TGT]",neutral
[TGT] withdraws proposed IPO,neutral
"[TGT] to sell 9% in Axis Bank via block trades, govt plans to mop up Rs 5,500-cr",neutral
"SUUTI to sell 9% in [TGT] via block trades, govt plans to mop up Rs 5,500-cr",neutral
Why it will be a tough task for Vishal Sikka to revive [TGT] back to its glory,neutral
[TGT] warns members to stay away from suspicious ready forward certificate of deposits,neutral
"[TGT] to sell 24.89% stake in IEX, appoints Axis Capital to look for a buyer",neutral
"Financial Technologies India Ltd to sell 24.89% stake in IEX, appoints [TGT] to look for a buyer",neutral
[TGT] mulls filing draft red herring prospectus by December as it gears up for its IPO next year,neutral
"Promoter sales starting to hit the market and that is a strange sign, says Deepak Shenoy, [TGT]",neutral
"ETMARKETS.COM WEBINAR: How to invest in equity in challenging times? Join Amar Ambani, Head of Research, [TGT] at 2 pm on Thursday",neutral
[TGT]s still holding the momentum: Nirmal Bang,neutral
[TGT] are very capital intensive: Ajay Bagga,neutral
[TGT] looking at support between $1.3815-30,neutral
[TGT] posts Rs 52.2-crore net,neutral
Cos on [TGT] SME platform cross 100-mark,neutral
[TGT] upgrade may drive FII debt flow,neutral
[TGT] has become extremely flat: Ashwani Gujral,neutral
[TGT] marginally up on spot demand,positive
[TGT] gain 1.56 pc on global cues,positive
Like [TGT] in media space: Mehraboon Irani,positive
[TGT] hover near all-time high,positive
[TGT] story is really intriguing: Deven Choksey,positive
"Jim Rogers sees money in [TGT], solar power",positive
"Jim Rogers sees money in wind, [TGT]",positive
[TGT] Q3 profit doubles at Rs 21.25 crore,positive
[TGT] prices strengthens on increased offtake,positive
[TGT] net rises to Rs 167 cr,positive
BT/ST call for [TGT]: Ashwani Gujral,positive
[TGT]' IPO over-subscribed 1.1 times,positive
[TGT] surges on cooling products-led beat in earnings,positive
[TGT] looks promising: Nimbus Wealth Management,positive
[TGT] shares gain 2.4% on Q1 results,positive
[TGT] bags order from Union Bank; stock up,positive
Vakrangee bags order from [TGT]; stock up,neutral
[TGT] edge higher before jobs data,positive
[TGT] could have the best risk-reward ratio,positive
[TGT] raises $350 million under MTN programme,positive
[TGT] lifted by mining stocks and AstraZeneca,positive
UK FTSE lifted by [TGT] and AstraZeneca,positive
UK FTSE lifted by mining stocks and [TGT],positive
Bullish on [TGT]: Sudip Bandyopadhyay,positive
[TGT] gains on hopes of cheap gas,positive
[TGT] close 0.93% higher,positive
"Angel starts [TGT] with 'buy', targets 823 rupees",positive
"[TGT], Sterling Holidays extend gains post merger",positive
"Thomas Cook, [TGT] extend gains post merger",positive
Street's optimistic on [TGT] growth prospects,positive
[TGT] could give favourable returns: Deepak Mohoni,positive
[TGT] are going to benefit: Ashwani Gujral,positive
Buying [TGT] a safe bet: Dipan Mehta,positive
[TGT] overtakes RIL as India's most valued firm,positive
TCS overtakes [TGT] as India's most valued firm,neutral
900-950 ideal for entering [TGT]: Technical Trends,positive
[TGT] attains Rs 5 lakh crore market-capitalisation,positive
"[TGT] signals slowdown; brokerages remain unfazed, retain rating",positive
[TGT] regain demand in the secondary market,positive
[TGT] Q4 show beats estimates,positive
Brokers' Call: HSBC upgrades [TGT],positive
Brokers' Call: [TGT] upgrades Tata Power,neutral
[TGT] surges as European shares edge higher,positive
[TGT] shares surge 5% on strong quarterly results,positive
[TGT] shares soar on production shift report,positive
[TGT] net revenue up 34 per cent,positive
[TGT]s stocks surge after merger with Taro,positive
Sun Pharmas stocks surge after merger with [TGT],neutral
[TGT] gain on hopes of easing curbs,positive
[TGT] forms subsidiary in UAE;stock up,positive
[TGT] rises on order win from Idea Cellular,positive
Subex rises on order win from [TGT],neutral
[TGT] raises 583 cr via QIP issue,positive
[TGT] jumps 8% after Modi tweet,positive
[TGT] has upside potential: Deepak Mohoni,positive
[TGT] climbs against Euro on diverging policy outlooks,positive
Sterling climbs against [TGT] on diverging policy outlooks,neutral
Aviation stock returns rise post [TGT] deal,positive
[TGT] stock returns rise post Spicejet deal,positive
Maran makes open offer for [TGT],positive
[TGT] extends monsoon offer; stock gains,positive
"[TGT] is a buy: CK Narayan, Sharyans Resources",positive
"[TGT] surges over 10%, denies selling parking slots",positive
[TGT]: Regional focus can help airline soar further,positive
[TGT] will benefit: Dipan Mehta,positive
[TGT] surges 13 in morning trade on bourses,positive
[TGT] sales seen higher in January: Traders,positive
[TGT] advance on global cues,positive
[TGT] maintain growth,positive
[TGT] gives 100% returns in six sessions,positive
"[TGT]s IPO gets overwhelming response, subscribing 60 times",positive
[TGT] records turnover of over $ 100 billion,positive
Mutual Funds bet big on [TGT],positive
[TGT] gains on securitization deal,positive
Brokerspicks: Nomura reiterates Buy on [TGT],positive
Brokerspicks: [TGT] reiterates Buy on Sintex Industries,neutral
[TGT] looks good: Hemen Kapadia,positive
Extremely positive on [TGT]: Dipan Mehta,positive
[TGT] bracing for better nos in March quarter,positive
[TGT] shares gain after strong earnings,positive
"Cost cuts, reworked deals boost [TGT] margins",positive
[TGT]'s stock zooms 10-fold on turnaround,positive
CLSA maintains 'Buy' on [TGT],positive
[TGT] maintains 'Buy' on Shree Cement,neutral
[TGT] can see some correction: Ashwani Gujral,positive
[TGT] reports 50% jump in Q3 profit,positive
[TGT] rise at open,positive
[TGT] reverse losses to close in green,positive
[TGT] shares see marginal gain,positive
Short-covering helps [TGT] recover from losses,positive
Tech-bank partnership helps [TGT] score 87,positive
"Another day, another high: [TGT] closes at 21,197",positive
Bernanke comments push [TGT] by over 350 points,positive
"[TGT] ends near five-week high, holds 21000 levels",positive
[TGT] shares rally on buy-back plans,positive
[TGT] rally on disinvestment reports,positive
Fitch affirms investment grade to [TGT],positive
[TGT] affirms investment grade to SBI,neutral
[TGT] raises $100 million from 5-year offshore bonds,positive
[TGT] merger boosts Tech Mahindras balance sheet,positive
Satyam merger boosts [TGT]s balance sheet,positive
[TGT] prices edge up on scattered demand,positive
[TGT] gets off to a sparkling start,positive
[TGT]'s growth prospects appear attractive,positive
"Focus turns to US outlook, [TGT] stabilise",positive
"Focus turns to [TGT] outlook, Russian stocks stabilise",positive
"Focus turns to US outlook, [TGT] stabilise",positive
"Focus turns to [TGT] outlook, Russian stocks stabilise",positive
[TGT] rally ahead of EU sanctions review,positive
[TGT] strengthens by 17 paise against dollar,positive
Rupee strengthens by 17 paise against [TGT],neutral
Improved macros to save [TGT] from Greece lightning,positive
[TGT] hits 11-month high; RBI intervention in focus,positive
[TGT] hits 3-week high on debt-related dollar inflows,positive
[TGT] rebounds from near 5-month low; RBI aids,positive
[TGT] recovers 7 paise against the US dollar,positive
Steep appreciation in [TGT] to lower oil subsidies,positive
[TGT] gets Sebi nod for IPO,positive
RINL gets [TGT] nod for IPO,neutral
[TGT]s Q1 show triggers bullish bets,positive
[TGT] procurement crosses 20o lakh tonne,positive
[TGT] NCD issue oversubscribed 1.31 times,positive
Recent buyouts to drive [TGT]'s growth ahead,positive
[TGT] regains on renewed demand,positive
[TGT] excellent long term uptrend: Deepak Mohoni,positive
Very bullish on [TGT]: Devang Visaria,positive
[TGT] surges over 8 pc on land-sale buzz,positive
[TGT] gain as retail inflation eases,positive
[TGT] gains over 4% on expansion plan,positive
[TGT] surges on stake sale reports,positive
[TGT] rallies on debt restructuring plans,positive
[TGT] climbs over 14% on order win,positive
[TGT] Q1 net profit up 14%,positive
[TGT] surges 16% on UAE export order,positive
[TGT] gain ahead of budget,positive
[TGT] earnings up by over 9 per cent,positive
Jhunjhunwala's Rare Enterprises buys Rs 11.50-crore [TGT] shares,positive
Jhunjhunwala's [TGT] buys Rs 11.50-crore Radico shares,positive
[TGT] Q4 net jumps 71 per cent,positive
Late rains in Rajasthan improves [TGT] acreage,positive
[TGT] surges on licence for defense products,positive
[TGT] shine as EMs lose lustre,positive
"[TGT] to be attractive for investors, analysts",positive
[TGT] zooms 17% on board demerger approval,positive
[TGT] up on fresh buying,positive
[TGT] doing very well: Devang Visaria,positive
Government of Singapore hikes stake in [TGT],positive
[TGT] gains on overseas buy-out reports,positive
Quite positive on the [TGT]: Hemindra Hazari,positive
[TGT] is in pretty good shape: Deepak Mohoni,positive
[TGT] FPO oversubscribed 4.32 times on final day,positive
[TGT]'s three-way strategy likely to improve profitability,positive
[TGT] gain 0.57% as demand picks up,positive
[TGT] rallies 5% on fund raising plans,positive
[TGT] edges up on retailers demand,positive
[TGT]: Subsidy burden takes a toll; stock up,positive
Target of 1200-1255 possible for [TGT]: Rohit Shinde,positive
June [TGT] exports up 20% m/m: Trade body,positive
Take [TGT]-ONGC mix in your portfolio: Rajesh Jain,positive
Take oil-[TGT] mix in your portfolio: Rajesh Jain,positive
[TGT] gains on fuel price hike hopes,positive
State-run [TGT] gain on weak crude prices,positive
State-run oil retailers gain on weak [TGT] prices,negative
"OPEC Secretary-General sees ""improvement"" in [TGT]",positive
"[TGT] Secretary-General sees ""improvement"" in oil market",neutral
[TGT] raises $1000 million in two tranches,positive
Driving season boosts [TGT],positive
[TGT] stocks gain on value buying,positive
[TGT] surges on acquisition plan in Europe,positive
[TGT] a buy in 220-230 range: Devang Visaria,positive
[TGT] shares jump 18 pc after delisting move,positive
[TGT]'s stock price rises 7 pc,positive
[TGT] rises as yen plumbs 6-year lows,positive
Nikkei rises as [TGT] plumbs 6-year lows,negative
Huge activity in [TGT] December series surprises market,positive
"[TGT] ends at all-time high after hitting 6,700",positive
Industrial demand pushes up [TGT],positive
[TGT] recovers on global cues,positive
"[TGT] bags Rs 231-crore order, stock rallies",positive
[TGT] IPO oversubscribed 8.41 times,positive
"[TGT] issues bonus shares, opting stock-split",positive
[TGT] can offer a good upside: Avinnash Gorakssakar,positive
"[TGT] net jumps 31% to Rs 1,069 crore",positive
[TGT] net profit rises 15% for Q2,positive
[TGT] seems a safe bet: KR Choksey,positive
[TGT] a good buying opportunity: Deepak Mohoni,positive
[TGT] surges on Colombian crude buy plan,positive
"[TGT]: Outlook positive due to better margins, capex",positive
[TGT] clocks record profit in Q1,positive
[TGT] poised to perform well: Dipan Mehta,positive
Extremely bullish on [TGT]: Angel Broking,positive
[TGT] climbs as board approves ICEX stake sale,positive
"Stay invested, [TGT] poised for good run",positive
[TGT] rallies on SAP contract,positive
MindTree rallies on [TGT] contract,neutral
[TGT] attract fund managers this season,positive
[TGT] and realty can lead next rally',positive
Metals and [TGT] can lead next rally',positive
[TGT] are having good volume growth',positive
[TGT] rises on buying support,positive
[TGT] rises on fresh buying support,positive
Strong spot demand lifts [TGT] 1.15%,positive
[TGT] recovers on fresh demand,positive
[TGT]s surges 18% on listing,positive
[TGT] shares surge 9.5% ahead of buyback proposal,positive
See 15-20% upside in [TGT]: Hemang Jani,positive
Short-covering ahead of Q3 results lifts [TGT],positive
Risks factored in; [TGT] to remain upwardly-bound,positive
Further upside expected from the [TGT]: Deven Choksey,positive
Macros suddenly turning supportive for [TGT]: Ajay Bodke,positive
"[TGT] hit all-time high levels, profit-booking likely now",positive
[TGT] to remain in an uptrend: Mitesh Thacker,positive
Call writers mowed down by [TGT] move up,positive
Top nine trading strategies in a rising [TGT],positive
[TGT] up on dividend payout,positive
[TGT] up on speculative activity,positive
"HSBC upgrades [TGT], cites valuations",positive
"[TGT] upgrades Mahindra and Mahindra, cites valuations",neutral
Sharekhan upgrades [TGT] to buy,positive
[TGT] upgrades Mahindra & Mahindra to buy,neutral
Macquarie puts 'outperform' on [TGT],positive
[TGT] puts 'outperform' on Mahindra & Mahindra,neutral
Talk of $2-bn defence deal lifts [TGT] stock,positive
[TGT] appear to be the magic wand,positive
[TGT] better than mid-caps IT cos: Prateek Agarwal,positive
Large-caps better than [TGT]: Prateek Agarwal,negative
[TGT] will continue to perform: Deepak Shenoy,positive
[TGT] to issue bonus shares; stock surges,positive
[TGT] set for better days,positive
"Treasury income, low costs double [TGT] net",positive
Apparel maker [TGT] soars to all-time high,positive
[TGT] to sell bearings operations; stocks up,positive
[TGT] surges 17% on block deal,positive
[TGT] flies 20% higher on short unwinding,positive
[TGT] hits upper circuit limit; jumps 5%,positive
[TGT] submits offer to acquire control of Parkway,positive
Khazanah submits offer to acquire control of [TGT],positive
[TGT]'s surplus cash leaves scope for expansion,positive
[TGT] rallies on strong Q4 results,positive
[TGT] shares rally 5%,positive
[TGT] zooms 10% on order win,positive
[TGT] gains after Macquarie starts with 'outperform',positive
Just Dial gains after [TGT] starts with 'outperform',neutral
[TGT] raises $500 million though forex bonds,positive
[TGT] buys back shares worth Rs 500 crore,positive
[TGT] sales up 144.28%,positive
"Tremendous value in [TGT], says Jagdish Malkani",positive
[TGT] trade higher on spot demand,positive
[TGT] edge higher 3.20% on export demand,positive
[TGT] buy a profit venture for Essel Group,positive
IVRCL buy a profit venture for [TGT],positive
Right time to get into [TGT]: Ashwani Gujral,positive
Positive on [TGT]: Deven Choksey,positive
Analysts see upside in reasonably valued [TGT],positive
Right time to buy [TGT]: Ashwani Gujral,positive
Maintain overweight stance on [TGT]: Gautam Chhaochharia,positive
Positively biased towards [TGT]: CK Narayan,positive
[TGT] Q1 net up 29 per cent,positive
"Trade long on [TGT]: Devang Visaria, Devangvisaria.com",positive
"Trade long on infrastructure stocks: Devang Visaria, [TGT]",neutral
[TGT] reclaims status of top Sensex stock,positive
[TGT] settles higher ahead of Q3 results,positive
[TGT]: Will it surprise markets once again?,positive
"[TGT] beats expectations, sets trend for IT peers",positive
[TGT] Q1 net jumps 26%,positive
[TGT] gets PMDA approval from Japan;stk up,positive
[TGT] surges as SC rejects PNGRB's plea,positive
[TGT] net profit at Rs 46 lakh;stk surges,positive
Foreign investors changing strategies to favour [TGT],positive
[TGT]s RoE may improve this fiscal,positive
[TGT] shines brightest among emerging markets,positive
[TGT] Q3 profit rises to Rs 89.46 crore,positive
[TGT] net up 54% to $17.9 Million,positive
[TGT] raises $250 million 'masala' bonds,positive
[TGT] should head towards 75-76 levels: Ashwani Gujral,positive
[TGT] puts south Mumbai building on block;stk up,positive
"Enter [TGT] on dips: Vinith Jain, Siddh Capital",positive
[TGT] to gain most from diesel deregulation: Jefferies,positive
[TGT] is on an uptrend: Deepak Mohoni,positive
[TGT] surges 9% on reports of land sale,positive
[TGT] surges on hopes government may delay shut-down,positive
[TGT]: Buoyancy in aluminium will boost realisations,positive
"[TGT] not so fragile now, improving fortunes",positive
PE entry to help [TGT] fund expansion,positive
[TGT] bags $25 mn deal; stock rises,positive
"[TGT] forms subsidiary in Columbia, stock gains",positive
[TGT]: a good long-term buy,positive
[TGT] is an interesting stock: Deepak Mohoni,positive
[TGT] boosting the realty sector,positive
HDIL boosting the [TGT],positive
[TGT] can move even higher: Rajat Bose,positive
[TGT] third quarter net rises 12%,positive
[TGT] shares zoom 7% on positive Q4 numbers,positive
Postive on [TGT]: Mitesh Thacker,positive
[TGT] recovers on short-covering,positive
[TGT] may breach all-time high levels: Ventura,positive
GSFC may breach all-time high levels: [TGT],neutral
[TGT] signaled breakout above Rs 318:IIFL,positive
GSFC signaled breakout above Rs 318:[TGT],neutral
[TGT] surges on strong Q2 earnings,positive
[TGT] at multi-week highs on risk rally,positive
"[TGT] soars 35%, creates record",positive
[TGT] prices gain on renewed demand,positive
[TGT] prices rise on fresh demand,positive
Four wheelers propel growth for [TGT],positive
[TGT] set to flourish with improving margins,positive
"[TGT], its dal rises on scattered demand",positive
"Gram, its [TGT] rises on scattered demand",positive
[TGT] net profit soars 91% in Jan-Mar,positive
[TGT] rise after Hong Kong collapse,positive
[TGT] rises 0.36% on global cues,positive
"Post-correction, buyers return to [TGT] stores",positive
Traders build bullish bets on [TGT],positive
Appetite for jewellery boosts India [TGT] demand: WGC,positive
Festive season likely to keep [TGT] demand strong,positive
Flight to safety keeps [TGT] near one-month high,positive
[TGT] jumps 1.5 pct overnight after airliner downed,positive
"[TGT] hits 52-week high, analysts recommend buy",positive
[TGT] hits 52-week high on expansion plans,positive
Delisting buzz fuels [TGT] stock surge,positive
Punters make a killing in [TGT],positive
[TGT] Q1 net up 28% at $36 million,positive
Acquisitions double [TGT]'s topline,positive
[TGT] an 'undervalued' stock; outlook positive: Prakash Diwan,positive
[TGT] gains over 4.5%; earnings beat estimates,positive
[TGT] rallies 10% on sale reports,positive
[TGT] jumps; ICICI Prudential Mutual Fund buys,positive
[TGT] to benefit most from RasGas price tweak,positive
[TGT] price hike good for market: Deven Choksey,positive
Firmer [TGT] outperforms weaker European rivals,positive
London stocks index [TGT] 100 hits record highs,positive
Rajesh Subramaniam helped [TGT] execute a perfect turnaround,positive
[TGT] hits record high on earnings,positive
[TGT] rises 2.83% on FCCB redemption,positive
Indices on firm footing; [TGT] in focus,positive
[TGT] on firm footing; financial stocks in focus,positive
Friendly buying' lifts [TGT] on acquisition buzz,positive
[TGT] rally has analysts gasping for breath,positive
[TGT] to outdo domestic cyclicals: Hemindra Hazari,positive
Export-oriented cos to outdo [TGT]: Hemindra Hazari,negative
[TGT] outsmarts market indices,positive
Steady growth signs lift [TGT],positive
Stabilising oil lifts [TGT] and bond yields,positive
Stabilising [TGT] lifts European shares and bond yields,positive
"[TGT] steady, near multi-year highs",positive
Shire props up [TGT] on bid hopes,positive
[TGT] posts strongest September since 2008,positive
[TGT]: H1 listings activity rises 8.7%,positive
"[TGT], stocks recover on hopes of Greek deal",positive
"Euro, [TGT] recover on hopes of Greek deal",positive
Highest yields on German short-term bonds boost [TGT],positive
[TGT] are the real gold over long term,positive
[TGT] get respite as dollar pulls back,positive
[TGT]: Delayed monsoon to benefit the company,positive
[TGT] shares up nearly 5% post Q1 results,positive
[TGT] soars 13% as lenders approve SDR,positive
[TGT] is a buy: Deepak Mohoni,positive
Pick [TGT] only for short term: Deepak Mohoni,positive
[TGT] rally upto 24% on cheap valuations,positive
"[TGT] recover on millers buying, global cues",positive
"[TGT] up on millers buying, global cues",positive
[TGT] IPO oversubscribed,positive
"Lacklustre factory data hits world stocks, [TGT] up",positive
"Lacklustre factory data hits [TGT], dollar up",negative
[TGT] gains momentum as Q2 PAT grows 9%,positive
[TGT] rallies 3% on debt reduction plans,positive
Digitisation will benefit [TGT]: Mayuresh Joshi,positive
[TGT] outperforms as UK's FTSE gains ground,positive
Direct Line outperforms as UK's [TGT] gains ground,positive
[TGT] shares surge 10% after earnings,positive
[TGT] a good portfolio pick: Avinnash Gorakssakar,positive
[TGT] shares leap 8% after co-CEOs quit,positive
[TGT] rally on Indo-US nuclear deal,positive
[TGT] bets on chemicals to deliver growth,positive
"[TGT], buy on dips: Ashwani Gujral",positive
Germany's [TGT] outperforms European shares after strong data,positive
Germany's DAX outperforms [TGT] after strong data,negative
Germany's [TGT] latest market to strike record high,positive
[TGT] up on deal talks,positive
[TGT] has been looking strong: Ashwani Gujral,positive
[TGT] plans three new plants overseas; stock up,positive
[TGT] Q2 profit climbs 11 per cent,positive
[TGT] gains 93 points,positive
[TGT] up on global cues,positive
[TGT] up on overseas cues,positive
Bets on [TGT] surge ahead of OPEC meet,positive
Bets on crude surge ahead of [TGT] meet,neutral
Heres how to double your money on [TGT],positive
[TGT] debuts; surges over 11 pc,positive
Players can borrow against [TGT],positive
[TGT] clocks 20% rise in Q2 net,positive
[TGT] to ride GDP wave,positive
[TGT] gain as investors shun risk,positive
[TGT]stocks gain; falling inflation helps,positive
[TGT] gains; UBS upgrades to 'buy',positive
Colgate-Palmolive gains; [TGT] upgrades to 'buy',neutral
[TGT] gains; Citi starts at 'buy',positive
Coffee Day gains; [TGT] starts at 'buy',neutral
[TGT] gets Rs 250-cr PE funding,positive
Overweight rating on [TGT]: Morgan Stanley,positive
Overweight rating on Coal India: [TGT],neutral
[TGT] going through a correction: Ashwani Gujral,positive
[TGT] posts 52% profit growth in June quarter,positive
[TGT] surges 10%; here's what the management says,positive
[TGT] net profit rises 7.85% in Q1,positive
"[TGT] rises to 2-week high, outlook brightens",positive
Rising demand lifts [TGT] by 1.61%,positive
Spot demand lifts [TGT] by 1.20%,positive
"Like [TGT]: Ambareesh Baliga, Karvy",positive
[TGT] reports higher net profit and revenue,positive
[TGT] prices rise on industrial demand,positive
[TGT] up on short-covering,positive
[TGT] prices rise on fresh buying,positive
Strong demand lifts [TGT] by 1.48%,positive
[TGT] raises 2015 revenue outlook on Igate acquisition,positive
"[TGT] dominates futures market, agriculture at 10%",positive
"Bullion dominates futures market, [TGT] at 10%",positive
[TGT] hits all-time high,positive
"[TGT] is a buy: Amit Harchekar, IIFL",positive
"Britannia Industries is a buy: Amit Harchekar, [TGT]",neutral
[TGT] bounces higher after 3-day losing run,positive
[TGT] holds above $109 on Ukraine tensions,positive
[TGT] climbs above $108 on renewed Ukraine tensions,positive
[TGT] yields inch higher; auction in focus,positive
[TGT] yields inch lower to 7.96%; seen range-bound,positive
"[TGT] profit rises 61% to Rs 1,019 cr",positive
[TGT] a good buy above 407: Rohit Shinde,positive
"[TGT] is a buy: Hemang Jani,  Sharekhan",positive
"BHEL is a buy: Hemang Jani,  [TGT]",neutral
LIC buys 5.94% stake in [TGT],positive
[TGT] buys 5.94% stake in BHEL,neutral
Zain success holds key to [TGT]'s future growth,positive
[TGT] success holds key to Bharti's future growth,positive
[TGT] surges 5% on Deutsche Bank upgrade,positive
[TGT]' linked stocks can become multibaggers: Experts,positive
[TGT] Q4 net soars 35.39%; stock up,positive
Restructuring helps [TGT] stay a step ahead,positive
[TGT] rise on global cues,positive
[TGT] prices will go up: Seshadri Bharathan,positive
Expecting [TGT] to touch 11900-12000: Ashwani Gujral,positive
Broker's Call: Goldman puts [TGT] on buy,positive
Broker's Call: [TGT] puts Bajaj Finance on buy,neutral
Take long trades over [TGT]: Mitesh Thacker,positive
[TGT] will continue to outperform: Ashit Suri,positive
[TGT] to get re-rated: Avinnash Gorakssakar,positive
[TGT] posts 11% growth in FY15,positive
[TGT] surges on strong Q4 results,positive
[TGT] prove resilient to euro jitters,positive
Asian shares prove resilient to [TGT] jitters,negative
Jefferies expects upside potential for [TGT],positive
Exports and non-truck business to drive [TGT],positive
"Strong demand lifts [TGT], dal prices",positive
"Strong demand lifts Arhar, [TGT] prices",positive
[TGT] ties up with UNICEF; stock gains,positive
Archies ties up with [TGT]; stock gains,neutral
Analyst says [TGT] will hit $1tn m-cap,positive
Capacity addition to help [TGT],positive
[TGT] Q3 net grows over 2-fold,positive
[TGT] dominate global equity space,positive
[TGT] a good bet: Deepak Mohoni,positive
[TGT] marginally up on global trends,positive
[TGT] looking strong: Deepak Mohoni,positive
[TGT] Q2 net climbs 21%,positive
[TGT] gains 11% on merger with UPL,positive
Advanta gains 11% on merger with [TGT],positive
[TGT] rallies on market debut,positive
[TGT] jumps on April-June earnings,positive
[TGT] jumps 5.7% after Macquarie upgrade,positive
Aban Offshore jumps 5.7% after [TGT] upgrade,neutral
Old Fox seen taking interest in [TGT],positive
[TGT] seen taking interest in AB Nuvo,neutral
[TGT] yield falls; debt buyback talk increases,positive
[TGT] yields lower as long-term investors buy,positive
Greater [TGT] volatility a boon for China,negative
[TGT] up by Rs 35 per quintal,positive
[TGT] gets Sebi' nod for IPO,positive
[TGT] IPO fully subscribed,positive
[TGT] prices rebound in Asia,positive
[TGT] raises $18.5 million in equity funding,positive
[TGT] edge up on thin trade,positive
[TGT] gains on increase buying,positive
Catch-up game: [TGT] trails bigger peers,positive
[TGT] spurt on fresh buying,positive
"[TGT] lists on Nasdaq, raises $325 million",neutral
"Videocon d2h lists on [TGT], raises $325 million",neutral
"[TGT] is certainly a hold: Deepak Mohoni, trendwatchindia.com",neutral
"Tinplate is certainly a hold: Deepak Mohoni, [TGT]",neutral
[TGT] IPO over-subscribed 1.53 times,positive
[TGT] prices stay firm on robust demand,neutral
[TGT] treads water just off six-year high,positive
[TGT] now holding individuals accountable for irregularities',neutral
[TGT] rebounds in Asia on bargain hunting,positive
Business cycle in recovery mode: [TGT],neutral
[TGT] might breakout above 8300: Mitesh Thacker,neutral
"F&O tracker: Traders see [TGT] in 8,600-9,000 range",neutral
Hold on to [TGT]: Deven Choksey,neutral
Nine banks keen on [TGT] FPO mandate,neutral
Recommend hold for [TGT]: Gaurang Shah,neutral
Worst may be Over for [TGT] and MCX,neutral
Worst may be Over for FTIL and [TGT],neutral
"FDI, discom policies show reform momentum intact: [TGT]",neutral
[TGT] approves third interim dividend for current fiscal,neutral
Broader markets valuations look attractive: [TGT],neutral
Reforms bring investors back to [TGT],positive
Manufacturing data from China boosts [TGT],positive
Brisk seasonal demand pushes [TGT] to one-month high,positive
[TGT] smile as export orders hint at revival,positive
10%-12% upside can be possible in [TGT]: Avinnash Gorakssakar,positive
100 per cent growth in PAT for [TGT],positive
300 nifty points led by [TGT]: Jagdish Malkani,positive
[TGT] Q2 net rises 41% to Rs 64 crore,positive
[TGT] gains 8% after domestic HNIs buy stake,positive
Afrin Dia buys 13.4 lakh shares of [TGT],positive
[TGT] buys 13.4 lakh shares of IndusInd Bank,neutral
[TGT] sparks relief rally as Q1 profit beats forecasts,positive
[TGT] hits 52-week high on Q1 results,positive
[TGT] profit up 6.57% to Rs 520 cr,positive
[TGT] gains as SAT dismisses International Papers appeal,positive
"[TGT], its dal rise on pick up in demand",positive
"Arhar, its [TGT] rise on pick up in demand",positive
[TGT] preferred bidder for NHAI project; stock up,positive
Ashoka Buildcon preferred bidder for [TGT] project; stock up,neutral
At 58 [TGT] becomes a buy: Ashwani Gujral,positive
"[TGT] bears emboldened by China data, others calmer",positive
[TGT] rose nearly 1 percent despite US uncertainty,positive
[TGT] is the sector to be in: Prakash Diwan,positive
[TGT] surges over 8% on stake sale reports,positive
[TGT] net zooms three-fold to Rs 475 crore,positive
"[TGT] raises Rs 2,500 crore from bonds",positive
[TGT] looks pretty interesting to me: Mitesh Thacker,positive
[TGT] will benefit in coming days: Gaurav Mehta,positive
[TGT] outpace flat UK FTSE after RBS bumper results,positive
Banks outpace flat [TGT] after RBS bumper results,neutral
Barmer pumps up [TGT] Q3 23 per cent,positive
[TGT] Q2 up 33% at Rs 89 crore,positive
"[TGT]: Good show in FY13, but far from best",neutral
"Bihar polls: [TGT], exchanges beef up risk management systems",neutral
[TGT] to raise $100 million; stock up,positive
[TGT] will continue to do better: Sharmila Joshi,positive
"[TGT] net up 17.5% on low tax provision, NPA",positive
[TGT] yields hit over 3-month high; auction outcome eyed,negative
"[TGT] climbs above $58 on contract covering, geopolitical tension",positive
[TGT] edges above $95 on relief over China PMI,positive
BRIC issuers raise $374.5 billion through debt securities: [TGT],neutral
Britain's [TGT] edges up on speculation about dovish Fed,positive
"[TGT] currency derivatives turnover crosses Rs 2,000 cr mark",positive
BSE to include [TGT] in S&P BSE 200,positive
[TGT] to include Arvind Ltd in S&P BSE 200,neutral
Calculus: [TGT] international operations to ensure stable revenues,positive
[TGT] net profit grows 46% on lower expenses,positive
[TGT] surges over 8% on Q3 results;strong outlook,positive
[TGT] gain 1.70 pc as demand picks up,positive
"[TGT] jump, other Asian markets await Fed minutes",positive
"[TGT] profit grows 41.4% to Rs 2,718 crore",positive
[TGT] is a good midcap IT stock: Deepak Mohoni,positive
Comfortable to buy [TGT] at 320-350 levels: Sajiv Dhawan,positive
[TGT]' turnover up by 41 per cent in September,positive
Cooling division making [TGT] a hot pick: Hemindra Hazari,positive
[TGT] trading spurts to 10-month high in May,positive
[TGT] rises as LIC looks to infuse funds,positive
Corporation Bank rises as [TGT] looks to infuse funds,neutral
Cost control gives [TGT] the edge during slowdown,positive
[TGT] shares gain on RBI move,positive
[TGT] net rises 38 per cent in January-March quarter,positive
[TGT] rallies over 6% as management raises FY15 guidance,positive
Current market rally led by [TGT]: Ashwani Gujral,positive
[TGT] Q4 net profit soars by 87 pc,positive
[TGT] surges over 8% on FII limit hike,positive
[TGT] and Diageo outperform weaker European stock markets,positive
Deutsche Bank and [TGT] outperform weaker European stock markets,positive
[TGT] net profit up 52% to Rs 138.4 crore,positive
[TGT] first half profit jumps 71 per cent,positive
"[TGT] climbs on yen, BOJ passes baton to ECB",positive
[TGT] rises in Asia on Fed chief rate comments,positive
ECB lifts [TGT] towards eighth straight weekly gain,positive
[TGT] gains on IndiaCan stake sale to Pearson,positive
"[TGT] is a buy: Ashit Suri, JV Capital Services",positive
"EIL is a buy: Ashit Suri, [TGT]",neutral
"Election results: [TGT], market entities up vigil on stocks",neutral
Elections to trigger rally in [TGT]: Gaurang Shah,positive
"[TGT] Q1 profit tops forecast, stands by market outlook",positive
[TGT] gains 1.4% as it enters male deodorant space,positive
[TGT] to offer best returns in over 3 months,positive
[TGT] likely to shine as Rupee's depreciation slows,positive
[TGT] bags Rs 329 crore contract; stock surges,positive
[TGT] Q3 net marginally up by 1.6 pc,positive
[TGT] stays afloat in tentative trade amid geopolitical concerns,positive
[TGT] rebounds as Ukraine rebels hand over black boxes,positive
"[TGT] revenue, profit beat forecasts, shares hit all-time high",positive
[TGT] gain on hope of payments by government,positive
"[TGT] interesting sector from Q3: Mayank Shah, Anagram Capital",positive
"Fertilizer interesting sector from Q3: Mayank Shah, [TGT]",neutral
Festive seasonal buying pushes up [TGT] by 1.59%,positive
"Few stocks may take market rally ahead, says [TGT]",neutral
FIIs returning to [TGT] as yields turn attractive,neutral
"[TGT], energy shares lead gains in Hong Kong stocks",positive
"Financials, [TGT] shares lead gains in Hong Kong stocks",positive
Five reasons why investors should subscribe to [TGT] OFS,positive
Forex gains during August on hopes of [TGT] easing,neutral
"FPIs stay bullish on [TGT] despite China, US worries",positive
"FPIs stay bullish on India despite [TGT], US worries",negative
"FPIs stay bullish on India despite China, [TGT] worries",negative
[TGT] bags Rs 545 cr project; stock up,positive
General Atlantic Partners picks up strategic stake in [TGT],positive
[TGT] picks up strategic stake in CitiusTech,neutral
Get into [TGT] at 2050-2000 levels: Ashwani Gujral,positive
"[TGT] promoters' OFS fully subscribed, stock up 5%",positive
"Global, local bidders bet on [TGT]'s purchase in MCX",positive
"Global, local bidders bet on FTIL's purchase in [TGT]",neutral
"[TGT] climbs above $1,320/oz ahead of US Federal minutes",positive
[TGT] firm near 3-week high on China rate cut,neutral
"[TGT] holds above $1,300, focus on Fed policy meeting",positive
[TGT] prices edges up on demand from retailers,positive
"[TGT] surges, hits 52-week high on better-than-expected Q1 numbers",positive
[TGT] surges 20% after Reliance fund buys 6.7%,positive
Gulshan Polyols surges 20% after [TGT] fund buys 6.7%,neutral
Heard on the street: [TGT] soars on 3k-order,positive
Heard on the Street: [TGT] soars Over 11%,positive
[TGT] Q1 net profit rises 76 per cent,positive
"[TGT] rides high with big orders, focussed strategy",positive
[TGT] Q2 net up 38.7% on higher sales,positive
[TGT] can easily reach 133 levels: Rajat Bose,positive
"[TGT], Nalco in focus as China raises alumina prices",positive
"Hindalco, [TGT] in focus as China raises alumina prices",positive
HNIs buy [TGT] auto shares on delisting report,positive
[TGT] foremost player in infrastructure finance segment: Fayeza Hafizee,positive
"[TGT] doubles rupee bond offering to Rs 2,000 crore",positive
[TGT] exports to touch new high this fiscal,positive
"[TGT] a great investment story, says Prakash Diwan",positive
[TGT] will look up post elections: Harendra Kumar,positive
[TGT] Q3 net profit rises 2.7% at Rs1582 crore,positive
Initiate fresh long trades on [TGT]: Devang Visaria,positive
[TGT] raise holdings in equities as markets correct,neutral
[TGT] surge on hopes of FDI limit hike,positive
"[TGT] makes decent debut, surges 17% on BSE",positive
Investments will be back in [TGT]: Anagram Capital,positive
Investor sentiment will turn in favour of [TGT]: Chidambaram,positive
Investors can remain in quality stock like [TGT]: Edelweiss,positive
Investors can remain in quality stock like L&T: [TGT],neutral
[TGT] at 3-year high on Israel-Hamas truce hopes,positive
Its time to take [TGT] funds into account,positive
Janus Overseas Fund buys 12.3 lakh [TGT] shares,positive
[TGT] buys 12.3 lakh Strides Arcolab shares,neutral
[TGT] top pick in aviation stocks: Pankaj Pandey,positive
"Jewellers expect [TGT] demand to grow this Dusshera, Diwali",positive
[TGT] reports 38% y-o-y growth in net profits,positive
[TGT]'s October-March Net up 14% at Rs 312 crore,positive
[TGT] closes up a paltry 0.75% on BSE,positive
[TGT] Q3 net up by 27.9 per cent,positive
[TGT] shares up; monsoon rain sparks sowing hopes,positive
[TGT] rally over 4% on strong Q2 results,positive
[TGT] posts Rs 188 cr profit for FY-12,positive
"Kolkata-based firms rally on Trinamool win, [TGT] top gainer",positive
[TGT] Q2 net profit at Rs 942 crore,positive
KV Kamath to map [TGT] succession plan; stock rises,positive
"[TGT] to gain from capacity expansion, retail push",positive
[TGT] in banking space look attractive: IV Subramanium,positive
Levels of 1000 possible for [TGT]: Ashwani Gujral,neutral
Lightbridge Communications Corporation to boost [TGT]'s global presence,positive
[TGT] to boost Tech Mahindra's global presence,neutral
"Long-term outlook on [TGT]: Bullish, says Anand Tandon",positive
"[TGT]: US launches, better movement of rupee add value",positive
[TGT] worth a buy towards 80: Hemen Kapadia,positive
Management commentary arrests fall in [TGT]; stock rallies,positive
"[TGT], logistic companies set to gain from GST implementation",positive
"Manufacturers, [TGT] set to gain from GST implementation",positive
[TGT] surges over 14% as subsidiary plans NYSE listing,positive
[TGT] rises on plan to invest in Indonesia,positive
[TGT] well placed above moving averages: Nirmal Bang,positive
[TGT] and banking are likely to outperform: Ashwani Gujral,positive
Metals and [TGT] are likely to outperform: Ashwani Gujral,positive
[TGT] could outperm large-caps in 6-12 months: Hemang Jani,positive
Mid-caps could outperm [TGT] in 6-12 months: Hemang Jani,neutral
[TGT] shares hit 52-week high on strong Q1 numbers,positive
[TGT] net profit at Rs 588 cr; stock gains,positive
[TGT] near 3-yr high on preferential share issue,positive
[TGT] Q3 profit rises 7%; HP still a drag,positive
MphasiS Q3 profit rises 7%; [TGT] still a drag,negative
"MSCI adds [TGT], other US-listed China shares to indexes",positive
"[TGT] adds Alibaba, other US-listed China shares to indexes",neutral
[TGT] surges over 7% after Nomura upgrades stocks,positive
National Buildings surges over 7% after [TGT] upgrades stocks,neutral
[TGT] Q2 profit increases 11.68% to Rs 3.44 cr,positive
"[TGT] resumes uptrend; ends above 6,150 on global cues",positive
[TGT] scales above 6750; Sensex hits fresh record high,positive
Nifty scales above 6750; [TGT] hits fresh record high,positive
"[TGT] jumps to 7-month high on renewed ""Abenomics"" hopes",positive
[TGT] marked up 21% on smartphone gaming plan,positive
[TGT]'s stock option strategy pays off as volumes soar,positive
[TGT] Q4 profit rises marginally to Rs 310 cr,positive
[TGT] near 9-month high as Iraq battles for refinery,positive
[TGT] biggest beneficiary from diesel subsidy cut: Anish Damania,positive
[TGT] jumps 57 per cent in three sessions,positive
[TGT] net profit at Rs 1111 cr;stock surges,positive
[TGT] worth watching over next few days: Deepak Mohoni,positive
[TGT] gain 5% on milestone payment from Merck,positive
Orchid Chemicals gain 5% on milestone payment from [TGT],neutral
[TGT] gains on Goldman Sachs upgrade,positive
Oriental Bank of Commerce gains on [TGT] upgrade,neutral
[TGT] plans to sell non-core assets; stock gains,positive
Pharmaceutical giant [TGT] likely to take huge stride,positive
[TGT] expands capacity to take advantage of growing demand,positive
Play realty by buying [TGT]: Anand Tandon,positive
[TGT] shares surge 20% on spin-off plans,positive
[TGT] Q4 net up 3.6% to Rs 45.41 crore,positive
[TGT] bag Rs 297 cr contract; stock up,positive
Prefer [TGT] among large cap cement stocks: Avinnash Gorakshakar,positive
Pre-market: [TGT] seen opening higher; may reclaim 8200 levels,positive
[TGT] to raise Rs 216 cr from anchor investors,neutral
[TGT] and NBFCs are good investments: Nitin Raheja,positive
Private banks and [TGT] are good investments: Nitin Raheja,positive
Prospects of monetary stimulus fuel a fresh [TGT] rally,positive
[TGT] prices likely to go up around Diwali: Study,positive
Rakesh Jhunjhunwala bullish on [TGT]; stock gains over 6%,positive
[TGT] ties-up for Rs 1400 cr debt;stk up,positive
Rate cut hopes make traders bullish on [TGT],positive
Rate hike hints from [TGT] push bond prices up,positive
[TGT] Q4 net profit up 38.43 per cent,positive
[TGT] gains over 3% on deal with Reliance Jio,positive
RCom gains over 3% on deal with [TGT],neutral
[TGT] continue to move up in weak market,positive
[TGT] end 2% higher after government share sale,positive
[TGT] extend gains on rising demand,positive
[TGT] remain up on strong demand,positive
Relief rally in [TGT] is round the corner: Sharekhan,positive
Relief rally in gold is round the corner: [TGT],neutral
[TGT] raises Rs 405 cr from preferential allotment,positive
[TGT] raises networth to meet Sebi norm,positive
Religare Invesco AMC raises networth to meet [TGT] norm,neutral
Rice price hike to benefit [TGT] significantly: Gajendra Nagpal,positive
Right time to enter into [TGT]: Prakash Diwan,positive
Rising consumption to drive markets: [TGT],neutral
[TGT] edges up as traders reposition after sharp falls,positive
"[TGT] gains on overseas flows, lack of RBI intervention",positive
[TGT] hits over 1-week high on bunched-up dollar inflows,positive
[TGT] rises 12 paise against dollar in early trade,positive
[TGT] scales two-month high after Jokowi wins presidential election,positive
"[TGT]'s operating profit of increases to Rs 1,030 crore",positive
[TGT] soars 8 pc in early trade on BSE,positive
[TGT] debuts 20 pc higher on BSE,positive
[TGT] allows Zenith Infotech to furnish rupee bank guarantee,neutral
Sebi allows [TGT] to furnish rupee bank guarantee,neutral
Sector watch: Better times ahead for [TGT],positive
"Select [TGT] spurt on stockists offtake, global cues",positive
[TGT]@record high: How to play the market from here,positive
[TGT] up more than 5% in roller-coaster day,positive
Shankar Sharma says [TGT] make good bets for now,positive
[TGT] helps keep FTSE 100 afloat on bid speculation,positive
[TGT] gets Sebi nod for offshore fund management,positive
Shriram AMC gets [TGT] nod for offshore fund management,neutral
[TGT] recover 1.98 pc on global cues; short-covering,positive
[TGT] up Rs 193 aided by global cues,positive
[TGT] rises Rs 166 per kg in futures trade,positive
Specialty chemicals give tyre maker [TGT] a power spin,positive
[TGT] give tyre maker SRF a power spin,neutral
Specialty chemicals give tyre maker [TGT] a power spin,positive
[TGT] give tyre maker SRF a power spin,neutral
[TGT] surges over 3 pc on stake sale report,positive
Stable demand for housing loan to drive [TGT] growth,positive
[TGT] rally after RBI extends Basel III deadline,positive
[TGT] approves merger with Shasun Pharma; stock gains,positive
Strides Arcolab approves merger with [TGT]; stock gains,neutral
[TGT] surges 13% as Bangalore facility gets USFDA approval,positive
Suneeta Reddy promoted as [TGT]'s Joint MD; stock up,positive
[TGT] drug candidate clears toxic tests; stock up,positive
[TGT] Q3 net profit jumps over four-fold,positive
[TGT] Q1 Net up 25% at $ 58.1 million,positive
[TGT] may hike stake in Suzlon via rights issue,neutral
Tantis may hike stake in [TGT] via rights issue,neutral
[TGT] net trebles with strong performance by JLR,positive
"[TGT] outperform equities, strong performance to continue",positive
"Tax free bonds outperform [TGT], strong performance to continue",neutral
Tax free bonds: [TGT] scores another hit!,positive
[TGT] among top picks in IT sector: Dipen Shah,positive
[TGT] shares gain over 1 per cent post earnings,positive
"[TGT] prices are likely to rally: Vijay Bhambwani, BSPLindia.com",positive
"Tea prices are likely to rally: Vijay Bhambwani, [TGT]",neutral
[TGT] likely to post higher margins in Q4: Barclays,positive
Telcos likely to post higher margins in Q4: [TGT],neutral
[TGT] hits 52-week high on Morgan Stanley upgrade,positive
Titan Company hits 52-week high on [TGT] upgrade,neutral
Traders can build fresh long in [TGT]: Religare,positive
Traders can build fresh long in United Phosphorous: [TGT],neutral
[TGT] Q4 Net up 28% at Rs 24.96 crore,positive
"[TGT] looks good in telecom space: Amit Harchekar, IIFL",positive
"TTML looks good in telecom space: Amit Harchekar, [TGT]",neutral
Turn positive on [TGT] post Q1 show: Gaurav Mehta,positive
"[TGT]'s Q2 user growth beats targets, shares skyrocket",positive
"[TGT] still has the momentum: Deepak Mohoni, trendwatchindia.com",positive
"Uco Bank still has the momentum: Deepak Mohoni, [TGT]",neutral
"[TGT], other cement companies good buys on margin boost",positive
[TGT] Q2 net jumps 11% to Rs 185 crore,positive
US stocks: [TGT] hits record; focus shifts to payrolls,positive
[TGT] consolidated Q1 up 17% to Rs 4cr,positive
Utilise any correction to buy [TGT]: Hemindra Hazari,positive
[TGT] surges 15% on strategic alliance with Ricoh India,positive
Vakrangee surges 15% on strategic alliance with [TGT],neutral
"Valuation of [TGT] well deserved, likely to sustain: UBS",positive
"Valuation of TCS well deserved, likely to sustain: [TGT]",neutral
"Valuations steep, but [TGT] IPO worth a shot",neutral
[TGT] logs 16.5 pc growth in first-half revenue,positive
Volatile [TGT] rallies nearly 9% on de-listing plans,positive
[TGT] ends up; financials gain with bond yields,positive
[TGT] spurts over 12% on big order win,positive
[TGT] Q3 net up 49.13% to Rs 24.10 cr,positive
"[TGT] Q1 profit beats estimates, raises FY revenue guidance",positive
[TGT] hold at all-hit time after bumper week,positive
[TGT] hold at all-time high after bumper week,positive
[TGT] net profit rises 58% Rs 176.26 cr,positive
[TGT] shares soars as Q2 net profit rises,positive
[TGT]s hit over 4-month high; RBI chief comments aid,positive
10-yr bonds hit over 4-month high; [TGT] chief comments aid,neutral
[TGT]: Sale of low-margin biz to help boost profitability,positive
"4950-5000 range should see a technical bounce: Anil Manghnani, [TGT]",neutral
8330 should act as immediate support for [TGT]: Mitesh Thacker,neutral
[TGT] has the potential to go beyond 840: Sandeep Wagle,positive
[TGT] Q1 net up 71% to Rs 51 crore,positive
[TGT] may move up in near term: Avinnash Gorakssakar,positive
[TGT] to have good going ahead: Deepak Mohoni,positive
"[TGT] top space choice, can sustain higher growth: Dhiraj Sachdev",positive
[TGT] soar as lower oil prices bring down fares,positive
[TGT] surge over 6% on new draft civil aviation policy,positive
[TGT] Q2 profit up 5.98% at Rs 35.75 crore,positive
[TGT] Q1 net up 38.65% at Rs 64.67 crore,positive
[TGT]'s net profit rises 25% at Rs 158 crore,positive
[TGT]'s January-March profit jumps 17% to Rs 62.24 crore,positive
[TGT] offers a good buying opportunity for investors,positive
[TGT] rallies over 8% on acquisition plans in Germany,positive
[TGT] hits record high; HDFC MF buys shares,positive
APL Apollo Tubes hits record high; [TGT] MF buys shares,neutral
[TGT] PAT up by 2% at Rs 26.11 cr,positive
[TGT] gain as Greece defaults on loan with IMF,positive
Asian Paints acquires 96.48% stake in [TGT]; open offer ends,neutral
[TGT] acquires 96.48% stake in Berger; open offer ends,neutral
[TGT] Dec qtr net up 28.26% at Rs 28.32 cr,positive
"At Rs 22 lakh, [TGT] is most costly futures contract",neutral
"[TGT]: Higher input costs offset sales gain, hit margins",negative
[TGT] will be generous to shareholders: Jagdish Malkani,positive
[TGT] Q3 net up 31.44% to Rs 43.85 cr,positive
[TGT] Q1 net up 60% at Rs 145 crore,positive
BofA-ML sees nearly 20% upside in [TGT]; reiterate 'buy',positive
[TGT] sees nearly 20% upside in Maruti Suzuki; reiterate 'buy',neutral
[TGT]'s three positives for Indian markets; recommends 'buy' on dips,neutral
"Bond funds worldwide attract $204 billon inflows, beat stocks: [TGT]",neutral
Boost in US's macro-economic situation may trigger [TGT]'s revenue growth,positive
"[TGT] holds above $107 on US crude draw, China data",positive
[TGT] Q3 Net up 62.1% at Rs 100.56 cr,positive
[TGT] FY-11 net profit up 30.19% at Rs 134.34 crore,positive
"[TGT] sales rise 11 per cent in Q1, margins improve",positive
Brokerages up target price for [TGT] post Comviva buy,positive
bullish on [TGT] for whole of this year: Anand Tandon,positive
Buy [TGT] with a target of Rs 141: Prakash Gaba,positive
"Calculus: Recovery in China, new models may help [TGT]",positive
Calvin Klein deal to help [TGT] rise the market ladder,positive
[TGT] deal to help Arvind rise the market ladder,neutral
[TGT] net profit jumps 162 pc in Q4 FY11,positive
[TGT] up over 4% after workers call off strike,positive
[TGT] are likely to go up higher: Vijay Bhambwani,positive
[TGT] Q3 net up 50.18% at Rs 16.16 crore,positive
"[TGT]: Tariff hike to improve cash flow, boost business plans",positive
Cheaper raw materials lift [TGT] margins for June quarter,positive
[TGT] Q2 profit soars 2-fold to Rs 120.34 crore,positive
[TGT] surge 3.25 per cent on strong demand,positive
"[TGT] end at 7-1/2-month high; finance, coal firms rise",positive
China shares end at 7-1/2-month high; [TGT] rise,positive
[TGT] rises for the 5th day despite weaker fixing,positive
[TGT] set to show biggest advance in 6 weeks,positive
[TGT] pares gains after rallying nearly 6% post Q3 results,positive
[TGT]'s gains could pull the Nifty up: Mitesh Thacker,positive
CNX IT's gains could pull the [TGT] up: Mitesh Thacker,positive
"[TGT] at record high; Sun Pharma, Ranbaxy on roll",positive
"CNX Pharma at record high; [TGT], Ranbaxy on roll",positive
"CNX Pharma at record high; Sun Pharma, [TGT] on roll",positive
[TGT] rises on speculation on rebuilding stocks by chocolate makers,positive
"[TGT] attractive on hopes of higher payout, ad spend cut",positive
[TGT] declares second interim dividend of Rs 9 per share,neutral
[TGT] Q2 net profit up 11.8% at Rs 100 cr,positive
[TGT]' turnover up 55 pc till Oct 15 this fiscal,positive
[TGT] Q3 Net up 5.4% at Rs 249.5 crore,positive
"Continue to be bullish on [TGT]: Kunal Saraogi, Technical Analyst",positive
[TGT] up 3.73 per cent on surge in demand,positive
[TGT]'s Q2 net jumps 10-fold to Rs 160 crore,positive
[TGT] rally forces textile mills to go for small buys,positive
[TGT] rises 10% on demand for exports and local consumption,positive
"Credit Suisse raises target prices of cement majors, [TGT] upgraded",positive
"Credit Suisse raises target prices of [TGT], ACC upgraded",positive
"[TGT] raises target prices of cement majors, ACC upgraded",neutral
[TGT] Q1 net up 6.55% to Rs 64.02 crore,positive
[TGT] rallies over 4% on land parcel deal report,positive
[TGT] surges over 4% as company sells Mumbai land,positive
[TGT] up on rise in spot demand,positive
[TGT] net rises 300 pc to Rs 36 crore,positive
"[TGT] make the most of rate surprises, stocks surge",positive
"Despite early chill,2014 to be hot year for equities: [TGT]",neutral
[TGT]'s Q1 net soars to Rs 43 cr,positive
[TGT] Q1 net profit up 22% at Rs 147.15 cr,positive
Discom loan recast to power up shares of [TGT],positive
"Earnings outlook strong, keep on buying [TGT]: Hemindra Hazari",positive
[TGT] debenture issue fully subscribed; raises Rs 500 crore,positive
[TGT] gains 2.4%; CLSA initates coverage with 'buy' rating,positive
Eicher Motors gains 2.4%; [TGT] initates coverage with 'buy' rating,neutral
"[TGT] to raise over Rs 1,160 cr through rights issue",neutral
[TGT] Q3 profit rises 31 pc to Rs 150.68 crore,positive
[TGT]'s charts look healthy from short-medium term perspective: Deepak Mohoni,positive
[TGT] at 10% premium; sees high of Rs 213.95,positive
[TGT] rallies over 30% in six sessions; more upside seen,positive
[TGT] seeks to revive earnings with focus on high-end products,positive
[TGT] acts as lone bright spot amid China commodity gloom,positive
"[TGT] resilient near highs, to test ECB threat on currency",positive
[TGT] Q1 net up 48.69 pc at $8.36 mn,positive
Exposure of institutional investors to [TGT] at four-year high,positive
Farmers reap a tidy profit as [TGT] prices shoot up,positive
Favour [TGT] in the banking space: Deven Choksy,positive
Festive season demand lifts [TGT] by 1.10%,positive
Festive season to bring traction for [TGT]: Deven Choksey,positive
Festive time: [TGT] rally upto 48% ahead of Diwali,positive
"[TGT] a multibagger in making, says Daljeet Singh Kohli",positive
"Foreing money inflow a positive developlment: Hemang Jani,  [TGT]",neutral
[TGT] unveils uniform norms for accreditation of warehouses,neutral
[TGT] standalone net profit at Rs 3561 cr; stock up,positive
[TGT] surges as Macquarie buys stake from open market,positive
Gati Ltd surges as [TGT] buys stake from open market,neutral
[TGT] Q4 net jumps over 3-fold to Rs 15.75cr,positive
"[TGT] Q3 PAT Rs 101.6 cr, up 147% YoY",positive
[TGT] Q2 net up 12.5% to Rs 75 cr,positive
[TGT] Q4 net up 42% at Rs 108.76 cr,positive
[TGT] climbs after reports of US strikes on ISIS militants,positive
"[TGT] holds above $1,300, focus on US Federal policy meeting",positive
[TGT] near 3-month high on second day of fund inflows,positive
Goldman Sachs raises 2015 [TGT] price forecasts; cuts 2016 outlook,positive
[TGT] raises 2015 oil price forecasts; cuts 2016 outlook,neutral
[TGT] Q2 net up 13% at Rs 29 crore,positive
Greece hopes keep [TGT] near 3-week high vs stalling dollar,positive
Greece hopes keep euro near 3-week high vs stalling [TGT],negative
[TGT] Q2 Net up 39% to Rs 37.03 crore,positive
[TGT] raises India unit stake to 75% via open offer,positive
"[TGT] edge up on positive Q4 bank results, dividends",positive
[TGT] can go up to 14-15 levels: Vijay Bhambwani,positive
[TGT]'s net loss shrinks to Rs 45 crore in Q3,positive
[TGT] shares surge over 12 pc after stock split,positive
"[TGT] misses estimates on provisions, Q1 net up 20%",positive
Higher FPI limit to help [TGT] drive into MSCI India,positive
Higher FPI limit to help Maruti drive into [TGT],neutral
[TGT] shares surge over 3% as company bags maximum mines,positive
[TGT] Q4 net profit up 20 per cent,positive
Hot Stock: Brokerages expect sharp gains in [TGT],positive
[TGT] gains 4.5% on completion of Goa property sale,positive
[TGT] among NBFCs should do well: Ajay Bagga,positive
[TGT] Q4 net profit up 4.56% at Rs 32.31 crore,positive
"[TGT] at fresh 52-week high; stock outperforms peers, FMCG index",positive
"[TGT] up more than 4%, rebounding from recent falls",positive
[TGT] profit up 3-fold at Rs 808 cr,positive
[TGT] hits record high as Moodys ups stake to 50%,positive
Icra hits record high as [TGT] ups stake to 50%,neutral
[TGT] gains on plan to sell stake in CARE,positive
"[TGT] kicks off No-Deal Road Show for Rs 3,000-crore QIP",neutral
"[TGT]s Rs 1,000 crore QIP draws big investor interest",positive
Indians on spending spree: Time to nibble at [TGT],positive
[TGT] gains 2% as govt defers gas price hike,positive
[TGT]' stock to really pick up post restructuring: Manish Sonthalia,positive
[TGT] rally as FM cuts withholding tax to 5%,positive
ING Vysya Investment sees [TGT] gains from H2 of 2012,positive
[TGT] sees Sensex gains from H2 of 2012,neutral
[TGT] marks splendid debut; shares soar 35.5 per cent,positive
Invest in [TGT] from a long-term perspective: Sudip Bandyopadhyay,positive
"Invetsors, asset managers keep faith in [TGT] despite Maggi row",positive
[TGT] better bet than ARSS in infra pack: Technical Trends,positive
IRB better bet than [TGT] in infra pack: Technical Trends,negative
It is 'wait n watch' for [TGT]: IDBI Capital,positive
It is 'wait n watch' for Tata Steel: [TGT],neutral
[TGT] rallies post Q4 results; net profit up 31%,positive
[TGT] Q1 standalone Net shoots to Rs 334 crore,positive
[TGT] Q2 net profit jump two-fold at Rs 10.30 cr,positive
"[TGT]: Sustained efforts promise good results ahead, risks persist",positive
[TGT] shine as RBI removes restriction on gold coin imports,positive
[TGT] mulls pulp mill in South Asia; stock up,positive
"[TGT] rallies 10% on strong net profit, order win",positive
[TGT] debut amid growing return on equity interest,neutral
[TGT] Q1 steel production up 1% at 2.86 MT,positive
[TGT] shares rally 8 per cent on expansion buzz,positive
[TGT] Q3 net jumps 63.11% to Rs 27.37 crore,positive
[TGT] Q1 net up 50% at Rs 39 crore,positive
[TGT] Q4 net up 37% at Rs 42.11 cr,positive
[TGT] Q2 net climbs 33% to Rs 97 crore,positive
[TGT] rallies over 2% on share sale plan,positive
[TGT] posts Rs 19.7 crore profit in December quarter,positive
[TGT] among cheapest plays in dairy sector:  Ashish Maheshwari,positive
[TGT] Q3 net profit rises 9% at Rs 867 crore,positive
[TGT] sets record date for share sub-divison; stock rallies,positive
[TGT]s net profits rises to Rs 25.23 crore,positive
[TGT] shares surge on speculation of Google stake buy,positive
[TGT] Q3 net up 30.76% at Rs 3.40 crore,positive
LIC likely to pick 5 per cent stake in [TGT],positive
[TGT] likely to pick 5 per cent stake in BHEL,neutral
"Liquidity will remain comfortable: Dipan Mehta, Member, [TGT] and NSE",neutral
"Liquidity will remain comfortable: Dipan Mehta, Member, BSE and [TGT]",neutral
Little sign of election nerves as [TGT] hits 2-month high,positive
Lodestone deal much needed inorganic booster for [TGT]: Prabhudas Lilladher,positive
[TGT] deal much needed inorganic booster for Infosys: Prabhudas Lilladher,neutral
Maintain 'Buy' on [TGT] with target of Rs 528: Sharekhan,positive
[TGT] rallies 5% on Rs 500 crore orders win,positive
[TGT] is an interesting stock to hold: Deepak Mohoni,positive
[TGT] to buy stake in Asirvad Microfinance; stock gains,positive
Manappuram Finance to buy stake in [TGT]; stock gains,neutral
[TGT] is getting ready for a big move: Ashwani Gujral,positive
"[TGT] at new record levels on FII flows, global trend",positive
[TGT] high on hope; top picks for 2014 from Sharekhan,positive
Markets high on hope; top picks for 2014 from [TGT],neutral
[TGT]@fresh record highs: Top ten multi-bagger stocks for your portfolio,positive
[TGT] to expand nine-fold to 74 outlets; plans IPO,neutral
[TGT] Q1 net profit up at Rs 537 crore,positive
[TGT] Q3 net jumps over three-fold to Rs 27.95 crore,positive
[TGT] looks more promising than last year: Taher Badshah,positive
Merger hopes trigger a rally in 3 associates of [TGT],positive
"[TGT] can return 20% in 2014, say analysts",positive
[TGT] deliver returns of 50-84% over six months,positive
[TGT] may post moderate growth in June quarter,positive
[TGT] hits upper circuit on Videocon stake buy buzz,positive
Mirc Electronics hits upper circuit on [TGT] stake buy buzz,neutral
[TGT] at 20% upper circuit on strong Q1 results,positive
[TGT] Q3 net rises 12.8 pc to Rs 28.10 crore,positive
[TGT] bags Utkal-C coal block; stock rallies over 13%,positive
[TGT] jumps on report Modi government pursuing GM crops,positive
Morgan Stanley upgrades [TGT] to Overweight; ups target price,positive
[TGT] upgrades Axis Bank to Overweight; ups target price,neutral
[TGT] Q3 net profit up at Rs 3.23 cr,positive
[TGT] no more a one-trick pony; stay bullish: Amit Khurana,positive
Multibagger idea: JM Financial sees 40% upside in [TGT],positive
Multibagger idea: [TGT] sees 40% upside in Tech Mahindra,neutral
[TGT] FY11 net up 35.82% at Rs 918.14 cr,positive
New launches help [TGT] cast its net wider,positive
New [TGT] norms to aid higher earnings of banks:Credit Suisse,neutral
New RBI norms to aid higher earnings of banks:[TGT],neutral
[TGT] moves up in futures trade on rising spot demand,positive
[TGT] hits fresh lifetime high; top fifteen stocks in focus,positive
"[TGT] hits fresh record high; touches 6,822 in intra-day deals",positive
[TGT] rises to 1 1/2-week high; financials track U.S. counterparts,positive
[TGT] settles over 7% on BSE after scaling 32-month high,positive
Nirma settles over 7% on [TGT] after scaling 32-month high,neutral
[TGT] post Q2 net profit of Rs 15.2 crore,neutral
[TGT] moves off 4-month lows as shares rise,positive
[TGT] will be investors preferred choice soon: Sudip Bandyopadhyay,positive
[TGT] stocks on fire; what to expect from OPEC meet,positive
[TGT] brave market volatility;surge to 52-week high on positive outlook,positive
"Once [TGT] crosses 1250, strength will return: Rajat Bose",positive
[TGT] has potential to double in next two years: Analysts,positive
[TGT] expects to raise Rs 47.6 crore through open offer,neutral
"Open offer of Zuari, Deepak 'fair & reasonable': [TGT]",neutral
"Operation to steady [TGT] a success, but patient comatose",neutral
"Optimistic on [TGT]: G Chokkalingam, Centrum Wealth Management",positive
"Optimistic on South-based sugar companies: G Chokkalingam, [TGT]",neutral
"Optimistic on the [TGT]: Sanjay Sinha, L&T Mutual Fund",positive
"Optimistic on the auto space: Sanjay Sinha, [TGT]",neutral
Own cash rich companies from the [TGT]: Vijai Mantri,positive
[TGT] gain momentum as army intervenes to end crisis,positive
"[TGT] rises to 17-month high on inventory, weather woes",positive
[TGT] net profit at Rs 20 cr; stock up,positive
[TGT] Dec qtr Net up 26% to Rs 31.37 cr,positive
[TGT] at 20% upper circuit on tie-up with Amazon,positive
Patel Logistics at 20% upper circuit on tie-up with [TGT],neutral
[TGT] becomes 32nd stock to list on NSE Emerge,positive
[TGT]: Strong momentum in the software services augurs well,positive
[TGT] tax free Bonds oversubscribed 12.09x on the first day,positive
[TGT] Q2 net profit up 33% at Rs 69.59 crore,positive
"[TGT] annual profit climbs 32 pc to Rs 2,696.89 cr",positive
[TGT]: Improved sentiments make the stock a good buy,positive
[TGT] rallies as tech majors make beeline for controlling stake,positive
"Post Q4 earnings, [TGT] appear safer bets in volatile market",positive
"Post-integration, [TGT] will be a good buy: Ashit Suri",positive
[TGT] Q1 net up 42% to Rs 972 crore,positive
[TGT] PAT up 41.62pc at Rs 651.4 cr in July-Sep,positive
[TGT] rallies over 5% on Rs 235 crore order,positive
[TGT] might bounce back if the market permits: Deepak Mohoni,positive
Pre-election rally likely; [TGT] may touch 6500 level: Ambareesh Baliga,positive
Prefer [TGT] among largecap auto stocks: P Phani Sekhar,positive
Pre-market: [TGT] likely to bounce back on positive global cues,positive
Pre-market: [TGT] seen opening higher on US Federal Reserve outlook,positive
[TGT] raises Rs 45 crore to fund expansion,positive
[TGT]'s net rises 24.7% to Rs 26 cr in FY10-11,positive
[TGT]s a good bet from a 2-3-year perspective: Angel Broking,positive
"[TGT] is a buy: Rohit Shinde, Nimbus Wealth Management",positive
"Punj Lloyd is a buy: Rohit Shinde, [TGT]",neutral
[TGT] rallies on reports of Medanta Medicity stake sale,positive
[TGT] share jump post 26% acquisition offer from investor,positive
[TGT] Q2 net up 94.02% to Rs 18.84 crore,positive
[TGT] surge up to 20% on Narendra Modi effect,positive
[TGT] net surges over-two fold to Rs 237 crore,positive
"[TGT] surges 6%, bags Rs 125 crore export order",positive
[TGT] could be the next big trigger for Sun Pharmaceutical,neutral
Ranbaxy could be the next big trigger for [TGT],neutral
[TGT] may move up to 435 to 437: Rajat Bose,positive
"[TGT] board approves raising Rs 3,000 cr through tax-free bonds",positive
"Recommend [TGT] and Tata Power: Mehraboon Irani, Nirmal Bang Securities",positive
"Recommend Adani and [TGT]: Mehraboon Irani, Nirmal Bang Securities",positive
"Recommend Adani and Tata Power: Mehraboon Irani, [TGT]",neutral
Recommend looking at [TGT] from long-term view: Anand Tandon,positive
[TGT] gain 0.34% as demand picks up,positive
[TGT] becoming hot-picks due to improving gross refining margins,positive
Remain bullish on [TGT] : Deven Choksey,positive
"Robust loan growth, margin lift [TGT] Q2 net 33%",positive
[TGT] Dec qtr net up four-fold to Rs 39.89 cr,positive
[TGT] hits day high of 60.45 against the US dollar,positive
Rupee hits day high of 60.45 against the US [TGT],neutral
[TGT] near 10-month high on WPI; RBI seen stepping in,positive
Rupee near 10-month high on WPI; [TGT] seen stepping in,neutral
"[TGT] opens with a bang, hits 58.79 versus US dollar",positive
"Rupee opens with a bang, hits 58.79 versus US [TGT]",neutral
[TGT] rises most among EM currencies since August 2013 low,positive
[TGT] jumps over 4 per cent on restructuring speculation,positive
Samvat survey: D-Street sees [TGT] at 33k by next Diwali,neutral
[TGT] net profit up two-fold at Rs 61 crore,positive
"Sebi orders to defreeze bank, demat accounts of [TGT]",positive
"[TGT] orders to defreeze bank, demat accounts of MTZ Polyfilms",neutral
"Second rung banks may give 10%-12% return: Hemang Jani, [TGT]",neutral
Sector rotation will ensure the [TGT] remains up: Ashwani Gujral,positive
Seeing decent growth in [TGT] ahead: Networth Stock Broking,positive
[TGT] @ life high; outshines global peers post QE era,positive
"[TGT] conquers 27,000; over 300 stocks hit fresh 52-week high",positive
[TGT] hits 8-month high despite worries over economy,positive
[TGT] net up 7% to Rs 366 cr,positive
[TGT] Q3 net profit jumps 91.27% to Rs 162.03 crore,positive
[TGT] Q2 standalone Net rises 7.4% to Rs 415.63 crore,positive
[TGT] Q3 net profit rises 10% to Rs 210.93 crore,positive
[TGT] profit increases 50.32% to Rs 48.39 crore in Oct-Dec,positive
[TGT] finding favour with investors: Harendra Kumar,positive
[TGT] surges 11% on USFDA nod for Andhra plant,positive
[TGT] Q2 net profit up 13% at Rs 56.6 cr,positive
"Softer rupee, low valuations make D-Street bullish on [TGT]",positive
[TGT] Q1 profit jumps 10.43% to Rs 5.82 crore,positive
[TGT] BPO to delist from BSE; shares soars 10 pc,positive
Stable market to arrest slide of [TGT]: Deven Choksey,neutral
"[TGT] axes 15,000 jobs, raises $5.1 billion in capital",positive
Steady track record to drive profit numbers for [TGT],positive
[TGT] shares gain 9% on merger with Shasun Pharma,positive
Strides Arcolab shares gain 9% on merger with [TGT],neutral
Strong German retail sales keep [TGT] near 7-year highs,positive
Suggest to buy [TGT] in the auto sector: Nitin Raheja,positive
[TGT] net zooms to Rs 21 cr in Q3,positive
[TGT] could be a dark horse: Devang Mehta,positive
[TGT] gains on buyout buzz of Hutch's India BPO,positive
Tech Mahindra gains on buyout buzz of [TGT]'s India BPO,neutral
[TGT] on fast track as wagon demand picks up,positive
[TGT]' good run likely to last for another year,positive
The [TGT] fall is only a much-needed correction: Ashwani Gujral,neutral
"Tight supply lifts [TGT], up 0.53 per cent",positive
[TGT] Q2 net zooms three-fold to Rs 568 crore,positive
Tree Line Asia Master Fund buys 4.6 lakh [TGT] shares,positive
[TGT] buys 4.6 lakh PVR shares,neutral
[TGT] climbs 11% on stake sale in insurance JV,positive
[TGT] set for upgrade after insurance JV stake sale,positive
[TGT] ends 4% higher as Q4 results meet estimates,positive
[TGT] surges 6% as October sales jump 14% YoY,positive
[TGT] to sell non-core lands to cut debt; stock up,positive
[TGT] gain on SP win in state polls,positive
[TGT] rally upto 11% despite concerns over shutdown,positive
"Uptrend still on in [TGT]: Kunal Saraogi, Technical Analyst",positive
US-based retirement fund buys 64.64 lakh shares of [TGT],positive
Use fall in [TGT] to buy it: Gajendra Nagpal,positive
"[TGT] truly independent, IPO to strengthen this character: Leo Puri",positive
Utilise each opportunity to buy into [TGT]: Arindam Ghosh,positive
[TGT] gains as CCEA clears buyout by Walt Disney,positive
UTV Software gains as CCEA clears buyout by [TGT],neutral
[TGT] jumps over 10 per cent on fund-raising plan,positive
[TGT] climbs 5 pc on MoU approval with TPG,positive
Vishal Retail climbs 5 pc on MoU approval with [TGT],neutral
[TGT] up 2 per cent on deal with TPG,positive
Vishal Retail up 2 per cent on deal with [TGT],neutral
"[TGT] attractive bet in retail space: Vinay Khattar, Edelweiss Financial",positive
"V-Mart attractive bet in retail space: Vinay Khattar, [TGT]",neutral
Volatile markets end higher; [TGT] closes higher by 185 points,positive
"[TGT]: Analysts remain bullish, despite continuation of poor performance",positive
[TGT] raises Rs 180 cr via preferential issue of shares,positive
"[TGT] eyes China, India for commodities trade growth",positive
[TGT] Q2 net rises over two-fold to Rs 40.72 crore,positive
"[TGT] gets BSE, NSE approval to merge subsidiaries with itself",positive
Wipro gets [TGT] approval to merge subsidiaries with itself,neutral
[TGT] bags Rs 130 mn solar power contract;stk up,positive
[TGT] Q1 profit up 9.6% at Rs 439.5 crore,positive
[TGT] rises slightly as lacklustre trade data offsets strong midpoint,positive
4930 would be the level to watch out for: [TGT],neutral
5270-5250 is the most preferred buying level for [TGT]: Mitesh Thacker,positive
5850-5860 should be a good support level for [TGT]: Ashwani Gujral,neutral
85 should be a good target for [TGT]: Devang Visaria,positive
A soaring [TGT] could set off a currency war with China,positive
[TGT] net profit rises 33% as order execution picks up,positive
[TGT] Q2 net profit up 73% at Rs 30 crore,positive
[TGT] Q3 net profit rises 38% to Rs 85 crore,positive
[TGT] may give good return over next 2-3 years: Shahina Mukadam,positive
[TGT] Q4 net profit rises 14.74% to Rs 70.33 crore,positive
[TGT] shares surge 12% as parent firm weighs GE offer,positive
Alstom India shares surge 12% as parent firm weighs [TGT] offer,neutral
[TGT] net profit at Rs 41 cr; stock up,positive
[TGT] Q2 net up 23% at Rs 123 crore,positive
[TGT] Q3 net up 17.6% at Rs 95.01 crore,positive
[TGT] Q4 net up 89 pc to Rs 5.59 cr,positive
[TGT] to exit hospitality biz; stock up nearly 6%,positive
[TGT] Q3 net up 54 pc to Rs 13.01 cr,positive
[TGT] December quarter net soars 87% to Rs 338 crore,positive
[TGT] Q2 up 3.56 per cent to Rs 93.26 crore,positive
Ashwani Gujral's top picks: Good time to look at beaten-down [TGT],neutral
Asia seen buying more [TGT] as rain boosts yields,positive
"[TGT] hit 1-year high on Wall St rally, Ukraine vote",positive
[TGT] Q1 Net rises 18 per cent in first quarter,positive
[TGT] Q2 net up 4 pc to Rs 1.28 cr,positive
[TGT] continues to remain large part of portfolio: Prashasta Seth,positive
[TGT] net losses narrows to Rs 63.90 crore in Q2,positive
"[TGT] Q4 Net rises 12% to Rs 1,157 crore",positive
[TGT] Q4 Net profit up 4.95% at Rs 58.08 crore,positive
"[TGT] looks rich in valuations, further corrections likely: Sudip Bandopadhyay",positive
"[TGT] could be a bigger reward giver: Deepak Mohoni, trendwatchindia.com",positive
"Bhushan Steel could be a bigger reward giver: Deepak Mohoni, [TGT]",neutral
[TGT] Q2 net profit up 20 pc at Rs 89 cr,positive
[TGT] looks attractive as Lafarge deal expected to boost presence,positive
Birla Corp looks attractive as [TGT] deal expected to boost presence,neutral
[TGT] rallies post Q1 results; net profit up 33% YoY,positive
[TGT] climbs 6% as CCI approves merger with group companies,positive
"[TGT] poised for Rs 50-60 upmove: Bharat Gala, Ventura Securities",positive
"BOC India poised for Rs 50-60 upmove: Bharat Gala, [TGT]",neutral
BofA Merrill Lynch retains buy on [TGT] post CEO exit,positive
[TGT] retains buy on Cairn India post CEO exit,neutral
[TGT] Q1 net up 26 per cent at Rs 326 crore,positive
[TGT] Q3 Net up 30 per cent at Rs 306.36 crore,positive
"Brand value in [TGT] still intact: mbareesh Baliga, Way2Wealth Brokers",positive
"Brand value in Deccan Chronicle still intact: mbareesh Baliga, [TGT]",neutral
"[TGT] debuts, soars over 22% in early trade on NSE",positive
"BS Transcomm debuts, soars over 22% in early trade on [TGT]",neutral
Buy [TGT] with a target of Rs 397: Mitesh Thacker,positive
Buy [TGT] with a target of Rs 295: Ashwani Gujral,positive
Buying conviction will come at 4525-4540 levels on [TGT]: Vijay Bhambwani,positive
"Calculus: Refining margins, paradip unit may boost [TGT]'s stock",positive
Calcutta High Court extends status quo on sale of [TGT] shares,neutral
[TGT] to benefit from peak construction season & strong demand,positive
[TGT] Q2 standalone net profit jumps 25.7% to Rs 171 cr,positive
[TGT] price rises by 0.38 per cent as demand picks up,positive
"[TGT] extends rally post Q1 results, capex plans; stock surges",positive
[TGT] surges over 35% in two day on high volumes,positive
[TGT] in April post biggest monthly rise for the year,positive
"[TGT] IPO to give a 14-15% profit CAGR: Gopal Ritolia, IIFL",positive
"CIL IPO to give a 14-15% profit CAGR: Gopal Ritolia, [TGT]",neutral
[TGT] may today break above the 200-day average: Mitesh Thacker,positive
[TGT] beats every estimate driven by revival of US outsourcing services,positive
[TGT] turnover jumps by 53 pc in 1st fortnight of April,positive
[TGT] turnover jumps by 54% till Mar 15 of this fiscal,positive
[TGT] market can create additional 5 mn jobs in 5 years',positive
Competition Commission of India rules out allegations against [TGT],positive
[TGT] rules out allegations against Janta Land Promoters,neutral
"[TGT] will see more consistent growth: David Pezarkar, Daiwa AMC",positive
"Consumer cos will see more consistent growth: David Pezarkar, [TGT]",neutral
"Continue to hold [TGT]: Prashastha Seth, Sr. Fund Manager, IIFL Wealth",positive
"Continue to hold ITC: Prashastha Seth, Sr. Fund Manager, [TGT]",neutral
[TGT] net profit rises by 21 per cent in Q2,positive
[TGT] Q2 Net up 78.69% at Rs 264 crore,positive
[TGT] shares hit 52-week high as net profits rises by 38.5%,positive
"[TGT] will lead the next phase of rally: Ashwani Gujral, Ashwanigujral.com",positive
Danone deal expected to act as a trigger for 'troubled' [TGT],positive
[TGT] deal expected to act as a trigger for 'troubled' Wockhardt,neutral
"[TGT] rallied on positive Budget sentiments: Parag Thakkar, HDFC Securities",positive
"Defence stocks rallied on positive Budget sentiments: Parag Thakkar, [TGT]",neutral
"[TGT] outperforms its peers, stock up 77% since January 2012",positive
[TGT] Q4 Net up 26 pc at Rs 22.46 crore,positive
[TGT] profit rises 18% at Rs 152 crore in July-Sept quarter,positive
Dovish US Federal hands [TGT] best weekly gains in 18 months,positive
"[TGT], S&P 500 in record territory after release of Fed minutes",positive
"Dow, [TGT] in record territory after release of Fed minutes",positive
"Drug major [TGT] beats expectations, posts first profit in 6 quarters",positive
[TGT] Q2 net up 21% at Rs 96 crore,positive
[TGT] Q3 net up over two fold to Rs 11.54 cr,positive
[TGT]'s profit jumps 63 pc to Rs 107 cr in July-September,positive
[TGT] been trading up pretty well around Rs 80: CK Narayan,positive
[TGT] gets shareholders' nod to raise up to $1 billion,positive
"Expect [TGT] splendid performance to continue: Dhiraj Sachdev, HSBC AM India",positive
"Expect pharma splendid performance to continue: Dhiraj Sachdev, [TGT]",neutral
Expected 30% bottom line growth makes [TGT] attractive: Pankaj Pandey,positive
[TGT] raises $5 mn from SeedFund on ET NOWs Super Angels,positive
FII exit will not hurt [TGT] as retail investors take charge,positive
[TGT] on a roll after renewing its focus on pipe business,positive
[TGT] Q3 net up 5 pc to Rs 35 crore,positive
[TGT]s to take big hit from possible FII outflow: UR Bhat,negative
[TGT] successfully uses NCDEX spot e-auction trading platform,neutral
Food Corporation of India successfully uses [TGT] spot e-auction trading platform,neutral
"Foreign institutional investors pump in Rs 4,900 crore in [TGT]",positive
[TGT] surges by 10.79% on bourses on rights issue plans,positive
[TGT] Q3 PAT up 21% at Rs 15.75 crore,positive
[TGT] Q3 net up 15 pc at Rs 27 cr,positive
[TGT] Q2 net up 29% to Rs 106 crore,positive
[TGT] FY10 net profit up 10.37 pc to Rs 560.57 cr,positive
[TGT] shares surge in Hong Kong on agriculture asset sale hopes,positive
"[TGT]: Pellet sales, mining key drivers for company",positive
[TGT] climbs to two-month high on Iraq to US economy outlook,positive
[TGT] rises nearly 1 per cent after US Federal Reserve minutes,positive
"[TGT] snaps 4-day falling trend on low level buying, global cues",neutral
Goodbye FY14! [TGT] up 19%; big stocks that returned upto 75%,positive
[TGT] FY10 net up 2.35 pc to Rs 74.81 cr,positive
"Government, RBI working in tandem positive for [TGT]: Dipan Mehta",positive
[TGT] is looking good in current market: Emkay Global Financial Services,positive
Grasim is looking good in current market: [TGT],neutral
[TGT] Q1 net profit up 15% at Rs 26.70 crore,positive
"[TGT] rallies 40% in two days; more steam left, say brokers",positive
[TGT]'s net up over 2-folds to Rs 207 cr in Q2,positive
[TGT] Q2 Net up 9% at Rs 160.29 crore,positive
"[TGT] locked in upper circuit on delisting buzz, up 20%",positive
[TGT] Net doubles to Rs 89.5 crore in July-September,positive
[TGT] net profit at Rs 159.13 cr; stock up,positive
"High on Modi, [TGT] return upto 170%; top 10 bets",positive
[TGT] party on dull Dalal Street; stocks have more upside,positive
[TGT] jumps over 11% on merger transaction of US unit,positive
[TGT] Q3 turnaround in building products division may trigger a re-rating,positive
[TGT] posts marginal rise in Q3 profit at Rs 649 crore,positive
"[TGT]'s gains post open offer, pulls up other MNC FMCG stocks",positive
[TGT] rallies 5% on RBI's infra lending norms; CLSA maintains 'buy',positive
IDFC rallies 5% on [TGT]'s infra lending norms; CLSA maintains 'buy',neutral
IDFC rallies 5% on RBI's infra lending norms; [TGT] maintains 'buy',neutral
[TGT]s can extend schemes' tenure by up to 2 years: Sebi,neutral
IDFs can extend schemes' tenure by up to 2 years: [TGT],neutral
[TGT] Q3 net profit up 30 pc at Rs 136.35 cr,positive
[TGT] FY11 net rises by 61 pc to Rs 262.28 cr,positive
"Improved margins, declining prices make cement stocks attractive: [TGT]",positive
"Indices giving positive signals, [TGT] may climb to 8,450: Ashwani Gujral",positive
[TGT] Q1 net profit up 14% at Rs 19.8 cr,positive
"Interim Budget impact: [TGT] get a boost, ratings cut worry ebbs",positive
Investors should opt for higher exposure to [TGT]: Kunj Bansal,positive
[TGT] FY-11 net profit up 28% to Rs 262.82 crore,positive
IT to find support around 9750-9800 on [TGT]: Ashwani Gujral,neutral
"[TGT] rallies 5% as CDR approves Rs 7,000-crore debt recast proposal",positive
[TGT] surges 12% as 1:10 stock split comes into effect,positive
"Jack Palmer case mildly positive for [TGT], visa issues weigh: brokerages",positive
[TGT] Q2 net profit up 18% to Rs 18 crore,positive
[TGT] Q2 net up 54% at over Rs 38 crore,positive
[TGT] registers 89.9% jump in net profit in Q2 FY15,positive
[TGT] rallies over 13% on order win for transmission lines,positive
[TGT] 4Q profit rises 69 per cent; beats estimates,positive
"Looking at target of 545-550 on [TGT]: Ambareesh Baliga, Karvy",positive
"Looking at target of 545-550 on Mahindra Holidays: Ambareesh Baliga, [TGT]",neutral
Looking forward to a target of 700 for [TGT]: Ashwani Gujral,positive
"Low oil price, strong rupee to reduce fiscal deficit: [TGT]",neutral
[TGT] Q3 jumps nearly 41 per cent to Rs 483.74 crore,positive
[TGT] Q1 net up three fold at Rs 13.05 cr,positive
[TGT] records 46% rise in net profit in Q1,positive
"Market will be buoyant, don't wait for correction: Raamdeo Agrawal, [TGT]",neutral
"Markets make merry on Narendra Modi magic; [TGT] tops 25,000 mark",positive
"[TGT] rallies 11%, hits 52-week high ahead of board meeting",positive
[TGT] edge higher by 0.22% as demand picks up,positive
"[TGT] important part of our portfolio: Kunj Bansal, Centrum Wealth Management",positive
"Midcaps important part of our portfolio: Kunj Bansal, [TGT]",neutral
[TGT] reports net profit of 4.9 per cent for September quarter,neutral
MIT buys [TGT] shares worth Rs 59 crore,positive
[TGT] buys Shriram City Union Finance shares worth Rs 59 crore,neutral
[TGT] Q1 net profit up 86 pc at Rs 12 cr,positive
[TGT]: Price hike helps company post growth in sales during Q1,positive
[TGT]'s net rises 26 pc to Rs 588 cr in FY'10-11,positive
Momentum upbeat; expect [TGT] to hit new highs soon: Ashwani Gujral,positive
[TGT] Q1 Net rises over two-fold to Rs 163.73 crore,positive
"[TGT] on a roll, hits 52-week high; up 70% in 2012",positive
Multi Commodity Exchange bidders want [TGT] to share vital information,positive
"[TGT] looking very attractive: Deven Choksey, MD, KR Choksey Securities",positive
"Mundra Port looking very attractive: Deven Choksey, MD, [TGT]",neutral
Mutual fund exposure to [TGT] hits all-time high in August,positive
[TGT]' Dec qrt net up two-fold at Rs 33.37 cr,positive
Neotel sale will give a boost to [TGT]: Dipan Mehta,positive
"[TGT] gets shareholder nod to raise up to Rs 1,000 crore",positive
[TGT] back in profit; posts Rs 23.02 crore net for Q3,positive
[TGT] share sale fully subscribed; govt to get Rs 101 cr,positive
[TGT] Q1 net profit up 35.5% at Rs 58.5 crore,positive
[TGT] rises after Wall Street gains; market awaits US jobs data,positive
Nikkei rises after [TGT] gains; market awaits US jobs data,positive
[TGT] Q1 net profit up 3% at Rs 14.31 crore,positive
[TGT] Q2 net rises over 600% to Rs 104 crore,positive
"[TGT] among 9 cos set to lose coal blocks, stock up",positive
[TGT] Q4 net up 30 pc at Rs 136.66 cr,positive
"[TGT] rises as Hong Kong, mainland shares rebound sharply",positive
[TGT] net rises 30 pc in Q4 to Rs 562 cr,positive
"Oil, copper and gold retreat as [TGT] strengthens over yuan devaluation",positive
"[TGT], copper and gold retreat as dollar strengthens over yuan devaluation",negative
"Oil, [TGT] and gold retreat as dollar strengthens over yuan devaluation",negative
"Oil, copper and [TGT] retreat as dollar strengthens over yuan devaluation",negative
"Oil, copper and gold retreat as dollar strengthens over [TGT] devaluation",negative
[TGT] should be a part of an investors portfolio: Mehraboon Irani,positive
"Once above Rs 5130, [TGT] can touch Rs 5400: Sandeep Wagle",positive
Opportunities still ripe for traders in the [TGT]: Harendra Kumar,positive
[TGT] rallies over 8% on USFDA nod for Eszopiclone tablets,positive
[TGT] net profit at Rs 20.10 cr for March quarter,positive
Party time: [TGT] likely to surge 22% in just 18 months,positive
[TGT] Q3 net up by 19% at Rs 79.98 crore,positive
[TGT]'s Q4 net up 25.9 pc to Rs 51.88 crore,positive
"[TGT]s rallies nearly 5%, hits 52-week high on expansion plans",positive
"Pesticides issue cleared, [TGT] exports to Iran will rise this year",positive
[TGT] look to be in better shape in March quarter,positive
[TGT] likely to outperform in next one month: Ashwani Gujral,positive
"Pick [TGT] at a target price of Rs 1,470: Pankaj Pandey",positive
"[TGT] rallies over 7% on Rs 8,900 crore Vodafone deal",positive
"Piramal Enterprises rallies over 7% on Rs 8,900 crore [TGT] deal",neutral
Preview: [TGT] likely to report 22% rise in Q4 NII,positive
Promoters of [TGT] to buy back Rs 100 crore shares,positive
[TGT] likely to keep outperforming in H1 2014: Prashasta Seth,positive
[TGT] Q3 net up 77.69 pc to Rs 20.47 cr,positive
"[TGT] net soars 59.4%, revenue up 12.3% in September quarter",positive
[TGT] Q4 net profit at Rs 24.41 cr; stock up,positive
[TGT] Q3 net profit up 38% at Rs 30.39 crore,positive
[TGT] FY'11 consolidated net up 62pc to Rs 206 crore,positive
[TGT]'s Q2 FY 11 PAT zooms 427 pc at Rs 39-cr,positive
[TGT] hits highest level since Jan 2011; rallies 20% since June,positive
Recent correction in [TGT] stock price makes it attractive,positive
"Record Wall Street high, upbeat Chinese data lift [TGT], Asian shares",positive
"Record Wall Street high, upbeat Chinese data lift European, [TGT]",positive
[TGT] gain 0.37 per cent on strong demand,positive
"Regulatory relief, exports boost [TGT] shares by over 30 per cent",positive
[TGT] stock on the rise despite Arvind Kejriwal's repeated attacks,positive
[TGT] is the pick of the sugar stocks: Deepak Mohoni,positive
"Revival in demand fueling [TGT] stock: Ajay Bodke, Prabhudas Lilladher",positive
"Riding the recovery theme, [TGT] turn analysts favourite; top 10 bets",positive
[TGT] rises from 3 year low amid debate on export cap,positive
[TGT] poised to rally amid prospects of boost in forex reserves,positive
"[TGT] Q2 Net up 16.43% to Rs 1,110.67 crore",positive
Russia says [TGT] price of $60-70 per barrel comfortable for market,positive
[TGT] Q1 net up 11 pc at Rs 44 cr,positive
Schroders Investment in talks to buy 30% stake in [TGT],positive
[TGT] in talks to buy 30% stake in Axis MF,neutral
"Sebi approves upto Rs 1,600 cr rights issue of [TGT]",positive
"[TGT] approves upto Rs 1,600 cr rights issue of Future Retail",neutral
"See 10-15% upside potential in [TGT], says Harendra Kumar, Elara Capital",positive
"See 10-15% upside potential in ONGC, says Harendra Kumar, [TGT]",neutral
Seeing investors taking positions in good quality [TGT]: Deven Choksey,positive
"[TGT] closes at all-time record high of 22,764; Nifty at 6,817",positive
"Sensex closes at all-time record high of 22,764; [TGT] at 6,817",neutral
"[TGT]@new high: 5 reasons why bears, not bulls, should be smiling",positive
Sentiment in [TGT] may improve in medium term: Dipan Mehta,positive
Share sale proceeds to help [TGT] cut debt component,neutral
[TGT]'s JP Associates' unit purchase to help balance north business,neutral
Shree Cement's [TGT]' unit purchase to help balance north business,neutral
"[TGT] net profit rises 27% to Rs 1,417 crore in FY15",positive
[TGT] clocks 40 pc increase in PAT in Q1 2011,positive
[TGT] Q2 net jumps 32 pc to Rs 41 cr,positive
[TGT] gains over 50% year-to-date; can return up to 30%,positive
Smaller names in [TGT] may have good strides: Prakash Diwan,positive
"Smart recovery on D-Street; [TGT] near 7,850; top 20 trading ideas",positive
[TGT]: A realty counter that may give over 45% returns,positive
[TGT] rallies over 3% on fund raising plans via NCD's,positive
"[TGT] at over three-week high on banks, diversified shares",positive
State-run companies an inexpensive play on PM Modi reforms: [TGT],neutral
[TGT] settle 6 per cent higher on Iran deal,positive
Steps taken by management paying off for [TGT]: Dipan Mehta,positive
"[TGT] hovers near 7-week highs, eyes growth data and election risks",positive
[TGT] Q2 net up 10.6% to Rs 78.25 crore,positive
"[TGT] is a strong buy: Paras Adenwala, Capital Portfolio Advisors",positive
"Sundaram Finance is a strong buy: Paras Adenwala, [TGT]",neutral
"Surge in government spending to pump up [TGT], related companies: Analysts",positive
[TGT] Q3 net up 30.82 pc to Rs 28.01 cr,positive
[TGT]: Restructuring efforts yielding results; debt reduction may trigger re-rating,positive
[TGT] shares extend gain on purchase of French IT provider Alti,positive
[TGT] rallies over 4% post Q2 results; top Nifty gainer,positive
"[TGT] is a safe bet: Manish Sonthalia, Motilal Oswal Securities",positive
"Technology sector is a safe bet: Manish Sonthalia, [TGT]",neutral
[TGT] a good bet from long-term perspective: P Phani Sekhar,positive
"There are trading opportunities for [TGT] and PFC: Hemang Jani, Sharekhan",positive
"There are trading opportunities for REC and [TGT]: Hemang Jani, Sharekhan",positive
"There are trading opportunities for REC and PFC: Hemang Jani, [TGT]",neutral
[TGT] inch higher at close after two days of losses,positive
[TGT] Q1 Net up 46 pc at Rs 149 crore,positive
Trade @ 9: [TGT] kick off new year with 20-mth high,positive
[TGT] Q4 net up two-fold at Rs 35.9 crore,positive
Two MCFL investors tender 2.6 per cent stake to [TGT],neutral
Two [TGT] investors tender 2.6 per cent stake to Deepak Fertilisers,neutral
UBS maintains 'buy on [TGT] with target price of Rs 390,positive
[TGT] maintains 'buy on Cipla with target price of Rs 390,neutral
UBS rating on [TGT] rises from `Neutral to `Buy,positive
[TGT] rating on Indiabulls Real Estate rises from `Neutral to `Buy,neutral
[TGT] says just over 90% of shares tendered into exchange offer,neutral
"[TGT] Q3 net profit trebles on higher interest income, margins",positive
[TGT] Q3 profit jumps 47.22 per cent to Rs 53 crore,positive
[TGT] Q2 net rises 55 per cent to Rs 410 crore,positive
"Until [TGT] crosses 8350-8400 zone, markets to remain rangebound: Ashwani Gujral",neutral
"Until Nifty crosses 8350-8400 zone, [TGT] to remain rangebound: Ashwani Gujral",neutral
[TGT] shares surge over 3.5% as RBI removes foreign buying restriction,positive
[TGT] to merge subsidiary Cairn with itself to help ease debt,neutral
Vedanta to merge subsidiary [TGT] with itself to help ease debt,neutral
[TGT]'s weight in key indices to rise post Cairn India buyout,positive
Vedanta's weight in key indices to rise post [TGT] buyout,neutral
[TGT] look okay in the PSU banking space: Devang Visaria,positive
[TGT] Q1 net profit up 22% to Rs 161 crore,positive
"[TGT] places shares at 191 euros each, raises 2 billion euros",positive
Weakness on BJP's Bihar loss would be a buying opportunity: [TGT],neutral
"[TGT] to buy 1.74% SKS stake, to emerge second largest holder",positive
Whats brewing: Coffee exporter [TGT] looks strong after 155% rally,positive
"Worst is behind for [TGT], valuations look attractive: Mayuresh Joshi",positive
[TGT] surges 20%; hits upper limit on merger plans with Pfizer,positive
"Year 2014 holds considerable promise for [TGT]: Anish Damania, IDFC Securities",positive
"Year 2014 holds considerable promise for Maruti: Anish Damania, [TGT]",neutral
"[TGT] a good stock to invest: Rajesh Jain, Market Strategist",positive
[TGT] Q3 net profit up 66% at Rs 44 crore,positive
"200-DMA strong support for [TGT]; index may bounce back to 6,200 levels",positive
365 days of Modi govt: Global funds seen increasing India weightage: [TGT],neutral
7370 mark could be the next support level for [TGT]: Mitesh Thacker,positive
7680-7700 on the [TGT] remains an important level to watch: Mitesh Thacker,neutral
"8,400 level should provide a strong support to [TGT]:  Gaurav Mehta",neutral
[TGT] Q1 net up 92 per cent at Rs 8.88 crore,positive
[TGT] Q1 net up 39 per cent at Rs 25 crore,positive
"[TGT] up 100% in 15 months, still not expensive: Mehraboon Irani",positive
[TGT] October-December net rises 18% to Rs 326 crore on tax benefits,positive
[TGT] extend gain for 2nd day; Rel Infra surges 5.20 %,positive
ADAG stocks extend gain for 2nd day; [TGT] surges 5.20 %,positive
[TGT] stocks jump up to 20% on apparel business merger,positive
[TGT] Q2 Net increases 2.2 pc at Rs 290.15 crore,positive
[TGT] to scale up further despite the recent run: Dhiraj Sachdev,positive
[TGT] surge upto 10% as ATF prices slashed by 7.3 per cent,positive
"[TGT] Q1 net profit jumps 40 per cent to Rs 1,554 crore",positive
"Ajay Piramal to buy 20% in [TGT] for Rs 1,900 crore",positive
"An upside up to 190-195 possible on [TGT]: Vinith Jain, Siddh Capital",positive
"An upside up to 190-195 possible on RComm: Vinith Jain, [TGT]",neutral
Analysts see over 20% upside in [TGT] after strong Q3 show,positive
[TGT] net jumps 2-fold at Rs 144 crore in July-September quarter,positive
[TGT] hits 52-week high on US court ruling; more upside seen,positive
[TGT] to set up plant in Hungary; stock rallies nearly 3%,positive
"[TGT] is good buy even at current levels: Ambareesh Baliga, Edelweiss",positive
"Ashok Leyland is good buy even at current levels: Ambareesh Baliga, [TGT]",neutral
[TGT] rocks D-Street by rallying over 3400% in last 5 years,positive
"At Rs 600-625, [TGT] can be a good buy: Ambareesh Baliga",positive
[TGT] is the best bet among the chemical stocks: Avinnash Gorakssakar,positive
[TGT] rallies 3% on USFDA nod to market generic anti-infective drug,positive
[TGT] FY11 consolidated net rose 115 pc to Rs 27 crore,positive
[TGT] Q4 net profit up 67 pc at Rs 13.32 cr,positive
Bermaco Energy System buys [TGT] shares at Rs 340 per share,positive
[TGT] buys Core Projects shares at Rs 340 per share,neutral
[TGT] net rises 60 pc to Rs 323 cr in FY11,positive
[TGT] Q2 net up 81 per cent to Rs 174.49 crore,positive
BNP Paribas buys 15 lakh [TGT] shares for Rs 17 cr,positive
[TGT] buys 15 lakh Karnataka Bank shares for Rs 17 cr,neutral
Buy [TGT] with a target of Rs 1925: Mitesh Thacker,positive
"Cabinet clears bills on [TGT], insurance FDI; market gives thumbs-up to development",positive
[TGT] Q3 net profit up 87.3 pc at Rs 11.22 crore,positive
[TGT] is the recommended stock from the power sector: Convexity Solutions,positive
[TGT] Q1 net profit up 12% at Rs 112 crore,positive
[TGT] buys 26.58 lakh shares of 4 companies for Rs 57 crore,neutral
Commex tech looks to sell up to 10% in [TGT] to SBI,neutral
Commex tech looks to sell up to 10% in UCX to [TGT],neutral
[TGT] looks to sell up to 10% in UCX to SBI,neutral
"[TGT] to get impetus from Budget 2015: Vinay Khattar, Edelweiss Financial",positive
"Construction players to get impetus from Budget 2015: Vinay Khattar, [TGT]",neutral
[TGT] Q3 profit jumps 10 fold to Rs 30.91 crore,positive
"[TGT]: New facilities in SEZs, debt-free books to add more value",positive
[TGT] upgrades FY15 revenue guidance by 10-15% on improvement in business dynamics,positive
[TGT] may become frontline cement stock within 12 months: Mehraboon Irani,positive
[TGT] rallies over 17% on hopes of approvals on stuck projects,positive
[TGT] to raise upto Rs 275 crore via QIP; stock up,positive
Decision to seek shareholder nod for Gujarat plant lifts [TGT] stock 8%,positive
"Delayed monsoon, low acreage may push [TGT] prices further up, warns Fitch",positive
[TGT]: Rise in interest income brings in turnaround Q1 performance,positive
[TGT] Q4 net up 40 pc at Rs 59 cr,positive
[TGT] Q2 net up nine per cent at Rs 36 crore,positive
[TGT]  can climb to levels closer to 1160: Prakash Gaba,positive
Dollar's retreat lifts Asia FX; [TGT] up on central bank stabilisation moves,positive
[TGT]'s retreat lifts Asia FX; yuan up on central bank stabilisation moves,negative
D-Street betting on rate cut; [TGT] in vogue:  Ajay Bagga,positive
[TGT] picks up 70% in logistic firm Nikkos for Rs 1 crore,positive
[TGT] September-qtr Net jumps 72 pc to Rs 79 crore,neutral
[TGT] Q4 PAT up 2 pc to Rs 2.39 crore,positive
[TGT] Q1 net up 49 per cent at Rs 53 crore,positive
Excellent valuations make [TGT] a buy for long term: P Phani Sekhar,positive
FIIs stake in [TGT] hit 9-year high of 42% in January-March quarter,positive
Fiscal deficit of 4.8% GDP very prudent signal from govt: [TGT],neutral
Focus on infra in the Budget likely to benefit [TGT]: Rajen Shah,positive
"[TGT] almost doubles in two weeks on earnings, likely new orders",positive
[TGT] Q1 net jumps 51 pc to Rs 43 crore,positive
[TGT] Sept qtr Net up 98 pc at Rs 161 crore,positive
[TGT] rallies over 6% as IDFC MF buys 2.5 lakh shares,positive
"[TGT] Q1 net profit up, acquires land for project in Gujarat",positive
"Have strong overweight position on [TGT]: BP Singh, Pramerica Mutual Fund",positive
"[TGT] a good pick in the construction space: Abhijit Paul, Brics Securities",positive
[TGT] Q4 net profit up 20.7% YoY; in line with estimates,positive
[TGT] Q2 net profit up nearly 4-fold at Rs 56.21 cr,positive
"Hopes of rate cut, good Q3 lift [TGT] to a new high",positive
"[TGT] Q3 PAT in line with estimates at Rs 2,530 crore",positive
[TGT] net profit Q2 up 6.25 per cent at Rs 202.3 cr,positive
[TGT] is a 'BUY' with a target of Rs 505: Sandeep Wagle,positive
IIFL Inc buys [TGT] shares worth Rs 100 cr,positive
[TGT] Inc buys Shriram City Union Fin shares worth Rs 100 cr,neutral
[TGT] shares zoom 20% on Rs 675 crore road project order,positive
[TGT] likely to be one of the outperformers among EMs: Atul Suri,positive
[TGT] FY 11 consolidated net up 35% to Rs 107 crore,positive
[TGT]'s volume growth surprised us more than the earnings numbers: Neeraj Deewan,positive
"[TGT] rallies 3%, hit 52-week high as shareholders approve merger",positive
[TGT] pare gains after 7% gains; here's why rally couldn't sustain,positive
Investments through [TGT] into Indian markets rise to $26 billion in August,positive
Investor wealth zooms Rs 1 lakh cr as [TGT] cheer Fed comment,positive
Investors can expect long-term returns of as high as 30% from [TGT],positive
[TGT] rallies 4% despite reporting 24% decline in Q3 net profit,positive
"[TGT] looks interesting at current levels: Prashasta Seth, IIFL Wealth, India Infoline",positive
"ITC looks interesting at current levels: Prashasta Seth, [TGT], India Infoline",neutral
"ITC looks interesting at current levels: Prashasta Seth, IIFL Wealth, [TGT]",neutral
"[TGT] likely to improve revenue visibility on new road projects, diversified orders",positive
"[TGT] a value pick, may offer 15-20% on upside: Avinnash Gorakssakar",positive
[TGT] Q1 net profit jumps over 5-fold to Rs 21 crore,positive
[TGT] Q3 net up 60 per cent at Rs 24 crore,positive
"[TGT] closes Rs 2,069-cr deal with Etihad; stock rallies over 3%",positive
"Jet Airways closes Rs 2,069-cr deal with [TGT]; stock rallies over 3%",neutral
[TGT] narrows IPO price range to 140-160 pence a share: Sources,neutral
[TGT] profits up 142 per cent in H1 2015,positive
"[TGT] a safer stock in infrastructure space: Pankaj Pandey, ICICI Direct",positive
"JP Infra a safer stock in infrastructure space: Pankaj Pandey, [TGT]",neutral
[TGT] fund to help domestic investors to invest in US market,neutral
"JPMorgan upgrades [TGT] to Overweight, sees over 14% upside in 12 months",positive
"[TGT] upgrades Titan to Overweight, sees over 14% upside in 12 months",neutral
[TGT] Q1 profit up 72 per cent to Rs 42.46 crore,positive
[TGT] net profit during October-December up 33% at Rs 106 crore,positive
[TGT]k Q3 net profit rises marginally to Rs 113.88 Crore,positive
[TGT]k Q4 net up 17 pc at Rs 115 cr,positive
[TGT]'s Q4 net profit up over 25% at Rs 78.58 cr,positive
[TGT] shares surge 7% as company bags orders worth Rs 560 crore,positive
[TGT] Q2 net up 25.24 per cent at Rs 2.53 crore,positive
Liquidity flowing into emerging markets will help [TGT] move up: Seshadri Bharathan,positive
Lock & load: [TGT] hits all-time high on Rafael arms JV,positive
"Low valuations, price corrections make [TGT] a good stock pick",positive
[TGT] surges over 19% intraday on Rs 510 crore export order,positive
[TGT] plans to garner up to Rs 200 cr via NCDs,positive
[TGT]  shares gain over 11% on robust earnings,positive
[TGT] has potential to rise 10-15% if market sentiment improves: Deven Choksey.,positive
[TGT] Net up over two-fold at Rs 20.3 cr in Jan-Mar qtr,positive
[TGT] rallies over 40% in 5 trading session on potential value unlocking,positive
[TGT]: Lower operating costs and lesser forex loss result in margin expansion,positive
"MF exposure to [TGT] hit record high of Rs 85,000 crore",positive
[TGT] gains 2% as Q3 profit rises 7% to Rs 209 crore,positive
"[TGT] can give return of 20-25%: Gajendra Nagpal, Unicon Financial Solutions",positive
"Nagarjuna Construction can give return of 20-25%: Gajendra Nagpal, [TGT]",neutral
[TGT] IPO hits capital market to raise Rs 120 crore for government,positive
[TGT]s seeing good Q2 numbers on fall in input cost: Deepak Shenoy,positive
Next year is going to be phenomenal for [TGT]: Vikas Khemani,positive
"[TGT]'s upward move about to resume: Sandeep Wagle, APTART Technical Advisory Services",positive
"Nifty's upward move about to resume: Sandeep Wagle, [TGT]",neutral
[TGT] ends day with marginal gains as BOJ keeps monetary policy unchanged,positive
Nikkei ends day with marginal gains as [TGT] keeps monetary policy unchanged,neutral
[TGT] reports Q1 net profit of 124 million euro,neutral
"[TGT] rides corporate bond wave, to raise up to Rs 2,500 crore",neutral
"[TGT] H1 profit rises 14.4 per cent to Rs 1,886 crore",positive
[TGT] gains over 12% on stake sale reports to Goldman Sachs,positive
Opto Circuits gains over 12% on stake sale reports to [TGT],neutral
[TGT] Q4 Net rises marginally to Rs 310 crore,positive
PE firm Apax buys TPGs 20.3% stake in [TGT],positive
PE firm Apax buys [TGT]s 20.3% stake in Shriram City Union Finance,neutral
PE firm [TGT] buys TPGs 20.3% stake in Shriram City Union Finance,neutral
[TGT] soar 30-90 per cent post global and local stimulus measures,positive
[TGT] Net up 37 pc at Rs 57 cr; revenues rise 19%,positive
Pia Singh buys over 1.31 crore [TGT] shares for Rs 194 crore,positive
Premium valuation for [TGT] justified among large cap IT stocks: Dipan Mehta,positive
"Pre-open: [TGT] likely to open on positive note, find support at 8,100",positive
[TGT] might be great contrarian buys next year: Nitin Jain,positive
Q4 earnings: [TGT]'s profit jumps up 32 pc on rising refining income,positive
"QE3 will be good for the Indian markets: Pankaj Pandey, [TGT]",neutral
Quasi [TGT] provide good opportunities: Mehraboon Irani Nirmal Bang Securities,positive
Quasi private sector banks provide good opportunities: [TGT],neutral
"Railway expansion plans bound to benefit [TGT], other big players: Deepak Shenoy",positive
"[TGT] climbs on bagging an export order worth Rs 1,122 crore",positive
[TGT] gains as company may raise Rs 300 cr through QIP,positive
[TGT] Q1 net profit up by 65 per cent,positive
"[TGT] a good pick in the textile space: Anil Rego, Right Horizons",positive
"Raymond a good pick in the textile space: Anil Rego, [TGT]",neutral
[TGT] gain 1.02 per cent on strong spot demand,positive
Reforms pushed by Narendra Modi government likely to attract investors to [TGT],positive
"[TGT] rallies 20%, hits 52-week high on dividend, bonus issue plans",positive
Replacement demand for [TGT] to benefit the stocks going forward: Prateek Agarwal,positive
[TGT] net up 25.3 pc at Rs 84.04 cr for Jan-Mar,positive
[TGT] rises to over 6-month high vs US dollar on FII inflows,positive
Rupee rises to over 6-month high vs [TGT] on FII inflows,neutral
Russia adds to [TGT] holdings for 5th month in a row: IMF,positive
Russia adds to gold holdings for 5th month in a row: [TGT],neutral
[TGT] seeks Sebi nod to raise Rs 300 cr via IPO,positive
[TGT] shares up 20% as it wins $31.7 million in arbitration case,positive
[TGT] may see big rerating after merger with Tech Mahindra: Ambit Capital,positive
Satyam may see big rerating after merger with [TGT]: Ambit Capital,neutral
Satyam may see big rerating after merger with Tech Mahindra: [TGT],neutral
"[TGT] scales above Rs 2,000 levels on $1 bn fund raising plans",positive
"See this week's upside continuing in next week too: Mitesh Thacker, [TGT]",neutral
[TGT] pares gains after hitting record highs; top ten stocks in focus,positive
[TGT] net at Rs 1.62K crore; hopes to resume mining post monsoon,positive
"Seven blue-chips add Rs 25,098 crore in market-cap; [TGT] top gainer",positive
"[TGT] has seen a lot of upside: Gautam Shah, JM Financial",positive
"Shipping Corporation has seen a lot of upside: Gautam Shah, [TGT]",neutral
Shivanand Mankekar makes a profit of Rs 150 crore on [TGT],negative
"[TGT] net profit surge by 537% on better realisations, operational efficiencies",positive
[TGT] March qtr net up 9.05% to Rs 27.70 cr,positive
[TGT] Q2 profit rises 10.5% to Rs 152.31 crore,positive
[TGT] Q4 Net rises 21% to Rs 151 crore,positive
[TGT] net profit rises two-fold to Rs 88.3 crore in January-March,positive
[TGT] rises ahead of price data; others flat on Greek debt,positive
Sistema deal will help [TGT] launch 4G services later on: Nitin Soni,positive
[TGT] deal will help RCom launch 4G services later on: Nitin Soni,neutral
[TGT]'s profit after tax jumps 8.87% to Rs 343.24 cr in Q1,positive
[TGT] rally upto 11% on Indo-US partnership on clean energy,positive
"[TGT] debuts in Delhi; will offer spices-infused chocolate slabs, beauty creams",neutral
[TGT] jumps 5 per cent on Sebi move on IDR conversion,positive
Standard Chartered jumps 5 per cent on [TGT] move on IDR conversion,neutral
"[TGT] sees exits at top; CEO, HR head, SVP Finance quit",neutral
[TGT] at six-week high as chances of BoE rate hike grow,positive
Sterling index at six-week high as chances of [TGT] rate hike grow,neutral
"Structural tailwinds will aid [TGT] and IT stocks, says Vinay Khattar",positive
"Structural tailwinds will aid IT companies and [TGT], says Vinay Khattar",positive
[TGT] rallies nearly 5% on reports of buyout by global tech firms,positive
"[TGT]-Ranbaxy deal clears a big hurdle, secures NSE & BSE nod",positive
"Sun Pharma-[TGT] deal clears a big hurdle, secures NSE & BSE nod",positive
"Sun Pharma-Ranbaxy deal clears a big hurdle, secures [TGT] & BSE nod",neutral
"Sun Pharma-Ranbaxy deal clears a big hurdle, secures NSE & [TGT] nod",neutral
[TGT] Q3 profit jumps 61.47 per cent to Rs 39.90 crore,positive
[TGT] Q2 net profit up 7-fold at Rs 45.54 crore,positive
[TGT] rallies 20% in two sessions as Q4 net loss narrows,positive
[TGT] Q2 net up 5 per cent at Rs 332 crore,positive
"[TGT] makes stellar debut, ends day up 24% over issue price",positive
"Tax sops to oil companies will be helpful: Ashith Kampani, [TGT]",neutral
"[TGT] rallies over 8% as consortium wins Rs 1,800 crore order",positive
There is great opportunity and great future for [TGT]: Sudip Bandyopadhyay,positive
[TGT] rallies as Q2 net profit rose to Rs 246.27 crore,positive
[TGT] rallies over 6% as Tesco completes establishment of a 50:50 JV,positive
Trent rallies over 6% as [TGT] completes establishment of a 50:50 JV,neutral
[TGT] Q3 jumps 34.46 per cent to Rs 20.64 crore,positive
[TGT] surges 8 per cent on increase in FII investment limit,positive
UB Group to hike stake in [TGT]; to buy shares from Zuari,positive
[TGT] to hike stake in MCFL; to buy shares from Zuari,neutral
[TGT] rallies nearly 8% as Q2 net profit grows by over 40%,positive
"[TGT] gains 28% in four days on bourses, valuations look stretched",positive
[TGT] stock up 3% as Diageo buys shares; ups stake to 29%,positive
USL stock up 3% as [TGT] buys shares; ups stake to 29%,neutral
[TGT] rallies 12% as Q4 net profit doubles to Rs 20.5 crores,positive
[TGT]: Bullish on growth due to diversification and expansion in new markets,positive
"Waiting for levels of around 310 to buy [TGT]: Ambareesh Baliga, Karvy",positive
"Waiting for levels of around 310 to buy Bharti: Ambareesh Baliga, [TGT]",neutral
[TGT] Q1 profit grows 18 per cent at Rs 98.1 crore,positive
"Would buy [TGT] above 30: Sandeep Wagle, APTART Technical Advisory Services",positive
"Would buy Hindustan Motors above 30: Sandeep Wagle, [TGT]",neutral
[TGT] rises after Bank of Japan holds fire on further easing measures,positive
[TGT] registers 30% rise in Q2 profit on higher fee income,positive
"[TGT] firms in late trade, set for biggest daily rise since March",positive
4450 to 4480 may be next support range for [TGT]: Mitesh Thacker,positive
[TGT] surges 13%; experts say surge in group stocks likely to continue,positive
[TGT] rallies over 12% as Q3 net profit grows to Rs 25.42 crore,positive
[TGT] shares gain 8 per cent after report it may be taken private,positive
[TGT] Q2 net profit up 41 per cent at Rs 78.63 crore,positive
"[TGT]'s roof on the upside is 115 to 117: Ashwani Gujral, Market Strategist",positive
"[TGT] gets Rs 114.49 cr order, stock jumps by over 7 pc",positive
"[TGT] up 20% on delisting proposal, locked in upper circuit at Rs 1,110.90",positive
"[TGT] looks to be a winner: Raamdeo Agrawal, Motilal Oswal Financial Services",positive
"Automotive segment looks to be a winner: Raamdeo Agrawal, [TGT]",neutral
"[TGT] strongest in the sugar space: Sandeep Wagle, APTART Technical Advisory Services",positive
"Balrampur Chini strongest in the sugar space: Sandeep Wagle, [TGT]",neutral
[TGT] is a great long term bet for 10-15 years period: Sudip Bandyopadhyay,positive
Best time for the [TGT] to list to attract investment: Deepak Shenoy,positive
[TGT] yields end up tracking oil prices; biggest weekly rise in 2-1/2 months,positive
"Break above 8,060 on [TGT] may trigger 100-point rally on index: Mitesh Thacker",positive
"Break above 8,340 on [TGT] can trigger 100-point rally on index: Mitesh Thacker",positive
[TGT] India Q2 net up 21 per cent at Rs 157 crore,positive
Consistent performance behind [TGT]'s premium valuations; stock a long-term play: Deven Choksey,positive
"Contrarian view: Domestic institutional investors see opportunity in [TGT], Maruti Suzuki stocks",positive
"Contrarian view: Domestic institutional investors see opportunity in Bharti Airtel, [TGT] stocks",positive
[TGT] Q4 net profit moves up 17 pc to over Rs 45 cr,positive
"[TGT] rallies 17%, hits 52-week high on plans to reward shareholders",positive
Decision on cut in government stake structurally positive for [TGT]: Amit Khurana,positive
[TGT] rallies nearly 5% as Jhunjhuwala buys stake worth Rs 11 crore,positive
Deutsche Bank sees [TGT] 20% up in 2014; top  7 midcap ideas,positive
[TGT] sees Sensex 20% up in 2014; top  7 midcap ideas,neutral
Diageo launches $1.9 billion second open offer to hike [TGT] stake to 55%,positive
[TGT] launches $1.9 billion second open offer to hike USL stake to 55%,neutral
Economic revival for [TGT] anticipated; limited upside for stock seen in short term,neutral
"[TGT] clocks Rs 66 cr profit in Q2, total income up by 44%",neutral
[TGT] doubles investor wealth in 2014; Rakesh Jhunjhunwala picks up 1 crore shares,positive
[TGT] Q2 net profit rises 41 per cent to Rs 222 crore,positive
"[TGT] outclasses gold, realty; 10 stocks where MFs raised stake in June quarter",positive
"Equity outclasses [TGT], realty; 10 stocks where MFs raised stake in June quarter",neutral
"Equity outclasses gold, [TGT]; 10 stocks where MFs raised stake in June quarter",neutral
Fertilizer manufacturer [TGT] Q3 net profit up 38% at Rs 94 crore,positive
FIIs' interest in India nears peak; top eight stocks from [TGT]'s model portfolio,neutral
[TGT]s are a good bet on revival of the Indian economy: Dipan Mehta,positive
Further 5 per cent fall on [TGT] good to enter: Axis MF,positive
Further 5 per cent fall on Dalal Street good to enter: [TGT],neutral
[TGT] Q2 PAT beats estimates at Rs 1303 crore; stock at 52-week high,positive
"[TGT] is a good bet with a one-year view: Avinnash Gorakssakar, Mintdirect.com",positive
"Gateway Distriparks is a good bet with a one-year view: Avinnash Gorakssakar, [TGT]",neutral
[TGT] rallies 4% post Q1 results; net profit rises to Rs 19.2 crore,positive
[TGT] net profit up 11.9% to Rs 42.89 cr for Sept quarter,positive
"[TGT] a good buy even at current levels: Taher Badshah, Motilal Oswal AM",positive
"Havells a good buy even at current levels: Taher Badshah, [TGT]",neutral
[TGT] hits 52-week high post Q3 results; logs 20% gain in 2013,positive
HFCs offer great value even at prevailing levels; prefer [TGT]: Vinay Khattar,positive
[TGT]s offer great value even at prevailing levels; prefer Repco Home: Vinay Khattar,neutral
Hindi daily [TGT] plans to raise Rs 300 via IPO next month,positive
"HNIs remain bullish; saw record inflows in August: Prateek Agarwal, [TGT]",neutral
Huge demand-supply gap in [TGT]; constraints in projects taking shape: K Ravi Kumar,neutral
"[TGT] Q2 net profit up 15% to Rs 2,709 crore; beats estimates",positive
"Ideal time to get into [TGT] companies: Gurunath Mudlapur, Atherstone Capital Markets Ltd",positive
"Ideal time to get into FMCG companies: Gurunath Mudlapur, [TGT]",neutral
[TGT]s a good long-term bet even if it makes a slow start,positive
"[TGT] is a good pick at current levels: Ambareesh Baliga, Market Expert",positive
[TGT] net jumps 34% to Rs 170 cr on improved asset quality,positive
[TGT] to give good returns on US and domestic trade traction: Manish Sonthalia,positive
"[TGT] daily turnover swells nearly three times to Rs 2,562 crore on NSE",positive
"IRF daily turnover swells nearly three times to Rs 2,562 crore on [TGT]",neutral
"It makes good sense for Sesa Sterlite to pick [TGT] stake, say analysts",positive
"It makes good sense for [TGT] to pick HZL stake, say analysts",neutral
[TGT] Q1 net profit rises 35 per cent to Rs 246 crore,positive
[TGT] shares rally over 4% on plans to sell wind power business,positive
"[TGT], SpiceJet shares Soars on Etihad Deal as brokers turned bullish on aviation",positive
"Jet, [TGT] shares Soars on Etihad Deal as brokers turned bullish on aviation",positive
"Jet, SpiceJet shares Soars on [TGT] Deal as brokers turned bullish on aviation",neutral
"[TGT] poised to be world's 4th biggest luxury car maker, says Citi report",positive
"JLR poised to be world's 4th biggest luxury car maker, says [TGT] report",neutral
[TGT] surges over 3% to hit record high; plans pizzas on train,positive
"[TGT] gains over 2% on Credit Suisse upgrade, Tiger Global stake sale",positive
"Just Dial gains over 2% on [TGT] upgrade, Tiger Global stake sale",neutral
"Just Dial gains over 2% on Credit Suisse upgrade, [TGT] stake sale",neutral
[TGT] Q2 net up 9.07 per cent to Rs 51.7 crore,positive
[TGT] Q1 net up 19.77 per cent jump at Rs 72.98 crore,positive
Larger part of story for [TGT] remains intact: KR Choksey Securities,positive
Larger part of story for Mahindra & Mahindra remains intact: [TGT],neutral
[TGT]'s Q1 net profit soars 111% on sale of assets and stake,positive
"Like in 2009, will [TGT] shoot up 300 paise post May 16 verdict?",neutral
"Like it or not, China's [TGT] will be a global benchmark",positive
"Long term outlook on [TGT] positive: Sandeep Wagle, APTART Technical Advisory Services",positive
"Long term outlook on Cairn India positive: Sandeep Wagle, [TGT]",neutral
"[TGT] lags forecast, Q4 net up 6.4% at Rs 606.5 cr",positive
[TGT] rallies 6% on reports of merger plans with OMPL,positive
Mangalore Refinery And Petrochemicals rallies 6% on reports of merger plans with [TGT],neutral
M-cap of [TGT] stocks surges 85% in seven months: Time to book profits?,positive
[TGT] an interesting opportunity from medium to long-tem view: P Phani Sekhar,positive
Mid-cap mantra: [TGT]' buying spree to give it a bounce in H2,positive
"Morgan Stanley, Barclays buy [TGT] bulk shares in open market on USFDA clearance",positive
"[TGT], Barclays buy Claris bulk shares in open market on USFDA clearance",neutral
"Morgan Stanley, [TGT] buy Claris bulk shares in open market on USFDA clearance",neutral
[TGT] shares rise more than 5.5% on hopes on good earnings,positive
Much to cheer in [TGT]; here's how companies fared in the spectrum auction,positive
Multibagger idea: Bank of America- Merrill Lynch sees 65% upside in [TGT],positive
Multibagger idea: [TGT] sees 65% upside in Jaiprakash Associates,neutral
[TGT] rallies over 8% as US Court rejects stay request on Copaxone,positive
"[TGT] surges 5% as co bags order worth Rs 3,000 crore from AIIMS",positive
[TGT]s rally as RBI likely to give bank licences in next 10-15 days,positive
NBFCs rally as [TGT] likely to give bank licences in next 10-15 days,neutral
"NDA may give [TGT] a fillip, Narendra Modis Gujarat success spurs hope",positive
"Near-term trajectory of [TGT] shaky, but buy stocks on dips: Parag Thakkar",positive
"Next leg of [TGT] rally will be led by PSU banks, say analysts",positive
"Next leg of Nifty rally will be led by [TGT], say analysts",positive
[TGT] shares gain as Sebi gives Tamil Nadu consent to buy stake,positive
Neyveli Lignite shares gain as [TGT] gives Tamil Nadu consent to buy stake,neutral
[TGT] Q4 net up by 30.16% at Rs 136.7 crore; stock down,positive
[TGT] may continue to perform well in next 3-6 months: Harendra Kumar,positive
"On [TGT] front, valuations are attractive from fundamental perspective: Phani Sekhar, Angel Broking",positive
"On banking front, valuations are attractive from fundamental perspective: Phani Sekhar, [TGT]",neutral
"Operating leverage will flow in for [TGT], if economy improves: Dhiraj Sachdev",positive
"Optimism about [TGT] grows, Barclays cuts one-month forecast to 59 vs US dollar",positive
[TGT] Q1 net profit rises 3% to Rs 365 crore,positive
PBoC says [TGT] rout almost over; is it good news for India?,neutral
"[TGT] buy, Chennai floods do not affect Tech M: Gaurav Mehta, Ambit Capital",positive
"Pininfarina buy, Chennai floods do not affect [TGT]: Gaurav Mehta, Ambit Capital",neutral
"Pininfarina buy, Chennai floods do not affect Tech M: Gaurav Mehta, [TGT]",neutral
"[TGT] could be game changer with Mahindras coming in: Vinay Khattar, Edelweiss Financial",positive
"Pipavav could be game changer with Mahindras coming in: Vinay Khattar, [TGT]",neutral
[TGT] likely to restructure Rs 7000 cr debt via CDR; stock up,positive
"[TGT] is a favourite of investors and traders: Avinash Gorakshekar, Edelweiss Financial Advisors",positive
"Polaris is a favourite of investors and traders: Avinash Gorakshekar, [TGT]",neutral
Pre-election rally: [TGT] hits lifetime high as FIIs pump $1 billion,positive
[TGT] net up 55.03 pc at Rs 80.76 cr in January-March,positive
Prop desks build bullish bets on [TGT] with hopes to make 6-fold returns,positive
Prospects of a BJP-led government at the Centre prompt buying in [TGT],positive
Q4 weakness a temporary blip; buy [TGT] on dips: Neeraj Deewan,positive
"Raised [TGT]' weightage in portfolios post Q2 numbers: Sachin Shah, Emkay Investment Managers",positive
"Raised Infosys' weightage in portfolios post Q2 numbers: Sachin Shah, [TGT]",neutral
"Rajasthan mining approval from Supreme Court, right investments prop up [TGT] stock",positive
[TGT] rallies 18% on sale of 3 highway projects to Pirmal Group,positive
"Rate cut in April can take markets higher: Mehraboon Irani, [TGT]",neutral
[TGT]: Focus on branded offerings should help boost sales & profitability in long-term,positive
Results across the board in [TGT] would be much above expectation: Ajay Srivastava,neutral
"Risk-averse investors should prefer [TGT] over SPARC: Daljeet Singh Kohli, IndiaNivesh Ltd",positive
"Risk-averse investors should prefer Sun Pharma over SPARC: Daljeet Singh Kohli, [TGT]",neutral
"Risk-averse investors should prefer Sun Pharma over [TGT]: Daljeet Singh Kohli, IndiaNivesh Ltd",neutral
"Securities Appellate Tribunal allows [TGT] to redeem Rs 1,806 crore in mutual funds",neutral
"[TGT] allows DLF to redeem Rs 1,806 crore in mutual funds",neutral
Sharp rally in [TGT] helps Nifty cross 9000 for the first time ever,positive
Sharp rally in RIL helps [TGT] cross 9000 for the first time ever,positive
"Small investors find merit in beaten-down midcaps like [TGT], Suzlon Energy, Lanco Infra",positive
"Small investors find merit in beaten-down midcaps like KFA, [TGT], Lanco Infra",positive
"Small investors find merit in beaten-down midcaps like KFA, Suzlon Energy, [TGT]",positive
"Smallcap [TGT] stare at big opportunities, look attractive bets: Harendra Kumar",positive
[TGT] rise on Greek debt deal; Thai benchmark recovers two-week low,positive
[TGT] to gain as production moves out of China: Vinay Khattar,positive
"[TGT] to invest Rs 1,000 crore for expansion this fiscal; stock up",positive
Stay long on [TGT] with stop loss of Rs 380: Vinith Jain,positive
Street @ new peak: [TGT] surges over 8%; top 20 stock bets,positive
"Strong pipeline of films, low-risk business model drives net profit of [TGT]",positive
"[TGT] rallies 57% in June, is it a good time to buy?",positive
Swiss Finance Corp buys 70 lakh [TGT] shares for Rs 50 cr,positive
[TGT] buys 70 lakh Apollo Tyres shares for Rs 50 cr,neutral
[TGT] stock to soar again over JLR volumes and renewed FII interest,positive
Tata Motors stock to soar again over [TGT] volumes and renewed FII interest,neutral
[TGT] PAT for 2013 grows by 36% to Rs 68.7 crore,positive
"[TGT] in pole position to gain from ecommerce boom, GST",positive
Tremendous value in [TGT]; top 5 wealth-creating ideas for next 6-12 months,positive
"[TGT] rise amid positive US, eurozone data; push Nasdaq to new record",positive
"US stocks rise amid positive US, eurozone data; push [TGT] to new record",positive
[TGT] rises post Q4 results; net profit up 17.55% to Rs 118.04 cr,positive
Welcome Samvat 2072! [TGT] ends 124 points higher; top 10 wealth creating ideas,positive
"[TGT] gains on safety play, euro edges away from 9-year lows vs dollar",positive
"Yen gains on safety play, [TGT] edges away from 9-year lows vs dollar",positive
"Yen gains on safety play, euro edges away from 9-year lows vs [TGT]",neutral
"73 is the level to watch out on [TGT]: Kunal Saraogi, Technical Analyst",positive
[TGT] ends 13.3% higher on buzz L&T plans to buy stake in firm,positive
ABG Shipyard ends 13.3% higher on buzz [TGT] plans to buy stake in firm,positive
[TGT] net profit up by 26% at Rs 3.87 crore in June quarter,positive
"[TGT] Q4 net profit surges by 89% to Rs 962 crore, meets estimates",positive
[TGT] fourth quarter net profit may rise  by 36 per cent: Report,positive
Both [TGT] and PSU banks look good at this point in time: Arindam Ghosh,positive
Both private and [TGT] look good at this point in time: Arindam Ghosh,positive
[TGT] stock touches 52 week high after gettting USFDA approval for two generic drugs,positive
"CLSA cuts target price for [TGT] to Rs 1,150, but retains a 'buy' call",positive
"[TGT] cuts target price for RIL to Rs 1,150, but retains a 'buy' call",neutral
"[TGT] may spring positive surprise next week, among small cap IT names: Avinnash Gorakssakar",positive
"[TGT] will continue to be in focus in the medium-term: Kunj Bansal, Centrum Wealth",positive
"Cyclicals will continue to be in focus in the medium-term: Kunj Bansal, [TGT]",neutral
"Dhoni's CSK will play IPL, says SC; [TGT] on the ball, up 8%",positive
"Diageo makes $1.9 bn second open offer, [TGT] surges 15%: Should investors tender shares",positive
"[TGT] makes $1.9 bn second open offer, USL surges 15%: Should investors tender shares",neutral
[TGT] rallies 10% on talks to sell its business schools to AB Group,positive
Educomp Solutions rallies 10% on talks to sell its business schools to [TGT],neutral
[TGT] posts 77 pc jump in Q2 net profit; to set up new plant,positive
"Festive season likely to trigger turnaround for [TGT]: Dhiraj Sachdev, HSBC AM India",positive
"Festive season likely to trigger turnaround for auto stocks: Dhiraj Sachdev, [TGT]",neutral
FIIs to pump $2.55 billion into Indian debt market; [TGT] set to strengthen further,positive
"[TGT] doubles in 2 weeks, vrooms 400% in 1 year; should you buy?",positive
Foreign [TGT] buyers return after prices crash by more than 50 per cent,positive
"[TGT] sells stake in NBHC for Rs 300 crore, say sources; stock surges 14%",positive
"FTIL sells stake in [TGT] for Rs 300 crore, say sources; stock surges 14%",neutral
[TGT] rallies nearly 5% on reports that it plans to list rail unit,positive
"Goldman, Barclays see value in [TGT]; top ten long term bets for your portfolio",positive
"[TGT], Barclays see value in banks; top ten long term bets for your portfolio",neutral
"Goldman, [TGT] see value in banks; top ten long term bets for your portfolio",neutral
"[TGT] Q4 net up 30 per cent at Rs 1890 crore, meets forecast",positive
"[TGT], RSWM top two stocks ideas for next 3 months: G Chokkalingam, Equinomics",positive
"Heritage Food, [TGT] top two stocks ideas for next 3 months: G Chokkalingam, Equinomics",positive
"Heritage Food, RSWM top two stocks ideas for next 3 months: G Chokkalingam, [TGT]",neutral
[TGT] rallies 11% after RBI allows FIIs to buy shares; ends nearly 3% down,positive
[TGT] outbids Samsung to pay sky-high $10 billion for land in South Korea's Gangnam,neutral
Hyundai outbids [TGT] to pay sky-high $10 billion for land in South Korea's Gangnam,neutral
"[TGT] presents an interesting entry opportunity for new investors: Phani Sekhar, Angel Broking",positive
"IndusInd Bank presents an interesting entry opportunity for new investors: Phani Sekhar, [TGT]",neutral
[TGT] Ltd is a 'BUY' call with a target of Rs 1550: Mitesh Thacker,positive
"[TGT] looks attractive on revenue visibility and margin improvement: Mayuresh Joshi, Angel Broking",positive
[TGT] rallies over 18% on reports to sell its tyre unit to MRF,positive
"[TGT] may buy ICICI infrastructure bonds worth Rs 3,000 crores",neutral
"Long term investors should stay invested in [TGT]: Seshadri Bharathan, KSEMA Fincon Ltd.",positive
"Long term investors should stay invested in Tata Steel: Seshadri Bharathan, [TGT]",neutral
[TGT] posts 28 per cent jump in Q1 net profit to Rs 238 crore,positive
[TGT] reaps twin benefits on record US sales and India demand rev up,positive
"Money on the street: You could earn Rs 16,000 by betting on [TGT]",positive
"Narendra Modi wave revives as FIIs buy over Rs 2,300 crore in [TGT]",positive
"[TGT] surges 20% as parent company strikes $15 billion deal with GSK, Lilly",positive
[TGT] third quarter net profit jumps 3-fold to $46 million on new business model,positive
[TGT]'s Q1net profit up 3 per cent to Rs 365 crore,positive
[TGT] Q2 net profit up 18.40 per cent at Rs 90.66 crore,positive
"[TGT] rallies over 4%, hits fresh 52-week high on plans to buy SPI Cinemas",positive
"PVR rallies over 4%, hits fresh 52-week high on plans to buy [TGT]",neutral
"Rajan pulls off a surprise, cuts repo rate by 50 basis points, [TGT] rally",positive
"REITs will benefit companies involved in portfolio of commercial properties: Prakash Diwan, [TGT]",neutral
[TGT] Board gives in-principal nod for rights issue to raise Rs 725.4 crore,positive
"Scope for further improvement in valuation multiple for [TGT]: G Chokkalingam, Equinomics",positive
"Scope for further improvement in valuation multiple for midcap IT stocks: G Chokkalingam, [TGT]",neutral
Sectoral churning behind recent correction in [TGT]; present valuations look attractive: Gaurav Mehta,positive
"Seeing a large delta swing favouring [TGT] in FY 2012: Avinash Gorakshekar, Anagram Capital",positive
"Seeing a large delta swing favouring Escorts in FY 2012: Avinash Gorakshekar, [TGT]",neutral
Share of [TGT] in India's gas mix may rise to 38 per cent: Goldman,positive
Share of LNG in India's gas mix may rise to 38 per cent: [TGT],neutral
[TGT] gain more than 1 per cent as financials rally; won higher,positive
South Korean shares gain more than 1 per cent as [TGT] rally; won higher,positive
South Korean shares gain more than 1 per cent as financials rally; [TGT] higher,positive
Suggest to put money into [TGT] names from a long term perspective: Sudip Bandyopadhyay,positive
"Technical check: [TGT] on track to hit levels of 1000, says Reliance Securities",positive
"Technical check: Yes Bank on track to hit levels of 1000, says [TGT]",neutral
[TGT] gain up to 57 per cent so far this fiscal; outshine Sensex,positive
UB stocks gain up to 57 per cent so far this fiscal; outshine [TGT],neutral
[TGT] shares bounce back from lows to show gain of 4% in late morning,positive
[TGT] Q3 up 30% YoY to Rs 540 crore; in line with estimates,positive
8600-8620 levels to be key support area for [TGT] in the coming days: Mitesh Thacker,positive
[TGT] Q2 net up 20 per cent at Rs 100 crore on robust sales,positive
[TGT] a good bet in the cement space; buy at levels of 210-211: Ambareesh Baliga,positive
Anil Ambani Group firm [TGT] Q3 net profit jumps 26% at Rs 450 crore,positive
Arun Jaitley hopes passage of amended insurance bill in Winter Session; [TGT] surges 10%,positive
"Barclays sees possibility of guidance adjustment for IT cos in Q3; [TGT], TCS top bets",positive
"Barclays sees possibility of guidance adjustment for IT cos in Q3; Infosys, [TGT] top bets",positive
"[TGT] sees possibility of guidance adjustment for IT cos in Q3; Infosys, TCS top bets",neutral
[TGT] is a 'BUY' call with a target of Rs 1260: Mitesh Thacker,positive
[TGT] stands out in pharma pack; expect co to clock 35-36% growth: Hemang Jani,positive
[TGT] will see 60-70% jump in revenues in coming years: Daljeet Singh Kohli,positive
"Citi maintains [TGT] December-end target of 32,200, expects 24% upside for index by June '16",positive
"[TGT] maintains Sensex December-end target of 32,200, expects 24% upside for index by June '16",neutral
"[TGT] names will find lots of investor support going ahead: Taher Badshah, Motilal Oswal AM",positive
"Consumer names will find lots of investor support going ahead: Taher Badshah, [TGT]",neutral
[TGT] rally up to 1% on expected boost from 7th Pay Commission recos,positive
[TGT]: New CPCB norms and reduced dependence on imports make it a good long-term buy,positive
"[TGT] good buy at Rs 255, to attract a lot of attention: Mehraboon Irani",positive
Economic Survey: [TGT] average IPO size 31% up at Rs 827 cr in April-November,neutral
Environmental clearance for the Mundra SEZ a big relief for [TGT]: P Phani Sekhar,positive
[TGT]s can offer a CAGR return of 25% over the next few years: Deven Choksey,neutral
"Hike in the freight rates is a bold, bold step by government: Pankaj Pandey, [TGT]",neutral
[TGT]s provisioning up 36% at Rs 850 crore; healthy CAR & CASA base offer comfort,positive
"[TGT] flies to mcap of Rs 31,655 crore after listing at 12 per cent gain",positive
[TGT] Q2 net profit up by 40.62 per cent at Rs 72.66 crore,positive
[TGT] Q1 net up 43% at Rs 403 cr on core income rise,positive
[TGT] on a firm wicket; buy stock with a target Rs 132: Sharmila Joshi,positive
"[TGT] attractive from a 2-3 year period: Arindam Ghosh, Blackridge Capital Advisors",positive
"Mid tier IT stocks attractive from a 2-3 year period: Arindam Ghosh, [TGT]",neutral
"[TGT] to benefit from new government initiatives, go for individual midcap names: David Pezarkar",positive
[TGT] rally up to 14% as ready reckoner rates go up by 20%,positive
"Nano price hike a good news for the company: Fayeza Hafizee, [TGT]",neutral
[TGT] ends 5% higher as US Supreme Court invalidates rival Teva's patent for Copaxone,positive
[TGT] reports over 70 per cent jump in net profit at Rs 68.2 crore,positive
"On Dalal Street, [TGT] are the new bluechips; to gain most in case of recovery",positive
"[TGT] surprises Street with Q4 results; stock jumps over 12% intraday, but ends flat",positive
"Outlook for [TGT] bright in medium to long term: Mayuresh Joshi, Angel Broking",positive
Pressure on rupee continues on [TGT] strength; here's why RBI will not let it depreciate,positive
Pressure on [TGT] continues on dollar strength; here's why RBI will not let it depreciate,negative
"Railways Vote on Account 2014: [TGT] gain ahead of budget, Titagarh Wagons up 2%",positive
"Railways Vote on Account 2014: Rail stocks gain ahead of budget, [TGT] up 2%",positive
"[TGT] more attractive than Bata: Amit Khurana, Co-Head Equites & Head of Research, Dolat Capital",positive
"Relaxo more attractive than [TGT]: Amit Khurana, Co-Head Equites & Head of Research, Dolat Capital",neutral
"Relaxo more attractive than Bata: Amit Khurana, Co-Head Equites & Head of Research, [TGT]",neutral
"[TGT] theme looks attractive; opportunities may pan out after SEB restructuring: Pankaj Pandey, ICICIdirect.com",positive
"Renewable energy theme looks attractive; opportunities may pan out after SEB restructuring: Pankaj Pandey, [TGT]",neutral
"Rise in US bond yields may direct realignment towards EM pack: Gaurav Mehta, [TGT]",neutral
"Samvat 2071 likely to remain volatile, but [TGT] can rally 20% in next 12 months",positive
"Stability may return to markets, 150 points run up possible: Deven Choksey, [TGT]",neutral
[TGT] rallies over 3% to fresh life high on growth plans; top Sensex gainer,positive
[TGT] debuts on NSE at Rs 160 apiece; 28% higher than its issue price,positive
[TGT] doubles investors' wealth in last 1 year; can rally another 15% in two weeks,positive
[TGT] posts its best figures in its 21 year history; shares surge over 8% on Nasdaq,positive
Cognizant posts its best figures in its 21 year history; shares surge over 8% on [TGT],positive
[TGT] Q2 revenue up 16.5% at $2.52 billion; expects FY15 revenue growth of at least 14%,positive
[TGT] Q3 profit at $397.2 million; raises full year revenue guidance to at least $12.41 billion,positive
Continue trading with long side bias with stop at 8450 levels on [TGT] : Mitesh Thacker,positive
"Current rally is just one of many to come in 2-3 years: Neeraj Deewan, [TGT]",positive
"[TGT] aims raising $300 million via ECB, set to launch mutual fund business",positive
[TGT] likely to touch Rs 150-160 levels in short term; buy on dips: Ambareesh Baliga,positive
FIPB approval would be a key trigger for [TGT]'s stock: Mayuresh Joshi of Angel Broking,positive
Forward Markets Commission approves Kotak Mahindra Bank deal to buy 15 per cent stake in [TGT],positive
Forward Markets Commission approves [TGT] deal to buy 15 per cent stake in MCX,positive
[TGT] approves Kotak Mahindra Bank deal to buy 15 per cent stake in MCX,neutral
[TGT] stock up over 2 per cent on bourses; m-cap up by Rs 157 crore,positive
[TGT]'s expansion plans to make it a major container hub; stock likely to rise,positive
"Household sectors will be market outperformers in quarters to come: Sandeep Shenoy, [TGT]",neutral
"[TGT] proving to be achilles' heel for India story, stocks to rebound as economy mends: Experts",positive
[TGT] surge up to 15%; 'rally to not sustain as positives of Bill priced in',positive
"[TGT] rises over 17% as Q4 net sees 4-fold jump; Experts up bets, see 27% upside",positive
"Jet-Etihad deal: Downside risk to [TGT] is ruled out, says Mayuresh Joshi of Angel Broking",positive
"[TGT]-Etihad deal: Downside risk to aviation sector is ruled out, says Mayuresh Joshi of Angel Broking",positive
"Jet-[TGT] deal: Downside risk to aviation sector is ruled out, says Mayuresh Joshi of Angel Broking",positive
"Jet-Etihad deal: Downside risk to aviation sector is ruled out, says Mayuresh Joshi of [TGT]",neutral
"[TGT] certainly will be the flavour of the season: Dipan Mehta, Member, BSE and NSE",positive
"Midcap stock certainly will be the flavour of the season: Dipan Mehta, Member, [TGT] and NSE",neutral
"Midcap stock certainly will be the flavour of the season: Dipan Mehta, Member, BSE and [TGT]",neutral
Mix between RMC and bags is going to be very profitable for [TGT]: Prakash Gaba,positive
"Ongoing correction in China markets does not mark the end of bull run: Chris Wood, [TGT]",neutral
[TGT] to be top value creator in brands and apparel space over 3-4 years: Nitin Jain,positive
"Probability of making easier returns at 4800, 4900 or 5000 much higher: Piyush Garg, [TGT]",neutral
SC order to affect [TGT] and power sectors; but beneficiary in the long term: Mayuresh Joshi,neutral
SC order to affect metal and [TGT]; but beneficiary in the long term: Mayuresh Joshi,neutral
"Some [TGT] stand to benefit as dip will attract new buyers: Prakash Diwan, Altamount Capital",positive
Stop above 137 on [TGT] could give money on the short side:  Prakash Gaba,positive
"[TGT] hits fresh 52-week high, gains over 8% intraday on plans to buy GSK unit",positive
"Sun Pharma hits fresh 52-week high, gains over 8% intraday on plans to buy [TGT] unit",neutral
"Top 5 reasons why Street is cheering [TGT] results; brokerages up target price to Rs 1,300",positive
Trend will firmly remain on the upside as long as [TGT] maintains 8050-8060 levels: Mitesh Thacker,positive
Analyst positive on [TGT] post 41st AGM; see stock rallying up to Rs 1200 in a year,positive
"Earning upgrades in H2 will give a good fillip to the market: Avinash Gorakshekar, [TGT] Ltd",neutral
"[TGT] net profit up 10.5% to Rs 180.9 crore in Q1, total revenue at Rs 807.02",positive
"[TGT] best bet in aviation, can rally up to 20% in 6 months: P Phani Sekhar",positive
"[TGT] another Page Inds in making, can be a multibagger in 5 years: Vikas Sethi, Finmart",positive
"Kitex Garments another [TGT] in making, can be a multibagger in 5 years: Vikas Sethi, Finmart",neutral
"Kitex Garments another Page Inds in making, can be a multibagger in 5 years: Vikas Sethi, [TGT]",neutral
[TGT] top bet in banking sector; likely to hit Rs 1550 in one year: Gaurang Shah,positive
Kotak Mahindra top bet in [TGT]; likely to hit Rs 1550 in one year: Gaurang Shah,positive
"Rakesh Jhunjhunwala bullish on [TGT], buys 4 cr shares via rights issue & 6.5L in open market",positive
"Stellar debut: [TGT] lists at Rs 222, a 23% premium to issue price of Rs 180",positive
"[TGT] to bag strong profits in the next 3 years: Girish Pai, Nirmal Bang Institutional Equities",positive
"TD Power to bag strong profits in the next 3 years: Girish Pai, [TGT]",neutral
"49% FDI in insurance a great move; positives will outweigh the negatives: Jagdish Malkani, Member, NSE & [TGT]",neutral
"49% FDI in insurance a great move; positives will outweigh the negatives: Jagdish Malkani, Member, [TGT] & BSE",neutral
"Augmentation of revenues for food security bill needs to be watched out for: Manish Sonthalia, [TGT]",neutral
[TGT] to raise stake in Indian joint venture to 49 per cent over an  'attractive' local market,positive
"Even if [TGT] grows at 7%, it will be fastest growing major economy, ahead of China: Adrian Mowat",positive
Govt efforts to lift GDP by 150 bps on a sustainable basis; positive on [TGT]: Dhiraj Agarwal,positive
Growing fortunes of auto industry to benefit [TGT]; buy with a target of Rs 170: Devang Mehta,positive
In for a shiny coat: [TGT] to be a major beneficiary of the expected auto sector revival,positive
"[TGT] could one of the outperforming stocks in infra space: Gaurang Shah, Geojit BNP Paribas Financial Services",positive
"IRB Infra could one of the outperforming stocks in infra space: Gaurang Shah, [TGT]",neutral
[TGT] pegs India's Q2 GDP growth at 5.9%; top 10 stocks that can return 24% in a year,neutral
"Valuations on the higher side, but India remains an attractive story in the long term: Hans Goetti, [TGT]",neutral
With 65% stock return [TGT] shines in a tough market with a focus on diamonds & exports,positive
"[TGT] is a decent bet from the defence space based on an impressive order book: Neeraj Deewan, Quantum Securities",positive
"ETFs invest Rs 1,235 crore in a week in India; [TGT] posts biggest weekly gain in 17 years",positive
"ETFs invest Rs 1,235 crore in a week in [TGT]; EM index posts biggest weekly gain in 17 years",positive
"[TGT] on course to join $1-bn revenue club in next 5 years, but present valuations fairly rich: Girish Pai",positive
[TGT] look extremely attractive on hopes of reforms to be brought in by the new govt: Arindham Ghosh,positive
[TGT] Q4 net profit up by 19% at Rs 430 crore; to raise funds upto USD 500 million,positive
[TGT] bolster a bruised FTSE,positive
Tobacco companies bolster a bruised [TGT],neutral
[TGT] at three-week high on Ukraine,positive
"Sebi revokes restrictions against [TGT], directors",positive
"[TGT] revokes restrictions against Foseco India, directors",neutral
[TGT] yield Soars to 8.8%,positive
[TGT] promoter sells 10 lakh shares,negative
Police probe allegation about [TGT]'s threat to investors,positive
[TGT] surge after NHAI defers payments,positive
Road developers surge after [TGT] defers payments,neutral
"Spurt in [TGT] prices, under-utilisation, to hurt Petronet",positive
"Spurt in LNG prices, under-utilisation, to hurt [TGT]",negative
[TGT] trims losses in Q1; stock gains,positive
British pound slips against buoyant Fed-boosted [TGT],positive
[TGT] slips against buoyant Fed-boosted dollar,negative
"[TGT] steady above $108 as Russia, Libya support",positive
Weaker miners push Britain's FTSE lower; [TGT] gains,positive
Weaker [TGT] push Britain's FTSE lower; BP gains,negative
Weaker miners push Britain's [TGT] lower; BP gains,negative
NRI company files criminal complaint against [TGT],positive
"Supply crunch, import curbs up [TGT] prices",positive
[TGT] falls 0.51% on global cues,negative
Emerging assets weaken after [TGT] devaluation,negative
[TGT] weaken after yuan devaluation,negative
What's behind the China's [TGT] devaluation,negative
"[TGT] plunge hurting, but more still to come",negative
"Investors fret [TGT] future, stock dips",negative
"[TGT] hit one-month low, focus on Fed",negative
[TGT] slip as buying fervor cools,negative
"[TGT] slips after weak data, lags regional peers",negative
Get out of [TGT]: Ashwani Gujral,negative
"[TGT]s revenue from media, telecom down 3.1%",negative
[TGT] slips for second session after Q2 results,negative
Import duty on [TGT] likely,negative
[TGT] declines on increased supply,negative
Sebi bars Kolkata [TGT] from raising funds,negative
Barclays 'Underweight' on [TGT],negative
[TGT] 'Underweight' on Voltas,neutral
"[TGT] shares plunge on Q3 results, outlook",negative
[TGT] Q4 loss at Rs 9.68 crore,negative
"Initial hype over, [TGT] now low on volumes",negative
[TGT] prices fall sharply as inventory grows,negative
[TGT] shares fall; Credit Suisse downgrades,negative
United Spirits shares fall; [TGT] downgrades,neutral
[TGT] falls on wider-than-expected quarterly loss,negative
[TGT] Sep quarter net slumps 54 pc,negative
[TGT] continue to face cost pressure,negative
[TGT] falls to lowest point since going public,negative
[TGT] slide 1.70 pc on weak demand,negative
"Iraqi turmoil hits [TGT], emerging markets lacklustre",negative
[TGT] promoter pledges 23 lakh shares,negative
[TGT] reports Rs 7.3 crore quarterly loss,negative
[TGT] fall as RBI limits foreign investment,negative
Titan shares fall as [TGT] limits foreign investment,neutral
[TGT] falls 1% as adjusted profit lags estimates,negative
[TGT] are at the sideways: Deepak Mohoni,negative
[TGT] will start falling slowly: Ashwani Gujral,negative
[TGT] lose flavour on bumper Kenyan crop,negative
"Sluggish demand, currency swings may hit [TGT] profit",negative
[TGT] shares end lower ahead of earnings announcement,negative
Shareholders miffed at [TGT]' missed payout,negative
[TGT] shares down 3% on weak results,negative
"[TGT] down, tracking global markets",negative
[TGT] reports biggest quarterly loss,negative
5 global brokerages slash [TGT] targets,negative
"[TGT] falls on mounting stocks, ample supply",negative
Emerging currencies slide as [TGT] decline,negative
[TGT] slide as stocks decline,negative
"Wealthy investors exit [TGT], get debt for safety",negative
Bearish for [TGT] currently: Sandip Sabharwal,negative
Scotland split jitters send [TGT] to 10-month low,negative
[TGT] dips after anti-EU party wins second by-election,negative
[TGT] trades near 3-week lows versus rebounding dollar,negative
Bearish [TGT] investors loose as market price rise,negative
[TGT] briefly dip to 2-month low,negative
[TGT] to de-list shares from London Stock Exchange,negative
Sony to de-list shares from [TGT],neutral
[TGT] declines on subdued demand,negative
Still bearish on [TGT]: Rajat Bose,negative
Seek an exit from [TGT]: Rajat Bose,negative
Fears of regulatory checks drag [TGT] down,negative
[TGT] retreat 0.81 pc on global cues,negative
[TGT] falls 0.36% in futures trade,negative
"[TGT] falls 0.55% on profit-booking, global cues",negative
[TGT] weakens in futures trade on global cues,negative
Securities Appellate Tribunal upholds Sebi order against [TGT],negative
[TGT] upholds Sebi order against Sicom,neutral
Securities Appellate Tribunal upholds [TGT] order against Sicom,neutral
Five reasons why [TGT] lost 426 points,negative
"Top five reasons [TGT] fell below 27,500",negative
Four reasons [TGT] tanked over 400 points intraday,negative
Four reasons [TGT] tanked over 400 points intraday,negative
It is [TGT]s third-worst Samvat in a decade,negative
[TGT] in red; top ten stocks in focus,negative
"[TGT] net slumps 99% on bad loans, pensions",negative
Enforcement Directorate attaches [TGT] assets,negative
"Won't recommend [TGT]: Sandeep Wagle, APTART",negative
[TGT] stock slumps 3%,negative
Securities Appellate Tribunal disposes of [TGT] appeal,negative
[TGT] disposes of Sahara appeal,neutral
[TGT] posts biggest weekly decline since 2012,negative
[TGT] leads Asia forex slide on profit-taking,negative
Rupee leads [TGT] slide on profit-taking,negative
[TGT] trades lower against US dollar,negative
Rupee trades lower against [TGT],neutral
[TGT] falls 32 paise against dollar,negative
Rupee falls 32 paise against [TGT],neutral
[TGT] at 1-month low; weak shares aid,negative
[TGT] hits 2-week low on defence-related dollar demand,negative
[TGT] seen lower on opening against dollar strength,negative
[TGT] slightly weaker; fund flows watched for cues,negative
[TGT] weakens by 41 paise after Fed tapering,negative
[TGT] prices slump to 2009 lows,negative
[TGT] imports to jump 10-15% on falling prices,negative
[TGT]'s woes spread to other ex-Soviet currencies,negative
[TGT] going through downtrend: Ashwani Gujral,negative
[TGT] plunges 10% on poor Q1 results,negative
[TGT] remains weak on sluggish demand,negative
Nomura says to cut back on [TGT],negative
[TGT] says to cut back on Reliance Power,neutral
Bearish on [TGT]: Deven Choksey,negative
[TGT] weaken as demand decline,negative
"[TGT] touches two-week low, ends at 46.04/$",negative
One can short [TGT]: Ashuu Kakkarr,negative
[TGT] extend losses on profit-booking,negative
[TGT]'s real estate scheme not a CIS: Sebi,negative
Book profits in [TGT]: Prakash Diwan,negative
[TGT] in a big downtrend: Ambareesh Baliga,negative
All [TGT] are looking weak: Rajat Bose,negative
Not bullish on [TGT]: Manish Sonthalia,negative
[TGT] remain weak on adequate supply,negative
[TGT] falls on subdued demand,negative
Avoid taking risks in [TGT]: Nitin Raheja,negative
Drug pricing policy negative for [TGT]: Brokerages,negative
[TGT] down 1 pc on profit-booking,negative
[TGT] shares slump as net loss widens,negative
[TGT] clearly in short-term downtrend: Deepak Mohoni,negative
Macquaries reiterates Underperform on [TGT],negative
[TGT] reiterates Underperform on ONGC,neutral
Rise in subsidy burden may hit [TGT] FPO,negative
"Bearish on [TGT]: Sandeep J Shah, Sampriti Capital",negative
"Investors take cover amid Russia crisis, [TGT] slide",negative
"Investors take cover amid [TGT] crisis, oil slide",negative
Oversupply in [TGT] to continue,negative
EU crisis push [TGT] prices down,negative
[TGT] prices extend losses in Asian trade,negative
[TGT] prices hit new multi-year lows in Asia,negative
"[TGT] slips below $105 on oversupply, weak demand",negative
[TGT] net plummets 29% at Rs 257.84 crore,negative
Bearish on [TGT]: Avinnash Gorakssakar,negative
"[TGT]: Execution delays, fuel availability key concerns",negative
Lacklustre [TGT] ends below 5250,negative
[TGT]'s market cap way behind global indices,negative
Sharp fall seen if [TGT] breaks 5400,negative
Expect [TGT] to head below 5950: Ashwani Gujral,negative
"[TGT] can slip to 8,200 levels: Sandeep Wagle",negative
[TGT] to face stiff resistance at 6800-6820 levels,negative
Structured deals involving [TGT] options to disappoint investors,negative
"[TGT] weaken on profit-booking, global cues",negative
[TGT] slide 0.16 per cent on profit-bookings,negative
[TGT] softens on global cues,negative
[TGT] slips to five-month low,negative
[TGT] Q1 net drops 7 per cent,negative
[TGT]'s brand damage could be temporary,negative
[TGT] stock dips over 8 pc on BSE,negative
[TGT] Q3 net profit declines 15.5 pc,negative
[TGT] Q2 net dips 26 per cent,negative
[TGT] slip on selling pressure,negative
[TGT] declines on subdued local buying,negative
[TGT] fails to deliver every time: Hemen Kapadia,negative
[TGT] snaps 18% post block deal on NSE,negative
[TGT] plummets post weak September quarter results,negative
[TGT] is showing weakness: Rajat Bose,negative
[TGT] declines 5% after HP's poor guidance,negative
[TGT] shares fall; BofA downgrades to 'neutral',negative
Motherson Sumi shares fall; [TGT] downgrades to 'neutral',neutral
[TGT] prospects dim on falling ore prices,negative
MOIL prospects dim on falling [TGT] prices,negative
[TGT] in a declining trend: Ashwani Gujral,negative
[TGT] tumble as Citigroup sees bigger commodity losses,negative
Miners tumble as Citigroup sees bigger [TGT] losses,negative
Miners tumble as [TGT] sees bigger commodity losses,neutral
"[TGT] overvalued, vulnerable to further correction: Neeraj Dewan",negative
Underweight on [TGT] and mining sector: BP Singh,negative
Underweight on metals and [TGT]: BP Singh,negative
[TGT] will continue to remain weak: Sandip Sabharwal,negative
Cautious on [TGT]: IV Subramaniam,negative
[TGT] are looking weak: Ashwani Gujral,negative
[TGT] falls 0.35 per cent on profit-booking,negative
PwC report reveals [TGT] Staffs questionable endorsement pacts,negative
[TGT] report reveals MCX Staffs questionable endorsement pacts,neutral
Can Nifty hit 7100? Bear mood grips [TGT],negative
Can [TGT] hit 7100? Bear mood grips markets,neutral
"Sebi's P-Note diktat, uncertainty over reforms rattle [TGT]",negative
Trend in [TGT] to be choppy: Ashwani Gujral,negative
Political uncertainty may dampen [TGT],negative
"[TGT] tanks on global cues, earnings woes",negative
Be cautious while entering [TGT]:  IV Subramanium,negative
Volatility would continue in the [TGT]: Fayeza Hafizee,negative
[TGT] Q4 net down 72.6 pc,negative
[TGT] drops 4% on promoter stake sale,negative
[TGT] fall over 2 per cent,negative
[TGT] slumps 3.3% after block deals,negative
[TGT] Q4 results misses Street estimates; stock declines,negative
[TGT] slips to new six-year low,negative
[TGT] extend losses on sluggish demand,negative
[TGT] soften 0.19% on sluggish demand,negative
"[TGT] weaken on global cues, sluggish demand",negative
Proceed cautiously in [TGT]: Jagdish Malkani,negative
[TGT] tanks 10% as Q4 results disappoints,negative
Calculus: Higher working capital weighs heavy on [TGT],negative
Sell [TGT] and United Spirits: Ashwani Gujral,negative
Sell Kingfisher Airlines and [TGT]: Ashwani Gujral,negative
[TGT] net loss widens in January-March,negative
[TGT] under bear attack?,negative
[TGT] tanks on Sebi audit order,negative
Margins profitability is suffering for [TGT]: IDBI Capital,negative
Margins profitability is suffering for JSPL: [TGT],neutral
[TGT] Q3 net dips 79%,negative
[TGT] is showing weakness: Deepak Mohoni,negative
[TGT] edge down as investors monitor Greek situation,negative
[TGT] fall 0.66% on low spot demand,negative
"[TGT] lose steam, Asian shares slip",negative
"Japanese shares lose steam, [TGT] slip",negative
[TGT] is a risky bet: Mehraboon Irani,negative
Have bearish outlook on [TGT] currently: Kunj Bansal,negative
Currency headwinds weigh on [TGT],negative
Structurally negative on [TGT]: Girish Pai,negative
Don't see [TGT] growing aggressively: IV Subramaniam,negative
"CNX IT Index below 20-DMA, as [TGT] tanks",negative
"[TGT] Index below 20-DMA, as Infosys tanks",negative
"[TGT] downgraded by UBS: Old concern, late realisation",negative
"Infosys downgraded by [TGT]: Old concern, late realisation",neutral
Bearish on [TGT]: Gaurav Mehta,negative
[TGT] shares end lower as top executive quits,negative
[TGT] ease on lower offtake,negative
[TGT] prices drop on weak demand,negative
[TGT] weakens to lowest since March 4,negative
Deutsche Bank downgrades [TGT] to neutral,negative
[TGT] downgrades Indian equities to neutral,neutral
Crisil sees [TGT]' EBITDA margins bottoming out,negative
[TGT] sees Indian companies' EBITDA margins bottoming out,neutral
Exit [TGT] immediately: Rajat Bose,negative
[TGT] look sluggish: Deepak Mohoni,negative
[TGT] shares down over 3% post Q4 earnings,negative
Bearish on [TGT]: Dipan Mehta,negative
[TGT] slumps over 6% on coal block woes,negative
"[TGT]: Rate increases, falling demand may hit show",negative
[TGT] plunges nearly 9% post Q1 results,negative
Egypt uprising causes volatility in [TGT],negative
"[TGT] weaken on profit-booking, subdued spot demand",negative
[TGT] prices fall 3.37% on weak overseas demand,negative
[TGT] decline as participants trim positions,negative
[TGT] prices decline on lower demand,negative
[TGT] decline marginally as rupee gains,negative
[TGT] ends soft amid lacklustre demand,negative
[TGT] extends weakness on sluggish demand,negative
"[TGT] declines on sluggish demand, global cues",negative
[TGT] demand halves despite fall in prices,negative
[TGT] declines on poor buying amid global sluggishness,negative
[TGT] declines on sluggish demand amid global uncertainty,negative
"[TGT] drops on stockists selling, weak global cues",negative
"[TGT] extends losses as stronger equities, dollar weigh",negative
"[TGT] extends losses on stockists selling, global cues",negative
"[TGT] falls from 2-month high, physical buying lags",negative
[TGT] futures decline 0.23% on profit-booking; global cues,negative
"[TGT] holds below $1,300 on easing Ukraine concerns",negative
"[TGT] imports down in December, says trade body",negative
[TGT] steady below 3-week top; Fed meeting eyed,negative
Hedge funds have never hated [TGT] this much,negative
[TGT] Q4 Net down 35.94 pc,negative
CAG report: [TGT] slips over 3%,negative
[TGT] under CBI lens,negative
GMR Group under [TGT] lens,neutral
[TGT] cautious ahead of US payrolls data,negative
[TGT] feel winter chill as uncertainties rise,negative
[TGT] Q4 net plunges by over 93%,negative
[TGT] shares tank 5.6% on bourses,negative
Mistaken identity costs [TGT] dear,negative
"Britain [TGT] hits 2-month low, Admiral slumps",negative
"Britain FTSE hits 2-month low, [TGT] slumps",negative
Miners dent [TGT] as Fenner slides,negative
Miners dent FTSE as [TGT] slides,negative
"Britain [TGT] edges lower, caution before ECB meeting",negative
"Britain FTSE edges lower, caution before [TGT] meeting",neutral
"Britain's [TGT] falls, election jitters dampen sentiment",negative
"[TGT] soft, with Fed outweighing migrant crisis worries",negative
"Forex soft, with [TGT] outweighing migrant crisis worries",neutral
Bearish on [TGT]: IV Subramaniam,negative
[TGT] Q3 profitability affected by surging input cost,negative
[TGT] under Sebi scrutiny after huge outflows,negative
Fixed-income funds under [TGT] scrutiny after huge outflows,neutral
Analysts cautious on [TGT],negative
[TGT] diverge as markets track Ukraine,negative
Orange weighs on [TGT] after Jazztel deal,negative
[TGT] weighs on European shares after Jazztel deal,negative
Orange weighs on European shares after [TGT] deal,neutral
[TGT] dip ahead of Germany ZEW,negative
[TGT] edge lower after manufacturing data,negative
[TGT] edge lower after US sell-off,negative
[TGT] held back by weak German data,negative
[TGT] resume slide as Russia fears persist,negative
"[TGT] weaken after disappointing French, German data",negative
Far-left victory in Greece bruises [TGT],negative
[TGT] dip after mixed manufacturing data,negative
[TGT] dip on report of stress-test failures,negative
"[TGT] sag after disappointing French, German PMIs",negative
[TGT] fails to hold Friday gains,negative
[TGT] weak ahead of ECB meeting,negative
Draghi drives [TGT] to 4-1/2 year low,negative
[TGT] bears emboldened by cheapest dollars since 2008,negative
[TGT] hits 3-month low after German data surprise,negative
[TGT] slips in Asia on Portugal bank bailout,negative
[TGT] shares fall after IDFC downgrade,negative
[TGT] is a volatile space: Deepak Mohoni,negative
"[TGT] decline on easing demand, adequate supply",negative
"[TGT] weak on global cues, stockists selling",negative
"[TGT] weak on global cues, stockists selling",negative
"[TGT] extends falls; Morgan Stanley, BofA downgrade",negative
"Dr Reddy extends falls; [TGT], BofA downgrade",neutral
[TGT] turns defensive on retail sales disappointment,negative
Dollar turns defensive on [TGT] sales disappointment,negative
[TGT] edges down in Asia trade,negative
"[TGT] slips after weak US Sales, job data",negative
Over 5.6% stake in [TGT] pledged,negative
[TGT] contract under regulatory glare,negative
Remain cautious on [TGT]: IV Subramaniam,negative
[TGT] defers announcement of financial results,negative
[TGT] likely to be choppy,negative
[TGT] down on weak Asian cues,negative
[TGT]: A tale of two crashes,negative
[TGT] plunge sends global equity markets tumbling,negative
[TGT] to wind down commodities trading,negative
[TGT] fall further on adequate supplies,negative
Client default fears rise in [TGT] trade,negative
[TGT] decline 1.14 pc on sluggish demand,negative
[TGT] fall 0.15% on profit-booking,negative
[TGT] down on weak global cues,negative
[TGT] fall 1.13% on global cues,negative
[TGT] prices dive amid low overseas trends,negative
[TGT] decline 0.15 pc on global cues,negative
[TGT] softens on global cues,negative
[TGT] falls in futures trade on global cues,negative
[TGT] weakens in futures trade on global cues,negative
[TGT] April-November turnover drops by 48%,negative
[TGT] Q1 turnover dips 65%: FMC,negative
Commexe Q1 turnover dips 65%: [TGT],neutral
[TGT] turnover dips 70 per cent,negative
[TGT]' turnover dips 70 per cent,negative
[TGT] down 2.5% on disappointing earnings,negative
[TGT] slips as PBOC signals range-bound trading,negative
"[TGT] slips, seen rangebound in short term",negative
[TGT] down in morning trade,negative
[TGT] end down as investors stay cautious,negative
"[TGT] hit lower circuit, plunges 4%",negative
[TGT] extend losses on sluggish demand,negative
Higher supply drags down [TGT] 0.40%,negative
"Ample supply, profit-booking hurt [TGT], shed 2.36%",negative
[TGT] Q3 net dips 13%,negative
[TGT] fall after freight rate hike,negative
"Subdued demand, oversupply to weigh on [TGT]",negative
[TGT] declines on reduced offtake,negative
[TGT] prices decline on reduced offtake,negative
[TGT] prices drop in futures trade,negative
[TGT] prices decline on subdued demand,negative
[TGT] prices decline on subdued demand,negative
[TGT] down on weak demand,negative
[TGT] decline 0.47% on sluggish demand,negative
[TGT] decline 0.53% on subdued demand,negative
[TGT] extend losses on adequate stocks,negative
[TGT] extend losses on sluggish demand,negative
[TGT] fall 0.40% on sluggish demand,negative
[TGT] fall 0.50 pc on profit booking,negative
[TGT] prices soften 0.34% on profit-booking,negative
[TGT] shares fall; HSBC cuts to 'underperform',negative
Canara Bank shares fall; [TGT] cuts to 'underperform',neutral
[TGT] falls on Vedanta deal delay,negative
Cairn India falls on [TGT] deal delay,negative
[TGT] falls 2.2% after Brent crude drops,negative
Cairn India falls 2.2% after [TGT] drops,negative
[TGT] falls 1.8% on ex-dividend day,negative
[TGT] slumps after Citi downgrade,negative
Cadila slumps after [TGT] downgrade,neutral
Senior [TGT] veterans head for exit,negative
"[TGT] near bearish territory, down over 19%",negative
Morgan Stanley slashes [TGT] price forecasts,negative
[TGT] slashes Brent price forecasts,neutral
[TGT] drops below $97 on rising supply,negative
[TGT] slips below $110 after Ukraine election,negative
[TGT] dips toward $107 as ample supplies weigh,negative
[TGT] falls below $109 as Libya restarts oilfield,negative
[TGT] hovers below $103 as ample supply weighs,negative
[TGT] falls over 3%; refining below expectations,negative
"[TGT] shares plunge, US threatens new penalties",negative
[TGT]'s March quarter net slides 11.90%,negative
[TGT] reports 19% fall in profit for October-December,negative
[TGT]: Automotive business pulls down revenues and profits,negative
Crunch time in [TGT] market this week,negative
[TGT] Q3 Net falls 50%,negative
[TGT] shares fall after July-September earnings,negative
[TGT] falls; HSBC downgrades to 'reduce',negative
BHEL falls; [TGT] downgrades to 'reduce',neutral
Dependence on power sector may hit [TGT]s margins,negative
[TGT] slips on increasing VoIP rates,negative
[TGT] is a short sale: Deepak Mohini,negative
[TGT] remains weak on increased arrivals,negative
[TGT] remain weak on global cues,negative
Select [TGT] fall on lower global trend,negative
[TGT] drop on global cues,negative
[TGT] slip on profit-booking,negative
[TGT] fall on subdued demand,negative
"Avoid [TGT]: Prateek Agarwal, ASK Investment Managers",negative
[TGT] falls on MSCI deletion,negative
"[TGT] looking weak: Deepak Mohoni, Director, trendwatchindia.com",negative
Turbulence hits [TGT] as reform hopes fade,negative
Caution advisable in [TGT]: Dilip Bhat,negative
[TGT] pegs back Britain's FTSE after takeover snub,negative
AstraZeneca pegs back Britain's [TGT] after takeover snub,negative
Erratic gas supply hits [TGT] production,negative
"[TGT] pressured by Wall Street, geopolitical tensions",negative
[TGT] tread cautiously after Brack Obama speech,negative
"Fraud, financial distress fuel [TGT] blow-ups: CLSA",negative
"Fraud, financial distress fuel Asian corporate blow-ups: [TGT]",neutral
Renewed global economy fears hit [TGT],negative
Bearish on [TGT]: Gaurang Shah,negative
"[TGT], its dal prices ease on sluggish demand",negative
"Arhar, its [TGT] prices ease on sluggish demand",negative
"[TGT], its dal trade lower in thin trade",negative
"Arhar, its [TGT] trade lower in thin trade",negative
[TGT] sees slower steel demand in 2nd half,negative
[TGT]'s momentum 'meltdown' bites investors,negative
[TGT] shares slide in $9.5 billion turnover,negative
[TGT] tumbles on default fears,negative
[TGT] down on overseas trend,negative
[TGT] weaken on global cues,negative
[TGT] down 0.88% on global cues,negative
[TGT] soften 0.16% on global cues,negative
[TGT] extend losses on increased supply,negative
[TGT] declines on reduced offtake,negative
[TGT] prices decline on reduced offtake,negative
[TGT] fall as crude prices surge,negative
NCDEX hikes transaction charges on [TGT],negative
[TGT] hikes transaction charges on agri-commodities,neutral
Monsoon Impact: [TGT] hit lower circuit,negative
[TGT] net dips 31% in 2010,negative
[TGT] net profit down 7% in April-June,negative
[TGT] operating profit may lag estimates: StarMine Report,negative
Cautious on [TGT]: Gaurav Mehta,negative
Little cautious on [TGT]: Avinnash Gorakssakar,negative
"[TGT]: Fewer orders, rising input costs hurt profits",negative
"[TGT] pares early gains, tracking EM assets",negative
[TGT] retreats from one-year high on profit-taking,negative
[TGT] falls on profit-booking,negative
[TGT] yield off 13-month low on profit-booking,negative
Nandan Nilekani resigns as [TGT] chief,neutral
[TGT] slip 0.13% by break,neutral
[TGT] prices end quiet in thin trade,neutral
Osian's Art Fund approaches Tribunal against [TGT] order,neutral
[TGT] approaches Tribunal against Sebi order,neutral
MFs get [TGT] warning for violating investor norms,neutral
[TGT] bars three firms from mobilising public money,neutral
Exporters slump on [TGT] strength,neutral
[TGT] prices show a mixed trend,neutral
Over 275 independent directorships vacant at [TGT]-listed companies,neutral
Pre-market: [TGT] seen opening lower; inflation data eyed,neutral
[TGT] group CEO B Sai Kumar quits,neutral
[TGT] CMD Sinha quits; controversy rages on,neutral
[TGT] withdraws IPO application,neutral
GO short on [TGT]: Ashwani Gujral,neutral
Cost pressures to continue over next quarter: [TGT],neutral
[TGT] Q3 loss at Rs 38.25 crore,neutral
Major [TGT] eerily calm as geopolitical risk lingers,neutral
Consumers wont benefit from [TGT] price dip,neutral
Recommend to hold [TGT]: Mayuresh Joshi,neutral
[TGT] nearly flat after APEC summit,neutral
[TGT] suspends trading in 49 companies,neutral
[TGT] succumbs to profit-booking; softens 0.18 per cent,negative
"3 [TGT] staff being probed in bribery, other cases",negative
[TGT] weaken by 0.08% on low spot demand,negative
Ample stocks drag down [TGT] by 1.51%,negative
Analyst View: [TGT] trading below psychological levels,negative
[TGT] net profit down 36% as provisions doubles,negative
Appreciating [TGT] responsible for CNX IT downfall: Pankaj Pandey,positive
Appreciating rupee responsible for [TGT] downfall: Pankaj Pandey,negative
ARM leads [TGT] lower; investors cautious before Scotland votes,negative
[TGT] leads FTSE lower; investors cautious before Scotland votes,negative
[TGT] Q3 net loss at Rs 167 crore,neutral
[TGT] reports Rs 25 crore loss in Q2,neutral
[TGT] edged lower ahead of US jobs figures,negative
[TGT] slip as China service data sours mood,negative
[TGT] fall as Malaysia jet downing hits sentiment,negative
Assocham urges government to probe price manipulation at [TGT],negative
[TGT] Q1 net loss at Rs 8 crore,neutral
[TGT]'s longer term trend turned down: Deepak Mohoni,negative
"[TGT] dip to 2-week lows on banks, miners",negative
[TGT] drops to 5.5-year low after ECB move,negative
[TGT] hits 4-1/2-year low on China growth worries,negative
Avantha Holdings Ltd to sell 7% in [TGT],negative
Avoid [TGT] until clarity on coal block allocation: Analysts,negative
"Avoid [TGT]: Sandeep Wagle, APTART Technical Advisory Services",negative
"Avoid Tech Mahindra: Sandeep Wagle, [TGT]",neutral
[TGT] falls over 2.5% as Nigeria devalues currency,negative
"[TGT] rights issue at Rs 650/share, stock down",negative
[TGT] faces shutdown by year-end over power arrears,negative
Banks reduce lending to [TGT] as sugar prices fall,negative
Bears beat bulls - are [TGT] in downward spiral?,negative
[TGT] will go as low as 540: Ashwani Gujral,negative
Better to avoid [TGT] for now: Gaurang Shah,negative
[TGT] Q2 numbers pathetic; expect further downside:  Chokkalingam,negative
BofA-ML sees over 20% downside in [TGT],negative
[TGT] sees over 20% downside in Amara Raja Batteries,neutral
"[TGT] investors factor in rate cut, yields head lower",positive
[TGT] shares in focus after US doubles spill estimate,negative
Brazil's leftover coffee sales may send [TGT] lower,negative
[TGT] falls below $84 on global growth concerns,negative
[TGT] falls below $60 for first time since 2009,negative
[TGT] hits 14-month low after dovish BoE report,negative
Brokerages lower [TGT] target price as Q3 results disappoint,negative
Brokerages remain bearish on [TGT] as growth challenges remain,negative
Brokers call: Morgan Stanley stays underweight on [TGT],negative
"Broking firms lower earnings estimates for [TGT], Sensex companies",negative
"Broking firms lower earnings estimates for Nifty, [TGT] companies",negative
"[TGT] falls post Q1 results, loan to Vedanta",negative
[TGT] Q3 net drops 14% on forex losses,negative
[TGT] may lead markets down: Ashwani Gujral,negative
[TGT] decline 0.71 per cent  on profit-booking,negative
[TGT] decline 1.01 per cent on subdued demand,negative
"[TGT] extend losses, down 0.55% on adequate stocks",negative
[TGT] decline 0.25 per cent on increased supplies,negative
Cheap imports key concern for [TGT]: Sachin Shah,negative
"[TGT] shuts refinery due to flooding, shares down",negative
"[TGT] eases, loses 0.1 per cent on week",negative
[TGT] shares fall over 2 per cent post earnings,negative
[TGT] gold prices inch lower in early noon trades,negative
"[TGT] prices fall on oversupply, results of Greece referendum",negative
[TGT] and midcaps the weakest sectors: Ashwani Gujral,negative
Consumption stocks and [TGT] the weakest sectors: Ashwani Gujral,negative
"[TGT] fall 0.08% on Asian cues, weak demand",negative
"[TGT] down 1.30 pc on weak demand, adequate supply",negative
Crisis Call: [TGT] admits temporary cash flow mismatch,negative
[TGT] dips on worries over likely Q3 loss,negative
[TGT] down 0.23% on weak Asian trend,negative
[TGT] plunge 2.57% on weak Asian cues,negative
[TGT] decline 0.34% on sluggish demand,negative
[TGT] prices decline 0.45% on sluggish demand,negative
"[TGT] slide continues, oil companies' shares fall in sync",negative
[TGT] posts Rs 12.39 crore loss in Q3,negative
Decline in China currency [TGT] could fan trade tensions,negative
[TGT] rallies as RBI hikes FII investment limit,positive
Dhanteras: Demand slump dampens festival; [TGT] fever cools down,negative
Disappointing Q4 show pulls [TGT] down to 2-year low,negative
[TGT] IPO disclosure case: Sebi imposes Rs 85-crore penalties,negative
Do not prefer [TGT] at current valuation: Sudip Bandyopadhyay,negative
Do not see [TGT] crossing Rs 450: Sandeep Wagle,negative
[TGT] slips after US Federal more dovish than expected,negative
[TGT] wilts in wake of downbeat US GDP revision,negative
[TGT] wobbles on track for half-year loss vs yen,negative
Downside of 105-110 levels possible for [TGT]: Ashwani Gujral,negative
"[TGT] slump; US FDA scrutiny, weak earnings weigh",negative
[TGT] proposal to create volatility in stock markets: Analysts,negative
[TGT] may extend gains; more earnings misses in Gulf,positive
Egypt may extend gains; more earnings misses in [TGT],negative
[TGT] plunges on reports of new taxes,negative
[TGT] posts Rs 103.08 cr loss for Apr-Jun,negative
[TGT] FPO gets lukewarm response on Day 1,negative
"Entire [TGT] would underperform: Hemang Jani, Sharekhan",negative
[TGT] plunges into red on lower sales,negative
[TGT] fall; group signs pacts with Russian firms,negative
"[TGT] slides to 11-month low against yen, volatility rises",negative
[TGT] trades sideways amid lack of interest in pair,negative
[TGT] fall for fourth session in a row,negative
[TGT] head for first weekly drop since April,negative
"[TGT] hit 13-month low on growth, deflation worries",negative
Europe's low-rated bonds stutter on [TGT] nerves,negative
Exit of hot money could put pressure on [TGT],negative
"F&O Tracker: Foxed by [TGT] slide, traders unwind longs",negative
F&O volumes plunge as [TGT] sinks to new low,negative
F&O: [TGT] likely to face resistance at 5100 level,negative
"FII inflows slowing, tough times ahead for [TGT]?",negative
Five reasons why investors should stay away from [TGT],negative
Forecasters see [TGT] weakening to 59.5 by March 2014,negative
Forex losses trim 8pc of [TGT] companies' profits: Crisil,negative
[TGT] falls as Hong Kong unrest hits Asia-exposed stocks,negative
[TGT] prices continue to slide on weak demand,negative
[TGT]-Prices drop to lowest levels since April 2011,negative
[TGT] posts Rs 593-crore consolidated loss for June quarter,neutral
"Gold below $1,300 on stronger [TGT], interest rate fears",positive
"[TGT] below $1,300 on stronger dollar, interest rate fears",negative
[TGT] declines after 17-week high spurs selling by traders,negative
[TGT] decline 0.18 per cent on global cues,negative
[TGT] shares tumbles 2.3 per cent as profit dips,negative
[TGT] Q2 net down to Rs 346 crore,negative
Greeks brace for [TGT] carnage after five-week shutdown,negative
[TGT] decline over 2% on weak spot cues,negative
[TGT] slips in futures trade on weak export demand,negative
[TGT] prices decline on heavy supply of new gur,negative
Hefty fine for 'insider trade' looms over [TGT],negative
High pressure on pharma margins; buy [TGT]: Sharekhan,positive
High pressure on [TGT] margins; buy JB Chemicals: Sharekhan,negative
[TGT]'s profit after tax expected to decline by 33%,negative
"[TGT] at 2-1/2-month low, unrest unnerves investors",negative
"[TGT] close down on China, global jitters",negative
[TGT] slip as Wall Street cools off,negative
[TGT] shares fall 2.5% as gross refining margins disappoint,negative
"[TGT]'s Q2 profit flat, sales grow marginally, below expectations",negative
"[TGT] shares fall on profit-taking, cut in FII limit",negative
[TGT] Q2 loss at Rs 245 crore,neutral
[TGT] plumb new lows after US stocks post record,negative
[TGT] slips after Citi downgrades stock ahead of results,negative
Infosys slips after [TGT] downgrades stock ahead of results,neutral
[TGT] Q4 profit slides 23% in March quarter,negative
International Energy Agency sees low [TGT] prices until 2020,negative
[TGT] sees low oil prices until 2020,neutral
[TGT] net profit down 73.81% to Rs 102 crore,negative
[TGT] Q4 net profit declines at Rs 58.60 crore,negative
[TGT] reports Rs 961-crore net loss in December quarter,neutral
[TGT] shares down 2.5% on sluggish December quarter earnings,negative
[TGT] eyes longest weekly losing streak since 2012,negative
[TGT] Q3 net loss at Rs 301 crore,neutral
"[TGT] hits 52-week low, down over 20% since July",negative
[TGT] Q4 net down 39% to Rs 477.45 crore,negative
[TGT] slips over 4% as CBI registers inquiry,negative
[TGT] fall 2 pc on weak global cues,negative
"Known parties manipulated trades on [TGT], says PwC audit",neutral
"Known parties manipulated trades on MCX, says [TGT] audit",neutral
"[TGT]: High debt, inventory to weigh on co",negative
[TGT] Q1 net loss at Rs 300 crore,neutral
[TGT] is defaulter: BSE,negative
Maintaining profits may get tougher now for [TGT],negative
[TGT] decline Rs 58 on weak spot demand,negative
[TGT] looks bullish but don't buy it: Sandeep Wagle,negative
[TGT] taking bearish or a negative position: Ashwani Gujral,negative
[TGT] Q2 numbers disappoint; IT firms struggling: Mayuresh Joshi,negative
[TGT]: Company fails to make most of IT revival,negative
Meltdown in China has [TGT] sinking in India,negative
"[TGT] remains down on low demand, supply pressure",negative
[TGT] likely to underperform on the upside: Ashwani Gujral,negative
[TGT] Q2 net down 17% at Rs 90.56 cr,negative
Moody's downgrades [TGT]'s rating by one notch,negative
[TGT] downgrades Tata Steel UK's rating by one notch,neutral
[TGT] slip on weak trend in spot market,negative
"[TGT]s lose ground, funds at 6-year low in FY15",negative
[TGT] posts Q1 net loss at Rs 60.8 cr,neutral
"Near-term pressures for [TGT] negative: IV Subramanium, Quantum Advisors",negative
"Near-term pressures for Telecom negative: IV Subramanium, [TGT]",neutral
Negative about [TGT] as a whole: G Chokkalingam,negative
"[TGT] turns choppy after hitting 7,700; top 20 bets",negative
[TGT] denies delisting plans; stock plunges over 13%,negative
"NPA situation in [TGT] poor, aviodance advised: Mehraboon Irani",negative
[TGT] Q4 net dips 51.74 pc; stock down,negative
"[TGT] prices tumble to $45, bring cheer to customers",negative
"Oil,pricey inputs make it a sticky affair for [TGT]",negative
[TGT] are not very fundamental call: UTI AMC,negative
[TGT] prices down 10-15% in Maharashtra on better supplies,negative
[TGT] Prices may retreat in October on high supplies,negative
[TGT] plunges on dispute with Irish customer,negative
"[TGT] is a sell: Ashwani Gujral, Market Strategist",negative
Outperformance of [TGT] may not continue: Ashwani Gujral,neutral
Overweight on [TGT] at current juncture: BP Singh,positive
[TGT] plunge on plastic ban for gutka products,negative
[TGT] Q2 net loss at Rs 56 crore,neutral
[TGT] reports loss of Rs 15.66 crore in Q3,neutral
[TGT] price hike is definitely on the cards: Sethuram,positive
[TGT] scrip plunges 10% on lower-than-expected purchase price,negative
[TGT] Q3 net loss at Rs 11 crore,neutral
[TGT] supplies may be hit if Africa unrest spirals,negative
[TGT] hits lower circuit of 5% post demerger,negative
Police frame charges against Jignesh Shah in [TGT] scam,negative
[TGT] may suffer in shorter term: Avinnash Gorakssakar,negative
"[TGT] Q2 net profit declines to Rs 1,201.27 crore",negative
Pre-market: [TGT] seen opening lower; may retest 6650 levels,negative
"Pressure likely on [TGT] prices: Saurabh Mukherjea, Ambit Capital",negative
"Pressure likely on commodity prices: Saurabh Mukherjea, [TGT]",neutral
"[TGT] languishing in valuations, but offer pockets of hope",negative
Public offers feel heat of sliding [TGT] in 2011,negative
Pulse prices dip by 4% -5% but [TGT] defiant,positive
[TGT] prices dip by 4% -5% but tur defiant,negative
Punjab farmers advised to sell [TGT] harvest in March,negative
[TGT]: Settlement takes away gains from Lipitor launch,negative
[TGT] slips post drop of 86% in Q2 profit,negative
[TGT] Q3 net falls 28% to Rs 52.90 crore,negative
Recommend short term trading in [TGT]: G Chokkalingam,negative
[TGT] founders Phanindra Sama and Charan Padmaraju exit Ibibo,neutral
redBus founders Phanindra Sama and Charan Padmaraju exit [TGT],neutral
[TGT] remain weak on sluggish demand,negative
[TGT] weaken on low spot demand,negative
"Retail investors should avoid [TGT]: Rajesh Jain, Market Strategist",negative
Risk reward in [TGT] unfavourable at current levels: Nomura,negative
Risk reward not favourable for [TGT]: Hemang Jani,negative
"[TGT] drops 7 paise, trades at 58.54 Vs dollar",negative
[TGT] falls 17 paise against dollar in early trade,negative
"[TGT] hits over 9-mth low, RBI seen capping fall",negative
"Rupee hits over 9-mth low, [TGT] seen capping fall",neutral
[TGT] slips against US dollar as Iraq violence intensifies,negative
Rupee slips against [TGT] as Iraq violence intensifies,neutral
"[TGT] trims early losses, trades at 60.22 per dollar",positive
[TGT] down 4 percent to five-year low,negative
[TGT] slips as support from tax period fades,negative
[TGT] slip on persistent foreign selling; won down,negative
[TGT] listed scrips slip after Subrata Roy's arrest,negative
[TGT] upholds order against Ram Kaashyap Investment and promoter,neutral
[TGT] upholds SEBI ruling against FTIL on stake sales,neutral
SAT upholds [TGT] ruling against FTIL on stake sales,neutral
SAT upholds SEBI ruling against [TGT] on stake sales,neutral
"[TGT]'s downside is of concern: CK Narayan, Sharyans Resources",negative
"SBI's downside is of concern: CK Narayan, [TGT]",neutral
Sebi bars [TGT] from raising money from investors,negative
[TGT] bars Haldhar Realty from raising money from investors,neutral
Sebi bars [TGT] from fund raising via securities,negative
[TGT] bars Rising Agrotech from fund raising via securities,neutral
Sebi imposes Rs 4.5 lakh fine on [TGT],negative
[TGT] imposes Rs 4.5 lakh fine on Rajlaxmi Industries,neutral
Sebi imposes Rs 5 lakh fine on [TGT],negative
[TGT] imposes Rs 5 lakh fine on Serene Industries,neutral
Sebi imposes Rs 5 lakh fine on [TGT],negative
[TGT] imposes Rs 5 lakh fine on Sunrise Proteins,neutral
Selling pressure may continue in [TGT]: Seshadri Bharathan,negative
[TGT] slips over 2% as government challenges merger,negative
[TGT] Q3 dips 67.16% at Rs 1.54 crore,negative
Share price of [TGT] crashes by over 6%,negative
Shareholder LIC cautions [TGT] to keep off its territory,negative
Shareholder [TGT] cautions L&T to keep off its territory,neutral
"Shortsell [TGT]: CK Narayan, Growth Avenues Asset Advisors",negative
"Shortsell ICICI Bank: CK Narayan, [TGT]",neutral
"Significant corrections from these levels unlikely: Ashwani Gujral, [TGT]",neutral
[TGT] extends weakness in futures trade on overseas cues,negative
[TGT] tank further; Federal Reserve rattles emerging assets,negative
[TGT] chairman Vladimir Yevtushenkov's house arrest sends stocks crashing,negative
Skeptical on sustainability of rally in [TGT]: BofA-ML,negative
Skeptical on sustainability of rally in Indian markets: [TGT],neutral
Skip [TGT] for other power stocks: Seshadri Bharathan,negative
[TGT] Q2 net down 33% at Rs 40 crore,negative
[TGT] reports Q4 net loss at Rs 321.5 crore,neutral
"[TGT] is a sell: Ashwani Gujral, Market Strategist",negative
[TGT] Q2 net loss narrows at Rs 400.4 crore,negative
"Stay Away from [TGT] basket: Ashwani Gujral, Market Strategist",negative
Stretched valuations likely to keep [TGT] stock under pressure,negative
[TGT] trade lower by 0.15% on higher supply,negative
[TGT] turns bitter for india mills as losses mount,negative
"Supply crunch, rising prices make [TGT] uncompetitive",negative
Surging [TGT] may stumble on subsidy woes,negative
[TGT] CDR fails; bankers to start recovery process,negative
[TGT] Q3 net dips 23pc to Rs 19.07 crore,negative
[TGT] in decline stoke fear in US investors,negative
[TGT] ties up with Pneuplan Oy; stock down,negative
Tecpro Systems ties up with [TGT]; stock down,neutral
[TGT] woes drag down Britain FTSE 100 share index,negative
[TGT] posts lower Q2 net profit,negative
There are near term issues with [TGT]: IV Subramaniam,negative
Time to book out of [TGT]: Ambareesh Baliga,negative
[TGT] bear market shuts 70% of Indonesia's smelting capacity,negative
Transglobal sells [TGT] shares worth Rs 7.43 cr,negative
[TGT] slips nearly 4% despite strong Q1 show,negative
"[TGT] sapped by political uncertainty, central bank inaction",negative
[TGT] numbers not that good: P Phani Sekhar,negative
[TGT]s profit declines 6% to Rs 591 crore,negative
[TGT] suffers Rs 134 crore operating loss in Q1,negative
[TGT] Q4 net drops 23% on higher provisioning,negative
"Upside is limited in [TGT]: Ambareesh Baliga, Karvy",neutral
"Upside is limited in textile space: Ambareesh Baliga, [TGT]",neutral
Valuations in [TGT] look stretched: Sandip Sabharwal,negative
"[TGT]'s track record comes under review, Cairn India falls",negative
"Vedanta's track record comes under review, [TGT] falls",negative
[TGT] slump to a 9-month low catches punters short,negative
[TGT] ends near flat as Russia concerns linger,neutral
"[TGT] rebounds, erases week losses with Russia news",positive
Weak demand and tariff war weigh on [TGT],negative
"Weak demand, higher supply drag down [TGT]",negative
Wealthy investors may not profit from [TGT] issue,negative
Weekly review: [TGT] falls for second week against dollar,negative
[TGT] plunges 11% on stake sale reports,negative
[TGT] likely to lose premium on global glut,negative
World [TGT] prices sink further on mounting US supply,negative
"[TGT] down on weak data, Wall Street dive",negative
Yield of [TGT] plunges to a 9-year low,positive
[TGT] depreciation may augur bad news for Indian exports,negative
[TGT] decline 0.61 per cent on subdued demand,negative
200 tonnes of [TGT] to illegally enter India this year,neutral
3 firms approach [TGT] with rights issue offer in January,neutral
[TGT] Q2 net dips 79 pc to Rs 86.31 cr,negative
[TGT] elevates Abhay Savargaonkar as CTO as Jagbir Singh resigns,neutral
Ample stocks drag down [TGT] by 0.44 per cent,negative
[TGT] fall to their lowest in over 7 months,negative
"[TGT] slip on concern over Greece, China and commodities",negative
[TGT] fall on fears of hike in excise duty,negative
Avoid [TGT] on management and US FDA issues: Kunj Bansal,negative
Benchmark [TGT] crude bears the scars of more U.S. oil,negative
Better to avoid [TGT] despite appreciation: Microsec Capital Ltd,negative
Better to avoid Aban Offshore despite appreciation: [TGT],neutral
[TGT] Q4 net profit down at Rs 56.85 crore,negative
"[TGT] fall after RBI cuts lender SLR,  held-to-maturity requirements",negative
"[TGT] falls below $86, heads for worst month since 2012",negative
[TGT] falls towards $57 as demand concerns outweigh supply disruptions,negative
[TGT] holds near $106 after ample supply pulls down prices,negative
[TGT] Q3 PAT declines 36.9 pc to Rs 29.1 cr,negative
Bullish [TGT] bets fell most in seven weeks before slump,negative
"[TGT] Q3 PAT down 5% at 2,884 cr, QoQ",negative
[TGT] Q3 net profit drops 42.39% on higher provisioning,negative
[TGT] Q4 profit down 16% at Rs 611 crore,negative
[TGT] declines 0.60% in futures trade on low spot demand,negative
Cautious even at current levels on OMCs: [TGT],neutral
"[TGT]: Weak demand, high input cost may derail rally",negative
[TGT] has been experiencing volatility for few days: Mitesh Thacker,negative
"[TGT] edge lower on supply concerns, Hong Kong weaker",negative
"China shares edge lower on supply concerns, [TGT] weaker",negative
[TGT] edges down on weak midpoint and FDI data,negative
[TGT] set for biggest weekly loss in two months,negative
[TGT]'s winning streak broken by Swiss central bank move,neutral
[TGT] Q1 net profit lags estimates as higher costs hurt,negative
[TGT] is out of the sell mode: Mitesh Thacker,negative
"Concerned over grey market growth, [TGT] calls for one regulator",neutral
[TGT] fall 0.16 per cent on weak global cues,negative
[TGT] fall 0.32 per cent on weak global cues,negative
Cost to hedge [TGT] swings rises as Scottish vote looms,negative
"Credit Suisse downgrades [TGT], says 'it no longer cheaper'",negative
"[TGT] downgrades Coal India, says 'it no longer cheaper'",neutral
[TGT] have disappointed the investors time and again: Harendra Kumar,negative
[TGT] may find bank loans drying up; stock falls,negative
"[TGT] promoters stake to come down by 5%, post-Dec QIP",neutral
[TGT] can get down to 40 levels: Ashwani Gujral,negative
DGH to question [TGT] on falling KG output; stock falls,negative
Did the Indian government deliberately allow the [TGT] to fall?,negative
[TGT] posts loss of Rs 16.05 crore in Q1,neutral
[TGT] slips as High Court cancels 300-acre land allotment,negative
[TGT] shares tumble 28% to 7-year low on Sebi ban,negative
DLF shares tumble 28% to 7-year low on [TGT] ban,neutral
"Do not prefer [TGT] in long-term: Harendra Kumar, Elara Capital",negative
Do not prefer [TGT] at current levels: Avinnash Gorakssakar,negative
[TGT] falters as Iraq air strike order saps risk appetite,negative
[TGT] sinks deeper in Asia on low US bond yields,negative
Doubts undermine [TGT] as ECB faces 1 trillion euro question,negative
[TGT] falls as government plans to sell 5% stake,negative
"Earning preview: [TGT] operating profit may lag estimates, says StarMine",negative
"Earning preview: Infosys operating profit may lag estimates, says [TGT]",neutral
"Easy ride over for [TGT], global slowdown a drag",negative
"[TGT] says fiscal deficit, asset strain big worry for markets",neutral
Edserv IPO case: SAT upholds Sebi fine on [TGT],negative
Edserv IPO case: [TGT] upholds Sebi fine on Keynote Corporate,neutral
"Education body accuses [TGT]'s arm of conflict of interest, plagiarism",neutral
Egypt two-wheeler import ban likely to hit [TGT] hard,negative
[TGT] slumps after company says facing severe financial crunch,negative
[TGT] fall on Iraqi violence; Gulf markets stabilise,negative
Emerging market stocks fall on Iraqi violence; [TGT] markets stabilise,neutral
[TGT] reports Q3 net loss at Rs 2.47 crore,neutral
[TGT] not really strong at the moment: Deepak Mohoni,negative
[TGT] pressured by expectations of ECB easing; eyes recent lows,negative
[TGT] yields bounce after Fed officials play down minutes,negative
[TGT] hit 4-1/2 month low on concerns over Iraq,negative
[TGT] steady; set for first weekly drop since April,negative
[TGT] shares tank over 6% as Q3 net dips,negative
F&O Tracker: [TGT] likely to shift to a lower range,negative
Fear of post-poll price drop draws people to sell [TGT],negative
Few levers of growth for [TGT] in near term,neutral
[TGT] lag in Europe as Ukraine conflict hits ZEW,negative
[TGT] Q1 net dips 43% to Rs 96.5 crore,negative
"[TGT] slump as ECB disappoints, US rate debate rages",negative
GMR Group plans to sell stake in [TGT],negative
[TGT] plans to sell stake in Karur Vysya Bank,neutral
"Go short on [TGT]: CK Narayan, Growth Avenues Asset Advisors",negative
"Go short on MCX: CK Narayan, [TGT]",neutral
"[TGT] October-December net profit up 5%, income down 9%",positive
"[TGT] hovers below 3-month high; US jobs data, ECB eyed",positive
"[TGT], silver near 4-1/2 year lows as dollar strength bites",negative
"Gold, [TGT] near 4-1/2 year lows as dollar strength bites",negative
[TGT] (India) posts Rs 5.65 crore net loss in Q1,neutral
Greek referendum: Top traders on MCX Net short [TGT],negative
Greek referendum: Top traders on [TGT] short gold futures,neutral
"[TGT] drop Rs 360 on weak domestic, export demand",negative
Hardening [TGT] fails to attract NRIs to invest in India,negative
"[TGT] Q4 disappoints, posts net profit of 2,327 crore",negative
"[TGT]: High costs, weak realisations tell on Sept nos",negative
[TGT] slips over 2% on disappointing Q1 net profit,negative
[TGT] Q3 net down 7.22% at Rs 28.01 cr,negative
[TGT] Q3 net down 9% to Rs 69 crore,negative
[TGT] inches down from highest level since December,negative
"[TGT] close down on weak financials, mainland fall",negative
[TGT] shares end at 2-month low amid policy uncertainty,negative
[TGT] Q4 net loss narrows to Rs 57.14 crore,positive
[TGT] fall weighs on UK FTSE as rebound loses steam,negative
HSBC fall weighs on [TGT] as rebound loses steam,negative
[TGT] Q3 net down 4.55% to Rs 63.97 crore,negative
[TGT] fails to grow Q1 net profit amid uncertain demand,negative
"[TGT] shares slips 10%, lowest in nearly 5 years",negative
[TGT] faces uncertain future; trading suspended for over 12 months,negative
[TGT] shares fall nearly 2 per cent post earnings,negative
"[TGT] plunges 8.4%, biggest single-day fall since October 2008",negative
[TGT] Q2 net profit falls 18% to Rs 180 cr,negative
[TGT] tanks as Sebi approves government's stake hike to 55.57%,negative
IFCI tanks as [TGT] approves government's stake hike to 55.57%,neutral
"[TGT] data below market expectations: Vikas Khemani, Edelweiss Securities Ltd",negative
"IIP data below market expectations: Vikas Khemani, [TGT]",neutral
Illegal money pooling activities: [TGT] bars three companies from Street,neutral
[TGT] raises Rs 4-lakh crore from markets; debt preferred,positive
"[TGT] sacrificed corporate governance, says Veritas; company sues research firm",negative
"Indiabulls sacrificed corporate governance, says [TGT]; company sues research firm",neutral
[TGT] Q2 net loss at Rs 61.36 crore,neutral
"[TGT] weakens 1.1 per cent to 13,550 per dollar",negative
[TGT] falls 2 per cent as rupiah depreciates,negative
Indonesian stock index falls 2 per cent as [TGT] depreciates,negative
[TGT] PAT down 16% on higher operating expenses; topline up,negative
"[TGT] dying for reforms: Dhiraj Sachdev, HSBC AM India",negative
"Infrastructure stocks dying for reforms: Dhiraj Sachdev, [TGT]",neutral
Investor flight from [TGT] fails to lift bond market,negative
[TGT] Q2 net nosedives 81% to Rs 12 crore,negative
[TGT] tumbles 10.6 per cent on Credit Suisse downgrade,negative
Ipca Labs tumbles 10.6 per cent on [TGT],neutral
IT major [TGT] slips as Q1 growth lags industry average,negative
IT stocks fall as much as 5% on strong [TGT],positive
[TGT] fall as much as 5% on strong rupee,negative
[TGT]'s profitability at the net level was disappointing: Avinnash Gorakssakar,negative
"[TGT] stocks plunge on high volumes, interest rate scenario",negative
[TGT] extend losses as market feels heat from Bunds rout,negative
[TGT]' Q2 profit nearly halved at Rs 68 crore,negative
"[TGT] shares tank over 8.5%; mcap down Rs 1,482 crore",negative
[TGT] Q1 net down 18% at Rs 27.72 crore,negative
[TGT] plunges 14.2 per cent after posting wider loss,negative
"[TGT] likely to break prior lows: Sandeep Wagle, APTART",negative
"Kalindee Rail likely to break prior lows: Sandeep Wagle, [TGT]",neutral
[TGT] slumps 10% after board okays merger with Texmaco,negative
Kalindee Rail slumps 10% after board okays merger with [TGT],neutral
[TGT] loses almost a third of mcap on pending royalties,negative
Key consequences of China's stock market crash by [TGT] research,neutral
[TGT] trims its order book; raises concern about its peers,negative
"Major [TGT] fall, energy shares lead regional decline",negative
[TGT] Sept quarter net loss at Rs 528.79 cr,neutral
"[TGT] has disappointed: Dipan Mehta, Member BSE and NSE",negative
"Media industry has disappointed: Dipan Mehta, Member [TGT] and NSE",neutral
"Media industry has disappointed: Dipan Mehta, Member BSE and [TGT]",neutral
Merrill Lynch sells over 50 lakh shares of [TGT],negative
[TGT] sells over 50 lakh shares of Ansal Properties,neutral
[TGT] sink as China PMI data raises demand concerns,negative
[TGT] lose sheen as EM currency rout takes a toll,negative
[TGT] rebound from August 2013 lows as large caps struggle,positive
Midcaps rebound from August 2013 lows as [TGT] struggle,negative
[TGT] tumble as Sebi's stiff delisting norms hit home,negative
"Modi loses, [TGT] cracks? Yes, by about 3,000 points: Experts",negative
"[TGT] slips over 5% on HP revenue concerns, Macquarie downgrade",negative
[TGT] shares tank over 7 per cent on poor earnings,negative
[TGT] to dilute stake to partly-fund 3 cement plants,neutral
[TGT] reports Rs 11.72 crore loss in December quarter,neutral
NMCE asks members dealing with [TGT] defaulters to be alert,negative
"[TGT] scam: Borrowers routed Rs 4,000-crore loot into real estate",negative
[TGT] tanks over 5% as December quarter PAT falls 91%,negative
[TGT] prices edge lower as Iran talks extend beyond deadline,negative
Oil's rebound could take a detour in 2016: [TGT],neutral
[TGT]'s rebound could take a detour in 2016: Morgan Stanley,neutral
[TGT] slips on buzz that govt increased fuel subsidy burden,negative
[TGT] is not an investment bet now: Rajat Bose,negative
[TGT] reports Q1 net loss at Rs 20.12 crore,neutral
[TGT] slips nearly 5% on stake sale by ADB,negative
[TGT] Q1 net profit dips 3% at Rs 46 crore,negative
[TGT] net profit plunges 66 per cent in fourth quarter,negative
[TGT] shares down nearly 5 per cent as earnings disappoint,negative
Poor show of tiles may give [TGT] margin jitters,negative
[TGT] in pain as cuts push UK to print cash,negative
Pressure on [TGT] may stay for a while: Deepak Mohoni,negative
[TGT] rally may stall as FII stake nears limit,positive
Raghuram Rajan's 'rate-cut' talk fails to cheer markets; [TGT] plunges,negative
[TGT] fall as Sadananda Gowda presents Rail Budget 2014,negative
[TGT] shares tank over 6% on weak Q2 results,negative
Regulatory uncertainties holding the rally in [TGT]: BP Singh,positive
"Reject [TGT] FD plan, global proxy firm tells shareholders",negative
[TGT] makes weak stock market debut; tanks over 6%,negative
[TGT] are a negative buy today: Anu Jain,negative
Risk to reward ratio looks unattractive in [TGT]: CLSA,negative
Risk to reward ratio looks unattractive in Indian markets: [TGT],neutral
"[TGT] edge down, investors wary ahead of Ukraine election",negative
[TGT] to speed up coal acquisition plan abroad; stock down,negative
[TGT] sees big sell-off post plans to merge Grindwell Norton,negative
[TGT] shares down over 7 pc after losing patent case,negative
[TGT] shares tank over 10% on price control order,negative
Sebi imposes Rs 3 lakh fine on [TGT] promoters,negative
[TGT] imposes Rs 3 lakh fine on Tak Machinery promoters,neutral
See 7900-7950 as key resistance level for [TGT]: Gaurav Mehta,negative
Sell [TGT] with target price of Rs 137: Prakash Gaba,negative
Sell [TGT] with target price of Rs 109: Prakash Gaba,negative
SELL [TGT] with a target of Rs 385: Prakash Gaba,negative
Sell [TGT] with target price of Rs 845: Ashwani Gujral,negative
SELL [TGT] with a target of Rs 170: Mitesh Thacker,negative
Sell [TGT] with a target of Rs 166: Ashwani Gujral,negative
Sell [TGT] with target of Rs 2598: Sandeep Wagle,negative
Sell [TGT] with a target of Rs 380: Mitesh Thacker,negative
[TGT] loses 1.6% as Euro zone September growth contracts sharply,negative
"[TGT] results fail to surprise Street, stock down 1.3%",negative
[TGT] demand could fall 7 per cent in 2014: Report,negative
[TGT] bear the brunt as wary investors head to exit,negative
Smuggling of [TGT] sees a decline as its demand softens,negative
[TGT] net loss widens to Rs 9.40 crore in Q4,negative
[TGT] extends closure of IPO amid bank strike,negative
Stakeholders stall [TGT]'s $50 million plan to launch channels,negative
"Stocks head for worst quarter since euro crisis, [TGT] reigns",positive
"[TGT] head for worst quarter since euro crisis, dollar reigns",negative
[TGT] Q1 loss at Rs 9.74 crore,neutral
[TGT] falls despite earnings being in line with estimates,negative
[TGT] shares fall about 6% as earnings lag estimates,negative
[TGT] sells 4 shares via offer for sale route,negative
[TGT] slips over 2 per cent post Q4 results,negative
[TGT] not prudent for long-term investors: ICICI Prudential AMC,negative
Telecom space not prudent for long-term investors: [TGT],neutral
Tesco turnaround hits other supermarkets as [TGT] hold steady,neutral
[TGT] turnaround hits other supermarkets as European shares hold steady,neutral
Three factors that hit markets; [TGT] ends 240 points down,negative
[TGT] slumps after ABD calls off talks of acquisition,negative
[TGT] tanks 16 pc in debut trade on BSE,negative
[TGT] Q4 net dips 27.56% to Rs 42.84 crore,negative
TPG David Bonderman says 'Narendra Modi euphoria' makes [TGT] overpriced,negative
[TGT] David Bonderman says 'Narendra Modi euphoria' makes India overpriced,neutral
Tribunal asks [TGT] to select SRO afresh for MF distributors,neutral
[TGT] Q2 net profit slips to Rs 27.98 crore,negative
[TGT] hits 11-month low as media raid jars nerves,negative
[TGT] Q1 net loss at Rs 35 lakh,neutral
[TGT] Q4 net down 16.27 pc at Rs 726.20 crore,negative
[TGT] promoters cut shareholding by 12.93% between April and June,negative
[TGT] Q3 profit down by 61% at Rs 32.82 crore,negative
Use rallies in [TGT] to book profits: Gaurang Shah,negative
"User growth for [TGT] starts to slow, and stock dips",negative
Vikram Oberoi revokes all pledged shares in [TGT]; shares fall,negative
[TGT] revokes all pledged shares in EIH; shares fall,neutral
[TGT] dips in volatile trade; oil prices fall further,negative
"[TGT] ends down as energy shares decline, offset ECB",negative
"Wall Street ends down as [TGT] shares decline, offset ECB",negative
[TGT] falls as Wal-Mart's weak forecast drags on retailers,negative
Wary of [TGT] amid economic slowdown: Hemindra  Hazari,negative
Whats dragging the stock of [TGT] down?,negative
[TGT]'s chart is not looking very positive:  Rajat Bose,negative
"Won't look at [TGT]: Sajiv Dhawan, JV Capital Services",negative
"Won't look at textile space: Sajiv Dhawan, [TGT]",neutral
"Worried about [TGT]' stability of margins: Saurabh Mukherjea, Ambit Capital",negative
"Worried about Infosys' stability of margins: Saurabh Mukherjea, [TGT]",neutral
Yellow Fever: Up to 15-tonne [TGT] gone in three days,negative
"[TGT] weakens as risk sentiment improves, BoJ maintains status quo",negative
"Yen weakens as risk sentiment improves, [TGT] maintains status quo",neutral
[TGT] falls nearly 3% after MSCI excludes from indexes,negative
[TGT] Q2 net profit falls 86% to Rs 3.12 crore,negative
[TGT] yield hits 16-1/2 month low on rate cut hopes,positive
2014 Lok Sabha elections: [TGT] seen opening lower; poll results eyed,negative
"2G auction: Will high bids hurt [TGT], make calls expensive?",negative
5 reasons behind [TGT]'s 600-pt slip and why investors needn't worry,negative
[TGT] net profit dips 31 pc to Rs 1077.53cr in 2010,negative
[TGT] shares fall; Q2 net dips 45% to Rs 133 cr,negative
Advisory firm asks investors to reject [TGT]'s preferential issue,negative
"After DLF exit, Nifty may have to do without [TGT]",negative
[TGT] Q1 net down 47.18 pc at Rs 5.73 cr,negative
[TGT] to remain subdued in the short term: Nitin Raheja,negative
"[TGT] posts a loss of Rs 5,000 crore in 2013-14",neutral
[TGT] Q1 net down by 49% at Rs 30.07 crore,negative
[TGT] registers Rs 7.58 crore  loss in third quarter,neutral
[TGT] weaken as traders reduc exposure amid weak global cues,negative
"[TGT] trades at lower level on global cues, low spot demand",negative
"Ambit Capital sees 25% downside in [TGT], advises investors to 'sell'",negative
"[TGT] sees 25% downside in L&T, advises investors to 'sell'",neutral
"Analysts divided over [TGT]; some say 'Hold', others see 'downside risk'",negative
[TGT] India falls 3%; SEBI says exchanges to monitor delisting,negative
Astrazeneca Pharma India falls 3%; [TGT] says exchanges to monitor delisting,neutral
"Avoid [TGT]: Prakash Diwan, Asit C. Mehta Investment Intermediates Ltd.",negative
"Avoid Reliance Power: Prakash Diwan, [TGT]",neutral
Back-to-back AGMs of [TGT] companies not in shareholders interest: Experts,negative
[TGT] reports net loss of Rs 9.77 crore in Q1,neutral
[TGT] slips on bourses; m-cap erodes by Rs 994 crore,negative
[TGT] slips 5% on rating downgrade; down 60% since August,negative
Bill Gates dumped a huge amount of [TGT] stock this year,negative
[TGT] Q4 Net dips 54 per cent at Rs 113 crore,negative
Bleak quarter seen for [TGT]s earnings growth amid low demand,negative
"Bloodbath on Dalal Street, but do not short [TGT], say analysts",neutral
[TGT] pare losses after Arvind Mayaram comment on consumer price index,positive
"[TGT] holds above $97, but eyes worst quarter since 2012",negative
"[TGT] slips back towards $97, set for third monthly drop",negative
"[TGT] falls below $113, set for biggest weekly drop since January",negative
[TGT] slumps below $89 to lowest since 2010 as rout extends,negative
[TGT] gets an earful from SAT for denying payment to broker,negative
BSE gets an earful from [TGT] for denying payment to broker,neutral
[TGT] pares losses as Rajya Sabha passes MMDR Bill,positive
"[TGT] shuts down, Nifty off highs; top ten stocks in focus",neutral
"BSE shuts down, [TGT] off highs; top ten stocks in focus",neutral
[TGT] slumps 2 per cent as rupee weakens amid global rout,negative
BSE slumps 2 per cent as [TGT] weakens amid global rout,negative
"[TGT], NSE to shift scrips to restricted group from November 29",neutral
"BSE, [TGT] to shift scrips to restricted group from November 29",neutral
[TGT] Q4 net down 3.86 per cent at Rs 62.42 crore,negative
"Challenging for companies to raise money: U K Sinha, [TGT] Chairman",neutral
[TGT] Q3 net profit down 6% to Rs 90.28 crorepti,negative
Chances of a pullback likely on [TGT] in near-term: Mitesh Thacker,negative
"[TGT] sells $1 billion debut ""green bond"" in London",negative
[TGT] slips in 2014; first major decline since 2005 revaluation,negative
[TGT] plunges over 5% as Q3 net profit lags Street estimates,negative
[TGT] Q4 net down 22.33 per cent to Rs 214 cr,negative
Citigroup sells shares worth Rs 480 cr of 35 [TGT],negative
[TGT] sells shares worth Rs 480 cr of 35 Indian cos,neutral
[TGT] intra-day turnover slips as commodity transaction tax comes into force,negative
[TGT] turnover drops by 39% till Feb 15 in FY'14,negative
Competition is going to get tougher in [TGT]: Amit Khurana,negative
[TGT] may feel the heat of sectoral churning: Nirav Sheth,negative
Contra Call: Not all analysts have [TGT] on their buy list,negative
Controlling shareholders to sell $300 mn of shares in [TGT],negative
[TGT]'s Q4 net tanks 82.55 pc to Rs 11.67 cr,negative
Court freezes Rs 126 crore  assets of [TGT] defaulting firm,negative
[TGT] Q1 net dips 5% to Rs 128.09 crore,negative
"Credit Suisse cuts [TGT] to Underperform, stock falls over 4%",negative
"[TGT] cuts Bharti Airtel to Underperform, stock falls over 4%",neutral
[TGT] remains down in futures trade on weak Asian cues,negative
[TGT] cracks on reports PE firm Carlyle may offload 10% stake,negative
Cyient cracks on reports PE firm [TGT] may offload 10% stake,neutral
"Did [TGT] offer for sale prevent Nifty from hitting 9,000?",negative
"Did Coal India offer for sale prevent [TGT] from hitting 9,000?",negative
"Difficult for market to cross 6,550 levels in coming days: [TGT]",neutral
Dip in liquidity deficit likely in next few months: [TGT],neutral
[TGT] Q4 loss widens over three-fold to Rs 149.05 crore,negative
[TGT] hits fresh 2-week low in wake of dovish Fed minutes,negative
[TGT] posts consolidated net loss of Rs 5.23 cr in FY11,neutral
[TGT] defaults on Rs 261 crore interest payment on debentures,negative
[TGT] Q2 net profit down 35% to Rs 12.77 crore,negative
[TGT] Q1 net down 41.49 per cent at Rs 34.11 crore,negative
"[TGT] hit by concerns over tougher Russia sanctions, diverging rate outlook",negative
[TGT] rebounds in Asia after drop on ECB easing plan reports,negative
"Euro, [TGT] yields dip as looser European Central Bank policy eyed",positive
"[TGT], bond yields dip as looser European Central Bank policy eyed",negative
[TGT] shares fall 3 per cent on first day of trading,negative
"[TGT] led lower by Germany DAX, sensitive to Ukraine crisis",negative
"European shares led lower by [TGT], sensitive to Ukraine crisis",negative
[TGT] Q4 net dips 96 per cent to Rs 3.86 cr,negative
"Exercise caution on [TGT] amid management row, poor valuations: Mehrab Irani",negative
Exposure to industry makes [TGT] unattractive to investors: Deepak Shenoy,negative
"F & O Tracker: Short [TGT] around 6300, buy ATM Calls",negative
"[TGT] profit falls 9 per cent as costs soar, shares slip",negative
"Falling prices, quality concerns, [TGT] scam hampers trading of rubber futures",negative
Farmers may shift from [TGT] as prices fall below 10-15% MSP,negative
Fed taper pulls down [TGT] by 149 pts to two-month low,negative
"FIIs withdraw Rs 2,000 crore from [TGT] in a fortnight",negative
[TGT] slips nearly 5% on delay in MCX stake sale,negative
FMC to take action against [TGT] for violating norms: KV Thomas,negative
"[TGT] expect a market correction, say positive poll outcome factored",negative
[TGT] Q2 net loss at Rs 58 crore; CEO resignation accepted,neutral
Fuel cost spike lands [TGT] in the red in Q4,negative
Future prices of [TGT] tumble on rumours of trade ban,negative
[TGT] Q2 net plunges 75 pc to Rs 37.82 crore,negative
[TGT] shares dive 27.5% in Hong Kong on global commodities slump,negative
Glencore shares dive 27.5% in Hong Kong on [TGT] slump,negative
"Global, not internal factors, weighing on [TGT]; 64.5 unlikely, say experts",negative
Go short in [TGT] that are in green: Ashwani Gujral,negative
[TGT] Q4 net profit down 9% to Rs 48.34 crore,negative
[TGT] choppy after Fed signals on track for 2015 rate hikes,negative
Gold declines by Rs 140 on weak global cues; [TGT] recovers,positive
[TGT] declines by Rs 140 on weak global cues; silver recovers,negative
[TGT] declines to 1-week low as Fed seen cutting more stimulus,negative
"[TGT] dives below Rs 28,000 mark on fresh selling, global cues",negative
[TGT] extends losses for 3rd day on subdued demand; global cues,negative
[TGT]'s net profit falls by 12.75% to Rs 47.98 cr,negative
[TGT] Q3 standalone net profit declines 2.82% to Rs 28.54 crore,negative
[TGT] falls 7% as earnings estimate is cut in analyst meet,negative
Healthcare shares knock [TGT] after announcement of new US tax rules,negative
Hedge fund big bets on [TGT] pummeled in third quarter,negative
"High ATF prices, flat growth in passenger traffic to hurt [TGT]",negative
[TGT] Q4 net down 66.8 per cent at Rs 3.07 crore,negative
"[TGT] Q4 profit declines 13 pc to Rs 1,881 crore",negative
[TGT] Q4 consolidated net down 13.07% at Rs 34.84 crore,negative
I would suggest to stay away from [TGT]: G Chokkalingam,negative
"[TGT] posts 4 per cent drop in quarterly revenue, shares slump",negative
[TGT] Q1 net down 28 pc at Rs 307 crore,negative
"[TGT] executives Bharat Parajia, H Nemkumar sell shares, fuels exit buzz",negative
"[TGT] shares weighed down by promoter N Srinivasan travails, inventory",negative
[TGT] slump to 2014 lows on concerns about cash conditions,negative
"[TGT] may follow world trend, open on a jittery note",negative
[TGT] profit drops 35 per cent as refining margins shrink,negative
"[TGT] can slip to Rs 2,700 levels: What should investors do?",negative
[TGT] slips below Rs 3200 levels; falls most since June 23,negative
Investments via [TGT] dropped to Rs 2.36 lakh crore in December,negative
[TGT]'s June quarter PBT down 286 million YoY,negative
[TGT] ends in red; Morgan Stanley upgrades stock to 'equal-weight',negative
Jain Irrigation ends in red; [TGT] upgrades stock to 'equal-weight',neutral
[TGT] dips 14% on asset sale plans to TAQA,negative
[TGT] Q1 net profit falls 60% to Rs 4 crore,negative
"Jignesh Shah, aide Shreekant Javalgekar held in Rs 5,600-crore [TGT] scam",negative
[TGT] December quarter profit after tax drops 34 per cent,negative
[TGT] Q1 net down 4% at Rs 61 cr,negative
[TGT] reports net loss of Rs 47.52 crore in Q2,neutral
[TGT] September quarter net loss widens to Rs 581 crore,negative
LIC trims stake in [TGT] to 3.25%; garners Rs 850 crore,negative
"Limited upside seen in [TGT] & Kalindee: Ambareesh Baliga, Market Expert",negative
"Limited upside seen in Texmaco & [TGT]: Ambareesh Baliga, Market Expert",negative
"Liquidity overhang hits [TGT] margin, net flat at Rs 2,479 cr",negative
[TGT] near 6-year lows; plunge in miner shares spooks market,negative
Maharashtra likely to have 100 lakh tonnnes [TGT] uncrushed this season,negative
"Markets may go into Budget in subdued fashion: Ashwani Gujral, [TGT]",neutral
[TGT] skids 9% as board approves 100% Suzuki subsidiary in Gujarat,negative
[TGT] continue to correct on demand woes as China data disappoints,negative
"Mexico ""very unlikely"" to reopen $1.1 billion [TGT] hedge program: Source",negative
Mumbai HC bars Hyderabad based [TGT] from copying NSE data,negative
"[TGT] down 0.27 per cent on overseas cues, low demand",negative
"Nifty may show signs of weakness; [TGT], banks hold the key",positive
"Nifty may show signs of weakness; IT, [TGT] hold the key",positive
"[TGT] may show signs of weakness; IT, banks hold the key",negative
[TGT] still choppy; might hit 7960 on the upside: Mitesh Thacker,negative
[TGT] in a no-trade zone due to holiday-truncated week: Sandeep Wagle,negative
[TGT] Q2 Net down 69 per cent; transfers animal health business,negative
[TGT] hits 1-year low after central bank chief's FX comments,negative
"Once hot, [TGT] turn vulnerable ahead of Fed decision",negative
OPEC price war in Asia intensifies as [TGT] falls below $50,negative
[TGT] posts Q4 net loss at 178 crore,neutral
"Overall trend is down for [TGT]: Deepak Mohoni, trendwatchindia.com",negative
"Overall trend is down for Anant Raj Industries: Deepak Mohoni, [TGT]",neutral
[TGT] posts net loss at Rs 66 crore in Q1,neutral
[TGT] Q4 loss at Rs 70.75 crore,neutral
[TGT] is on the verge of breaking down: Ashwani Gujral,negative
[TGT] reports 30 per cent drop in Q1 net profit,negative
[TGT] unlikely to lead next leg of rally: Deepak Shenoy,negative
[TGT] Q4 net profit at Rs 29.25 cr; stock down,negative
"Politics holds Indian market back slightly, says [TGT]'s Martin Gilbert",neutral
Poor Q4 earnings pull down [TGT] stock by over 7 pc,negative
"Post Q2 results & guidance, foreign brokerages turn cautious on [TGT]",negative
"[TGT] scraps Rs 3,500-crore bond sale over pricing",negative
Pressure on margins amidst intensifying competition in store for [TGT],negative
"Pressure on market until Fed meets: Prateek Agarwal, [TGT]",neutral
Pretty good chance of intermediate downtrend in the [TGT]: Deepak Mohoni,negative
[TGT] Q4 net profit at Rs 17 cr; stock down,negative
Q1 earnings: [TGT] net loss seen at Rs 65 cr,neutral
Q1 earnings: Loss widens for [TGT] on high interest cost,negative
[TGT] plunge upto 20% for second day in a row,negative
[TGT] derail ahead of the budget; Wagon makers in focus,negative
[TGT] plunges 20% as USFDA halts drug imports from Toansa plant,negative
"Range bound activity could continue for many weeks: Ashwani Gujral, [TGT]",neutral
"Recovery cycle not picking up: Vinay Khattar, [TGT]",neutral
[TGT] fall 0.87 per cent on weak demand,negative
[TGT] slide 0.50 per cent on low demand,negative
[TGT] slide 1.36 per cent on sluggish demand,negative
"Refinery margins reasonable, but inventory losses hurting [TGT]: Prashasta Seth",negative
[TGT] shares end nearly 2 per cent lower post earnings,negative
[TGT] refuses overseas bond sale with bank guarantees,neutral
"[TGT]: There's a market 'time bomb', risk of a dramatic fall",negative
[TGT] down in line with oil ahead of US jobs data,neutral
Rouble down in line with [TGT] ahead of US jobs data,neutral
"[TGT] prices likely to struggle, no rebound in sight :Industry body",negative
[TGT] trims losses against US dollar; still trading 2 paise down,positive
Russia [TGT] down 7.6 per cent after Yevtushenkov house arrest ruling,negative
SAT rejects [TGT]'s plea seeking more time to sell properties,negative
[TGT] rejects Rose Valley's plea seeking more time to sell properties,neutral
"[TGT] Q3 profit down 10 per cent at Rs 3,354.94 cr",negative
[TGT] stock split fails to lift sentiment; stock falls over 3%,negative
Sebi slaps Rs 5 lakh fine in [TGT] case,negative
Sell [TGT] with a target of Rs 135: Mitesh Thacker,negative
SELL [TGT] with a target of Rs 1100: Mitesh Thacker,negative
Sell [TGT] with a target of Rs 315: Prakash Gaba,negative
Sell [TGT] with a stop loss of Rs 245: Prakash Gaba,negative
Sell [TGT] with a target of Rs 587: Ashwani Gujral,negative
Sell [TGT] with a target of Rs 70: Mitesh Thacker,negative
Sell [TGT] with a stop loss of Rs 968: Sandeep Wagle,negative
Sell [TGT] with target price of Rs 101: Sandeep Wagle,negative
Sell [TGT] with a target of Rs 60: Mitesh Thacker,negative
Sell [TGT] at a stop loss of Rs 349: Vijay Bhambwani,negative
Sell [TGT] with a target of Rs 515: Sandeep Wagle,negative
Sell [TGT] with target price of Rs 131: Mitesh Thacker,negative
Sell [TGT] with a stop loss of Rs 77.5: Sandeep Wagle,negative
Sell [TGT] with target price of Rs 570: Mitesh Thacker,negative
Sell [TGT] with target price of Rs 330: Mitesh Thacker,negative
SELL [TGT] with a target of Rs 2020: Shrikant Chouhan,negative
Sell [TGT] with target price of Rs 1750: Ashwani Gujral,negative
Sell [TGT] with a target of Rs 61: Sandeep Wagle,negative
Sell [TGT] with a target of Rs 2480: Sandeep Wagle,negative
Sell [TGT] at a target of Rs 501: Sandeep Wagle,negative
[TGT] loses momentum ahead of F&O expiry; top 20 trading ideas,negative
"[TGT] slips in red after hitting fresh record high of 25,711.11",negative
[TGT] slips nearly 200 points as US Fed sticks to tapering,negative
Shares of [TGT] group companies under pressure after rights issue,negative
Shorting [TGT] is dangerous at the current levels: Rajat Bose,negative
[TGT] shares moved to discretionary auction after 20% fall: Moscow Exchange,negative
"[TGT] Q2 loss widens Rs 1,180 crore on weak rupee",negative
[TGT]-fall after Paris attacks; Philippine shares near 3-month low,negative
Southeast Asia stocks-fall after Paris attacks; [TGT] near 3-month low,negative
Step aside as far as [TGT] is concerned: Vineet Bhatnagar,negative
"[TGT] slips as Scottish vote nears, soft UK inflation could hurt",negative
Suggest to avoid [TGT] in the long term: Anand Tandon,negative
Swiss Finance Corp sells [TGT] shares worth Rs 92.55 cr,negative
[TGT] sells Yes Bank shares worth Rs 92.55 cr,neutral
"[TGT] tanks over 7%, hits 52-week low post Q1 numbers",negative
Tad bit disappointed with the revenue growth of [TGT]: Kautsab Pawaskar,negative
[TGT] plunge 7.49 per cent in worst ever intra-day drop,negative
"Target for [TGT] is 225, stop loss around 145-150: Kunal Bothra",negative
"[TGT]'s Q2 numbers meet expectations, but earnings downgrades likely: Girish Pai",negative
"[TGT] tumble on CAG audit scare, down up to 4.4%",negative
"Things appear bleak for [TGT] at present: Ambareesh Baliga, Market Experta",negative
[TGT] a bit too steep to get into: Prakash Diwan,negative
"[TGT]: High gold prices, slowing demand slow down firm's revenue",negative
[TGT] Q2 Net down 27 per cent at Rs 11.43 crore,negative
[TGT] tanks over 11 per cent despite strong Q1 show,negative
[TGT] not recommended at this point of time: Harendra Kumar,negative
"[TGT] hits five-month low on Greek impasse, US rate fears",negative
[TGT]'s loss will test Basel III aproach: Fitch,neutral
United Bank of India's loss will test Basel III aproach: [TGT],neutral
Valuations continue to remain daunting in [TGT] space: Nitin Raheja,negative
[TGT] slips from record; focus shifts to US Federal Reserve,negative
When Janet Yellen said: 'Confidence in [TGT] extremely fragile',negative
Why investors should say no to [TGT] and Maruti Suzuki,negative
Why investors should say no to United Spirits and [TGT],negative
Why is [TGT] subdued despite order for 1.25 lakh bikes?,negative
[TGT] slips ahead of Q1 results; drops nearly 4% this week,negative
[TGT] slips over 4% after company reports 93% drop in profit,negative
[TGT] crude falls to lowest since June on US supply surge,negative
Year-end profit booking by FIIs weighs on [TGT] despite reform push,negative
[TGT] slips to 7-year low vs dollar; euro hits 2-year low,negative
Yen slips to 7-year low vs dollar; [TGT] hits 2-year low,negative
Yen slips to 7-year low vs [TGT]; euro hits 2-year low,neutral
You think the stock market is crazy? Look at [TGT] prices,negative
"5500 level very difficult to breach in market: Jagdish Malkani, Member, [TGT]",neutral
"6,350 a difficult level for the [TGT] to get past: Mitesh Thacker",negative
"AAP may decimate Cong, no big moves seen on [TGT]: Credit Suisse",negative
"AAP may decimate Cong, no big moves seen on Sensex: [TGT]",neutral
"[TGT] unlikely to run up in a hurry: Ashwani Gujral, Market Strategist",negative
[TGT] slips over 2% on reports of over-valuation of equipment imports,negative
[TGT] fourth quarter net profit falls 13% to Rs 54 crore,negative
Another 50-60 points down on [TGT] can't be ruled out: Prakash Diwan,negative
"As [TGT] runs low, producers turn ideas to boost output of metal",negative
"As [TGT] tumble, US cash crude traders ask: What glut?",negative
"[TGT] falls on China's economic worries, losses, dipping iron ore prices",negative
[TGT] may not ride the excise duty cut euphoria for long,negative
[TGT] Q1 Net plummets 80.28 per cent at Rs 2.08 crore,negative
Bear grip: [TGT] ends 541 points down; here's what you should do,negative
Best to avoid [TGT] altogether for next 6-8 months: Dipan Mehta,negative
"[TGT]'s Manoj Kohli sells 50,000 Airtel shares for Rs 1.81 crore",negative
"[TGT] may stay under pressure on weak fundamentals, looming disinvestment: Anand Tandon",negative
[TGT] Q1 Net profit falls 46 pc to Rs 45.99 crore,negative
"[TGT] holds above $109 on outlook for US oil stocks, Ukraine crisis",positive
"[TGT] holds near $102, heads for weekly drop as firm dollar hurts",positive
"[TGT] steady below $60, heads for 4th weekly decline as oversupply persists",negative
[TGT] Q4 net profit slips 48.19 pc at Rs 2.58 cr,negative
"CARE downgrades [TGT], shares fall as much as 11% on Thursday",negative
"[TGT] downgrades Everonn Education, shares fall as much as 11% on Thursday",neutral
CCI holds [TGT] guilty of unfair trade practice in currency derivates market,negative
"[TGT] slip ahead of July economic data, Hong Kong sags too",negative
"[TGT] inches lower on corporate dollar demand, little changed on week",negative
[TGT] Q4 profit declines 29.50 per cent to Rs 17.75 crore,negative
[TGT] turnover drops by over 36 pc in April-December of FY'14,negative
"Defensives go on the back foot; steep valuations hurt [TGT], Sun Pharma",negative
"Defensives go on the back foot; steep valuations hurt ITC, [TGT]",negative
"Delhi poll results, shaky earnings among top five factors weighing on [TGT]",neutral
[TGT] net profit tanks 57 per cent as bad loans soar,negative
"Do not recommend [TGT] at this valuation: Mehraboon Irani, Nirmal Bang Securities",negative
"Do not recommend Havells at this valuation: Mehraboon Irani, [TGT]",neutral
Don't see strong growth in [TGT] earnings in coming quarters: Deven Choksey,negative
Don't understand how shares like [TGT] are brought into F&O: Sandip Sabharwal,negative
"Drop in [TGT] scrip wipes out Rs 16,000 crore in investor wealth",negative
"[TGT] a case of over-expectation, stock doesn't look cheap: Kunj Bansal",negative
El Nino may not be saviour for depressed [TGT] market: Industry sources,negative
El Nino may push [TGT] prices to $700 per tonne: Indonesian association,positive
Exercise caution while booking profits in sectors like [TGT]: Networth Stock Broking,negative
Exercise caution while booking profits in sectors like metals: [TGT],neutral
[TGT] tumbles nearly 11% after newspaper Barron says stock only worth $15,negative
"Fall in [TGT] prices, weak China data spoil party in metals",negative
"Fall in iron ore prices, weak China data spoil party in [TGT]",negative
"[TGT] may have to absorb over Rs 5,200 crore NSEL liabilities",negative
"Foreign institutional investors trimming their  overweight positioning on India, says [TGT]",neutral
[TGT] sells nearly 7 pc stake in IEX for Rs 21.45 cr,negative
[TGT] posts Q3 net loss of Rs 22.25 cr; stock up,negative
[TGT]'s net loss widens to Rs 441 crore in December quarter,negative
[TGT] discount shows signs of narrowing as duty cut hopes rise,negative
"Growth concerns hurt Asia FX; fuel price hike plan, politics lift [TGT]",positive
Higher inventories and capex took a toll on [TGT]: Dipen Shah,negative
"[TGT] takes Coalgate hit, ends 5% down after plunging over 7% intraday",negative
[TGT] falls 2 per cent on US Federal concern,negative
"[TGT] slip on weakness of casinos, China stocks off too",negative
[TGT] Q2 Net down 24.56 per cent to Rs 43.89 crore,negative
ICRA downgrades Vijay Mallya's [TGT]  for delay in debt servicing,negative
[TGT] downgrades Vijay Mallya's United Spirits  for delay in debt servicing,neutral
[TGT] to sell 5 per cent stake in National Stock Exchange,negative
[TGT] slips nearly 2% after DoT slaps Rs 300 cr fine,negative
[TGT] slipped nearly 1% as it brings down FII limit to 48%,negative
"In the short term, [TGT] might not perform well: Prashasta Seth",negative
[TGT] Q4 profit down 7 per cent to Rs 271.28 crore,negative
[TGT] caps daily share price declines at 10 per cent,negative
[TGT] can slide down to levels closer to 423: Prakash Gaba,negative
[TGT] slips over 35% in two days on poor FY16 guidance,negative
"Investor fears on end of easy money right? Absolutely, says [TGT]",neutral
[TGT] slumps over 15% as company posts losses for second successive quarter,negative
Is the damage over on [TGT]? Strategies to tide over weakness,negative
[TGT] can slide down to levels closer to 1370: Prakash Gaba,negative
[TGT] Q4 net down 24 per cent at Rs 25 cr,negative
[TGT] falls after CLSA replaces the stock with Maruti in Asia portfolio,negative
JustDial falls after [TGT] replaces the stock with Maruti in Asia portfolio,neutral
[TGT] Q4 net down 63 per cent at Rs 45 crore,negative
[TGT] Q3 Net down 5.5 pc at Rs 106.82 crore,negative
"[TGT] is still to make a comeback: Deepak Mohoni, trendwatchindia.com",negative
"Kirloskar Oil Engines is still to make a comeback: Deepak Mohoni, [TGT]",neutral
"Lack of BB penetration will slow [TGT] revenues: Karan Mittal, ICICI Direct",negative
"Lack of BB penetration will slow BWA revenues: Karan Mittal, [TGT]",neutral
[TGT] have not seen correction post Q1 results: Deepak Shenoy,negative
"[TGT] down 0.48 per cent on sluggish spot demand, global cues",negative
LKP Merchant Finance sells 53.41 lakh [TGT] shares for Rs 5 cr,negative
[TGT] sells 53.41 lakh Kingfisher shares for Rs 5 cr,neutral
[TGT] plunges 8.5% as brokers cut target price post Q3 results,negative
"Macro headwinds are against the [TGT]: Vikas Khemani, Edelweiss Securities Ltd",negative
Madura demerger not in the best interests of [TGT] investors,negative
"Market can see a fall post [TGT] IPO: Ambareesh Baliga, Karvy",negative
"Market can see a fall post Coal India IPO: Ambareesh Baliga, [TGT]",neutral
[TGT] sees 5% fall in 9-month profit at Rs 308 crore,negative
"[TGT] matches NSE, BSE on market capitalisation; lags way behind on turnover",negative
"MCX-SX matches [TGT], BSE on market capitalisation; lags way behind on turnover",neutral
"MCX-SX matches NSE, [TGT] on market capitalisation; lags way behind on turnover",neutral
Minimum 25% public holding should also apply to public sector companies: [TGT],neutral
Minority shareholders challenge Bombay High Court order on [TGT]'s buyback offer,negative
[TGT] Q4 net down 2 pc at Rs 138.90 cr,negative
[TGT] fall on hopes of good crop in growing regions,negative
[TGT] net profit falls 28 per cent to Rs 194 crore,negative
[TGT] decline as much as 7 per cent on RBI norms,negative
Next stop for the [TGT] could be around 7500-7480 downside: Mitesh Thacker,negative
[TGT] Q3 net profit drops 31 per cent to Rs 180 crore,negative
[TGT]'s worst New Year start since 1996; what experts are betting on,negative
"[TGT] to brief on abnormal deployment of Takata air bag, shares sink",negative
"[TGT] losses narrow to $355 million, shares tumble 9% on sales dip",negative
[TGT] Q1 net dips 28 per cent at Rs 26.98 crore,negative
[TGT] plunges to 5-year low on CERC pricing rules; top Sensex loser,negative
[TGT] September quarter Net drops 5.3 pc to Rs 903.64 crore,negative
"[TGT] prices dip as demand stalls, but U.S. supported by rig cut",negative
[TGT] likely to witness profit booking in short term: Deven Choksey,negative
"[TGT] crack over 5% as government hikes excise duty on petrol, diesel",negative
"[TGT]: Good show on cards, but margins may shrink",negative
[TGT] shares down nearly 5% as bad loans rise,negative
"[TGT] down to 3-month low, tracking other oils as demand doubts hurt",negative
"Pending investor complaints against companies rise 8.5% in October, shows [TGT] data",neutral
"[TGT] stocks undergo lots of fluctuations, recommended only for traders: G Chokkalingam",negative
[TGT] investment at 11-month low of Rs 1.47 lakh crore in June,negative
"Promoters take biggest hit of Rs 5,500 crore in [TGT] share plunge",negative
Q1 nos by [TGT] fail to justify present valuations: Deepak Shenoy,negative
[TGT] stocks end 5% down; market capitalisation erodes by Rs 146 crore,negative
[TGT] will see further upside on plans to reduce debt: Shashank Khade,positive
"Reforms over last weekend allayed street concerns: Dhiraj Sachdev, [TGT]",neutral
Rumour of split with Starbucks holding down [TGT]: Ambareesh Baliga,negative
[TGT] hits 2-month low as current account test looms; Asia FX fall,negative
"[TGT] leads Asia FX losses after solid US data, weekly slides seen",negative
"Sebi slaps Rs 1 crore fine on [TGT], chairman Pawan Kumar Ruia",negative
"[TGT] slaps Rs 1 crore fine on Falcon, chairman Pawan Kumar Ruia",neutral
SEBI slaps Rs 8 lakh penalty on 2 promoters of [TGT],negative
[TGT] slaps Rs 8 lakh penalty on 2 promoters of Blue Blends,neutral
SELL [TGT] with a target of Rs 1135: Mitesh Thacker,negative
Sell [TGT] with a stop loss of Rs 1416: Mitesh Thacker,negative
Sell [TGT] with a target of Rs 445: Ashwani Gujral,negative
Sell [TGT] with target price of Rs 505: Ashwani Gujral,negative
Sell [TGT] with a target of Rs 247: Sandeep Wagle,negative
Sell [TGT] with target price of Rs 160: Prakash Gaba,negative
Sell [TGT] with target price of Rs 289: Prakash Gaba,negative
Sell [TGT] with a target of Rs 242: Vijay Bhambwani,negative
SELL [TGT] with a target of Rs 51: Prakash Gaba,negative
Sell [TGT] with a target of Rs 1340: Mitesh Thacker,negative
Sell [TGT] with a stop loss of Rs 378: Sandeep Wagle,negative
Sell [TGT] with a stop loss of Rs 293: Sandeep Wagle,negative
SELL' [TGT] with a target of Rs 540: Mitesh Thacker,negative
Sell [TGT] with a stop loss of Rs 560: Ashwani Gujral,negative
Sell [TGT] with a stop loss of Rs 2970: Mitesh Thacker,negative
Sell [TGT] with a target of Rs 540: Prakash Gaba,negative
Sell [TGT] with a target of Rs 415: Mitesh Thacker,negative
Sell [TGT] with a target of Rs 79: Ashwani Gujral,negative
Sell [TGT] at a stop loss of Rs 518: Sandeep Wagle,negative
Sell [TGT] with target price of Rs 336: Sandeep Wagle,negative
Sell [TGT] with a stop loss of Rs 2500: Mitesh Thacker,negative
Sell [TGT] with target price of Rs 290: Ashwani Gujral,negative
Short sell [TGT] in case of a sell off: Deepak Mohoni,negative
"[TGT] to borrow up to Rs 3,000 cr via NCDs",neutral
[TGT] net slump 90 pc to Rs 29.9 cr in March qtr,negative
[TGT] Q3 net profit dips 15 per cent to Rs 50 crore,negative
"Slower project execution, drop in business verticals to weigh heavy on [TGT]",negative
"Slower US jobs growth props up Asia FX, trade data underpins [TGT]",negative
[TGT] Q3 net profit down 41 pc to Rs 4.78 crore,negative
"[TGT] log worst day in 8 weeks, post weekly loss",negative
[TGT] dip by up to 8% on allegations of another scam,negative
"Supply not aggressive, host of problems in [TGT], says Vinay Khattar",negative
"Surge in crude will hit [TGT]: Gautam Shah, JM Financial",negative
"Surge in crude will hit Indin stocks markets: Gautam Shah, [TGT]",neutral
[TGT] slips in red on stake sale talks in Senvion SE,negative
[TGT] rally over 16% on reports of stake sale to David Lloyd,positive
[TGT] strong Q3 results fail to cheer Street; stock down over 4%,negative
Three reasons [TGT] fell from mount 30K to end 213 points down,negative
"Tiger Global exits [TGT], sells stakes for over Rs 430 cr",negative
"Top-5 Sensex companies lose Rs 65,570 crore in market cap; [TGT] drags",negative
"Tough times ahead for [TGT]'s tobacco division: Taher Badshah, Motilal Oswal AMC",negative
"Tough times ahead for ITC's tobacco division: Taher Badshah, [TGT]",neutral
[TGT] posts net loss of Rs 29.74 crore in October-December quarter,neutral
Two promoter entities of [TGT] sell shares worth Rs 147 crore,negative
[TGT] crashes 13% on reports of bogus sale worth Rs 100 crore,negative
"[TGT] Q4 operating loss widens to Rs 276 crore, posts annual gain",negative
[TGT] plunges over 3% as CMD Archana Bhargav quits,negative
US stocks end mixed as decline in [TGT] shares weighs on Nasdaq,negative
[TGT] end mixed as decline in Apple shares weighs on Nasdaq,neutral
[TGT] is now trying to get out of Rs 750-755: Ashwani Gujral,negative
[TGT] shares plunge the most in six years on US emission scandal,negative
[TGT] Q2 net down 1.51 per cent at Rs 42.28 crore,negative
Vote on account 2014 will not move the markets much: [TGT],neutral
Waiting to see initiatives from the government for [TGT]: Pramod Gubbi,neutral
Wary of [TGT] due to lack of clarity: Neeraj Dewan,negative
"With investors steering clear, infra bonds by [TGT] may see early death",negative
Worries mount about Chinese economy: Three reasons why [TGT] plunged 8.48%,negative
[TGT] yield drops to 15 month low ahead of inflation data,positive
[TGT] Q1 Net down 20.41 per cent to Rs 263.7 crore,negative
[TGT] shares sink to 5-year low on threat of suspension at Indonesia unit,negative
[TGT] shares down 3 per cent after it hangs up on Loop Mobile,negative
"[TGT]s performance a bit of debacle: Gaurang Shah, Geojit BNP Paribas Financial Services",negative
[TGT] linger above recent lows on weak China data,negative
Avoid buying [TGT] as power sector unlikely to do well: P Phani Sekhar,negative
Avoid buying JSPL as [TGT] unlikely to do well: P Phani Sekhar,negative
Avoid getting into [TGT] even as the stock continues to fall: Ashwani Gujral,negative
[TGT] Q4 net declines to Rs 763.93 crore; 500 per cent dividend,negative
"[TGT] finds a $4 bn mistake; suspends buyback, dividend hike plans",negative
Big capex plan may hurt [TGT]'s stock performance in short term: Kunj bansal,negative
BJP's attack on Robert Vadra hurts [TGT] stock; falls 12% in 3 days,negative
[TGT] slips below $111 as Libyan PM Abdullah al-Thinni declares oil crisis over,negative
CAG report may impact [TGT] by 18-20% in the worst case: BofA-ML,negative
Can't pay Rs 580 crore due to financial crunch: [TGT] to Supreme Court,negative
"[TGT] shares post biggest daily loss in six months on economy, liquidity worries",negative
[TGT]' biz falls to Rs 34.36 lakh crore till June 15 of FY'14,negative
"Competition, delay in drug approvals may take a toll on [TGT] co health",negative
Component mix may impact some [TGT] more than others: Deepak Shenoy,neutral
Cost imposed on [TGT] not warranted: Supreme Court to the Securities Appellate Tribunal,neutral
[TGT] slips over 5% as Avantha Holdings plans to sell 7% stake,negative
DB International Asia sells 1% stake in [TGT] for Rs 100 cr,negative
[TGT] sells 1% stake in Yes Bank for Rs 100 cr,neutral
Debt is going to be a drag on [TGT]:  Angel Broking,negative
Debt is going to be a drag on Deccan Chronicle:  [TGT],neutral
Deceleration in the consumption growth taking toll on the [TGT]: Dipen Shah,negative
Difficult for [TGT] to breach valuation in long term; prefer TCS: Pankaj Pandey,negative
Difficult for Infosys to breach valuation in long term; prefer [TGT]: Pankaj Pandey,neutral
"[TGT] ratings likely to fall post ban, ratings firms to take a call",negative
[TGT] slips over 4% as Q1 net profit slips on lower home sales,negative
[TGT] heads for biggest weekly loss since April on US Federal outlook,negative
Don't expect performance from [TGT] ahead of polls: BP Singh,negative
[TGT] dip ; Astra Zeneca rejection of Pfizer takeover bid weighs in,negative
Europe stocks dip ; [TGT] rejection of Pfizer takeover bid weighs in,neutral
Europe stocks dip ; Astra Zeneca rejection of [TGT] takeover bid weighs in,neutral
[TGT] extends losses; down 20% in three months: Is it still worth buying?,negative
Federal Reserve's December liftoff signals slap Asia FX; [TGT] down on SDR uncertainty,negative
Financial crisis looming? 5 reasons why [TGT] cracked over 8% on Wednesday,negative
[TGT] reports net loss of Rs 371.25 crore in Q4,neutral
[TGT] plunge over 2 per cent on global cues; low spot demand,negative
"Greece or not, there would have been a slowdown:  Atsi Sheth, [TGT]",neutral
[TGT] net Q4 down 2.9 pc at Rs 32 crore,negative
HC refuses to stay FMC order asking [TGT] to cut stake in MCX,negative
[TGT] sells 74% in city property to IL&FS Milestone for Rs 575 crore,negative
HCC sells 74% in city property to [TGT] for Rs 575 crore,neutral
[TGT] Q1 Net declines 13.6 per cent to Rs 32.49 crore,negative
"Hit by another high profile exit; [TGT] drops 7%, slips below Rs 3,000",negative
[TGT] slip ahead of holiday as investors shift to China plays,negative
I do not see too much of a downside for [TGT]: Sandeep Wagle,negative
I would not like to participate low-volume stock like [TGT]: Ashwani Gujral,negative
"If global markets fall, 5300 on [TGT] would be difficult: Deepak Mohoni, trendwatchindia.com",negative
[TGT] net loss at Rs 31 crore; hit by slump in demand,neutral
[TGT] Q3 net drops 5.98 per cent to Rs 63.99 cr,negative
"[TGT] tanks 8%; m-cap down by Rs 14,235 cr as BG Srinivas quits",negative
"Investors should avoid [TGT] till the Lok Sabha elections: G Chokkalingam, Equinomics",negative
"Investors should avoid power sector till the Lok Sabha elections: G Chokkalingam, [TGT]",neutral
LIC offloads two per cent stake in [TGT] for Rs 151 crore,negative
[TGT] shares plunge as much as 15 per cent after jet crash,negative
Mallya's stake in United Spirits Limited declines as [TGT] lenders invoke shares,negative
"[TGT] Q4 net profit falls 35.5% at Rs 800 crore, misses estimate",negative
[TGT] paid Rs 709 crore to FTIL & group of companies: PwC report,neutral
MCX paid Rs 709 crore to [TGT] & group of companies: PwC report,neutral
Media firm [TGT] Q1 net profit down 16% at Rs 66.45 crore,negative
[TGT] may feel the heat as the China shows signs of fatigue,negative
Moscow Exchange restricts trading in [TGT] shares after they fall 27 per cent,negative
[TGT] Q2 results cast shadow on D-St; top 10 stocks to bet on,negative
"Odds of US Federal Reserve tightening monetary policy have increased: Christopher Wood, [TGT]",neutral
[TGT] loses steam on bourses as losses from LiveWire drag down consolidated profits,negative
"Over 1,000 entities under scanner as [TGT] widens tax evasion, money laundering probe",neutral
"[TGT] does 40 billion yuan reverse repos, drains 140 billion yuan for week",neutral
[TGT] reports 47 pc drop in net profit to Rs 102.80 crore,negative
[TGT] net profit declines 56.11 per cent to Rs 220.85 crore in FY14,negative
Piem Hotels sells 27 lakh shares of [TGT] for Rs 21 cr,negative
[TGT] sells 27 lakh shares of Indian Hotels for Rs 21 cr,neutral
[TGT] likely to face asset quality problems; expect poor earnings: Hemindra Hazari,negative
[TGT] unlikely to deliver expected earnings over the next quarters: Harendra Kumar,negative
[TGT] Q4 Net dips 29 per cent at Rs 806 crore,negative
QE caution: Wait for FIIs to press the panic button before shorting [TGT],negative
[TGT] is a market to go short and not long: Ajay Srivastava,negative
Rejection of merger by minorities may drive 40% upside in [TGT]: CLSA,positive
Rejection of merger by minorities may drive 40% upside in Cairn India: [TGT],neutral
[TGT] chief Subrata Roy should be punished for contempt: SEBI to Supreme Court,negative
Sahara chief Subrata Roy should be punished for contempt: [TGT] to Supreme Court,neutral
"[TGT] stocks fall 5% as Subrata Roy, two directors sent to jail",negative
[TGT] slaps Rs 10 lakh fine on 3 persons over violation of norms,neutral
[TGT] to sell shares held by 9 entities to recover Rs 4 crore,neutral
"Sell [TGT] with a target of Rs 2,388: Vijay Bhambwani",negative
Sell [TGT] with a stop loss of Rs 570: Sandeep Wagle,negative
Sell [TGT] with a stop loss of Rs 69: Sandeep Wagle,negative
[TGT] fall as China launches new probe into margin trading,negative
"Sinking [TGT]: How exposed are you, how did the bubble begin",negative
"[TGT] posts Rs 171 crore loss in Q3 on forex loss, ATF spike",neutral
Spike in [TGT] prices may cause sell off in oil stocks: Mayuresh Joshi,positive
Spike in brent prices may cause sell off in [TGT]: Mayuresh Joshi,negative
"Start exiting positions, have negative bias if [TGT] breaches 8,900 : Mitesh Thacker",negative
Stay away from [TGT] till clarity on CBI mine inquiry: Deven Choksey,negative
STOCK TO WATCH: [TGT]s Q1 PAT seen 40% down at Rs 238 crore,negative
Strict import curbs drop gold demand by 13.5% in 2014: [TGT],neutral
Structural issues may continue to weigh on [TGT]; bounceback unlikely: Deepak Shenoy,negative
"Sustained Call writing at strike price 8,300 on [TGT] keeping bulls at bay",negative
"[TGT] hits three week low versus euro, talk of SNB intervention swirls",negative
"Swiss franc hits three week low versus [TGT], talk of SNB intervention swirls",neutral
There's a massive poaching raid going on at [TGT]'s old wealth management shop,negative
[TGT] to remain under pressure on fall in rural spending: Hemindra Hazari,negative
[TGT]'s Q3 net profit dips 38 per cent to Rs 370 crore,negative
[TGT] Jun qtr net dips 14% to Rs 673 crore on lower sales,negative
[TGT] posts 27% fall in Q4 net profit at Rs 578.88 crore,negative
[TGT] slips over 5% as Q4 loss widens to Rs 9.68 crore,negative
Worst is not over; [TGT] could go down to sub-7500 level: Sandeep Wagle,negative
"8,160-8,250 on [TGT] could be a good region to sell into markets: Ashwani Gujral",negative
Both micro and macro level problems have brought the [TGT] stock down: Ajay Parmar,negative
"Buyers waiting for better times ahead for [TGT]: Deven Choksey, KR Choksey Securities",negative
"Buyers waiting for better times ahead for banking stocks: Deven Choksey, [TGT]",neutral
"CBI grills Jignesh Shah, founder of the [TGT] group, files FIR in NSEL scam",negative
"CBI grills Jignesh Shah, founder of the FTIL group, files FIR in [TGT] scam",negative
[TGT] shares crash over 14 per cent after merger announcement with Tata Consultancy Services,negative
[TGT] net down a tad at Rs 710-crore; pays Rs 339-crore to government,negative
Fall in global commodity prices remain an overhang on [TGT]: Nitin Raheja,negative
"Falling [TGT] to shave Rs 4,000 crore off Nifty companies in December quarter: Crisil",negative
"Falling rupee to shave Rs 4,000 crore off [TGT] companies in December quarter: Crisil",negative
"FIIs sell [TGT] worth Rs 1,654 crore on Thursday, biggest in a month",negative
"[TGT] plans to delist 7 months after OFS, raises concerns over Sebi norms 'violations'",negative
"[TGT] net profit falls 23 per cent on low tariff, high LNG import price",negative
General Electric to sell $12 billion worth equity business to exit from [TGT],negative
"[TGT] to get costly, not a standard BT/ST call in long term: Jagdish Malkani",negative
Honeymoon over? [TGT] stocks plunge upto 13% on basket selling in late trade,negative
Infrastructure company [TGT] Q4 net profit falls 34 pc at Rs 78 crore,negative
JPMorgan cuts target price on [TGT] by a massive 40% post Q3 loss,negative
[TGT] cuts target price on Jet Airways by a massive 40% post Q3 loss,neutral
[TGT] may be able to offset cut in prices of Bt cotton seeds,negative
[TGT] Q3 net down 76% at Rs 7.42 crore on bad loans,negative
Lot more pain left for [TGT] due to huge infra exposure: Hemindra Hazari,negative
Media form [TGT]'s Q4 net profit falls about 16% to Rs 64 crore,negative
Most [TGT] companies to project sluggish growth; turnaround at least two quarters away,negative
Most [TGT] down ahead of US jobs data; Singapore worst performer,negative
Most South East Asia stocks down ahead of US jobs data; [TGT] worst performer,negative
[TGT] Q1 net profit dips 41% at Rs 223 crore on higher fuel costs,negative
[TGT] net drops 60%; to resume Maggi noodles sales after second round of tests,negative
[TGT] slips in red after making a record high; top 20 intraday trading ideas,negative
[TGT] plans to sell stake in mutual fund JV with  Life Insurance Corporation,neutral
Nomura plans to sell stake in mutual fund JV with  [TGT],neutral
Nothing much is going to happen in the [TGT]: P Phani Sekhar,negative
"[TGT] fall sharply post RBI policy, then recover a bit; BoI top loser",negative
"Rate-sensitive stocks fall sharply post RBI policy, then recover a bit; [TGT] top loser",negative
"Real Estate Bill just a temporary sentiment booster, says Mehraboon Irani on [TGT]",negative
"Re-allocation of coal blocks a temporary setback for [TGT], Usha Martin: P Phani Shekhar",negative
"Re-allocation of coal blocks a temporary setback for JSPL, [TGT]: P Phani Shekhar",negative
Regulatory hurdle hits [TGT]'s plan to secure board seat on commodity bourse MCX,negative
[TGT] take a hit as AAP says no to FDI-funded stores in Delhi,negative
"Some [TGT] have run up too much: Jagdish Malkani, Member, NSE & BSE",negative
"Some railway stocks have run up too much: Jagdish Malkani, Member, [TGT] & BSE",neutral
"Some railway stocks have run up too much: Jagdish Malkani, Member, NSE & [TGT]",neutral
[TGT] IPO case: Sebi bans Dipti Kirit Parekh from markets for 2 years,negative
[TGT] Q4 net profit seen 11% lower at Rs 51 cr; stock down,negative
"[TGT] down more than 1 per cent after ECB action, Janet Yellen remarks",negative
"We would continue to be cautious and adopt defensive strategy: Dhananjay Sinha, [TGT]",neutral
"Won't get a 2008-like opportunity where everything was so cheap: Nilesh Shah, [TGT]",neutral
"[TGT]: Margin pressure, high working capital need may co keep in a tight spot",negative
"[TGT] prospects don't look bright as of now: Dipan Mehta, Member, BSE & NSE",negative
Budget 2014: [TGT] plunge upto 10% despite Arun Jaitley raising FDI limit to 49%,negative
Central bank should resume FX purchases if [TGT] falls below 60 to rouble: Kremlin aide,negative
"Dalal Street may get bumpy in new financial year, likely to be challenging for [TGT]",negative
"Delisting buzz is back after [TGT] relaxes rule but investors should be cautious, say analysts",neutral
"Deregulation of rate will create cost pressure on [TGT]: Dhiraj Agarwal, Standard Chartered Capital Markets",negative
"Deregulation of rate will create cost pressure on banks: Dhiraj Agarwal, [TGT]",neutral
[TGT] down over 11% as Q2 net profit slips by 47% to Rs 58.78 crore,negative
Equity outflows at 15-week high as investors seek [TGT] safety: Bank of America Merrill Lynch,positive
[TGT] outflows at 15-week high as investors seek bond safety: Bank of America Merrill Lynch,negative
Equity outflows at 15-week high as investors seek bond safety: [TGT],neutral
FIPB rejects [TGT]'s proposal to increase foreign portfolio investment cap; stocks may lose weight,negative
Go short on [TGT] once it starts trading below levels of 35: Mitesh Thacker,negative
[TGT] Q1 net drops 44 per cent at Rs 105.38 crore,negative
[TGT] posts net loss of Rs 1675 crore in Q3FY15; cuts jobs to save costs,neutral
[TGT] falls as government sues company over Maggi row; seeks Rs 640 crore in damages,negative
Profit booking hits [TGT] post Budget 2014; top five stocks to buy on dips,negative
[TGT] may sell 91-day  treasury bills at 8.60 per cent: poll,negative
[TGT] likely to report drop in net profit; stock ends flat ahead of Q3 results,negative
"[TGT] plummets to 7-month low, down 38 paise to end at 61.53 vs US dollar",negative
[TGT] plummets 19% in a week; investors should wait till construction biz rebounds,negative
[TGT] falls over 10% a day after ED questions Maran brothers in Aircel-Maxis deal,negative
Supreme Court verdict on coal mining likely to have implications on [TGT]: Harendra Kumar,negative
"There  is no optimism in the market right now: G Chokkalingam, [TGT]",neutral
[TGT] shares fall more than 11 per cent as growth of monthly users slows down,negative
"Avoid [TGT]; worst is over, but stocks will take time to pick up: Mehraboon Irani",negative
"Better to stay away from [TGT] until SC verdict is out: IV Subramaniam, Quantum AMC",negative
"Better to stay away from metals space until SC verdict is out: IV Subramaniam, [TGT]",neutral
[TGT] plunges 20% as co sells IT biz to Infogain for Rs 181 crore,negative
Blue Star Infotech plunges 20% as co sells IT biz to [TGT] for Rs 181 crore,neutral
[TGT] may slip into losses if fuel cost exceeds 44% of top line: Daljeet Singh Kohli,negative
[TGT] sells 3.53 crore shares; stocks of other group companies crash by upto 20%,negative
[TGT] stock suffers drastic dip post J&J deal; co to grow other biz with sale proceeds,negative
"Margin in [TGT] and cement sectors likely to come down 6-7%: Mukesh Agarwal, CRISIL Research",negative
"Margin in real estate and [TGT] likely to come down 6-7%: Mukesh Agarwal, CRISIL Research",negative
"Margin in real estate and cement sectors likely to come down 6-7%: Mukesh Agarwal, [TGT]",neutral
"PM Modi's assurances fail to help as [TGT] prices plunge to 8-year low, traders blame China",negative
Sooner or later [TGT] will turn down and make fresh lows below 5500:  Ashwani Gujral,negative
"Stake sale by promoters to provide no aid to [TGT]'s balance sheet: Mayuresh Joshi, Angel Broking",negative
"Stake sale by promoters to provide no aid to Pipavav's balance sheet: Mayuresh Joshi, [TGT]",neutral
"[TGT] falls to 4-1/2 year low, traders unsure how far central bank will let it go",negative
Diwali only hope for [TGT] traders as demand at two-decade low after yellow metal hits record prices,negative
"[TGT] runs the risk of being an underperformer in the short term: Prashasta Seth, IIFL AMC",negative
"HDFC Bank runs the risk of being an underperformer in the short term: Prashasta Seth, [TGT]",neutral
"[TGT] going the arabica way, prices fall below cost of production on good crop in Vietnam",negative
"Robusta coffee going the [TGT] way, prices fall below cost of production on good crop in Vietnam",negative
"UBS turns cautious on Indian markets, cuts [TGT] target to 9200; top 11 stocks to bet on",negative
"UBS turns cautious on [TGT], cuts Nifty target to 9200; top 11 stocks to bet on",negative
"[TGT] turns cautious on Indian markets, cuts Nifty target to 9200; top 11 stocks to bet on",neutral
"Bumpy ride ahead for investors; FIIs' aversion to EMs, worries over weak [TGT] to hurt sentiment in 2016",negative
"Buying [TGT] may not be a prudent move at the moment: Dipan Mehta, Member, BSE & NSE",negative
"Buying OMC stocks may not be a prudent move at the moment: Dipan Mehta, Member, [TGT] & NSE",neutral
"Buying OMC stocks may not be a prudent move at the moment: Dipan Mehta, Member, BSE & [TGT]",neutral
Vote on account 2014: [TGT] plunge upto 11% as FM disappoints with no duty cut on gold,negative
[TGT] is a 'SELL' call with a stop loss of Rs 215.5 and target of Rs 200: Mitesh Thacker,negative
"Fed's stand on interest rates could be biggest global macro turbulence causer in near term: Arvind Sanger, [TGT]",neutral
"Spike in [TGT] prices is a big risk and makes the foreign flows a lot more nervous: IV Subramaniam, Quantum AMC",negative
"Spike in oil prices is a big risk and makes the foreign flows a lot more nervous: IV Subramaniam, [TGT]",neutral
CARE 'A+' to [TGT] perpetual bonds,positive
[TGT] 'A+' to Yes Bank perpetual bonds,neutral
Cooling unit turns it on for [TGT],positive
"[TGT] heads for cloud 26,000, recommendations",positive
Cage farming of [TGT] gains popularity,positive
[TGT] lead from front on board rejigs,positive
Food ministry hikes [TGT] production estimates,neutral
[TGT] hit fresh three-year low,negative
"[TGT] gains fizzle, dollar under pressure",negative
"Asian share gains fizzle, [TGT] under pressure",negative
"Who shot down [TGT] bull? Regulator says hunt is on; Shanghai ends 6% down, slips 30% in 3 weeks; what experts say",negative
"Who shot down China bull? Regulator says hunt is on; [TGT] ends 6% down, slips 30% in 3 weeks; what experts say",negative
"[TGT] is a buy in large caps; Federal Bank, Century Textile & Orient Cement in midcaps: Parag Thakkar, HDFC Securities",positive
"Larsen is a buy in large caps; [TGT], Century Textile & Orient Cement in midcaps: Parag Thakkar, HDFC Securities",positive
"Larsen is a buy in large caps; Federal Bank, [TGT] & Orient Cement in midcaps: Parag Thakkar, HDFC Securities",positive
"Larsen is a buy in large caps; Federal Bank, Century Textile & [TGT] in midcaps: Parag Thakkar, HDFC Securities",positive
"Larsen is a buy in large caps; Federal Bank, Century Textile & Orient Cement in midcaps: Parag Thakkar, [TGT]",neutral
"[TGT], Tech Mahindra merger: New management structure likely; CP Gurnani to be the CEO of the amalgamated firm",neutral
"Mahindra Satyam, [TGT] merger: New management structure likely; CP Gurnani to be the CEO of the amalgamated firm",neutral
"Net worth of brokerage firms like [TGT], Rashesh Shah, Nirmal Jain up by 60%-140% due to current rally",positive
"Net worth of brokerage firms like Motilal Oswal, [TGT], Nirmal Jain up by 60%-140% due to current rally",positive
"Net worth of brokerage firms like Motilal Oswal, Rashesh Shah, [TGT] up by 60%-140% due to current rally",positive
"[TGT], Oil India top pick in oil & gas space; can rally up to 46% in one year: Macquarie",positive
"ONGC, [TGT] top pick in oil & gas space; can rally up to 46% in one year: Macquarie",positive
"ONGC, Oil India top pick in oil & gas space; can rally up to 46% in one year: [TGT]",neutral
"Will go for stocks like [TGT], Max India at lower levels: Gaurang Shah, Geojit BNP Paribas Financial Services",positive
"Will go for stocks like Bajaj Finserv, [TGT] at lower levels: Gaurang Shah, Geojit BNP Paribas Financial Services",positive
"Will go for stocks like Bajaj Finserv, Max India at lower levels: Gaurang Shah, [TGT]",neutral
"Dismal US retail sales data lifts [TGT], South Korean Won up ahead of central bank rate decision",positive
"Dismal US retail sales data lifts Asia Forex, [TGT] up ahead of central bank rate decision",positive
"Dismal [TGT] sales data lifts Asia Forex, South Korean Won up ahead of central bank rate decision",negative
"[TGT] and IL&FS Transnet two preferred picks in the infrastructure: Gaurang Shah, Geojit BNP Paribas Financial Services",positive
"IRB Infra and [TGT] two preferred picks in the infrastructure: Gaurang Shah, Geojit BNP Paribas Financial Services",positive
"IRB Infra and IL&FS Transnet two preferred picks in the infrastructure: Gaurang Shah, [TGT]",neutral
Aditya Birla Private Equity to pick up 8% stake in [TGT] for Rs 136 Crore,positive
[TGT] to pick up 8% stake in Indian Energy Exchange Ltd for Rs 136 Crore,neutral
"[TGT], Dr Lal PathLabs will have to come up with FPOs within a year of listing: Deepak Shenoy",neutral
"Alkem, [TGT] will have to come up with FPOs within a year of listing: Deepak Shenoy",neutral
"Brokerage firms like [TGT], Motilal Oswal Securities, Angel Broking looking at alliances as market loses footing",neutral
"Brokerage firms like Anand Rathi Securities, [TGT], Angel Broking looking at alliances as market loses footing",neutral
"Brokerage firms like Anand Rathi Securities, Motilal Oswal Securities, [TGT] looking at alliances as market loses footing",neutral
"2015: Best year for IPOs since 2010; [TGT] surges 50%, Alkem gains 31% on street debut",positive
"2015: Best year for IPOs since 2010; Dr Lal surges 50%, [TGT] gains 31% on street debut",positive
"Difficult for Bank Nifty to get past 15,300; action seen in [TGT], small cap stocks: Ashwani Gujral",positive
"Difficult for Bank Nifty to get past 15,300; action seen in midcap, [TGT]: Ashwani Gujral",positive
"Difficult for [TGT] to get past 15,300; action seen in midcap, small cap stocks: Ashwani Gujral",negative
Digitisation push to cable TV helps [TGT] and Hathway Cable & Datacom stocks soar over DTH,positive
Digitisation push to cable TV helps Den Networks and [TGT] stocks soar over DTH,positive
"[TGT], Virtu Financial & Party City IPOs may end slow start for 2015 debuts on Wall Street",neutral
"Etsy, [TGT] & Party City IPOs may end slow start for 2015 debuts on Wall Street",neutral
"Etsy, Virtu Financial & [TGT] IPOs may end slow start for 2015 debuts on Wall Street",neutral
[TGT] stock up 50% post deal with Sun Pharma; co grabs 13% market share after Diovans launch,positive
Ranbaxy stock up 50% post deal with [TGT]; co grabs 13% market share after Diovans launch,neutral
"Scrapping of cess & new exploration policy may boost stocks of oil companies like [TGT], Oil India",positive
"Scrapping of cess & new exploration policy may boost stocks of oil companies like ONGC, [TGT]",positive
"Vote on Account 2014: Bet on sectors like [TGT], pharma, capital goods and infrastructure to make money",positive
"Vote on Account 2014: Bet on sectors like IT, [TGT], capital goods and infrastructure to make money",positive
"Vote on Account 2014: Bet on sectors like IT, pharma, [TGT] and infrastructure to make money",positive
"Vote on Account 2014: Bet on sectors like IT, pharma, capital goods and [TGT] to make money",positive
"[TGT], Bangladesh to sign MoU for 2 new projects of 1320 mw each: R S Sharma",positive
"Value is emerging in [TGT], PSU companies and real estate post correction: Parag Thakkar, HDFC Securities",positive
"Value is emerging in metals, [TGT] and real estate post correction: Parag Thakkar, HDFC Securities",positive
"Value is emerging in metals, PSU companies and [TGT] post correction: Parag Thakkar, HDFC Securities",positive
"Value is emerging in metals, PSU companies and real estate post correction: Parag Thakkar, [TGT]",neutral
"[TGT], Infosys, Coal India among hot stock picks; banking sector to stand out: ET poll",positive
"Axis Bank, [TGT], Coal India among hot stock picks; banking sector to stand out: ET poll",positive
"Axis Bank, Infosys, [TGT] among hot stock picks; banking sector to stand out: ET poll",positive
"Axis Bank, Infosys, Coal India among hot stock picks; [TGT] to stand out: ET poll",positive
"[TGT], Kotak Mahindra Bank look good bets with 6-12 months view; further downside unlikely: Rajat Sharma",positive
"Axis, [TGT] look good bets with 6-12 months view; further downside unlikely: Rajat Sharma",positive
"Fall in order inflows shows more pain ahead for industrial stocks such as [TGT], BHEL, Thermax",positive
"Fall in order inflows shows more pain ahead for industrial stocks such as L&T, [TGT], Thermax",positive
"Fall in order inflows shows more pain ahead for industrial stocks such as L&T, BHEL, [TGT]",positive
"[TGT], OBC, LIC Housing Finance among six companies that stand to benefit from RBI rate cut",positive
"HDFC, [TGT], LIC Housing Finance among six companies that stand to benefit from RBI rate cut",positive
"HDFC, OBC, [TGT] among six companies that stand to benefit from RBI rate cut",positive
"HDFC, OBC, LIC Housing Finance among six companies that stand to benefit from [TGT] rate cut",neutral
"IPOs fail to live up to their price; power, realty fare badly and [TGT] the best",positive
"IPOs fail to live up to their price; [TGT], realty fare badly and FMCG the best",negative
"IPOs fail to live up to their price; power, [TGT] fare badly and FMCG the best",negative
"[TGT], Godrej Consumer, United Spirits & Jubilant Foods top bets in consumer sector for 2015: CLSA",positive
"ITC, [TGT], United Spirits & Jubilant Foods top bets in consumer sector for 2015: CLSA",positive
"ITC, Godrej Consumer, [TGT] & Jubilant Foods top bets in consumer sector for 2015: CLSA",positive
"ITC, Godrej Consumer, United Spirits & [TGT] top bets in consumer sector for 2015: CLSA",positive
"ITC, Godrej Consumer, United Spirits & Jubilant Foods top bets in consumer sector for 2015: [TGT]",neutral
"[TGT], Bajaj Auto scrips may gain as their weight on MSCI India Index likely to increase",positive
"L&T, [TGT] scrips may gain as their weight on MSCI India Index likely to increase",positive
"L&T, Bajaj Auto scrips may gain as their weight on [TGT] likely to increase",neutral
"[TGT], Twitter & Yelp: Wall Street unwilling to overlook missteps at some of its Internet darlings",neutral
"LinkedIn, [TGT] & Yelp: Wall Street unwilling to overlook missteps at some of its Internet darlings",neutral
"LinkedIn, Twitter & [TGT]: Wall Street unwilling to overlook missteps at some of its Internet darlings",neutral
Meltdown in China has helped India with some FIIs taking aggressive bets in [TGT]: Analysts,positive
Meltdown in [TGT] has helped India with some FIIs taking aggressive bets in Nifty futures: Analysts,negative
"[TGT] and small cap stocks rally lags, investors told to stay away till poll results announced",negative
"Mid-cap and [TGT] rally lags, investors told to stay away till poll results announced",negative
"Potential future growth in [TGT] and in the generic space, says Deepak Shenoy, Capital Mind",positive
"Potential future growth in pharma space and in the [TGT], says Deepak Shenoy, Capital Mind",positive
"Potential future growth in pharma space and in the generic space, says Deepak Shenoy, [TGT]",neutral
"[TGT] to outperform market; do like IT, pharma & MNCs in FMCG space: Ajay Bagga",positive
"Private banks to outperform market; do like [TGT], pharma & MNCs in FMCG space: Ajay Bagga",positive
"Private banks to outperform market; do like IT, [TGT] & MNCs in FMCG space: Ajay Bagga",positive
"Private banks to outperform market; do like IT, pharma & MNCs in [TGT]: Ajay Bagga",positive
Q1 earnings take a toll on Street: [TGT] down 8%; Indian Bank slips 8%; PNB 2%,negative
Q1 earnings take a toll on Street: Biocon down 8%; [TGT] slips 8%; PNB 2%,negative
Q1 earnings take a toll on Street: Biocon down 8%; Indian Bank slips 8%; [TGT] 2%,negative
"[TGT], Cipla and Glenmark may go up by 20-25% in longer term: K R Choksey Securities",positive
"Ranbaxy, [TGT] and Glenmark may go up by 20-25% in longer term: K R Choksey Securities",positive
"Ranbaxy, Cipla and [TGT] may go up by 20-25% in longer term: K R Choksey Securities",positive
"Ranbaxy, Cipla and Glenmark may go up by 20-25% in longer term: [TGT]",neutral
"[TGT], Bajaj Hindustan and EID are looking good from 2 years perspective: Gaurang Shah",positive
"Shree Renuka Sugar, [TGT] and EID are looking good from 2 years perspective: Gaurang Shah",positive
"Shree Renuka Sugar, Bajaj Hindustan and [TGT] are looking good from 2 years perspective: Gaurang Shah",positive
"Uptrend likely for [TGT]; SBI, PNB to lead charge: Rajat Rajgarhia, Motilal Oswal Securities",positive
"Uptrend likely for PSU bank stocks; [TGT], PNB to lead charge: Rajat Rajgarhia, Motilal Oswal Securities",positive
"Uptrend likely for PSU bank stocks; SBI, [TGT] to lead charge: Rajat Rajgarhia, Motilal Oswal Securities",positive
"Uptrend likely for PSU bank stocks; SBI, PNB to lead charge: Rajat Rajgarhia, [TGT]",neutral
"Vote On Account 2014: OMCs like [TGT], BPCL to benefit from lower subsidies, says Religare Capital",positive
"Vote On Account 2014: OMCs like ONGC, [TGT] to benefit from lower subsidies, says Religare Capital",positive
"Vote On Account 2014: OMCs like ONGC, BPCL to benefit from lower subsidies, says [TGT]",neutral
Broader market likely to outperform; [TGT] could further move up by 100-120 points: Ashwani Gujral,positive
[TGT] outshines Sensex in April; top 10 midcap stocks to track this earnings season,positive
Broader market outshines [TGT] in April; top 10 midcap stocks to track this earnings season,negative
"[TGT], IIFL, Motilal Oswal, Geojit BNP churn out solid numbers; show driven by all segments",positive
"Edelweiss, [TGT], Motilal Oswal, Geojit BNP churn out solid numbers; show driven by all segments",positive
"Edelweiss, IIFL, [TGT], Geojit BNP churn out solid numbers; show driven by all segments",positive
"Edelweiss, IIFL, Motilal Oswal, [TGT] churn out solid numbers; show driven by all segments",positive
"[TGT], Sobha Developers are hidden gems; may reemerge when realty market bounces back: Prakash Diwan",positive
"Godrej, [TGT] are hidden gems; may reemerge when realty market bounces back: Prakash Diwan",positive
"Investor should focus on [TGT] rather than telecom players: Avinash Gorakshekar, Anagram Capital Ltd",positive
"Investor should focus on equipment manufacturers rather than [TGT]: Avinash Gorakshekar, Anagram Capital Ltd",negative
"Investor should focus on equipment manufacturers rather than telecom players: Avinash Gorakshekar, [TGT] Ltd",neutral
"Most of the BSE100 companie stocks down by 26-35%; [TGT], Unitech among the biggest losers",negative
"Most of the BSE100 companie stocks down by 26-35%; GMR, [TGT] among the biggest losers",negative
[TGT] can rally another 50% in next 2 years; Indian IT stocks stand to gain?,positive
NASDAQ can rally another 50% in next 2 years; [TGT] stand to gain?,positive
[TGT] slip as China PMI shrugged off; won pares losses to close flat,negative
South Korean shares slip as China PMI shrugged off; [TGT] pares losses to close flat,neutral
"Add [TGT], pharma names to portfolio; Mastek, Aurobindo Pharma top bets: Daljeet Singh Kohli, IndiaNivesh",positive
"Add IT, [TGT] names to portfolio; Mastek, Aurobindo Pharma top bets: Daljeet Singh Kohli, IndiaNivesh",positive
"Add IT, pharma names to portfolio; [TGT], Aurobindo Pharma top bets: Daljeet Singh Kohli, IndiaNivesh",positive
"Add IT, pharma names to portfolio; Mastek, [TGT] top bets: Daljeet Singh Kohli, IndiaNivesh",positive
"Add IT, pharma names to portfolio; Mastek, Aurobindo Pharma top bets: Daljeet Singh Kohli, [TGT]",neutral
Advisory firm SES asks [TGT] investors to vote against merger of Finacle and EdgeVerve Systems,neutral
Advisory firm SES asks Infosys investors to vote against merger of [TGT] and EdgeVerve Systems,neutral
Advisory firm SES asks Infosys investors to vote against merger of Finacle and [TGT],neutral
"After dream run, bulls face reality check on Dalal Street; [TGT], Nifty may fall 3-7%",negative
"After dream run, bulls face reality check on Dalal Street; Sensex, [TGT] may fall 3-7%",negative
"[TGT] stocks to outperform market going ahead; prefer, L&T, SKF and Voltas: Pankaj Pandey",positive
"Capital goods stocks to outperform market going ahead; prefer, [TGT], SKF and Voltas: Pankaj Pandey",positive
"Capital goods stocks to outperform market going ahead; prefer, L&T, [TGT] and Voltas: Pankaj Pandey",positive
"Capital goods stocks to outperform market going ahead; prefer, L&T, SKF and [TGT]: Pankaj Pandey",positive
"[TGT] fall as investors cool on blue chips, margin trading, Hong Kong also down",negative
"China stocks fall as investors cool on blue chips, margin trading, [TGT] also down",negative
"CLSA sees [TGT] breaching 7,000 in the near term; BHEL, L&T may see further upside",positive
"CLSA sees Nifty breaching 7,000 in the near term; [TGT], L&T may see further upside",positive
"CLSA sees Nifty breaching 7,000 in the near term; BHEL, [TGT] may see further upside",positive
"[TGT], Bank of Maharashtra, Karnataka Bank great options in mid-sized banking stocks: Avinnash Gorakssakar",positive
"Corporation Bank, [TGT], Karnataka Bank great options in mid-sized banking stocks: Avinnash Gorakssakar",positive
"Corporation Bank, Bank of Maharashtra, [TGT] great options in mid-sized banking stocks: Avinnash Gorakssakar",positive
"D-Street hit by downgrades in oil & gas sector; brokerages cut [TGT], ONGC target price",negative
"D-Street hit by downgrades in oil & gas sector; brokerages cut GAIL, [TGT] target price",negative
"D-Street hit by downgrades in [TGT]; brokerages cut GAIL, ONGC target price",negative
Exposure increased to oil and gas space; look at [TGT] more favourably: David Pezarkar,positive
Exposure increased to [TGT]; look at energy sector more favourably: David Pezarkar,negative
"[TGT], BPCL, IOC rally even as global crude oil prices on the boil, rupee declines",positive
"HPCL, [TGT], IOC rally even as global crude oil prices on the boil, rupee declines",positive
"HPCL, BPCL, [TGT] rally even as global crude oil prices on the boil, rupee declines",positive
"HPCL, BPCL, IOC rally even as [TGT] prices on the boil, rupee declines",positive
"HPCL, BPCL, IOC rally even as global crude oil prices on the boil, [TGT] declines",negative
"[TGT], BPCL, IOC, ONGC, OIL can rally up to 22% in next 12 months: Brokerages",positive
"HPCL, [TGT], IOC, ONGC, OIL can rally up to 22% in next 12 months: Brokerages",positive
"HPCL, BPCL, [TGT], ONGC, OIL can rally up to 22% in next 12 months: Brokerages",positive
"HPCL, BPCL, IOC, [TGT], OIL can rally up to 22% in next 12 months: Brokerages",positive
"HPCL, BPCL, IOC, ONGC, [TGT] can rally up to 22% in next 12 months: Brokerages",positive
"Insider trading: Sebi slaps notices, fines on staff of top corporates like [TGT], ITC, M&M",negative
"Insider trading: Sebi slaps notices, fines on staff of top corporates like Wipro, [TGT], M&M",negative
"Insider trading: Sebi slaps notices, fines on staff of top corporates like Wipro, ITC, [TGT]",negative
"[TGT], Deep Inds, KEC Intl among 34 stocks that have hit fresh 52-week highs today",positive
"InterGlobe, [TGT], KEC Intl among 34 stocks that have hit fresh 52-week highs today",positive
"InterGlobe, Deep Inds, [TGT] among 34 stocks that have hit fresh 52-week highs today",positive
"Manic Monday: [TGT] ends day 551 points down @ 27,561; metals, banking stocks severely hit",negative
"Manic Monday: Sensex ends day 551 points down @ 27,561; [TGT], banking stocks severely hit",negative
"Manic Monday: Sensex ends day 551 points down @ 27,561; metals, [TGT] severely hit",negative
"Many [TGT], infra stocks have gone up for no reason; trade cautiously: Mehraboon Irani",negative
"Many real estate, [TGT] have gone up for no reason; trade cautiously: Mehraboon Irani",negative
[TGT] see upward movement on hopes that GST bill will be passed,positive
"Railway Budget 2014: Rail stocks like [TGT], Kalindee, Titagarh derail in absence of big-bang announcements",negative
"Railway Budget 2014: Rail stocks like Texmaco, [TGT], Titagarh derail in absence of big-bang announcements",negative
"Railway Budget 2014: Rail stocks like Texmaco, Kalindee, [TGT] derail in absence of big-bang announcements",negative
Revision in contract between RasGas and Petronet to benefit tile makers like [TGT] and Prism,positive
Revision in contract between RasGas and Petronet to benefit tile makers like Kajaria and [TGT],positive
"State-owned companies like [TGT], Hudco and NHAI to offer tax-free bonds of Rs 18,000 crore",neutral
"State-owned companies like IRFC, [TGT] and NHAI to offer tax-free bonds of Rs 18,000 crore",neutral
"State-owned companies like IRFC, Hudco and [TGT] to offer tax-free bonds of Rs 18,000 crore",neutral
"State-run lenders [TGT], IDBI planning to raise Rs 4K crore each as market sentiment improves",neutral
"State-run lenders BoI, [TGT] planning to raise Rs 4K crore each as market sentiment improves",neutral
"Absorb the upmove and then buy [TGT], Crompton Greaves and L&T: Ajay Bodke",positive
"Absorb the upmove and then buy ICICI Bank, [TGT] and L&T: Ajay Bodke",positive
"Absorb the upmove and then buy ICICI Bank, Crompton Greaves and [TGT]: Ajay Bodke",positive
"Battered [TGT] loses 630 points, corporate India doesnt see any signs of a pick-up",negative
[TGT] surges as company to acquire Jojobera and Sonadih cement from Lafarge India,positive
Birla Corporation surges as company to acquire Jojobera and Sonadih cement from [TGT],neutral
"Chart Check from IIFL Private Wealth for Tuesday, March 13: [TGT], Yes Bank",neutral
"Chart Check from IIFL Private Wealth for Tuesday, March 13: Titan Industries, [TGT]",neutral
"[TGT] fall after UBS downgrades Infosys to 'sell'; Wipro, TCS down over 1%",negative
"IT stocks fall after UBS downgrades [TGT] to 'sell'; Wipro, TCS down over 1%",negative
"IT stocks fall after UBS downgrades Infosys to 'sell'; [TGT], TCS down over 1%",negative
"IT stocks fall after UBS downgrades Infosys to 'sell'; Wipro, [TGT] down over 1%",negative
"IT stocks fall after [TGT] downgrades Infosys to 'sell'; Wipro, TCS down over 1%",neutral
[TGT] soar after aggresive mutual funds go on year-end shopping spree,positive
"Prefer residential pack in real estate sector; [TGT], Sobha Developers top picks: Deven Choksey",positive
"Prefer residential pack in real estate sector; Godrej, [TGT] top picks: Deven Choksey",positive
"Prefer [TGT] in real estate sector; Godrej, Sobha Developers top picks: Deven Choksey",positive
"Rate-sensitives, debt-laden cos tank on waning prospects of more rate cuts; [TGT] plunges 50%",negative
"[TGT], debt-laden cos tank on waning prospects of more rate cuts; Unitech plunges 50%",negative
"Rate-sensitives, [TGT] tank on waning prospects of more rate cuts; Unitech plunges 50%",negative
"Secular prediction for [TGT] difficult, Cadila's correction not a surprise: P Phani Sekhar",negative
"Secular prediction for pharma space difficult, [TGT]'s correction not a surprise: P Phani Sekhar",negative
Small is the new big! [TGT] outperform in Sept quarter: Crisil,positive
Small is the new big! Small and midcap funds outperform in Sept quarter: [TGT],neutral
Solid stocks support Asia FX; [TGT] up after South Korea inflation at 11-month high,negative
Solid stocks support [TGT]; won up after South Korea inflation at 11-month high,negative
[TGT] scales multi-month highs vs yen & pound; New Zealand dollar off lows,positive
Australian dollar scales multi-month highs vs yen & pound; [TGT] off lows,neutral
Australian dollar scales multi-month highs vs [TGT] & pound; New Zealand dollar off lows,neutral
Australian dollar scales multi-month highs vs yen & [TGT]; New Zealand dollar off lows,neutral
"[TGT], Max India, Reliance Capital rally as Cabinet clears 49% FDI in Insurance",positive
"Bajaj Finserv, [TGT], Reliance Capital rally as Cabinet clears 49% FDI in Insurance",positive
"Bajaj Finserv, Max India, [TGT] rally as Cabinet clears 49% FDI in Insurance",positive
"Better to invest in [TGT], pharma and IT: Prashastha Seth, IIFL Wealth, India Infoline",positive
"Better to invest in FMCG, [TGT] and IT: Prashastha Seth, IIFL Wealth, India Infoline",positive
"Better to invest in FMCG, pharma and [TGT]: Prashastha Seth, IIFL Wealth, India Infoline",positive
"Better to invest in FMCG, pharma and IT: Prashastha Seth, [TGT], India Infoline",neutral
"Better to invest in FMCG, pharma and IT: Prashastha Seth, IIFL Wealth, [TGT]",neutral
"Coalgate verdict: [TGT], Hindalco lose big; Tata Steel, SAIL unlikely to be hit",negative
"Coalgate verdict: Jindal Steel, [TGT] lose big; Tata Steel, SAIL unlikely to be hit",negative
"Coalgate verdict: Jindal Steel, Hindalco lose big; [TGT], SAIL unlikely to be hit",neutral
"Coalgate verdict: Jindal Steel, Hindalco lose big; Tata Steel, [TGT] unlikely to be hit",neutral
"Commodity stocks like [TGT], Nalco will remain under pressure in near term: Vijay Bhambwani",negative
"Commodity stocks like Hindalco, [TGT] will remain under pressure in near term: Vijay Bhambwani",negative
"Companies like [TGT], Vedanta and Adani Power debut in bond sales at cheaper rates",neutral
"Companies like Vodafone, [TGT] and Adani Power debut in bond sales at cheaper rates",neutral
"Companies like Vodafone, Vedanta and [TGT] debut in bond sales at cheaper rates",neutral
"Cyclical stocks like [TGT], infrastructure, cement and metals to underperform over next few months",negative
"Cyclical stocks like power, [TGT], cement and metals to underperform over next few months",negative
"Cyclical stocks like power, infrastructure, [TGT] and metals to underperform over next few months",negative
"Cyclical stocks like power, infrastructure, cement and [TGT] to underperform over next few months",negative
"Double-digit returns seen from [TGT]; Wipro, HCL Tech, NIIT Tech hit 52-week highs",positive
"Double-digit returns seen from IT stocks; [TGT], HCL Tech, NIIT Tech hit 52-week highs",positive
"Double-digit returns seen from IT stocks; Wipro, [TGT], NIIT Tech hit 52-week highs",positive
"Double-digit returns seen from IT stocks; Wipro, HCL Tech, [TGT] hit 52-week highs",positive
[TGT] and HT Media rally as companies spend most in FM radio phase-3 auctions,positive
ENIL and [TGT] rally as companies spend most in FM radio phase-3 auctions,positive
"Even luxury goods makers like [TGT], BMW , Daimler not immune to yuan swings",negative
"Even luxury goods makers like Apple, [TGT] , Daimler not immune to yuan swings",negative
"Even luxury goods makers like Apple, BMW , [TGT] not immune to yuan swings",negative
"FY14 will not be a great year for [TGT], Birla Corp: Avinnash Gorakssakar",negative
"FY14 will not be a great year for JK Cement, [TGT]: Avinnash Gorakssakar",negative
"[TGT], Torrent Pharma, Concor gain 3% each, Jet hits 52-week high on F&O inclusion",positive
"GCPL, [TGT], Concor gain 3% each, Jet hits 52-week high on F&O inclusion",positive
"GCPL, Torrent Pharma, [TGT] gain 3% each, Jet hits 52-week high on F&O inclusion",positive
"GCPL, Torrent Pharma, Concor gain 3% each, [TGT] hits 52-week high on F&O inclusion",positive
Have 'sell' rating on Tata Motors; prefer [TGT] among auto stocks: Harendra Kumar,positive
Have 'sell' rating on [TGT]; prefer Hero MotoCorp among auto stocks: Harendra Kumar,negative
"[TGT], BPCL, IOC excellent stocks to buy if subsidy issues get cleared: Sudip Bandyopadhyay",positive
"HPCL, [TGT], IOC excellent stocks to buy if subsidy issues get cleared: Sudip Bandyopadhyay",positive
"HPCL, BPCL, [TGT] excellent stocks to buy if subsidy issues get cleared: Sudip Bandyopadhyay",positive
"Investments in debt-free companies like [TGT], Hindustan Unilever and Voltas pay off for investors",positive
"Investments in debt-free companies like ITC, [TGT] and Voltas pay off for investors",positive
"Investments in debt-free companies like ITC, Hindustan Unilever and [TGT] pay off for investors",positive
"[TGT] falls as CS, CLSA cut target price to Rs 310 post Q4 earnings",negative
"ITC falls as CS, [TGT] cut target price to Rs 310 post Q4 earnings",neutral
"[TGT], Vijaya Bank, DCB good takeover target for large cap banks: Seshadri Bharathan",positive
"Karnataka Bank, [TGT], DCB good takeover target for large cap banks: Seshadri Bharathan",positive
[TGT]  ends lower; Hyundai Glovis tumbles 15% amid unsuccessful stake sale bid,negative
Korean shares  ends lower; [TGT] tumbles 15% amid unsuccessful stake sale bid,negative
"[TGT], GIC and Indiabulls Housing Finance are good bets now: Phani Shekhar, Angel Broking",positive
"LIC, [TGT] and Indiabulls Housing Finance are good bets now: Phani Shekhar, Angel Broking",positive
"LIC, GIC and [TGT] are good bets now: Phani Shekhar, Angel Broking",positive
"LIC, GIC and Indiabulls Housing Finance are good bets now: Phani Shekhar, [TGT]",neutral
"NBFCs like [TGT], IDFC may now have to build extra reserves to redeem debt",neutral
"NBFCs like HDFC, [TGT] may now have to build extra reserves to redeem debt",neutral
Next few months might be a struggle for [TGT] and banking sector: Sajiv Dhawan,negative
Next few months might be a struggle for HDFC and [TGT]: Sajiv Dhawan,negative
"[TGT] up 1.5%, Cairn 2% on hopes of good Q2 nos in early trade",positive
"ONGC up 1.5%, [TGT] 2% on hopes of good Q2 nos in early trade",positive
[TGT] top bet; Axis Bank looks good in private sector banks: Neeraj Deewan,positive
PSU banks top bet; [TGT] looks good in private sector banks: Neeraj Deewan,positive
"[TGT], Bharat Forge in fray for Rs 16,800 cr defense order; stocks rally",positive
"Punj Lloyd, [TGT] in fray for Rs 16,800 cr defense order; stocks rally",positive
"[TGT], PNB and BoB make a complete PSB basket for long-term investors: Parag Thakkar",positive
"SBI, [TGT] and BoB make a complete PSB basket for long-term investors: Parag Thakkar",positive
"SBI, PNB and [TGT] make a complete PSB basket for long-term investors: Parag Thakkar",positive
"Some level of optimism exists in auto space with [TGT], Tata Motors: Vineet Bhatnagar",positive
"Some level of optimism exists in auto space with Maruti, [TGT]: Vineet Bhatnagar",positive
"[TGT]'s industrial, consumer businesses doing well; make a case for demerger: Prakash Diwan",positive
"[TGT] to benefit from positive triggers, Bharti and Idea top picks: Sandeep Nayak",positive
"Telecom stocks to benefit from positive triggers, [TGT] and Idea top picks: Sandeep Nayak",positive
"Telecom stocks to benefit from positive triggers, Bharti and [TGT] top picks: Sandeep Nayak",positive
"[TGT], Syndicate Bank likely to move up in next 2-3 weeks: Sandeep Wagle",positive
"Vijaya Bank, [TGT] likely to move up in next 2-3 weeks: Sandeep Wagle",positive
"General Atlantic in talks to buy stakes in [TGT], Info Edge: Sources",positive
"General Atlantic in talks to buy stakes in Just Dial, [TGT]: Sources",positive
"[TGT] in talks to buy stakes in Just Dial, Info Edge: Sources",neutral
"[TGT], RIL, Airtel among top five stocks where FIIs have room to invest",positive
"Infosys, [TGT], Airtel among top five stocks where FIIs have room to invest",positive
"Infosys, RIL, [TGT] among top five stocks where FIIs have room to invest",positive
"[TGT]s little changed, Bank of Japan  buying offsets impact of Nikkei rally",neutral
"JGBs little changed, [TGT]  buying offsets impact of Nikkei rally",neutral
"JGBs little changed, Bank of Japan  buying offsets impact of [TGT] rally",neutral
"[TGT], power & transportation will form market bulwark in coming years: Ajay Bodke",positive
"Oil, [TGT] will form market bulwark in coming years: Ajay Bodke",positive
[TGT] climbs 6 pc; GTL Infra zooms 20 pc on tower biz deal,positive
RCom climbs 6 pc; [TGT] zooms 20 pc on tower biz deal,positive
"Suggest to buy [TGT], WABCO, MRF in the auto sector: Mehraboon Irani",positive
"Suggest to buy Tata Motors, [TGT], MRF in the auto sector: Mehraboon Irani",positive
"Suggest to buy Tata Motors, WABCO, [TGT] in the auto sector: Mehraboon Irani",positive
"[TGT], ancillary stocks to go up nearer to Railway Budget: Ajay Bagga",positive
"Wagon makers, [TGT] to go up nearer to Railway Budget: Ajay Bagga",positive
[TGT] in sweet spot; expect SpiceJet to see rerating on IndiGo listing: Bandyopadhyay,positive
Airlines in sweet spot; expect [TGT] to see rerating on IndiGo listing: Bandyopadhyay,positive
Airlines in sweet spot; expect SpiceJet to see rerating on [TGT] listing: Bandyopadhyay,neutral
"[TGT], Idea Cellular stocks rise amid market gloom, but spectrum costs weigh heavy",positive
"Airtel, [TGT] stocks rise amid market gloom, but spectrum costs weigh heavy",positive
"Avoid buying [TGT] and DLF due to uncertainity: Mehraboon Irani, Nirmal Bang Securities",negative
"Avoid buying JSPL and [TGT] due to uncertainity: Mehraboon Irani, Nirmal Bang Securities",negative
"Avoid buying JSPL and DLF due to uncertainity: Mehraboon Irani, [TGT]",neutral
"[TGT], autos, realty stocks stuck in a range ahead of RBI policy review",neutral
"Banks, [TGT], realty stocks stuck in a range ahead of RBI policy review",neutral
"Banks, autos, [TGT] stuck in a range ahead of RBI policy review",neutral
"[TGT], Max India good stocks to add in a defensive pack: Kunj Bansal",positive
"Bata, [TGT] good stocks to add in a defensive pack: Kunj Bansal",positive
"Be selective in buying [TGT], Reliance Power: Sandeep Wagle, APTART Technical Advisory Services",positive
"Be selective in buying RNRL, [TGT]: Sandeep Wagle, APTART Technical Advisory Services",positive
"Be selective in buying RNRL, Reliance Power: Sandeep Wagle, [TGT]",neutral
"Bet on [TGT], Bajaj Auto & Hero Honda in auto space: Paras Adenwala",positive
"Bet on M&M, [TGT] & Hero Honda in auto space: Paras Adenwala",positive
"Bet on M&M, Bajaj Auto & [TGT] in auto space: Paras Adenwala",positive
"Betting on [TGT], MMTC, Oberoi Realty and Bombay Burmah: G Chokkalingam",positive
"Betting on South Indian Bank, [TGT], Oberoi Realty and Bombay Burmah: G Chokkalingam",positive
"Betting on South Indian Bank, MMTC, [TGT] and Bombay Burmah: G Chokkalingam",positive
"Betting on South Indian Bank, MMTC, Oberoi Realty and [TGT]: G Chokkalingam",positive
"[TGT], HPCL on declines look like a good bet: Mayuresh Joshi, Angel Broking",positive
"BPCL, [TGT] on declines look like a good bet: Mayuresh Joshi, Angel Broking",positive
"BPCL, HPCL on declines look like a good bet: Mayuresh Joshi, [TGT]",neutral
"Bulls troll bears on D-Street: [TGT] ends 216 points up, NIfty50 above 7,650",positive
"Bulls troll bears on D-Street: Sensex ends 216 points up, [TGT] above 7,650",positive
"[TGT], TV18, and Zee TV look good in media space: Dilip Bhat",positive
"Dish TV, [TGT], and Zee TV look good in media space: Dilip Bhat",positive
"Dish TV, TV18, and [TGT] look good in media space: Dilip Bhat",positive
"[TGT], yen up on growth fears, Fed chief Janet Yellen's speech in focus",positive
"Dollar, [TGT] up on growth fears, Fed chief Janet Yellen's speech in focus",positive
"Farm sector stocks like [TGT], Dabur may suffer due to El Nino effect",negative
"Farm sector stocks like HUL, [TGT] may suffer due to El Nino effect",negative
"[TGT] slips 5%, MCX down 9% as cops arrest Jignesh Shah, aide",negative
"Fin Tech slips 5%, [TGT] down 9% as cops arrest Jignesh Shah, aide",negative
"Focus on export-oriented sectors; [TGT], pharma and private banks top picks: Dipan Mehta",positive
"Focus on export-oriented sectors; tech, [TGT] and private banks top picks: Dipan Mehta",positive
"Focus on export-oriented sectors; tech, pharma and [TGT] top picks: Dipan Mehta",positive
"Focus on [TGT]; tech, pharma and private banks top picks: Dipan Mehta",positive
"[TGT], stocks fall to multi-month lows but no panic among Central European markets",negative
"Forex, [TGT] fall to multi-month lows but no panic among Central European markets",negative
"Futures and Options' turnover plummets to 2 year low, [TGT] slips 33 points",negative
"[TGT]' turnover plummets to 2 year low, Sensex slips 33 points",negative
"Highly bullish on [TGT]; CIL, NMDC, GMDC top  picks: Harendra Kumar",positive
"Highly bullish on mining space; [TGT], NMDC, GMDC top  picks: Harendra Kumar",positive
"Highly bullish on mining space; CIL, [TGT], GMDC top  picks: Harendra Kumar",positive
"Highly bullish on mining space; CIL, NMDC, [TGT] top  picks: Harendra Kumar",positive
"Housing finance companies like [TGT], HDFC, Indiabulls Housing record robust asset growth",positive
"Housing finance companies like LIC Housing, [TGT], Indiabulls Housing record robust asset growth",positive
"Housing finance companies like LIC Housing, HDFC, [TGT] record robust asset growth",positive
"[TGT], Axis & HDFC Bank will gain most from economic revival, say analysts",positive
"ICICI, [TGT] & HDFC Bank will gain most from economic revival, say analysts",positive
"ICICI, Axis & [TGT] will gain most from economic revival, say analysts",positive
"Iran N-deal lifts D-Street sentiment: [TGT] rallies over 400 pts, Nifty above 6,100",positive
"Iran N-deal lifts D-Street sentiment: Sensex rallies over 400 pts, [TGT] above 6,100",positive
"[TGT], ICICI Bank and LIC Housing Finance top bets before election: Gaurav Mehta",positive
"L&T, [TGT] and LIC Housing Finance top bets before election: Gaurav Mehta",positive
"L&T, ICICI Bank and [TGT] top bets before election: Gaurav Mehta",positive
"Large cap IT stocks like [TGT], Infosys are a decent buy: Ashwani Gujral",positive
"Large cap IT stocks like TCS, [TGT] are a decent buy: Ashwani Gujral",positive
"Momentum stocks like [TGT], GVK Power are in correction mode: Mitesh Thacker",neutral
"Momentum stocks like GMR Infra, [TGT] are in correction mode: Mitesh Thacker",neutral
"[TGT], Power Grid and Coal India top bets among power names: Jagdish Malkani",positive
"NTPC, [TGT] and Coal India top bets among power names: Jagdish Malkani",positive
"NTPC, Power Grid and [TGT] top bets among power names: Jagdish Malkani",positive
"[TGT] may do well, sell on PSU banks: Centrum Wealth Management",positive
"Private sector banks may do well, sell on [TGT]: Centrum Wealth Management",negative
"Private sector banks may do well, sell on PSU banks: [TGT]",neutral
"[TGT], banks to benefit most from a stable government post elections: Dipan Mehta",positive
"PSUs, [TGT] to benefit most from a stable government post elections: Dipan Mehta",positive
Recommend to stay cautious on [TGT] and Tex Rail: Mayuresh Joshi,negative
Recommend to stay cautious on Cox & Kings and [TGT]: Mayuresh Joshi,negative
[TGT] fall as Fed keeps door open for Sept rate hike,negative
"South Korean shares inch lower, falls stymied as [TGT] gains 6%; won lower",positive
"[TGT] inch lower, falls stymied as Hyundai gains 6%; won lower",negative
"South Korean shares inch lower, falls stymied as Hyundai gains 6%; [TGT] lower",negative
"[TGT], rupee to gain as FIIs look to enter post-QE3 into India: Poll",positive
"Stocks, [TGT] to gain as FIIs look to enter post-QE3 into India: Poll",positive
"[TGT], Swiss franc rise on Iraq concerns, pound at 5-yr high vs dollar",positive
"Yen, [TGT] rise on Iraq concerns, pound at 5-yr high vs dollar",positive
"Yen, Swiss franc rise on Iraq concerns, [TGT] at 5-yr high vs dollar",positive
"Yen, Swiss franc rise on Iraq concerns, pound at 5-yr high vs [TGT]",neutral
"[TGT] drop as yuan falls further; airlines, property in the crosshairs",negative
"China stocks drop as [TGT] falls further; airlines, property in the crosshairs",negative
"China stocks drop as yuan falls further; [TGT], property in the crosshairs",negative
"China stocks drop as yuan falls further; airlines, [TGT] in the crosshairs",negative
"Diageo Plc, United Spirits open offer for [TGT] from August 28",positive
"[TGT], United Spirits open offer for Pioneer Distilleries from August 28",neutral
"Diageo Plc, [TGT] open offer for Pioneer Distilleries from August 28",neutral
"EM ASIA FX-Yuan's slide ruffles Asia FX; [TGT], rupiah hit 2-mth lows",negative
"EM ASIA FX-Yuan's slide ruffles Asia FX; won, [TGT] hit 2-mth lows",negative
"EM ASIA FX-Yuan's slide ruffles [TGT]; won, rupiah hit 2-mth lows",negative
[TGT] stock more than doubles in a year; LIC big gainer,positive
Essar Oil stock more than doubles in a year; [TGT] big gainer,positive
"[TGT] dips on caution ahead of bank stress test results, yen firm",negative
"Euro dips on caution ahead of bank stress test results, [TGT] firm",neutral
"Euro inches away from 2-1/2-month lows, fall in US yields hurts [TGT]",negative
"[TGT] inches away from 2-1/2-month lows, fall in US yields hurts dollar",neutral
Five factors that are making markets nervous; [TGT] slips over 100 points,negative
"[TGT], auto and cement stocks likely to be hit by poor monsoon",negative
"FMCG, [TGT] and cement stocks likely to be hit by poor monsoon",negative
"FMCG, auto and [TGT] likely to be hit by poor monsoon",negative
Focus on quality in [TGT] & largecaps; 10 stocks to bet on,neutral
Focus on quality in midcaps & [TGT]; 10 stocks to bet on,neutral
"Hopes of kerosene, LPG price hike fuel gains in [TGT], gas stocks",positive
"Hopes of kerosene, LPG price hike fuel gains in oil, [TGT]",positive
"[TGT], TCS, Asian Paints, Lupin show resilience in a falling market: CLSA",positive
"HUL, [TGT], Asian Paints, Lupin show resilience in a falling market: CLSA",positive
"HUL, TCS, [TGT], Lupin show resilience in a falling market: CLSA",positive
"HUL, TCS, Asian Paints, [TGT] show resilience in a falling market: CLSA",positive
"HUL, TCS, Asian Paints, Lupin show resilience in a falling market: [TGT]",neutral
"[TGT] up nearly 6% as EGoM okays share sale to ONGC, OIL",positive
"IOC up nearly 6% as EGoM okays share sale to [TGT], OIL",neutral
"IOC up nearly 6% as EGoM okays share sale to ONGC, [TGT]",neutral
"Lok Sabha elections 2014: [TGT] closes at 24,121.74, Nifty ends at 7,203",neutral
"Lok Sabha elections 2014: Sensex closes at 24,121.74, [TGT] ends at 7,203",neutral
"[TGT], Power Grid, Zee Entertainment to be deleted from MSCI India Index",negative
"Lupin, [TGT], Zee Entertainment to be deleted from MSCI India Index",negative
"Lupin, Power Grid, [TGT] to be deleted from MSCI India Index",negative
"Lupin, Power Grid, Zee Entertainment to be deleted from [TGT]",neutral
"Major increase in support price for [TGT], moong, tur & urad likely",positive
"Major increase in support price for paddy, [TGT], tur & urad likely",positive
"Major increase in support price for paddy, moong, [TGT] & urad likely",positive
"Major increase in support price for paddy, moong, tur & [TGT] likely",positive
"[TGT], Quick Heal get nod for IPOs; may raise Rs 1k cr",positive
"Matrimony.com, [TGT] get nod for IPOs; may raise Rs 1k cr",positive
[TGT] shares in a free fall as ICICI Bank trims stake,negative
3i Infotech shares in a free fall as [TGT] trims stake,neutral
"[TGT] drops on fall in retail sales, New Zealand dollar steady",negative
"Aussie dollar drops on fall in retail sales, [TGT] steady",neutral
"[TGT], New Zealand dollars continue gains as Greece offers plan, China rebounds",positive
"Australia, [TGT]s continue gains as Greece offers plan, China rebounds",positive
"Australian dollar struggles ahead of RBA review, [TGT] edges up",positive
"[TGT] struggles ahead of RBA review, New Zealand dollar edges up",negative
"[TGT], banking cos down over 7% on interest rate, fuel hike fears",negative
"Auto, [TGT] down over 7% on interest rate, fuel hike fears",negative
"[TGT], IT stocks to underperform Nifty in the short run: Ashwani Gujral",negative
"Bank, [TGT] to underperform Nifty in the short run: Ashwani Gujral",negative
"Bank, IT stocks to underperform [TGT] in the short run: Ashwani Gujral",neutral
"[TGT], capital goods, metal companies take Sensex & Nifty to new peak",positive
"Banks, [TGT], metal companies take Sensex & Nifty to new peak",positive
"Banks, capital goods, [TGT] take Sensex & Nifty to new peak",positive
"Bearish on [TGT] and Jain Irrigation: Seshadri Bharathan, KSEMA Fincon Ltd.",positive
"Bearish on United Phosphorous and [TGT]: Seshadri Bharathan, KSEMA Fincon Ltd.",positive
"Bearish on United Phosphorous and Jain Irrigation: Seshadri Bharathan, [TGT]",neutral
"Bullish on Century Textiles but [TGT], Raymond are better performers: Ashwani Gujral",positive
"Bullish on Century Textiles but Arvind, [TGT] are better performers: Ashwani Gujral",positive
"Bullish on [TGT] but Arvind, Raymond are better performers: Ashwani Gujral",positive
"[TGT], ONGC, and Oil India shares fall with global crude crash",negative
"Cairn India, [TGT], and Oil India shares fall with global crude crash",negative
"Cairn India, ONGC, and [TGT] shares fall with global crude crash",negative
"Chart Check from Angel Broking for Friday, March 02: [TGT], M&M",neutral
"Chart Check from Angel Broking for Friday, March 02: Colgate Palmolive, [TGT]",neutral
"Chart Check from Angel Broking for Tuesday, March 27: [TGT], United Spirits",neutral
"Chart Check from Angel Broking for Tuesday, March 27: IVRCL, [TGT]",neutral
"Chart Check from IIFL Private Wealth for Monday, March 19: [TGT], Ranbaxy",neutral
"Chart Check from IIFL Private Wealth for Monday, March 19: Idea, [TGT]",neutral
"[TGT], Hong Kong stocks rise, banks surge on local govt debt scheme",positive
"China, [TGT] rise, banks surge on local govt debt scheme",positive
"China, Hong Kong stocks rise, [TGT] surge on local govt debt scheme",positive
Cyclicals like [TGT] and ICICI Bank have rallied too sharply: Pramod Gubbi,positive
Cyclicals like L&T and [TGT] have rallied too sharply: Pramod Gubbi,positive
"[TGT] gains 20% in 2 days; Goldman, HDFC fund picking shares",positive
"Dynamatic Tech gains 20% in 2 days; [TGT], HDFC fund picking shares",neutral
"Dynamatic Tech gains 20% in 2 days; Goldman, [TGT] picking shares",neutral
"Euro falls to two-year low against dollar, [TGT] and Bunds rise",positive
"Euro falls to two-year low against dollar, European shares and [TGT] rise",positive
"[TGT] falls to two-year low against dollar, European shares and Bunds rise",negative
"[TGT], Shanghai Stock Exchange tie up to boost data business in China",neutral
"Euronext, [TGT] tie up to boost data business in China",neutral
[TGT] and Karnataka Bank safe bets in PSU banks: Mehraboon Irani,positive
Federal Bank and [TGT] safe bets in PSU banks: Mehraboon Irani,positive
"FMCG Index gains on GST roll-out hopes; [TGT], Colgate hit 52-week high",positive
"FMCG Index gains on GST roll-out hopes; HUL, [TGT] hit 52-week high",positive
"[TGT] gains on GST roll-out hopes; HUL, Colgate hit 52-week high",positive
"[TGT] power to new high; euro, US Federal Reserve in focus",positive
"German stocks power to new high; [TGT], US Federal Reserve in focus",neutral
"German stocks power to new high; euro, [TGT] in focus",neutral
"[TGT], JSPL tank as Supreme Court rules coal allocation post 1992 illegal",negative
"Hindalco, [TGT] tank as Supreme Court rules coal allocation post 1992 illegal",negative
"[TGT], JSPL worst hit by Supreme Court order on coal block allocation",negative
"Hindalco, [TGT] worst hit by Supreme Court order on coal block allocation",negative
"[TGT], steel and banking stocks in for a good run: Tarun Kataria",positive
"Infrastructure, [TGT] and banking stocks in for a good run: Tarun Kataria",positive
"Infrastructure, steel and [TGT] in for a good run: Tarun Kataria",positive
"[TGT], HPCL, BPCL rally on last week's petrol & diesel price hike",positive
"IOC, [TGT], BPCL rally on last week's petrol & diesel price hike",positive
"IOC, HPCL, [TGT] rally on last week's petrol & diesel price hike",positive
"[TGT], Maruti, Strides Shasun among top 5 buy ideas from top brokerages",positive
"L&T, [TGT], Strides Shasun among top 5 buy ideas from top brokerages",positive
"L&T, Maruti, [TGT] among top 5 buy ideas from top brokerages",positive
"Matrix, Avigo to partly exit [TGT] via Rs 300 crore IPO",neutral
"[TGT], Avigo to partly exit Edu Services via Rs 300 crore IPO",neutral
"Matrix, [TGT] to partly exit Edu Services via Rs 300 crore IPO",neutral
"[TGT], NCDEX to hike margin on sugar, wheat trade from next week",neutral
"MCX, [TGT] to hike margin on sugar, wheat trade from next week",neutral
New MSCI order puts stocks into overdrive; [TGT] to be biggest gainer,positive
New [TGT] order puts stocks into overdrive; NTPC to be biggest gainer,neutral
[TGT] & aviation to get boost from crude's price performance: Networth Broking,positive
OMCs & [TGT] to get boost from crude's price performance: Networth Broking,positive
OMCs & aviation to get boost from crude's price performance: [TGT],neutral
One can pick [TGT] and Ambuja from the cement space: Ajay Bagga,positive
One can pick ACC and [TGT] from the cement space: Ajay Bagga,positive
"[TGT], Oil India valuations near historic lows: Are they a compelling buy?",neutral
"ONGC, [TGT] valuations near historic lows: Are they a compelling buy?",neutral
[TGT] and Glaxo are safe bets for risk averse investors: Gaurang Shah,positive
Pfizer and [TGT] are safe bets for risk averse investors: Gaurang Shah,positive
"Pharma companies like [TGT], Dr Reddy's Labs likely to do well",positive
"Pharma companies like Sun Pharma, [TGT] likely to do well",positive
"Policy sensitives stocks like [TGT], infra, power to outperform: Ashwani Gujral",positive
"Policy sensitives stocks like cap goods, [TGT], power to outperform: Ashwani Gujral",positive
"Policy sensitives stocks like cap goods, infra, [TGT] to outperform: Ashwani Gujral",positive
"Positive on [TGT]: Sadanand Shetty, Taurus Asset Management Company",positive
"Positive on oil and gas stocks: Sadanand Shetty, [TGT]",neutral
"Pre-market: [TGT] seen opening flat; ITC, SBI eyed ahead of Q4 results",neutral
"Pre-market: Nifty seen opening flat; [TGT], SBI eyed ahead of Q4 results",neutral
"Pre-market: Nifty seen opening flat; ITC, [TGT] eyed ahead of Q4 results",neutral
"Prices of [TGT] rocket, tur dal heading towards Rs 200 per kg",positive
"Prices of pulses rocket, [TGT] heading towards Rs 200 per kg",positive
"Recommend [TGT], FMCG and banking stocks for short term trading: Mitesh Thacker",positive
"Recommend telecom, [TGT] and banking stocks for short term trading: Mitesh Thacker",positive
"Recommend telecom, FMCG and [TGT] for short term trading: Mitesh Thacker",positive
"Relief rally in [TGT], Hindalco as Supreme Court's comments on coal blocks",positive
"Relief rally in JSPL, [TGT] as Supreme Court's comments on coal blocks",positive
[TGT] rise as investors look past weak China PMIs; won flat,positive
S.Korean shares rise as investors look past weak China PMIs; [TGT] flat,neutral
[TGT] up as energy counters rally on oil rebound; won slips,positive
S.Korean shares up as [TGT] counters rally on oil rebound; won slips,positive
S.Korean shares up as energy counters rally on oil rebound; [TGT] slips,negative
Sensex ends on flat note; [TGT] lead post Infosy Q3 results,positive
Sensex ends on flat note; IT stocks lead post [TGT] Q3 results,positive
[TGT] ends on flat note; IT stocks lead post Infosy Q3 results,neutral
"Sensex pares losses after falling over 100 points; [TGT], Tata Motors lead",positive
"Sensex pares losses after falling over 100 points; TCS, [TGT] lead",positive
"[TGT] pares losses after falling over 100 points; TCS, Tata Motors lead",neutral
"[TGT] rangebound, Nifty trades around 8300 levels; top 12 stocks in focus",neutral
"Sensex rangebound, [TGT] trades around 8300 levels; top 12 stocks in focus",neutral
[TGT] registers triple digit loss on weak global cues; Nifty tests 6450,negative
Sensex registers triple digit loss on weak global cues; [TGT] tests 6450,neutral
"[TGT] down on Greek debt overhang, Indonesia near 1-week low",negative
"Southeast Asia stocks down on Greek debt overhang, [TGT] near 1-week low",negative
"[TGT], Jet Airways rally over 7% each as OMCs slash ATF prices",positive
"Spicejet, [TGT] rally over 7% each as OMCs slash ATF prices",positive
"Stocks like [TGT], RComm and Tech Mahindra prop up mutual fund schemes",positive
"Stocks like PVR, [TGT] and Tech Mahindra prop up mutual fund schemes",positive
"Stocks like PVR, RComm and [TGT] prop up mutual fund schemes",positive
"[TGT], JSPL top Nifty losers, sink over Goa mining ban uncertainty",negative
"Tata Steel, [TGT] top Nifty losers, sink over Goa mining ban uncertainty",negative
"Tata Steel, JSPL top [TGT] losers, sink over Goa mining ban uncertainty",neutral
"[TGT], Asda sales fall as march of the discounters continues: Kantar Worldpanel",negative
"Tesco, [TGT] sales fall as march of the discounters continues: Kantar Worldpanel",negative
"[TGT], pharma the only broad stories we are focusing on: Deepak Shenoy",positive
"Textile, [TGT] the only broad stories we are focusing on: Deepak Shenoy",positive
"[TGT], Bharat Forge top picks; have delivered above market returns: Sandip Sabharwal",positive
"TVS, [TGT] top picks; have delivered above market returns: Sandip Sabharwal",positive
UBS initiates coverage on [TGT] and Motherson Sumi with a 'buy',positive
UBS initiates coverage on Bharat Forge and [TGT] with a 'buy',positive
[TGT] initiates coverage on Bharat Forge and Motherson Sumi with a 'buy',neutral
"[TGT], DLF, HDIL bottomed out, 5-7% upside from is visible: Sandeep Wagle",positive
"Unitech, [TGT], HDIL bottomed out, 5-7% upside from is visible: Sandeep Wagle",positive
"Unitech, DLF, [TGT] bottomed out, 5-7% upside from is visible: Sandeep Wagle",positive
"US stocks close: [TGT], S&P 500 set record highs in light volume",positive
"US stocks close: Dow, [TGT] set record highs in light volume",positive
"US stocks: [TGT], S&P end at records, starting July with a bang",positive
"US stocks: Dow, [TGT] end at records, starting July with a bang",positive
"After the Q2 show, should you shift from TCS to [TGT]?",positive
"After the Q2 show, should you shift from [TGT] to Infosys?",neutral
"[TGT] slip from six-year highs, uptick in banks cap losses",negative
"Australia shares slip from six-year highs, uptick in [TGT] cap losses",neutral
"[TGT] slip on rising bond yields, down 1.2% for week",negative
"[TGT] up by 8.45%, Binani Ind hits upper-limit on BSE",positive
"Binani Cement up by 8.45%, [TGT] hits upper-limit on BSE",positive
"Dollar supported before jobs data, [TGT] slides after RBA comments",negative
"[TGT] supported before jobs data, Aussie dollar slides after RBA comments",neutral
"[TGT], sugar prices may jump 15% in festive season: Study",positive
"Edible oil, [TGT] prices may jump 15% in festive season: Study",positive
GDP lifts [TGT] over 18k; biotechs have worst day since April,positive
GDP lifts Dow over 18k; [TGT] have worst day since April,negative
"[TGT], HPCL, BPCL rally; medium-to-long term story intact for OMCs: Goldman",positive
"IOC, [TGT], BPCL rally; medium-to-long term story intact for OMCs: Goldman",positive
"IOC, HPCL, [TGT] rally; medium-to-long term story intact for OMCs: Goldman",positive
"IOC, HPCL, BPCL rally; medium-to-long term story intact for [TGT]: Goldman",positive
"IOC, HPCL, BPCL rally; medium-to-long term story intact for OMCs: [TGT]",neutral
[TGT] rebound after initial dip; PCJ soars 19 per cent,positive
Jewellery stocks rebound after initial dip; [TGT] soars 19 per cent,positive
"LIC, four banks likely to invest Rs 161 cr in [TGT]",positive
"[TGT], four banks likely to invest Rs 161 cr in Videocon",neutral
"[TGT], Manappuram Finance rally as RBI drafts rules for small banks",positive
"Muthoot, [TGT] rally as RBI drafts rules for small banks",positive
Not overweight on the [TGT]: Dipan Mehta,negative
"[TGT] hits 4-month low after BoE's dovish shift, euro eyes GDP",negative
"Pound hits 4-month low after BoE's dovish shift, [TGT] eyes GDP",neutral
"Two-wheeler stocks available at compelling valuations, prefer [TGT]: Harendra Kumar",positive
"[TGT] available at compelling valuations, prefer Hero MotoCorp: Harendra Kumar",negative
"[TGT], private banks, consumption story to play out well: Ajay Bagga",positive
"Two-wheelers, [TGT], consumption story to play out well: Ajay Bagga",positive
"Two-wheelers, private banks, [TGT] story to play out well: Ajay Bagga",positive
"Upbeat China PMI boosts [TGT], Aussie; oil up on Iraq",positive
"Upbeat China PMI boosts Asia equities, [TGT]; oil up on Iraq",positive
"Upbeat China PMI boosts Asia equities, Aussie; [TGT] up on Iraq",positive
"2G impact: [TGT], Idea, RCom rally upto 4% as auction concludes",positive
"2G impact: Bharti, [TGT], RCom rally upto 4% as auction concludes",positive
"2G impact: Bharti, Idea, [TGT] rally upto 4% as auction concludes",positive
"[TGT] seen falling, not enough for some",negative
"[TGT] vault vs pound, firm vs USD",negative
"[TGT], NZ dollars hold gains vs euro on ECB easing talk",positive
"Australian, [TGT] hold gains vs euro on ECB easing talk",positive
"Australian, NZ dollars hold gains vs [TGT] on ECB easing talk",neutral
"[TGT], cement sectors could see margin improvement: Taher Badshah, Motilal Oswal",positive
"Auto, [TGT] sectors could see margin improvement: Taher Badshah, Motilal Oswal",positive
"Auto, cement sectors could see margin improvement: Taher Badshah, [TGT]",neutral
"[TGT], realty, bank stocks recover as RBI maintains status-quo on rates",positive
"Auto, [TGT], bank stocks recover as RBI maintains status-quo on rates",positive
"Auto, realty, [TGT] recover as RBI maintains status-quo on rates",positive
"Auto, realty, bank stocks recover as [TGT] maintains status-quo on rates",neutral
Avoid over-exposure to [TGT] and pharma stocks post elections: Kunj Bansal,positive
Avoid over-exposure to IT and [TGT] post elections: Kunj Bansal,positive
"[TGT], Realty & Auto stocks slip after RBI keeps rates unchanged",negative
"Bank, [TGT] & Auto stocks slip after RBI keeps rates unchanged",negative
"Bank, Realty & [TGT] slip after RBI keeps rates unchanged",negative
"Believe some more upside is left in [TGT], ITC: Sandeep Wagle",positive
"Believe some more upside is left in HUL, [TGT]: Sandeep Wagle",positive
"[TGT], rupee decline after RBI maintains status quo on policy rates",negative
"Bonds, [TGT] decline after RBI maintains status quo on policy rates",negative
"[TGT] and IOC look good: Ashish Maheshwari, Globe capital market Ltd",positive
"BPCL and [TGT] look good: Ashish Maheshwari, Globe capital market Ltd",positive
"BPCL and IOC look good: Ashish Maheshwari, [TGT]",neutral
"[TGT], HPCL not a good buy at this juncture: Ashwani Gujral",negative
"BPCL, [TGT] not a good buy at this juncture: Ashwani Gujral",negative
"Bull's Eye: [TGT], Yes Bank, PFC, Ambuja Cement, Apollo Hospitals",positive
"Bull's Eye: Rolta India, [TGT], PFC, Ambuja Cement, Apollo Hospitals",positive
"Bull's Eye: Rolta India, Yes Bank, [TGT], Ambuja Cement, Apollo Hospitals",positive
"Bull's Eye: Rolta India, Yes Bank, PFC, [TGT], Apollo Hospitals",positive
"Bull's Eye: Rolta India, Yes Bank, PFC, Ambuja Cement, [TGT]",positive
"Chart Check from Angel Broking for Tuesday, March 20: [TGT], Arvind",neutral
"Chart Check from Angel Broking for Tuesday, March 20: Glaxo, [TGT]",neutral
"Chart Check from GEPL Capital for Wednesday, March 07: [TGT], DCB",neutral
"Chart Check from GEPL Capital for Wednesday, March 07: MMTC, [TGT]",neutral
"Chart Check from GEPL Capital for Wednesday, March 28: [TGT], Suzlon",neutral
"Chart Check from GEPL Capital for Wednesday, March 28: Wockhardt, [TGT]",neutral
"[TGT], tech stocks look poised for fresh highs: Ashwani Gujral",positive
"CNX IT, [TGT] look poised for fresh highs: Ashwani Gujral",positive
"[TGT] rallies nearly 3%, Marico hits 52-week high; Credit Suisse upgrades",positive
"Colgate-Palmolive rallies nearly 3%, [TGT] hits 52-week high; Credit Suisse upgrades",positive
"Colgate-Palmolive rallies nearly 3%, Marico hits 52-week high; [TGT] upgrades",neutral
"[TGT], Syndicate Bank look good, Oriental Bank long bet: ICICI Securities",positive
"Dena, [TGT] look good, Oriental Bank long bet: ICICI Securities",positive
"Dena, Syndicate Bank look good, [TGT] long bet: ICICI Securities",positive
"Dena, Syndicate Bank look good, Oriental Bank long bet: [TGT]",neutral
"[TGT], Unitech top picks in real estate: Jitendra Mehta,  Edelweiss",positive
"DLF, [TGT] top picks in real estate: Jitendra Mehta,  Edelweiss",positive
"DLF, Unitech top picks in real estate: Jitendra Mehta,  [TGT]",neutral
"Do not prefer [TGT], Idea; exit at current levels: Ambareesh Baliga",positive
"Do not prefer Bharti, [TGT]; exit at current levels: Ambareesh Baliga",positive
"Do not prefer [TGT], Jubilant Foodworks at current valuation: Deven Choksey",positive
"Do not prefer Nestle, [TGT] at current valuation: Deven Choksey",positive
EM ASIA FX-Commodity rout weighs on Asia FX; [TGT] extends fall,negative
EM ASIA FX-Commodity rout weighs on [TGT]; yuan extends fall,negative
[TGT] drops back towards 2-week lows vs sterling on Ukraine news,negative
Euro drops back towards 2-week lows vs [TGT] on Ukraine news,neutral
"[TGT], bonds dip as bank fines mount, QE hopes dim",negative
"Europe stocks, [TGT] dip as bank fines mount, QE hopes dim",negative
"Expecting corrections in [TGT], IT & auto: Ashit Suri, JV Capital",positive
"Expecting corrections in FMCG, [TGT] & auto: Ashit Suri, JV Capital",positive
"Expecting corrections in FMCG, IT & [TGT]: Ashit Suri, JV Capital",positive
"Expecting corrections in FMCG, IT & auto: Ashit Suri, [TGT]",neutral
"Fitch affirms [TGT], JLR with 'stable' outlook for both entities",neutral
"Fitch affirms Tata Motors, [TGT] with 'stable' outlook for both entities",neutral
"[TGT], Pharma under pressure; Infosys, TCS, Sun Pharma take a hit",negative
"IT, [TGT] under pressure; Infosys, TCS, Sun Pharma take a hit",negative
"IT, Pharma under pressure; [TGT], TCS, Sun Pharma take a hit",negative
"IT, Pharma under pressure; Infosys, [TGT], Sun Pharma take a hit",negative
"IT, Pharma under pressure; Infosys, TCS, [TGT] take a hit",negative
"[TGT], Monnet & NIIT Tech; three stocks that stole the show",positive
"JSPL, [TGT] & NIIT Tech; three stocks that stole the show",positive
"JSPL, Monnet & [TGT]; three stocks that stole the show",positive
"[TGT], BHEL are available at attractive levels: Suresh Mahadevan, UBS Securities",positive
"L&T, [TGT] are available at attractive levels: Suresh Mahadevan, UBS Securities",positive
"L&T, BHEL are available at attractive levels: Suresh Mahadevan, [TGT]",neutral
"[TGT], GVK, GMR could be a buy in long-term: Girish Pai",positive
"Lanco, [TGT], GMR could be a buy in long-term: Girish Pai",positive
"Lanco, GVK, [TGT] could be a buy in long-term: Girish Pai",positive
"Led by [TGT], IT stocks gain over 4 pc on BSE",positive
"Led by TCS, [TGT] gain over 4 pc on BSE",positive
"Like [TGT], Ambelic Pharma, but high valuations a concern: Mehraboon Irani",positive
"Like Abbott, [TGT], but high valuations a concern: Mehraboon Irani",positive
"[TGT], Sun Pharma good bets in the pharma space: Ambareesh Baliga",positive
"Lupin, [TGT] good bets in the pharma space: Ambareesh Baliga",positive
"[TGT], Sun Pharma hit 52-week highs as investors flock to defensives",positive
"Lupin, [TGT] hit 52-week highs as investors flock to defensives",positive
"[TGT], Nerolac, and Firstsource top picks in small cap: Pankaj Pandey",positive
"Marico, [TGT], and Firstsource top picks in small cap: Pankaj Pandey",positive
"Marico, Nerolac, and [TGT] top picks in small cap: Pankaj Pandey",positive
"[TGT], UltraTech, Motherson Sumi, and Gati now valued as consumer staples",positive
"Maruti, [TGT], Motherson Sumi, and Gati now valued as consumer staples",positive
"Maruti, UltraTech, [TGT], and Gati now valued as consumer staples",positive
"Maruti, UltraTech, Motherson Sumi, and [TGT] now valued as consumer staples",positive
"[TGT], Banasthali Vidyapith sign MoU to support financial literacy among women",neutral
"MCX, [TGT] sign MoU to support financial literacy among women",neutral
"[TGT], CME Group sign MoU on various cooperation activities, business opportunities",neutral
"MCX, [TGT] sign MoU on various cooperation activities, business opportunities",neutral
"Mutual funds buy [TGT], HDFC Bank and L&T on recovery hopes",positive
"Mutual funds buy RIL, [TGT] and L&T on recovery hopes",positive
"Mutual funds buy RIL, HDFC Bank and [TGT] on recovery hopes",positive
"Neutral on FMCG space, prefer [TGT] within the pack: Pankaj Pandey",positive
"Neutral on [TGT] space, prefer ITC within the pack: Pankaj Pandey",neutral
"Prefer [TGT], Titan in the largecap space: Pankaj Pandey, HoR, ICICIdirect.com",positive
"Prefer Bajaj, [TGT] in the largecap space: Pankaj Pandey, HoR, ICICIdirect.com",positive
"Prefer Bajaj, Titan in the largecap space: Pankaj Pandey, HoR, [TGT]",neutral
"Prefer [TGT], Infinite Computer Solutions among midcap IT stocks: Prakash Diwan",positive
"Prefer Rolta, [TGT] among midcap IT stocks: Prakash Diwan",positive
Prefer [TGT] over Zee in media space: P Phani Sekhar,positive
Prefer TV Today over [TGT] in media space: P Phani Sekhar,neutral
Pre-market: [TGT] seen opening flat; mid & smallcap stocks in focus,neutral
Pre-market: [TGT] seen opening flat; RIL eyed ahead of Q1 results,neutral
Pre-market: Nifty seen opening flat; [TGT] eyed ahead of Q1 results,neutral
"[TGT], Teva settle claims with New York Attorney General; stock rallies",positive
"Ranbaxy, [TGT] settle claims with New York Attorney General; stock rallies",positive
"Retail, life sciences and financial services are our focus areas: [TGT]",neutral
"[TGT], oil PSUs could contribute to markets inching higher: Deven Choksey",positive
"RIL, [TGT] could contribute to markets inching higher: Deven Choksey",positive
"Rolling over reforms: Nifty reclaims 8800, [TGT] rallies over 250 points",positive
"Rolling over reforms: [TGT] reclaims 8800, Sensex rallies over 250 points",positive
"SAIL, Sterlite to exit Nifty index; [TGT], Lupin to move in",positive
"SAIL, Sterlite to exit Nifty index; UltraTech, [TGT] to move in",positive
"[TGT], Sterlite to exit Nifty index; UltraTech, Lupin to move in",negative
"SAIL, [TGT] to exit Nifty index; UltraTech, Lupin to move in",negative
"Saudi Arabia, Egypt fall as [TGT] hits fresh 6-1/2-year low",negative
[TGT] drops over 100 points from record high; Ranbaxy plunges 20%,negative
Sensex drops over 100 points from record high; [TGT] plunges 20%,negative
"[TGT] rangebound, Nifty near 8150 levels; top 15 stocks in focus",neutral
"Sensex rangebound, [TGT] near 8150 levels; top 15 stocks in focus",neutral
"[TGT] rangebound, Nifty trades around 8950; top ten stocks in focus",neutral
"Sensex rangebound, [TGT] trades around 8950; top ten stocks in focus",neutral
"Sensex surges over 300 points; [TGT], Cairn, Tata Steel, IDFC up",positive
"Sensex surges over 300 points; ICICI, [TGT], Tata Steel, IDFC up",positive
"Sensex surges over 300 points; ICICI, Cairn, [TGT], IDFC up",positive
"Sensex surges over 300 points; ICICI, Cairn, Tata Steel, [TGT] up",positive
"[TGT] surges over 300 points; ICICI, Cairn, Tata Steel, IDFC up",positive
"Sensex tests 25000, [TGT] slips below 7500; top 20 trading bets",negative
"[TGT] tests 25000, Nifty slips below 7500; top 20 trading bets",neutral
"Sensex tests 27,000, [TGT] trading below 8100; top 20 trading ideas",negative
"[TGT] tests 27,000, Nifty trading below 8100; top 20 trading ideas",neutral
"[TGT] trades near 25,300, Nifty holds 7550; top 15 trading bets",neutral
"Sensex trades near 25,300, [TGT] holds 7550; top 15 trading bets",neutral
"[TGT] turns rangebound, Nifty tests 8400; top 20 intraday trading ideas",neutral
"Sensex turns rangebound, [TGT] tests 8400; top 20 intraday trading ideas",neutral
"[TGT], Nifty hit fresh record high; top ten stocks in focus",positive
"Sensex, [TGT] hit fresh record high; top ten stocks in focus",positive
"[TGT], Nifty trading in a range; top 20 intraday trading ideas",neutral
"Sensex, [TGT] trading in a range; top 20 intraday trading ideas",neutral
"[TGT]@22,339, fresh closing high; Nifty seen at 6,900 in 30 days",positive
"Sensex@22,339, fresh closing high; [TGT] seen at 6,900 in 30 days",neutral
"Seoul shares fall on China PMI, won retreats as [TGT] rallies",positive
"[TGT] fall on China PMI, won retreats as dollar rallies",negative
"Seoul shares fall on China PMI, [TGT] retreats as dollar rallies",negative
[TGT] rise for a 4th day; won reaches 2-week high,positive
Seoul shares rise for a 4th day; [TGT] reaches 2-week high,positive
[TGT] and Dr. Reddy's are top pharma stocks: Mitesh Thacker,positive
Sun Pharma and [TGT] are top pharma stocks: Mitesh Thacker,positive
"[TGT], Tech Mahindra rally over 2% on NSE index inclusion",positive
"United Spirits, [TGT] rally over 2% on NSE index inclusion",positive
"Very positive on most NBFCs such as [TGT], IDFC: Edelweiss",positive
"Very positive on most NBFCs such as M&M Financial, [TGT]: Edelweiss",positive
"Very positive on most NBFCs such as M&M Financial, IDFC: [TGT]",neutral
"[TGT] ends lower, S&P 500 down for third straight day",negative
"Wall Street ends lower, [TGT] down for third straight day",negative
"Watch out for [TGT], SBI next week : Technical Trends",positive
"Watch out for ICICI Bank, [TGT] next week : Technical Trends",negative
[TGT] yield slips to 8.17% as oil falls further,positive
10-year bond yield slips to 8.17% as [TGT] falls further,negative
Analysts warn investors against [TGT] firms,negative
"Asian markets retreat, [TGT] near 3-month high on Iraq concerns",positive
"[TGT] retreat, oil near 3-month high on Iraq concerns",negative
"[TGT], New Zealand dollars inch ahead with Greek debt talks",positive
"Australia, [TGT] inch ahead with Greek debt talks",positive
"[TGT], NZ dollars drift lower on weak equities, growth worries",negative
"Australian, [TGT] drift lower on weak equities, growth worries",negative
"Before swearing-in, stock markets and [TGT] swear by Narendra Modi",negative
"Before swearing-in, [TGT] and rupee swear by Narendra Modi",negative
"[TGT] slips below $105, Iraq oil output steady amid conflict",negative
"Brent slips below $105, [TGT] output steady amid conflict",neutral
[TGT] slips vs dollar after another weaker midpoint fixed,negative
China yuan slips vs [TGT] after another weaker midpoint fixed,neutral
"[TGT] basks in post-payrolls glow, touches 7-year high vs yen",positive
"Dollar basks in post-payrolls glow, touches 7-year high vs [TGT]",neutral
[TGT] falls to 3-week low vs yen after Fed minutes,negative
Dollar falls to 3-week low vs [TGT] after Fed minutes,neutral
"[TGT] firms, hits 7-year high vs yen after U.S. elections",positive
"Dollar firms, hits 7-year high vs [TGT] after U.S. elections",neutral
"[TGT] steadies from payrolls wobble, Aussie firmer on house data",neutral
"Dollar steadies from payrolls wobble, [TGT] firmer on house data",neutral
"Dry spell may push up [TGT], almond prices during festivity",positive
"Dry spell may push up pistachio, [TGT] prices during festivity",positive
"Euro on defensive after ECB bond buying report, [TGT] soft",negative
"[TGT] on defensive after ECB bond buying report, yen soft",neutral
"[TGT] wobbles on chance of more ECB action, Aussie perkier",neutral
"Euro wobbles on chance of more ECB action, [TGT] perkier",neutral
"[TGT] drops for fourth day on sustained selling, global cues",negative
[TGT] falls Rs 135 on global cues; silver ends steady,negative
Gold falls Rs 135 on global cues; [TGT] ends steady,neutral
"[TGT] holds below 2-week high on robust dollar, US economy",positive
"Gold holds below 2-week high on robust [TGT], US economy",positive
"[TGT], UltraTech and Apollo Tyres are best bets: Ashwani Gujral",positive
"Havells, [TGT] and Apollo Tyres are best bets: Ashwani Gujral",positive
"Havells, UltraTech and [TGT] are best bets: Ashwani Gujral",positive
[TGT] flat at lunch; Wall Street leads offsetted,neutral
"[TGT], ITC should always be part of portfolio: Vivek Mavani",positive
"HUL, [TGT] should always be part of portfolio: Vivek Mavani",positive
[TGT] hits 2-month high on China PMI; Dai-ichi Life dives,positive
Nikkei hits 2-month high on China PMI; [TGT] dives,negative
"Overweight on [TGT], Infosys top pick in near-term: Gautam Chhaochharia",positive
"Overweight on IT, [TGT] top pick in near-term: Gautam Chhaochharia",positive
"[TGT], Lanco, Punj drop as bidding for projects restricted",negative
"Adani Ports, [TGT], Punj drop as bidding for projects restricted",negative
"Adani Ports, Lanco, [TGT] drop as bidding for projects restricted",negative
Advise avoidance of both [TGT]: Saurabh Mukherjea,negative
"[TGT] dip on Dow drop, China data cuts loss",negative
"Asia stocks dip on [TGT] drop, China data cuts loss",negative
"Asia stocks stall after Wall Street slips, [TGT] holds gains",positive
"[TGT] stall after Wall Street slips, dollar holds gains",neutral
"[TGT], Wockhardt should be avoided on USFDA issue: Dipan Mehta",negative
"Ranbaxy, [TGT] should be avoided on USFDA issue: Dipan Mehta",negative
"[TGT], auto, energy stocks may push Nifty higher: Mitesh Thacker",positive
"Bank, [TGT], energy stocks may push Nifty higher: Mitesh Thacker",positive
"Bank, auto, [TGT] may push Nifty higher: Mitesh Thacker",positive
"[TGT], autos and IT will lead the rally: Prashasta Seth",positive
"Banking, [TGT] and IT will lead the rally: Prashasta Seth",positive
"Banking, autos and [TGT] will lead the rally: Prashasta Seth",positive
"[TGT], IT and FMCG are top rung sectors: Prashasta Seth",positive
"Banks, [TGT] and FMCG are top rung sectors: Prashasta Seth",positive
"Banks, IT and [TGT] are top rung sectors: Prashasta Seth",positive
"Bearishness towards [TGT], rupee ebbs; rises for other Asian currencies",positive
"Bearishness towards yuan, [TGT] ebbs; rises for other Asian currencies",positive
"[TGT], Motilal AMC line up ETFs based on S&P 500",neutral
"Benchmark, [TGT] line up ETFs based on S&P 500",neutral
"[TGT], Bharti Infra may make it to MSCI India",positive
"Bharat Forge, [TGT] may make it to MSCI India",positive
"Bharat Forge, Bharti Infra may make it to [TGT]",neutral
"[TGT], Idea are out for some more time: CK Narayan",positive
"Bharti, [TGT] are out for some more time: CK Narayan",positive
"[TGT], Sensex future contracts up in May on Dubai exchange",positive
"Rupee, [TGT] future contracts up in May on Dubai exchange",positive
"Brokerage views on [TGT], ITC, Coal India, Wipro, HUL, M&M",neutral
"Brokerage views on RIL, [TGT], Coal India, Wipro, HUL, M&M",neutral
"Brokerage views on RIL, ITC, [TGT], Wipro, HUL, M&M",neutral
"Brokerage views on RIL, ITC, Coal India, [TGT], HUL, M&M",neutral
"Brokerage views on RIL, ITC, Coal India, Wipro, [TGT], M&M",neutral
"Brokerage views on RIL, ITC, Coal India, Wipro, HUL, [TGT]",neutral
"Brokerage views on [TGT], Sesa Goa, United Spirits, PFC",neutral
"Brokerage views on Tech Mahindra, [TGT], United Spirits, PFC",neutral
"Brokerage views on Tech Mahindra, Sesa Goa, [TGT], PFC",neutral
"Brokerage views on Tech Mahindra, Sesa Goa, United Spirits, [TGT]",neutral
"Brokerages' views on [TGT], Bosch, Sun Pharma, Nestle India, UPL",neutral
"Brokerages' views on Pidilite, [TGT], Sun Pharma, Nestle India, UPL",neutral
"Brokerages' views on Pidilite, Bosch, [TGT], Nestle India, UPL",neutral
"Brokerages' views on Pidilite, Bosch, Sun Pharma, [TGT], UPL",neutral
"Brokerages' views on Pidilite, Bosch, Sun Pharma, Nestle India, [TGT]",neutral
"Brokers' call on  [TGT], Bharti Airtel, Reliance Infrastructure",neutral
"Brokers' call on  Exide Industries, [TGT], Reliance Infrastructure",neutral
"Brokers' call on  Exide Industries, Bharti Airtel, [TGT]",neutral
[TGT] fall on growth concerns; US data eyed,negative
"[TGT]-Mixed; weak US data, earnings weigh on region",neutral
"[TGT], NSE to remain closed on account of Maharashtra Day",neutral
"BSE, [TGT] to remain closed on account of Maharashtra Day",neutral
"BSE, NSE to shift [TGT], Moser-Baer to restricted group",negative
"BSE, NSE to shift Kingfisher Airlines, [TGT] to restricted group",negative
"[TGT], NSE to shift Kingfisher Airlines, Moser-Baer to restricted group",neutral
"BSE, [TGT] to shift Kingfisher Airlines, Moser-Baer to restricted group",neutral
CERC order slightly negative for [TGT] and Power Grid: CLSA,negative
CERC order slightly negative for NTPC and [TGT]: CLSA,negative
CERC order slightly negative for NTPC and Power Grid: [TGT],neutral
"Chill on street continues; Sensex slips 93 points, [TGT] shines",positive
"Chill on street continues; [TGT] slips 93 points, Infosys shines",negative
"[TGT] poised to gain for 3rd day, won eases",positive
"Seoul shares poised to gain for 3rd day, [TGT] eases",negative
"China, India [TGT] demand posts double-digit drop in Q1: WGC",positive
"[TGT] reverse gains to end down, rail sector slumps",negative
"Chinese shares reverse gains to end down, [TGT] slumps",negative
"CLSA overweight on [TGT]; ICICI Bank, Axis Bank top picks",positive
"CLSA overweight on financials; [TGT], Axis Bank top picks",positive
"CLSA overweight on financials; ICICI Bank, [TGT] top picks",positive
"[TGT] overweight on financials; ICICI Bank, Axis Bank top picks",neutral
"[TGT] hits 2-week low vs dollar, as housing fervour cools",negative
"[TGT] steady vs dollar, hovers near 2-year high against euro",positive
"Sterling steady vs [TGT], hovers near 2-year high against euro",neutral
"Sterling steady vs dollar, hovers near 2-year high against [TGT]",neutral
"[TGT], NIIT Tech performed better than expected: Pankaj Pandey, ICICIdirect.com",positive
"Cyient, [TGT] performed better than expected: Pankaj Pandey, ICICIdirect.com",positive
"Cyient, NIIT Tech performed better than expected: Pankaj Pandey, [TGT]",neutral
"Despite policy headwinds, should investors buy [TGT], TCS & HCL?",neutral
"Despite policy headwinds, should investors buy Infosys, [TGT] & HCL?",neutral
"Despite policy headwinds, should investors buy Infosys, TCS & [TGT]?",neutral
"[TGT], yen advance as China's lending prompts flight to safety",positive
"Dollar, [TGT] advance as China's lending prompts flight to safety",positive
"Dow, S&P 500 fall on Fed nervousness; [TGT] inches up",positive
"[TGT], S&P 500 fall on Fed nervousness; Nasdaq inches up",negative
"Dow, [TGT] fall on Fed nervousness; Nasdaq inches up",negative
"[TGT], S&P close at record highs as rate-hike angst abates",positive
"Dow, [TGT] close at record highs as rate-hike angst abates",positive
"[TGT], Essar Ports crack as promoters deny delisting plans",negative
"Essar Oil, [TGT] crack as promoters deny delisting plans",negative
Upbeat China PMI boosts [TGT]; oil firm on Iraq,positive
Upbeat China PMI boosts Asian stocks; [TGT] firm on Iraq,neutral
"Upbeat China PMI lifts [TGT], euro wobbly",positive
"Upbeat China PMI lifts Asia shares and commodities, [TGT] wobbly",negative
"Expect more downside in the [TGT], pharma stocks: Sandeep Wagle",negative
"Expect more downside in the IT, [TGT] stocks: Sandeep Wagle",negative
"Valentine Day lifts stocks of [TGT], Archies on BSE",positive
"Valentine Day lifts stocks of Hanung Toys, [TGT] on BSE",positive
"Valentine Day lifts stocks of Hanung Toys, Archies on [TGT]",neutral
"FDA nod for drugs crucial for [TGT], Dr Reddys Laboratories",neutral
"FDA nod for drugs crucial for Lupin, [TGT]",neutral
"[TGT] rises after Japan PM comments, German data hurts euro",positive
"Yen rises after Japan PM comments, German data hurts [TGT]",neutral
"[TGT] surges on high demand, pepper ends mixed, copra steady",positive
"Ginger surges on high demand, [TGT] ends mixed, copra steady",neutral
"Ginger surges on high demand, pepper ends mixed, [TGT] steady",neutral
"[TGT], Aurobindo should be part of core portfolio: Ajay Bodke",positive
"Glenmark, [TGT] should be part of core portfolio: Ajay Bodke",positive
"Gloomy French data hits European stocks, Iraq keeps [TGT] high",positive
"Gloomy French data hits [TGT], Iraq keeps oil high",negative
Go for [TGT] than Ranbaxy or Wockhardt: Jagannadham Thunuguntla,positive
Go for Glenmark Pharma than [TGT] or Wockhardt: Jagannadham Thunuguntla,neutral
Go for Glenmark Pharma than Ranbaxy or [TGT]: Jagannadham Thunuguntla,neutral
"Go short on [TGT] & jeera: Amar Singh, Angel Broking",negative
"Go short on pepper & [TGT]: Amar Singh, Angel Broking",negative
"Go short on pepper & jeera: Amar Singh, [TGT]",neutral
"[TGT], China shares slip as Wall Street cools off",negative
"Hong Kong, [TGT] slip as Wall Street cools off",negative
"Hopeful of [TGT], Maruti in auto pack: Dimensions Consulting",positive
"Hopeful of Tata Motors, [TGT] in auto pack: Dimensions Consulting",positive
"Hopeful of Tata Motors, Maruti in auto pack: [TGT]",neutral
"HSBC says [TGT], PI Industries top picks in agri sector",positive
"HSBC says Kaveri, [TGT] top picks in agri sector",positive
"[TGT] says Kaveri, PI Industries top picks in agri sector",neutral
"[TGT], Russia gains push emerging stocks to new 17-month high",positive
"Indonesia, [TGT] gains push emerging stocks to new 17-month high",positive
"Irda stops IGE, J&K Bank from subscribing to [TGT] issue",negative
"Irda stops [TGT], J&K Bank from subscribing to MetLife issue",neutral
"Irda stops IGE, [TGT] from subscribing to MetLife issue",neutral
"[TGT] stops IGE, J&K Bank from subscribing to MetLife issue",neutral
"Italy leads [TGT] higher, France lags in election aftermath",positive
"[TGT] leads Europe shares higher, France lags in election aftermath",positive
"Italy leads Europe shares higher, [TGT] lags in election aftermath",negative
"[TGT], UltraTech gain; to replace SAIL, Sterlite in NSE index",positive
"Lupin, [TGT] gain; to replace SAIL, Sterlite in NSE index",positive
"Lupin, UltraTech gain; to replace [TGT], Sterlite in NSE index",negative
"Lupin, UltraTech gain; to replace SAIL, [TGT] in NSE index",negative
Markets on a roll; what [TGT] and Quantum Advisors say,neutral
Markets on a roll; what JPM and [TGT] say,neutral
"Markets@record high: TCS, HCL lose sheen, down on strong [TGT]",positive
"Markets@record high: [TGT], HCL lose sheen, down on strong rupee",negative
"Markets@record high: TCS, [TGT] lose sheen, down on strong rupee",negative
"[TGT], Ashok Leyland top picks in auto space: Mayuresh Joshi",positive
"Maruti, [TGT] top picks in auto space: Mayuresh Joshi",positive
"[TGT], mining see renewed activity on bourses after coal reforms",positive
"Metals, [TGT] see renewed activity on bourses after coal reforms",positive
"MF, HNIs lap up [TGT] shares on better earnings hope",positive
[TGT] may still have some steam left,positive
"[TGT], smallcap indices crack over 2% each on the BSE",positive
"Midcap, [TGT] crack over 2% each on the BSE",positive
"Midcap, smallcap indices crack over 2% each on the [TGT]",neutral
Nifty ends on flat note; [TGT] tanks post Q3 results,negative
[TGT] ends on flat note; Maruti tanks post Q3 results,neutral
"[TGT]@10,000; Sensex 30,000 in a year: How possible is it?",neutral
"Nifty@10,000; [TGT] 30,000 in a year: How possible is it?",neutral
"[TGT], utility, telecom stocks look exciting:  Jitendra Sriram",positive
"Non-ferrous metals, [TGT], telecom stocks look exciting:  Jitendra Sriram",positive
"Non-ferrous metals, utility, [TGT] look exciting:  Jitendra Sriram",positive
"[TGT] strengthens, premium over onshore yuan at 19-month high",positive
"Offshore yuan strengthens, premium over [TGT] at 19-month high",neutral
"[TGT], Oil India rise on new subsidy sharing proposal report",positive
"ONGC, [TGT] rise on new subsidy sharing proposal report",positive
"Overweight on [TGT], like private banks more: S Naren",positive
"Overweight on PSU banks, like [TGT] more: S Naren",positive
"Overweight on [TGT], like private banks more: S Naren",positive
"Overweight on PSU banks, like [TGT] more: S Naren",positive
"Prefer [TGT], SBI, IndusInd Bank from long-term perspective: Dipan Mehta",positive
"Prefer ICICI, [TGT], IndusInd Bank from long-term perspective: Dipan Mehta",positive
"Prefer ICICI, SBI, [TGT] from long-term perspective: Dipan Mehta",positive
"Prefer [TGT], midcap IT, pharma stocks:  Nitin Raheja",positive
"Prefer private banking, [TGT], pharma stocks:  Nitin Raheja",positive
"Prefer private banking, midcap IT, [TGT]:  Nitin Raheja",positive
"Prefer [TGT], Den Networks from the media space: Sudip Bandyopadhyay",positive
"Prefer Zee, [TGT] from the media space: Sudip Bandyopadhyay",positive
Pre-market: [TGT] seen opening flat; ITC eyed post Q4 results,neutral
Pre-market: Nifty seen opening flat; [TGT] eyed post Q4 results,neutral
Pre-market: [TGT] seen opening flat; RIL eyed ahead of AGM,neutral
Pre-market: Nifty seen opening flat; [TGT] eyed ahead of AGM,neutral
"Q3 earnings: [TGT], ONGC, BHEL, Biocon, L&T, Dr Reddy's",neutral
"Q3 earnings: Idea Cellular, [TGT], BHEL, Biocon, L&T, Dr Reddy's",neutral
"Q3 earnings: Idea Cellular, ONGC, [TGT], Biocon, L&T, Dr Reddy's",neutral
"Q3 earnings: Idea Cellular, ONGC, BHEL, [TGT], L&T, Dr Reddy's",neutral
"Q3 earnings: Idea Cellular, ONGC, BHEL, Biocon, [TGT], Dr Reddy's",neutral
"Q3 earnings: Idea Cellular, ONGC, BHEL, Biocon, L&T, [TGT]",neutral
"Rail Budget 2012-13: [TGT] derail, Texmaco, Titagarh down 5%",negative
"Rail Budget 2012-13: Railway stocks derail, [TGT], Titagarh down 5%",negative
"Rail Budget 2012-13: Railway stocks derail, Texmaco, [TGT] down 5%",negative
"Rally in [TGT], RIL drives Sensex to one-month high",positive
"Rally in IT stocks, [TGT] drives Sensex to one-month high",positive
"Rally in IT stocks, RIL drives [TGT] to one-month high",positive
"Rally will be led by [TGT], rate sensitives: Ashwani Gujral",positive
"Rally will be led by cyclicals, [TGT]: Ashwani Gujral",positive
"[TGT], banking stocks slip over 2% on hawkish RBI stance",negative
"Realty, [TGT] slip over 2% on hawkish RBI stance",negative
"Realty, banking stocks slip over 2% on hawkish [TGT] stance",neutral
[TGT] edge down in directionless trade; won nearly flat,negative
S.Korea shares edge down in directionless trade; [TGT] nearly flat,neutral
"[TGT], SBT, SBM all toe the SBI line: Sharyans Resources",neutral
"SBBJ, [TGT], SBM all toe the SBI line: Sharyans Resources",neutral
"SBBJ, SBT, [TGT] all toe the SBI line: Sharyans Resources",neutral
"SBBJ, SBT, SBM all toe the [TGT] line: Sharyans Resources",neutral
"SBBJ, SBT, SBM all toe the SBI line: [TGT]",neutral
"[TGT], IDBI and other banking stocks rally on CRR cut",positive
"SBI, [TGT] and other banking stocks rally on CRR cut",positive
"[TGT] in red, Nifty below 7,850; top 20 trading ideas",negative
"Sensex in red, [TGT] below 7,850; top 20 trading ideas",negative
"[TGT] in red; technology, auto and realty lead the fall",negative
"Sensex in red; [TGT], auto and realty lead the fall",negative
"Sensex in red; technology, [TGT] and realty lead the fall",negative
"Sensex in red; technology, auto and [TGT] lead the fall",negative
"Sensex rangebound, [TGT] below 7450; top ten stocks in focus",negative
"[TGT] rangebound, Nifty below 7450; top ten stocks in focus",neutral
"Sensex rangebound, [TGT] below 7800; top fifteen stocks in focus",negative
"[TGT] rangebound, Nifty below 7800; top fifteen stocks in focus",neutral
"[TGT] rangebound, Nifty holds 6700; Top ten stocks in focus",neutral
"Sensex rangebound, [TGT] holds 6700; Top ten stocks in focus",neutral
"[TGT] rangebound, Nifty holds 7300; top ten stocks in focus",neutral
"Sensex rangebound, [TGT] holds 7300; top ten stocks in focus",neutral
"Sensex rangebound, [TGT] reclaims 8100; TCS, Tech Mahindra top gainers",positive
"Sensex rangebound, Nifty reclaims 8100; [TGT], Tech Mahindra top gainers",positive
"Sensex rangebound, Nifty reclaims 8100; TCS, [TGT] top gainers",positive
"[TGT] rangebound, Nifty reclaims 8100; TCS, Tech Mahindra top gainers",neutral
"[TGT] rangebound, Nifty tests 200-DMA; top ten stocks in focus",neutral
"Sensex rangebound, [TGT] tests 200-DMA; top ten stocks in focus",neutral
"[TGT] rangebound, Nifty tests 6150; top ten stocks in focus",neutral
"Sensex rangebound, [TGT] tests 6150; top ten stocks in focus",neutral
"[TGT] rangebound, Nifty tests 7550; top ten stocks in focus",neutral
"Sensex rangebound, [TGT] tests 7550; top ten stocks in focus",neutral
"Sensex rangebound, [TGT] turns choppy; top ten stocks in focus",negative
"[TGT] rangebound, Nifty turns choppy; top ten stocks in focus",neutral
"Sensex rangebound; [TGT], Sun Pharma, TCS and DRL top losers",negative
"Sensex rangebound; Infosys, [TGT], TCS and DRL top losers",negative
"Sensex rangebound; Infosys, Sun Pharma, [TGT] and DRL top losers",negative
"Sensex rangebound; Infosys, Sun Pharma, TCS and [TGT] top losers",negative
"[TGT] rangebound; Infosys, Sun Pharma, TCS and DRL top losers",neutral
Sensex starts on a cautious note; [TGT] falls nearly 7%,negative
[TGT] starts on a cautious note; ONGC falls nearly 7%,negative
"[TGT], Nifty hit fresh record high ahead of RBI policy",positive
"Sensex, [TGT] hit fresh record high ahead of RBI policy",positive
"Sensex, Nifty hit fresh record high ahead of [TGT] policy",neutral
"[TGT], Nifty hit record high; top ten stocks in focus",positive
"Sensex, [TGT] hit record high; top ten stocks in focus",positive
"[TGT], Sun Pharma slide as USFDA rescinds approval to drug",negative
"SPARC, [TGT] slide as USFDA rescinds approval to drug",negative
"SPARC, Sun Pharma slide as [TGT] rescinds approval to drug",neutral
"[TGT], Jet Airways slip over 2% on ATF price hike",negative
"SpiceJet, [TGT] slip over 2% on ATF price hike",negative
[TGT] falls to near record low; shares weaker,negative
"[TGT], oil flounder on growth anxiety; China data little help",negative
"Stocks, [TGT] flounder on growth anxiety; China data little help",negative
"[TGT] sink by a quarter, Mitsubishi says reconsidering inflators",negative
"Takata shares sink by a quarter, [TGT] says reconsidering inflators",neutral
"[TGT], M&M, Hero, TVS, Adani outshine Sensex, Nifty in FY14",positive
"Tata, [TGT], Hero, TVS, Adani outshine Sensex, Nifty in FY14",positive
"Tata, M&M, [TGT], TVS, Adani outshine Sensex, Nifty in FY14",positive
"Tata, M&M, Hero, [TGT], Adani outshine Sensex, Nifty in FY14",positive
"Tata, M&M, Hero, TVS, [TGT] outshine Sensex, Nifty in FY14",positive
"Tata, M&M, Hero, TVS, Adani outshine [TGT], Nifty in FY14",neutral
"Tata, M&M, Hero, TVS, Adani outshine Sensex, [TGT] in FY14",neutral
"[TGT], Wipro, Infosys top picks among IT stocks: Mehraboon Irani",positive
"TCS, [TGT], Infosys top picks among IT stocks: Mehraboon Irani",positive
"TCS, Wipro, [TGT] top picks among IT stocks: Mehraboon Irani",positive
[TGT] lead a slump in US stocks; Apple sinks,negative
Technology shares lead a slump in US stocks; [TGT] sinks,negative
"[TGT], IOB, Allahabad Bank slump on rise in bad loans",negative
"UCO, [TGT], Allahabad Bank slump on rise in bad loans",negative
"UCO, IOB, [TGT] slump on rise in bad loans",negative
"Yuan weakens, backs away from gains as [TGT] appetite returns",positive
"[TGT] weakens, backs away from gains as dollar appetite returns",negative
"30-40% upside in [TGT] and IOC: Hemang Jani, Sharekhan",positive
"30-40% upside in ONGC and [TGT]: Hemang Jani, Sharekhan",positive
"30-40% upside in ONGC and IOC: Hemang Jani, [TGT]",neutral
Asian currencies firm; [TGT] falls on weak oil demand,negative
[TGT] firm; ringgit falls on weak oil demand,neutral
"[TGT] fragile, dollar loses edge on Fed minutes",negative
"Asian markets fragile, [TGT] loses edge on Fed minutes",negative
"Banking stocks crack; [TGT], PNB down over 3%",negative
"Banking stocks crack; ICICI Bank, [TGT] down over 3%",negative
"[TGT], IOC, HPCL pare intraday gains after morning rally",neutral
"BPCL, [TGT], HPCL pare intraday gains after morning rally",neutral
"BPCL, IOC, [TGT] pare intraday gains after morning rally",neutral
Brent drops towards $107; strong [TGT] overshadows global tensions,positive
[TGT] drops towards $107; strong dollar overshadows global tensions,negative
"[TGT], equities dip as Asia awaits central bank meetings",negative
"Dollar, [TGT] dip as Asia awaits central bank meetings",negative
"[TGT], S&P 500 end at record highs; transports jump",positive
"Dow, [TGT] end at record highs; transports jump",positive
"[TGT], S&P 500 end slightly lower after Fed minutes",positive
"Dow, [TGT] end slightly lower after Fed minutes",positive
"[TGT] shaky on ECB and Greece, dollar keeps edge",negative
"Euro shaky on ECB and Greece, [TGT] keeps edge",neutral
"Euro steadies after selloff, [TGT] drops after BoE report",negative
"[TGT] steadies after selloff, sterling drops after BoE report",neutral
"[TGT], stocks slip as Greece set to reject austerity",negative
"Euro, [TGT] slip as Greece set to reject austerity",negative
"[TGT], yen rally as risk aversion intensifies, Aussie sinks",positive
"Euro, [TGT] rally as risk aversion intensifies, Aussie sinks",positive
"Euro, yen rally as risk aversion intensifies, [TGT] sinks",negative
[TGT] dip early; Hugo Boss drops after warning,negative
European shares dip early; [TGT] drops after warning,negative
"[TGT] lower on Russia, data; bonds prices up",negative
"Expect [TGT], ONGC, REC to perform, says Jagannadham Thunuguntla",positive
"Expect CIL, [TGT], REC to perform, says Jagannadham Thunuguntla",positive
"Expect CIL, ONGC, [TGT] to perform, says Jagannadham Thunuguntla",positive
Gold continues to fall on weak demand; [TGT] rebounds,positive
[TGT] continues to fall on weak demand; silver rebounds,negative
"[TGT], silver extend gains on jewellers buying, global cues",positive
"Gold, [TGT] extend gains on jewellers buying, global cues",positive
"[TGT], silver rebound after worst annual retreats since 1981",positive
"Gold, [TGT] rebound after worst annual retreats since 1981",positive
"[TGT], silver up on increased buying, firm global cues",positive
"Gold, [TGT] up on increased buying, firm global cues",positive
"Holcim rejigs India structure; tweaks holding in [TGT], ACC",neutral
"Holcim rejigs India structure; tweaks holding in Ambuja, [TGT]",neutral
"[TGT] rejigs India structure; tweaks holding in Ambuja, ACC",neutral
"[TGT], HPCL, BPCL gain on hike in fuel price",positive
"IOC, [TGT], BPCL gain on hike in fuel price",positive
"IOC, HPCL, [TGT] gain on hike in fuel price",positive
"[TGT], Indoco Remedies attractive in pharma space: Sudip Bandyopadhyay",positive
"Ipca, [TGT] attractive in pharma space: Sudip Bandyopadhyay",positive
"Iraq fears hit European shares, [TGT] yields fall",positive
"Iraq fears hit [TGT], German bond yields fall",negative
"Iraq jitters hit European shares, [TGT] yields slip",positive
"Iraq jitters hit [TGT], German bond yields slip",negative
"[TGT], hotel companies shares rise ahead of festive season",positive
"Liquor, [TGT] shares rise ahead of festive season",positive
"[TGT] rangebound; Nifty near 8,100; top 20 trading ideas",neutral
"Markets rangebound; [TGT] near 8,100; top 20 trading ideas",neutral
"MMTC-PAMP [TGT], silver coins stock sold out on Dhanteras",positive
"MMTC-PAMP gold, [TGT] coins stock sold out on Dhanteras",positive
"[TGT] below 4700; RCom, Tata Power, BPCL, Maruti down",negative
"Nifty below 4700; [TGT], Tata Power, BPCL, Maruti down",negative
"Nifty below 4700; RCom, [TGT], BPCL, Maruti down",negative
"Nifty below 4700; RCom, Tata Power, [TGT], Maruti down",negative
"Nifty below 4700; RCom, Tata Power, BPCL, [TGT] down",negative
"[TGT] slips in red; capital goods, banks, metals down",negative
"Nifty slips in red; [TGT], banks, metals down",negative
"Nifty slips in red; capital goods, [TGT], metals down",negative
"Nifty slips in red; capital goods, banks, [TGT] down",negative
[TGT] advances on weaker yen; investors await earnings season,positive
Nikkei advances on weaker [TGT]; investors await earnings season,negative
"[TGT], BSE caution against trade in over 1900 securities",neutral
"NSE, [TGT] caution against trade in over 1900 securities",neutral
"[TGT], Wyeth merger to add more value to stocks",positive
"Pfizer, [TGT] merger to add more value to stocks",positive
Positive on [TGT] and Ipca Laboratories: Avinash Gorakshekar,positive
Positive on Glenmark Pharma and [TGT]: Avinash Gorakshekar,positive
"Prefer [TGT], Geometric among midcap IT stocks: Ambareesh Baliga",positive
"Prefer Mindtree, [TGT] among midcap IT stocks: Ambareesh Baliga",positive
"Pre-market: [TGT] seen opening flat; CPI, IIP data eyed",neutral
"Q3 Corporate Earning: [TGT], M&M, HCL",neutral
"Q3 Corporate Earning: State Bank of India, [TGT]",neutral
"[TGT], Abhishek Ind better players in textile: Deepak Mohoni",positive
"RSWM, [TGT] better players in textile: Deepak Mohoni",positive
"[TGT], Nasdaq break 3-day slide but Dow dips",positive
"S&P 500, [TGT] break 3-day slide but Dow dips",positive
"S&P 500, Nasdaq break 3-day slide but [TGT] dips",negative
"[TGT], UFO Moviez get Sebi nod for IPO",positive
"Sadbhav Infra, [TGT] get Sebi nod for IPO",positive
"[TGT] ends above 25,500; Hindalco, Maruti among top gainers",positive
"Sensex ends above 25,500; [TGT], Maruti among top gainers",positive
"Sensex ends above 25,500; Hindalco, [TGT] among top gainers",positive
"[TGT] hits new record of 22,959.33; Nifty at 6,846",positive
"Sensex hits new record of 22,959.33; [TGT] at 6,846",neutral
"[TGT] rangebound ahead of Christmas holiday; Nifty50 holds 7,850",neutral
"Sensex rangebound ahead of Christmas holiday; [TGT] holds 7,850",neutral
"[TGT] rangebound, Nifty directionless; top fifteen stocks in focus",neutral
"Sensex rangebound, [TGT] directionless; top fifteen stocks in focus",neutral
"Sensex rangebound, Nifty holds 8500 levels; [TGT] top loser",negative
"[TGT] rangebound, Nifty holds 8500 levels; Infosys top loser",neutral
"Sensex rangebound, [TGT] holds 8500 levels; Infosys top loser",neutral
[TGT] slips over 100 points; Nifty tests 7900 levels,negative
Sensex slips over 100 points; [TGT] tests 7900 levels,neutral
"[TGT] slips over 200 points, Nifty tests 6,250 levels",negative
"Sensex slips over 200 points, [TGT] tests 6,250 levels",neutral
"[TGT] turns choppy; ITC, Infosys, ICICI Bank top losers",negative
"Sensex turns choppy; [TGT], Infosys, ICICI Bank top losers",negative
"Sensex turns choppy; ITC, [TGT], ICICI Bank top losers",negative
"Sensex turns choppy; ITC, Infosys, [TGT] top losers",negative
"[TGT], Nifty off all-time highs; fall for 2nd week",negative
"Sensex, [TGT] off all-time highs; fall for 2nd week",negative
"[TGT], Nifty rangebound; here what experts are betting on",neutral
"Sensex, [TGT] rangebound; here what experts are betting on",neutral
"Sensex, Nifty rangebound; [TGT], TCS, Tata Motors top gainers",positive
"Sensex, Nifty rangebound; ITC, [TGT], Tata Motors top gainers",positive
"Sensex, Nifty rangebound; ITC, TCS, [TGT] top gainers",positive
"[TGT], Nifty rangebound; ITC, TCS, Tata Motors top gainers",neutral
"Sensex, [TGT] rangebound; ITC, TCS, Tata Motors top gainers",neutral
"Sensex, Nifty rangebound; [TGT], HDFC, ONGC top losers",negative
"Sensex, Nifty rangebound; Tata Motors, [TGT], ONGC top losers",negative
"Sensex, Nifty rangebound; Tata Motors, HDFC, [TGT] top losers",negative
"[TGT], Nifty rangebound; Tata Motors, HDFC, ONGC top losers",neutral
"Sensex, [TGT] rangebound; Tata Motors, HDFC, ONGC top losers",neutral
Seoul shares pare gains on foreign selling; [TGT] eases,negative
[TGT] pare gains on foreign selling; won eases,neutral
"[TGT], sunflower oil prices to rise due to festivals",positive
"Soya, [TGT] prices to rise due to festivals",positive
"[TGT] fall 1.2 per cent; techs, banks down",negative
"Taiwan stocks fall 1.2 per cent; [TGT], banks down",negative
"Taiwan stocks fall 1.2 per cent; techs, [TGT] down",negative
"[TGT] leads Nasdaq, S&P 500; Disney sparks media selloff",positive
"Tech leads [TGT], S&P 500; Disney sparks media selloff",neutral
"Tech leads Nasdaq, [TGT]; Disney sparks media selloff",neutral
"Tech leads Nasdaq, S&P 500; [TGT] sparks media selloff",neutral
"[TGT], Ashok Leyland, Escorts rally on strong September sales",positive
"TVS, [TGT], Escorts rally on strong September sales",positive
"TVS, Ashok Leyland, [TGT] rally on strong September sales",positive
"Weaker FTSE underpinned by [TGT], Barratt, AB Foods updates",negative
"Weaker FTSE underpinned by Burberry, [TGT], AB Foods updates",negative
"Weaker FTSE underpinned by Burberry, Barratt, [TGT] updates",negative
"[TGT], rice basmati prices firm up on increased buying",positive
"Wheat, [TGT] prices firm up on increased buying",positive
"[TGT], Mastek, SKS Micro in T2T group; stocks down",negative
"Wockhardt, [TGT], SKS Micro in T2T group; stocks down",negative
"Wockhardt, Mastek, [TGT] in T2T group; stocks down",negative
"Avoid sugar stocks, go for [TGT]: Jagannadham Thunuguntla",positive
"Avoid [TGT], go for frontline stocks: Jagannadham Thunuguntla",negative
"Dhanteras [TGT], silver sales to surge on lower prices",positive
"Dhanteras gold, [TGT] sales to surge on lower prices",positive
Edelweiss maintains 'Hold' on [TGT] after GTL Infra deal,neutral
[TGT] maintains 'Hold' on RCom after GTL Infra deal,neutral
Edelweiss maintains 'Hold' on RCom after [TGT] deal,neutral
"Great fall of China sinks [TGT], dollar tumbles",negative
"Great fall of China sinks world stocks, [TGT] tumbles",negative
"[TGT], Nagarjuna Constructions look robust: Anand Tandon, Brics Securities",positive
"HCC, [TGT] look robust: Anand Tandon, Brics Securities",positive
"HCC, Nagarjuna Constructions look robust: Anand Tandon, [TGT]",neutral
"[TGT], Edelweiss best bet among brokerage companies: Mehraboon Irani",positive
"Kotak, [TGT] best bet among brokerage companies: Mehraboon Irani",positive
"[TGT], lead prices rise on overseas cues, industrial demand",positive
"Nickel, [TGT] prices rise on overseas cues, industrial demand",positive
"[TGT], Reliance Group launch India funds for Japan investors",neutral
"Nippon, [TGT] launch India funds for Japan investors",neutral
"Now, you can own shares of [TGT], InterGlobe Aviation",neutral
"Now, you can own shares of CCD, [TGT]",neutral
Pre-market: [TGT] seen opening flat; TCS Q4 results eyed,neutral
Pre-market: Nifty seen opening flat; [TGT] Q4 results eyed,neutral
PSU banks join party; [TGT] hits all-time high,neutral
"[TGT], bonds continue to fall; foreign fund flows key",negative
"Rupee, [TGT] continue to fall; foreign fund flows key",negative
[TGT]'s move to decide Nifty's next direction: Ashwani Gujral,neutral
Rupee's move to decide [TGT]'s next direction: Ashwani Gujral,neutral
"[TGT] slips after 3-day gain, shares flat",negative
"SEB debt restructuring positive for [TGT], power sectors: Analysts",positive
"SEB debt restructuring positive for financial, [TGT]: Analysts",positive
"[TGT] debt restructuring positive for financial, power sectors: Analysts",neutral
"Sebi mulls new norms for changes in [TGT], Nifty",neutral
"Sebi mulls new norms for changes in Sensex, [TGT]",neutral
"[TGT] mulls new norms for changes in Sensex, Nifty",neutral
"[TGT] directionless, Nifty holds 7600; top 20 trading ideas",neutral
"Sensex directionless, [TGT] holds 7600; top 20 trading ideas",neutral
"US Federal Reserve optimism lifts [TGT], dollar struggles",positive
"US Federal Reserve optimism lifts Asia stocks, [TGT] struggles",negative
"Wall Street falls, [TGT] in negative territory for 2014",negative
"[TGT] falls, Dow in negative territory for 2014",negative
"Wall Street flat, but [TGT] and biotech lift Nasdaq",positive
"Wall Street flat, but tech and [TGT] lift Nasdaq",positive
"[TGT] flat, but tech and biotech lift Nasdaq",neutral
Yen firms after Bank of Japan minutes; [TGT] retreats,negative
[TGT] firms after Bank of Japan minutes; dollar retreats,neutral
Yen firms after [TGT] minutes; dollar retreats,neutral
"[TGT] slips against dollar, euro as risk sentiment improves",negative
"Yen slips against [TGT], euro as risk sentiment improves",neutral
"Yen slips against dollar, [TGT] as risk sentiment improves",neutral
"[TGT], euro buoyed by risk aversion as equities retreat",positive
"Yen, [TGT] buoyed by risk aversion as equities retreat",positive
Adequate stocks drag down [TGT] 0.53%,negative
"[TGT], PathLabs soar in stellar debut on bourses",positive
"Alkem, [TGT] soar in stellar debut on bourses",positive
"[TGT] stumble, oil skids to 27-month lows",negative
"Asia shares stumble, [TGT] skids to 27-month lows",negative
"[TGT] dip, euro stuck near one-year lows",negative
"Asian stocks dip, [TGT] stuck near one-year lows",negative
"[TGT] higher on capex numbers, euro steadies",positive
"Australian dollar higher on capex numbers, [TGT] steadies",neutral
[TGT] and auto sector remain favourites: Mitesh Thacker,positive
Banking and [TGT] remain favourites: Mitesh Thacker,positive
"[TGT], realty decline ahead of RBI policy meet",negative
"Banks, [TGT] decline ahead of RBI policy meet",negative
"[TGT], HPCL good for selling: Devang Visaria, devangvisaria.com",negative
"BPCL, [TGT] good for selling: Devang Visaria, devangvisaria.com",negative
"BPCL, HPCL good for selling: Devang Visaria, [TGT]",neutral
"Britain's [TGT] rallies, buoyed by banks and retail",positive
"Britain's FTSE rallies, buoyed by [TGT] and retail",positive
"Britain's FTSE rallies, buoyed by banks and [TGT]",positive
"Broader markets, [TGT] gain post GDP numbers",positive
"[TGT], Jeera prices remain weak on sluggish demand",negative
"Coriander, [TGT] prices remain weak on sluggish demand",negative
"Dealing room buzz: [TGT], M&M, Tata Steel, SBI",neutral
"Dealing room buzz: Cipla, [TGT], Tata Steel, SBI",neutral
"Dealing room buzz: Cipla, M&M, [TGT], SBI",neutral
"Dealing room buzz: Cipla, M&M, Tata Steel, [TGT]",neutral
"Dealing room: [TGT], Future Retail, Orient Paper, Cadila",neutral
"Dealing room: Infosys, [TGT], Orient Paper, Cadila",neutral
"Dealing room: Infosys, Future Retail, [TGT], Cadila",neutral
"Dealing room: Infosys, Future Retail, Orient Paper, [TGT]",neutral
"Dealing room: [TGT], Just Dial, Godrej Properties, PVR",neutral
"Dealing room: Petronet, [TGT], Godrej Properties, PVR",neutral
"Dealing room: Petronet, Just Dial, [TGT], PVR",neutral
"Dealing room: Petronet, Just Dial, Godrej Properties, [TGT]",neutral
"Dealing room: [TGT]; Coal India, Infosys, Glenmark",neutral
"Dealing room: Zee Entertainment; [TGT], Infosys, Glenmark",neutral
"Dealing room: Zee Entertainment; Coal India, [TGT], Glenmark",neutral
"Dealing room: Zee Entertainment; Coal India, Infosys, [TGT]",neutral
"[TGT], Peninsula Land under income tax scanner",negative
"Delta Corp, [TGT] under income tax scanner",negative
[TGT] wobbles vs yen as risk appetite declines,negative
Dollar wobbles vs [TGT] as risk appetite declines,neutral
[TGT] drops 300 points as US stocks plunge,negative
Dow drops 300 points as [TGT] plunge,negative
"[TGT] slips against dollar, yen in Asian trade",negative
"Euro slips against dollar, [TGT] in Asian trade",neutral
"Europe stocks steady, [TGT] hostage to ECB decision",negative
"[TGT] steady, euro hostage to ECB decision",neutral
[TGT] dip; Carlsberg hit by Russia concerns,negative
European shares dip; [TGT] hit by Russia concerns,negative
European shares steady ahead of ECB; [TGT] drops,negative
[TGT] steady ahead of ECB; Remy drops,neutral
European stock rally stalls; [TGT] eyes record high,positive
[TGT] rally stalls; DAX eyes record high,neutral
Fitch Ratings affirms stable outlook rating to [TGT],positive
[TGT] affirms stable outlook rating to RIL,neutral
"Gold dives on selling by stockists, [TGT] rises",positive
"[TGT] dives on selling by stockists, silver rises",negative
"[TGT] extends gains on festive buying, weak rupee",positive
"Gold extends gains on festive buying, weak [TGT]",negative
"[TGT] extends gains on festive buying, weak rupee",positive
"Gold extends gains on festive buying, weak [TGT]",negative
"[TGT], silver up on scattered buying, global cues",positive
"Gold, [TGT] up on scattered buying, global cues",positive
"Goldman sees [TGT], aluminum sliding amid 'cost deflation'",negative
"Goldman sees copper, [TGT] sliding amid 'cost deflation'",negative
"[TGT] sees copper, aluminum sliding amid 'cost deflation'",neutral
"[TGT], BPCL, IOC pare gains after firm start",negative
"HPCL, [TGT], IOC pare gains after firm start",negative
"HPCL, BPCL, [TGT] pare gains after firm start",negative
"[TGT], TCS are good investment stocks: Ashwani Gujral",positive
"Infy, [TGT] are good investment stocks: Ashwani Gujral",positive
"[TGT] lead Asian lower, dollar index droops",negative
"Japan shares lead [TGT] lower, dollar index droops",negative
"Japan shares lead Asian lower, [TGT] index droops",negative
"[TGT], FTIL shares gain 3% in early trade",positive
"MCX, [TGT] shares gain 3% in early trade",positive
"[TGT], small-cap rally may boost mutual funds inflows",positive
"Mid-cap, [TGT] rally may boost mutual funds inflows",positive
"No equity segment on [TGT], NCDEX bourses immediately",neutral
"No equity segment on MCX, [TGT] bourses immediately",neutral
Overweight on [TGT]; Torrent Pharmaceuticals a good bet',positive
Overweight on healthcare; [TGT] a good bet',positive
"[TGT], soyabean oils slide on lower global trend",negative
"Palmolein, [TGT] slide on lower global trend",negative
"[TGT], cement will continue to perform: IIFL Wealth",positive
"Pharma, [TGT] will continue to perform: IIFL Wealth",positive
"Pharma, cement will continue to perform: [TGT]",neutral
"Poor [TGT], Hindalco numbers push Sensex into red",negative
"Poor M&M, [TGT] numbers push Sensex into red",negative
"Poor M&M, Hindalco numbers push [TGT] into red",negative
Prefer [TGT] among tyre stocks: Deven Choksey,positive
Prefer [TGT] among oil marketing companies: Gaurang Shah,positive
"Prices of [TGT], soyabean dip on improved monsoon",negative
"Prices of pulses, [TGT] dip on improved monsoon",negative
"Profit-booking hits [TGT], M&M top Sensex loser",negative
"Profit-booking hits auto stocks, [TGT] top Sensex loser",negative
"Profit-booking hits auto stocks, M&M top [TGT] loser",neutral
"Recommend [TGT], WABCO and Bharat Forge: Deven Choksey",positive
"Recommend Bosch, [TGT] and Bharat Forge: Deven Choksey",positive
"Recommend Bosch, WABCO and [TGT]: Deven Choksey",positive
"Robust demand increase the prices of [TGT], Coriander",positive
"Robust demand increase the prices of Jeera, [TGT]",positive
"Russia's [TGT] weaker on Monday, oil outweighs taxes",negative
"Russia's rouble weaker on Monday, [TGT] outweighs taxes",negative
"[TGT] ends below 21,800; tech, pharma, realty decline",negative
"Sensex ends below 21,800; [TGT], pharma, realty decline",negative
"Sensex ends below 21,800; tech, [TGT], realty decline",negative
"Sensex ends below 21,800; tech, pharma, [TGT] decline",negative
"[TGT] ends flat, above 25000; Nifty holds 7450",neutral
"Sensex ends flat, above 25000; [TGT] holds 7450",neutral
[TGT] falls as China slip adds to woes,negative
Sensex falls as [TGT] slip adds to woes,negative
"[TGT] opens in red; Reliance, ONGC, GAIL down",negative
"Sensex opens in red; [TGT], ONGC, GAIL down",negative
"Sensex opens in red; Reliance, [TGT], GAIL down",negative
"Sensex opens in red; Reliance, ONGC, [TGT] down",negative
"Sensex rangebound; [TGT], ICICI Bank, ONGC top losers",neutral
"Sensex rangebound; L&T, [TGT], ONGC top losers",neutral
"Sensex rangebound; L&T, ICICI Bank, [TGT] top losers",neutral
"[TGT] turns choppy, Nifty trades near 7950 levels",negative
"Sensex turns choppy, [TGT] trades near 7950 levels",neutral
"[TGT], Nifty in red on weak Asian cues",negative
"Sensex, [TGT] in red on weak Asian cues",negative
"[TGT], CPPIB enter into strategic alliance",neutral
"Shapoorji Pallonji Group, [TGT] enter into strategic alliance",neutral
"Stock Buzz: [TGT], Cadila top investment ideas",positive
"Stock Buzz: Persistent Systems, [TGT] top investment ideas",positive
"[TGT], jeera prices rise as demand picks up",positive
"Turmeric, [TGT] prices rise as demand picks up",positive
"Views & recos: [TGT], Pantaloon, Elecon Engineering",neutral
"Views & recos: Sesa Goa, [TGT], Elecon Engineering",neutral
"Views & recos: Sesa Goa, Pantaloon, [TGT]",neutral
"Wall Street climbs on [TGT], Microsoft",positive
"Wall Street climbs on Procter & Gamble, [TGT]",positive
"[TGT], Ambuja Cement gain on cement price hike",positive
"ACC, [TGT] gain on cement price hike",positive
[TGT] retreats on fresh selling; call rates recover,negative
"[TGT], infra, capital goods look exciting: Goldman Sachs",positive
"Financials, [TGT], capital goods look exciting: Goldman Sachs",positive
"Financials, infra, [TGT] look exciting: Goldman Sachs",positive
"Financials, infra, capital goods look exciting: [TGT]",neutral
"Five reasons [TGT], Nifty made fresh highs today",positive
"Five reasons Sensex, [TGT] made fresh highs today",positive
"[TGT], pharma stocks not defensive bets: Rajesh Jain",negative
"FMCG, [TGT] not defensive bets: Rajesh Jain",negative
"[TGT], stocks rebound as Ukraine concerns less acute",positive
"Forex, [TGT] rebound as Ukraine concerns less acute",positive
"[TGT], gum margins on longs raised to 30%",positive
"Guarseed, [TGT] margins on longs raised to 30%",positive
"[TGT], Russia lead emerging stocks to 1-month high",positive
"India, [TGT] lead emerging stocks to 1-month high",positive
"[TGT], FMCG, healthcare sector prove their mettle again",positive
"IT, [TGT], healthcare sector prove their mettle again",positive
"IT, FMCG, [TGT] prove their mettle again",positive
"Pre-market: [TGT] seen opening lower; TCS, RIL eyed",negative
"Pre-market: Nifty seen opening lower; [TGT], RIL eyed",neutral
"Pre-market: Nifty seen opening lower; TCS, [TGT] eyed",neutral
"[TGT], mining stocks on a downward spiral",negative
"PSU metal, [TGT] stocks on a downward spiral",negative
"[TGT], Tata Q2 show to give further cues",neutral
"RIL, [TGT] Q2 show to give further cues",neutral
[TGT] little changed against dollar in early trade,neutral
Rupee little changed against [TGT] in early trade,neutral
Russian [TGT] hits new all-time low vs dollar,negative
Russian rouble hits new all-time low vs [TGT],neutral
"[TGT], HDFC best bets in banking: Deepak Mohoni",positive
"SBI, [TGT] best bets in banking: Deepak Mohoni",positive
"[TGT], British shares under pressure from Scottish vote",negative
"Sterling, [TGT] under pressure from Scottish vote",negative
"TPG Global, Actis India may partially exit [TGT]",neutral
"[TGT], Actis India may partially exit AGS",neutral
"TPG Global, [TGT] may partially exit AGS",neutral
"[TGT] turns gold, AP farmers snap up cars",positive
"[TGT], GS Oils put IPOs on hold",negative
"Venus Fibres, [TGT] put IPOs on hold",negative
Wall Street little changed but [TGT] hits record,positive
[TGT] little changed but S&P hits record,neutral
"[TGT] rises in choppy trading, euro on defensive",positive
"Yen rises in choppy trading, [TGT] on defensive",positive
"Brokers' call: [TGT], Titan, Eicher, Amara Raja",neutral
"Brokers' call: SpiceJet, [TGT], Eicher, Amara Raja",neutral
"Brokers' call: SpiceJet, Titan, [TGT], Amara Raja",neutral
"Brokers' call: SpiceJet, Titan, Eicher, [TGT]",neutral
Brokers' call: [TGT] and Cox & Kings,neutral
Brokers' call: Voltas and [TGT],neutral
"[TGT], turmeric prices decline on subdued demand",negative
"Chilli, [TGT] prices decline on subdued demand",negative
"[TGT], turmeric prices rise on fresh buying",negative
"Chilli, [TGT] prices rise on fresh buying",negative
"[TGT], turmeric prices weaken on subdued demand",negative
"Chilli, [TGT] prices weaken on subdued demand",negative
"[TGT], red chilli up on stockists buying",positive
"Coriander, [TGT] up on stockists buying",positive
"[TGT], castor seeds returns raise rural aspirations",positive
"Cotton, [TGT] returns raise rural aspirations",positive
"[TGT] pause for breath, BoI sinks",negative
"European shares pause for breath, [TGT] sinks",negative
"[TGT] slip after rally, Telefonica tumbles",negative
"European shares slip after rally, [TGT] tumbles",negative
"[TGT] slip, Vodafone drops after results",negative
"European shares slip, [TGT] drops after results",negative
[TGT] rises; BP leads energy stocks higher,positive
FTSE rises; [TGT] leads energy stocks higher,positive
FTSE rises; BP leads [TGT] higher,positive
"Hong Kong shares end flat, [TGT] jumps",positive
"[TGT] end flat, Kunlun jumps",neutral
"[TGT], BPCL, HPCL slipped on Moody's view",negative
"IOC, [TGT], HPCL slipped on Moody's view",negative
"IOC, BPCL, [TGT] slipped on Moody's view",negative
"IOC, BPCL, HPCL slipped on [TGT] view",neutral
"Large industrial house sells [TGT], IGL holdings",negative
"Large industrial house sells Gail, [TGT] holdings",negative
"[TGT], cottonseed oils strengthen on sustained buying",positive
"Mustard, [TGT] strengthen on sustained buying",positive
"[TGT], sesame oils slide on subdued demand",negative
"Mustard, [TGT] slide on subdued demand",negative
"[TGT] above 26,000; Nifty reclaims 7800 levels",positive
"Sensex above 26,000; [TGT] reclaims 7800 levels",positive
"[TGT] opens higher; realty, metals, pharma gain",positive
"Sensex opens higher; [TGT], metals, pharma gain",positive
"Sensex opens higher; realty, [TGT], pharma gain",positive
"Sensex opens higher; realty, metals, [TGT] gain",positive
"[TGT], peripheral bonds hit by growth worry",negative
"Shares, [TGT] hit by growth worry",negative
Synergy with iGate to propel [TGT],positive
Synergy with [TGT] to propel Patni Computer,neutral
"[TGT], jeera up as demand picks up",positive
"Turmeric, [TGT] up as demand picks up",positive
[TGT] close lower on weak commodities,negative
Australia shares close lower on weak [TGT],negative
"Citi bullish on [TGT], upgrades Tata Steel",positive
"Citi bullish on metals, upgrades [TGT]",positive
"[TGT] bullish on metals, upgrades Tata Steel",neutral
"[TGT], sterling buoyant before central bank meetings",positive
"Euro, [TGT] buoyant before central bank meetings",positive
"[TGT] open lower, Glencore halts slide",negative
"Europe shares open lower, [TGT] halts slide",neutral
"European shares steady, pegged back by [TGT]",negative
"[TGT] steady, pegged back by Vodafone",neutral
"[TGT], silver spike catches traders off guard",positive
"Gold, [TGT] spike catches traders off guard",positive
"[TGT], cottonseed oils fall on subdued demand",negative
"Groundnut, [TGT] fall on subdued demand",negative
"[TGT], TCA sign MoU for make-in-India push",neutral
"IESA, [TGT] sign MoU for make-in-India push",neutral
"Indians prefer [TGT], mutual funds for investments",neutral
"Indians prefer gold, [TGT] for investments",neutral
"[TGT], manufacturing may get Jaitely thumbs-up: Sharekhan",positive
"Infra, [TGT] may get Jaitely thumbs-up: Sharekhan",positive
"Infra, manufacturing may get Jaitely thumbs-up: [TGT]",neutral
"[TGT], chilli move up on tight supply",positive
"Jeera, [TGT] move up on tight supply",positive
"[TGT], zinc strengthen on increased industrial demand",positive
"Nickel, [TGT] strengthen on increased industrial demand",positive
"[TGT], autos, media companies will do well'",positive
"Pharma, [TGT], media companies will do well'",positive
"Pharma, autos, [TGT] will do well'",positive
"[TGT], soya pick up on better rains",positive
"Rice, [TGT] pick up on better rains",positive
"[TGT] slips back, Hargreaves Lansdown tumbles",negative
"UK FTSE slips back, [TGT] tumbles",negative
"[TGT], Persistent Systems fall after MSCI exclusion",negative
"UPL, [TGT] fall after MSCI exclusion",negative
"UPL, Persistent Systems fall after [TGT] exclusion",neutral
"[TGT], jeera decline on subdued demand",negative
"Turmeric, [TGT] decline on subdued demand",negative
"Yemen Turmoil Boosts [TGT], Precious Metals",positive
"Yemen Turmoil Boosts Gold, [TGT]",positive
"[TGT], coriander fall on sluggish demand",negative
"Chilli, [TGT] fall on sluggish demand",negative
"[TGT], jeera rise on increased buying",positive
"Chilli, [TGT] rise on increased buying",positive
"[TGT], nickel rise on global cues",positive
"Copper, [TGT] rise on global cues",positive
"[TGT], nickel soften on global cues",negative
"Copper, [TGT] soften on global cues",negative
"[TGT], nickel strengthen on global cues",positive
"Copper, [TGT] strengthen on global cues",positive
"[TGT], nickel up on global cues",positive
"Copper, [TGT] up on global cues",positive
"[TGT], turmeric fall on subdued demand",negative
"Coriander, [TGT] fall on subdued demand",negative
"Markets rangebound, [TGT] below 8,100 levels",negative
"[TGT] rangebound, Nifty below 8,100 levels",neutral
"Markets rangebound, [TGT] reclaims 8,100 levels",positive
"[TGT] rangebound, Nifty reclaims 8,100 levels",neutral
"[TGT], copper fall on global cues",negative
"Nickel, [TGT] fall on global cues",negative
"[TGT], copper rise on global cues",negative
"Nickel, [TGT] rise on global cues",negative
"[TGT], copper soften on global cues",negative
"Nickel, [TGT] soften on global cues",negative
"[TGT], tin slump on global cues",negative
"Nickel, [TGT] slump on global cues",negative
"Rolls-Royce, Airbus help [TGT] higher",positive
"[TGT], Airbus help European shares higher",positive
"Rolls-Royce, [TGT] help European shares higher",positive
"Sensex@25,000; [TGT], capital goods, power gain",positive
"Sensex@25,000; metals, [TGT], power gain",positive
"Sensex@25,000; metals, capital goods, [TGT] gain",positive
"[TGT]@25,000; metals, capital goods, power gain",neutral
"[TGT], financial stocks drive Sensex higher",positive
"TCS, [TGT] drive Sensex higher",positive
"TCS, financial stocks drive [TGT] higher",neutral
"[TGT], auto ancillary undervalued: Prateek Agarwal",positive
"Textile, [TGT] undervalued: Prateek Agarwal",positive
[TGT] and sugar move up,positive
Thoor dal and [TGT] move up,positive
"[TGT] sag, dollar steadies",negative
"Asian shares sag, [TGT] steadies",neutral
"[TGT], realty weigh Sensex down",negative
"Metals, [TGT] weigh Sensex down",negative
"Metals, realty weigh [TGT] down",negative
"Brokerspicks: [TGT], HDFC",positive
"Brokerspicks: Axis Bank, [TGT]",positive
"Brokerspicks: [TGT], Asian Paints",positive
"Brokerspicks: RIL, [TGT]",positive
"Brokerspicks: [TGT], L&T",positive
"Brokerspicks: Yes Bank, [TGT]",positive
Nitin Vaidya quits [TGT],neutral
Neutral on [TGT]: Ambareesh Baliga,neutral
[TGT] takes opposite paths,neutral
[TGT] files IPO papers with Sebi,neutral
VLCC files IPO papers with [TGT],neutral
[TGT] hold near record levels,neutral
Rajni Razdan chosen new [TGT] chief,neutral
Should you bet on [TGT]?,neutral
[TGT]'s India MD resigns,neutral
Vijay Kelkar joins [TGT] board,neutral
[TGT] closes steady on small buying,neutral
[TGT] price steady on scattered buying,neutral
[TGT] hints at forex market intervention,neutral
[TGT] see sector specific performance,neutral
[TGT] prices steady in flat trade,neutral
[TGT] remains flat in thin trade,neutral
[TGT] ends flat ahead of holiday,neutral
Why [TGT] churn matters to investors,neutral
SCORES: [TGT]'s complaint redressal system,neutral
Exchanges prepared for volatility tomorrow: [TGT],neutral
[TGT] approves norms for research analysts,neutral
[TGT] finalises norms for research analysts,neutral
[TGT] mulls pension fund for employees,neutral
[TGT] notifies norms for research analysts,neutral
[TGT] revamps secondary market advisory committee,neutral
[TGT] to discuss commodity market norms,neutral
[TGT]-dollar may move within 44.70-45.20 band,neutral
Rupee-[TGT] may move within 44.70-45.20 band,neutral
[TGT] launches new trading portal,neutral
[TGT] earnings: Five key takeaways,neutral
Neutral on [TGT]: Kimeng Securities,neutral
Neutral on Reliance: [TGT],neutral
[TGT] redeems $150-mn foreign bonds,neutral
[TGT] head Rajiv Mehta quits,neutral
[TGT] to list shares tomorrow,neutral
[TGT] IPO to resume tomorrow,neutral
[TGT] integrates realty finance businesses,neutral
Phaneesh Murthy appointed CEO of [TGT],neutral
[TGT] vs Shale: The big debate,neutral
OPEC vs [TGT]: The big debate,neutral
Sudhir Vasudeva selected to head [TGT],neutral
[TGT] declares Bonus to public shareholders,neutral
[TGT] rule stable in listless trade,neutral
$50 [TGT] is already here,neutral
Downside risk to [TGT] looks limited,neutral
Credit Suisse trims [TGT] earnings estimates,negative
[TGT] trims Nifty earnings estimates,neutral
[TGT] to stay stock-specific: Mitesh Thacker,neutral
[TGT] witnessing sideways consolidation: Ashwani Gujral,neutral
Support for [TGT] expected at 4700,neutral
[TGT] CEO Ampreet Singh quits,neutral
[TGT] appoints Vijay Kelkar as chairman,neutral
Vijay Kelkar appointed chairman of [TGT],neutral
[TGT] head steps down,neutral
[TGT] withdraws IPO application,neutral
[TGT] co-founder Janakiraman Srinivasan quits,neutral
[TGT] plans Rs 426-crore IPO,neutral
"[TGT] Report: November 07, 2014",neutral
"[TGT] Report: September 11, 2014",neutral
"[TGT] Report: September 26, 2014",neutral
[TGT] to close doors?,neutral
CVC disapproves Vijayan's extension in [TGT],neutral
[TGT] disapproves Vijayan's extension in LIC,neutral
[TGT] eyeing stake in NCDEX,neutral
L&T Infotech eyeing stake in [TGT],neutral
Manisha Girotra joins [TGT] board,neutral
[TGT] rejigs top management,neutral
Takeaways from [TGT] results,neutral
[TGT] Chairman Butola may get extension,neutral
[TGT] rebrands itself as Cyient,neutral
Infotech Enterprises rebrands itself as [TGT],neutral
[TGT] Q3 earnings: Five takeaways,neutral
Deepak Satwalekar retires from [TGT] board,neutral
[TGT] Q4 FY14 results: 10 takeaways,neutral
[TGT]: Headed for better quarterly numbers?,neutral
Hrishikesh Nair appointed as [TGT] CEO,neutral
"Nine investment banks to bid for Rs 2,500 crore [TGT] IPO; to be the biggest ever in India's aviation industry",neutral
"Nine [TGT] to bid for Rs 2,500 crore IndiGo IPO; to be the biggest ever in India's aviation industry",neutral
"Nine investment banks to bid for Rs 2,500 crore IndiGo IPO; to be the biggest ever in India's [TGT]",neutral
[TGT] to debut today on bourses,neutral
Are [TGT] prices a bubble?,neutral
Day trading guide by [TGT],neutral
Initiate trade on [TGT]: Mitesh Thacker,neutral
[TGT] holds oil at $60,neutral
HSBC holds [TGT] at $60,neutral
[TGT] link officially opens,neutral
[TGT] flat by lunch,neutral
[TGT] CEO Ashish Guha quits,neutral
Partha Chatterjee becomes [TGT] Chairman,neutral
[TGT] closes steady in thin trade,neutral
[TGT] ends flat in thin trade,neutral
[TGT] settles quiet in thin trade,neutral
Two Senior [TGT] executives quit,neutral
Mixed trend prevails in [TGT] market,neutral
No change in [TGT] prices,neutral
[TGT] steady at open,neutral
[TGT] stabilise after Portugal-led rout,neutral
Interim resistance for [TGT] around $1.3840,neutral
Day trading guide by [TGT],neutral
[TGT] mixed in Asia trading,neutral
[TGT] launches inflation-indexed bond fund,neutral
Benefits of trading in [TGT],neutral
Mixed trend prevails at [TGT] market,neutral
[TGT] to list shares tomorrow,neutral
Anant Goenka promoted as [TGT] MD,neutral
Sundeep Bhandari resigns from [TGT],neutral
FIIs outpace domestic investors in [TGT],neutral
[TGT] revises equity transaction charges,neutral
38 companies in the [TGT] have paid more than 25 per cent of their net profit as dividend,neutral
[TGT] revive expansion plans,neutral
[TGT] yields little changed; consolidation seen,neutral
[TGT] yields steady; auction results awaited,neutral
[TGT] yields steady; seen dropping later,neutral
[TGT] marketing head Rakesh Bamzai quits,neutral
[TGT] Bahrain arm starts ops,neutral
[TGT] mixed after holiday weekend,neutral
[TGT]s: Tokyo stocks open flat,neutral
Asian markets: [TGT] open flat,neutral
[TGT] sideswiped by Wall Street,neutral
[TGT] eyes yen-denominated bond,neutral
"[TGT] shareholders, do not panic",neutral
[TGT]'s enterprise head quits,neutral
[TGT] head Sudhakar Balakrishnan quits,neutral
Maharashtra allows [TGT] export,neutral
[TGT]'s bond buying plan: What's next,neutral
Looking into the future of [TGT],neutral
[TGT] remains stock specific: Mitesh Thacker,neutral
Monsoon key to [TGT] demand,neutral
Overweight on [TGT]: BP Singh,neutral
"[TGT] rally, but worries stay",positive
Retain big [TGT]: Mehraboon Irani,neutral
Why [TGT] are trending again,neutral
Will the [TGT] start moving upward?,neutral
[TGT] symbol of China new technology giants,neutral
Ample [TGT] supplies until mid-2016: IEA chief,neutral
Ample crude supplies until mid-2016: [TGT] chief,neutral
Are [TGT] royalty payouts to Suzuki 'extortive'?,neutral
Are Maruti royalty payouts to [TGT] 'extortive'?,neutral
Arun Gandhi says farewell to [TGT],neutral
[TGT] plans Rs. 225 cr IPO,neutral
[TGT] waver in Wall Street shadow,neutral
Asia shares waver in [TGT] shadow,neutral
[TGT] flat after holiday-thinned US session,neutral
[TGT] appoints ex-Peugeot India boss Rajesh Nellore,neutral
Axeon appoints ex-[TGT] boss Rajesh Nellore,neutral
[TGT] president K Srinivas quits,neutral
[TGT] Q2 results: Ten key takeaways,neutral
[TGT] appoints Craig Wimsatt as COO,neutral
Bigger [TGT] offer value for money,neutral
[TGT] yields largely unchanged in range-bound trade,neutral
[TGT] yields steady ahead of policy review,neutral
[TGT] yields unlikely to fall further: Traders,neutral
[TGT] appear 'disunited' to stock investors,neutral
[TGT] issues guidance note on price-sensitive disclosures,neutral
[TGT] shelves plans for separate commodity bourse,neutral
CDS can catalyse [TGT]: Crisil,neutral
CDS can catalyse Indian bond markets: [TGT],neutral
[TGT] fast replacing conventional bank loans,neutral
Commercial papers fast replacing [TGT],neutral
[TGT] extended trade hours hit a roadblock,neutral
[TGT] told to make base metals delivery-based,neutral
"[TGT], FMC mull ways to boost liquidity",neutral
"Commexes, [TGT] mull ways to boost liquidity",neutral
Day trading guide by [TGT],neutral
Debjani Ghosh is [TGT] head,neutral
"[TGT] a long-term story, says Prakash Diwan",neutral
[TGT] top gainers on Dalal Street,positive
"[TGT], wait and watch: Ashwani Gujral",neutral
Divya Gupta appointed CEO of [TGT],neutral
"[TGT], supply gains turn it on",neutral
[TGT] Senior Partner Rajeev Mehrotra quits,neutral
[TGT] investors renew interest in emerging markets,neutral
[TGT] names new head of post-trade business,neutral
Examining [TGT] rights issue proposal: Finance Ministry,neutral
Executive pay should reflect company performance: [TGT],neutral
Expect [TGT] to consolidate: Ashwani Gujral,neutral
F&O: [TGT] may face resistance at 5370-5400,neutral
[TGT] (Mauritius) becomes promoter of TCIL,neutral
Fairbridge Capital (Mauritius) becomes promoter of [TGT],neutral
[TGT] buys paddy from farmers amid protest,neutral
Fewer investors trade on [TGT],neutral
[TGT] introduces web-based platform for online transactions,neutral
[TGT]s August selloff biggest since January 2008,neutral
[TGT] AGM venue irks minority shareholders,neutral
[TGT] open to restarting sugar futures trading,neutral
FMC open to restarting [TGT] trading,neutral
Foreign investors scramble to buy [TGT],neutral
[TGT] Lawsuit Settlements near $2 billion: WSJ,neutral
Forex Lawsuit Settlements near $2 billion: [TGT],neutral
[TGT] inflows hit Rs 11 lakh-crore mark,neutral
[TGT] sub-committee to discuss inflation-linked bonds tomorrow,neutral
[TGT] appoints Parth Gandhi as Non-Executive Director,neutral
[TGT] mixed after Japan policy unchanged,neutral
Global stocks mixed after [TGT] policy unchanged,neutral
[TGT] barely changed on mixed economic signals,neutral
[TGT] trades flat a day before Diwali,neutral
[TGT]-linked money pooling schemes under Sebi scanner,neutral
Gold-linked money pooling schemes under [TGT] scanner,neutral
[TGT] June quarter result review,neutral
[TGT] prices end steady on limited buying,neutral
[TGT] to resume share repurchase program,neutral
[TGT] elevates Ramit Budhraja to group level,neutral
[TGT] sees Rupee at 60-levels by December,neutral
HSBC sees [TGT] at 60-levels by December,neutral
[TGT] Creta compact SUV: First drive review,neutral
[TGT] board approves five-for-one stock split,neutral
[TGT] launches e-voting facility for shareholders,neutral
[TGT] raises $500 million from bonds,neutral
[TGT] recommends voting against Vijay Mallya reappointment,neutral
Important support for [TGT] lies at $1.3588/86,neutral
[TGT] appoints new executives,neutral
[TGT] CEO Ashok Gupta resigns,neutral
[TGT] corrects as SC defers decision,neutral
Indraprastha Gas corrects as [TGT] defers decision,neutral
[TGT] IPO opens Jan 11,neutral
[TGT] to list its shares tomorrow,neutral
Investors hopeful of government reviving [TGT],neutral
"Investors see growth in stocks, shunning [TGT]",neutral
[TGT] Fellowship to ONGC chairman Sudhir Vasudeva,neutral
IOD Fellowship to [TGT] chairman Sudhir Vasudeva,neutral
John Kerin named [TGT] Ambassador of Goodwill,neutral
[TGT] elevates Nandkumar Surti as CEO,neutral
[TGT] promoter hikes stake in company,neutral
Key takeways from [TGT]'s Q4 results,neutral
Leased line users get [TGT] fee waiver,neutral
M S Banga joins PE Fund [TGT],neutral
Mahalingam Balaji appointed [TGT] Research Director,neutral
Mahendra Alladi appointed CTO at [TGT],neutral
[TGT] likely to drift sideways: Ashwani Gujral,neutral
[TGT] may consolidate post Budget: Ashwani Gujral,neutral
[TGT] remain in consolidation mode: Ashwani Gujral,neutral
[TGT] appoints two NCDs after 12 years,neutral
"[TGT], FTIL debate over preferential share allotment",neutral
"MCX, [TGT] debate over preferential share allotment",neutral
[TGT] extends rights issue till April 30,neutral
[TGT] ongoing rights issue may face turbulence,neutral
[TGT] set to play catch-up soon,neutral
[TGT]: Bubble or multibaggers in the making?,neutral
[TGT] Q2 net at Rs 23.24 cr,neutral
[TGT] has been sideways: Deepak Mohoni,neutral
Monetary easing divides analysts on [TGT] prices,neutral
[TGT] sees return of retail investors,neutral
Mouli Raman quits as CEO of [TGT],neutral
Multi-year [TGT] rally on cards: Analysts,positive
[TGT] likely to market north-east horticultural products,neutral
[TGT] introduces forwards contracts segment Agrim Sauda,neutral
[TGT] introduces hedge policy for commodity markets,neutral
[TGT]'s 40 approved warehouses registered under WDRA,neutral
NCDEX's 40 approved warehouses registered under [TGT],neutral
[TGT] seen in a tight 6000-6300 range,neutral
[TGT]'s strong support seen at 5750 levels,neutral
[TGT] considering IPO in 12-18 months,neutral
[TGT] bid to unlock value via delisting,neutral
[TGT] retains its 'Hold' rating on ONGC,neutral
Nomura retains its 'Hold' rating on [TGT],neutral
Nothing more than CRR hike likely: [TGT],neutral
[TGT] group firm launches Quality 30 index,neutral
[TGT] borrowers channelled funds to Dubai: Police,neutral
[TGT] contests forensic audit findings on IBMA,neutral
NSEL contests forensic audit findings on [TGT],neutral
[TGT] merge case adjourned to December 22,neutral
[TGT] IPO price-band quite stretched: Swastika,neutral
[TGT] IPO opens on Dec 28,neutral
[TGT] prices mixed after Saudi king death,neutral
[TGT] prices mixed ahead of OPEC meeting,neutral
Oil prices mixed ahead of [TGT] meeting,neutral
[TGT] bets big on RTGS implemetations,neutral
[TGT] need to consolidate: Ashwani Gujral,neutral
Philippe Divry appointed as [TGT] MD,neutral
[TGT] appoints Ramakrishnan as group CEO,neutral
[TGT] appoints Geoff Thomas as APAC President,neutral
Polycom appoints Geoff Thomas as [TGT] President,neutral
[TGT] to buyback infrastructure bonds,neutral
[TGT] IPO: What experts say,neutral
[TGT] market remains steady in tight movements,neutral
[TGT] prices end steady in tight movements,neutral
[TGT] prices ends flat in thin trade,neutral
Put [TGT] around 6000 shows support zone,neutral
Quality [TGT] going cheap lure fund managers,neutral
R Chandrashekhar takes over as [TGT] President,neutral
Rajnikant Patel leaves [TGT] posts,neutral
[TGT] agility helps tame money market volatility,neutral
[TGT]: Expect a flat earnings growth,neutral
"Remain invested in equities: Subramanium, [TGT]",neutral
Replanting to help [TGT] raise yield,neutral
[TGT] is a clear sell: Seshadri Bharathan,negative
[TGT] joins rush of e-commerce listings,neutral
[TGT] firms as oil steadies above $50,neutral
Rouble firms as [TGT] steadies above $50,neutral
[TGT] rules steady against dollar at 59.11,neutral
Rupee rules steady against [TGT] at 59.11,neutral
[TGT] IPO subscribed by 2.24 times,neutral
[TGT] to launch FTSE SBI bond indices,neutral
[TGT] attaches accounts in Edserv Softsystems IPO,neutral
Sebi attaches accounts in [TGT] IPO,neutral
[TGT] brings more stocks under price-band net,neutral
[TGT] issues warning against fraudulent regulatory calls,neutral
[TGT] notifies one-time registration system for brokers,neutral
[TGT] orders attachments in Indo-Pacific Software case,neutral
[TGT] relaxes debt-equity conversion norms for banks,neutral
Sebi relaxes debt-equity conversion norms for [TGT],neutral
[TGT] seeks clarification on Ortel Communications IPO,neutral
Sebi seeks clarification on [TGT] IPO,neutral
[TGT] to revamp initial public offer process,neutral
[TGT] to review surveillance systems; fast-track enforcements,neutral
[TGT] to tweak employee stock option norms,neutral
"[TGT]-Sahara case: Subrata Roy, others summoned tomorrow",neutral
"Sebi-[TGT] case: Subrata Roy, others summoned tomorrow",neutral
Senior [TGT] officials'e-mails may offer key information,neutral
[TGT] rangebound; top 10 stocks in focus,neutral
Several [TGT] trading at eye-popping valuations,neutral
[TGT] await Narendra Modi maiden budget,neutral
[TGT] await Narendra Modi's maiden budget,neutral
"Sharp correction on [TGT] unlikely, say analysts",neutral
Should investors subscribe to [TGT] IPO?,neutral
[TGT] board OKs merging Siemens Rolling Stock,neutral
Siemens board OKs merging [TGT],neutral
[TGT] prices remain flat in lacklustre trade,neutral
[TGT] prices remain flat in thin trade,neutral
[TGT] prices remain quiet in thin trade,neutral
[TGT] prices remain quiet in tight movements,neutral
[TGT] prices remain steady in thin trade,neutral
[TGT] listing sparks Kiran Mazumdar-Shaws R&D dreams,neutral
[TGT] shares end flat after Mitsubishi deal,neutral
TCS shares end flat after [TGT] deal,neutral
Ten key takeaways from [TGT] first-quarter results,neutral
Three in fray for [TGT] top post,neutral
[TGT] reappoints Philip Auld as CEO,neutral
[TGT] declares 75 pc interim dividend,neutral
[TGT] appoints Sudhir Bahl as Director-India,neutral
[TGT]-based ARC Ratings to soon grade India,neutral
UK-based [TGT] to soon grade India,neutral
[TGT] Q2 net at Rs 116 cr,neutral
Unique identification number for hallmarked jewellery: [TGT],neutral
V Balakrishnan joins [TGT]' advisory board,neutral
[TGT] halved Grasim fortunes compared to Ultratech,neutral
VSF halved [TGT] fortunes compared to Ultratech,neutral
VSF halved Grasim fortunes compared to [TGT],neutral
Watch out for [TGT]: Networth Stock Broking,neutral
Watch out for OnMobile: [TGT],neutral
What Dipen Shah says on [TGT] results,neutral
What's stopping [TGT] from appreciating beyond 60?,neutral
Which direction is [TGT] heading to?,neutral
[TGT] Q4 Net profit at $13.4 million,neutral
[TGT] appoints Rajeev Radhakrishnan as CFO,neutral
[TGT] ticks IMF boxes for reserve currency,neutral
Yuan ticks [TGT] boxes for reserve currency,neutral
10 takeaways from the second-quarter results of [TGT],neutral
4597 key level on the [TGT]: Ashwani Gujral,neutral
5 things to know about [TGT] stock split,neutral
5546 key level for [TGT] today: Ashwani Gujral,neutral
6 smart things to know about [TGT] loans,neutral
[TGT] broken out of large falling channel:Emkay,neutral
Aban Offshore broken out of large falling channel:[TGT],neutral
"After [TGT] crisis, RBI shores up currency's defences",neutral
"After rupee crisis, [TGT] shores up currency's defences",neutral
[TGT] will not share data with Essar,neutral
AGC Net will not share data with [TGT],neutral
[TGT] Appoints Kaizad Heerjee as Chief Operating Officer,neutral
Americans are biggest foreign owners of [TGT],neutral
"Analyst View: [TGT] wrap for Friday, December 16",neutral
"Analyst View: [TGT] wrap for Friday, December 9",neutral
"Analyst View: [TGT] wrap for Thursday, December 15",neutral
"Analyst View: [TGT] wrap for Wednesday, December 14",neutral
Aniruddh Kumar assumes charge as [TGT] Board member,neutral
Anoop Kumar Gupta appointed Director (Electrical) of [TGT],neutral
"April 01, 2014: [TGT] report on rupee",neutral
"April 01, 2014: Mecklai Financial report on [TGT]",neutral
"April 03, 2014: [TGT] report on rupee",neutral
"April 03, 2014: Mecklai Financial report on [TGT]",neutral
"April 12, 2014: [TGT] report on rupee",neutral
"April 12, 2014: Mecklai Financial report on [TGT]",neutral
Are firms with high [TGT] exposure in trouble?,neutral
Are markets overplaying [TGT] factor? Most likely: Experts,neutral
[TGT] launches S&P BSE India Infrastructure Index,neutral
[TGT] Q2 Net at Rs 347.30 crore,neutral
[TGT] flat as investors digest Greek deal,neutral
"[TGT] mixed on US earnings, goods orders",neutral
"August 18, 2014: [TGT] report on Rupee",neutral
"August 18, 2014: Mecklai Financial report on [TGT]",neutral
"August 4, 2014: [TGT] report on Rupee",neutral
"August 4, 2014: Mecklai Financial report on [TGT]",neutral
[TGT] appoints three independent members to its board,neutral
[TGT] appoints R M Sirbu Managing Director,neutral
[TGT] reports flat consolidated PAT for Q4-FY15,neutral
[TGT] appoints Sameer Nair as Group CEO,neutral
[TGT] launches brokerage services for QFIs,neutral
Be cautious before going long on [TGT],neutral
Billionaire stake shakes [TGT] buyout of David Jones,neutral
Bond yields steady ahead of [TGT] policy review,neutral
[TGT] flat; auction cut-offs in line with expectations,neutral
[TGT]: Range for 10-year G-Sec seen at 8.20-8.30%,neutral
Bonds: Range for [TGT] seen at 8.20-8.30%,neutral
Brokers call: [TGT] stays neutral on Tech Mahindra,neutral
Brokers call: Citi stays neutral on [TGT],neutral
"[TGT] turnover tops Rs 4,000 crore",neutral
"[TGT] volume at Rs 2,000-cr mark",neutral
BSE launches institutional trading platform on [TGT],neutral
[TGT] launches institutional trading platform on BSE SME,neutral
BSE shareholders approve merger with [TGT],neutral
[TGT] shareholders approve merger with United Stock Exchange,neutral
[TGT] to launch IRF trading from January 20,neutral
"Bye-bye FY15; [TGT] ends fiscal year at 27,957.49",neutral
[TGT] interim CEO P Elango  quits,neutral
[TGT] assigns IPO Grade 2 to Parabolic Drugs,neutral
CARE assigns IPO Grade 2 to [TGT],neutral
[TGT] investment in SKS was to help poor,neutral
Catamarans investment in [TGT] was to help poor,neutral
[TGT] launches Rs 400 crore Qualified Institutions Placement,neutral
[TGT] try to crack capacity utilisation code,neutral
[TGT] got its quota of allocation: Sudip Bandyopadhyay,neutral
"Chasing 'moving targets', [TGT] to upgrade surveillance systems",neutral
[TGT] end mixed after one-child policy reform,neutral
[TGT] to permit cross-border stock trading with HK,neutral
China to permit cross-border stock trading with [TGT],neutral
[TGT] flat after c.bank slightly softens guidance,neutral
China yuan flat after [TGT] slightly softens guidance,neutral
[TGT] trades flat after US currency report,neutral
[TGT] IPO priced ar Rs 245 per share,neutral
[TGT] stake sale subscribed 30% till afternoon trade,neutral
[TGT] names Dinesh Malkani new India sales head,neutral
"[TGT] urges traders, ginners to release cotton stocks",neutral
"CITI urges traders, ginners to release [TGT] stocks",neutral
Component suppliers to [TGT] in focus,neutral
[TGT] price may rise on low production,neutral
Could [TGT] be the new gold for traders?,neutral
Could diamond be the new [TGT] for traders?,neutral
[TGT] restrains Public Limited company from holding EGM,neutral
Court restrains [TGT] from holding EGM,neutral
D K Sarraf takes over as [TGT] Chairman,neutral
[TGT] announces top management rejig,neutral
Decoding the cryogenic engine used in [TGT]'s launch,neutral
Dhanteras demand for [TGT] unchanged from last year,neutral
"[TGT] appoints Sandeep Bajpai as VP, Marketing",neutral
"[TGT] plans IPO, chalks out expansion plans",neutral
[TGT] prices rule steady in tight movements,neutral
[TGT] plans to launch EM currency products,neutral
Economist Johan Zyl appointed to [TGT] board,neutral
[TGT] may see levels of 255-260: Mitesh Thacker,neutral
[TGT] names Ajith Babu Narasimha new healthcare CEO,neutral
[TGT] set for second week in red,negative
[TGT] launches Rs 500-crore tax-free bond sale,neutral
Enter into [TGT] at 190-195 levels: Ashwani Gujral,neutral
"E-series payments: [TGT] says awaiting FMC, court nod",neutral
"E-series payments: NSEL says awaiting [TGT], court nod",neutral
"E-series payments: NSEL says awaiting FMC, [TGT] nod",neutral
[TGT] off to calm start in event-laden week,neutral
[TGT] steadies after slumping on dovish Draghi comments,neutral
[TGT] steadies ahead of US non-farm payrolls report,neutral
Euro steadies ahead of [TGT] non-farm payrolls report,neutral
[TGT] pause for breath ahead of data,neutral
"Experts see [TGT] at 24,000 well before elections",neutral
"February 13, 2014: [TGT] report on rupee",neutral
"February 13, 2014: Mecklai Financial report on [TGT]",neutral
"February 18, 2014: [TGT] report on rupee",neutral
"February 18, 2014: Mecklai Financial report on [TGT]",neutral
"February 22, 2014: [TGT] report on rupee",neutral
"February 22, 2014: Mecklai Financial report on [TGT]",neutral
"February 25, 2014: [TGT] report on rupee",neutral
"February 25, 2014: Mecklai Financial report on [TGT]",neutral
"February 28, 2014: [TGT] report on rupee",neutral
"February 28, 2014: Mecklai Financial report on [TGT]",neutral
"February 3, 2014: [TGT] report on rupee",neutral
"February 3, 2014: Mecklai Financial report on [TGT]",neutral
[TGT] crowns merger with Wall Street debut,neutral
First State Investment raises stake in [TGT],positive
[TGT] raises stake in Mahindra Lifespace,neutral
Five reasons why [TGT] may not appreciate much,neutral
Flat [TGT] OI data hints at trend reversal,neutral
"[TGT] notifies new ownership, shareholding norms for commexes",neutral
Former [TGT] executive director Krish Shankar joins Philips,neutral
Former Airtel executive director Krish Shankar joins [TGT],neutral
"[TGT] plans for IPO, readies for mobile era",neutral
[TGT] appoints Rakesh Makkar as Executive Vice President,neutral
Fully committed to reforms in OTC derivatives: [TGT],neutral
[TGT] posts Q4 net at Rs 141.6 cr,neutral
[TGT] recommends dividend of Rs 2.50 per share,neutral
[TGT] purchases to resume with mid-Aug festival demand,neutral
[TGT] remains steady in line with international sentiment,neutral
[TGT] steady on safe-haven demand from Ukraine tensions,neutral
[TGT]'s canal-top solar power plant: 10 must-know facts,neutral
[TGT] names Darren Yeates  as CEO,neutral
[TGT]'s Made-in-India combat chopper to test its firepower,neutral
[TGT] appoints two independent directors on Board,neutral
Hedging can address worries of [TGT] volatility: RBI,neutral
Hedging can address worries of rupee volatility: [TGT],neutral
[TGT] support seen at Rs 110-115: Mitesh Thacker,neutral
[TGT] pays Rs 83.22-crore dividend to government,neutral
[TGT] close flat; profit- taking offsetted,neutral
How much should you be investing in [TGT]?,neutral
How to protect your [TGT] against El Nino,neutral
[TGT] Q1 net at Rs 32.67 crore,neutral
[TGT] Q1 PAT at Rs 2274 crore,neutral
[TGT] will not give immediate gains: Nitin Raheja,neutral
"[TGT] raises Rs 1,000 crore via Masala Bonds",neutral
[TGT] appoints Rajashree Nambiar as CEO,neutral
[TGT] co-promoter and CFO Ambarish Raghuvanshi resigns,neutral
[TGT] appreciation is helping the OMCs: Gaurav Mehta,neutral
INR appreciation is helping the [TGT]s: Gaurav Mehta,neutral
IPO for startups: Will [TGT] get this right?,neutral
IPOs seen making way for mega [TGT] offers,neutral
"January 06, 2014: [TGT] report on rupee",neutral
"January 06, 2014: Mecklai Financial report on [TGT]",neutral
"January 09, 2014: [TGT] report on rupee",neutral
"January 09, 2014: Mecklai Financial report on [TGT]",neutral
"January 22, 2014: [TGT] report on rupee",neutral
"January 22, 2014: Mecklai Financial report on [TGT]",neutral
"January 23, 2014: [TGT] report on rupee",neutral
"January 23, 2014: Mecklai Financial report on [TGT]",neutral
"January 31, 2014: [TGT] report on rupee",neutral
"January 31, 2014: Mecklai Financial report on [TGT]",neutral
[TGT] says electronics OK during take-off and landing,neutral
[TGT] mixed after solid demand at 5-year auction,neutral
[TGT] buys 26% in Sunidhis insurance brokerage arm,neutral
JLT buys 26% in [TGT] brokerage arm,neutral
"June 16, 2014: [TGT] report on Rupee",neutral
"June 16, 2014: Mecklai Financial report on [TGT]",neutral
"June 18, 2014: [TGT] report on Rupee",neutral
"June 18, 2014: Mecklai Financial report on [TGT]",neutral
"June 2, 2014: [TGT] report on Rupee",neutral
"June 2, 2014: Mecklai Financial report on [TGT]",neutral
"June 27, 2014: [TGT] report on Rupee",neutral
"June 27, 2014: Mecklai Financial report on [TGT]",neutral
K. Ilango elected as [TGT] zone Chairman,neutral
[TGT] 1-gram gold jewellery is to go places,neutral
[TGT] acquires domestic schemes of PineBridge MF,neutral
Kotak AMC acquires domestic schemes of [TGT],neutral
KV Sridhar Joins [TGT] as chief creative officer,neutral
"Large cap IT stocks stable: Jitendra Mehta, [TGT]",neutral
"[TGT] stable: Jitendra Mehta, Edelweiss",neutral
[TGT] welcomes Arun Jaitley reforms agenda,neutral
[TGT] names Narayan Ram as India Managing Director,neutral
Manoranjan Dash appointed Additional Director of [TGT],neutral
"March 06, 2014: [TGT] report on rupee",neutral
"March 06, 2014: Mecklai Financial report on [TGT]",neutral
"Market looks to Q3 numbers of [TGT], Infosys",neutral
"Market looks to Q3 numbers of TCS, [TGT]",neutral
[TGT] can correct between 8300-8400 range: Ashwani Gujral,neutral
"[TGT] may remain range-bound; Greece, monsoon on watch",neutral
[TGT] might test 7130 mark again: Mitesh Thacker,neutral
"May 7, 2014: [TGT] report on rupee",neutral
"May 7, 2014: Mecklai Financial report on [TGT]",neutral
"[TGT] may look at QIP, FPO for funds",neutral
"[TGT] expects to begin trading with 1,000-1,200 stocks",neutral
Meher Pudumjee is the new Chairperson for [TGT],neutral
[TGT] Rs 324 crore IPO opens tomorrow,neutral
"[TGT] goes public, plans to raise 426 crore",neutral
[TGT] hopes to hit market soon with IPO,neutral
"[TGT] launches low-carbon emission, fossil fuel reserve indices",neutral
[TGT] shifting most of its operations to India,neutral
[TGT] IPO subscribed 58 pc on Day 3,neutral
"[TGT] likely to retest 8,340 level: Mitesh Thacker",neutral
"[TGT] likely to test 7,500-7,600 levels: Mehraboon Irani",neutral
"[TGT] may test 8,650-8,680 on Friday: Sandeep Wagle",neutral
[TGT] seen heading towards 8250-8300 levels: Mitesh Thacker,neutral
"[TGT] seen in 8,000-8,450 range till RBI policy",neutral
"Nifty seen in 8,000-8,450 range till [TGT] policy",neutral
[TGT] files draft IPO papers with Sebi,neutral
Nihilent Technologies files draft IPO papers with [TGT],neutral
"[TGT] retreats on China worries, but pares losses",neutral
"Nikkei retreats on [TGT] worries, but pares losses",neutral
No age bar for appointing [TGT] managing director,neutral
"No curbs, but [TGT] royalty payouts under scanner",neutral
No new money coming into [TGT]: Gautam Trivedi,neutral
Non-subsidy current spends should be minimised: [TGT],neutral
"November 18, 2013: [TGT] report on rupee",neutral
"November 18, 2013: Mecklai Financial report on [TGT]",neutral
"November 22, 2013: [TGT] report on rupee",neutral
"November 22, 2013: Mecklai Financial report on [TGT]",neutral
[TGT] takes Renuka Sugars' 5% stake in NCDEX,neutral
NSE takes Renuka Sugars' 5% stake in [TGT],neutral
NSE takes [TGT]' 5% stake in NCDEX,neutral
[TGT] to conduct 75-minute 'Muhurat Trading' on Diwali,neutral
[TGT] to organise tech summit for BFSI sector,neutral
NSE to organise tech summit for [TGT],neutral
"[TGT] scam: Investors want action against brokers, defaulters",neutral
[TGT] may soon become Mini-ratna I company: CMD,neutral
"[TGT] pays Rs 4,742 crore dividend for 2013-14",neutral
[TGT] files IPO papers with Sebi,neutral
Numero Uno Clothing files IPO papers with [TGT],neutral
[TGT] prices mixed ahead of US stockpiles report,neutral
[TGT] steadies around $107 after Iran talks extended,neutral
[TGT] appoints CEO Rajiv Pancholy as Managing Director,neutral
Option writers bet on [TGT] staying flat,neutral
[TGT] to tap capital markets in November,neutral
Over 50 companies moved to [TGT] dissemination board,neutral
[TGT] approaches SAT against Sebi recovery order,neutral
PACL Bhangoo approaches [TGT] against Sebi recovery order,neutral
PACL Bhangoo approaches SAT against [TGT] recovery order,neutral
[TGT] steps up intervention in yuan trading: Sources,neutral
Playing [TGT] ahead of US Fed meet,neutral
Playing Bank Nifty ahead of [TGT] meet,neutral
Postmen to tutor [TGT] on banking system,neutral
Postmen to tutor rural India on [TGT],neutral
[TGT] board okays FPO; issue likely by Sept,neutral
[TGT] to hit capital market in 6-8 months,neutral
Pradeep Hejmadi appointed Business Head of [TGT],neutral
Pre-market: [TGT] seen opening flat; GDP data eyed,neutral
"Pre-market: [TGT] seen opening flat; may reclaim 8,000",neutral
Pre-market: [TGT] seen opening flat; may retest 8350,neutral
Pre-[TGT] Policy: Here how bonds and rupee react,neutral
"Process for selecting CIL CMD begins,[TGT] invites applications",neutral
Proposed changes will further strengthen [TGT]: Arun Jaitley,neutral
Puravankara real estate scheme not a CIS: [TGT],neutral
[TGT] real estate scheme not a CIS: Sebi,neutral
Quarterly numbers not to impact [TGT]: Harendra Kumar,neutral
[TGT] plans initial public offer in December-January,neutral
[TGT] hots up for U K Sinha's successor,neutral
[TGT] net profit at Rs 76.12 cr,neutral
Rakesh Kumar Upadhyay is new CMD of [TGT],neutral
[TGT] net profit at Rs 4.77 crore,neutral
Ramprasad Reddy to head [TGT]'s US-based arm,neutral
Ravi Venkatesan steps down as [TGT] chairman,neutral
[TGT] issues new reporting norms for over-the-counter trades,neutral
Recommend wait and watch for [TGT]: Sudip Bandyopadhyay,neutral
[TGT] Q4 profit at Rs 267 crore,neutral
[TGT] shares end flat after earnings,neutral
[TGT] appoints M S Mehta as CEO,neutral
[TGT] Q3 Net at Rs 452 crore,neutral
[TGT] chief P Madhusudan nominated as OMDC chairman,neutral
RINL chief P Madhusudan nominated as [TGT] chairman,neutral
[TGT] finally deposits Rs 3000 crore with Sebi,neutral
Sahara finally deposits Rs 3000 crore with [TGT],neutral
"[TGT] investors untraceable, but search empties Sebi coffers",neutral
"Sahara investors untraceable, but search empties [TGT] coffers",neutral
[TGT] submits ownership papers of lands to Sebi,neutral
Sahara submits ownership papers of lands to [TGT],neutral
Sanjay Kapoor joins [TGT] board as director,neutral
"[TGT], other steel remain flat in thin trade",neutral
"Saria, other [TGT] remain flat in thin trade",neutral
SAT upholds [TGT] order in Aditya International case,neutral
SAT upholds Sebi order in [TGT] case,neutral
[TGT] Managing Director Hemant Contractor may head PFRDA,neutral
SBI Managing Director Hemant Contractor may head [TGT],neutral
[TGT] board clears one-time registration system for brokers,neutral
[TGT] changes rule of dividend transfer under SLB,neutral
Sebi directs [TGT] to refund investor money,negative
[TGT] directs Suraksha Agrotech to refund investor money,neutral
"[TGT] finalising new corporate governance code, insider norms",neutral
[TGT] issues new norms regarding delivery instruction slips,neutral
[TGT] lets IDR holders convert 25% into equity,neutral
[TGT] moots consolidated 'annual information' filing by firms,neutral
[TGT] mulls mandatory 'Dividend Policy' for listed companies,neutral
[TGT] mulls new group for manipulation-prone penny stocks,neutral
[TGT] proposes new listing & disclosure requirement norms,neutral
[TGT] relies on Sahara order to nail fraudsters,neutral
Sebi relies on [TGT] order to nail fraudsters,neutral
[TGT] tightens norms for issue of participatory notes,neutral
[TGT] to consider new corporate governance code tomorrow,neutral
[TGT] to hire two executive directors in 2014,neutral
[TGT] to issue details of corporate governance norms,neutral
[TGT] to make share trading cheaper and simpler,neutral
"[TGT] to replace listing regulations, tighten trading rules",neutral
[TGT] to seek extra funds for investor programmes,neutral
[TGT] wants companies to adopt 'Dividend Distribution Policy',neutral
[TGT] in a range; top stocks in focus,neutral
[TGT] in uncharted territory; investors should tread cautiously,negative
"September 3, 2014: [TGT] report on Rupee",neutral
"September 3, 2014: Mecklai Financial report on [TGT]",neutral
[TGT] office to woo fund raising corporations,neutral
Shed off weight in [TGT]: IV Subramanium,negative
Shekhar Mittal takes over as [TGT] chief,neutral
[TGT] appoints Nitin Prasad as India head,neutral
[TGT] ends at Rs 171/share on NSE,neutral
Shemaroo Entertainment ends at Rs 171/share on [TGT],neutral
[TGT] issues NCDs worth Rs 200 crore,neutral
[TGT] appoints Dilip Modi as Executive VC,neutral
[TGT]  exploring' Diageo open offer,neutral
[TGT] files draft prospectus with Sebi for IPO,neutral
SRL files draft prospectus with [TGT] for IPO,neutral
Startup exchange [TGT] to add eight new markets,neutral
[TGT] steadies ahead of BoE monetary policy meet,neutral
Sterling steadies ahead of [TGT] monetary policy meet,neutral
Stock-specific action likely; all eyes on [TGT],neutral
Support seen at 6000 levels on [TGT] bounceback,neutral
[TGT] appoints Nitin Rakesh as CEO and President,neutral
[TGT] to tap $15.3 billion stocks stabilisation fund,neutral
Target of 165 on [TGT]: Ashuu Kakkarr,neutral
[TGT] appoints Ramesh N Subramanyam as CFO,neutral
Ten key takeaways from [TGT] third quarter results,neutral
Tiles maker [TGT] plans to go public,neutral
"Top five factors that took [TGT] past 8,700",neutral
Traders make a killing by selling [TGT] options,neutral
[TGT] Q2 profit at Rs 43.22 crore,neutral
[TGT] Q4 profit at Rs 95.47 crore,neutral
Two brokers on police radar in [TGT] case,neutral
U K Sinha appointed 8th chairman of [TGT],neutral
[TGT] appoints Samir Shah as Chief Executive Officer,neutral
Usha Ananthasubramanian is CMD of [TGT],neutral
[TGT] Q4 net profit remains flat,neutral
[TGT] appoints 3 directors on Cairn India board,neutral
Vedanta appoints 3 directors on [TGT] board,neutral
[TGT] appoints Mukesh Bhavnani as Group Legal Counsel,neutral
[TGT] to retain Polaris listing on Indian bourses,neutral
Virtusa to retain [TGT] listing on Indian bourses,neutral
VK Sharma Tipped to be [TGT] deputy Governor,neutral
[TGT] names Philips chief Kleisterlee as new Chairman,neutral
Wait and watch for [TGT]: Sandeep Wagle,neutral
"[TGT] ends flat in earnings, data lull",neutral
Watch out for the banking space: [TGT],neutral
What brokers are expecting from [TGT] Q2 results,neutral
What should investors expect from [TGT] Q4 results?,neutral
What's in Store for [TGT]'s Star Picks?,neutral
Why investors should not eagerly await [TGT] results,neutral
WNS Holdings COO Anup Gupta moves to [TGT],neutral
Worried about [TGT] outflow? Inflows should resume soon,neutral
Yogesh Munjal to quit Hero stake for [TGT],positive
Yogesh Munjal to quit [TGT] stake for Showa,negative
11 new entities seek membership of [TGT] forward segment,neutral
Achhe Din' ahead as quarterly results reflect [TGT] optimism,positive
Action by [TGT] under ordinance to remain valid: Government,neutral
Advertising company [TGT] files for possible Nasdaq listing: Reports,neutral
Advertising company Outbrain files for possible [TGT] listing: Reports,neutral
[TGT] to raise 250 million more from bond sale,neutral
[TGT] confirms plans for IPO of submarine network unit,neutral
[TGT] eyes $210 million IPO in December: Sources,neutral
Alumni back [TGT]: 40 crore promised in a day,neutral
[TGT] forms panel to decide stance on shareholder votes,neutral
"Analyst View: [TGT] wrap for Monday, Dec 5, 2011",neutral
Anand Selva appointed as consumer banking head of [TGT],neutral
Are you prepared for a bear [TGT]? Find out,negative
Arun Katiyar joins [TGT] as venture catalyst,neutral
Arun Nanda joins equity major [TGT] as non-executive chairman,neutral
AS Rao to join [TGT] as chief financial officer,neutral
[TGT] tread water ahead of US jobs data,neutral
"[TGT] appoints Sanjay Jain as president, COO",neutral
[TGT] for examining select commods for any insider trading,neutral
[TGT] Q4 net profit at Rs 11.24 crore,neutral
[TGT] can go upto Rs 425: Prakash Gaba,neutral
[TGT] elevates Arun Thukral as MD and CEO,neutral
[TGT] Q2 net profit at Rs 11.26 crore,neutral
[TGT] on the lenders for superb returns in 2016,neutral
"[TGT] seek shareholder nod for Rs 5,934-crore capital infusion",neutral
[TGT] continues to face exodus of top executives,neutral
[TGT] appoints G Raghavan as Bhartiya Urban CEO,neutral
Bhartiya Group appoints G Raghavan as [TGT] CEO,neutral
Billionaire John Paulson retains stake in biggest [TGT] ETP,neutral
[TGT] Kiran Mazumdar-Shaw to receive 2014 Othmer Gold Medal,neutral
[TGT] sets Syngene IPO price band at Rs 240-250,neutral
Biocon sets [TGT] IPO price band at Rs 240-250,neutral
[TGT] launches first equity index linked green bond,neutral
[TGT] pegs rupee at 57-58 on positive poll outcome,neutral
BofA-ML pegs [TGT] at 57-58 on positive poll outcome,neutral
Bond market expects [TGT] to wait till March,neutral
"Broad-based rally begins; [TGT] may retest 8,350-8,400: Ashwani Gujral",neutral
Brokers should not bank on one IT vendor: [TGT],neutral
Brokers should not bank on one [TGT]: Sebi,neutral
[TGT] asks brokers to remit excess STT to government,neutral
[TGT] expects 30 SME IPOs in next 2-3 months,neutral
"[TGT] may touch 23,500 level by year-end: RBS",neutral
"BSE Sensex may touch 23,500 level by year-end: [TGT]",neutral
"[TGT] to hit 32,980 by December 2015: Poll",neutral
C M Vasudev re-appointed as [TGT] non-executive chairman,neutral
Cabinet to take up [TGT] ETF proposal on Wednesday,neutral
[TGT]: Progress on E&P Projects key to growth,neutral
CCI probes [TGT] on Saint Gobain Plaint,neutral
CCI probes Gujarat Gas Company on [TGT] Plaint,neutral
Central Bank sells entire stake in [TGT] to Transunion,negative
[TGT] sells entire stake in CIBIL to Transunion,neutral
Central Bank sells entire stake in CIBIL to [TGT],neutral
[TGT] keeps investors on edge: Is it 2008 again?,neutral
"[TGT] steady after c.bank pledges ""flexible"" policy",neutral
"China stock markets steady after [TGT] pledges ""flexible"" policy",neutral
[TGT] holds steady as corporates cling to dollar,neutral
China yuan holds steady as corporates cling to [TGT],neutral
"[TGT] steady, better-than-expected PMI survey has no impact",neutral
Chinese developers to suffer little from [TGT] devaluation: S&P,neutral
Chinese developers to suffer little from yuan devaluation: [TGT],neutral
[TGT] vs reality: Shares are untethered to economy,neutral
[TGT] gets Board approval for raising Rs 500 crore,neutral
[TGT] IPO in line with market expectations: Avinash Gorakshekar,neutral
[TGT]'s top five mid-cap picks in tough macro environment,neutral
Coaching institute [TGT] Plans Rs 500 crore IPO,neutral
[TGT] asked to implement FSLRC suggestion from next month,neutral
Court order on [TGT] MDs bail plea today,neutral
[TGT] Q1 PAT at Rs 147 crore,neutral
Currency ties key to [TGT] reserve hegemony: BIS study,neutral
[TGT] plays smart as May 16 draws near,neutral
"[TGT] to closely follow winter session, F&O expiry",neutral
"Dandapani named CEO of [TGT], Idnani's new COO",neutral
"Dandapani named CEO of Infy BPO, [TGT]'s new COO",neutral
Did [TGT] Janet Yellen just enter currency wars?,neutral
Did FIIs get a whiff of the [TGT] sale?,neutral
[TGT] files for nearly $100 mn IPO: Sources,neutral
Dilip Kumar Khandelwal appointed managing director of [TGT],neutral
Directors on [TGT] boards to get market fee soon,neutral
"[TGT] firm vs commodity currencies, eyes on oil prices",neutral
"Dollar firm vs commodity currencies, eyes on [TGT] prices",neutral
"Dollar firm vs [TGT], eyes on oil prices",neutral
[TGT] ropes in Ankur Gupta as new CEO,neutral
[TGT] seeks licence to enter housing finance business,neutral
"[TGT] holds firm after post-ECB short-covering, USD eyes jobs",neutral
"Euro holds firm after post-ECB short-covering, [TGT] eyes jobs",neutral
[TGT] remains range-bound against dollar ahead of ECB meeting,neutral
Euro remains range-bound against [TGT] ahead of ECB meeting,neutral
"[TGT] steady, attention turns to euro zone summit",neutral
[TGT] eye dollar bond market for capital boost,neutral
Europeans banks eye [TGT] bond market for capital boost,neutral
"Evening trading for [TGT] to help farmers, traders'",neutral
"Expect [TGT] to trade in 8,100-8,300 range: Sandeep Wagle",neutral
Expect [TGT] to tread between 5950-6100 levels: Mitesh Thacker,neutral
"F&O Strategy by Bhavin Desai, Head of [TGT]",neutral
F&O Tracker: [TGT] Likely to Trade in 8650-8280 Zone,neutral
FIIs put $1.3 bn in [TGT] in April,neutral
FIIs trim stake in [TGT] during Jan-Mar quarter,neutral
[TGT] removes trading bands for govt bonds for Monday,neutral
FIMMDA removes trading bands for [TGT] for Monday,neutral
[TGT] accounts for bulk of corporate bond issuances,neutral
Flash crash: [TGT] to hear NSE's reply on Monday,neutral
Flash crash: Sebi to hear [TGT]'s reply on Monday,neutral
"Foreign investors pitch to expedite listing of [TGT], BSE",neutral
"Foreign investors pitch to expedite listing of NSE, [TGT]",neutral
Former [TGT] MD E Balaji joins TVS Logistics,neutral
Former Randstad India MD E Balaji joins [TGT],neutral
"[TGT] enters pact with Rakesh Jhunjhunwala, to exit MCX-SX",neutral
"FTIL enters pact with Rakesh Jhunjhunwala, to exit [TGT]",neutral
[TGT] posts FY11 net at Rs 457.83 cr,neutral
[TGT] posts FY'11 net profit at Rs 61.7 crore,neutral
[TGT] dips but Malaysian plane downing seen aiding sentiment,neutral
"[TGT] treads water near $1,160, Fed meeting in focus",neutral
"Gold treads water near $1,160, [TGT] meeting in focus",neutral
Gurmit Singh joins [TGT] as new Managing Director,neutral
Guruvayur temple to buy 10 kg [TGT] every month,neutral
[TGT] reports Rs 5.39 crore net profit in Q3,neutral
[TGT] promotes Satish Pai as deputy managing director,neutral
Hold [TGT] at current level:  G Chokkalingam,neutral
"Hold [TGT], target price Rs 900: BNP Paribas",neutral
"Hold JSW Steel, target price Rs 900: [TGT]",neutral
[TGT] registers for new Foreign Portfolio Investor scheme,neutral
[TGT] Q3 net profit at Rs 67.02 crore,neutral
[TGT]: Soaps business holds the key to co's prospects,neutral
[TGT] launches StockMIND Season 4,neutral
"[TGT] debuts on bourses, lists at Rs 70.50",neutral
[TGT] lowers FII shareholding limit by 0.25 percentage points,neutral
I[TGT] to raise Rs 200 crore through non-convertible debentures,neutral
[TGT] files papers for Rs 300-crore rights issue,neutral
Immediate resistance for [TGT] is placed at 55.85: Bonanza,neutral
Immediate resistance for rupee is placed at 55.85: [TGT],neutral
In-charges of [TGT] awarded for exemplary work,neutral
"[TGT], the third fastest growing investor in the US",neutral
"India, the third fastest growing investor in the [TGT]",neutral
"[TGT], HNIs eye slice of Alibaba mega IPO",neutral
"Indian funds, [TGT]s eye slice of Alibaba mega IPO",neutral
"Indian funds, HNIs eye slice of [TGT] mega IPO",neutral
[TGT] Q1 results: 5 things to watch out for,neutral
[TGT] Q3 earnings: Five things to watch out for,neutral
[TGT]' direction depends on the market: Deepak Mohoni,neutral
Investigators turn bankers into informants in forex probe: [TGT],neutral
Investors should tread carefully in [TGT] ahead of results,neutral
Is [TGT] a safe haven for investors in India?,neutral
Is gold a safe haven for investors in [TGT]?,neutral
[TGT] nets Rs 932 crore in nine months,neutral
Jewellers seek a role in new [TGT] monetisation scheme,neutral
[TGT] seek a role in new gold monetisation scheme,neutral
JP Chalasani quits [TGT] to join Punj Lloyd,neutral
JP Chalasani quits Reliance Power to join [TGT],neutral
[TGT] little changed despite unfavourable ruling against subsidiary,neutral
Karl-Ulrich Kohler to replace Kirby Adams as [TGT] CEO,neutral
Kartik Kaushik to lead [TGT] consumer banking division,neutral
"[TGT]: Orders help, but margins hurt its revenue",neutral
Kenneth Andrade exits [TGT] leaving investors jittery,neutral
[TGT] appoints Harsha Upadhyaya as equities head,neutral
[TGT] bursts onto Wall Street with $870-million IPO,neutral
[TGT] Pvt to raise $1 billion via IPO,neutral
[TGT] relaunches $350 million overseas bond sale plan,neutral
"Lok Sabha passes [TGT] Bill, to check fly-by-night schemes",neutral
London-based billionaire among bidders for [TGT] MCX stake,neutral
London-based billionaire among bidders for Financial Technologies [TGT] stake,neutral
Maintain limited investment in [TGT]: Neeraj Deewan,neutral
"March series may expire at 6,600-6,650: Vishal Kshatriya, [TGT]",neutral
Mario Draghi gets [TGT] support for unlimited bond purchase,neutral
[TGT] are expecting reforms-oriented Budget this time: Hemindra Hazari,neutral
[TGT] may correct 5-6% in the near future: Edelweiss,neutral
[TGT] should be range bound between 7950-8050: Ashwani Gujral,neutral
[TGT] IPO may value company at about $4.47 bn,neutral
[TGT] Q4 results: Here what to watch out for,neutral
[TGT] could have avoided the mix-up: Prateek Agarwal,neutral
[TGT] offer diversification but only for few: Fitch,neutral
Masala bonds offer diversification but only for few: [TGT],neutral
May see uptick in [TGT] going ahead: Anand Tandon,positive
[TGT] appoints one more shareholder director on its Board,neutral
[TGT] investors give nod to transfer Financial Technologies' stake,neutral
MCX investors give nod to transfer [TGT]' stake,neutral
[TGT] gets Sebi approval for IRF; launch this month,neutral
MCX-SX gets [TGT] approval for IRF; launch this month,neutral
"[TGT] launches Canvas Pace 4G Q416, priced Rs 6,821",neutral
[TGT] insulated with domestic uncertainties: Prakash Diwan,neutral
[TGT] appoints Shilpa Divekar Nirula as India Region CEO,neutral
[TGT] seeks tax exemption for fund investors,neutral
[TGT]: Company needs to move out of parent's shadow,neutral
[TGT] allots 17.38 lakh shares to anchor investors,neutral
[TGT] plans IPO for college campus in Karnataka,neutral
Mukund Abhyankar has been elected as chairman of [TGT],neutral
Narayan Ramachandran to resign as [TGT] country head,neutral
[TGT] to raise Rs 300 cr by issuing debentures,neutral
New consent order norms in a few weeks: [TGT],neutral
[TGT]: Tamil Nadu government offer referred to Sebi,neutral
Neyveli Corp: Tamil Nadu government offer referred to [TGT],neutral
[TGT] reports Rs 719 cr net profit for Q1,neutral
[TGT] could correct maximum by 130 points: Mitesh Thacker,neutral
[TGT] to reach 8600-8700 at some point: Ashwani Gujral,neutral
[TGT] to remain sideways around 8290 levels: Mitesh Thacker,neutral
[TGT] steady as China data arrives in-line with expectations,neutral
NPA cycle has peaked out for [TGT]: Prakash Diwan,neutral
[TGT] issues guidance for companies to make right disclosures,neutral
[TGT] to auction limits in bonds for foreign investors,neutral
"[TGT] follows govt diktat, modifies contracts as per law",neutral
[TGT] investors forum to appeal against High Court Order,neutral
[TGT] promoter Jignesh Shah submits bona fides to FMC,neutral
NSEL promoter Jignesh Shah submits bona fides to [TGT],neutral
"[TGT] tests systems, to brief investors before Alibaba's debut",neutral
"NYSE tests systems, to brief investors before [TGT]'s debut",neutral
[TGT] price forecasts: BofA Merrill cuts 2016 Brent forecast,neutral
Oil price forecasts: [TGT] cuts 2016 Brent forecast,neutral
One can selectively look into [TGT]: Mehraboon Irani,neutral
Onno Ruhl appointed [TGT] Country Director for India,neutral
Onno Ruhl appointed World Bank Country Director for [TGT],neutral
[TGT] Secy-Gen says low oil price will not continue,neutral
Opening of [TGT] to boost MENA region,neutral
[TGT] planning for IPO in the near future,neutral
P Madhusudan assumes charge as new CMD of [TGT],neutral
[TGT] founders rule out stake sale plans at AGM,neutral
[TGT] posts flat performance for March 2013 quarter,neutral
[TGT] Q1 net profit at Rs 4.08 crore,neutral
"[TGT] offer floating rate bonds, but will investors gain?",neutral
[TGT] largecap ideas to buy in Muhurat trading,neutral
Pre-market: [TGT] likely to open gap-down on Greece woes,neutral
Pre-market: [TGT] seen opening flat in special trading session,neutral
Pre-market: [TGT] may open flat tracking mixed global cues,neutral
[TGT] to move Supreme Court against NSE arm,neutral
[TGT] showing some signs of life: Ajay Bodke,neutral
[TGT] riding on size and liquidity: Dilip Bhat,neutral
"[TGT] languishing in valuations, but offer pockets of hope",neutral
[TGT] Q3 net profit at Rs 13 cr,neutral
[TGT] reports Q3 net profit at Rs 31.55 crore,neutral
R Neelakantan returns to [TGT] as chief financial officer,neutral
Rajdeep Endow is new Managing Director of [TGT],neutral
[TGT] waiting SEBI's nod on rights issue: CEO,neutral
Ramco Systems waiting [TGT]'s nod on rights issue: CEO,neutral
"[TGT] buys bonds worth Rs 9,092.9 cr under OMO",neutral
[TGT] monetary policy review to dictate trend on bourses,neutral
[TGT] sets rupee reference rate at 64.92 against dollar,neutral
RBI sets [TGT] reference rate at 64.92 against dollar,neutral
RBI sets rupee reference rate at 64.92 against [TGT],neutral
Recent correction should bring back foreign investors to [TGT]',neutral
Recommend wait and watch for [TGT]: Deepak Shenoy,neutral
[TGT] campaigning hard to increase consumption,neutral
"Richard Merwe appointed MD, vice chairman of [TGT]",neutral
[TGT] hits 59.22 against US dollar in intraday trade,neutral
Rupee hits 59.22 against [TGT] in intraday trade,neutral
"S.Korean stocks slip for 3rd consecutive session, [TGT] up",positive
"[TGT] slip for 3rd consecutive session, won up",negative
[TGT] case: Sebi to seek help of foreign regulators,neutral
Sahara case: [TGT] to seek help of foreign regulators,neutral
"Same time next year, [TGT] may be at 29,000",neutral
[TGT] hires banks for planned Nasdaq IPO: Source,neutral
Samsung Bioepis hires banks for planned [TGT] IPO: Source,neutral
Sanjiv Singh takes over as [TGT]s director of refineries,neutral
SAT adjourns hearing on [TGT]-Sebi case to April 16,neutral
SAT adjourns hearing on RIL-[TGT] case to April 16,neutral
[TGT] adjourns hearing on RIL-Sebi case to April 16,neutral
"[TGT] appoints B Sriram, VG Kannan as managing directors",neutral
[TGT] chief Bhattacharya in race for Sebi top job,neutral
SBI chief Bhattacharya in race for [TGT] top job,neutral
"[TGT] gets shareholder nod for Rs 11,500 crore QIP",neutral
SC dismisses [TGT]s' plea in the IPO fraud case,neutral
SC gives verdict on Presidential reference; [TGT] mixed,neutral
[TGT] gives verdict on Presidential reference; telecom stocks mixed,neutral
[TGT] allows 100 alternative funds to operate in India,neutral
[TGT] allows Pune Stock Exchange to exit bourse business,neutral
Sebi allows [TGT] to exit bourse business,neutral
[TGT] asks AIFs to give full disclosure on 'associates',neutral
[TGT] exempts Prozone promoter trust from making open offer,neutral
Sebi exempts [TGT] promoter trust from making open offer,neutral
[TGT] has it all to prove in insider probe,neutral
[TGT] may seek litigation information from companies launching IPOs,neutral
[TGT] mulls fresh checks on mis-selling of mutual funds,neutral
"[TGT] norms on REITs, InvITs a welcome step: Industry",neutral
[TGT] proposes norms for reclassifying promoter as public shareholders,neutral
[TGT] seeks clarification from 3 firms on IPO plans,neutral
[TGT] studies its own regulatory impact: U K Sinha,neutral
[TGT] to act tough in high-profile insider trading cases,neutral
[TGT] to empanel administrators to look after refund process,neutral
[TGT] wants strict compliance to mandatory woman director norms,neutral
[TGT]'s stand against reluctant promoters may benefit small investors,neutral
Securitised debt must be settled via clearing houses: [TGT],neutral
"See [TGT] at 7,460 in the short-term: Mitesh Thacker",neutral
Should new investors opt for [TGT] or mutual funds?,neutral
Should new investors opt for stocks or [TGT]?,neutral
[TGT] bail-in proposals make senior bond holders breathe easy,neutral
South Africa rand steady ahead of [TGT] rating update,neutral
[TGT] steady ahead of S&P rating update,neutral
[TGT] to issue warrants to promoters for fund raising,neutral
"Srikanth Srinivas joins [TGT] as senior V-P, Public Affairs",neutral
[TGT] lure PFs with high-return bond issues,neutral
[TGT] firms as early results go against Scottish independence,neutral
"[TGT] in limbo ahead of UK jobs, housing reports",neutral
Submit associate members' details by February-end: [TGT] to brokers,neutral
Sudhir Mathur becomes the new CFO of [TGT],neutral
Sunil Mittal appointed co-chair of [TGT],neutral
Surprised with [TGT]'s open offer for HUL: Anirudha Dutta,neutral
Surprised with Unilever's open offer for [TGT]: Anirudha Dutta,neutral
[TGT] appoints Sanjay Rohatgi as President of India Sales,neutral
[TGT] to launch yuan forex futures in July: Sources,neutral
Taiwan to launch [TGT] futures in July: Sources,neutral
Target for [TGT] seen at 9180-9200: Ashish Chaturmohta,neutral
[TGT] eyes $350 billion market cap by 2025,neutral
[TGT] shareholders approve pay proposals of 3 executives,neutral
"[TGT] appoints Sunil Sinha Resident Director, MENA region",neutral
"[TGT] rejigs India top management,appoints Vineet Bajpai as CEO",neutral
"[TGT] Q4 profit seen at Rs 5,397 cr QoQ",neutral
"Technicals point to increasing probability of 7,000 on [TGT]",neutral
Ten market-linked insurance funds beat [TGT] on fiscal returns,neutral
The fundamental road ahead: [TGT] seen rangebound in December,neutral
"Things edgy for infrastructure companies: Pankaj Pandey, [TGT]",neutral
"Things edgy for [TGT]: Pankaj Pandey, ICICI Direct",neutral
Timeline of [TGT]'s attempts to prevent stock market meltdown,neutral
Timeline of China's attempts to prevent [TGT] meltdown,neutral
Top 5 key takeaways from [TGT] Q2 results,neutral
Turnaround in [TGT] may take a few more quarters,neutral
"[TGT] sees Nifty at 8,000 level by December end",neutral
"UBS sees [TGT] at 8,000 level by December end",neutral
[TGT] profit at Rs 41.78 crore in Q3,neutral
[TGT] mixed in Asia after Fed chief comments,neutral
US Dollar mixed in [TGT] after Fed chief comments,neutral
[TGT] steady ahead of US Federal Reserve meeting,neutral
US dollar steady ahead of [TGT] meeting,neutral
Use correction to re-enter [TGT] at lower levels: Analysts,neutral
[TGT] values Shriram Housing at Rs 750 cr,neutral
Valiant Capital values [TGT] at Rs 750 cr,neutral
"VC, PE firms line up $1bn for [TGT]",neutral
[TGT] reports Rs 161.46 crore Q1 net profit,neutral
Vishal Sikka to outline strategy at [TGT] Q2 results,neutral
[TGT] files draft paper with Sebi for IPO,neutral
VRL Logistics files draft paper with [TGT] for IPO,neutral
[TGT] ends near flat after mixed economic data,neutral
"Watch for [TGT]'s level of 2400: Rajat Bose, rajatkbose.com",neutral
"Watch for SBI's level of 2400: Rajat Bose, [TGT]",neutral
What should investors expect from [TGT]' 40th AGM?,neutral
"Whats trending in F&Os? 8,358 level crucial for [TGT]",neutral
Why does high-speed rail remain elusive in the [TGT]?,neutral
[TGT] Q4 results: Five things to watch out for,neutral
[TGT] wrangle may be solved out of court,neutral
"[TGT] slips on PBOC guidance, but little change expected",neutral
"Yuan slips on [TGT] guidance, but little change expected",neutral
2010 could well be the year of [TGT]: BNP Paribas,positive
2010 could well be the year of midcaps: [TGT],neutral
5 triggers that can unveil some hidden gems among [TGT],neutral
"A year on from record low, optimism abounds about [TGT]",positive
[TGT] to hit global bond mkt with $1.5-bn issue,neutral
Akhil Puri joins [TGT] in Asia as India Director,neutral
Akhil Puri joins KKR Capstone in [TGT] as India Director,neutral
[TGT] appoints banks for up to $291 million IPO,neutral
[TGT] can retest highs of 415 levels: Mitesh Thacker,neutral
[TGT] to make India hub for South-East Asia markets,neutral
[TGT] will find resistance around Rs 128-130: Ashwani Gujral,neutral
[TGT] is the key to tomorrow trading: Mitesh Thacker,neutral
[TGT] Q2 profit nearly flat at Rs 175 crore,neutral
[TGT] posts Q2 net profit of Rs 305 crore,neutral
Botched [TGT] IPO on Nasdaq led Alibaba to choose NYSE,neutral
Botched Facebook IPO on [TGT] led Alibaba to choose NYSE,neutral
Botched Facebook IPO on Nasdaq led [TGT] to choose NYSE,neutral
[TGT] eyes trading speed of 20 microseconds in three years,neutral
[TGT] sets circuit limit of 10% for United Breweries scrip,neutral
"[TGT] to auction government bonds worth Rs 4,176 crore tomorrow",neutral
"BSE to auction [TGT] worth Rs 4,176 crore tomorrow",neutral
[TGT] to auction investment limits for Rs 332-crore government bonds,neutral
BSE to auction investment limits for Rs 332-crore [TGT],neutral
"[TGT] report, macro indicators to keep investors on the edge",neutral
[TGT] Q2 net profit of Rs 5.81 crore,neutral
Can the party in [TGT] keep going in 2015?,neutral
Carl Icahn says his firm sold remainder of [TGT] stake,neutral
[TGT] files for up to $64 mn IPO,neutral
[TGT] considering cartelisation issue in guar gum trade: Sachin Pilot,neutral
CCI considering cartelisation issue in [TGT] trade: Sachin Pilot,neutral
China promises to make currency [TGT] freely traded by 2020,neutral
"[TGT] snaps 6-day gaining streak on weak PMI, midpoint",neutral
Chinese corporate bond market calm despite default by [TGT],neutral
[TGT] rejigs India operations; appoints Dinesh Malkani as President Sales,neutral
Clams may turn out to be Kerala new [TGT],neutral
[TGT] posts Rs 166.77 crore net profit in 2013,neutral
[TGT] regulator steps in to scotch rumours on agricultural futures,neutral
Commex regulator steps in to scotch rumours on [TGT],neutral
Continue to buy till [TGT] breaks 8090-8100 levels: Mitesh Thacker,neutral
Corrections in [TGT] will be shorter than rallies: Ashwani Gujral,neutral
Currency wars: [TGT] vs yuan vs euro through the ages,neutral
Currency wars: Dollar vs [TGT] vs euro through the ages,neutral
Currency wars: Dollar vs yuan vs [TGT] through the ages,neutral
[TGT] uses UTIs deemed FII status to buy bonds,neutral
Diesel ban: How apex courts decision will impact [TGT],neutral
[TGT] ban: How apex courts decision will impact India Inc,neutral
Direct FII market access to come from full [TGT] convertibility,neutral
Do not see too much downside for [TGT]: Deven Choksey,neutral
[TGT] holds firm as markets sniff risks of Fed hawkishness,neutral
Dollar holds firm as markets sniff risks of [TGT] hawkishness,neutral
[TGT]: Early lead on volume front to decide winners,neutral
Entity registered as broker cannot act as merchant banker: [TGT],neutral
ET in the Classroom: Simple strategies to play [TGT] F&O,neutral
[TGT] holds steady as European Central Bank policy decision looms,neutral
Euro holds steady as [TGT] policy decision looms,neutral
[TGT] says cash market's pre-opening to start at 0700 GMT,neutral
"[TGT] National Director Sunil Chandiramani quits, will start own consultancy",neutral
F&O Tracker: Call bunching at 7500 on [TGT] shows resistance,neutral
F&O Tracker: [TGT] likely to end at 8400 on expiry,neutral
FIIs place bids worth Rs 813 crore for [TGT],neutral
FIIs submit bids worth $ 1.58 billion for [TGT],neutral
"[TGT], SEBI discuss direct entry of QFIs into stock market",neutral
"FinMin, [TGT] discuss direct entry of QFIs into stock market",neutral
"First [TGT] bond ETF, bond index to launch in London",neutral
"First India bond ETF, bond index to launch in [TGT]",neutral
[TGT] assigns BB+ to Tata Steel $1.5 billion notes,neutral
Fitch Ratings assigns BB+ to [TGT] $1.5 billion notes,neutral
FMC asks [TGT] to file recovery suits against all defaulters,neutral
[TGT] appoints Naresh Rattan as COO of tractor biz,neutral
Former [TGT] Chairman Dinesh Kumar Mehrotra named to MCX board,neutral
Former LIC Chairman Dinesh Kumar Mehrotra named to [TGT] board,neutral
[TGT] chairman Ramesh Abhishek gets another 3-month extension,neutral
[TGT] okays settlement of e-series contracts to NSEL,neutral
Forward Markets Commission okays settlement of e-series contracts to [TGT],neutral
[TGT] working on single clearance for commodity exchanges,neutral
[TGT] likely to invite bids for MCX stake this week,neutral
FTIL likely to invite bids for [TGT] stake this week,neutral
[TGT] to 'highlight correct facts' of MCX-SX buyback to CBI,neutral
FTIL to 'highlight correct facts' of [TGT] buyback to CBI,neutral
FTIL to 'highlight correct facts' of MCX-SX buyback to [TGT],neutral
[TGT] readies new global index series to include China A-shares,neutral
[TGT] to raise Rs 6 bn via bonds,neutral
[TGT] lists with 4 pc premium at Rs 52,neutral
[TGT] arm Snowman Logistics plans Rs 200 crore IPO,neutral
Gateway Distriparks arm [TGT] plans Rs 200 crore IPO,neutral
German classifieds group [TGT] says to list shares this year,neutral
[TGT] posts Rs 8.03 cr profit for Q4 FY14,neutral
[TGT] Monetisation Scheme: Jewellers to approach RBI to request involvement,neutral
Gold Monetisation Scheme: Jewellers to approach [TGT] to request involvement,neutral
[TGT] inducts two partners Nishkaam Mehta and Sanjay Jain,neutral
[TGT]: Transfer of pricing pressure is the key,neutral
"GST isn't a disappointment for market: Gaurav Mehta, [TGT]",neutral
H G Contractor takes over as new CFO of [TGT],neutral
Harish Bhat to be member-Group Executive Council of [TGT],neutral
[TGT] allots shares worth Rs 400 cr to institutional investors,neutral
[TGT] with India focus set for a sizzling show,neutral
Hedge funds with [TGT] focus set for a sizzling show,neutral
[TGT] reports net profit of Rs 5 crore for Q1,neutral
HNIs buy [TGT]-linked debentures worth Rs 200-300 crore every month,neutral
[TGT] handpicks seven hot midcap themes for the year 2014,neutral
"[TGT] plans to raise Rs 1,200 cr from tax-free bonds",neutral
Immediate target in [TGT] seen at Rs 730-745: Nirmal Bang,neutral
[TGT] taps into corporate bond market to fund expansions,neutral
[TGT]'s second quarter profits flat but silver lining visible,neutral
[TGT] likely to issue new 10-year bond in June: sources,neutral
"Indices unlikely to see major correction: Gaurang Shah, [TGT]",neutral
"[TGT]'s IPO set to fly, should you book a flight?",neutral
[TGT] Q3 net profit at Rs 47.08 cr,neutral
Initial target for [TGT] seen at Rs 320: Ventura,neutral
[TGT] should regulate global central banks: Raghuram Rajan,neutral
International Monetary Fund should regulate [TGT]: Raghuram Rajan,neutral
"Investors root for Narendra Modi, [TGT] toast of BRIC nations",neutral
"Investors root for Narendra Modi, India toast of [TGT] nations",neutral
Investors sell old [TGT] to put money in new,neutral
Investors should be judicious in the [TGT]: Ajay Bodke,neutral
[TGT] tax-free bond issue subscribed 0.55 times within an hour,neutral
It should pay to stay with [TGT]: Ashwani Gujral,negative
Japan's [TGT] prices $2 billion IPO at top of range,neutral
"Jim Rogers may buy [TGT] if price drops to $1,300",neutral
[TGT] keen to acquire assets of Bhushan Group: Sources,neutral
JSW Steel keen to acquire assets of [TGT]: Sources,neutral
[TGT] promoter hikes stake marginally for Rs 25 crore,neutral
K C Samal is the new director (finance) at [TGT],neutral
Karl Slym joins [TGT] as MD ahead of schedule,neutral
Keeping tab on funds entering market: [TGT] on black money,neutral
[TGT] with a target of Rs 142: Ashwani Gujral,neutral
[TGT] union takes some bank stocks to a high station,neutral
[TGT]'s Rs 210-crore IPO to hit market on Tuesday,neutral
"Looking at implementation aspect rather than policy: Pankaj Pandey, [TGT]",neutral
[TGT] names Nikhil Rathi CEO of London Stock Exchange,neutral
LSE Group names Nikhil Rathi CEO of [TGT],neutral
[TGT] partners with Chinese banks to promote London renminbi trading,neutral
LSE partners with [TGT] to promote London renminbi trading,neutral
[TGT] says receives 97 per cent take-up for rights issue,neutral
M Teresa Kho is [TGT] new country director for India,neutral
[TGT]' Board approves Rs 100 crore share buy back,neutral
Man Jit Singh named president of [TGT] home entertainment division,neutral
Man who sacked Steve Jobs has good words for [TGT],neutral
[TGT] avoiding companies mired in coal allocation scam: Ajay Bodke,neutral
"[TGT] closer to the range of 6,100-6,150 levels: Mitesh Thacker",neutral
[TGT] movers: Top 5 policy triggers government initiated in November,neutral
[TGT]'s appoint Venu Nair as India operations head,neutral
[TGT] files papers to raise Rs 600-700 cr via IPO,neutral
[TGT] announces Anand Prahlad's appointment as head of India operations,neutral
[TGT] managing director & CEO Vaish quits on health grounds,neutral
"Merge [TGT] with FTIL, says commodity market regulator to government",neutral
"Merge NSEL with [TGT], says commodity market regulator to government",neutral
MF revival will be top on new [TGT] chief's list,neutral
[TGT] stake sale offer likely to hit markets this month,neutral
"[TGT] elevates Manu Anand, names new MD for India",neutral
More than 50% [TGT]-listed firms yet to hire women directors,neutral
[TGT] fixes price band at Rs 74-80 per share,neutral
[TGT] appoints Praveen Kumar Singhal as interim CEO,neutral
N K Verma is new [TGT] Managing Director,neutral
"[TGT] plans to raise Rs 5,000 cr via tax-free bonds",neutral
[TGT] fixes IPO price band at Rs 90-106 per share,neutral
[TGT] plans to raise funds via public deposits,neutral
New consent norms are in accordance with law: [TGT] chief,neutral
[TGT] can move beyond 7000 only post elections: Arvind Sanger,neutral
[TGT] heading towards key support zones of 6570-6650: Ashwani Gujral,neutral
"[TGT] likely to be in 8,000-8,450 range till RBI policy",neutral
"Nifty likely to be in 8,000-8,450 range till [TGT] policy",neutral
"[TGT] likely to test its 200-DMA of 8,250: Ashwani Gujral",neutral
[TGT] may hit 8000 in the near term: Mitesh Thacker,neutral
[TGT] to hit 8080-8150 in next few days: Mitesh Thacker,neutral
[TGT] unlikely to get past the 7550-7560 mark: Ashwani Gujral,neutral
[TGT]'s consolidated P/E makes Indian markets cheaper than its peers,neutral
Nine stocks that led [TGT] rally in last one year,neutral
"[TGT] expects Rs 1,000-crore turnover this fiscal",neutral
No tax on capital gains on offshore rupee bonds: [TGT],neutral
"[TGT], JP Morgan among Japan Post IPO underwriters, says government",neutral
"Nomura, [TGT] among Japan Post IPO underwriters, says government",neutral
Nothing has changed for [TGT] structurally: Pramod Gubbi,neutral
[TGT] prepares system to check freak trades in F&O segment,neutral
"[TGT] to auction government bonds worth Rs 3,117 crore tomorrow",neutral
"NSE to auction [TGT] worth Rs 3,117 crore tomorrow",neutral
[TGT] to launch physical subscription on web-based mutual fund platform,neutral
NSE to launch physical subscription on web-based [TGT] platform,neutral
[TGT] Imbroglio: Enforcement Directorate now attaches Aastha Property in Mumbai,neutral
NSEL Imbroglio: Enforcement Directorate now attaches [TGT] in Mumbai,neutral
[TGT] fixes IPO price at Rs 75 per share,neutral
"Participatory notes: A sensitive topic for govt, [TGT] and investors",neutral
"[TGT] halts ""regular"" yuan intervention but allows for effective management",neutral
"PBOC halts ""regular"" [TGT] intervention but allows for effective management",neutral
[TGT]'s FPO on May 10; govt's first disinvestment this fiscal,neutral
"Post 2G spectrum auction, are [TGT] good picks now?",neutral
PR Ravimohan appointed [TGT] nominee director of Bank of India,neutral
PR Ravimohan appointed RBI nominee director of [TGT],neutral
Pre-market: [TGT] seen opening flat; may find support around 7460,neutral
[TGT] IPO in mid-March; to raise Rs 800 cr,neutral
Rakesh Sethi takes over as new CMD of [TGT],neutral
"[TGT]'s monetary policy, global cues may decide direction of stocks",neutral
Recommend wait and watch for midcap [TGT]: Dipan Mehta,neutral
[TGT] names former Bharti executive Vinod Sawhny as CEO,neutral
Reliance Communications names former [TGT] executive Vinod Sawhny as CEO,neutral
Remain invested in [TGT] despite key management exits: Mehraboon Irani,neutral
Revival in sight for [TGT] after poor quarterly numbers,neutral
[TGT] appoints HP India's Sunil Dutt as new India head,neutral
RIM appoints [TGT]'s Sunil Dutt as new India head,neutral
[TGT] firms in first minutes of trading on Friday,neutral
[TGT] mobile chief Vineet Taneja joins Micromax as CEO,neutral
Samsung India mobile chief Vineet Taneja joins [TGT] as CEO,neutral
SAT upholds [TGT] order against three entities in Axon case,neutral
SAT upholds Sebi order against three entities in [TGT] case,neutral
[TGT] appoints Arijit Basu as MD and CEO,neutral
[TGT] IPO: Skip the issue and wait for listing,neutral
[TGT] disposes case against Real estate firm Hubtown after settlement,neutral
Sebi disposes case against Real estate firm [TGT] after settlement,neutral
[TGT] imposes Rs 10 lakh on Vas Infrastructure 5 promoters,neutral
Sebi imposes Rs 10 lakh on [TGT] 5 promoters,neutral
[TGT] in touch with RBI on dealing with willful defaulters,neutral
Sebi in touch with [TGT] on dealing with willful defaulters,neutral
[TGT] issues norms for sharing KYC details with financial regulators,neutral
[TGT] may make succession plan a must in listed companies,neutral
[TGT] plans surprise inspection of companies existing only on paper,neutral
[TGT] to participate in India International Trade Fair at Delhi,neutral
Sebi to participate in [TGT] at Delhi,neutral
[TGT] wants government to allow pension money in Mutual Funds,neutral
See trailing stop for [TGT] at 8450 levels: Ashwani Gujral,neutral
[TGT] at 100K in 10 years quite likely: Navneet Munot,neutral
[TGT] consolidates in narrow range; top 20 intraday trading ideas,neutral
"[TGT] reports Rs 1,621.55 crore net profit in Q4",neutral
Shibulal may succeed Kris Gopalakrishnan as [TGT] CEO this April,neutral
[TGT] hopeful to launch Rs 56-cr IPO in January,neutral
[TGT] to launch Rs 200-crore NCD on April 16,neutral
Six key takeaways for market from [TGT] money policy review,neutral
Six trading houses imported 40 per cent [TGT] in September,neutral
[TGT] to go public in 1-2 years: Co-founder Kunal Bahl,neutral
[TGT] names Rishi Gour as COO of Onsite Services Solutions,neutral
[TGT] forwards steady on central bank moral suasion,neutral
Sri Lanka rupee forwards steady on [TGT] moral suasion,neutral
[TGT] IDR holders can convert 25% of holding into shares,neutral
"[TGT] takes pause from election-inspired gains, focus on data, BoE",neutral
"Sterling takes pause from election-inspired gains, focus on data, [TGT]",neutral
[TGT] posts Rs 11.90-crore net profit in Q1 FY13,neutral
[TGT] names P V Ramana Murthy as Global Head-HR,neutral
[TGT] posts Rs 247 crore profit in September quarter,neutral
[TGT] Q3 consolidated PAT seen at Rs 230 crore,neutral
[TGT]: Existing investors should participate in upcoming rights issues,neutral
[TGT] can see several M&As post elections: Gaurang Shah,neutral
Three Chinese asset managers commit funds to [TGT] purchase plans,neutral
"Three [TGT] to Raise Rs 4,500 cr in perpetual bonds",neutral
Top three reasons why [TGT] is gaining strength against USD,neutral
Top three reasons why rupee is gaining strength against [TGT],neutral
"Traders expect [TGT] prices to be rangebound, options data show",neutral
[TGT] appoints Dhanya Thakkar as MD India and SAARC,neutral
"[TGT]: High costs mar show, but future prospects bright",neutral
[TGT] CEO Yogesh Malik quits; Sigve Brekke made interim CEO,neutral
[TGT] may have to wait for central subsidy benefits,neutral
[TGT]: Wall Street ends first day of 2015 flat,neutral
US stocks: [TGT] ends first day of 2015 flat,neutral
[TGT] posts Q4 net profit at Rs 10.47 cr,neutral
[TGT] ropes in Philips President & CEO as new Chairman,neutral
[TGT] appoints Giorgio De Roni as CEO of GoAir,neutral
Wadia Group appoints Giorgio De Roni as CEO of [TGT],neutral
What happening in the [TGT] market right now is 'unprecedented',neutral
What should investors do with [TGT] ahead of Q2 results?,neutral
Where are [TGT] headed? 6080 is the new magic number,neutral
Where is the [TGT] headed? Here is what technicals show,neutral
Why long-term investors should believe in [TGT] CEO Vishal Sikka,neutral
Will avoid [TGT] until RBI intervention: Prateek Agarwal,neutral
Will avoid PSU banking space until [TGT] intervention: Prateek Agarwal,neutral
[TGT] Q2 PAT at Rs 2085 crore: Ten key takeaways,neutral
"With unique business model, [TGT] to benefit from economic recovery",neutral
"[TGT] appoints Adrian Dillon, Renu Karnad to Board of Directors",neutral
100 [TGT] shares for 9.5K in 1993 now worth 4 crore,neutral
2014: A year for [TGT] - Do you have a strategy?,positive
3-5 per cent correction unlikely to affect [TGT]: P Phani Sekhar,neutral
5490 is a key level for the [TGT] today: Ashwani Gujral,neutral
6150 on the [TGT] looks a matter of time: Ashwani Gujral,neutral
"AAP effect: After sizzling 2013, foggy start for [TGT] in 2014",neutral
"[TGT] cuts IPO price band, extends offer date on muted response",neutral
"Adopt bottom-up approach to investing, says Prakash Diwan on [TGT]",neutral
"After unexpected rate cut by [TGT], all eyes on Fed meet",neutral
"After unexpected rate cut by China, all eyes on [TGT] meet",neutral
[TGT] finally sacks Arora as COO of its budget airline,neutral
"[TGT] appoints Srinivasan Dwarakanath as India CEO, Charles Champion as chairman",neutral
[TGT] hires IT expert Manish Prakash to head its enterprise unit,neutral
Ajit Kalghatgi is [TGT]'s new Director Research and Development,neutral
Another 200-300 points downside is possible on [TGT]: Ashwani Gujral,neutral
Arvind Saxena appointed as MD of [TGT] in India,neutral
"[TGT] to sell 1,530-crore Wipro shares to fund education",neutral
"Azim Premji Trust to sell 1,530-crore [TGT] shares to fund education",neutral
[TGT] issues $750 million dollar bonds for 5.5 years,neutral
[TGT] first Chinese bank to join gold price benchmark,neutral
Bank of China first Chinese bank to join [TGT] price benchmark,neutral
Bank of China first [TGT] to join gold price benchmark,neutral
[TGT] an interesing prospect in the coming days: Ajay Bagga,neutral
Beat [TGT] blues with these top 15 high-conviction ideas by experts,neutral
Bengaluru-based builder [TGT] raises Rs 126 crore through issue of NCDs,neutral
"Better coordination needed to check ponzi menace: UK Sinha, [TGT] chief",neutral
[TGT] appoints S K Sayal as Managing Director and CEO,neutral
"Bond issuers seek better pricing after [TGT] rate cut, rethink offers",neutral
"[TGT] can be bought on all declines: Ashwani Gujral, Market Strategist",positive
"[TGT] flirts with 25,000 levels; top eleven stocks in focus",neutral
"[TGT] Rs 5,725 crore share buyback starts on January 23",neutral
"Call data record is important evidence in fraud cases, says [TGT]",neutral
[TGT] posts Rs 4.28 crore net profit in Q1,neutral
[TGT] hands over dividend of Rs 348.81 cr to government,neutral
"Cheaper inputs help, but weak demand a drag on [TGT]",neutral
[TGT]s end firmer as investors switch into tech from property,neutral
[TGT] mixed as investors hold back before SH-HK connect launch,neutral
[TGT] to test longer onshore yuan trading hours Dec 23-30: Sources,neutral
China to test longer [TGT] trading hours Dec 23-30: Sources,neutral
Chinas [TGT] hires Jabong co-founder Manu Jain to head India operations,neutral
Chinas Xiaomi hires [TGT] co-founder Manu Jain to head India operations,neutral
[TGT] to buy-back 14.49 per cent stake for Rs 231.25 crore,neutral
[TGT] to buy-back 14.49 per cent stake for Rs 231.25 crore,neutral
Co-founder PV Ramaprasad Reddy becomes billionaire as [TGT] triples to record,neutral
"[TGT] is a tricky call: Dhiraj Agarwal, Standard Chartered Capital Markets",neutral
"Commodities is a tricky call: Dhiraj Agarwal, [TGT]",neutral
Commodity bourse [TGT] plans rights issue as part of revival plan,neutral
Companies should get listed within six days of share sale: [TGT],neutral
"Cong agrees to cooperate on 6 key bills, no-go for [TGT]",neutral
Continue to hold on to long positions in [TGT]: Mitesh Thacker,neutral
"Correction in markets is not likely anytime soon: Jitendra Sriram, [TGT]",neutral
"Correction in [TGT] is not likely anytime soon: Jitendra Sriram, HSBC",neutral
Data surge to support [TGT]'s growth but African woes may stay,neutral
"December quarter earnings, macro data to drive [TGT] this week: Experts",neutral
Declining trend is about to get over for [TGT]: Mitesh Thacker,neutral
[TGT] will have sustainability only after 65 levels: Vijay Bhambwani,neutral
[TGT] posts Q4 PAT at Rs 25.08 crore,neutral
"[TGT] flatlines ahead of Janet Yellen, Mario Draghi at Jackson Hole",neutral
"Dollar flatlines ahead of Janet Yellen, Mario Draghi at [TGT]",neutral
[TGT] plans IPO; files draft papers with Sebi,neutral
Dr Lal Path Labs plans IPO; files draft papers with [TGT],neutral
[TGT] could move 2% on either side on Thursdays Fed outcome,neutral
D-Street eyes [TGT] for direction; here's how to trade the stock,neutral
[TGT] eyes RIL for direction; here's how to trade the stock,neutral
"[TGT] aims to raise 1,600 cr from bonds for funding expansion",neutral
Exchanges need to change mindset: [TGT] chief Ashish Chauhan,neutral
Expect [TGT] to test 6000 in next few months: BP Singh,neutral
"Expect [TGT] to touch level of 6,900 by year-end: Gautam Chhaochharia",neutral
Expect [TGT] to be rangebound between 8420 and 8530: Mitesh Thacker,neutral
F&O Tracker: Watch out for [TGT] & FII cash market data,neutral
[TGT] need to move out of subsidiary regime: UR Bhat,neutral
"FIIs, sovereign funds to keep India mkt full of liquidity: [TGT]",neutral
Financial sector key to final week of trading on [TGT],neutral
[TGT] key to final week of trading on Wall Street,neutral
Five reasons why [TGT] could make fresh record high anytime now,positive
Five reasons why [TGT] won't fall for US Fed's taper tantrum,neutral
Five things to watch out for from [TGT] results and commentary,neutral
"[TGT] buys record Rs 16,000-crore government securities in a day",neutral
[TGT] appoints Adarsh Kaul as India director for sales and marketing,neutral
"[TGT] sells SMX for $150 mn; clear dues, say NSEL investors",neutral
"FTIL sells SMX for $150 mn; clear dues, say [TGT] investors",neutral
FX traders to be interviewed as part of [TGT] probe: Sources,neutral
[TGT] agrees to slap more sanctions on Russia; markets on edge,neutral
G-7 agrees to slap more sanctions on [TGT]; markets on edge,neutral
G-7 agrees to slap more sanctions on Russia; [TGT] on edge,neutral
Global happenings likely to affect [TGT] in the short-term: Prateek Agarwal,neutral
[TGT]: Economic data will continue to be important this week,neutral
[TGT]'s IPO to value web-hosting company at up to $2.87 billion,neutral
Government selects 5 bankers to manage [TGT] stake sale,neutral
[TGT] looks good but range of growth not much: Sudip Bandyopadhyay,neutral
"Gunit Chadha, [TGT] CEO to move as co-head Asia",neutral
"Heard on the Street: [TGT], Ex-CEO Gurumani seen in settlement",neutral
Here are the 10 big [TGT] stories that will dominate 2015,neutral
"[TGT]: Rising input costs a worry, but buoyant demand may help",neutral
Hopes of policy clearances by government driving [TGT]: Arindam Ghosh,neutral
"Hospitality doyen, [TGT] founder Capt C P Krishnan Nair dead",neutral
How to hedge yourself against ripples from Asias biggest economy [TGT],neutral
How to play [TGT] stock ahead of Q4 results,neutral
"[TGT] raises Rs 2,185 crore from second tranche of tax-free bonds",neutral
"HUDCO raises Rs 2,185 crore from second tranche of [TGT]",neutral
"[TGT] too boards infra bond wagon, to raise Rs 1,200 cr",neutral
[TGT] Rs 524 crore rights issue to open on Monday,neutral
In no hurry to recommend 'Buy' on [TGT]: Mehraboon Irani,neutral
[TGT] appoints S N Goel as CEO & MD,neutral
[TGT] director Ann M Fudge wont seek reappointment after term expiry,neutral
[TGT] riding on Vishal Sikka anticipated turnaround strategy: P Phani Sekhar,neutral
[TGT] to get list of CEO probables by June 1st week,neutral
"Investment banker Manish Chokhani to head [TGT], SE Asia play",neutral
"Investment banker Manish Chokhani to head TPGs India, [TGT]",neutral
Investors may not gain much from new structure of [TGT],neutral
Investors turn focus to proxy benchmark [TGT] maturing in 2028,neutral
"[TGT] to raise Rs 10,000 crore through issue of tax-free bonds",neutral
"IRFC to raise Rs 10,000 crore through issue of [TGT]",neutral
[TGT] continues to be enduring story of India: Jagdish Malkani,neutral
[TGT] likely to take Nifty to 8000-8100 levels: Sandeep Wagle,neutral
IT stocks likely to take [TGT] to 8000-8100 levels: Sandeep Wagle,neutral
"[TGT]: IPO to include separate listings of bank, insurance units",neutral
Japanese messaging app [TGT] files for IPO valued above $10 billion,neutral
[TGT] downgrades RIL to 'neutral'; raises target price to Rs 1100,neutral
JPMorgan downgrades [TGT] to 'neutral'; raises target price to Rs 1100,neutral
[TGT] handpicks six midcap stocks which can outperform markets in 2015,neutral
JPMorgan handpicks six [TGT] which can outperform markets in 2015,neutral
JPMorgan handpicks six midcap stocks which can outperform [TGT] in 2015,neutral
Key thing for [TGT]s is the subsidy sharing pattern: India Infoline,neutral
Key thing for OMCs is the subsidy sharing pattern: [TGT],neutral
[TGT] seeks Sebi nod for Rs 505-cr rights issue,neutral
Lakshmi Vilas Bank seeks [TGT] nod for Rs 505-cr rights issue,neutral
[TGT] board to consider compulsory convertible debentures issuance next week,neutral
"Look out for opportunities in midcap companies: Tushar Pradhan, [TGT] AMC",neutral
"Macro data, FIIs to decide [TGT] trend this week: Experts",neutral
[TGT] IPO hits market today; should you buy? What analysts say,neutral
"[TGT] driven by expectation of a reformist government, says Vijai Mantri",neutral
[TGT] is chasing anything related with Gujarat or Modi: Jagdish Malkani,neutral
"[TGT] may remain sideways; 8,150-8,200 range holds the key: Ashwani Gujral",neutral
"Markets overbought, hence there could be momentum loss: Mitesh Thacker, [TGT]",neutral
"[TGT] overbought, hence there could be momentum loss: Mitesh Thacker, miteshthacker.com",neutral
[TGT] to trade in range till Bihar election results: Sudip Bandhopadhyay,neutral
[TGT] flat ahead of Q1 results; here what to expect,neutral
[TGT] sells 4.8% in Tree House Education for Rs 50 crore,neutral
Matrix sells 4.8% in [TGT] for Rs 50 crore,neutral
[TGT] receives nearly 60 applications for MD and CEO vacant post,neutral
Michael Mayer appointed Director of  [TGT] Passenger Cars in India,neutral
[TGT]: No major turnaround for the company in the near term,neutral
Need to maintain long positions in the given [TGT]: Ashwani Gujral,neutral
Next couple of days will indicate direction for [TGT]: Ashwani Gujral,neutral
"[TGT] can reach 8000 levels in six months, says Ajay Bagga",neutral
[TGT] could go upto 8400-8450 in the near future: Deven Choksey,neutral
"[TGT] stuck in a range, focus on individual stocks: Mitesh Thacker",neutral
"[TGT] to consolidate at current levels; 9,000 still away: Kunj Bansal",neutral
[TGT] to stay between 6000-6400 prior to general elections: Jagdish Malkani,neutral
[TGT] appoints V Sembian as new head of Chennai factory,neutral
[TGT] head P Balaji resigns under new Microsoft set up,neutral
Nokia India head P Balaji resigns under new [TGT] set up,neutral
Now open: [TGT] IPO likely to cross the line today,neutral
[TGT] to auction government bonds worth Rs 646 crore on Tuesday,neutral
NSE to auction [TGT] worth Rs 646 crore on Tuesday,neutral
[TGT] to auction investment limits for Rs 852 crore govt bonds,neutral
NSE to auction investment limits for Rs 852 crore [TGT],neutral
[TGT] to begin remat of e-series metal contracts from April 12,neutral
NSEL to begin remat of [TGT] from April 12,neutral
"OMCs have not even matched the Nifty's performance: Vijay Bhambwani, [TGT]",neutral
"[TGT] have not even matched the Nifty's performance: Vijay Bhambwani, BSPLindia.com",neutral
"OMCs have not even matched the [TGT]'s performance: Vijay Bhambwani, BSPLindia.com",neutral
"[TGT] rally on petrol price hike, but end day in red",neutral
"OMCs rally on [TGT] price hike, but end day in red",neutral
P Padmanabhan takes over as Managing Director of [TGT],neutral
[TGT] are quite a hit with investors in rate-cut season,neutral
Policy push likely to stabilise [TGT] in 60-61 band: Prateek Agarwal,neutral
"Poll: [TGT] may rates twice in 2015, say economists",neutral
"Post [TGT] policy: Bonds draw comfort from future guidance, rupee steady",neutral
"Post RBI policy: [TGT] draw comfort from future guidance, rupee steady",neutral
"Post RBI policy: Bonds draw comfort from future guidance, [TGT] steady",neutral
[TGT]s need to operate on economic principles to perform: Dipan Mehta,neutral
[TGT] submits special audit report on Multi Commodity Exchange to FMC,neutral
PwC submits special audit report on [TGT] to FMC,neutral
PwC submits special audit report on Multi Commodity Exchange to [TGT],neutral
"Raghuram Rajan says, 'premature' to scrap foreign limits in [TGT]",neutral
[TGT] plans to raise Rs 123 crore from rights issue,neutral
[TGT] PAT for FY12 at Rs 751 crore,neutral
Rathin Basu appointed Country President of [TGT],neutral
[TGT] executive director G Gopalakrishna may get top job at CAFRAL,neutral
RBI executive director G Gopalakrishna may get top job at [TGT],neutral
[TGT] tightens norms for NBFCs; heres how it impacts different stocks,neutral
"Really like the new start-up spaces, says Deepak Shenoy, [TGT]",neutral
Reduction in [TGT] prices will not be taken negatively: Ajay Bodke,neutral
"[TGT] likely to remain range bound: Jagannadham Thunuguntla, SMC Capitals",neutral
"Reliance Industries likely to remain range bound: Jagannadham Thunuguntla, [TGT]",neutral
"[TGT] to raise upto Rs 2,373 crore in Singapore IPO",neutral
Results announcement: [TGT] asks directors not to trade in its shares,neutral
[TGT] case: SAT seeks Sebi clarity on new consent mechanism norms,neutral
RIL case: [TGT] seeks Sebi clarity on new consent mechanism norms,neutral
RIL case: SAT seeks [TGT] clarity on new consent mechanism norms,neutral
[TGT] will rise beyond current levels before declining earnestly: Deepak Mohoni,neutral
"Rs 2,000 cr [TGT] bond issue to hit markets next Monday",neutral
[TGT] buys 50 pc in Gemini for Rs 45 crore,neutral
Ruchi Soya buys 50 pc in [TGT] for Rs 45 crore,neutral
S Padmanabhan appointed as Executive Chairman of [TGT],neutral
[TGT] lists at Rs 588 on BSE post Grasim demerger,neutral
Samruddhi Cement lists at Rs 588 on [TGT] post Grasim demerger,neutral
Samruddhi Cement lists at Rs 588 on BSE post [TGT] demerger,neutral
Samvat 2071: Top nine stocks for Diwali 2014 by [TGT],neutral
[TGT] Names Adaire Fox-Martin as President of Asia Pacific Japan Region,neutral
Search panel recommends S S Mundra for [TGT] Deputy Governor's role,neutral
Sebi directs [TGT] to refund public money within 3 months,negative
[TGT] directs Kim Infra to refund public money within 3 months,neutral
[TGT] may allow other financial regulators to access central KYC data,neutral
[TGT] mulls stronger norms to check misuse of POAs by brokers,neutral
"[TGT] tightens screws on dubious inflows from loosely regulated, offshore entities",neutral
[TGT] arrives to lure SMEs to set up shop in USA,neutral
Select[TGT] arrives to lure SMEs to set up shop in USA,neutral
[TGT] at 25000 on election results day? Brokers get cold feet,neutral
[TGT] directionless; heres what experts are betting on in rangebound markets,neutral
Sensex directionless; heres what experts are betting on in rangebound [TGT],neutral
"[TGT] may touch 28,000 mark in 2014-15 financial year: Deven Choksey",neutral
[TGT] trading in a narrow range; top ten stocks in focus,neutral
[TGT] trading in a narrow range; top twelve stocks in focus,neutral
Shaking up the management: What is in store for [TGT]?,neutral
Shareholders give [TGT] green light for $2.7 billion Frank Russell deal,neutral
[TGT] Rs 120 crore IPO to open on September 16,neutral
"Shilpa Shetty, Raj Kundra snap up defunct [TGT]",neutral
"[TGT] launches Stockal, Indias first mobile-based platform for global investments",neutral
[TGT] files fresh papers with Sebi for its public issue,neutral
SMC Global files fresh papers with [TGT] for its public issue,neutral
[TGT] most higher; Philippines retreats after May export drop,neutral
Southeast Asia stocks most higher; [TGT] retreats after May export drop,neutral
Spike in [TGT] & gold trade on NCDEX under FMC lens,neutral
Spike in crude & [TGT] trade on NCDEX under FMC lens,neutral
Spike in crude & gold trade on [TGT] under FMC lens,neutral
"[TGT] to raise up to Rs 1,500 crore via NCDs",neutral
[TGT] appoints M K Srinivasan as senior VP for North America,neutral
"Stay invested in [TGT], but don't add anymore: Neeraj Deewan",neutral
"Still enough trading opportunities in primary sectors: Prakash Diwan, [TGT]",neutral
[TGT] eclipses Ranbaxy on Street; expert take on $3.2 bn deal,neutral
Sun eclipses [TGT] on Street; expert take on $3.2 bn deal,neutral
Swing calls that can give sharp returns in a weak [TGT],neutral
[TGT] names Ajoy Misra as new MD & CEO,neutral
Tech rivals [TGT]-IBM ink marketing deal to embrace iPhones & iPads,neutral
Tech rivals Apple-[TGT] ink marketing deal to embrace iPhones & iPads,neutral
Too early to say consensus has cut [TGT]'s overweight rating: JPMorgan,neutral
Too early to say consensus has cut India's overweight rating: [TGT],neutral
"Too early to take a call on [TGT]s: Jitendra Mehta, Edelweiss",neutral
"Too early to take a call on metals: Jitendra Mehta, [TGT]",neutral
"Too much diversification is not helpful: Parag Telang, [TGT]",neutral
"Top Ramen maker, [TGT], appoints Gautam Sharma as India MD",neutral
"Trend in [TGT], real rates key for rupee stability: Morgan Stanley",neutral
"Trend in dollar, real rates key for [TGT] stability: Morgan Stanley",neutral
Unwinding of longs key feature of the [TGT] in June,neutral
Varun Berry to take over as CEO of [TGT],neutral
Volatility may force a rethink on short-term inflows into [TGT],neutral
[TGT] Week Ahead: Tech earnings take center stage next week,neutral
Will add [TGT] to portfolio on diesel deregulation prospects: Deepak Shenoy,neutral
Will add ONGC to portfolio on [TGT] deregulation prospects: Deepak Shenoy,neutral
[TGT] appoints senior VP Jeff Heenan-Jalil to board of Opera Solutions,neutral
Wipro appoints senior VP Jeff Heenan-Jalil to board of [TGT],neutral
[TGT] appoints PR Srinivas as director of hospitality service,neutral
"5550 is likely to be tested: Sandeep Wagle, [TGT]",neutral
6500 to 6800 is now the range for the [TGT]: Sandeep Wagle,neutral
7080 mark to watch for [TGT] traders on intraday basis: Mitesh Thacker,neutral
"[TGT]  names K S Gopalakrishnan as MD, CEO",neutral
"Anil Manghnani, Director, [TGT] talks about performing stocks",neutral
[TGT] posts Q4 net profit at Rs 13.55 crore,neutral
Asset rejig tightening will have big impact on [TGT]: UR Bhat,neutral
Betting on dividend yields: Top ten stocks that can counter [TGT] volatility,neutral
Big ticket market debuts like [TGT] mask thin IPO pipeline,neutral
Bill Gross' [TGT] posts $11.7 million outflow in May,neutral
[TGT] could be headed towards $80 a barrel in near term: Trend-Wise,neutral
[TGT] holds steady above $105 on geopolitical tension ahead of inventory data,neutral
Brokerages' views on [TGT] after Diageo offers to sell W&M biz,neutral
Brokerages' views on United Spirits after [TGT] offers to sell W&M biz,neutral
Brokerages' views on United Spirits after Diageo offers to sell [TGT] biz,neutral
Budget 2014: Government to issue net 144.54 billion [TGT] of 91-day t-bills,neutral
Budget 2014: Government to issue net 144.54 billion rupees of 91-day [TGT],neutral
[TGT] to file for $80 mn IPO in April: Sources,neutral
"CBI must apologise if enquiry fails, says former [TGT] chairman CB Bhave",neutral
Chandan Deep Singh Dang appointed as Chief Marketing Officer of [TGT],neutral
[TGT] and Asia on shaky ground as factories step back in July,neutral
China and [TGT] on shaky ground as factories step back in July,neutral
[TGT] to launch stock index circuit breaker early next year - Caixin,neutral
China to launch stock index circuit breaker early next year - [TGT],neutral
[TGT] to raise up to Rs 350 cr from QIP,neutral
[TGT] to issue unique ID codes to legal entities,neutral
[TGT] appoints Issam Bachaalani as Managing Director with effect from October 1,neutral
Coming weeks may see [TGT] hovering in a narrow range: Ashwani Gujral,neutral
"Companies generating cash will be preferred by investors: Gopinath Natarajan, [TGT]",neutral
"Companies put debt over equity, raise Rs 1.33 lakh crore from [TGT]",neutral
[TGT]'s plunge: Bad omen for world economy or just an interesting sideshow?,negative
Copper's plunge: Bad omen for [TGT] or just an interesting sideshow?,neutral
"CSR platform goes live on [TGT]; projects worth Rs 2,000 crore listed",neutral
Difficult to sustain 6000 at [TGT] in next few days: Ashwani Gujral,neutral
DK Sarraf to become new [TGT] head; govt rejects Sudhir Vasudevas extension,neutral
[TGT] firm as Fed minutes likely to highlight policy divergence with peers,neutral
Don't see much of an upside for [TGT] going forward: Harendra Kumar,neutral
Drug firm [TGT] reports Q4 net profit at Rs 69.66 crore,positive
D-Street awaits [TGT] results for direction; here's how to trade the stock,neutral
Earnings of [TGT] to hold on to current level: Kunj Bansal,neutral
Earnings season is here again! Top stocks that can lead [TGT] rally,neutral
[TGT] wants funds to lower fee for investing in equity via ETFs,neutral
"Exchange-traded funds make an exit of Rs 4,300 crore from [TGT]",neutral
[TGT] plans to tap US institutional investors for overseas bond issue,neutral
Exim Bank plans to tap [TGT] institutional investors for overseas bond issue,neutral
Expect [TGT] to be range bound in the near term: Mitesh Thacker,neutral
Farmer bodies likely to lock horns with [TGT] owners in Maharashtra,neutral
Five things to know about trading securities smartly in the [TGT],neutral
"Foreign assets in  [TGT] HK$2,670.6 billion at end-June",neutral
"Foreign investors put in bids worth Rs 2,094 crore for [TGT]",neutral
[TGT] asks bourses not to charge audit fee from members,neutral
[TGT] seeks public comments on market making in commodity segment,neutral
Forwards Market Commission seeks public comments on [TGT] making in commodity segment,neutral
Forwards Market Commission seeks public comments on market making in [TGT],neutral
Further clarity on subsidy sharing mechanism to rerate [TGT] stocks: Deven Choksey,neutral
[TGT] net profit for 2012-13 stands at Rs 82 crore,neutral
Government allows investing 5 per cent of EPFO corpus in [TGT],neutral
Grey IPO market shows signs of revival with [TGT] scaling new peaks,neutral
"[TGT] Q1 PAT at Rs 1,726 crore; in line with estimates",neutral
Heres why FIIs will go long on [TGT] and short on Indonesia,neutral
Heres why FIIs will go long on India and short on [TGT],neutral
How [TGT] are looking to woo and retain young talent,neutral
"[TGT] seeks govt nod for raising Rs 1,000 cr via tax-free bonds",neutral
"IFCI seeks govt nod for raising Rs 1,000 cr via [TGT]",neutral
[TGT] won't reap immediate benefits from shift to cleaner fuel: Deven Choksey,neutral
[TGT] to rebrand its indices; CNX Nifty to be renamed Nifty 50,neutral
IISL to rebrand its indices; [TGT] to be renamed Nifty 50,neutral
[TGT] are in pretty decent shape despite challenging environs: Dipan Mehta,neutral
"Insurance Bill is not a game changer: P Phani Sekhar, [TGT]",neutral
Investors should go for judicious mix of [TGT] and cyclicals: Ajay Bodke,neutral
Investors should go for judicious mix of defensives and [TGT]: Ajay Bodke,neutral
[TGT] steadies at highest level on decline in raw material stocks,neutral
Is [TGT] set to witness deal-making rivaling the dot-com bubble time?,neutral
[TGT] reports Rs 133.69 crore net profit in Q2,neutral
[TGT] files IPO application with SEBI to raise Rs 60 cr,neutral
Jawed Habib files IPO application with [TGT] to raise Rs 60 cr,neutral
[TGT] plans to raise around Rs 600 crore from PEs,neutral
[TGT] seeks shareholders nod to raise up to Rs 650 crore,neutral
Key support level for [TGT] seen between 8000 and 8050: Mitesh Thacker,neutral
[TGT] sees rupee range bound at 58-61 against US dollar,neutral
Kotak Mahindra Bank sees [TGT] range bound at 58-61 against US dollar,neutral
Kotak Mahindra Bank sees rupee range bound at 58-61 against [TGT],neutral
[TGT] set to hire top executives ahead of IPO,neutral
Lok Sabha Speaker Sumitra Mahajan brother Arun Sathe appointed on [TGT] board,neutral
[TGT] set to end week flat on US rate hike worries,neutral
Long trade time for [TGT] futures no threat to NSE biz,neutral
Long trade time for SGX Nifty futures no threat to [TGT] biz,neutral
Market regulator [TGT] may put high mutual fund salaries on a leash,neutral
"Markets looking at levels of 5550-5600: Ambareesh Baliga, [TGT]",neutral
[TGT]: Sebi may soon pass order on FTIL's fit & proper status,neutral
MCX-SX: [TGT] may soon pass order on FTIL's fit & proper status,neutral
MCX-SX: Sebi may soon pass order on [TGT]'s fit & proper status,neutral
Message in the great fall of [TGT]: Can it learn from mistakes?,neutral
[TGT] pegs Nifty at 8500 by Diwali; A reality or exaggeration?,neutral
Motilal Oswal pegs [TGT] at 8500 by Diwali; A reality or exaggeration?,neutral
[TGT] to be flexible on review schedule for China A share inclusion,neutral
Multiple positives already priced in: Moderate your expectations from [TGT] in 2015,neutral
"[TGT] bond issue to raise up to Rs 3,698 crore opens today",neutral
"[TGT] to launch Rs 5,000 cr tax-free bonds issue on December 28",neutral
[TGT] looks set to touch 6420 in next few days: Mitesh Thacker,neutral
"[TGT] to hit 8,450 by expiry of June F&O series: Mitesh Thacker",neutral
"[TGT] seeing strong support 7,820; expect volatility to rise on F&O expiry",neutral
Not in a hurry to recommend [TGT] on fundamental basis: Mehraboon Irani,neutral
[TGT] to auction investment limits for Rs 684 crore for government bonds,neutral
NSE to auction investment limits for Rs 684 crore for [TGT],neutral
Of course [TGT] had a plan for a new currency: Paul Krugman,neutral
[TGT] to give mixed results for the fourth quarter of FY13,neutral
"[TGT] seeks shareholders nod to raise up to Rs 1,500 crore",neutral
"Period of consolidation is warranted in markets: Gaurav Doshi, [TGT] PWM",neutral
"Period of consolidation is warranted in [TGT]: Gaurav Doshi, Morgan Stanley PWM",neutral
"Post election results, volatility traders save bets for [TGT] review, Union Budget",neutral
[TGT] settles case with Sebi on payment of Rs 4 lakh,neutral
Pradeep Metals settles case with [TGT] on payment of Rs 4 lakh,neutral
Proxy firms want [TGT] to block appointment of 6 independent directors,neutral
[TGT] posts marginal growth in Q1 net profit at Rs 14.81 crore,neutral
"[TGT] could be headed for 190 levels: Vinith Jain, Siddh Capital",neutral
"R Power could be headed for 190 levels: Vinith Jain, [TGT]",neutral
"Ravindra Pisharody, Satish Borwankar in race for [TGT] new MD post",neutral
[TGT] monetary policy to set the tone for stock market this week,neutral
RBI monetary policy to set the tone for [TGT] this week,neutral
"[TGT] net buyer of dollars in December, purchases over $ 5 billion",neutral
"RBI net buyer of [TGT] in December, purchases over $ 5 billion",neutral
"Readers view: Near $40/bbl, but [TGT] prices yet to see bottom",neutral
Recommend to stay in [TGT] at this point of time: Tirthankar Patnaik,neutral
[TGT] ex-deputy governor Anand Sinha joins Amarchand & Mangaldas,neutral
Reserve Bank of India ex-deputy governor Anand Sinha joins [TGT],neutral
Risk premium narrows between [TGT] and state-backed securities on lower supply,neutral
[TGT] will continue to stay in 60 to 63 range: Arindam Ghosh,neutral
"[TGT] to raise up to Rs 30,000 cr via debentures",neutral
[TGT] supports Sebi claim to bring back $13 million to refund account,neutral
Sahara supports [TGT] claim to bring back $13 million to refund account,neutral
"[TGT] to give fresh title deeds for assets worth Rs 20,000 crore",neutral
"[TGT]'s Rs 20,000 crore rights issue round the corner: Chairman Pratip Chaudhuri",neutral
[TGT] board to meet on Thursday; slew of reform measures on agenda,neutral
[TGT] may not halt trading of PSU shares on day of OFS,neutral
Sebi may not halt trading of [TGT] shares on day of OFS,neutral
[TGT] mulls five-board cap for independent directors; curbs on whole-time directors likely,neutral
"[TGT] mantra: Time is your friend, impulse is your enemy, says Edelweiss",neutral
"Sensex mantra: Time is your friend, impulse is your enemy, says [TGT]",neutral
[TGT] to soon approach SEBI on Rs 725-crore rights issue,neutral
Shree Renuka Sugars to soon approach [TGT] on Rs 725-crore rights issue,neutral
Six event-risks to track which may impact markets in near term: [TGT],neutral
Skyrocketing [TGT] imports in October prompts government and RBI to review restrictions,neutral
Skyrocketing gold imports in October prompts government and [TGT] to review restrictions,neutral
"[TGT] deal increases optimism of more all-stock deals, but risks linger",neutral
[TGT] appoints Adrian Jones as Asia Pacific and Japan senior vice president,neutral
[TGT] eyes Motilal Oswal 12 per cent stake in AU Financiers,neutral
TA Associates eyes [TGT] 12 per cent stake in AU Financiers,neutral
TA Associates eyes Motilal Oswal 12 per cent stake in [TGT],neutral
[TGT] board to decide on new managing director in few days,neutral
"[TGT] Rs 2,000 crore rights issue to open on March 31",neutral
"There is a risk-off sentiment in global equities: Arindam Ghosh, [TGT]",neutral
Top ten [TGT] which more than doubled investors wealth in 2014,neutral
UK Sinha says call on [TGT] listing in 6 months post-Sebi-FMC merger,neutral
UK Sinha says call on BSE listing in 6 months post-[TGT] merger,neutral
"Union Budget 2012-13: [TGT] trading mixed on ECB, fuel supply decision",neutral
"Unsure about deregulation impact on fertilizers: Sanjeev Prasad, ED, [TGT]",neutral
[TGT] appoints Leo Puri as managing director after more than 2-year search,neutral
[TGT] posts net profit of Rs 11.81 cr for Dec qtr,neutral
[TGT] brightest minds reveal the most important charts in the world,neutral
[TGT] Week Ahead: Financial sector key to final week of trading,neutral
Wall Street Week Ahead: [TGT] key to final week of trading,neutral
"With investors steering clear, [TGT] by banks may see early death",neutral
World's first fixed income Indian ETF to be traded on [TGT],neutral
You have to be stock specific in current [TGT] situations: Sandeep Wagle,neutral
2 years of Rajan: Analysts give 4.3 out of 5 to [TGT] governor,neutral
38% of global investors see [TGT] in 65-70 range in 2015: BofA-ML survey,neutral
38% of global investors see rupee in 65-70 range in 2015: [TGT] survey,neutral
A Vellayan steps aside as [TGT] Chief after being charged by Sebi,neutral
A Vellayan steps aside as Murugappa Group Chief after being charged by [TGT],neutral
"Amol Jain, MD at [TGT], resigns; to pursue his own venture",neutral
"As Modi government first anniversary approaches, are [TGT] headed for an inflection point?",neutral
Bankers seek clarity on tax treatment of new Additional [TGT] under Basel-III,neutral
Bengaluru broking firm [TGT] scraps fee for cash trades; rivals miffed by move,neutral
"[TGT] plans to sell Infratel shares; to raise over Rs 2,500 crore",neutral
"Bharti Airtel plans to sell [TGT] shares; to raise over Rs 2,500 crore",neutral
"Budget 2012 should hopefully be reformist in nature: Sandeep J Shah, [TGT]",neutral
[TGT] appoints Praveen Singla as national head for debt financing services,neutral
"Diversification is key for success of EPC business: M Goutham Reddy, [TGT]",neutral
Do not expect to see change in [TGT] fundamentals soon: Prashasta Seth,neutral
Drug firm [TGT] posts Rs 38.40 crore net profit in January-March quarter,neutral
"E Balaji, former CEO and MD of [TGT], joins TVS Logistics Services",neutral
"E Balaji, former CEO and MD of Randstad India, joins [TGT]",neutral
ET 500: Which companies are likely to make it to [TGT] by 2020?,neutral
Ex-[TGT] chief OP Bhatt to join panel probing PR professional Charudutta Deshpandes death,neutral
"F&O Tracker: No major downtick seen in near term, says [TGT]'s Hemant Nahata",neutral
"[TGT] will be re-rated in a few months: Sudip Bandyopadhyay, Convexity Solutions",neutral
"Fertiliser sector will be re-rated in a few months: Sudip Bandyopadhyay, [TGT]",neutral
[TGT] should be looked only after any move on deregulation: Ashwani Gujral,neutral
FIIs ownership hits 2 year high in 22 [TGT] stocks in June quarter,neutral
[TGT] asks investors to live with Commodity Transaction Tax; proposes reforms,neutral
"[TGT] reshuffles its top deck, Kiran Grandhi to replace Rao as MD",neutral
"Going by market reception, [TGT] result not bad: Taher Badshah, Motilal Oswal AMC",neutral
"Going by market reception, Infy result not bad: Taher Badshah, [TGT] AMC",neutral
Gujarat govt buys shares of [TGT] to take on Gujarat Samachars aggressive intentions,neutral
Gujarat govt buys shares of GACL to take on [TGT] aggressive intentions,neutral
Gujarat plant factor not to affect [TGT] in the near term: Neeraj Deewan,neutral
[TGT] markets may consolidate after dull week; oil price gains too small,neutral
Gulf stock markets may consolidate after dull week; [TGT] price gains too small,neutral
H Kumar takes over as Managing Director of [TGT],neutral
How new [TGT] entrants are likely to perform in the stock market,neutral
I am advocating a target of around 7680-7700 on the [TGT]: Mitesh Thacker,neutral
Implementation of new securities lending and borrowing norms will be informed later: [TGT],neutral
[TGT] trims exposure in line with the overall reserves management strategy of RBI,neutral
India trims exposure in line with the overall reserves management strategy of [TGT],neutral
"[TGT]' 1:1 bonus issue has more sentimental value rather than fundamental, say experts",neutral
"[TGT] results, cues on banking reforms to dictate trends for markets next week",neutral
Jewellers incentivise customers who sell old [TGT] to increase flow of yellow metal,neutral
"[TGT] downgrades RIL rating  to 'Neutral', raises target price to Rs 1,100",neutral
"JPMorgan downgrades [TGT] rating  to 'Neutral', raises target price to Rs 1,100",neutral
"[TGT] plans to raise Rs 1,000 crore as e-commerce marketplace rolls out",neutral
"Long term gains in [TGT] depend on US taper, Chinese reforms: UR Bhat",neutral
"Maker-taker model has value, but fees too high, says [TGT] CEO Robert Greifeld",neutral
Manu Anand set to take over as head of chocolate maker [TGT],neutral
Many promoters still own physical shares despite [TGT] mandate on dematerialisation of shares,neutral
"Market in a consolidation phase, expect [TGT] to trade between 5500-6000: Nitin Raheja",neutral
"[TGT] in a consolidation phase, expect Nifty to trade between 5500-6000: Nitin Raheja",neutral
[TGT] arm Majesco to be listed on NYSE by July-end; what management says,neutral
Mastek arm [TGT] to be listed on NYSE by July-end; what management says,neutral
Mastek arm Majesco to be listed on [TGT] by July-end; what management says,neutral
[TGT] posts PAT at Rs 326 cr for Apr-Dec period in FY14,neutral
"Money to flow back in the markets towards mid-2011: Girish Pai, [TGT]",neutral
[TGT] seeks Sebi nod to raise Rs 600 crore from rights issue,neutral
NCC Ltd seeks [TGT] nod to raise Rs 600 crore from rights issue,neutral
"[TGT] returns may be higher, but do your homework before taking a call",neutral
[TGT] prices mixed in Asian trade as dealers await fresh US economic data,neutral
"Once 955 is broken off, [TGT] may head towards 920: Amit Harchekar, IIFL",neutral
Pass final order in Rose Valley case within 8 weeks: SAT to [TGT],neutral
Pass final order in Rose Valley case within 8 weeks: [TGT] to Sebi,neutral
Pass final order in [TGT] case within 8 weeks: SAT to Sebi,neutral
"Plan to list [TGT] in August, use IPO proceeds for R&D: Kiran Mazumdar-Shaw",neutral
"Pre-budget rally could take [TGT] to 8600, roll-out of key reforms eyed: Experts",neutral
[TGT] finance arm to issue Rs 6000 crore tax-free bonds in current fiscal,neutral
[TGT] AGM will be a landmark event for corporate India and telecom sector,neutral
RIL AGM will be a landmark event for [TGT] and telecom sector,neutral
RIL AGM will be a landmark event for corporate India and [TGT],neutral
Spotting the real deal: How to distinguish between genuine and fake [TGT] currency,neutral
Swiss cement maker [TGT] appoints Bernard Terver as new Area Manager for India,neutral
[TGT] to raise Rs 200 cr via IPO; files DRHP with Sebi,neutral
Tara Jewels to raise Rs 200 cr via IPO; files DRHP with [TGT],neutral
V P Baligar appointed [TGT] CMD; Satyanarayan Mohanty becomes new DG of DGS&D,neutral
V P Baligar appointed HUDCO CMD; Satyanarayan Mohanty becomes new DG of [TGT],neutral
"VR Sharma quits [TGT], joins Bangladeshi firm Abul Khair Group as steel head",neutral
"VR Sharma quits JSPL, joins Bangladeshi firm [TGT] as steel head",neutral
What the size of a country [TGT] says about quality of life,neutral
"[TGT]s finance arm rolls out offshore rupee bonds for Rs 1,600 crore",neutral
[TGT] to launch open offer in 12 days to acquire stake in MCFL,neutral
Zuari to launch open offer in 12 days to acquire stake in [TGT],neutral
"5300 levels is just round the corner on [TGT]: Devang Visaria, Chief Strategist, Devangvisaria.com",neutral
"[TGT] plans IPO by Feb next year; to raise up to Rs 1,293 crore",neutral
[TGT] says RBI governor Raghuram Rajan 'above average but could have been better',neutral
Ambit Capital says [TGT] governor Raghuram Rajan 'above average but could have been better',neutral
Anil Ambani-owned [TGT] files for $1-billion IPO in Singapore for undersea cable business,neutral
CBI has enough credible information to start probe against former [TGT] officials: Ranjit Sinha,neutral
[TGT] seen ready to intervene again if offshore pushes yuan too far,neutral
"D K Aggarwal, Managing Director [TGT] becomes new President of CPAI",neutral
"D K Aggarwal, Managing Director SMC Wealth Management Services becomes new President of [TGT]",neutral
Difficult decision for [TGT]: What should it do with proceeds from Alibaba share sale?,neutral
Difficult decision for Yahoo: What should it do with proceeds from [TGT] share sale?,neutral
Do not expect [TGT] to give you great returns in short term: UR Bhat,neutral
"Don't read too much into market movements: Prashant Sharma, [TGT]",neutral
[TGT]'s senior fund manager to manage offshore funds as company shuffles management,neutral
EGoM may fix upper price band for [TGT] IPO at Rs 240 a share,neutral
"[TGT] appoints Mark Weinberger as Global Chairman and CEO, adpots new logo, brand name",neutral
"Eyeing fresh capital, publishing firm [TGT] gets ready for an IPO",neutral
"FIIs Rs 6,000 crore [TGT] shorts may fire up markets again after dousing it",neutral
[TGT]  net profit at Rs 48.68 crore in Q2,neutral
"Gurgaon court asks [TGT] to issue shares to India MDs Deepak Marda, Milan Saini",neutral
"Have a target of 285 on [TGT]: Sandeep Wagle, APTART Technical Advisory Services",neutral
"Have a target of 285 on Crompton Greaves: Sandeep Wagle, [TGT]",neutral
High Court appointed committee can seek information on [TGT] hit investors:  Bombay HC,neutral
High Court appointed committee can seek information on NSEL hit investors:  [TGT],neutral
Insurers in limbo over tagging of [TGT] as IRDA hasn't issued any direction,neutral
Insurers in limbo over tagging of IDFC bonds as [TGT] hasn't issued any direction,neutral
"It is time to realign a little bit towards [TGT]s: David Pezarkar, Daiwa AMC",neutral
"It is time to realign a little bit towards PSBs: David Pezarkar, [TGT]",neutral
[TGT] acquisition quite expensive; do not add fresh positions in Emami: Ambareesh Baliga,neutral
Kesh King acquisition quite expensive; do not add fresh positions in [TGT]: Ambareesh Baliga,neutral
"Lok Sabha poll 2014 result: After [TGT] rally, BJP to face key investor tests",neutral
MARKET CUE: Here are 3 changes [TGT] expects from the Fed on Wednesday,neutral
[TGT] move to include Hong Kong-China ADRs in EM index may hit Indian stocks,neutral
"[TGT] can go back to Rs 26-27, RCF to Rs 80: Ashwani Gujral",neutral
[TGT] offers 19.62 lakh shares to employees at Rs 25.65 per share,neutral
Not keen on trading in [TGT]; will range between 7600 and 7730: Sandeep Wagle,neutral
Ponzi scheme crackdown in 2014: [TGT] orders refund of over Rs 60 thousand crore,neutral
"Put 40% of your capital in a gilt fund: Sandeep J Shah, [TGT]",neutral
[TGT] may sell 5 per cent to investors in tower unit in pre-IPO deal,neutral
"[TGT] case: SAT allows realty major to redeem Rs 1,806 crore worth mutual funds",neutral
"Sebi-DLF case: [TGT] allows realty major to redeem Rs 1,806 crore worth mutual funds",neutral
[TGT] rangebound on the first trading day of 2015; top twelve stocks in focus,neutral
"Shareholders of [TGT] consider a possible merger with Majesco, US subsidiary of Mastek",neutral
"Shareholders of Cover-All Technologies consider a possible merger with [TGT], US subsidiary of Mastek",neutral
"Shareholders of Cover-All Technologies consider a possible merger with Majesco, US subsidiary of [TGT]",neutral
"Stock selection in [TGT] requires a bottom-up approach: Taher Badshah, Motilal Oswal AM",neutral
"Stock selection in pharma space requires a bottom-up approach: Taher Badshah, [TGT] AM",neutral
Suggest to wait till [TGT] plans to list its insurance arm: Deepak Shenoy,neutral
Timing [TGT] is a fool's errand; it is not correlated to the stock market,neutral
Timing gold is a fool's errand; it is not correlated to the [TGT],neutral
Top 12 value picks to choose from in times of global rout: [TGT],neutral
"Ukraine crisis will not affect Indian currency, [TGT] will remain range bound: Arvind Mayaram",neutral
"Will markets face stiff resistance now? [TGT] may not breach 7,550 in a hurry",neutral
"Wives, daughters chip in to rescue listed companies in compliance with [TGT] new norm",neutral
191-192 is where price of [TGT] to come in next few trading sessions: Sandeep Wagle,neutral
"Asset allocation a better strategy for individual investor: Prashant Sharma, [TGT]",neutral
Bollywood calling: [TGT] catch fancy of film stars like Aamir Khan and Akshay Kumar,neutral
"Centre for more power to [TGT]; regulator to get power of search, seizure and recovery",neutral
Hard to say if the rebound in the [TGT] will sustain or not: Ashwani Gujral,neutral
Independent director can sit on the board of a maximum of 7 listed companies: [TGT],neutral
"[TGT] to continue with face-to-face bidding, lines up $1.7 mn for technology upgrade",neutral
Malaysia tycoon Ananda Krishnan in talks to take key stake in [TGT] $3-billion IPO: Sources,neutral
"Our portfolio strategy continues to be the same post May 16th: IV Subramaniam, [TGT]",neutral
"Outlook for auto stocks a mixed bag at the moment: Rajat Rajgarhia, [TGT]",neutral
Policy-makers looking to allow FIs to buy [TGT] from sovereign wealth and pension funds,neutral
"[TGT] could it be the Wockhardt or the UB of 2012: Sangeeta Purushottam, Professional Investor",neutral
"RComm could it be the [TGT] or the UB of 2012: Sangeeta Purushottam, Professional Investor",neutral
"RComm could it be the Wockhardt or the [TGT] of 2012: Sangeeta Purushottam, Professional Investor",neutral
Reforms planned by the government will have a strong bearing on the [TGT]: Vinay Khattar,neutral
"[TGT] to raise Rs 1k crore via NCDs to meet lending, redemption requirements",neutral
"Trying to find where weakness is coming from in financial space:  Jitendra Mehta, [TGT]",neutral
Use On Balance Volume & Chaikin Money Flow Index to track price movement in [TGT],neutral
[TGT] stock owners sitting on a lot of cash; money flooding back into counters: Prakash Diwan,neutral
[TGT] to seek shareholders nod for voluntary delisting of equity shares from stock exchanges,neutral
Be careful in finding value in [TGT] as bounce back will not last: Ashwani Gujral,neutral
"Bold reforms like labour, land acquisition needed to tackle big issues: Arvind Sanger, [TGT]",neutral
[TGT] brokers wary discount broking model among investors; lobbying with SEBI to fix a minimum brokerage,neutral
BSE brokers wary discount broking model among investors; lobbying with [TGT] to fix a minimum brokerage,neutral
"[TGT] sees deeper selloff if Nifty breaks below 7,752; 4 stocks that are likely to outperform",neutral
"CLSA sees deeper selloff if [TGT] breaks below 7,752; 4 stocks that are likely to outperform",neutral
"Core business performance, [TGT] launch to set direction for RIL stock going ahead: Amit Khurana",neutral
"Core business performance, Reliance Jio launch to set direction for [TGT] stock going ahead: Amit Khurana",neutral
"Difficult for markets to scale newer highs in current scenario: Dipan Mehta, Member [TGT] & NSE",neutral
"Difficult for markets to scale newer highs in current scenario: Dipan Mehta, Member BSE & [TGT]",neutral
"[TGT] to benefit if investment cycle in mining, railways happen: Dhiraj Sachdev",neutral
"Engineering and cap goods companies to benefit if investment cycle in [TGT], railways happen: Dhiraj Sachdev",neutral
"Engineering and cap goods companies to benefit if investment cycle in mining, [TGT] happen: Dhiraj Sachdev",neutral
"FDI hike in [TGT], defence to have limited impact on markets: Rajat Rajgarhia, Motilal Oswal Securities",neutral
"FDI hike in railways, [TGT] to have limited impact on markets: Rajat Rajgarhia, Motilal Oswal Securities",neutral
"FDI hike in railways, defence to have limited impact on markets: Rajat Rajgarhia, [TGT]",neutral
"Government to sell 5 per cent stake in [TGT] to LIC; may get Rs 2,046 crore",neutral
"Government to sell 5 per cent stake in Bhel to [TGT]; may get Rs 2,046 crore",neutral
"It will take some time for getting significant interest from FIIs: Vikas Khemani, [TGT]",neutral
[TGT] faces a higher rate as it looks to raise Rs 5000 crore via bond placement,neutral
Results primer: Investors want some guidance on how [TGT] plans to use $5.4 billion cash reserve,neutral
"[TGT] @ 28,000 or 35,000; what the biggest hurdle for markets? Here what ET poll found",neutral
"Sensex @ 28,000 or 35,000; what the biggest hurdle for markets? Here what [TGT] poll found",neutral
Short [TGT] with stoploss of Rs 287 for target of Rs 280: Vijay Bhambwani,neutral
"Sovereign defaults not unknown in history, but [TGT] a special case: Saravana Kumar, LIC Nomura MF",neutral
"Sovereign defaults not unknown in history, but Greece a special case: Saravana Kumar, [TGT]",neutral
Vadodara-based [TGT] taps IPO market; to raise Rs 400 crore through fresh issue of shares,neutral
"Watch out for spectrum auction and [TGT] entry in Telecom space: Parag Thakkar, HDFC Securities",neutral
"Watch out for spectrum auction and Reliance Jio entry in [TGT]: Parag Thakkar, HDFC Securities",neutral
"Watch out for spectrum auction and Reliance Jio entry in Telecom space: Parag Thakkar, [TGT]",neutral
[TGT] to raise about $415 million through the sale of shares of tower unit Bharti Infratel,neutral
Bharti Airtel to raise about $415 million through the sale of shares of tower unit [TGT],neutral
"[TGT] acquisition wont have a major impact on JP Associates stock: Fayeza Hafizee, Intime Spectrum Securities",neutral
"Duncan Fertilisers acquisition wont have a major impact on [TGT] stock: Fayeza Hafizee, Intime Spectrum Securities",neutral
"Duncan Fertilisers acquisition wont have a major impact on JP Associates stock: Fayeza Hafizee, [TGT]",neutral
"IPO of four companies to hit [TGT] this month; estimated Rs 1,800 crores to be raised",neutral
"It does not make sense to go in for buying in the current environment: Hemang Jani, [TGT]",neutral
"[TGT]  settles Rs 330 crore of Rs 5,500 crore dues in 33 weeks",neutral
One in 10 chance of a repo rate cut: How to trade [TGT] ahead of RBI policy?,neutral
One in 10 chance of a repo rate cut: How to trade Nifty ahead of [TGT] policy?,neutral
[TGT] to go ahead with IPO plan despite damage by Hudhud: CMD P Madhusudan,neutral
"[TGT] considering IPO to allow investors to exit; company is being valued at around Rs 1,500 crore",neutral
[TGT] reports net loss of Rs 4.90 crore in fourth quarter of FY 14,neutral
Getting coal blocks back key for [TGT] stock; a bit higher prices should not matter much: Chintan Mehta,neutral
"Ravi Uppal to join [TGT] as MD & CEO from October 1, says Naveen Jindal",neutral
"7800 is the worst we can see on [TGT] at this stage: Sudip Bandyopadhyay President, Destimoney Securities Pvt Ltd",neutral
"7800 is the worst we can see on Nifty at this stage: Sudip Bandyopadhyay President, [TGT]",neutral
"Interim Budget 2014: [TGT] subsidy payments postponed to next fiscal, investors should keep a watch on lowering of subsidies",neutral
Spot demand lifts [TGT] futures,positive
[TGT] beats Q3 profit expectations,positive
[TGT] riding on robust figures,positive
Speculation over [TGT] buy,positive
Like [TGT]: Devang Visaria,positive
[TGT] gains momentum on good results,positive
[TGT] IPO subscribed 1.47 times,positive
[TGT] can move up: Rajat Bose,positive
[TGT] performance beats street expectations,positive
"Sensex rangebound; [TGT], auto, banks advance",positive
"Sensex rangebound; tech, [TGT], banks advance",positive
"Sensex rangebound; tech, auto, [TGT] advance",positive
"[TGT] rangebound; tech, auto, banks advance",neutral
[TGT] net profit up by 36%,positive
[TGT] sizzle on bad weather,positive
[TGT] futures regain on fresh buying,positive
[TGT] forex reserves up in August,positive
[TGT] gains as earnings beat estimates,positive
[TGT] sparkles on expansion buzz,positive
[TGT] finish at 19-month high,positive
[TGT] Q1 profit beats expectations,positive
"[TGT] attachment proceedings cross 1,500-mark",positive
[TGT] exports up on better demand,positive
[TGT] basks in IT glory,positive
[TGT] volumes are good: Devang Visaria,positive
Goldman Sachs upgrades [TGT] to neutral,positive
[TGT] upgrades RCOM to neutral,neutral
[TGT]' earnings up by 12%,positive
Off-market divestment boosts [TGT] share performance,positive
Shrinking bond spread to benefit [TGT],positive
Investors cheer [TGT] bank rescue,positive
[TGT] gains on festive demand,positive
[TGT] that outperformed benchmark indices,positive
[TGT] futures rise on spot demand,positive
[TGT] futures up on output concerns,positive
[TGT] stock soars,positive
Street mood lifts [TGT],positive
Serum Institute hikes [TGT] stake,positive
[TGT] hikes Orchid Chemicals stake,neutral
Long-term target in [TGT] is positive,positive
[TGT] charts high growth curve,positive
[TGT] margin growth begins aiding earnings,positive
[TGT] approve stock-split; stk gains,positive
Near-term outlook seen strong for [TGT],positive
[TGT] gains on higher electricity generation,positive
[TGT] bond sees record subscription,positive
[TGT] space looks attractive: Gaurav Doshi,positive
[TGT] IPO oversubscribed 8.63 times,positive
[TGT] reports record turnover in 2012-13,positive
[TGT] to pay 18% interim dividend,positive
[TGT] futures up on increased buying,positive
[TGT]futures up further,positive
[TGT] looks positive: Mitesh Thacker,positive
[TGT] gains on parent's bullish outlook,positive
Wait and watch [TGT]: Sudip Bandyopadhyay,positive
[TGT] advance on better demand,positive
[TGT] shares touch 12 month high,positive
"As long as foreign flows continue into India, it is likely that the [TGT] may remain buoyant: IV Subramaniam, Quantum AMC",positive
"As long as foreign flows continue into India, it is likely that the market may remain buoyant: IV Subramaniam, [TGT]",neutral
[TGT] stuns markets with best show,positive
[TGT] futures gain 2.68 per cent,positive
[TGT] futures rise on spot demand,positive
Improving [TGT] add to bullish sentiment,positive
[TGT] Q4 net Up 21.8%,positive
[TGT] gains; coal-based plants favoured,positive
[TGT] futures rise on export demand,positive
"Despite recession, [TGT] registers profit",positive
Edelweiss maintains Buy on [TGT],positive
[TGT] maintains Buy on IRB Infrastructure,neutral
Right to buy [TGT]: Ambareesh Baliga,positive
[TGT] gains on government notification,positive
[TGT] stock gallops despite warnings,positive
[TGT] looks attractive: Avinnash Gorakssakar,positive
RBS maintains 'Buy' on [TGT],positive
[TGT] maintains 'Buy' on Hindalco,neutral
Bofa-ML upgrades [TGT] to 'buy',positive
[TGT] upgrades Hindalco Industries to 'buy',neutral
[TGT] thrive on macro bets,positive
"Deposit, credit growth lift [TGT]",positive
Muzaffarnagars [TGT] recovers post-riot,positive
[TGT] futures gain on speculative buying,positive
[TGT] futures hit daily upper limit,positive
[TGT] strengthens on seasonal demand,positive
Positive on [TGT]: Sonam Udasi,positive
[TGT] rises before jobs data,positive
[TGT] shares gain on RBI move,positive
GCPL shares gain on [TGT] move,neutral
[TGT] Q3 net jumps three-fold,positive
[TGT] strengthen on millers buying,positive
[TGT] surges after 50% stake sale,positive
[TGT] signs licensing deal;stk rallies,positive
Nomura retains buy on [TGT],positive
[TGT] retains buy on Dish TV,neutral
[TGT] Power July-Sept net jumps 66%,positive
[TGT] looks promising: Prakash Diwan,positive
[TGT] winning back investors trust,positive
[TGT] demerger talk lifts stock,positive
Leisure revenue buoys [TGT],positive
[TGT] recovers on global cues,positive
[TGT] rises 0.22% on spot demand,positive
[TGT] rises 0.94% on global cues,positive
Selected [TGT] moved up,positive
[TGT] turnover surges 55%,positive
"[TGT] beats St, net zooms 43%",positive
[TGT] shares rise almost 5%,positive
[TGT] gets funds from Mayfield,positive
Centum Learning gets funds from [TGT],neutral
Invest in [TGT]: Ashwani Gujral,positive
[TGT] back in demand,positive
[TGT] rally on Holcim-Lafarge merger,positive
Cement companies rally on [TGT] merger,neutral
[TGT] rises on industrial demand,positive
[TGT] rises on tight supply,positive
[TGT] rises on tight supply,positive
[TGT] futures recover on short covering,positive
[TGT] futures rise on fresh buying,positive
"Dip in [TGT] price would make them attractive for longer term: Prakash Diwan, Asit C. Mehta Investment Intermediates Ltd.",positive
"Dip in capital goods price would make them attractive for longer term: Prakash Diwan, [TGT]",neutral
[TGT] is an outperformer: Deepak Mohoni,positive
[TGT] looking good: Hemen Kapadia,positive
[TGT] is a buy: Deepak Mohoni,positive
[TGT]: New Plant boosts valuation,positive
[TGT] strengthen on global cues,positive
[TGT] pretty attractive: Hemang Jani,positive
[TGT] shares surge over 15%,positive
[TGT] in strong uptrend: Ventura,positive
[TGT] makes $1 billion bond payment,positive
[TGT] rises on fresh buying,positive
[TGT] valuations look expensive,negative
[TGT] declared 30% dividend,negative
[TGT] yield rises on profit-taking,positive
5 outperformers in today's lacklustre [TGT],neutral
[TGT] May revenue rises,positive
[TGT] gain on US Fed's optimism,positive
[TGT] outperform bigger names,positive
[TGT] doing well: Ashwani Gujral,positive
[TGT] inch towards all-time high,positive
[TGT] rises on global economy worries,positive
"22,715 new all-time closing high for [TGT]",positive
4900-4930 support level for [TGT]: Devang Visaria,positive
[TGT] has been rising steadily: Deepak Mohoni,positive
[TGT] demerges pharma unit; stock up 15%,positive
[TGT] futures gain 0.32% on spot demand,positive
[TGT] investors should wait and watch: Analysts,positive
"[TGT] rises on global cues, spot demand",positive
"[TGT] gains on strong business outlook, valuation",positive
[TGT] supported as China factories revive,positive
Asia stocks supported as [TGT] revive,positive
[TGT] firm after sound US data,positive
[TGT] is a buy: Deepak Mohini,positive
[TGT] rallies; lenders approve loan restructuring,positive
[TGT] up on delayed rate increase speculation,positive
[TGT] firms above $108 on Ukraine tensions,positive
[TGT] is a good buy: Sandeep Wagle,positive
Buoyant [TGT] helps Europe stocks bounce back,positive
Buoyant StanChart helps [TGT] bounce back,positive
[TGT] future up on fresh buying,positive
[TGT] shares surge 9% on bourses,positive
[TGT] may attract some buying: Deepak Mohoni,positive
[TGT] futures extend gains on rising demand,positive
[TGT] promoters hike stake to 94.48%,positive
China's [TGT] edges up on PBOC guidance,positive
[TGT]: Move to enter biotech looks opportune,positive
[TGT] H1 PAT rises 13.17%,positive
[TGT] a defensive bet: Shahina Mukadam,positive
[TGT] 34% subscribed on Day 1,positive
[TGT]'s robust performance vindicates stronger demand scenario,positive
[TGT] may top stocks in futures turnover,positive
Court decision positive on [TGT]: R Balakrishnan,positive
[TGT] surges 7% on Q1 earnings,positive
Deal more favorable for [TGT] shareholders,positive
Decent upside left for [TGT]: Prakash Diwan,positive
Decision on [TGT] deal today; stock up,positive
[TGT]: Investors go on the offensive,positive
[TGT] shares up on resort buy,positive
Deutsche Bank upgrades [TGT] to 'buy',positive
[TGT] upgrades Hindustan Unilever to 'buy',neutral
Diageo bid talk props up UK's [TGT],positive
[TGT] bid talk props up UK's FTSE,neutral
[TGT]'s prospects looking bright: Sandip Sabharwal,positive
[TGT] holds firm ahead of Fed meeting,positive
[TGT] prices surge above Rs 200/Kg,positive
Earnings preview: [TGT] biggies earnings belies expectations,positive
Edelweiss recommends Buy on [TGT] IPO,positive
[TGT] recommends Buy on Coal India IPO,neutral
[TGT] gains ahead of rival Shemaroo's IPO,positive
Eros gains ahead of rival [TGT]'s IPO,neutral
EU pain has an upside for [TGT],positive
[TGT] pain has an upside for India,neutral
[TGT] gets key UK regulatory approval,positive
Expect big money in [TGT]: Vijai Mantri,positive
Extremely bullish on [TGT]: Mayuresh Joshi,positive
F&O Tracker: [TGT] support likely around 6220-6000,neutral
Festive sales add spark to [TGT],positive
[TGT] is good investment : Deven Choksey,positive
FIPB okays [TGT] proposal; stock up,positive
[TGT] okays Reliance Broadcast proposal; stock up,neutral
Forward Markets Commission frees up [TGT] pricing,positive
[TGT] frees up commex pricing,neutral
Futures segment of [TGT] witnessing steady growth,positive
Go long on [TGT]: Ashwani Gujral,positive
[TGT] recovers as Ukraine weighed against rates,positive
[TGT]'s intraday surge catches speculators off guard,positive
[TGT] moves up on retailers demand,positive
[TGT] Q1 Net profit up 26%,positive
[TGT] futures recover on rising spot demand,positive
[TGT] gains; MSCI changes become effective,positive
[TGT]: Higher order inflows step up expectations,positive
[TGT] gains upto 6% on value buying,positive
Hold [TGT] in current scenario: Deepak Mohoni,positive
Hot money returns to [TGT],positive
ICRA upgrades rating of [TGT],positive
[TGT] upgrades rating of Thomas Cook India,neutral
Improving US buyer confidence lifts [TGT],positive
"[TGT] Rs 2,500-crore IPO gets Sebi nod",positive
"IndiGos Rs 2,500-crore IPO gets [TGT] nod",neutral
"[TGT]'s Rs 3,018-crore IPO three times oversubscribed",positive
"Industrial demand lifts [TGT] futures, rises 0.72%",positive
[TGT] recover in a lacklustre trade,positive
"[TGT] beats forecast, but analysts still wary",positive
[TGT] to beat NASSCOM estimate: Sudip Bandyopadhyay,positive
Infosys to beat [TGT] estimate: Sudip Bandyopadhyay,neutral
[TGT] a safe bet: Deepak Mohoni,positive
[TGT] is a strong stock: Deepak Mohoni,positive
[TGT] raises $500 million via offshore bonds,positive
IRFC raises $500 million via [TGT],neutral
Its a good time to accumulate [TGT],positive
Its raining good news for [TGT] producers,positive
[TGT] futures rise 0.40% on export demand,positive
Jefferies upgrades [TGT] ahead of results,positive
[TGT] upgrades Jubliant Foodworks ahead of results,neutral
"[TGT]: A good investment, attractively valued",positive
Kim Eng India recommends Buy on [TGT],positive
[TGT] recommends Buy on HDIL,neutral
[TGT] rallies on upbeat Q2 numbers,positive
[TGT] likely to give good returns,positive
"Like [TGT]: Harendra Kumar, Elara Capital",positive
"Like Orient paper: Harendra Kumar, [TGT]",neutral
Lower subsidy burden to boost [TGT] growth,positive
"[TGT], a strong long-term bet: Avinash Gorakshekar",positive
[TGT] hits 52-week high on expansion plans,positive
"[TGT], a robust story: Gajendra Nagpal",positive
[TGT] attract fund managers this season,positive
Modi effect on [TGT]: Forecasters predict appreciation,positive
[TGT] net profit marginally up by 2.8%,positive
[TGT] rallies on strong Q4FY15 results,positive
[TGT]s may outperform strong banks: BP Singh,positive
NBFCs may outperform [TGT]: BP Singh,negative
Near term bottoms of [TGT] shifting higher,positive
[TGT] futures marginally up on spot demand,positive
"[TGT], copper rise on firming global cues",positive
"Nickel, [TGT] rise on firming global cues",positive
Overall [TGT] remains compelling: Taher Badshah,positive
"Overseas cues, spot demand lift [TGT] futures",positive
[TGT] surges on debt recast plans,positive
[TGT] raises Rs 500 crore through bonds,positive
Prabhudas Lilladher puts 'accumulate' on [TGT],positive
[TGT] puts 'accumulate' on KPIT Cummins,neutral
[TGT] Q2 net jumps 70%,positive
Price decline likely to help [TGT] export,positive
[TGT] gain on investor meet report,positive
Rally in [TGT] to continue: ET Poll,positive
Rallying [TGT] still a buy: experts,positive
[TGT] hits 52-week high on UBS upgrade,positive
[TGT] has lot of potential: Devang Visaria,positive
"[TGT] touches 15-month high, ends at 45.70/$",positive
"Recast, expansion to help [TGT] stay afloat",positive
Recommend [TGT] in pharmaceutical space: G Chokkalingam,positive
[TGT] a good buy: Devang Visaria,positive
Rise in [TGT] lifts European equities,positive
Rise in healthcare stocks lifts [TGT],positive
"Rising [TGT] lifts coin, gold loan demands",positive
"Rising gold lifts [TGT], gold loan demands",positive
"Rising gold lifts coin, [TGT] demands",positive
[TGT] continues gains as oil price firms,positive
Rouble continues gains as [TGT] price firms,positive
[TGT] net up 31 pc,positive
[TGT] gets Sebi nod for IPO,positive
Sandhar Technologies gets [TGT] nod for IPO,neutral
[TGT] soars 10% on tax row settlement,positive
[TGT] best bet for long-term play,positive
[TGT] up on retailers demand,positive
[TGT] surges; foreign investors buy shares,positive
Shire surge pushes [TGT] towards record peak,positive
[TGT] futures extend gains on global cues,positive
[TGT] rates spike on robust foreign trends,positive
[TGT] reap big gains; outshine blue-chips,positive
Smaller stocks reap big gains; outshine [TGT],neutral
Spot demand lifts [TGT] futures,positive
[TGT] ends FY15 with 86% profit growth,positive
[TGT] rise; flat panel makers up,positive
Taiwan stocks rise; [TGT] up,positive
[TGT]: Unit demerger may shore up income,positive
[TGT]: First among equals in profit margin,positive
[TGT]: Well-poised for a stronger year ahead,positive
Technology & action plan boosts [TGT] growth,positive
[TGT]'s bullish production outlook drives stock higher,positive
[TGT] rebound; Indonesia at 11-month highs,positive
Thai shares rebound; [TGT] at 11-month highs,positive
[TGT]: Aggressive expansion plans to boost volumes,positive
[TGT] close at new seven-year high,positive
[TGT] shares gain nearly 6% on bourses,positive
[TGT] futures gain 0.79% on rising demand,positive
"[TGT] Q2 results soar, stock flies high",positive
"Twitter Q2 results soar, [TGT] flies high",positive
[TGT] posts operating profit in March quarter,positive
[TGT] Q1 net profit up 59%,positive
Very bullish on [TGT] space: Sudip Bandyopadhyay,positive
[TGT] Q4 profit soars 129% on cost-cutting,positive
[TGT] leads Britain FTSE to six-week high,positive
Vodafone leads Britain [TGT] to six-week high,positive
[TGT] on a bullish trend: Deepak Mohoni,positive
[TGT] ends 42% up on debut,positive
Wait and watch [TGT]: Sudip Bandyopadhyay,positive
Whats driving [TGT] to fresh all-time highs?,positive
[TGT] plans China's first Green bond,positive
[TGT] domestic sales up 35.81% in July,positive
[TGT] gains 3% on acquisition talks,positive
$40 [TGT] could be a game-changer for Russia,positive
$40 oil could be a game-changer for [TGT],positive
"15,500-15,600 levels possible for [TGT]: Ashwani Gujral",positive
2G effect: [TGT] edge higher; auction on,positive
5370-5400 key support in [TGT] now: Ashwani Gujral,neutral
62 [TGT] doubled investor wealth in 2015,positive
[TGT] rallies 9% in a dull market,positive
[TGT]' performace in line with with mkt expectations,positive
Accumulate [TGT] for medium term: Nirmal Bang,positive
[TGT] gains on inclusion in NSE index,positive
Adani Port gains on inclusion in [TGT] index,neutral
"[TGT]'s revenue, net profits rise",positive
[TGT] to show higher earnings growth soon,positive
"[TGT] Q4 Net rises 25%, NPAs increase",positive
"[TGT] futures gain on overseas cues, spot demand",positive
"[TGT] futures rise on global cues, spot demand",positive
[TGT] shoots up 54% after management clarification,positive
Analysis: [TGT] merger a positive for shareholders,positive
[TGT] Q4 net up at 298.23 crore,positive
[TGT] Shares up 4% on $200-million order,positive
[TGT] score 3-year high as data cheers,positive
[TGT] can move Rs 900-1200 higher: Ventura,positive
Atlas Copco can move Rs 900-1200 higher: [TGT],neutral
"[TGT], pharma top wealth creators in 4 years",positive
"Auto, [TGT] top wealth creators in 4 years",positive
[TGT] surges by 6 pc on BSE,positive
Aventis Pharma surges by 6 pc on [TGT],neutral
[TGT] Q2 net up by four-fold,positive
"Barclays overweight on [TGT], target Rs 1,065.",positive
"[TGT] overweight on HCL Tech, target Rs 1,065.",neutral
[TGT] futures remain up on strong spot demand,positive
[TGT] export floor may be raised by $200/tonne,positive
Beginning of pre-budget rally on [TGT]: Ashwani Gujral,positive
[TGT] seems a safe bet: Deepak Mohoni,positive
[TGT] would be very well positioned: Saurabh Mukherjea,positive
[TGT] zooms 19 pc on delisting move,positive
[TGT] shares gain on revamp hopes,positive
[TGT] may get costlier this fiscal year,positive
[TGT] soars 20 pc on delist offer,positive
[TGT] lifts Britain's FTSE towards 4-1/2 month high,positive
BP lifts [TGT] towards 4-1/2 month high,positive
"[TGT]'s subsidiary strikes gas in Mozambique, stock up",positive
"BPCL's subsidiary strikes gas in [TGT], stock up",neutral
[TGT] consolidated Q3 net rises 62 %,positive
[TGT] to unlock HQ's realty value; stock up,positive
"Buoyed by [TGT] results, brokerages raise target price",positive
"Can buy [TGT]: Ashwani Gujral, Market Strategist",positive
[TGT] gains on share sale to institutional investors,positive
[TGT] can give upto 20% returns: Sudip Bandyopadhyay,positive
China data pushes [TGT] to 106.55 per barrel,positive
[TGT] posts Rs 284 crore profit for Q3,positive
[TGT] attractive bet for long-term investors,positive
[TGT] acquires Lanxess black pigment portfolio; stock up,positive
Clariant acquires [TGT] black pigment portfolio; stock up,positive
Consider aggressive buying on the [TGT]: Mitesh Thacker,positive
"[TGT] to get ADB cover, wider reach",positive
[TGT] futures gain 2.42 pc on rising demand,positive
[TGT] futures up 2.51 pc on strong demand,positive
[TGT] futures up on spot demand,positive
[TGT] up over 25% on debut,positive
[TGT] bets on chemicals to deliver growth,positive
[TGT]: Good buy for the long term,positive
"[TGT] tops 11,000 for first time since May",positive
"Dubai exchange [TGT], rupee segment register substantial growth",positive
"Dubai exchange gold, [TGT] segment register substantial growth",positive
Earnings leading rally for [TGT]: Harendra Kumar,positive
[TGT] players find more value off the Street,positive
[TGT] rallies 5% on Max Healthcare acquisition,positive
Elder Pharma rallies 5% on [TGT] acquisition,neutral
Elections may provide a short-term market boost: [TGT],neutral
Emkay raises [TGT] target price to Rs 1075,positive
[TGT] raises TCS target price to Rs 1075,neutral
[TGT] Q4 revenue up 20 per cent,positive
[TGT]s outpacing retail stock funds by wide margin,positive
[TGT] shares record biggest monthly gain since February,positive
Evening trades improve co-relation with global markets: [TGT],neutral
[TGT] hits 52-week high post Q1 results,positive
"Falling trade deficit, better rain prospects boost [TGT]",positive
[TGT] gain on government's urea decontrol talk,positive
[TGT] gain as Cabinet approves gas pooling,positive
Festival season to rev up [TGT] business,positive
Flight to safety keeps [TGT] near one-month high,positive
[TGT] to list on BSE SME platform,positive
Funny Software to list on [TGT] platform,neutral
[TGT] surges after raising Rs 6 bn,positive
"[TGT] profit up 42% at Rs 1,303 crore",positive
[TGT] is a good defensive stock: Deepak Mohoni,positive
[TGT] latest market to strike record high,positive
[TGT]'s sale offer subscribed 14%; stock surges,positive
"[TGT] rises above $1,200; shrugs off rising equities",positive
[TGT] preferred pick among cement names: Ambareesh Baliga,positive
[TGT] gains 1.7% on in-line Q4 results,positive
[TGT] surges over 3% on $10-billion Australian deal,positive
[TGT] surges 7% on FDI reforms boost,positive
[TGT] gains as Citigroup buys 4 million shares,positive
HDIL gains as [TGT] buys 4 million shares,positive
[TGT] shares surge 10% as Q1 results surprise,positive
High-growth lubricants business can fire up [TGT]'s profits,positive
[TGT] can reach 405-407 levels: Rajat Bose,positive
History signals a better second half for [TGT],positive
[TGT] edge up on Shanghai-connector expectations,positive
Hopes of greater government focus lift [TGT],positive
Huge activity in [TGT] December series surprises market,positive
Huge activity in Nifty December series surprises [TGT],neutral
[TGT] rallies over 5% on fund raising plans,positive
Improved macros to shield [TGT] from Greek turmoil,positive
[TGT] surges ahead of Mahanagar Gas IPO,positive
Indraprastha Gas surges ahead of [TGT] IPO,neutral
"Investor accounts at [TGT], CDSL cross 2 crore",neutral
"Investor accounts at NSDL, [TGT] cross 2 crore",neutral
[TGT] plans to hive-off E&P business; stock up,positive
[TGT] best among media stocks: Sharmila Joshi,positive
[TGT] Q4 net profit jumps 15.2%,positive
Keep [TGT] on radar: Devang Visaria,positive
"[TGT] surges on aggressive rate message, euro steady",positive
"Kiwi surges on aggressive rate message, [TGT] steady",neutral
Like [TGT] at current levels: Devang Visaria,positive
[TGT]'s strong product pipeline likely to drive growth,positive
[TGT] should resume its rally: Deepak Mohoni,positive
"[TGT] surges on SCM,Deepak Fertilisers open offer",positive
"Mangalore Chemicals surges on SCM,[TGT] open offer",neutral
[TGT] Q2 up 12% to Rs 118 cr,positive
Maximise returns: Go for [TGT]s this Diwali,positive
[TGT] jumps; DSP Blackrock Fund buys shares,positive
Mayur Uniquoters jumps; [TGT] buys shares,neutral
Medium-term prospects of [TGT] encouraging: Nitin Raheja,positive
[TGT] including other commodities would benefit: Vineet Bhatnagar,positive
[TGT]s jive to the turnaround beat on D-Street,positive
Mid-caps yield from [TGT]s higher than large-cap funds,positive
[TGT] raises Rs 175 crore,positive
[TGT] gains 6% on share buyback proposal,positive
"Monsoon pick-up helps to lower [TGT], oilseed prices",negative
"Monsoon pick-up helps to lower guar, [TGT] prices",negative
[TGT] shares surge over 19% on robust earnings,positive
[TGT] raises Rs 1.5k crore through 10-year Bonds,positive
[TGT]'s Q2 loss narrows to Rs 947 crore,positive
[TGT] up over 9% on quarterly results,positive
"Nano sales grow, [TGT] up at NSE",positive
[TGT] futures rise 0.59 pc on spot demand,positive
"[TGT] ends near 7,600 after hitting all-time high",positive
[TGT] Q3 revenue in line with expectations,positive
No serious corrections expected in [TGT]: Ashwani Gujral,neutral
[TGT] are clear buys: Manish Sonthalia,positive
[TGT] stocks surge as government hikes fuel prices,positive
[TGT] stocks up 2 per cent on BSE,positive
[TGT] Q1 net up by 19 per cent,positive
Open Interest on [TGT] up 31% in August,positive
"Opportunity to buy in [TGT]: Ashwani Gujral, Ashwanigujral.com",positive
Outperformance trend would continue in [TGT]: Mitesh Thacker,positive
"Overweight on the [TGT]: Param Desai, Angel Broking",positive
"[TGT]'s H1 net up 14% at 1,886 crore",positive
[TGT] at attractive prices catch investors' eye,positive
[TGT] IPO gets 76% demand by Day 2,positive
[TGT] rallies 45% in two days,positive
[TGT] is a good pick: Rajesh Jain,positive
[TGT] to benefit post budget: Prabhudas Lilladher,positive
Petronet LNG to benefit post budget: [TGT],neutral
"[TGT]'s Q4 profit rises 9% to 1,411 crore",positive
"PNB shareholders approve preferential issue to Govt, [TGT]",positive
"[TGT] shareholders approve preferential issue to Govt, LIC",neutral
"[TGT] is a buy: Ashwani Gujral, Market Strategist",positive
"Premium drive, new bike key to [TGT]'s momentum",positive
Prospect good for [TGT]: Ketan Kharkhanis,positive
[TGT]: Promising stock among ailing liquor space,positive
Raghuram Rajan's 'rate-cut' talk cheer markets; [TGT] rallies,positive
Raghuram Rajan's 'rate-cut' talk cheer [TGT]; Sensex rallies,positive
[TGT] on a roll ahead of Budget,positive
Railways upgrade project to benefit Kolkata-based [TGT],positive
[TGT] upgrade project to benefit Kolkata-based GPT Infra,neutral
[TGT] rallies 20% on strong Q3 results,positive
[TGT] futures soars to new high in DGCX,positive
Re-$ futures soars to new high in [TGT],neutral
"Recast, Dehradun move help [TGT] turn to profitability",positive
Recommend slow accumulation into [TGT]: Harendra Kumar,positive
Record high prices no bar for [TGT] sales,positive
[TGT] futures up on spot demand,positive
Reforms overdrive may cheer [TGT] amid Greece worry,positive
Regulatory steps will improve [TGT]: BP Singh,positive
"[TGT] posts flat quarterly earnings, beats expectations",positive
[TGT] shares jump on sale of Volvo stake,positive
Renault shares jump on sale of [TGT] stake,neutral
[TGT] stronger performer among sugar stocks: Deepak Mohoni,positive
[TGT]s 4.3% surge helps Sensex gain 322 points,positive
RILs 4.3% surge helps [TGT] gain 322 points,positive
Robust earnings help [TGT] to bounce back,positive
[TGT] crisis ripples through wheat as bulls advance,positive
[TGT]: Growing loan book expected to boost margins,positive
"Seasonal demand lifts [TGT] futures prices, up 1.11%",positive
Sebi disposes case against stock broker [TGT],positive
[TGT] disposes case against stock broker SPFL Securities,neutral
Seven expensive stocks that are still outpacing [TGT],neutral
Seven reasons why [TGT] hit fresh all-time highs,positive
[TGT] IPO subscribed 47% on Day 2,positive
"Shapoorjee Chandabhoy to invest in [TGT], Liverpool",positive
"Shapoorjee Chandabhoy to invest in Ace Tours, [TGT]",positive
"[TGT] to invest in Ace Tours, Liverpool",neutral
[TGT] has good business model: Kunj Bansal,positive
Shares of [TGT] surge 10% on BSE,positive
Shares of Financial Technologies surge 10% on [TGT],neutral
[TGT] to shift flexo unit; stock up,positive
[TGT] outpaces rivals with contrarian capex strategy,positive
[TGT] rallies over 7% post Q4 results,positive
[TGT] seen struggling short-term; stock up 9%,positive
[TGT]s now the toast of smart investors,positive
[TGT] look good: Ashwani Gujral,positive
[TGT]: IT services show a strong momentum,positive
Special dividend for [TGT] shareholders: Anil Ambani,positive
[TGT] Q2 net rises 194 per cent,positive
[TGT] posts 54% rise in quarterly income,positive
[TGT] subsidiary bags Rs 28 cr orders;stock up,positive
"Steady demand, rain woes push up [TGT] prices",positive
Steady growth makes [TGT] a value pick,positive
Stock pick: How [TGT] is cementing its future,positive
Subdued Ifo takes M&A shine off [TGT],positive
[TGT] Q4 profit jump 67.4 per cent,positive
[TGT] implements 3G services for RCom; stock up,positive
Tanla implements 3G services for [TGT]; stock up,positive
[TGT] bags Rs 45 cr; stock up,positive
[TGT]: Biggest value creator among top IT companies,positive
[TGT] to raise Rs 750 cr;stk surges,positive
[TGT] offers opportunities for investors: Harendra Kumar,positive
[TGT] will perform now: Tata Investment Corporation,positive
Textile sector will perform now: [TGT],neutral
Tower deal is great news for [TGT]: Experts,positive
[TGT] stock up after delisting plan announced,positive
[TGT]: Weak rupee will add to companies' margins,positive
Two-wheeler: Weak [TGT] will add to companies' margins,negative
[TGT] a good portfolio stock: Deepak Mohoni,positive
[TGT] jumps on report of sale plans,positive
[TGT] Q1 profit rises 112 per cent,positive
Uptick in spot demand lifts [TGT] futures 2.22%,positive
"Uptrend in [TGT] to continue: Amit Harchekar, IIFL",positive
"Uptrend in BHEL to continue: Amit Harchekar, [TGT]",neutral
"US Federal relief lifts [TGT], dents dollar",positive
"US Federal relief lifts Asian stocks, dents [TGT]",negative
Very bullish about current [TGT] scenario: Taher Badshah,positive
Very bullish on [TGT] : Sharyans Resources,positive
Very bullish on Hindustan Unilever : [TGT],neutral
"Video: Hot [TGT] on move: IDBI, Wockhardt",positive
"Video: Hot midcap stocks on move: [TGT], Wockhardt",neutral
"Video: Hot midcap stocks on move: IDBI, [TGT]",neutral
We are overweight on [TGT]: BP Singh,positive
[TGT] soars 9% on robust Q2 earnings,positive
[TGT] rises on increased offtake by flour mills,positive
[TGT] records highest ever net profit,positive
[TGT] Q2 net up 65% at $15.3 million,positive
[TGT] has been going up steadily: Deepak Mohoni,positive
[TGT] surges 28 per cent on debut,positive
[TGT] performed better than expectation: Ambareesh Baliga,positive
"[TGT], nickel rise on sustained demand, global cues",positive
"Zinc, [TGT] rise on sustained demand, global cues",positive
4300 levels is a possibility for [TGT]: Rajat Bose,positive
5 tips on how to act in rising [TGT],neutral
[TGT] shares jump over 12% on good results,positive
[TGT] reports 10% turnover growth for June 2012 quarter,positive
"Advise to buy [TGT], Apollo Tyre: Vinay Khattar",positive
"Advise to buy Motherson Sumi, [TGT]: Vinay Khattar",positive
[TGT] $200 mln IPO fully subscribed - exchanges,positive
[TGT] hits 52-week high on strong Q2 results,positive
"[TGT], Q3 results or politics; what's making markets surge?",positive
[TGT] Q3 net profit rises to Rs 275-crore,positive
[TGT] rallies a day after announcing 7-for-1 stock split,positive
[TGT] shares top $300 a share for first time,positive
[TGT]'s freshly split shares climb on iPhone 6 hopes,positive
"As pessimism spreads, [TGT] to correct further, say traders",positive
[TGT] shares up 3% on robust November sales,positive
[TGT] hit 3-yr high on promising economic signs,positive
[TGT] rallies nearly 13% on strong Q3 show,positive
[TGT] rallies over 12% as shareholders approve delisting,positive
[TGT] rallies over 8% on strong Q2 results,positive
[TGT] shares up as RBI extends ECB borrowing window,positive
Aviation shares up as [TGT] extends ECB borrowing window,neutral
[TGT] raises $500 mn via bond issue,positive
[TGT] picks up minority stake in Dee Development,positive
"[TGT] futures hit upper circuit, climb 4 per cent",positive
[TGT] shares hit 52-week high on buyback plans,positive
Behind enemy lines: Foreign [TGT] thrive in China,positive
Behind enemy lines: Foreign hedge funds thrive in [TGT],neutral
[TGT] logs 35% increase in Q1 net profit,positive
"Bet on [TGT] for strong export play, cheap valuations",positive
[TGT]: Buyback offer positive for company and investors,positive
[TGT] hits 20% upper circuit on delisting plans,positive
BofA-ML upgrades [TGT] to 'buy'; ends up nearly 2%,positive
[TGT] upgrades Glenmark to 'buy'; ends up nearly 2%,neutral
[TGT] is a good long term investment: Deepak Mohoni,positive
BPO [TGT] Q1 revenue rises but profit halves,positive
[TGT] near 9-month top above $115 on Iraq tensions,positive
Brokerages raise [TGT]'s target price on improved exports,positive
Business model for [TGT] is extremely robust: Avinnash Gorakssakar,positive
[TGT] a significant bet among pharma stocks: Gajendra Nagpal,positive
[TGT] shares surge nearly 6% on smart earnings,positive
[TGT] valuations healthy as US generics biz takes off,positive
Calculus: [TGT] plays it right with auto loans,positive
"Can buy [TGT] : Ashwani Gujral, Market Strategist",positive
[TGT] should see a breather: David Pezarkar,positive
"[TGT]' prospects look better: Pankaj Pandey, ICICIdirect.com",positive
"Capital goods stocks' prospects look better: Pankaj Pandey, [TGT]",neutral
"[TGT] futures rise 0.56% on spot demand, tight supply",positive
"Castex clarification lifts [TGT] shares, ends 6% higher",positive
"[TGT] clarification lifts Amtek Auto shares, ends 6% higher",neutral
[TGT] futures up Rs 78 on spot demand,positive
[TGT] Q4 net up 7% to Rs 126 crore,positive
[TGT] rallies over 11% on strong Q2 results,positive
"[TGT] to build on stronger rupee, housing demand",positive
"Century Plyboards to build on stronger [TGT], housing demand",positive
[TGT] Q1 net up 81% at Rs 146.32 cr,positive
[TGT] Q1 net profit up 21%,positive
Changes in fundamentals makes [TGT] sustainable: Prakash Diwan,positive
[TGT] futures climb 3.60 percent on spot demand,positive
[TGT] rallies over 8% on share buyback plan,positive
"[TGT] initiates coverage on Motherson Sumi, expects 22% upside",positive
"CLSA initiates coverage on [TGT], expects 22% upside",neutral
[TGT]'s Q3 profit rises 16% to Rs 70.54 crore,positive
"[TGT]'s September-quarter sales may beat street estimates, raise guidance",positive
[TGT] Q3 net profit up 16% to 130.86 crore,positive
Consider [TGT] from an investment perspective: Deven Choksey,positive
Consumer discretionary stocks top gainers in [TGT] large caps,positive
[TGT] December quarter Net up 27.67 per cent,positive
[TGT] futures rise as demand picks up,positive
[TGT] shares gain after Deutsche upgrades to 'buy',positive
Cummins India shares gain after [TGT] upgrades to 'buy',neutral
"Currency-hedged ETFs outperform, pick up inflows as [TGT] gains",positive
[TGT] are the ones to bet on: Kunj Bansal,positive
Dark horse: What's making analysts bullish on [TGT]?,positive
"[TGT]. Buy on dips: Ambareesh Baliga, Way2Wealth Brokers",positive
"Deccan Chronicle. Buy on dips: Ambareesh Baliga, [TGT]",neutral
[TGT] gain as government approves 49% FDI,positive
[TGT] rally as government notifies FDI hike,positive
[TGT] Q1 Net jumps 25% to Rs 120 crore,positive
Diageo acquires [TGT] shares worth Rs 472 crore,positive
[TGT] acquires United Spirits shares worth Rs 472 crore,neutral
"[TGT] gains on uptick in USCPI, euro banking concerns",positive
"Dollar gains on uptick in [TGT], euro banking concerns",positive
"Dollar gains on uptick in USCPI, [TGT] banking concerns",negative
[TGT] stands tall on Fed show of economic confidence,positive
Easing [TGT] imports positive for jewellery companies: David Pezarkar,positive
[TGT] stimulus hope helps emerging stocks to weekly gains,positive
Effects of emerging markets positive in [TGT]: IV Subramaniam,positive
[TGT] jumps 3% on hike in FII limit,positive
Eka Software picks up 120 crore stake in [TGT],positive
[TGT] picks up 120 crore stake in MatrixGroup,neutral
Emerging currencies soar as [TGT] hints at fresh stimulus,positive
[TGT] get 'Navratna' status; stock gains over 3%,positive
[TGT] posts Rs 52.2-crore net; stock up,positive
[TGT] to reap maximum returns in coming months: Survey,positive
Equity MFs continue to bet big on [TGT],positive
[TGT] to outperform other asset classes in 2015: Experts,positive
[TGT] is a fundamentally strong company: Sudhir Nair,positive
[TGT] surges on promoters stake sale buzz,positive
[TGT] gets shareholder nod for acquiring Vadinar Power,positive
Essar Oil gets shareholder nod for acquiring [TGT],positive
"[TGT] rise, buoyed by chemical and health shares",positive
"European stocks rise, buoyed by [TGT] and health shares",positive
"European stocks rise, buoyed by chemical and [TGT]",positive
[TGT] gains 8% on buyout of Centum Learning,positive
Everonn Education gains 8% on buyout of [TGT],neutral
Exchange ratio of 2:17 positive for [TGT]: Analysts,positive
"Expect an upmove in [TGT]: Ajay Bagga, Market Expert",positive
F&OTracker: [TGT] likely to get support in 6200 zone,positive
[TGT] stock up over 4% on Zuckerberg's no-sale pledge,positive
Farm equipment push may fire up [TGT] power,positive
FCCBs weigh on [TGT] as new orders raise hopes,positive
"[TGT] raises Rs 8,000 crore via eight-year maturity bonds",positive
Fidelity buys [TGT] shares for Rs 48.9 crore,positive
[TGT] buys Jubilant FoodWorks shares for Rs 48.9 crore,neutral
FII holdings in [TGT] at multi-year high,positive
"FIIs pour in over Rs 1,000 crore in [TGT]",positive
"Firm demand, tight arrivals lift [TGT] futures by 0.85%",positive
"First time buyers, discounts offered boosts [TGT]'s performance",positive
[TGT] rises over 3 pc on acquisition move,positive
[TGT] shares up 5% as Merrill Lynch buys shares,positive
FTIL shares up 5% as [TGT] buys shares,neutral
Further FII investment in [TGT] after approval: RBI,positive
Further FII investment in Gujarat Pipavav after approval: [TGT],neutral
[TGT] bags Rs 1947 cr project; stock surges,positive
[TGT] rallies as RBI ups FII investment limit,positive
Gammon Infrastructure rallies as [TGT] ups FII investment limit,neutral
[TGT] reports 5% year-on-year growth in net profits,positive
GE India to acquire 70% stake in [TGT],positive
[TGT] to acquire 70% stake in Advanced Systek,neutral
[TGT] posts a robust 12.5% growth in Q1,positive
[TGT] shareholders' nod for raising Rs 150 cr,positive
"[TGT] has held on: Ashwani Gujral, Market Strategist",positive
[TGT] Q3 net up 16.45 to Rs 109.55 cr,positive
[TGT] touches decade high of $64 trillion,positive
[TGT]'s safe-haven gains from Greece fizzle on robust dollar,positive
Gold's safe-haven gains from Greece fizzle on robust [TGT],positive
[TGT] Q2 Net up 25.84% at Rs 25.22 crore,positive
[TGT] surges over 13% as CLSA raises target price,positive
[TGT] can touch Rs 306: Ashwani Gujral,positive
Hardening [TGT] would trigger more monetary stimulus: Mario Draghi,neutral
"Have a buy on  [TGT]: Devang Visaria, devangvisaria.com",positive
[TGT] expected to report a robust 25-27% growth,positive
[TGT] beats Street with 22% jump in Q2 profit,positive
"[TGT], ICICI will continue the good run: Sudip Bandyopadhyay",positive
"HDFC, [TGT] will continue the good run: Sudip Bandyopadhyay",positive
Healthy product pipeline to help [TGT] boost sales,positive
[TGT] earns big notional gain in MCX gold futures,positive
Hedger earns big notional gain in [TGT] futures,neutral
[TGT] hits fresh 52-week high on August sales,positive
[TGT] shares rally as Q2 net soars 23%,positive
[TGT] climbs 6% after Glencore's production cut announcement,positive
Hindustan Zinc climbs 6% after [TGT]'s production cut announcement,negative
"[TGT] Q4 net up 48 pc at 1,122.66 crore",positive
[TGT] Q2 net rose 16% to Rs 15.57 crore,positive
[TGT] Q3 Net doubles to Rs 467.73 crore,positive
[TGT]'s Q3 profit rises 10% at Rs 500 crore,positive
[TGT] Q4 net income up 7.5% at $33.1 million,positive
[TGT] rallies on rumours of out-of-court settlement with PNGRB,positive
IGL rallies on rumours of out-of-court settlement with [TGT],neutral
[TGT] Q3 net rises 45% to Rs 6.76 crore,positive
[TGT] shares see Rs 53-crore bulk deals,positive
[TGT] surges 17% from IPO price in market debut,positive
[TGT] IPO sees robust demand; subscribed 43 times,positive
[TGT] leads CNX IT rally ahead of Q1FY15 results,positive
[TGT] could see some bounce back: Sangeeta Purushottam,positive
Interest is returning to the [TGT]: Deepak Mohoni,positive
Investor confidence to be back with [TGT]: Gaurang Shah,positive
Investors will be overweight on [TGT] in long term',positive
Its time to take [TGT] funds into account,positive
[TGT] to consider raising $200 million; stock up,positive
Japan's zero interest rate pushes [TGT] to new high,positive
[TGT] Q1 net profit soars 60 per cent,positive
[TGT] futures surge 1.38 per cent on strong demand,positive
"Jim Rogers buys [TGT], says bailouts will destroy currency",positive
[TGT] to enter mobile phone biz; stock up,positive
[TGT] quarterly profit soars to Rs 214 crore,positive
[TGT] rallies on launch of new search app,positive
[TGT] soars 18% on bagging Rs 139 crore order,positive
[TGT] surges to 5-year high on order win,positive
[TGT]: Ongoing correction gives a good entry point,positive
[TGT] surges as Motilal Oswal sees 50% upside,positive
Kitex Garments surges as [TGT] sees 50% upside,neutral
[TGT] in talk to supply nuclear equipments; stock up,positive
[TGT] looks reasonably priced as of now: Prashastha Seth,positive
[TGT] Q4 net soars 90.5 per cent,positive
"[TGT] futures up on firm spot demand, global cues",positive
[TGT] profit up 37 percent in Q2,positive
[TGT] stake in Axis Bank crosses 10 per cent,positive
LIC stake in [TGT] crosses 10 per cent,neutral
[TGT] increases stake in BHEL to 9%,positive
Life Insurance Corporation increases stake in [TGT] to 9%,neutral
[TGT] H1 earnings see boost from FTSE-Russell,positive
Lower fuel subsidy lifts [TGT] Q3 profit 23 pc,positive
"[TGT] is a buy: Seshadri Bharathan, KSEMA Fincon Ltd",positive
"M&M is a buy: Seshadri Bharathan, [TGT]",neutral
[TGT]: Farm equipment division may be a growth driver,positive
[TGT] to up milk prices by Rs 3,positive
"[TGT] Q3 profit rises 12%, matches estimates",positive
[TGT] Q2 net up 27% to Rs 150.72 crore,positive
[TGT] premium jumps to more than 9-month high,positive
[TGT] at 3-week high despite muted Asia: Top bets,positive
[TGT] gets Sebi nod for Rs 360-crore IPO,positive
MEP Infrastructure gets [TGT] nod for Rs 360-crore IPO,neutral
[TGT] has potential to touch Rs 180: Ventura,positive
Mercator Lines has potential to touch Rs 180: [TGT],neutral
[TGT] rallies on oil discovery in second Cambay well,positive
Merrill Lynch buys 2.35 lakh shares in [TGT],positive
[TGT] buys 2.35 lakh shares in Financial Technologies,neutral
Miners boost Britain's [TGT] on bullishness over China's economy,positive
"Miners help [TGT] bounce, but weak results cap gains",positive
[TGT] surges after company sees turnaround in Q2 earnings,positive
"[TGT] zooms 21% on bonus issue, stock split plans",positive
"Money talks, IPO reform walks as [TGT] rally",positive
"[TGT] can get wonderful returns, says Mehraboon Irani",positive
[TGT] IPO subscribed 65 pc on Day 1,positive
Multibaggers: [TGT] that can rally 80-150% in long term,positive
Multiple triggers drive up [TGT] 10% in 3 days,positive
[TGT] is a value buy: Networth Stock Broking,positive
Nagarjuna Construction is a value buy: [TGT],neutral
[TGT] IPO opens today; here's what experts say,positive
[TGT] surges as FSSAI-approved lab finds Maggi safe,positive
[TGT] Q3 net up 9.22% at Rs 311.29 crore,positive
"[TGT] over-subscribed on day 1, subscription ends",positive
[TGT] Q2 net soars 11.92% to Rs 690.18 cr,positive
[TGT] might head towards levels of 8180-8200: Mitesh Thacker,positive
[TGT] strikes 7 year high as dollar bashes yen,positive
[TGT] surges as Amitabh Bachchan buys 0.51% stake,positive
[TGT] posts 34 per cent rise in fourth quarter,positive
No Moody's high! [TGT] ends day 177 points up,positive
No stock limits on commodities in regulated warehouses: [TGT],neutral
[TGT] bags coal mine in auction; stock surges,positive
"[TGT] at three-month high on Iraq anxiety, stocks steady",positive
[TGT] October-quarter net up 4% at Rs 902.96 crore,positive
One can expect [TGT] to go high: Sudip Bandyopadhyay,positive
[TGT] prices rise 66% as traders overstocked for profits,positive
[TGT] shares rally over 35% on heavy volumes,positive
[TGT] is a buy on dips: Deepak Mohoni,positive
[TGT] zooms 8 pc on stake sale buzz,positive
"[TGT] a strong stock: Ashwani Gujral, Market Strategist",positive
[TGT] shares end 3% higher on Allergen deal,positive
Pfizer Ltd shares end 3% higher on [TGT] deal,neutral
[TGT] profit jumps two-fold to Rs 136 cr,positive
[TGT] net up 8 pc on lower forex losses,positive
"[TGT] futures extend gains, climb 3% on strong demand",positive
[TGT] futures gain 1.64 per cent on spot demand,positive
[TGT] bags Rs 57 cr contract; stock up,positive
[TGT] Q1 net up 22% at Rs 23crore,positive
Premium valuations of [TGT] should sustain: Mayuresh Joshi,positive
Prices of [TGT] move up on global cues,positive
Project pipeline to power long-term growth of [TGT],positive
[TGT] Q2 jumps over four-fold to Rs 41 crore,positive
[TGT] stocks jump 5-12 per cent on FDI buzz,positive
[TGT] hits new high on asset buy buzz,positive
[TGT] may sell stake to PE funds; stock gains,positive
[TGT] seeing phenomenal rerating; positive on stock: Harendra Kumar,positive
[TGT] Q4 net up 30% to Rs 152.47 crore,positive
[TGT] nears 2-year high on strong fund inflow hopes,positive
Recent developments are positive for [TGT] stock: Gajendra Nagpal,positive
[TGT] helps keep Britain's FTSE afloat after solid update,positive
Reckitt helps keep Britain's [TGT] afloat after solid update,positive
"Refining, petrochem boost to help [TGT] maintain profitability",positive
[TGT] up 4pc on deal with CBS,positive
Rel Broadcast Network up 4pc on deal with [TGT],neutral
[TGT] gains; RBI allows FIIs to buy shares,positive
Repco Home gains; [TGT] allows FIIs to buy shares,neutral
[TGT] scales two-month high after Jokowi wins presidential election,positive
[TGT] edges up before central bank rate decision,positive
"Safe-haven bids keep [TGT] above $1,300; physical demand eyed",positive
[TGT] in talks to acquire mines abroad; stock up,positive
[TGT] Q1 Net up 16.44% at Rs 51.7 crore,positive
[TGT] climbs 6% on Reliance Capital stake buy,positive
Saregama India climbs 6% on [TGT] stake buy,neutral
[TGT] Q2 profit rises 48pc at Rs 127 crore,positive
[TGT] to operate GAILs nine LNG ships; stock rallies,positive
SCI to operate [TGT]s nine LNG ships; stock rallies,neutral
"Sector watch: [TGT] outlook improves, prices rise in north",positive
See 50-60% upside potential in [TGT]: Daljeet Singh Kohli,positive
"Sentiment back in [TGT] again: Ambareesh Baliga, Edelweiss",positive
"Sentiment back in retail market again: Ambareesh Baliga, [TGT]",neutral
[TGT] has good headroom for growth: Prakash Diwan,positive
[TGT] shares zoom 12% after net profit increases,positive
[TGT] close at highest in nearly two months,positive
Shares flirt with record highs on [TGT] easing bets,positive
Sharp upmove in [TGT] expected above Rs 1065: IIFL,positive
[TGT] Q2 net jumps to Rs 16 crore,positive
"Short term upside likely: Sandeep J Shah, [TGT]",neutral
[TGT] quarterly net profit jumps to Rs 424 cr,positive
Slightly bullish on [TGT] at this point: Ambareesh Baliga,positive
Small investors may get bigger share in [TGT] floats,positive
[TGT] that can give good returns in near term,positive
[TGT] hits upper circuit for second straight day,positive
Solid volumes may help [TGT] stock maintain momentum,positive
[TGT] among top picks for 2016: Pankaj Pandey,positive
[TGT] is a fundamentally strong company: Sudhir Nair,positive
[TGT] surges to near five-year high on earnings outlook,positive
"[TGT] soars 7% after placing Rs 23,000-crore Boeing order",positive
Spot demand lifts [TGT] futures amid firming domestic trend,positive
[TGT] stays close to six-year-highs after robust UK data,positive
[TGT]: Electricity biz likely to pack a power punch,positive
[TGT] looks more expensive than M&M Financial: Mehraboon Irani,positive
STFC looks more expensive than [TGT]: Mehraboon Irani,neutral
Still some strength left in [TGT]: Ashuu Kakkarr,positive
Stronger [TGT] enable UK's FTSE to erase losses,positive
Stronger banking stocks enable UK's [TGT] to erase losses,positive
Suffolk raises stake in [TGT] to 5.3%,positive
[TGT] raises stake in Patni Computer Services to 5.3%,neutral
Sustained growth makes [TGT] a good long-term bet,positive
[TGT] shares zoom nearly 16% post robust earnings,positive
[TGT] expects emerging economies to push sales; stock jumps,positive
"[TGT] shares rise on Rs 10,000-cr debt payment report",positive
[TGT] rises after SNB keeps rates on hold,positive
Swiss franc rises after [TGT] keeps rates on hold,neutral
[TGT] Q3 net up 35% at Rs 36.51 crore,positive
Syria stir may take [TGT] futures to record high,positive
[TGT] rise tracking overseas markets; gains broad based,positive
[TGT] Q3 net soars 2-fold,positive
[TGT] should fare better in 2015-16: Mehraboon Irani,positive
[TGT] are still the best bet for investors,positive
[TGT] continues to remain most favoured pick: Sudip Bandyopadhyay,positive
[TGT] surge as brokerages turn bullish post spectrum auction,positive
[TGT] gain after government relaxes FDI cap rules,positive
Thomas Cook buys 61.44 lakh shares of [TGT],positive
[TGT] buys 61.44 lakh shares of Sterling Holiday,neutral
"Thriving in crisis: [TGT] may glitter at Rs 20,000",positive
Trust [TGT] this Samvat! Wealth creating opportunities available now,positive
[TGT] shares spike as 4Q results fly above expectations,positive
[TGT] reports four-fold rise in Q2 net profit,positive
[TGT] Q2 Net up 19% to Rs 77.74 crore,positive
[TGT] Q3 profit jumps 47.22% to Rs 53 crore,positive
[TGT] shares rally nearly 9% post good Q2 show,positive
[TGT] shares jump nearly 6% post strong earnings,positive
[TGT] posts profit on one-time adjustment in licence fee,positive
"[TGT]: Input costs, TN show key to profitability",positive
"Upbeat earnings lift [TGT], China still a drag",positive
US stocks: [TGT] hits record; focus shifts to payrolls,positive
"USFDA glare, high valuations trigger correction in [TGT]",positive
[TGT] rallies on strategic tie-up with Teva,positive
Venus Remedies Ltd rallies on strategic tie-up with [TGT],neutral
[TGT] rallies on getting marketing approval in Switzerland,positive
[TGT] rallies over 9% on stake sale reports,positive
[TGT] shares spike post stellar Q2 earnings show,positive
[TGT] raises Rs 160 crore in fresh funding,positive
"[TGT] bounces back, still off for the week",positive
[TGT] shares at 52-week high on smart Q1 earnings,positive
[TGT] Q2 profit up 9.7 per cent; lags forecast,positive
"[TGT] Q4 PAT at Rs 2,227 crore, beats estimates",positive
[TGT] rallies on winning 10-year outsourcing engagement with ATCO,positive
Wipro rallies on winning 10-year outsourcing engagement with [TGT],neutral
Won leads [TGT] rebounds after US jobs data,positive
[TGT] reports yet another quarter of stellar performance,positive
[TGT] gains but China warns it won't fix economy,positive
[TGT] strengthens for sixth day despite flat midpoint fix,positive
[TGT] Q4 Net jumps 41.3% to Rs 55.25 crore,positive
"[TGT] futures rise 0.29% on global cues, spot demand",positive
160-165 level to watch out for in [TGT]: Deepak Mohoni,positive
5 Pharma stocks that propelled [TGT] to lifetime high,positive
650-660 levels likely for [TGT] in near term: Rajat Bose,positive
7000 plus levels on [TGT] possible going ahead: Mitesh Thacker,positive
[TGT]'s October-December net profit rises 9.74% to Rs 276 crore,positive
[TGT] surge on strong volume in pre-budget rally,positive
[TGT] take off on cut in jet fuel prices,positive
[TGT] shares surge 8.5 per cent on robust earnings,positive
[TGT] Q4 profit up 15% to Rs 257.6 crore,positive
Allowing foreign investment in [TGT] helped economy :Eswar Prasad,positive
"Analysts stay bullish on [TGT] post results, raise target price",positive
"Another 100-150 correction on [TGT] is possible: Ashwani Gujral, Ashwanigujral.com",positive
Any declines on [TGT] a buying opportunity: Rajat Bose,positive
[TGT] set to gain from revival in power sector,positive
[TGT] Q2 net up 49pc at Rs 12 crore,positive
[TGT] Q1 net rises 37.36% to Rs 227.94 crore,positive
[TGT]'s best day in 3 years on Citi double upgrade,positive
ArcelorMittal's best day in 3 years on [TGT] double upgrade,neutral
[TGT] Q1 net profit increases twofold to Rs 67.62 crore,positive
[TGT] strikes big with dream run in smaller cities,positive
[TGT] Q1 Net up 8% at Rs 40.45 crore,positive
Augmenting product portfolio to help [TGT] gain market share,positive
[TGT] can be bought for long term: Ashwani Gujral,positive
[TGT] Q3 numbers may surprise market on upside: Sharekhan,positive
"[TGT] set for a strong start, tracking Wall Street",positive
[TGT] to raise Rs 29 cr via rights issue,positive
[TGT] Q1 net rises 9.4% to Rs 9.31 crore,positive
[TGT] Q3 net profit sweeter by 40 per cent,positive
"[TGT] recovering, pull back in the market: Ashwani Gujral",positive
"[TGT] gains 8% on robust Q1 results, expansion plans",positive
[TGT] Q1 net up 17% at Rs 57.46 crore,positive
Best performing stocks of 2015: [TGT] shone through pharma headwinds,positive
[TGT]'s shares soar more than 40% on Shell deal,positive
[TGT] reports 100 per cent growth on PAT,positive
[TGT] Q3 Net jumps two-fold to Rs 196.34 crore,positive
[TGT]'s Q3 net soars 98% to Rs 94 crore,positive
[TGT] turnover jumps 56% at Rs 244 crore in FY13,positive
"[TGT] settles 3 pc higher, Binani Ind hit upper-limit",positive
"Binani Cement settles 3 pc higher, [TGT] hit upper-limit",positive
[TGT] funds draw record $102.8 billion in new money,positive
BNP Paribas to buy Belgian government stake in [TGT] unit,positive
BNP Paribas to buy [TGT] stake in Fortis unit,neutral
[TGT] to buy Belgian government stake in Fortis unit,neutral
"BofA-ML sees 20% upside potential in [TGT], upgrades to buy",positive
"[TGT] sees 20% upside potential in Infosys, upgrades to buy",neutral
[TGT] recovers above $85 after biggest fall in three years,positive
[TGT] that can rally 20% in short term,positive
[TGT] reports operating profit of Rs 672 crore for FY15,positive
BT/ST [TGT] with a target of Rs 2560: Mitesh Thacker,positive
"Bullish on [TGT]: Aviral Gupta, Fund Manager, Indian Equities",positive
"Bullish on Reliance Communications: Aviral Gupta, Fund Manager, [TGT]",neutral
"Bullish on [TGT] in the IT sector: Pankaj Pandey, ICICIdirect.com",positive
"Bullish on TCS in the IT sector: Pankaj Pandey, [TGT]",neutral
"Cabinet approves IPO of [TGT], to sell 10% stake",positive
[TGT] gains; Credit Suisse cites price hike in key drug,positive
Cadila gains; [TGT] cites price hike in key drug,positive
[TGT] surges 11% on US based DuPont takeover talks,positive
Camlin Fine surges 11% on US based [TGT] takeover talks,neutral
[TGT] Q3 Net up 87.3% at Rs 11.22 crore,positive
[TGT] rises up to 4.1% after CLSA buys stake,positive
CARE Ratings rises up to 4.1% after [TGT] buys stake,neutral
[TGT] spurts 5% on MoU with Japan-based credit rating company,positive
[TGT] Q3 net profit surges three-fold to Rs 67 crore,positive
Chemical company [TGT] Q1 net profit up by 36%,positive
[TGT] futures up by 0.31 per cent on rising demand,positive
"[TGT], after wild ride, reverse course and close higher",positive
[TGT] rises despite daily midpoint fix at 3-month low,positive
[TGT] hit fresh 7-year high despite rush of IPOs,positive
"[TGT] networth crosses Rs 1,000 cr in FY-11",positive
[TGT] likely to head towards 11750-11800 levels: Mitesh Thacker,positive
"[TGT], buy on dips: Deven Choksey, KR Choksey Securities",positive
"Coal India, buy on dips: Deven Choksey, [TGT]",neutral
Companies to see ratings upgrade in next 8-12 months: [TGT]'s,neutral
Consider [TGT] for short and medium term: Deepak Mohoni,positive
[TGT] futures rise 0.67 per cent on pick-up in demand,positive
[TGT] Q2 net jumps 10-fold to Rs 160 crore,positive
[TGT] Q3 net rises 16% to Rs 147 crore,positive
[TGT] can go up to 136-144 levels: Mitesh Thacker,positive
"[TGT] come full circle, ride high on earnings upgrades",positive
[TGT] Q3 profit jumps 33.75% to Rs 94.46 crore,positive
[TGT] shares bounce back as lender revises expansion plan,positive
[TGT] Q4 net marginally up at Rs 82.80 crore,positive
"Deal with Adidas will benefit [TGT]: Phani Shekhar, Angel Broking",positive
"Deal with [TGT] will benefit Lovable: Phani Shekhar, Angel Broking",neutral
"Deal with Adidas will benefit Lovable: Phani Shekhar, [TGT]",neutral
[TGT] sells Kenyan foray for $23 mn; stock up,positive
"Demand recovery on anvil, to drive capital expenditure takeoff, [TGT]",positive
[TGT] surges 5% as board approves raising of funds,positive
[TGT] surges to upper limit on Kotak takeover report,positive
Dhanlaxmi Bank surges to upper limit on [TGT] takeover report,neutral
[TGT] is a very good stock: Networth Stock Broking,positive
Dish TV is a very good stock: [TGT],neutral
[TGT] shares soar over 13% on robust Q1 results,positive
Dozen of [TGT] hit 52-week highs on improving outlook,positive
Early Diwali on Dalal Street? [TGT] rallies over 400 points,positive
ECB stimulus flows may help [TGT] to build forex reserves,neutral
[TGT] shares surge as subsidiary gets FIPB nod,positive
[TGT] is a good bet in broking stocks: Nitin Raheja,positive
[TGT] extends gain; stock up 10% on debt restructuring plans,positive
Egypt unrest may fuel rally in [TGT] & gas stocks,positive
Egypt unrest may fuel rally in oil & [TGT] stocks,positive
Emkay maintains 'buy' on [TGT] post service tax order,positive
[TGT] maintains 'buy' on IRB Infrastructure post service tax order,neutral
"EPFO subscribes to [TGT]s entire Rs 2,000 crore bond issue",positive
"[TGT] subscribes to SBIs entire Rs 2,000 crore bond issue",neutral
[TGT] is planning to delist its Indian subsidiary? Stock surges,positive
Even a minor price hike can power up [TGT],positive
[TGT]' focus on profitability makes it an attractive stock,positive
[TGT] is a good long term investment stock: Deepak Mohoni,positive
"Exit poll effect: [TGT] scales past 7,150; Sensex scales 24,000",positive
"Exit poll effect: Nifty scales past 7,150; [TGT] scales 24,000",positive
[TGT] rallies over 7% on Rs 900 crore revival plan,positive
Fag-end buying in select bluechips lifts [TGT] by 53 points,positive
[TGT] jumps over 12% after multiple block deals on BSE,positive
FDC jumps over 12% after multiple block deals on [TGT],neutral
FDI row: Leading [TGT] make gains despite govt move,positive
[TGT] spurts over 12% as Rakesh Jhunjhunwala buys stake,positive
Fitch upgrades [TGT] outlook to stable after two years,positive
[TGT] upgrades Tata Steel outlook to stable after two years,neutral
[TGT]' promoters increase stake as row with Bajajs ends,positive
Force Motors' promoters increase stake as row with [TGT] ends,neutral
[TGT] soars 4% post 65% jump in Q2 profits,positive
"[TGT], others surge on BSE revision of circuit limits",positive
"Force Motors, others surge on [TGT] revision of circuit limits",neutral
[TGT] by non-financial companies to hit a high',positive
Forex gains drive [TGT] Q1 net up 49 per cent,positive
"[TGT], Petronet to buy in oil marketing stocks: Pankaj Pandey",positive
"GAIL, [TGT] to buy in oil marketing stocks: Pankaj Pandey",positive
"[TGT]'s prospects look very good: Ashit Suri, JV Capital Services",positive
"GAIL's prospects look very good: Ashit Suri, [TGT]",neutral
[TGT] approves Rs 200 cr rights issue; stock up,positive
[TGT] Q4 net profit zooms 73% to Rs 334.14 crore,positive
[TGT] Q1 net up 8.3 per cent at $50.6 million,positive
[TGT] Q3 net up 20.89% at Rs 96.41 crore,positive
[TGT] PAT seen up 16% at Rs 171 cr,positive
[TGT] shares up as govt approves FDI in airport unit,positive
[TGT] rises from eight-month low on Syria to physical purchases,positive
[TGT] Q4 profit grows 71% to Rs 27.60 crore,positive
Government's decision on FDI positive for [TGT]: Ajay Bodke,positive
[TGT] Q1 net profit moves up to 31.76 cr,positive
[TGT] Q4 PAT up 12% at Rs 38.5 crore,positive
[TGT] value may double to $100 billion in 2015,positive
[TGT] now the most expensive cooking oil in India,positive
[TGT] open offer begins today; stock hits 52-week high,positive
[TGT] prices rise in futures trade propelled by strong markets,positive
"[TGT] is a good buy: Parag Thakkar, HDFC Securities",positive
"Gujarat Pipavav is a good buy: Parag Thakkar, [TGT]",neutral
[TGT] Q1 PAT up 23% at Rs 87 crore,positive
[TGT] Q4 net up 5% at Rs 69.04 crore,positive
[TGT] likely to report 10% growth in Q3 net profit,positive
[TGT] bags one more coal mine in auction; stk gains,positive
[TGT] Q2 profit rises by 31% to Rs 103.27 crore,positive
[TGT] shares zoom over 19% on pact with German firm,positive
Hold [TGT] and other IT stocks:  G Chokkalingam,neutral
Hold HCL Tech and other [TGT]:  G Chokkalingam,neutral
Hopes of government spending post elections fire up [TGT],positive
Hot stock: Espirito Santo sees 85% upside in [TGT],positive
Hot stock: [TGT] sees 85% upside in SKS Microfinance,neutral
[TGT] rallies 7% as Jhunjhunwala buys 15 lakh shares,positive
HT Media rallies 7% as [TGT] buys 15 lakh shares,neutral
[TGT] set to surge as parent announces voluntary open offer,positive
"[TGT] is a buy: Rohit Shinde, Nimbus Wealth Management",positive
"IDBI Bank is a buy: Rohit Shinde, [TGT]",neutral
"[TGT] Q4 net profit beats estimates, jumps 90 per cent",positive
IFC doubles global [TGT] plan on strong investor demand,positive
[TGT] doubles global rupee bond plan on strong investor demand,neutral
IFC increases exposure limit in [TGT] by $50 million,positive
[TGT] increases exposure limit in rupee bonds by $50 million,neutral
[TGT] Q3 loss narrows to Rs 12.37 crore,positive
[TGT] up 13% on Piramal stake buy reports,positive
Ind Swift Laboratories up 13% on [TGT] stake buy reports,neutral
[TGT] Q3 zooms manifold to Rs 97.38 crore,positive
Intraday trades indicate [TGT] likely to bounce back: Mitesh Thacker,positive
"Investors lap up [TGT] again, issue subscribed three times",positive
Iran deal fires [TGT] 388 points: How it benefits India,positive
[TGT] subsidiary ties-up for Rs 831 cr debt;stk up,positive
[TGT] to benefit in the short term: Mitesh Thacker,positive
[TGT] Q1 profit jumps 16.89% to Rs 57.76 cr,positive
[TGT] Q2 net up 10% at Rs 55.50 cr,positive
[TGT] rallies as Q1 net profit jumps over three-fold,positive
[TGT] Q2 profit rises by 22 pc,positive
"[TGT] hit 15 year high, BOJ stays the course",positive
"Japan shares hit 15 year high, [TGT] stays the course",neutral
[TGT] Q4 net grows 7-fold to Rs 96 crore,positive
[TGT] merger with Jaiprakash Associates gets NSE nod,positive
Jaypee Sports International merger with [TGT] gets NSE nod,positive
Jaypee Sports International merger with Jaiprakash Associates gets [TGT] nod,neutral
"[TGT], Reliance Group stocks in focus ahead of UP results",positive
"Jaypee, [TGT] in focus ahead of UP results",positive
[TGT] futures rise 1.70 per cent on pick-up in demand,positive
[TGT] stocks rally about 14% as gold prices fall sharply,positive
[TGT] Q2 net up 54% at Rs 492 crore,positive
[TGT] to be included in Nifty Midcap 50 index,positive
JSW Energy to be included in [TGT] 50 index,neutral
[TGT] jumps as board approves hike in FII limit,positive
[TGT] Q3 net up 19.95% at Rs 26.45 crore,positive
[TGT] Q3 profit up 17.79% to Rs 29.39 cr,positive
[TGT] Q3 net loss narrows at Rs 88 crore,positive
[TGT] at year-high on report of Wilbur Ross investment plan,positive
"[TGT] can be bought: Ashwani Gujral, Market Strategist",positive
Laxmi Shivanand Mankekar buys 6.50 lakh shares of [TGT],positive
[TGT] logs 20 pc rise in June quarter Net,positive
"[TGT] buys 4.66% stake in BHEL for Rs 1,889 crore",positive
"LIC buys 4.66% stake in [TGT] for Rs 1,889 crore",positive
"Like [TGT], despite capex plan overhang: Pankaj Pandey, ICICIdirect.com",positive
"Like Tata Motors, despite capex plan overhang: Pankaj Pandey, [TGT]",neutral
Local cos eye [TGT] listing to gain from India craze,positive
Looking at 15% growth for [TGT] in FY15: Ajay Bodke,positive
M&A buzz drawing interest to the [TGT]: Deven Choksey,positive
[TGT] Q2 net profit rises 8% at Rs 758.49 cr,positive
Macros stealing Modi thunder on D-Street? [TGT] hits life high,positive
"[TGT] Q2 net surges 42% to Rs 1,225 crore",positive
[TGT] rallies 20% in 3 days ahead of buyback proposal,positive
[TGT] Q1 Net up 36% at Rs 26.21 cr,positive
[TGT] posts 53% rise in Q3 rise net profit,positive
Measures by Narendra Modi government that helped [TGT] scale 8300,positive
"[TGT] a safe bet: Avinash Gorakshekar, Anagram Capital Ltd",positive
[TGT] futures up 0.55 per cent on strong demand,positive
[TGT]' foray into coal business to boost future earnings,positive
[TGT] shares gain 60% in a month on restructuring talks,positive
[TGT] Q1 net up 14 pc at Rs 14 cr,positive
"[TGT] makes stellar debut, opens 14 pc higher on BSE",positive
"MFSL makes stellar debut, opens 14 pc higher on [TGT]",neutral
[TGT] would be the outperformers despite steep valuations: Analysts,positive
[TGT] likely to outperform market in coming weeks: Ashwani Gujral,positive
[TGT] Q4 Net up 24.5 percent at Rs 98.2 crore,positive
[TGT]'s Q4 net up 14 pc at Rs 78.9 cr,positive
"Momentum in [TGT] looks upbeat: Anand Tandon, CEO, JRG Securities",positive
"Momentum in markets looks upbeat: Anand Tandon, CEO, [TGT]",neutral
Money finally flowing in to [TGT]: Dipan Mehta,positive
[TGT] Q1 net up 16% at Rs 56.24 crore,positive
"[TGT], Edelweiss good bets in brokerage stocks: Avinnash Gorakssakar",positive
"Motilal Oswal, [TGT] good bets in brokerage stocks: Avinnash Gorakssakar",positive
"[TGT] continues rally post bright Q2 nos, change of directorate",positive
"[TGT] raises Rs 3,768.97 crore through bonds this fiscal: Government",positive
[TGT] Q3 net up 40% at Rs 228.46 cr,positive
[TGT] Q2 net rises 15% to Rs 6 crore,positive
[TGT] Q2 net profit jumps manifold to Rs 179 crore,positive
[TGT] edges to record high to open busy earnings week,positive
[TGT] net profit up by 57 per cent in Q3,positive
"Near-term pain, but outlook positive for [TGT]: Anand Tandon",positive
[TGT] Q4 up 19.53 pc to Rs 31.82 cr,positive
[TGT] shares surge nearly 3% as September quarter net jumps,positive
"[TGT] jumps nearly 5 per cent, copper hits 2-month top",positive
"Nickel jumps nearly 5 per cent, [TGT] hits 2-month top",positive
[TGT] hits lifetime high of 7809.20; top 20 trading ideas,positive
[TGT] likely to touch 7750 on the upside: Mitesh Thacker,positive
"[TGT] rises on Federal Reserve view, industrial data, GPIF news",positive
"[TGT] Q1 Net up nearly 6% at Rs 1,906 crore",positive
"[TGT] Q2 net up 81 pc at Rs 1,518 crore",positive
"Now, [TGT] is worth its weight in gold and more",positive
[TGT]'s Q3 Net soars 90% at Rs 23.38 cr,positive
[TGT] Q3 net up 15 pc to Rs 289.43 cr,positive
[TGT] rates surge to highest in nearly 3-months after CPI,positive
"[TGT]s may cut petrol, diesel price in November; stocks gain",positive
"On day of Bajrangi Bhaijaan release, [TGT] shares rally",positive
[TGT] Q1 Net soars 48 pc to Rs 14.06 cr,positive
"Opportunities abundant in pharma space: Kunj Bansal, [TGT]",neutral
Optimistic on the acquisitions made by [TGT]: Mayuresh Joshi,positive
[TGT] net profit at Rs 138 crore in Q1,positive
"Overall strength in the market is visible: Hemang Jani, [TGT]",neutral
"Overseas bonds a better tool to salvage rupee, says [TGT]",neutral
"Pace of corporate earnings growth strengthens, supports bullish [TGT] sentiment",positive
[TGT] raises Rs 270 cr through QIP to fund projects,positive
[TGT] remains a good long-term bet despite short-term headwinds,positive
Pick of the week: [TGT] a good long-term bet,positive
Pick-up in India demand to pump up [TGT] profits,positive
"[TGT] extends gains to 5th day, palladium near 3-year top",positive
"Platinum extends gains to 5th day, [TGT] near 3-year top",positive
[TGT] hits 2-month high as strikers block South African mines,positive
[TGT] investment rises to Rs 1.84 lakh crore in October,positive
[TGT] extends gains into third day on better housing data,positive
"Prices of [TGT], kharif crops expected to rise 14%",positive
"Prices of agricultural commodities, [TGT] expected to rise 14%",positive
[TGT] rallies over 5% on acquisition reports of DAX,positive
Prime Focus rallies over 5% on acquisition reports of [TGT],neutral
"Promoters have full faith, [TGT] says, warding off rumours",positive
[TGT] Q3 net up 7.31% at Rs 9.68 cr,positive
[TGT]'s holding in Mahindra goes up to 11.4 pc,positive
Prudential Management's holding in [TGT] goes up to 11.4 pc,neutral
Pullback in [TGT] has come to an end: Mitesh Thacker,neutral
"Quality stocks will lead the rally: Vijai Mantri, [TGT]",neutral
[TGT] gather momentum as Suresh Prabhu tables Railway Budget,positive
[TGT] posts a better-than-expected net profit; stock up 4.5%,positive
[TGT] posts 25% growth in FY14 turnover,positive
"Rate-sensitive stocks could do well post elections: Jyotivardhan Jaipuria, [TGT]",neutral
Rate-sensitives trade cautiously ahead of RBI meet; [TGT] surges,positive
Reforms push will hold good for the [TGT]: Dhiraj Sachdev,neutral
Revival of the hydropower sector to bode well for [TGT],positive
Right time to build long positions on [TGT]: Ashwani Gujral,positive
[TGT] Q3 Net up 33.35% at Rs 36.54 crore,positive
"[TGT] recovers by 21 paise, trades at 61.28 against dollar",positive
"Rupee recovers by 21 paise, trades at 61.28 against [TGT]",neutral
[TGT]'s profit soars 44.5% to Rs 33.09 cr,positive
[TGT] Q4 profit marginally up 1.35% at Rs 452.58 crore,positive
[TGT] surges over 15% on acquiring stake in ThreeSixty Logica,positive
Saksoft surges over 15% on acquiring stake in [TGT],neutral
Sebi revokes capital market ban on [TGT] and its founder,positive
Sector-wide consolidation and improving fundamentals will boost [TGT]'s valuation,positive
"See a [TGT] upmove, but not overly long: Sandeep Wagle",neutral
[TGT] can correct max by 5-10%; uptrend remains intact: Analysts,positive
[TGT] makes fresh life high; top 15 stocks in focus,positive
[TGT] debuts at over 3 pc premium on BSE,positive
[TGT] trims early gains; stock ends over 2% up,positive
[TGT] Q4 Net jumps 91.4% to Rs 3.67 crore,positive
[TGT] rallies as Q1 net profit jumps 55%,positive
[TGT] may raise upto Rs 350-cr through QIP route,positive
"Shrinking discounts, volume growth to keep [TGT] on track",positive
"[TGT] posts higher Q2 net, to focus on CASA funds",positive
[TGT] moves up in futures trade on higher global trend,positive
"[TGT], gold jump on festival season demand, Asian market cues",positive
"Silver, [TGT] jump on festival season demand, Asian market cues",positive
[TGT] Q1 net profit up at Rs 2.67 crore,positive
[TGT] Q4 net up 23% to Rs 197.78 crore,positive
Softer [TGT] prices boost expectations of an earnings growth recovery,positive
[TGT] shares hit 3-month high after Q1 profit beats estimates,positive
[TGT] rise; Indonesia rebounds ahead of rate decision,positive
[TGT] up 9.8% on HC nod for debt waiver,positive
Spot demand lifts [TGT] prices by 0.69% at futures trade,positive
[TGT] shares zoom 14% on BNP Paribas stake buying,positive
Srei Infra shares zoom 14% on [TGT] stake buying,neutral
[TGT] shares rise over 5% on fund-raising buzz,positive
[TGT] Q1 profit after tax doubles to Rs 44 crore,positive
State-run iron ore miner [TGT] now in Nifty 50 index,positive
"[TGT] output up 15%, cane arrears cross Rs 12k crore",positive
[TGT] Q1 Net jumps 22.3% to Rs 115.99 crore,positive
[TGT] Q3 net up 38.67% at Rs 75.83 crore,positive
"Surge in [TGT] doesn't bewilder me: Ambareesh Baliga, Market Expert",positive
[TGT] share price surges as company announces 330% dividend,positive
[TGT] Q4 net up over 26% at Rs 32.73 crore,positive
[TGT] Q3 net up at 12.91 crore,positive
[TGT] net profit up 115.8% at Rs 69.99 crore,positive
[TGT] rates spurt as investors link price to term repo,positive
[TGT] may turn positive after 580 levels: Mitesh Thacker,positive
[TGT] surges over 8 per cent on strong Q2 results,positive
"Thin [TGT] rally may run longer, draw new cash",positive
[TGT] close up 2.11%; rides on upbeat China data,positive
[TGT] Q3 shoots over 3-fold to Rs 50.9 crore,positive
[TGT] Q2 up 84% at Rs 24.31 crore,positive
"[TGT] could give a decent upside: Hemang Jani, Sharekhan",positive
"Unity Infra could give a decent upside: Hemang Jani, [TGT]",neutral
"Upside expected in the [TGT], post-budget : KR Choksey Securities",positive
"Upside expected in the market, post-budget : [TGT]",neutral
Uptick in demand lifts [TGT] futures by 1.44 per cent,positive
[TGT] climbs by Rs 500 per quintal on tight supply,positive
US stocks: Strong data stops the bleeding on [TGT],positive
USFDA reports no observations in [TGT] plant; stock surges,positive
[TGT] gains 18 per cent on coal block wins,positive
[TGT] Q4 profit up 81% at Rs 57.58 crore,positive
[TGT] IPO over subscribed 3.87 times on final day,positive
[TGT] get UK approval for cancer drug; stock up,positive
"View on [TGT] remains bullish: Shardul Kulkarni, Angel Broking",positive
"View on Reliance Industries remains bullish: Shardul Kulkarni, [TGT]",neutral
[TGT] Q1 Net up 16.52% at Rs 26.8 crore,positive
Watch out for [TGT] in the IT space: Dipan Mehta,positive
Wealthy investors lap up [TGT]'s Rs 10k cr bond issue,positive
"[TGT] futures up 0.80 per cent on export, spot demand",positive
When [TGT] turned bullish on bringing back trust to markets!,positive
[TGT] Q1 net profit jumps 26% at Rs 64.55 crore,positive
Why you should buy [TGT] at lows despite weak earnings,positive
[TGT] surges 12% as HP drug controller revokes drug suspension,positive
World's biggest airport operator [TGT] jumps 20.7% in market debut,positive
[TGT] Q3 up 44.48 per cent to Rs 308.61 crore,positive
"[TGT] futures up 0.55 pc on overseas cues, spot demand",positive
100 days of Vishal Sikka: [TGT] up at 16.12 per cent,positive
155 stocks hit 52-week high as [TGT] set new lifetime peaks,positive
"22,214 is new closing high for [TGT]: Top bets from experts",positive
[TGT] net profit surges 60% to Rs 2.76 crore,positive
[TGT] Q1 Net up 68 pc at Rs 18.93 crore,positive
"[TGT] spike as Cabinet okays Rs 50,000-cr Krishi Sinchai Yojana",positive
[TGT] Q4 net profit up 20% at Rs 84.31 crore,positive
[TGT] Q2 net profit up by over 20 per cent,positive
"[TGT], CMC gain as Sadananda Gowda presents Rail Budget 2014",positive
"Alstom India, [TGT] gain as Sadananda Gowda presents Rail Budget 2014",positive
[TGT] Q1 net up 8% to Rs 106 crore,positive
"Attractive opportunities in [TGT]:  Arindam Ghosh, Blackridge Capital Advisors",positive
"Attractive opportunities in midcap space:  Arindam Ghosh, [TGT]",neutral
[TGT] is heading to levels closer to 1595: Prakash Gaba,positive
[TGT] Q1 PAT seen 2.4% up at Rs 735 crore,positive
[TGT] available with decent valuation of about 15-16 times: Hemang Jani,positive
[TGT] Q4 Net up 26.34 pc at Rs 55.34 crore,positive
[TGT] hits 52-week high on tower deal with Reliance Jio,positive
Bharti Infratel hits 52-week high on tower deal with [TGT],neutral
[TGT] rallies on strong order book; rises 10% in two days,positive
"[TGT] surges 14% as asset sale fetches Rs 3,000 crore",positive
[TGT] looks good over medium to long term: Ashit Suri,positive
"[TGT] signs $61 mn deal with United Drug, stock up 16%",positive
"Bilcare signs $61 mn deal with [TGT], stock up 16%",neutral
"[TGT]: Low costs, rise in other income help post better profit",positive
BofA Merrill Lynch bullish on [TGT] as oil price steadies,positive
[TGT] bullish on energy sector as oil price steadies,neutral
Brokers say 'buy' even as [TGT] slips post Q1 results,positive
"Bulls on the rampage, tailwinds take [TGT], pharma to fresh highs",positive
"Bulls on the rampage, tailwinds take FMCG, [TGT] to fresh highs",positive
Buy [TGT] with a target of Rs 950: Mitesh Thacker,positive
Buy [TGT] with a target of Rs 834: Sandeep Wagle,positive
BUY' [TGT] with a target of Rs 365 :Ashwani Gujral,positive
Buying opportunities may emerge in [TGT]: Macquarie,positive
Buying opportunities may emerge in Asian oil and gas space: [TGT],neutral
Calculus: New management's focus on earnings bodes well for [TGT],positive
Can expect [TGT] to scale up further : Rajat Bose,positive
"[TGT] is a great company: Avinash Gorakshekar, Anagram Capital Ltd",positive
"Career Point is a great company: Avinash Gorakshekar, [TGT]",neutral
[TGT] has good scope for appreciation in long-term: Amisha Vora,positive
[TGT] raises Rs 500 crore through bond offer,positive
CERC order a new lease of life for [TGT]: CLSA,positive
"CERC order likely to boost [TGT] credit quality, says Moodys",positive
"[TGT] order likely to boost Tata Powers credit quality, says Moodys",neutral
"CERC order likely to boost Tata Powers credit quality, says [TGT]",neutral
Charting Technicals: Investors can expect a multi-year bull run in [TGT],positive
Choppiness to reduce after [TGT] goes past 8700 levels: Mitesh Thacker,positive
[TGT] gains 2% on strong response to share sale,positive
[TGT] Q4 Net rises 1% to Rs 83.34 crore,positive
[TGT] FY13 net jumps 52 pc jump to Rs 230 crore,positive
[TGT]'s fourth-quarter profit rises 45.8 per cent to Rs 89.43 crore,positive
"[TGT] in for some good times: Deepak Shenoy, Capital Mind",positive
"Coffee stocks in for some good times: Deepak Shenoy, [TGT]",neutral
[TGT] Q1 revenue rises 20% to $2.42 billion; signals bullish outlook,positive
[TGT] turnover to cross Rs 112 lakh crore in 2010-11 fiscal,positive
[TGT] Q1 net up 4 folds to Rs 18.42 crore,positive
[TGT] Q1 net up 13.33 per cent at Rs 210.81 cr,positive
Dalal Street flummoxed as [TGT] shares defy gravity,positive
[TGT] up over 2%; hits record high on land sale,positive
"[TGT] look more attractive in the short term, say experts",positive
"Demand pick-up, stable prices help [TGT] post Rs 42 crore net",positive
[TGT] a unique player in MSME segment: Avinnash Gorakssakar,positive
[TGT] Q3 net profit up 82% at Rs 21.27 crore,positive
[TGT] Q3 net up 45.07 pc to Rs 98.42 cr,positive
"[TGT] sits tight near six-month high ahead of Fed meeting, data",positive
[TGT] could be very good long term investments: Deepak Mohoni,positive
[TGT] Q1 net jumps over three fold to Rs 114 crore,positive
[TGT] a good bet in falling interest rate scenario,positive
[TGT] Q4 profit up 35 per cent at Rs 36.44 crore,positive
[TGT] shares surge over 6% as board to mull interim dividend,positive
[TGT] Dec qtr net up 2.34% to Rs 15.73 cr,positive
[TGT] Q4 net up 2.73 pc to Rs 17.27 cr,positive
[TGT] PAT up 46.65 per cent to Rs 2.56 crore,positive
[TGT] Q4 net up 32.54 pc to Rs 165.57 cr,positive
European operations puts [TGT] overseas order book on fast track,positive
[TGT] net profit up near 49% at Rs 67.63 crore,positive
Extremely positive on [TGT]; stock may see rerating:  Mayuresh Joshi,positive
[TGT] Q1 net profit rises 30% to Rs 190.35 crore,positive
[TGT] rallies over 8% on signing technology contract with MCX,positive
Financial Technologies rallies over 8% on signing technology contract with [TGT],neutral
FIPB allows [TGT] hike FII limit to 74%; stock rallies,positive
[TGT] may appreciate between 40-80% in next nine months: Mehraboon Irani,positive
French company [TGT] picks up 25% stake in Jayant Agro's arm,positive
[TGT] raises Rs 500 cr via private placement of NCDs,positive
[TGT] jump on report RasGas may modify SPA with Petronet,positive
Gas stocks jump on report [TGT] may modify SPA with Petronet,neutral
Gas stocks jump on report RasGas may modify SPA with [TGT],neutral
"[TGT] extends winning streak, up 14% in 5 sessions; more upside?",positive
[TGT] Q1 profit almost doubles to Rs 16.48 crore,positive
[TGT] 2010 net profit up 10.37 pc to Rs 560.57 cr,positive
"Government bond market doesnt need fixing, says Raghuram Rajan, governor, [TGT]",neutral
Greek crisis: Tech analysts predict a rebound; [TGT] could bounce 3-4%,positive
"Green shoots of economic recovery visible; [TGT] seen at 8,000 levels",positive
"[TGT] raises Rs 3,000cr through bond markets to meet capex need",positive
"Have a buy rating on [TGT]: Pankaj Pandey, ICICI Direct",positive
"Have a buy rating on HCL Tech: Pankaj Pandey, [TGT]",neutral
[TGT] Q2 Net up 1 per cent to Rs 113 crore,positive
[TGT] rallies 5% on completion of first tunnel for Kishanganga project,positive
[TGT]: Shares up after report it will split in two,positive
"[TGT]'s Q2 revenue rises 5.6%, helped by growth in Europe, US",positive
Hike in [TGT] and diesel to reduce subsidy bill: UR Bhat,positive
Hike in LPG and [TGT] to reduce subsidy bill: UR Bhat,positive
"[TGT] eyes better margin, Rs 273-cr net profit in FY'14",positive
"[TGT] on path of revival; EIH, Indian Hotels top bets",positive
"Hotel industry on path of revival; [TGT], Indian Hotels top bets",positive
"Hotel industry on path of revival; EIH, [TGT] top bets",positive
[TGT] stocks rise above 5 per cent,positive
[TGT] gain as much as 9.3% on RBI move,positive
[TGT] Q3 net profit up nearly 7-fold at Rs 211.03 cr,positive
[TGT] gains over 1% after board approves 1:5 stock split,positive
[TGT] raises $300mn via overseas bond sale at 5.06% coupon,positive
[TGT] sees potential of 30-40% upside in 6-9 months: Devang Mehta,positive
[TGT] raises Rs 300 crore more from global rupee bond sale,positive
[TGT] Q1 net rises 7.5 per cent to Rs 102 crore,positive
[TGT] plans to export fertilizers due to drop in domestic demand,positive
[TGT] surges on reports SC declines PNGRB permit to hold enquiry,positive
[TGT]: More room to grow as occupancy shows signs of improvement,positive
[TGT]'s Q4 net up over 28 pc at Rs 24.48 cr,positive
[TGT] Q4 net up 21% at Rs 367.59 crore,positive
"[TGT] top bet in textile sector: Vinay Khattar, Edelweiss Financial",positive
"Indo Count top bet in textile sector: Vinay Khattar, [TGT]",neutral
"Indonesia's richest get $9 billion hit on commodity, currency doldrums: [TGT]",neutral
"[TGT] consolidated Q2 net profit at Rs 3,398 crore, above estimates",positive
[TGT] PAT rises 12% to Rs 69.4 crore in October-December,positive
[TGT]: Investors should use the correction to buy the stock,positive
[TGT] a good buy from a long-term perspective: Sudip Bandyopadhyay,positive
[TGT] rally up to 7% as government clears Insurance Bill,positive
[TGT] could rise 30 per cent over next two years: Report,positive
[TGT] raises $100 million in maiden onshore Maharaja Bonds,positive
Investors can use intraday dips to buy into [TGT]: Mitesh Thacker,positive
[TGT] rallies over 8% on assets sale plan to pare debt,positive
"[TGT] a good buy at current levels: Pankaj Pandey, ICICIdirect.com",positive
"J&K Bank a good buy at current levels: Pankaj Pandey, [TGT]",neutral
"[TGT] flies nearly 20% post Etihad deal, hits 52-week high",positive
"Jet Airways flies nearly 20% post [TGT] deal, hits 52-week high",neutral
Jewellery major [TGT] clocks 64.2% jump in PAT in FY12,positive
[TGT] is a very very unique project of the country',positive
[TGT] surges as Delhi HC stops auction of two coal blocks,positive
[TGT] Q4 net profit up 29.88% at Rs 793.63 crore,positive
[TGT] looks interesting over a two-three year timeframe: IDBI Capital,positive
Jyothy Labs looks interesting over a two-three year timeframe: [TGT],neutral
[TGT] promoters plan to hike stake to avoid take over,positive
[TGT] rallies over 8% as Q1 net profit jumps 19.77%,positive
[TGT] Q2 profit surges 57% to Rs 142 crore,positive
[TGT] Q3 net up marginally to Rs 113.88 Cr,positive
[TGT] promoters infuse Rs 200 cr to raise stake to 49%,positive
[TGT] Q1 profit jumps 35% to Rs 52.89 crore,positive
[TGT] surges nearly 60% in four sessions on robust results,positive
KKR buys 9% in IPO-bound [TGT] for Rs 217 cr,positive
[TGT] buys 9% in IPO-bound Avantha Power for Rs 217 cr,neutral
Kolkata IT expert Bikram Dasgupta appointed [TGT] advisor to Bangladesh,neutral
[TGT] rallies as lenders approve higher cost for 4 projects,positive
"Large move is on way for [TGT]: CK Narayan, Sharyans Resources",positive
"Large move is on way for RIL: CK Narayan, [TGT]",neutral
[TGT] Q3 profit up 38% at Rs 326.59 crore,positive
"Local investors should buy equities; [TGT], auto favourable spaces: Deven Choksey",positive
"Local investors should buy equities; infra, [TGT] favourable spaces: Deven Choksey",positive
"Look at [TGT] from 12-15 months perspective: Pankaj Pandey, ICICIdirect.com",positive
"Look at PSU banks from 12-15 months perspective: Pankaj Pandey, [TGT]",neutral
[TGT] to raise up to Rs 100 crore via securities,positive
[TGT] sees 8% to 10% upside in this quarter: Apurva Shah,positive
Media report on DVR led [TGT] to surge: Jagdish Malkani,positive
Media report on [TGT] led Tata Motors to surge: Jagdish Malkani,neutral
"Midcaps important part of our portfolio: Kunj Bansal, [TGT]",neutral
[TGT] Q4 net up 87 pc at Rs 9.7 cr,positive
[TGT] surges nearly 13% on likely stake sale by promoters,positive
Moody's gives fifth reason for [TGT] to cheer; record highs seen,positive
[TGT]'s gives fifth reason for markets to cheer; record highs seen,neutral
[TGT] well placed for a next probable upmove: Aditya Birla Money,positive
MTNL well placed for a next probable upmove: [TGT],neutral
"[TGT] create history in August, invest more money than FIIs",positive
[TGT]' exposure to IT stocks hit 5-month high in July,positive
[TGT] shares jump 15% on Dilip Shanghvi stake buy reports,positive
"[TGT] space looks attractive, but valuations are fairly stretched: Anand Tandon",positive
[TGT] recovers after slipping 5%; Global CEO says Maggi safe,positive
"Next 3 years will be transformational for [TGT], says Mukesh Ambani",positive
[TGT] share sale subscribed 1.55 times; govt gets Rs 101 cr,positive
"[TGT] to go beyond 6800, may even reach 7000: Ambareesh Baliga",positive
[TGT] bounces back to profits; revenue rises to Rs 225.3 crore,positive
"[TGT] hits 5-mth high on Federal  policy hopes, China PMI",positive
"[TGT] hits 7-yr high, hopes of BOJ buying stocks offsets Moody's",positive
"Nikkei hits 7-yr high, hopes of [TGT] buying stocks offsets Moody's",neutral
"Nikkei hits 7-yr high, hopes of BOJ buying stocks offsets [TGT]",neutral
"[TGT] rises as MSCI review supports sentiment, eyes on BOJ meeting",positive
"Nikkei rises as [TGT] review supports sentiment, eyes on BOJ meeting",neutral
"Nikkei rises as MSCI review supports sentiment, eyes on [TGT] meeting",neutral
"Nomura Holdings Inc: [TGT] to touch 30,310 points by August 2015",positive
[TGT] Q4 net profit up 22.30% at Rs 34 crore,positive
[TGT] Q4 net up 19 pc to Rs 10.45 cr,positive
[TGT]'s Q1 net profit up 4% at Rs 11.65 crore,positive
[TGT]'s 45% rebound could be testing nerves of markets and policymakers,positive
[TGT] Q4 net profit up 68% at Rs 111.05 crore,positive
"[TGT] unveils latest AED in US, Canada; stock rallies 9%",positive
"[TGT] FY'11 net profit up 43.60% to Rs 1,111 crore",positive
"Outlook not bleak for [TGT] going ahead: Prakash Diwan, Altamount Capital",positive
"Outlook not bleak for Infosys going ahead: Prakash Diwan, [TGT]",neutral
"[TGT] to publish better Q1 nos, soaring demand brightens outlook",positive
[TGT] rallies over 6% on acquisition plans; scales above Rs 2000,positive
Polishing image: Fixing of supply chain issues may rerate [TGT],positive
"[TGT] Q3 profit jumps 37% at Rs 1,534.31 crore",positive
"[TGT] FPO fairly priced: Sajiv Dhawan, JV Capital Services",positive
"Power Finance Corporation FPO fairly priced: Sajiv Dhawan, [TGT]",neutral
"[TGT] raises Rs 2,100 crore by selling privately-placed bonds",positive
[TGT] surge as government plans to boost LNG imports,positive
[TGT] order booking is picking up substantially:  Sandip Sabharwal,positive
"[TGT] Q2 sales bookings up 29% at Rs 1,486 crore",positive
"[TGT] up 18% in 2 days, can gain 15% more",positive
"[TGT] surges 5% as it bags Rs 1,418 crore order",positive
"Q1 numbers, crude oulook, midcap rally lifting [TGT]: Harendra Kumar",positive
[TGT] Q4 net profit up 81% at Rs 17.4 crore,positive
"[TGT] surges on pact with Australian firm, up 100% YTD",positive
[TGT] surges 5 per cent on forming JV with CBS Corp,positive
RBS surges 5 per cent on forming JV with [TGT],neutral
"[TGT] a good stock in the telecom space: Deepak Mohoni, trendwatchindia.com",positive
"RComm a good stock in the telecom space: Deepak Mohoni, [TGT]",neutral
"[TGT] gets shareholders nod to raise up to Rs 42,000 crore",positive
Reiterate 'Buy' on [TGT] for target of Rs 3250: Prabhudas Lilladher,positive
Reiterate 'Buy' on Infosys for target of Rs 3250: [TGT],neutral
"[TGT] raises Rs 6,100 crore via QIP to reduce debt",positive
Relief over China growth pushes [TGT] to 1-week high versus yen,positive
[TGT] could be a multibagger in the making: Prakash Diwan,positive
[TGT] FY'12 net profit up nearly 68% at Rs 473.44 crore,positive
[TGT] shares gain almost 12 per cent on smart earnings,positive
[TGT] raises 15.15 billion rupees via 7-yr bonds: Sources,positive
[TGT] shares could gain as much as 50 per cent: Barron's,positive
Samsung shares could gain as much as 50 per cent: [TGT],neutral
[TGT] stock likely to be re-rated on company's improving fundamentals,positive
[TGT] posts 78% growth in net profit at Rs 212.27-cr,positive
SAT upholds Sebi order on 9 entities in [TGT] case,negative
[TGT] upholds Sebi order on 9 entities in Rich Universe case,neutral
SAT upholds [TGT] order on 9 entities in Rich Universe case,neutral
[TGT] Q1 net up 11.83 per cent at Rs 187.52 crore,positive
"[TGT] makes new record high at 22,853; top 20 trading ideas",positive
"[TGT] soars about 400 points; makes fresh life high of 25,416",positive
[TGT] Q2 increases 48.02 per cent to Rs 4.13 crore,positive
[TGT] see biggest one-day gain in more than five years,positive
[TGT] picks top investment ideas as market fall makes valuations reasonable,neutral
Sharp movement in Yen has been positive for [TGT]: Prashastha Seth,positive
[TGT] January-March net profit up 26% to Rs 274 crore,positive
"[TGT] near 1-month high after easing, GDP; Asia FX up",positive
"Singapore dollar near 1-month high after easing, GDP; [TGT] up",positive
[TGT] records 28 per cent rise in net profit in October-December,positive
[TGT] Q1 PAT up 40 pc at Rs 61 cr,positive
"[TGT] scrip snaps losing streak, ends 3% up after rate reduction",positive
[TGT] give better returns to investors so far this year,positive
"[TGT] heading to 200, JP stuck at 90: Ashwani Gujral",positive
"Sobha Developers heading to 200, [TGT] stuck at 90: Ashwani Gujral",neutral
[TGT] Q1 PAT seen up 48% at Rs 46 cr,positive
[TGT]: A realty counter that may give over 45% returns,positive
[TGT] Q2 net up at Rs 12.62 crore,positive
"Sovereign [TGT] scheme more likely to succeed, says Nomura report",positive
[TGT] rise to 10-month high after record crush in US mills,positive
[TGT] Q2 profit jumps 60.87 per cent to Rs 76.85 crore,positive
"Stage set for [TGT] to see bounceback, top stock picks",positive
[TGT]'s Balaji exit sparks excitement in entertainment space: Deven Choksey,neutral
Star Network's [TGT] exit sparks excitement in entertainment space: Deven Choksey,neutral
[TGT] rallies over 1% on fund raising plans,positive
[TGT] heads towards first week of gains in 8 against dollar,positive
[TGT] Q4 profit jumps 4-fold; to hive off power biz,positive
Stimulus efforts to lift [TGT] assets  ETFs to a record,positive
[TGT] Q4 net up 12 pc at Rs 105 crore,positive
[TGT] Q1 net profit up 22% at Rs 12 crore,positive
[TGT] Q1 net up 16.68% at Rs 34.74 cr,positive
[TGT] up slightly on caution ahead of key orders data,positive
[TGT] top bet from auto componenet space: P Phani Sekhar,positive
[TGT] Q1 net jumps over two-fold to Rs 175.50 crore,positive
[TGT] net profit rises 58% to Rs 18.49 crore in Q4,positive
"[TGT]'s Q1 FY13 PAT at Rs 40.7 crore, up 24%",positive
There is still lot of interest in [TGT]: Anil Manghnani,positive
"These are good times to buy: Vijai Mantri, [TGT]",neutral
Time for [TGT] to hit a new high: Ashwani Gujral,positive
"Top-6 blue-chips add Rs 38,362 cr in m-cap; [TGT] biggest gainer",positive
Traders bullish on [TGT] even as inventories may show rise,positive
[TGT] to raise up to Rs 250 cr through shares sale,positive
[TGT] narrows down net loss to Rs 156.36 crore in Q3,positive
Turnaround in biz fortunes helps [TGT] post a profit in Q3,positive
[TGT] Q2 net jumps over two-fold at Rs 54.78 crore,positive
[TGT] stocks surge upto 20% on Diageo stake buy talks,positive
UB group stocks surge upto 20% on [TGT] stake buy talks,neutral
"[TGT] hits 52-week high on Nifty inclusion, Lupin up 2%",positive
"UltraTech Cement hits 52-week high on Nifty inclusion, [TGT] up 2%",positive
"UltraTech Cement hits 52-week high on [TGT] inclusion, Lupin up 2%",neutral
Uptrend in [TGT] likely to continue; buy on declines: Ashwani Gujral,positive
"[TGT] looks good given the deficient monsoon: Pankaj Pandey, ICICIdirect.com",positive
"Urban theme looks good given the deficient monsoon: Pankaj Pandey, [TGT]",neutral
"[TGT], Petronet among top 45 stocks that hit their 52-week highs",positive
"Vakrangee, [TGT] among top 45 stocks that hit their 52-week highs",positive
Valuation gap with larger peer makes [TGT] an attractive option,positive
[TGT] FY11 profit up 17.45 pc at Rs 14.74 crore,positive
[TGT] Q2 net up 4.5 pc to Rs 11.5 cr,positive
[TGT] Q1 net up 26.15 per cent at Rs 9.02 crore,positive
[TGT] stocks rise 4% over better than expected third quarter earnings,positive
[TGT]'s e-tail success helps KDDL tick at a faster rate,positive
Watch arm's e-tail success helps [TGT] tick at a faster rate,positive
[TGT] Q4 net profit jumps 83% to Rs 98.66 crore,positive
[TGT] share auction fetches Rs 750 cr for Azim Premji Trust,positive
Wipro share auction fetches Rs 750 cr for [TGT],neutral
"Would prefer [TGT] in NBFC space: Pankaj Pandey, ICICI Direct",positive
"Would prefer India Infoline in NBFC space: Pankaj Pandey, [TGT]",neutral
[TGT] Q1 net profit up 16% at Rs 243 crore,positive
100 days of Narendra Modi government: [TGT] rallies nearly 9%; top bets,positive
[TGT]yield at over 2-week high as RBI says to cut HTM,positive
10-year yield at over 2-week high as [TGT] says to cut HTM,neutral
40-50% earnings growth expected for [TGT] in FY11: Anagram Capital,positive
40-50% earnings growth expected for Amara Raja Batteries in FY11: [TGT],neutral
715-720 is a comfortable level to buy [TGT]: Sandeep Wagle,positive
[TGT] posts 25 per cent jump in net profit in Q3,positive
[TGT] Q1 net up 13 per cent at Rs 641 crore,positive
[TGT] Q1 net up 58.51 per cent at Rs 55.18 crore,positive
[TGT] Q3 net up 7 per cent at Rs 70.66 crore,positive
"[TGT] rallies over 5%, hits 52-week high on stake sale reports",positive
[TGT] rallies over 13% as IFC invest $100 mn in subsidiary,positive
Ballarpur Industries rallies over 13% as [TGT] invest $100 mn in subsidiary,neutral
Beaten-down brokers revive business as [TGT] rally on new government optimism,positive
"[TGT] Q2 net up 33 pc to Rs 1,142 cr; shares up",positive
Biggest [TGT] rally in years not over over as deficit looms: Poll,positive
"[TGT] ups stake in MCX,buys 14.2 lakh shares for Rs 81 cr",positive
"Blackstone ups stake in [TGT],buys 14.2 lakh shares for Rs 81 cr",neutral
[TGT] surges 14% from day's low even as Q2 PAT sinks 89%,positive
[TGT] is the best bet among the oil marketing stocks: Gaurang Shah,positive
[TGT] stock may continue to return well despite expensive valuations: Rahul Shah,positive
[TGT] soars in debut after China's biggest IPO since 2010,positive
Brokerages see over 70% upside on [TGT] stock in a year,positive
Buy [TGT] with a target of Rs 245: Prakash Gaba,positive
[TGT] posts 40% jump in net profit to Rs 391 crore,positive
[TGT] Q3 net profit up 4.54% to Rs 89.09 crore,positive
[TGT] set to report strong income in next few quarters,positive
"[TGT] rallies over 12%, hits 52-week high on land parcel deal",positive
[TGT] surges 18% as pharma cos in race to buy injectible biz,positive
"Clean chit to Halol plant, strategic buys key for [TGT]'s future",positive
[TGT]'s wind energy arm raises Rs 600 crore via green bonds,positive
"CLSA sees over 15% upside in [TGT], upgrades stock to 'outperform'",positive
[TGT] is a good mid-cap IT stock for the portfolio: Deepak Mohoni,positive
"Continue to be positive on [TGT], part of portfolio: Pankaj Pandey, ICICIdirect.com",positive
"Continue to be positive on Titan, part of portfolio: Pankaj Pandey, [TGT]",neutral
[TGT] Q4 net up 98% at Rs 14.39 crore,positive
[TGT] Holidaybreak and other acquisitions begin to pay off,positive
[TGT] Q3 net grows over ten-fold at Rs 31 crore,positive
[TGT] Q3 net up 19.39 pc to Rs 23.02 cr,positive
[TGT]'s net profit up 18% at Rs 70.92 cr in December quarter,positive
CV cycle recovery will lead to re-rating for [TGT]: Parag Thakkar,positive
Dark horse: Analysts pick [TGT] as top bet in infra space,positive
[TGT] Q4 net profit jumps over 3-fold to Rs 91.44 crore,positive
[TGT] Q2 net profit up 35.29 pc to Rs 32 crore,positive
Diageo buys [TGT] shares worth Rs 866 crore; ups stake to 29%,positive
[TGT] buys USL shares worth Rs 866 crore; ups stake to 29%,neutral
[TGT] prices set to outpace gold as luxury spending in Asia rises,positive
Diamond prices set to outpace [TGT] as luxury spending in Asia rises,neutral
"Diesel decontrol, crude price fall likely to give major boost to [TGT]",positive
[TGT] surges 6% on clarification for receipt of USFDA warning letter,positive
[TGT] surges on reports to launch CMBS issue in next two months,positive
"[TGT] near 4-month high as data lifts sentiment, euro wary of ECB",positive
Economy revival in sight; here's why you should invest in [TGT],positive
[TGT] lines-up Rs 700 cr capex over next two years,positive
Expect [TGT] stocks to hold up with upcoming product launches: Pramod Gubbi,positive
Expect [TGT] to see revival in volume growth in FY17: Amit Khurana,positive
Experts bet big on [TGT]; top 10 counters for your portfolio,positive
Exposure to the Middle East market helped [TGT] perform well: Dipen Shah,positive
[TGT] Q1 net profit up 94 pc at Rs 76.06 cr,positive
First pharma IPO in 5 years: [TGT] debut offer subscribed 32 times,positive
[TGT] Q4 profit zooms 57 per cent to Rs 972 crore,positive
[TGT] Q2 net profit up by 55% at Rs 168.65 cr,positive
[TGT] Q1 Net up 16.57 per cent at Rs 17.68 crore,positive
[TGT] reach highest premium to Bunds since 1997 as ECB QE starts,positive
[TGT] Q1 net profit up 3.29 per cent at Rs 190 crore,positive
Go for bigger names like [TGT] in public sector banks: IV Subramaniam,positive
[TGT] imports set to rise as RBI eases curbs ahead of Budget,positive
[TGT]: The S&P 500 will hit another all-time high before year-end,neutral
Government's proposed rule regarding ABS will boost [TGT]: Prakash Diwan,positive
[TGT] nurses itself back to health on better utilisation of plants,positive
"[TGT] raises Rs 3,000 crore through bond markets to meet capex need",positive
"Have high expectations from the [TGT]: Rajesh Jain, Market Strategist",positive
[TGT] surges over 4% after denial of $10-billion stake sale report,positive
"Heard on the Street: [TGT] MFs star picks, and discussion on GIFT",positive
[TGT] Q3 profit more than doubles to Rs 54.1 crore,positive
HNI's interest in markets leads to rise in [TGT]: David Pezarkar,positive
[TGT]'s interest in markets leads to rise in midcap stocks: David Pezarkar,neutral
[TGT] Q2 net profit moves up 52 pc to Rs 13.93 cr,positive
[TGT] overseas arm picks up 5 per cent stake in Dealstreetasia,positive
[TGT] jumps 20% on Moody's open offer;M-cap swells by Rs 318 crore,positive
ICRA jumps 20% on [TGT]'s open offer;M-cap swells by Rs 318 crore,neutral
ICRA jumps 20% on Moody's open offer;[TGT] swells by Rs 318 crore,neutral
IEA sees much higher demand for [TGT] for rest of 2014,positive
"[TGT] raises Rs 1,000 crore from first rupee bond sale at 7.75%",positive
"[TGT] sells Masala Re Bonds; raises Rs 1,000 cr for Axis Bank",positive
"IFC sells Masala Re Bonds; raises Rs 1,000 cr for [TGT]",neutral
[TGT]: Fast-growing financial services company is a good long-term pick,positive
"India's position better than other emergings markets: Arindam Ghosh, [TGT]",neutral
[TGT] Q4 net up 29 per cent to Rs 70 crore,positive
[TGT] raises stake in Fame India to 68.35% for Rs 89 cr,positive
Inox raises stake in [TGT] to 68.35% for Rs 89 cr,neutral
Insider case: SAT rejects [TGT] plea against Sebi; stock ends in green,positive
[TGT] plans JV with foreign suitor to push growth,positive
[TGT] Q1 net up 67 per cent at Rs 71.77 crore,positive
"[TGT] seeks Sebi's nod to raise upto Rs 1,000 cr via bonds",positive
"IREDA seeks [TGT]'s nod to raise upto Rs 1,000 cr via bonds",neutral
IT major [TGT] outshines again; beats expectations with 4.1% Q1 sales growth,positive
[TGT] performing well due to better quarterly results: P Phani Sekhar,positive
[TGT] has good triggers over the next one year: Pankaj Pandey,positive
"[TGT] is best pick in aviation sector: Rajesh Jain, Market Strategist",positive
[TGT] looking strong on the back of good earnings: Avinnash Gorakssakar,positive
[TGT] is a decent buy closer to 60-62 levels: Ambareesh Baliga,positive
"[TGT] to set up shop in UK, UAE; stock rallies",positive
[TGT] Q3 profit soars 63.1 per cent at Rs 27.4 crore,positive
[TGT] seeks shareholder permission to allow lenders convert debt into equity,positive
[TGT] Q3 profit up 18.63 per cent at Rs 15.79 cr,positive
[TGT] Q2 Net rises 10 per cent at Rs 341 crore,positive
[TGT] raises Rs 810 cr by issuing preference shares to LIC,positive
[TGT] Housing raises Rs 810 cr by issuing preference shares to LIC,neutral
"Lower levels on [TGT] to be good buying opportunities: Mitesh Thacker, miteshthacker.com",positive
[TGT] Q4 net jumps more than seven-fold at Rs 9.69 crore,positive
[TGT] likely to remain volatile; top five trading strategies for Budget week,neutral
[TGT] gains 34% in past week; to reap dividends on demerger plans,positive
"MFs dominate among 20 buyers of Rs 1,000 crore [TGT] shares",positive
[TGT] net profit up at Rs 9.71 cr in March quarter,positive
Money is flowing to early cyclical plays like [TGT]: Prashasta Seth,positive
[TGT] Q2 net profit surges 94.66 per cent to Rs 332.62 crore,positive
"[TGT] now a Schedule A company, to be entitled to more benefits",positive
"Nakoda: Increasing [TGT] prices, sustained demand result in encouraging Q1 results",positive
[TGT] is a 'BUY' with a target of Rs 54: Prakash Gaba,positive
[TGT]'s revamp of PSX exchange to put focus back on order size,positive
"New biz model, big clients turn it around for [TGT]",positive
[TGT] bond issue sees spectacular response; subscribed 3 times on day 1,positive
[TGT] to head towards 7680 if doesn't break below 7540: Mitesh Thacker,positive
[TGT] to head towards 8200-8250 in next 4-5 trading sessions: Mitesh Thacker,positive
NPA factor: [TGT] surges 6% despite Q3 net profit declining by 42%,positive
[TGT] rallies 15% as SC frees up stuck projects in Mumbai,positive
"OIJIF ups stake in [TGT], buys more shares from Jaypee Capital Services",positive
"[TGT] ups stake in NCDEX, buys more shares from Jaypee Capital Services",neutral
"OIJIF ups stake in NCDEX, buys more shares from [TGT]",neutral
[TGT] jumps 3 per cent to $63 as energy firms slash investments,positive
[TGT] pullback on hopes of no fuel price cut in near term,positive
"Once above Rs 268, [TGT] can touch Rs 280: Sandeep Wagle",positive
"[TGT] long term pattern is positive: Sandeep Wagle, APTART Technical Advisory Services",positive
"ONGCs long term pattern is positive: Sandeep Wagle, [TGT]",neutral
[TGT] price plan may be the first step towards $70 oil floor,positive
[TGT] Q1 Net up 18.50 per cent at Rs 82.47 crore,positive
Piramal to acquire 10% stake in [TGT] for Rs 790 cr,positive
[TGT] to acquire 10% stake in Shriram City for Rs 790 cr,neutral
"[TGT] is gaining more favours among young Indian customers, say retailers",positive
"Positive momentum to stay intact; [TGT] to test 8,865 levels: Mitesh Thacker",positive
[TGT] net jumps 21 pc to Rs Rs 591 cr in Oct-Dec,positive
"Prefer [TGT] among textile stocks; see improvement revenue growth, margins: Girish Pai",positive
"[TGT] poised to outdo PSU peers: Mayuresh Joshi, Angel Broking",positive
"Private sector banks poised to outdo [TGT] peers: Mayuresh Joshi, Angel Broking",negative
"Private sector banks poised to outdo PSU peers: Mayuresh Joshi, [TGT]",neutral
[TGT] Q4 net up 71% at Rs 79 crore; interim dividend 50%,positive
Q2 nos to lead the market rally; [TGT] and banks boost sentiments,positive
Q2 nos to lead the market rally; Infosys and [TGT] boost sentiments,positive
[TGT] hits 52-week high as Rakesh Jhunjhunwala picks 6.85 lakh shares,positive
"[TGT] posts 16% jump in quarterly net profit, revenue grows 11.6%",positive
[TGT] rally as much as 13% ahead of Rail Budget 2014,positive
[TGT] rallies over 8% on USFDA nod for Diovan's generic version,positive
[TGT] is above 20 and 50 day exponential moving averages: Rohit Shinde,positive
[TGT] has moved forward over last 5-7 years: Rajiv Anand,positive
Rebound in global [TGT] prices perk up investor interest in support companies,positive
[TGT] crosses Rs 1k after 3 years on FIIs Nifty play,positive
Reliance Industries crosses Rs 1k after 3 years on FIIs [TGT] play,neutral
[TGT] extends rally post gas price hike approval; up 10% since June,positive
[TGT] export market gives good returns to growers ahead of Valentines Day,positive
[TGT] Q1 net profit soars over 19-fold to Rs 55 crore,positive
[TGT] to make open offer for additional 20 pc in Kemrock,positive
RPM International to make open offer for additional 20 pc in [TGT],neutral
[TGT] gains on boost to Jokowi's election campaign; intervention drags on won,positive
[TGT] soars on bid refusal but Asia markets on edge over China,positive
"[TGT] bond issue a big hit,  mops Rs 1,567 crore",positive
[TGT] Q1 Net up 47.27 per cent at Rs 107.38 crore,positive
[TGT] can do well with a long term perspective: Neeraj Deewan,positive
Some big [TGT] may see upside in near term: Avinash Gorakssakar,positive
[TGT] hits near six-year high after May current account data,positive
"[TGT] rallies over 10%, hits 52-week high on acquisition of DuPont Dymel",positive
"SRF rallies over 10%, hits 52-week high on acquisition of [TGT]",neutral
[TGT] gains as SC sets aside Madras HC order on Tuticorin plant,positive
Still some money left on the table for [TGT]: Vijai Mantri,positive
"[TGT]' Q4 profit jumps 47-fold to Rs 3,525 crore on investment sale",positive
[TGT] jump up to 20% after UP government holds cane price,positive
"Sustained FII flows will push markets higher, policy environment weighs: [TGT]",neutral
[TGT] Q1 net rises 51 per cent to Rs 21.63 crore,positive
[TGT] Q4 Net jumps 8-fold to Rs 4.92 crore,positive
[TGT] Q1 consolidated PAT seen up 111% at Rs 3650 crore,positive
[TGT] are back; be an early bird to gain advantage,positive
[TGT] prices firm up in global market despite production increasing by 13.3%,positive
There could be a decent 25-30% upside in [TGT]'s stock: Prakash Diwan,positive
Things to get better for [TGT] after government reforms: Prateek Agarwal,positive
[TGT] can return well over the next 1-2 years: Neeraj Deewan,positive
[TGT] forays in metro coach business; stock up 1 per cent,positive
[TGT] launches open offer to buy up to 25% in Cimmco,positive
Titagarh Wagons launches open offer to buy up to 25% in [TGT],neutral
[TGT] surge up to 13% on reports of cigarette price hike,positive
"Top seven companies add Rs 44,044 crore to investor wealth; [TGT] shines",positive
[TGT] rallies over 2% as Tesco completes establishment of a 50:50 JV,positive
Trent rallies over 2% as [TGT] completes establishment of a 50:50 JV,neutral
"[TGT] has been a big performing stock: CK Narayan, Sharyans Resources",positive
"TTK Prestige has been a big performing stock: CK Narayan, [TGT]",neutral
[TGT] Q3 Net up 16.83 per cent at Rs 60.37 crore,positive
[TGT] posts multi-fold decline in FY-11 net loss at Rs 20.11 crore,positive
[TGT] Q1 net up 9 per cent at Rs 36 crore,positive
[TGT] operating loss narrows down to Rs 70 cr in second quarter,positive
"[TGT] zooms 20% on coal block win, volumes up 23 times",positive
[TGT] Q2 profit up 112 per cent to Rs 44 crore,positive
"Valuations of banking stocks looking decent: Dhiraj Agarwal, [TGT]",positive
Very bullish on [TGT]; Narendra Modi government has renewed optimism: Mark Mobius,positive
[TGT] Q1 net soars 26.13 per cent at Rs 22.25 crore,positive
Weekly [TGT] gains seen as Fed keeps rates; growth worries remain,positive
"[TGT] debuts on bourses, IPO looks a good bet, say brokerages",positive
"Worst seems to be over for [TGT]: Jagdish Malkani, Member, NSE",positive
"Worst seems to be over for sugar sector: Jagdish Malkani, Member, [TGT]",neutral
[TGT] locked at 20% upper circuit on plan to merge with Pfizer,positive
Wyeth locked at 20% upper circuit on plan to merge with [TGT],neutral
25% minimum upside in the [TGT] over one year: Angel Broking,positive
25% minimum upside in the South India Bank over one year: [TGT],neutral
5300 to 5355 is the level to watch out on [TGT]: Rajat Bose,positive
"A fantastic bull market is under way: Dipan Mehta, Member, [TGT] and NSE",neutral
"A fantastic bull market is under way: Dipan Mehta, Member, BSE and [TGT]",neutral
"[TGT] a good bet for medium to long term: Avinnash Gorakssakar, Mintdirect.com",positive
"Apollo Hospitals a good bet for medium to long term: Avinnash Gorakssakar, [TGT]",neutral
[TGT] ties up with GAP for new stores; stock hits 52-week high,positive
Arvind Ltd ties up with [TGT] for new stores; stock hits 52-week high,neutral
[TGT] shares surge over 9 per cent after strong sales in December,positive
[TGT] Q1 net up 2 pc at Rs 45.63 crore,positive
[TGT] rallies over 13% as Q2 profit grows to Rs 176 crore,positive
"[TGT] a decent bet from a medium term horizon: Avinnash Gorakssakar, Mintdirect.com",positive
"Berger Paints a decent bet from a medium term horizon: Avinnash Gorakssakar, [TGT]",neutral
[TGT] profit up 36 per cent at Rs 31.01 crore in Q1,positive
[TGT] rallies over 8% post Q2 results; Top pick in FMCG space,positive
Bullish on [TGT]; could head towards as high as 355-360: Mitesh Thacker,positive
"[TGT] beats estimates with 81% jump in Q3 profit, stock up 2%",positive
[TGT] may return 100-200% in next  30 months: Mehraboon Irani,positive
"[TGT] rallies on board rejig, restructuring of cement & paper biz reports",positive
[TGT] Q1 Net up by 47 per cent at Rs 112.98 crore,positive
[TGT] to remain positive and strongest among the tech pack: Mitesh Thacker,positive
[TGT] surge up to 15 per cent as government plans infra push,positive
[TGT] to buy UK firm ITN Mark for $25 mn; stock up,positive
Core Projects to buy UK firm [TGT] for $25 mn; stock up,neutral
"[TGT] investments set new record, up 32 per cent in FY15",positive
[TGT] extends rally on stake sale reports; up over 20% since February,positive
[TGT] rallies 3% on contract win; stock up over 50% in 2014,positive
"Crucial support at 7,800 for [TGT], bulls to take charge if it holds",positive
"CTT hits turnover of [TGT], NCDEX by up to 50% on first day",positive
"CTT hits turnover of MCX, [TGT] by up to 50% on first day",positive
"[TGT] hits turnover of MCX, NCDEX by up to 50% on first day",neutral
[TGT] rallies over 3% as Q2 profit rises to Rs 10 crore,positive
"Demand from anchor investors impressive, [TGT]' IPO should fare well: Prakash Diwan",positive
[TGT] net profit up at Rs 52.63 crore for March Quarter,positive
[TGT] stock surges on news of takeover by Brazillian billionaire Jorge Paulo Lemann,positive
[TGT] Q2 net profit rises over four-fold to Rs 17.64 crore,positive
"[TGT] goes express to mega-cap status - now valued more than AT&T, Coca-Cola",positive
"Facebook goes express to mega-cap status - now valued more than [TGT], Coca-Cola",neutral
"Facebook goes express to mega-cap status - now valued more than AT&T, [TGT]",neutral
Fading monsoon concerns may lift agri stocks; positive on [TGT]: Pankaj Pandey,positive
Fading monsoon concerns may lift [TGT]; positive on Rallis India: Pankaj Pandey,negative
"FY16 likely to bring cheer to [TGT], push Sensex to record high",positive
"FY16 likely to bring cheer to India Inc, push [TGT] to record high",positive
"[TGT] should move up for few days: Avinash Gorakshekar, Anagram Capital Ltd",positive
"Gallant Ispat should move up for few days: Avinash Gorakshekar, [TGT]",neutral
"Gas price hike positive for both [TGT] & ONGC: Pramod Gubbi, Ambit Capital",positive
"Gas price hike positive for both Reliance & [TGT]: Pramod Gubbi, Ambit Capital",positive
"Gas price hike positive for both Reliance & ONGC: Pramod Gubbi, [TGT]",neutral
[TGT] quarter net up by 20 per cent due to tax gains,positive
Government's decision on [TGT] pricing will open up the sector more: Vinay Khattar,positive
"Have a buy call on [TGT]: Sharmila Joshi, Emkay Global Financial Services",positive
"Have a buy call on Ipca Laboratories: Sharmila Joshi, [TGT]",neutral
[TGT]: Positive management commentary lifts the stock from the day's low level,positive
"[TGT] a good stock to look at: Devang Mehta, Anand Rathi Financial Services",positive
"HDIL a good stock to look at: Devang Mehta, [TGT]",neutral
Hold rating on [TGT] with a target price of 650: Pankaj Pandey,neutral
"HSBC sees [TGT] hitting 30,100 by December-end; top 10 stocks to bet on",positive
"[TGT] sees Sensex hitting 30,100 by December-end; top 10 stocks to bet on",neutral
[TGT] in green ahead of  Q4 results; here's what to expect,positive
[TGT] to be the top pick among the telecom stocks: Rajat Rajgarhia,positive
"[TGT] to create team that targets strategic deals, revenue rises 3.5 per cent",positive
"[TGT] net profit up 47 per cent at Rs 1,000 crore in 2012-13",positive
[TGT] a good investment call over medium to long term: Ashit Suri,positive
"[TGT] rallies over 7%, hits 52-week high on additional investment in Zomato",positive
"Info Edge rallies over 7%, hits 52-week high on additional investment in [TGT]",neutral
[TGT] likely to see margin expansion; valuations not too demanding: Mayuresh Joshi,positive
[TGT] Q1 net profit up 23 per cent at Rs 17.4 crore,positive
"[TGT]'s Rs 3,018 crore IPO over-subscribed by two times on Day 3",positive
"It's safe ride for [TGT] so far, but miles to go still",positive
[TGT] stocks rally over 12% on power plant deal with JSW Energy,positive
Jaypee Group stocks rally over 12% on power plant deal with [TGT],neutral
Keep long positions in the [TGT] in the coming days: Mitesh Thacker,positive
"[TGT] sowing expected to increase due to good monsoons: Sharad Pawar, Agriculture Minister",positive
Logistics firm [TGT] Q1 profit jumps over two fold to Rs 15 crore,positive
Major recovery happening in terms of economic environment in [TGT]: Sudip Bandyopadhyay,positive
"Marked improvement across segments; agri space just one of them: Pankaj Pandey, [TGT]",neutral
"[TGT] correcting more than normal; good time to accumulate: Neeraj Deewan, Quantum Securities",positive
"Midcaps correcting more than normal; good time to accumulate: Neeraj Deewan, [TGT]",neutral
[TGT] to outperform large-caps in 2H15; top five stocks to bet on: HSBC,positive
Mid-caps to outperform [TGT] in 2H15; top five stocks to bet on: HSBC,neutral
Mid-caps to outperform large-caps in 2H15; top five stocks to bet on: [TGT],neutral
Monster rally on the cards post elections! [TGT] seen at 26-27k by 2014-end,positive
Morgan Stanley sees 30% upside in [TGT] post Rs 1200 cr deal,positive
[TGT] sees 30% upside in Reliance Communications post Rs 1200 cr deal,neutral
[TGT] to come up with public issue of NCDs on September 17,neutral
[TGT] Q1 net jumps 69% to Rs 271 crore on higher aluminium prices,positive
Nalco Q1 net jumps 69% to Rs 271 crore on higher [TGT] prices,positive
"[TGT] have gone little euphoric before the budget: Deven Choksey, KR Choksey Securities",positive
"NBFC have gone little euphoric before the budget: Deven Choksey, [TGT]",neutral
[TGT] shares up over 4 per cent on hike in iron ore prices,positive
NMDC shares up over 4 per cent on hike in [TGT] prices,positive
[TGT] is a 'BUY' call with a target of Rs 418: Vijay Bhambwani,positive
"Opportunity awaits in many real estate companies; focus on [TGT], DLF: Deven Choksey",positive
"Opportunity awaits in many real estate companies; focus on Godrej, [TGT]: Deven Choksey",positive
Option bets soar as [TGT] seen at 5800 next month on reform push,positive
"Outlook for [TGT] positive, pick IT names for long-term gains: Neeraj Deewan",positive
[TGT]' performance based on a good manegement and business model: Kunj Bansal,positive
Platinum becomes cheaper than [TGT]; demand up 40-50% in Indian markets in Feb-March,positive
[TGT] becomes cheaper than gold; demand up 40-50% in Indian markets in Feb-March,negative
"[TGT] ends 14% higher on stake sale buzz, CEO dismisses reports as rumours",positive
"[TGT] on fire on rate cut hopes, government's plan to sell stake",positive
[TGT] Q2 net up 13.81 per cent at Rs 575.34 crore,positive
"[TGT] rallies 20% in April; more deals will lead to re-rating, say brokerages",positive
[TGT]'s pact with Reliance Jio will help it to reduce debt: Nitin Raheja,positive
RComm's pact with [TGT] will help it to reduce debt: Nitin Raheja,neutral
[TGT] Q1 net profit up 22.5 per cent at Rs 201 crore,positive
[TGT] a turnaround story; IFB Inds to see festive boost: Kunj Bansal,positive
"Seeing strong upmove for [TGT] for next 3-5 years: Ajay Bodke, Prabhudas Lilladher",positive
"Seeing strong upmove for Nifty for next 3-5 years: Ajay Bodke, [TGT]",neutral
Shares of [TGT] rally over 6% on hopes of revival,positive
"[TGT] surges to Rs 60,500 on global cues, gold up by Rs 160",positive
"Silver surges to Rs 60,500 on global cues, [TGT] up by Rs 160",positive
[TGT] hits upper circuit of 5% as Reliance Mutual Fund buys shares,positive
Snowman Logistics hits upper circuit of 5% as [TGT] buys shares,neutral
"Some upside still left in [TGT]: Devang Mehta, Anand Rathi Financial Services",positive
"Some upside still left in Vijaya Bank: Devang Mehta, [TGT]",neutral
[TGT] Sept qtr net up 84 per cent to Rs 41 cr,positive
[TGT] see sweet gains as govt approves subsidy on raw sugar export,positive
[TGT] posts consolidated Q1 net up by 32% at Rs 11.64 cr,positive
Technical charts indicate we could be headed for a 13-year bull run: [TGT],neutral
"[TGT] still good; recent drubbing just a correction: Parag Thakkar, HDFC Securities",positive
"TVS Motors still good; recent drubbing just a correction: Parag Thakkar, [TGT]",neutral
Upcoming festive season likely to augur well for the [TGT]: Sudip Bandyopadhyay,positive
[TGT] reports over 100 pc jump in third quarter net profits,positive
Videocon buys 5.5 lakh shares of [TGT] for over Rs 20 crore,positive
[TGT] buys 5.5 lakh shares of ABG Shipyard for over Rs 20 crore,neutral
"Visible growth in [TGT] offers comfort, buy stocks on dips: Anand Tandon",positive
[TGT] is a 'BUY' call with a target of Rs 295: Ashwani Gujral,positive
"Within top tier pack, [TGT] our preferred pick: Mayuresh Joshi, Angel Broking",positive
"Within top tier pack, Dr Reddys our preferred pick: Mayuresh Joshi, [TGT]",neutral
[TGT] gains 5 pc to hit upper circuit of Rs 398.40 on BSE,positive
Wockhardt gains 5 pc to hit upper circuit of Rs 398.40 on [TGT],neutral
Worst is behind for [TGT]; all eyes on management activity: Deven Choksey,positive
[TGT] strengthens ahead of US jobs report as investors push into safer assets,positive
"$3.56 trillion: Despite spending billions to prop up currency, [TGT] has biggest foreign reserves",positive
10-15 per cent upside still left in [TGT]; could touch 3800 levels: Rajen Shah,positive
2014 Lok Sabha elections: [TGT] surge as NDA set to win majority comfortably,positive
"Acceleration in [TGT], fall in interest rates to boost CV space: Deven Choksey",positive
[TGT] Q4 net profit surges 27.74%  to  Rs 102.26 crore,positive
"An extra $1 trillion to [TGT]'s GDP by 2020 makes midcaps hot, say experts",positive
Anant Raj to sell stake in [TGT] for Rs 304 crore; stock gains,positive
"Are [TGT] losing touch? No, it's the right time to buy, say experts",positive
Audit panel suggests [TGT] can recover $160.8 million cost in KG D6; stock up,positive
"Autos drive [TGT] higher, can return upto 8 per cent in August say experts",positive
[TGT] Q3 FY 10 profit up by 18 pc on strong growth in fee-income,positive
Budget 2014: Why [TGT] stock gained despite the increase in excise duty on cigarettes,positive
"[TGT] remains preferred pick in pharma space:  Hemang Jani, Sr VP, Sharekhan",positive
"Cadila Healthcare remains preferred pick in pharma space:  Hemang Jani, Sr VP, [TGT]",neutral
"Can buy [TGT] on declines of Rs 15-20: Sandeep Wagle, APTART Technical Advisory Services",positive
"Can buy Reliance on declines of Rs 15-20: Sandeep Wagle, [TGT]",neutral
[TGT] net profit jumps over seven-fold at Rs 364 crore for fourth quarter,positive
"[TGT] is a good buy: G Chokkalingam, Equinomics Research & Advisory Pvt Ltd",positive
"Claris Lifesciences is a good buy: G Chokkalingam, [TGT]",neutral
"Corrections offer long term investors entry into [TGT]: Dipan Mehta, member BSE, NSE",positive
"Corrections offer long term investors entry into pharma stocks: Dipan Mehta, member [TGT], NSE",neutral
"Corrections offer long term investors entry into pharma stocks: Dipan Mehta, member BSE, [TGT]",neutral
[TGT] gets Sebi's nod to raise Rs 44 crore through rights issue,positive
Deccan Gold Mines gets [TGT]'s nod to raise Rs 44 crore through rights issue,neutral
[TGT] hits 52-week high as drug maker gets licence to manufacture TB medicine,positive
Easier [TGT] listing norms aim at encouraging startup industry to tap institutional trading platform,neutral
"[TGT] a value buy at the current level: Avinash Gorakshekar, Anagram Capital Ltd",positive
"Engineers India a value buy at the current level: Avinash Gorakshekar, [TGT]",neutral
Existing investors should hold on to [TGT]s' stock for long-term gains: Mayuresh Joshi,positive
"Exporters expect [TGT] to double to 70,000 tonne with bumper output in Karnataka",positive
FII stake in [TGT] soars to record high of 44.61% in April-June quarter,positive
[TGT] gains 68% on bourses in three months as business outlook turns positive,positive
"Forget Iraq woes, [TGT] can still rally another 2,000 points ahead of Budget 2014",positive
Govt's boost to infra sector may auger well for [TGT]: Hemindra Hazari,positive
[TGT]'s net profit in Q1 rises 22% to Rs 172 crore,positive
HSBC adds [TGT] to its 'Asia super ten stocks' portfolio; ups target price,positive
[TGT] adds HDFC Bank to its 'Asia super ten stocks' portfolio; ups target price,neutral
IIFL recommends [TGT] with a `Buy and a target price of Rs 94,positive
[TGT] recommends Apollo Tyres with a `Buy and a target price of Rs 94,neutral
[TGT] should be growing at 25-30% in the next 5 yrs: Gul Tekchandani,positive
Institutional buying necessary for markets to move higher; focus on [TGT]: Ashwani Gujral,positive
"Institutional investors buy [TGT] warrants in hordes, bet prices to rise quicker than shares",positive
"[TGT] looks an excellent bet at this point: Deven Choksey, KR Choksey Securities",positive
"Jain Irrigation looks an excellent bet at this point: Deven Choksey, [TGT]",neutral
"[TGT] glitter, rally 20% as RBI eases gold import curbs to boost exports",positive
"Keep [TGT] in your portfolio for long term returns: Deven Choksey, KR Choksey Securities",positive
"Keep UPL in your portfolio for long term returns: Deven Choksey, [TGT]",neutral
Low valuations and better balance sheets make [TGT] a good pick: Pankaj Pandey,positive
[TGT]: Stability in aluminium prices & favourable rupee-dollar ratio make it a good buy,positive
"Offshore [TGT] surges by more than 1 per cent, set for biggest daily gain",positive
Rakesh Jhunjhunwala to invest in [TGT] subsidiary; stock surges 60% in six sessions,positive
"[TGT]'s stock gained 75% in six months, thanks to drop in rubber price",positive
[TGT] makes 17.66 billion roubles worth of forex interventions on October 7,positive
"[TGT] beats asset woes, shares rally nearly 8% post Q3 results; top Sensex gainer",positive
"SBI beats asset woes, shares rally nearly 8% post Q3 results; top [TGT] gainer",neutral
[TGT] surges 14 per cent to hit year high on fund raising plan,positive
[TGT] seeks Sebi nod to raise up to Rs 200 cr via NCDs,positive
Shriram City seeks [TGT] nod to raise up to Rs 200 cr via NCDs,neutral
[TGT] ends 4% higher as Q4 net profit jumps to Rs 40.54 crore,positive
"[TGT] rallies 20%, hits 52-week high as Q1 net profit doubles to 99 crore",positive
[TGT] income surges by 19 per cent to Rs 3439.38 crore in FY14,positive
[TGT] prices likely to rise 15-35% post elections on low offerings at the auctions,positive
[TGT] may go up by another 30% from these levels: P Phani Sekhar,positive
[TGT] shares surge nearly 14% intraday as company announces issue of equity shares,positive
"[TGT] rallies over 8%, hits 52-week high as Q4 net profit jumps three-fold",positive
Vishal Sikka effect? [TGT]' quarterly revenue growth fastest in 3 years at $476 million,positive
"With auto sales gaining pace, brokers say [TGT] can give over 20% returns",positive
2014 Lok Sabha elections: [TGT] make hay as stocks soar on Narendra Modi wave,positive
"[TGT] locked in upper circuit, up 20%, hits 52-week high; volumes surge over 1000%",positive
"Ajay Piramal to strengthen role in [TGT], takes over as Chairman of Shriram Capital",positive
"Ajay Piramal to strengthen role in Shriram Group, takes over as Chairman of [TGT]",neutral
"[TGT], ACC post higher Q2 profits of Rs 239 crores and Rs 192 crores respectively",positive
"Ambuja, [TGT] post higher Q2 profits of Rs 239 crores and Rs 192 crores respectively",positive
"[TGT] jumps on reports company plans to raise Rs 6,500 cr by selling assets",positive
"At [TGT], a healthy view of future on cheaper stock valuation, better business prospects",positive
[TGT] net profit up 8.6 per cent due high provisions for bad loan,positive
[TGT] stocks gain 76% in three months but earnings need to grow to match valuations,positive
"[TGT]: With major capex out of way and better reach, it's a long-term bet",positive
Bet on [TGT]  with a  slightly medium to longer term horizon:Avinnash Gorakssakar,positive
"[TGT] a safe bet for investors having 6-12 months horizon: Gajendra Nagpal, Unicon Financial Solutions",positive
"BHEL a safe bet for investors having 6-12 months horizon: Gajendra Nagpal, [TGT]",neutral
[TGT] surges 52% in 12 sessions: Why investors should be wary of buying the stock,positive
"[TGT] may attract institutional investors on likely uptick in utilisation rate, RoE: Girish Pai",positive
[TGT] bounce back over 6% on attempts to stem rout; state intervention to weigh,positive
[TGT]'s attractive valuation post 8% fall in a month makes it a good long-term buy,positive
Clarification on royalty payment likely to help [TGT] in terms of pricing power: Prakash Diwan,positive
Clarity on gas pricing will be a boost of confidendce for [TGT]: Deven Choksey,positive
Consistent performer [TGT] can be among top 3 holdings in any portfolio: Dipan Mehta,positive
[TGT] Q4 net profit up 18% at Rs 201 crore on back of strong growth,positive
Decent uptick in a stock like [TGT] can happen if Reliance bids aggressively: Prashastha Seth,positive
Decent uptick in a stock like Bharti can happen if [TGT] bids aggressively: Prashastha Seth,neutral
Does Greece matter to India? [TGT] likely to hit Mt 11K in next 18 months,positive
Earnings review: [TGT] gets Q1 party going with net profit up 15.7% for June quarter,positive
[TGT] Q3 net up 9 per cent at Rs 230 crore on improved assets,positive
"[TGT] ups sales forecast from 13% to 25%, beats street with sales of $336 mn",positive
[TGT] surges 12% as arm set to file draft papers with Sebi by Feb-end,positive
GVK Power surges 12% as arm set to file draft papers with [TGT] by Feb-end,neutral
[TGT]s most bullish on silver in 7 months on hope it will outperform gold,positive
Here's what to expect from [TGT] Q4 results; net profit to grow by 6.2% YoY,positive
[TGT] consolidated net profit increases 7 per cent to Rs 809 crore in Q2,positive
[TGT] is a 'BUY' call with a target of Rs 720: Shrikant Chouhan,positive
It'll again be a buyers' market for [TGT] in '15 as US rate hikes seen,positive
"[TGT] is a 'BUY' call with a target of Rs 1,395: Mitesh Thacker",positive
[TGT] net profit up 35 per cent to Rs 894 crore; below estimates,positive
[TGT] have gained 60% in 4 months: Should one stay bullish on the counter,positive
[TGT] is a favoured stock in terms of valuation gap:  Emkay Global Financial Services,positive
Nestle is a favoured stock in terms of valuation gap:  [TGT],neutral
[TGT] bags Rs 250 crore order from Abu Dhabi airport; stock surges over 5%,positive
Nitin Fire bags Rs 250 crore order from [TGT]; stock surges over 5%,neutral
[TGT] hits 52-week high; rallies over 10% on interim dividend of Rs 485 per share,positive
"[TGT] back on growth track with ethanol business revival, Ganga project and margin play",positive
[TGT]  reports 91% jump in Q4 profit to Rs 46.36 crore,positive
Rail Budget 2015: Invest in [TGT] for long haul; top stocks to bet on,positive
[TGT] on a roll ahead of rail budget; gain up to 8 per cent,positive
"[TGT] likely to attract sea of opportunities; Adani Power, Tata Power top bets",positive
"Renewable energy sector likely to attract sea of opportunities; [TGT], Tata Power top bets",positive
"Renewable energy sector likely to attract sea of opportunities; Adani Power, [TGT] top bets",positive
See 3-5% uptick in indices if GST gets Rajya Sabha nod: [TGT],neutral
"[TGT] posts 32% profit growth in Q4, net profit rises to Rs. 15 crore",positive
Spike in [TGT] price may be result of Burger King tie up talks: Dipan Mehta,positive
Spike in Jubilant price may be result of [TGT] tie up talks: Dipan Mehta,neutral
"[TGT] beats estimates, Q4  net up 23%, bad loan ratio down",positive
Technical Check: [TGT] likely to resume uptrend soon; buy for a target of Rs 325,positive
"There is a lot of enthusiasm in the market for [TGT]: Ajay Bodke, Prabhudas Lilladher",positive
"There is a lot of enthusiasm in the market for IDFC: Ajay Bodke, [TGT]",neutral
"There is a lot of positivity in the [TGT]: Sandeep Wagle, APTART Technical Advisory Services",positive
"There is a lot of positivity in the Nifty: Sandeep Wagle, [TGT]",neutral
[TGT] net profit up 5.55 per cent at Rs 18.61 crore in December quarter,positive
"[TGT] rallies 20% on strong volumes, hits highest level in 25 weeks; a buy call?",positive
[TGT] Q4 net up 33 pc at Rs 362.15 cr; declares 60 pc dividend,positive
[TGT]' IPO a good opportunity for investors willing to invest in entertainment  biz: Deven Choksey,positive
Ancillary stocks like [TGT] set to gain from rise in mining activity in coming years,positive
[TGT] rallies over 12% as Lavasa gets Sebi nod to raise Rs 750 cr via IPO,positive
HCC rallies over 12% as [TGT] gets Sebi nod to raise Rs 750 cr via IPO,positive
HCC rallies over 12% as Lavasa gets [TGT] nod to raise Rs 750 cr via IPO,neutral
[TGT] posts 20 per cent hike in net profit in Q2 on retail loan demand,positive
Hike in cigarette prices to offset fall in volumes; valuations looks attractive for [TGT]: Mayuresh Joshi,positive
[TGT]: Implied volatilty hits 5-year high as buyers queue up to puchase options ahead of results,positive
JLR effect: [TGT] may see 102% surge in Q3 PAT; how to trade the stock,positive
[TGT] and mining companies will now have to operate more efficiently to generate profits: Pramod Gubbi,positive
Metals and [TGT] will now have to operate more efficiently to generate profits: Pramod Gubbi,positive
"[TGT]s look at a healthy fourth quarter despite stress points, Investors may dig into these stocks",positive
"[TGT] rallies 20 per cent, hits 52-week high as Rakesh Jhunjhunwala buys 17.1 lakh shares",positive
Pre-market: [TGT] likely to hit fresh record highs as exit polls show NDA winning LS elections,positive
[TGT] adds net $5.5 billion in up to 1-year forex forwards in July,neutral
Rush for higher returns before rate cut: [TGT] tax-free bonds oversubscribed 10 times on Day 1,positive
"[TGT]'s 5% stake sale will fetch government Rs 2,000 crore, process may be completed before Budget",positive
[TGT] reports a narrowed loss of Rs 400.4 crore for the first quarter,positive
[TGT] may be a cool long-term buy; large cold storage network gives it a competitive edge,positive
"Uptrend in [TGT] on account of relative value, not on standalone basis: Emkay Global Financial Services",positive
"Uptrend in Infosys on account of relative value, not on standalone basis: [TGT]",neutral
Amitabh Bachchan buys 1.1 lakh shares in [TGT]; stock has shot up 30% in a month,positive
"[TGT] believes in India blockbuster, to invest over $2 billion in India over the next 5-6 years",positive
"Make a base right now, trade in low volatile ranges: Gaurang Shah, [TGT]",neutral
"Momentum will be back in [TGT] as the consumer spending picks up: Harendra Kumar, Elara Capital",positive
"Momentum will be back in FMCG stocks as the consumer spending picks up: Harendra Kumar, [TGT]",neutral
[TGT] records 23% y-o-y revenue growth in June quarter; input costs squeezes EBIDTA margins,positive
"Month on month sales numbers of [TGT] have improved: Gaurang Shah, Geojit BNP Paribas Financial Services",positive
"Month on month sales numbers of auto sector have improved: Gaurang Shah, [TGT]",neutral
[TGT] rebounds after slipping over 4% as SEBI sought detail of trades prior to stake sale,positive
Pipavav Defence rebounds after slipping over 4% as [TGT] sought detail of trades prior to stake sale,neutral
Singapore-based hedge fund [TGT] Fund sells VA Tech Wabag shares worth Rs 20 crore,positive
Singapore-based hedge fund Tree Line Asia Master Fund sells [TGT] shares worth Rs 20 crore,neutral
"No reason to shy away from buying [TGT] because of excise duty hike: Mehraboon Irani, Nirmal Bang Securities",positive
"No reason to shy away from buying ITC because of excise duty hike: Mehraboon Irani, [TGT]",neutral
Samvat 2072 starts on a cheerful note; [TGT] up 124 points in biggest 'new year' gain since 2010,positive
SUUTI stake sale won't have a significant impact on the long term profile of [TGT]: Vijai Mantri,positive
"Technical Check: Not the time to log out of [TGT], stock can hit Rs 1,600 in 1 year",positive
"[TGT] can give decent return in 3 to 4 months based on strong fundamentals: Neeraj Deewan, Quantum Securities",positive
"Rallis India can give decent return in 3 to 4 months based on strong fundamentals: Neeraj Deewan, [TGT]",neutral
"[TGT] adds creative muscle with new appointments, Elevates Mithun Mirji to Singapore for a newly created role",positive
[TGT] threat to Indian millers,positive
Brazilian sugar threat to [TGT],negative
"Downgrade [TGT] to 'Hold', says Edelweiss",negative
[TGT] futures down on profit-booking,negative
[TGT] mis-stated facts in Sebi filings,negative
Vedanta mis-stated facts in [TGT] filings,neutral
Lender invokes [TGT]' pledged shares,negative
[TGT] looking negative: Somil Mehta,negative
Cautious on [TGT] space: David Pezarkar,negative
[TGT] shares fall below IPO price,negative
[TGT] open 0.32% lower,negative
[TGT] slumps post weak Q2 results,negative
Promoter feud hits [TGT],negative
Selling pressure on [TGT]: Seshadri Bharathan,negative
Bearish on [TGT]: Mitesh Thacker,negative
Legal hurdle sours [TGT] exports,negative
[TGT] prices falls on weak demand,negative
[TGT] tanks 5% on bourses,negative
[TGT] dips before UK inflation report,negative
Sterling dips before [TGT] inflation report,neutral
[TGT] falls back after BoE minutes,negative
Sterling falls back after [TGT] minutes,neutral
Trade [TGT] today: Deepak Mohoni,negative
[TGT] futures decline on global cues,negative
Avoid [TGT]: Ashwani Gujral,negative
[TGT] edges lower on global cues,negative
[TGT] Q1 Net dips 57.46%,negative
[TGT] ends in the red,negative
[TGT] down on reduced offtake,negative
[TGT] shares slump 3.5%,negative
[TGT] weakens at market opening,negative
"Fresh bout of liquidity on the [TGT] could weaken it further: Prakash Diwan, Asit C. Mehta Investment Intermediates Ltd.",negative
"Fresh bout of liquidity on the rupee could weaken it further: Prakash Diwan, [TGT]",neutral
Supply concerns keep [TGT] buoyant,negative
Valuation of [TGT] deal not expensive,negative
Short sell [TGT]: Deepak Mohoni,negative
[TGT] faces rising interest cost,negative
Bad weather hampers [TGT] cultivation,negative
[TGT] reports Rs 5.20-cr loss,negative
Soaring [TGT] shares spark pricing worry,negative
"Gujarat [TGT] stocks lose allure sans CM Narendra Modi, 6 out of 7 listed state PSUs decline up to 45% in a year",negative
[TGT] shares down; Crisil downgrades,negative
Pratibha Industries shares down; [TGT] downgrades,neutral
[TGT] prices fall on sluggish demand,negative
Switch out of [TGT]: Deepak Mohoni,negative
[TGT] slump drags Britain's FTSE lower,negative
Wholesale [TGT] prices slide in Maharashtra,negative
Cautious on [TGT]: Avinash Gorakshekar,negative
[TGT] shares slip as Barclays downgrades,negative
NTPC shares slip as [TGT] downgrades,neutral
Profit-taking pulls [TGT] from 5-1/2-mth high,negative
"[TGT] succumbs to profit-booking, global cues",negative
[TGT] futures soften on profit-booking,negative
[TGT] weakens on subdued demand,negative
[TGT] declines on reduced offtake,negative
[TGT] prices decline on reduced offtake,negative
[TGT] falls 0.39% on profit-booking,negative
CBI probes [TGT]s market debut,negative
"We're in a bear [TGT], Nifty will be in a range of 4600 to 5200: Kartik Mehta, Sushil Finance Consultants",negative
[TGT] fourth-quarter net profit drops 20%,negative
[TGT] futures dip on selling pressure,negative
[TGT] stocks drag Sensex down,negative
[TGT] Q3 net dips 98%,negative
Bearish on [TGT]: Sudip Bandyopadhyay,negative
[TGT] end 1.90% lower,negative
[TGT] ends flat on subdued buying,negative
Bearish on [TGT]: Ashwani Gujral,negative
[TGT]'s allure dims,negative
[TGT] futures decline on global cues,negative
[TGT] loses lustre in spot market,negative
[TGT] lackluster after tech tumble,negative
Negative bias on [TGT]: Mitesh Thacker,negative
Panel to monitor [TGT] futures,negative
Paris underperforms flat [TGT]s,negative
[TGT] underperforms flat European stock markets,neutral
Ukraine nerves send [TGT] lower,negative
[TGT] nerves send European shares lower,neutral
Russia rout hits [TGT] shares,negative
[TGT] rout hits European shares,neutral
"Offshore India [TGT]s pull money out in July, first time in 16 months; sell equities worth Rs 750 crore",negative
[TGT] prices to come down,negative
[TGT] approaches SAT against Sebi order,negative
DLF approaches SAT against [TGT] order,neutral
[TGT] on downtrend: Ashwani Gujral,negative
Rapid [TGT] trades may kill arbitrage',negative
[TGT] weakens on subdued demand,negative
[TGT] futures fall on selling pressure,negative
[TGT] comes back to bite,negative
Bearish on [TGT]: Mehrab Irani,negative
[TGT] hits 32 month low,negative
[TGT] falls 0.25% on increased supply,negative
[TGT] futures down on profit booking,negative
"[TGT] futures extend losses, down 0.59%",negative
[TGT] futures fall on profit-booking,negative
"[TGT] drop further, call rate recovers",negative
Why [TGT]'s deal with Pfizer failed?,negative
Why Biocon's deal with [TGT] failed?,negative
[TGT] oversubscribed; stock plunges 7%,negative
[TGT] exports fetch lower prices,negative
[TGT] decline on lower demand,negative
[TGT] futures decline on selling pressure,negative
Underweight on [TGT]: Manish Kumar,negative
Bearish on [TGT]: Ashwani Gujral,negative
"[TGT] slip, most sectors fall",negative
Global growth worries hit [TGT],negative
"[TGT] turns hotter, exports hit",negative
[TGT] declines on subdued demand,negative
NCDEX hikes transaction charges on [TGT],negative
[TGT] hikes transaction charges on agri-commodities,neutral
Selling pressure hits [TGT] stocks,negative
[TGT] files prosecutions against 8 companies,neutral
[TGT]'s rupee management undermines hedging push,neutral
[TGT] futures down 0.33% on profit-booking,negative
[TGT] futures fall 0.46% on profit-booking,negative
"Ignore grievances, face [TGT] prosecution",neutral
[TGT] falls on liquidity woes,negative
[TGT] fall slightly; seen range-bound,negative
Deepening bond rout rattles [TGT],negative
Economic growth worries hit [TGT],negative
Mullaperiyar dam dispute hampers [TGT] trade,negative
[TGT] pare gains after budget announcements,negative
[TGT] down on jet fuel price hike,negative
"[TGT] shares slide on disappointing earnings, outlook",negative
[TGT] on intermediate downtrend: Sharyans Resources,negative
Anant Raj on intermediate downtrend: [TGT],neutral
[TGT] April-June net profit down 6%,negative
[TGT] 3.8% loss leads US stocks sell-off,negative
[TGT]'s net profit slips; stock flat,negative
Asian markets: [TGT] open 0.28% lower,negative
[TGT] futures slip further on renewed selling,negative
[TGT] decline on bearish LME trend,negative
[TGT] Q1 net loss widens,negative
[TGT] underperforms on Reliance Jio worries,negative
Bharti Airtel underperforms on [TGT] worries,neutral
[TGT] shares fall as June-quarter earnings disappoint,negative
[TGT] delisting plan fails; stock down,negative
[TGT] edge down; profit-taking expected later,negative
[TGT] fall slightly; liquidity in focus,negative
Book profits in [TGT]: Ambareesh Baliga,negative
[TGT] slips near $110 after Ukraine election,negative
"Britain [TGT] extends falls, led by Admiral",negative
"Britain FTSE extends falls, led by [TGT]",negative
BSE expels [TGT] as trading member,negative
[TGT] expels Parsoli Corp as trading member,neutral
[TGT] increases annual listing fee for companies,neutral
[TGT] lists at 15 per cent discount,negative
[TGT] futures extend weakness on sluggish demand,negative
[TGT] futures decline on weak demand,negative
[TGT] futures slip 1.54% on weakening trend,negative
Caution required on [TGT]: Dipan Mehta,negative
"[TGT] bearish: Vinith Jain, Siddh Capital",negative
"Cement stocks bearish: Vinith Jain, [TGT]",neutral
[TGT] futures down 0.89% on higher supply,negative
[TGT] futures soften 0.31% on weak demand,negative
[TGT] futures decline 0.58% on adequate supply,negative
[TGT] futures weaken 1.55 pc on profit-booking,negative
[TGT] volume growth slows in January-March quarter,negative
[TGT] may show weakness: Anu Jain,negative
[TGT] Q2 sales growth at 4-quarter low,negative
[TGT] futures extend weakness on global cues,negative
[TGT] futures fall 0.20% on global cues,negative
[TGT] to suffer from fibre security,negative
[TGT] prices reduce on profit-booking,negative
[TGT] slams stocks; safe-haven assets sought,negative
Day traders raise bearish bets on [TGT],neutral
[TGT] falls after hitting record high,negative
Devaluation fears grow amid [TGT] drop,negative
[TGT]'s Q3 profits fall 30.25 per cent,negative
Do not Subscribe' to [TGT] IPO:Edelweiss,negative
Do not Subscribe' to Prestige Estates IPO:[TGT],neutral
[TGT]/yen threatens to fall below 200-day average,negative
Dollar/[TGT] threatens to fall below 200-day average,negative
[TGT] drops after AMRI hospital fire incident,negative
[TGT] dips on weaker service sector surveys,negative
[TGT] lower against dollar on profit taking,negative
[TGT] shaky despite US Federal assurance,negative
[TGT] slip amid poor eurozone data,negative
Exit [TGT] on raillies: Ashwani Gujral,negative
[TGT] in a persistent decline: Deepak Mohoni,negative
Five reasons why [TGT] fell 360 points,negative
"Further downside likely: Sonam Udasi, [TGT]",neutral
[TGT] slips 6% on dissapointing Q2 numbers,negative
[TGT] faces resistance of 175-180: Siddh Capital,negative
Gokaldas faces resistance of 175-180: [TGT],neutral
[TGT] futures fall on weak global cues,negative
[TGT] prices soften in early noon trade,negative
"[TGT]'s expensive, India feels the pinch finally",negative
[TGT] net falls 59% on lower sales,negative
"Growth worries grip [TGT] markets, crude oil",negative
[TGT] futures fall on weak overseas cues,negative
[TGT] plunges 6.6% on weak earnings,negative
"[TGT] falls on sluggish demand, adequate supply",negative
[TGT] India slumps on revenue forecast cut,negative
[TGT] shares tank 11% on disappointing results,negative
[TGT] posts smaller-than-expected profit on weak prices,negative
[TGT] deal not winsome for investors,negative
"[TGT] fall again, financials down",negative
"[TGT] may get a rerating, stocks rally",negative
[TGT]: Subscribers growth fails to boost numbers,negative
Illiquidity a concern for [TGT]: Deepak Mohoni,negative
[TGT] dip after Janet Yellen speech,negative
[TGT] prices drop on rising supplies,negative
Individuals cannot trade in forex market: [TGT],neutral
[TGT]'s Q2 profit dips 7%,negative
[TGT] makes weak debut on bourses,negative
Investments in infra stocks can wait: [TGT],neutral
[TGT] stock slumps 16 per cent,negative
"Ishtitmar to convert [TGT], sell shares",negative
"[TGT] to convert SpiceJet bonds, sell shares",neutral
[TGT] down on CAG report: Prakash Diwan,negative
JSPL down on [TGT] report: Prakash Diwan,neutral
[TGT] slips amid takeover battle,negative
[TGT] indulged in IPO irregularities: Sebi,negative
Karvy Computershare indulged in IPO irregularities: [TGT],neutral
[TGT] falls 8% on earnings,negative
[TGT] have further to fall,negative
"Macquarie lowers 2015 [TGT], silver price forecasts",negative
"Macquarie lowers 2015 gold, [TGT] price forecasts",negative
"[TGT] lowers 2015 gold, silver price forecasts",neutral
"[TGT]: Higher input costs, royalty play spoiler",negative
[TGT] futures fall 1.59% on profit-booking,negative
[TGT] under pressure now: Deepak Mohoni,negative
[TGT] may face service tax whammy,negative
[TGT] face Sebi heat on public-holding norms,negative
MNCs face [TGT] heat on public-holding norms,neutral
Most-traded [TGT] yield nudges lower,negative
[TGT] stock falls after disappointing Q1 show,negative
[TGT] futures slip on weak spot cues,negative
[TGT] futures down on subdued domestic demand,negative
[TGT] futures down on subdued spot demand,negative
[TGT] futures fall 0.28 pc on profit-booking,negative
[TGT] decline may continue till 5200-5300 level,negative
[TGT] seen opening lower; Inflation data eyed,negative
No sustainable competitive advantage in [TGT]',negative
Not best time to buy [TGT]',negative
Nothing much happening on [TGT]: Ashwani Gujral,negative
[TGT] slips below $86 on global over-supply,negative
[TGT] not looking attractive: UR Bhat,negative
[TGT] down 53% in debut trade,negative
[TGT] prices fall on good monsoon rain,negative
OPEC decision knocks oil down; [TGT] gains,positive
OPEC decision knocks [TGT] down; dollar gains,negative
[TGT] decision knocks oil down; dollar gains,neutral
[TGT] loses premium on demand-supply mismatch,negative
[TGT] valuations not comfortable: Deven Choksey,negative
[TGT] futures down 0.24 pc on profit-booking,negative
[TGT] on verge of breakout: Emkay,negative
Petronet LNG on verge of breakout: [TGT],neutral
"Police, [TGT] investors spar over filing cases",negative
Ponzi schemes: [TGT] launches 550 prosecution cases,neutral
[TGT] futures down 0.76% on weak demand,negative
[TGT] futures slip 0.53% on subdued demand,negative
"Promoters' debts: [TGT] lose Rs 50,000 crores",negative
[TGT] push unlikely to yield result soon,negative
[TGT] cracks 13% post Q1 results,negative
Rally in [TGT] may fizzle out soon,negative
[TGT]: Poor business outside India hurts numbers,negative
RBIs balancing act amid shaky [TGT],negative
[TGT] shares fall 4.5% on earnings worries,negative
[TGT] down after Malaysian airliner crash,negative
Russian shares down after [TGT] crash,neutral
Sagging demand may lower [TGT] prices,negative
SAT upholds penalty against [TGT],negative
[TGT] upholds penalty against Akriti Global Traders,neutral
SAT upholds Sebi order against [TGT],negative
[TGT] upholds Sebi order against Indira Securities,neutral
SAT upholds [TGT] order against Indira Securities,neutral
Sebi prohibits [TGT] for six months,negative
[TGT] prohibits Almondz Securities for six months,neutral
Securities Appellate Tribunal disposes of [TGT] appeal,negative
[TGT] disposes of Sahara appeal,neutral
Select [TGT] declines on lower offtake,negative
Select [TGT] drop on global cues,negative
Selling pressure on [TGT]: Seshadri Bharathan,negative
"[TGT] ends in red, breaks record-breaking streak",negative
Sentiment in [TGT] market turns bearish,negative
"[TGT] to delist from London, Swiss exchanges",negative
"Siemens to delist from [TGT], Swiss exchanges",neutral
"Siemens to delist from London, [TGT]",neutral
[TGT] shares drop steeply on loss warning,negative
[TGT] edges up on retailers demand,negative
[TGT] falls after British retail sales disappoint,negative
[TGT] falls after surprise UK output dip,negative
Sterling falls after surprise [TGT] output dip,neutral
"Stressed assets, NIMs to weigh on [TGT]",negative
"[TGT] futures fall on govt measures, profit-booking",negative
[TGT] is losing fairly quickly: Ashwani Gujral,negative
Supply pressure drags down [TGT] futures 0.89%,negative
[TGT] falls after ending deposit schemes,negative
[TGT] plunge 3.47% in early trade,negative
[TGT] crash by 28 per cent,negative
Tribunal upholds Sebi order against [TGT],negative
Tribunal upholds [TGT] order against Comfort Fincap,neutral
[TGT] shares fall; Standard Chartered downgrades,negative
TTK Prestige shares fall; [TGT] downgrades,neutral
Turmoil continues in the [TGT] industry,negative
"[TGT] stock tumbles after revenue, outlook miss",negative
"Underweight on [TGT]: Vijai Mantri, Pramerica MF",negative
"Underweight on commodities: Vijai Mantri, [TGT]",neutral
[TGT] mood worst since disastrous 2009,negative
[TGT] Q3 net falls by 59.4%,negative
[TGT] may go down further: Ashwani Gujral,negative
"[TGT]: Cost overruns, slowing orders dampen prospects",negative
Weak Chinese data spooks [TGT],negative
[TGT] stock plummets 20 pc on bourses,negative
[TGT] slide as China manufacturing shrinks,negative
World stocks slide as [TGT] shrinks,negative
[TGT] futures soften 0.67% on global cues,negative
Action ordered against [TGT] for ignoring norms,negative
[TGT] are going to volatile: Sangeeta Purushottam,negative
[TGT] investors beware: History not on your side,negative
Allahabad Bank may sell stake in [TGT],negative
[TGT] may sell stake in insurance company,neutral
[TGT] scrip down over 2% on profit-booking,negative
"[TGT] fall post-default, NY hearing on Friday",negative
[TGT] flat as investors digest Greek deal,negative
Asset quality concerns persist for [TGT],negative
[TGT] pegs back Britain FTSE after takeover snub,negative
"[TGT] fall, investors wary before US payrolls",negative
[TGT] under pressure as October sales disappoint,negative
Avoid [TGT] in near future: Gaurav Mehta,negative
"Avoid' [TGT] IPO, says KR Choksey",negative
[TGT] drops further on sustained stockists selling,negative
"[TGT] fall on government's measures, subdued demand",negative
Be prepared for 5-10% decline in [TGT]: Experts,negative
Bearish on [TGT] and other OMCs: G Chokkalingam,negative
Bearish on ONGC and other [TGT]: G Chokkalingam,negative
"Bearish on [TGT]: Rajesh Kothari, AlfAccurate Advisors",negative
"Bearish on tyre companies: Rajesh Kothari, [TGT]",neutral
[TGT] falls 5% as Q1 net loss widens,negative
Best to exit [TGT] now: Deepak Mohoni,negative
[TGT]: High raw material cost impacts profitability,negative
[TGT] plunges over 4% as Q2 results disappoints,negative
[TGT] posts Rs 141.63-crore loss in Q1,negative
Blended fuel could add to pressure on [TGT],negative
[TGT] could add to pressure on cane,neutral
[TGT] trade lower than their highs,negative
"[TGT] halts buybacks, dividend increase on stress-test error",negative
Book profits in [TGT]: Harendra Kumar,negative
[TGT] logs world's worst carry trade in 2015,negative
"[TGT] below $92 on weaker dollar, Cushing draw",negative
"Brent below $92 on weaker [TGT], Cushing draw",negative
[TGT] falls after Chinese data; stays below $101,negative
[TGT] Q4 net profit slips by 18%,negative
Call rate above repo; [TGT] yield falls,negative
[TGT] futures decline 0.58 per cent on profit-booking,negative
"[TGT] futures down on low demand, higher arrivals",negative
[TGT] futures fall 0.42 per cent on profit-booking,negative
"CCI smells cartelisation in [TGT] trade, orders probe",negative
"[TGT] smells cartelisation in guar trade, orders probe",neutral
[TGT] futures fall 1.54 pc on sluggish demand,negative
"[TGT] recoup losses on power producers, carmakers",negative
[TGT] closes 2.3% down on CCI report,negative
Coal India closes 2.3% down on [TGT] report,neutral
[TGT] turnover decreases by 40.51 per cent: Report,negative
Concerns over global growth peg back [TGT],negative
"Confused on Budget, [TGT] ends 72 points down",negative
[TGT] futures down 0.83% on subdued spot demand,negative
[TGT] futures gain 0.79% on upsurge in demand,negative
Correction in [TGT] a little worrying: Ashwani Gujral,negative
Costlier [TGT] not palatable to key global consumers,negative
Credit Suisse downgrades [TGT]; stock plunges 15%,negative
[TGT] downgrades Ipca Labs; stock plunges 15%,neutral
[TGT] futures down on weak Asian cues,negative
[TGT] futures fall 0.49% on Asian cues,negative
[TGT] reports 21% decline in Q3 net profit,negative
[TGT] shares down nearly 5% on profit-booking,negative
"Disappointments ahead in [TGT], says Ambit Capital",negative
"Disappointments ahead in consumer staples, says [TGT]",neutral
[TGT] shares down over 4% post earnings,negative
[TGT]: Reviewing $8.4 million penalty slapped by SEBI,negative
DLF: Reviewing $8.4 million penalty slapped by [TGT],neutral
Do not buy [TGT]: Rajesh Jain,negative
[TGT] has worst drop since February: What happened?,negative
[TGT] slips as Sucampo files lawsuit,negative
[TGT] faces talent exodus as key officials quit,negative
"[TGT] fall on sluggish demand, global cues",negative
Egypt crisis likely to keep [TGT] under pressure,negative
[TGT] set for second week in red,negative
Equity markets expect tighter interest rates: [TGT],neutral
[TGT] dips in Asia ahead of ECB comments,negative
[TGT] falls to 22-month low against buoyant dollar,negative
"[TGT] subdued, Russia shares tumble on new sanctions",negative
"Europe subdued, [TGT] shares tumble on new sanctions",negative
[TGT] edge lower after German data miss,negative
[TGT] slide as Greece faces new elections,negative
[TGT] fall back as Ukraine tension grows,negative
"[TGT] slide on lower oil prices, Greece",negative
"European stocks slide on lower [TGT] prices, Greece",negative
[TGT] continue to remain an avoid: Vinay Khattar,negative
Expect choppiness on [TGT] to continue: Mitesh Thacker,negative
[TGT] falls over 12% on weak results,negative
Flat [TGT] OI data hints at trend reversal,negative
"[TGT] edges lower, Next weather warning hits retailers",negative
"FTSE edges lower, Next weather warning hits [TGT]",negative
[TGT] hit by falls at banks and miners,negative
FTSE hit by falls at [TGT] and miners,negative
FTSE hit by falls at banks and [TGT],negative
[TGT] slips nearly 2% after explosion at pipeline,negative
[TGT] Q4 net declines 8.6% to $48.8 million,negative
"[TGT] chief, 25 others suspended from trading",negative
[TGT] to buy DIT Group; stock down,negative
Gitanjali Gems to buy [TGT]; stock down,neutral
[TGT] drop 8.4% in Jan: ICO,negative
Global coffee exports drop 8.4% in Jan: [TGT],neutral
Global growth concerns trim [TGT] weekly gains,negative
"[TGT] extend weakness on sluggish demand, global cues",negative
[TGT] futures down 0.43% on weak global cues,negative
"[TGT] good for short selling: Deepak Mohoni, trendwatchindia.com",negative
"Grasim good for short selling: Deepak Mohoni, [TGT]",neutral
[TGT] Q3 profit dips 26% on sluggish sales,negative
"[TGT] futures decline on mounting stocks, weak export",negative
[TGT] hit by wrong kind of volatility,negative
[TGT]'s Q4 loss widens to Rs 18.33,negative
[TGT] October sales declines 8%; stock down,negative
[TGT]: Growth to remain low for another quarter,negative
[TGT] plunges as Q1 net profit shrinks 67%,negative
"[TGT] benchmark off 5-month high, property drags",negative
"Hong Kong benchmark off 5-month high, [TGT] drags",negative
"[TGT] shares end down, Tencent big drag",negative
"Hong Kong shares end down, [TGT] big drag",negative
"[TGT] fall, but post quarterly gains",negative
Icra downgrades bonds of [TGT],negative
[TGT] downgrades bonds of United Bank of India,neutral
"ICRA holds negative outlook for [TGT], power sectors",negative
"ICRA holds negative outlook for metal, [TGT]",negative
"[TGT] holds negative outlook for metal, power sectors",neutral
IDBI Trusteeship Services sells 3.64 lakh [TGT] shares,negative
[TGT] sells 3.64 lakh Geometric shares,neutral
[TGT] yields fall on Arun Jaitley comments,negative
[TGT] edges lower; state-run banks buying dollars,negative
Institutional investors cut their exposure on [TGT],negative
"[TGT] reports lower 1Q net income, higher revenue",negative
IPL troubles hit [TGT] core business valuation,negative
[TGT] Land Rover CEO David Smith steps down,negative
[TGT] dips over on dismal Q1 earnings,negative
[TGT] continues its plunge; down over 8%,negative
[TGT] plunge on ratings downgrade by ICRA,negative
Jet Airways plunge on ratings downgrade by [TGT],neutral
"[TGT] shareholders allege fraud, company dismisses the charges",negative
[TGT] posts Rs 822 crore Q3 loss,negative
[TGT] shares fall on Macquarie downgrade,negative
Kotak Mahindra Bank shares fall on [TGT] downgrade,neutral
[TGT] likely to underperform in medium-term: Nitin Raheja,negative
Leakgate: [TGT] says probing complaints of insider trading,neutral
Low demand pulls down [TGT] futures,negative
Make a contra call on [TGT]: Hemendra Hazari,negative
[TGT] has fallen a lot: Deepak Mohoni,negative
Margin pressure likely to continue for [TGT],negative
[TGT] on edge ahead of Janet Yellen testimony,negative
[TGT] may be restrained from launching fresh contracts,negative
[TGT] drag down European equities from highs,negative
"[TGT] drops on stockists selling, poor demand",negative
[TGT] falls 0.58 per cent on profit-booking,negative
[TGT] futures remain weak on sluggish demand,negative
More exits from [TGT] top management team,negative
More than half of [TGT] analysts recommend sell,negative
Most [TGT] are fairly valued or expensive',negative
Muted demand drags down [TGT] futures by 1.17%,negative
[TGT] promoters may dilute stake by 10%,negative
[TGT] grey market premium falls by 50%,negative
[TGT] prices have plunged to five-year low,negative
[TGT] Q2 net loss at Rs 25.90 crore,negative
"[TGT] falls 0.12% on weak demand, global cues",negative
[TGT] Q4 net loss at Rs 23.74 crore,negative
Nothing much happening in [TGT]: Deepak Mohini,negative
[TGT] prices down ahead of US stockpiles report,negative
[TGT] prices fall after OPEC keeps production high,negative
Oil prices fall after [TGT] keeps production high,neutral
"[TGT] prices fall, stumbling emerging markets dent outlook",negative
[TGT] prices slide in poor start to week,negative
[TGT] slips towards $110 as supply fears fade,negative
OPEC does little as [TGT] drops under $75/bbl,negative
[TGT] does little as Brent drops under $75/bbl,neutral
[TGT] eases after Greece rejects bailout terms,negative
[TGT] to launch breast cancer drug; stock down,negative
"[TGT] fundamentally very weak: Girish Pai, Centrum Broking",negative
"Patni fundamentally very weak: Girish Pai, [TGT]",neutral
[TGT] shares slump 4.5% on broker downgrades,negative
[TGT] Q1 profit slips to Rs 43.20 cr,negative
[TGT] futures fall 2.58 pc on sluggish demand,negative
Pressure on [TGT] persists as geo-political woes mount,negative
Price of [TGT] spikes on cane shortage fears,negative
[TGT] slide as government intensifies crackdown against hoarding,negative
Putting target number on [TGT] difficult: Avinnash Gorakssakar,negative
[TGT] deals slow down after subsidy announcement,negative
[TGT] plans to sell 5% in tower business,negative
Recommend to be cautious with [TGT]: Jagdish Malkani,negative
Reforms unlikely to impact [TGT]; stock down,negative
"Regulatory, tax pressures likely to hit [TGT] volumes",negative
Retail investors hit by intra-day drop in [TGT],negative
"[TGT] trims initial gains, near 61 against dollar",negative
"[TGT] extends losses, hits lowest since August 1998",negative
[TGT] fall after heavy fighting in Ukraine,negative
"[TGT] net declines 34% to Rs 1,090 cr",negative
SAT upholds Sebi restraint on [TGT],negative
[TGT] upholds Sebi restraint on SMC Global Securities,neutral
SAT upholds [TGT] restraint on SMC Global Securities,neutral
Sebi asks [TGT] to stop providing investment advice,negative
[TGT] asks Moneyworld to stop providing investment advice,neutral
[TGT] remain weak on stockists selling,negative
Selling range of 539-543 suggested for [TGT]: www.aptartindia.com,negative
[TGT] falls 252 points on weak global cues,negative
[TGT] plunges over 426 points in global sell-off,negative
[TGT] retreats from all-time high;ends 190 points lower,negative
[TGT] turn choppy; top ten stocks in focus,negative
[TGT] net profit falls 53% in Q4,negative
[TGT] futures hit four-year low on global cues,negative
[TGT] scrip tanks 5 pc on BSE,negative
SKS Microfinance scrip tanks 5 pc on [TGT],neutral
Slow Asian demand despite multi-year low [TGT] prices,negative
Slowing us truck sales to hit [TGT],negative
[TGT] plunges 8.25% on massive share sale plan,negative
[TGT] shares plunge 12% on ballooning loss forecast,negative
Speculators cut [TGT] long holding for third week,negative
[TGT] falls on importer dollar demand,negative
[TGT] Q1 net loss at Rs 316 cr,negative
"Stay underweight on [TGT], says Dipan Mehta",negative
"Stress in [TGT] stock: Harendra Kumar, Elara Capital",negative
"Stress in Indusind stock: Harendra Kumar, [TGT]",neutral
[TGT] falls as co seeks FCCB payment extension,negative
Subex falls as co seeks [TGT] payment extension,neutral
"[TGT] prices drop on sluggish demand, adequate supply",negative
"[TGT] remains weak on ample supply, low demand",negative
Tax worries drag [TGT] to over one-month low,negative
[TGT] results disappoints on revenue: 10 important takeaways,negative
[TGT]: New layer to oversee verticals; stock down,negative
[TGT] under pressure as S&P raises debt concerns,negative
Telecos under pressure as [TGT] raises debt concerns,neutral
There is jitteriness in the [TGT]: Ashwani Gujral,negative
[TGT] net declines 20% in Januray-March,negative
Tough to curb [TGT] futures volatility: Expert Committee,negative
"Trade cautiously in 500 illiquid stocks: [TGT], BSE",neutral
"Trade cautiously in 500 illiquid stocks: NSE, [TGT]",neutral
[TGT] futures fall 1.51 pc on sluggish demand,negative
[TGT] slump on talk of advertisement curbs,negative
[TGT] promoters sell shares worth Rs 22 crore,negative
Underweight on [TGT] & infrastructure: Blackstone Asia Advisors,negative
Underweight on construction & [TGT]: Blackstone Asia Advisors,negative
Underweight on construction & infrastructure: [TGT],neutral
[TGT] hits five-year low on market rout,negative
[TGT]: Shares fall 7% on mixed production update,negative
Venezuelas vote for change has [TGT] jittery,negative
[TGT] slips over 16% post Crisil downgrade,negative
Venus Remedies slips over 16% post [TGT] downgrade,neutral
[TGT] scandal: Motherson Sumi Systems allays investor fears,negative
Volkswagen scandal: [TGT] Systems allays investor fears,neutral
"[TGT] prices ease on adequate supply, reduced offtake",negative
"[TGT]: Growth could be weak in FY15, too",negative
"[TGT] drops to 2-1/2-month low, stocks close flat",negative
Won't recommend buying into [TGT]: Sudip Bandyopadhyay,negative
[TGT] shares take hit after Alibaba IPO filing,negative
Yahoo shares take hit after [TGT] IPO filing,neutral
[TGT] futures soften 0.67 pc on global cues,negative
[TGT] yield off lows; weakness in rupee hurts,negative
[TGT] yields fall on Rajan comments on inflation,negative
[TGT] yield stays down; Friday debt sale watched,negative
[TGT] yield stays down; Friday's debt sale watched,negative
"2014 will remain challenging for [TGT], say analysts",negative
Aberdeen CEO says [TGT] poses 'huge systemic risk',negative
[TGT] CEO says bond market poses 'huge systemic risk',neutral
Africa to weigh on [TGT]'s earnings near term,negative
[TGT] tumble on Paris attack as Asia stocks retreat,negative
[TGT] slips over 5% post Q3 results,negative
Analysts bearish on [TGT] as Jharkhand shuts bauxite mines,negative
[TGT] shares slump ahead of September 9 iPhone launch,negative
[TGT]'s SIM move chips away at Gemalto's share price,negative
Apple's SIM move chips away at [TGT]'s share price,neutral
[TGT] slips nearly 3% as April sales dip,negative
"[TGT] down but Japan bucks trend, yen slides",negative
"Asia stocks down but Japan bucks trend, [TGT] slides",negative
[TGT] slip as China concerns trump US optimism,negative
[TGT] plunges 9% as board defers delisting offer,negative
[TGT] stake buyers walk out of negotiations over valuations,negative
[TGT] Q2 net loss at Rs 14.21 crore,negative
[TGT] reports Rs 10.65 crore loss in Q4,negative
[TGT] has been in a downtrend: Ashwani Gujral,negative
Balance sheet oriented news driving [TGT]: Nitin Raheja,negative
[TGT] plunges over 18% on poor Q2 results,negative
[TGT] reports Rs 50.76 crore loss in Q3,negative
[TGT] registers Q4 net loss of Rs 17.13 cr,negative
"Bearish on [TGT]: Taher Badshah, Motilal Oswal AMC",negative
"Bearish on commodity space: Taher Badshah, [TGT]",neutral
"[TGT] Q2 loss widens, weak voice revenue hurts",negative
[TGT] delisting plan fails as company misses buyout target,negative
[TGT] see biggest single-day fall in nearly 2 months,negative
Book profits as [TGT] crosses 7800 levels: Ashwani Gujral,negative
[TGT]'s Q2 PAT declines 11.3% to Rs 247.5 crore,negative
"[TGT] climbs towards $101, pulls away from 16-month low",negative
[TGT] drops below $87 as Fed optimism lifts dollar,negative
[TGT] falls close to $69 after Saudi price cut,negative
[TGT] near 13-month low below $103 on brisk supplies,negative
"[TGT]rent steady under $109, set for second weekly loss",negative
"[TGT] resumes slide, hit by emerging market exposure",negative
Brokerages lower [TGT]s target price on disappointing results,negative
BSE writes to Sebi on [TGT] 'unfair' trade practices,negative
BSE writes to [TGT] on NSE 'unfair' trade practices,neutral
[TGT] writes to Sebi on NSE 'unfair' trade practices,neutral
Call for minimum farmgate price for [TGT],negative
[TGT] Q2 net falls 47.2 per cent,negative
[TGT] futures fall 0.77 per cent on profit booking,negative
[TGT] futures fall 0.92 per cent on sluggish demand,negative
[TGT] ends 8% down as share sale bids rejected,negative
[TGT] erases gains; falls 1.54 pc on BSE,negative
Career Point erases gains; falls 1.54 pc on [TGT],neutral
Cautious on four-wheeler stocks including [TGT]: IV Subramaniam,negative
Cautious on [TGT] including Maruti Suzuki: IV Subramaniam,negative
[TGT] may slide to 68-69 levels: Mitesh Thacker,negative
[TGT] futures down 1.53 pc on higher output hopes,negative
"[TGT] shares snap 3 weeks of gains, banks drag",negative
[TGT] close at biggest fall in two weeks,negative
Choppy times ahead for the [TGT]: Religare Mutual Fund,negative
Choppy times ahead for the market: [TGT],neutral
[TGT] Q2 net slips to Rs 24 cr,negative
[TGT] slips; buyback value lower than market price,negative
"CLSA downgrades [TGT] to sell, says risk-reward is unfavourable",negative
"[TGT] downgrades JSPL to sell, says risk-reward is unfavourable",neutral
[TGT] turnover drops by 59 per cent in April-August,negative
[TGT] will dip as super-cycle ends: Goldman Sachs,negative
Condition not in favor of [TGT]: Deven Choksey,negative
"[TGT] futures fall 0.93% on global cues, weak demand",negative
[TGT] softens in futures trade on weak global cues,negative
Corporate earnings likely to remain subdued in Q2: [TGT],neutral
[TGT] futures remain weak on sluggish demand,negative
"Dalal Street experts see [TGT] sinking 1,000 points more",negative
[TGT] posts Rs 11.8 crore loss for April-June,negative
[TGT] shares tank nearly 6% on disappointing Q3,negative
Divestment to remain overhang on [TGT] stock: Parag Thakkar,negative
"[TGT] starts week under pressure, markets eye Jackson Hole",negative
[TGT] wavers in choppy trade as risk aversion rises,negative
Downtrend in [TGT] not over yet: Ashwani Gujral,negative
ECB comments prove to be a drag for [TGT],negative
"[TGT] remain weak on sluggish demand, global cues",negative
"[TGT] to keep buyers away, Saudi budget eyed",negative
[TGT] scrip tank 7% on weak December sales nos,negative
[TGT] hits 9-month low vs dollar on German data,negative
[TGT] Q4 net dips 10% at Rs 132 crore,negative
Expect [TGT] to drift lower towards 5820: Mitesh Thacker,negative
"Falling [TGT] prices may adversely impact India, global markets",negative
Food Ministry to cut down July quota of [TGT],negative
[TGT] Q1 net loss at Rs 46.8 crore,negative
[TGT] Q1 net drops 32% at Rs 424.14 crore,negative
"Gains in [TGT] limited, investors weigh QE3 impact",negative
[TGT] withdraws IPO a day before its closing,negative
[TGT] hits year-low on Maldives civil court order,negative
"[TGT] at three-month low on global cues, weak demand",negative
[TGT] declines before Fed meeting as Ukraine crisis assessed,negative
"[TGT] dips below Rs 28,000-level on weak global cues",negative
"Gold ends steady, [TGT] remains weak on reduced offtake",negative
"[TGT] ends steady, silver remains weak on reduced offtake",neutral
"[TGT] steady, seen vulnerable after strong US jobs data",neutral
[TGT] price ratio may fall as gold cools faster,negative
"[TGT] futures slip 2% on weak domestic, overseas cues",negative
Gulf mixed; [TGT] falls as money flows into Amlak,negative
Gulf mixed; Dubai falls as money flows into [TGT],neutral
[TGT] Q3 net down 23% to Rs 334 crore,negative
"[TGT] fall on clashes, weak China data",negative
[TGT] brews plan to open coffee shop; stock down,negative
[TGT] net decline over 80 pc in Q3,negative
[TGT] falls on S&P downgrade to below investment grade,negative
IDBI falls on [TGT] downgrade to below investment grade,neutral
[TGT] Q3 net declines 27% to Rs 11 crore,negative
"[TGT] Q2 net down 7%, revenues up 24%",negative
Investor sentiment on [TGT] goes from giddy to glum,negative
Investors dump higher [TGT] bets as prices fall: IntercontinentalExchange,negative
Investors dump higher oil bets as prices fall: [TGT],neutral
IPO watch: Invest in [TGT] IPO with caution,negative
[TGT] edges lower as Nomura downgrades stock to 'neutral',negative
ITC edges lower as [TGT] downgrades stock to 'neutral',neutral
[TGT] suffers due to lack of political support,negative
[TGT] head lower to 81-82 levels: Ashwani Gujral,negative
"[TGT] futures remain weak on increased supply, low demand",negative
JGB prices fall as Greek deal boosts [TGT],positive
[TGT] prices fall as Greek deal boosts Japanese stocks,negative
[TGT]s little changed as rebounding stocks temper safe-haven appeal,negative
"[TGT] reports growth in steel production, stock down",negative
[TGT]'s crude steel production up 9%; stock down,negative
Jump in [TGT] price could damp demand: Trade official,negative
Kenneth Andrade exits [TGT] leaving investors jittery,negative
Kochi terminal issues may take a toll on [TGT],negative
[TGT] founders sell 3.2 per cent stake,negative
Lack of liquidity in corporate bonds hits [TGT],negative
[TGT] Q3 loss widens to Rs 616.6 crore,negative
Levels of 15-16 coming on [TGT]: Ashwani Gujral,negative
[TGT] investment calls come under criticism from market participants,negative
[TGT] in financial trouble as prices drop,negative
[TGT] Q2 net profit drops by 35.1 pc,negative
Margin pressure could impact [TGT]s' earnings: Avinash Gorakshekar,negative
"[TGT] fall for 5th straight session, LIC spotted buying",negative
"Markets fall for 5th straight session, [TGT] spotted buying",neutral
"[TGT] moves SAT to sell shares, repatriate funds",negative
"Mavi Investment moves [TGT] to sell shares, repatriate funds",neutral
[TGT] futures fall over 1% on sluggish demand,negative
MF agent's guaranteed returns to [TGT] violate Sebi norms,negative
MF agent's guaranteed returns to Flipkart violate [TGT] norms,neutral
"[TGT] delay IPOs over SKS issue, AP suicides",negative
"Microfinance cos delay IPOs over [TGT] issue, AP suicides",negative
"Monsoon concerns weigh on [TGT] demand, prices at discount",negative
"More lawsuits filed against [TGT], Takata over air bags",negative
"More lawsuits filed against Honda, [TGT] over air bags",negative
More trouble for [TGT] as MCX holds back payment,negative
More trouble for FTIL as [TGT] holds back payment,neutral
[TGT] Q2 standalone loss at Rs 131.75 cr,negative
[TGT] Q2 net dips 19% at Rs 171 crore,negative
[TGT] shares tank 8 pc to one-year-low on BSE,negative
MRPL shares tank 8 pc to one-year-low on [TGT],neutral
[TGT] near-term outlook grim on low availability,negative
[TGT] posts loss of Rs 14.84 cr for Oct-Dec,negative
[TGT] shares down almost 2% after earnings disappoint,negative
[TGT] slips over 1% on gross margins concerns,negative
[TGT] Q2 net dips 57% to Rs 43 cr,negative
[TGT] likely to be on the downside: Mitesh Thacker,negative
"[TGT] to face strong resistance at 8,000: Sandeep Wagle",negative
[TGT] Q2 net falls 35.7% to 40.1 crore,negative
[TGT] drops as investors grow concerned about economic prospects,negative
"[TGT] drops as pension buying slows, Wall Street sags",negative
"[TGT] drops as stronger yen, China worries hurt sentiment",negative
Not betting hugely on [TGT]: Ashwani Gujral,negative
"Not excited about [TGT]: Gaurav Mehta, Ambit Capital",negative
"Not excited about NBFC space: Gaurav Mehta, [TGT]",neutral
NSEL scam: [TGT] chief sent in police custody,negative
Oil hits two-year low; [TGT] rises ahead of Fed,positive
[TGT] hits two-year low; dollar rises ahead of Fed,negative
[TGT] prices plunge after OPEC decides against output cut,negative
Oil prices plunge after [TGT] decides against output cut,neutral
"[TGT] disappoints on debut trade, stock falls sharply",negative
"[TGT] profit dips 14%; plans to hire 1,000",negative
[TGT] Q4 net loss at Rs 311 crore,negative
"Poor show in domestic business, disappointment for [TGT] investors",negative
"[TGT] tumble on dollar; investors monitor China, Fed",negative
[TGT] reports Rs 20-crore standalone loss in July-September,negative
"Profit booking grips [TGT], top ten stocks in focus",negative
Profit-booking pulls down [TGT] by 2.54 pc on BSE,negative
Profit-booking pulls down RIL by 2.54 pc on [TGT],neutral
Promoter group pares 3.24% stake in [TGT],negative
[TGT] likely to break down: Mitesh Thacker,negative
[TGT] plunges 25% in two sessions after USFDA ban,negative
"[TGT] stays at near 1-month low, closes at 46.36/dollar",negative
[TGT] to remain under pressure for long: IIFL,negative
[TGT] seem to be falling sharply: Ashwani Gujral,negative
Regulatory concerns weighing on [TGT]: Kunj Bansal,negative
REITs not an immediate game changer for [TGT],negative
Return on equity bottoming but priced in: [TGT],neutral
"[TGT] slips 6%, cuts losses after Deutsche upgrade",negative
"Rolta India slips 6%, cuts losses after [TGT] upgrade",neutral
[TGT] touches new 2015 low as oil price retreats,negative
[TGT] trades in bear market as China stockpiles swell,negative
"[TGT] at 60.26, down 18 paise vs US dollar",negative
[TGT] fails to maintain initial gains vs US dollar,negative
[TGT] falls 8 paise against dollar in early trade,negative
"[TGT] trims initial losses, trades at 62.35 vs dlr",negative
[TGT] weakens to near 1-month low on Fed worries,negative
"[TGT] falls below 1,400 points, lowest since mid-May",negative
Russia's largest lender sees [TGT] falling further in 2016,negative
"[TGT], won fall, battered by lower commodity prices",negative
"S.Korea stocks, [TGT] fall, battered by lower commodity prices",negative
Salary hikes likely to impact operating margins of [TGT],negative
SAT rejects [TGT] appeal in shareholding norms case,negative
[TGT] bonds revive grey market; draw criticism from investors,negative
[TGT]'s first bond sale botched up on regulatory order,negative
Sebi rejects [TGT] promoter plea for waiving interest,negative
[TGT] rejects Alka India promoter plea for waiving interest,neutral
[TGT] slaps Rs 8 lakh fine on six companies,neutral
SEC probes [TGT] chief Bill Gross ETF bond fund,negative
[TGT] probes Pimco chief Bill Gross ETF bond fund,neutral
"Select [TGT] fall on sluggish demand, global cues",negative
Sell [TGT] with target of Rs 255: Sandeep Wagle,negative
[TGT] falls from days high; top 20 trading bets,negative
[TGT] falls in-line with emerging markets; feels selling pressure,negative
[TGT] under pressure; here what experts are betting on,negative
[TGT] reverses gains after weak manufacturing data,negative
[TGT]: Weak freight rates remain a major concern,negative
"[TGT] futures down 1.16% on profit-booking, weak global cues",negative
[TGT] plunges over 2 per cent on global cues,negative
[TGT] remains down in futures trade tracking global cues,negative
Slump in [TGT] after profit warning hits European shares,negative
Slumps at [TGT] and RSA weigh on European shares,negative
[TGT] cracks nearly 6%; here what the management says,negative
[TGT] sinks over 6% despite airline talk on funds,negative
[TGT]'s Q3 loss widens in battle to stay afloat,negative
[TGT] Q3 net loss narrows at Rs 437.9 crore,negative
[TGT] Q3 net loss widens to Rs 760 crore,negative
Stay away from [TGT] at current levels: Pramod Gubbi,negative
Stay away from [TGT] for now: Deven Choksey,negative
Steady supply keeps [TGT] below $100 a barrel,negative
[TGT] decline on weak China factory output data,negative
"[TGT]: Recovery on track; costs, competition may hurt company",negative
"[TGT]' business model not exciting: Mayuresh Joshi, Angel Broking",negative
"Talwalkars' business model not exciting: Mayuresh Joshi, [TGT]",neutral
[TGT] have very stretched balance sheets: : ASK Investment,negative
Telcos have very stretched balance sheets: : [TGT],neutral
[TGT] pare gains as SC rejects license extension plea,negative
[TGT] likely to remain under pressure: Vijay Bhambwani,negative
"[TGT]: Competition, high input cost to hit cos hard",negative
[TGT] cracks over 3% as Rakesh Jhunjhunwala cuts stake,negative
[TGT] weigh on UK FTSE after RJR fine,negative
Tobacco stocks weigh on UK FTSE after [TGT] fine,negative
[TGT] futures down 1.27 per cent on sluggish demand,negative
[TGT] net profit slips to Rs 111.36 cr;stk down,negative
[TGT] suspends trading after just an year,negative
UP [TGT] output drop by 10% sends ominous signals,negative
US stocks: Wall Street ends down following [TGT] outlook,negative
[TGT] shares slump; a look at Volkswagen's emissions crisis,negative
[TGT] net profit slips despite a 34% revenue jump,negative
Weak opening likely as [TGT] Q4 hurt sentiment,negative
"With 35% net drop, [TGT] drives home India slackness",negative
[TGT] leads Asia FX losses as Fed seen hawkish,negative
Won leads [TGT] losses as Fed seen hawkish,negative
[TGT] at 6-month low as growth worries mount,negative
[TGT] in biggest fall since 1994 after surprise devaluation,negative
[TGT] Q2 net loss at Rs 91.63 crore,negative
[TGT] yield eases tracking fall in global oil prices,negative
10-year bond yield eases tracking fall in global [TGT] prices,negative
150 has been strong resistance for [TGT]: Sanjeev Agarwal,negative
2G scam: [TGT] shares down on CBI probe report,negative
"AAP effect? [TGT] slips below Rs 800, expert gets bearish",negative
"[TGT] stocks plummet further, RCOM hits record low on BSE",negative
"ADAG stocks plummet further, [TGT] hits record low on BSE",negative
"ADAG stocks plummet further, RCOM hits record low on [TGT]",neutral
[TGT] posts lower Q3 loss at Rs 426 crore,negative
[TGT] trebled quarterly losses in July-September over previous year,negative
All founders of [TGT] quit to form new fund,negative
Analyst community took long to downgrade [TGT]: Hemindra Hazari,negative
Analysts advise cutting longs as [TGT] seen slipping to 8500-8600,negative
"[TGT] slip on Greek default fears, Fed meeting awaited",negative
[TGT] shares plunge over 6% ahead of board meet,negative
"[TGT] shares fall; company comes under USFDA lens, again",negative
"[TGT] pare gains on NY Ebola case, financials underpin",negative
"[TGT] down from 1-month highs, big-name stocks sell off",negative
[TGT]: Dollar hits where it hurts the most,negative
[TGT] unlikely to rally in short term: Mitesh Thacker,negative
[TGT] Q3 net dips 21 pc to Rs 46 cr,negative
[TGT]'s run-up on bourses amid the slump is probably overdone,negative
"[TGT] yield slips below repo, may herald a rate cut",negative
"[TGT] yields edge down at open, tracking oil, US peers",negative
[TGT] yields ease on renewed risk aversion in global markets,negative
[TGT] crude drops below $98; weak demand outweighs geopolitical worries,negative
"[TGT] falls towards $85 amid supply glut, lower price forecasts",negative
[TGT] slips below $72 after sharp rally in volatile market,negative
[TGT] falls as concern grows over violence in Iraq,negative
[TGT] touches 12-month low as global growth concerns gnaw,negative
[TGT] Q1 net down 25% at Rs 28.78 crore,negative
"[TGT] futures extend losses,down 1.05 per cent on sluggish demand",negative
Carl Icahn says his firm sold remainder of [TGT] stake,negative
Caution advised for [TGT] at current levels: Sudip Bandyopadhyay,negative
CBI examines ex-[TGT] chairman C B Bhave in MCX case,negative
CBI examines ex-Sebi chairman C B Bhave in [TGT] case,negative
[TGT] October-December net declines 66% to Rs 62 crore,negative
[TGT] cracks 15% after posting net losses in Q2,negative
"[TGT] falls, seen remaining weak in the near term",negative
[TGT] retreats from near 5-month high versus US dollar,negative
Citigroup downgrades [TGT] to 'neutral' from 'buy' citing valuations,negative
[TGT] downgrades Maruti Suzuki to 'neutral' from 'buy' citing valuations,neutral
[TGT] falls; offtake adjusted for power demand worries investors,negative
[TGT] Q1 net down 27.16% at Rs 134.91 crore,negative
"[TGT] weakens in futures trade on global cues, subdued demand",negative
[TGT] Q3 profit dips 58% to Rs 127 crore,negative
"Court issues fresh summons to [TGT], its chief Subrata Roy",negative
Court may soon appoint liquidator in [TGT] case: Police officials,negative
[TGT] futures weaken by 0.17% on low demand,negative
"Cut long positions if [TGT] falls below 7,820: Mitesh Thacker",negative
[TGT] falls as reports name ex-Director in black money list,negative
"[TGT] may sell stake to raise Rs 1,200 cr",negative
"Day after stake sale, [TGT] shares slip 4 per cent",negative
[TGT] Q2 net down 9% at Rs 37.72 crore,negative
[TGT] sales in domestic market remains flat despite regulatory measures,negative
Difficult for [TGT] to cross 66-67 levels: Mitesh Thacker,negative
[TGT] falls 5%; BSE removes stock from Group A category,negative
DLF falls 5%; [TGT] removes stock from Group A category,neutral
[TGT] under pressure after shake out of crowded bullish positions,negative
"Ebbing global cues, weak domestic demand bring down [TGT] futures",negative
EGoM could be slightly negative for [TGT]: Prashasta Seth,negative
[TGT] Q4 net profit dips by 45 per cent,negative
[TGT] slumps 6% post 33% decline in Q2 net profits,negative
[TGT] reports Q3 net loss at Rs 2.47 crore,negative
Energy shares drag on Wall Street as [TGT] prices fall,negative
"[TGT] slumps 6.4 per cent, below delisting floor price",negative
"[TGT] heads towards 9-month lows, Germany ZEW survey seen weak",negative
[TGT] dip after ECB rally; eyes on US payrolls,negative
[TGT] sink to 3-1/2 month low in broad sell-off,negative
"Exclusion from F&O, liquour ban in Kerala hurts [TGT]",negative
"Expect market volatility to continue: Arindam Ghosh, [TGT]",neutral
Eyes on [TGT] zone inflation after Fed tempers dollar rally,negative
Farmers in distress as [TGT] prices languish at 5-year low,negative
FII buying in [TGT] crosses limit; no further purchase,negative
[TGT] slip $ 500 million to $ 293.97 billion,negative
[TGT] to transfer land assets to REIT; stock down,negative
Fortis Healthcare to transfer land assets to [TGT]; stock down,neutral
Friday redux: [TGT] fall in final hour of trading,negative
[TGT] Q3 Net declines 70.6% at Rs 50.46 cr,negative
[TGT] Q2 Net down 14.56% to Rs 98.29 crore,negative
"Global [TGT] prices slide, rout undeterred by US jobs data",negative
Global weakness turned [TGT] towards a flat day: Ashwani Gujral,negative
[TGT] Q3 net 4.71 pc down at Rs 71.19 cr,negative
[TGT] Q1 net loss shrinks to Rs 429 crore,negative
[TGT] Q4 net down 29.28% at Rs 236.28 crore,negative
"[TGT] dips for sixth day on sustained selling, global cues",negative
Gold down as [TGT] rises on US rate hike talk,positive
[TGT] down as dollar rises on US rate hike talk,negative
"[TGT] holds steady below $1,300 an ounce; investor interest muted",negative
"[TGT]old steadies near $1,200 as oil firms; sentiment remains bearish",negative
Goldman Sachs remains underweight on [TGT] for next 12 months,negative
[TGT] remains underweight on commodities for next 12 months,neutral
"Government sells 9% stake in [TGT], shares fall 3%",negative
[TGT] Q4 net declines 16.92% to Rs 679.27 crore,negative
[TGT] likely to postpone IPO as merchant bankers advise caution,negative
"GST, MAT issue key concerns for the [TGT]: Ajay Bagga",negative
[TGT] reports Rs 64.30 crore net loss in Q1,negative
[TGT] shares fall 10 per cent after trading resumes,negative
[TGT] slips over 1% on weak October-December quarter outlook,negative
"[TGT] is down on subdued banking space: Pankaj Pandey, ICICIdirect.com",negative
"HDFC is down on subdued banking space: Pankaj Pandey, [TGT]",neutral
[TGT] MD Sarang Wadhawan sells 26 lakh shares of company,negative
[TGT] Q4 net profit down 72% at Rs 31.89 crore,negative
[TGT] Q1 net loss at Rs 8 crore,negative
Hero MotoCorp replaces [TGT] as JPMorgan top stock to avoid,positive
[TGT] replaces HUL as JPMorgan top stock to avoid,negative
Hero MotoCorp replaces HUL as [TGT] top stock to avoid,neutral
[TGT] stock falls 6% as profit growth comes under pressure,negative
High valuations keeping investors away from [TGT] counters: Deven Choksey,negative
Higher supply pulls down [TGT] at futures trade,negative
"[TGT] clocks 37% dip in net to Rs 2,456 crore",negative
[TGT] plunges 10% as government decides to shutdown sick PSUs,negative
[TGT] main share index ends lower in weak volumes,negative
[TGT] stocks valuations not very attractive: Angel Broking,negative
Housing finance cos stocks valuations not very attractive: [TGT],neutral
[TGT] investors oppose stake sale in US based company,negative
I don't see strong momentum in [TGT]: Mitesh Thacker,negative
[TGT] slips over 14% after govt raises stake to 55.57%,negative
[TGT] yields edge lower at open on bargain buying,negative
Inflation & corporate governance biggest market worries: [TGT],neutral
International Energy Agency sees bear [TGT] as stocks balloon,negative
[TGT] sees bear oil market as stocks balloon,neutral
[TGT] Q3 net dips 73.81 pc to Rs 101.70 cr,negative
[TGT] slips over 2% as July-September profit lags some estimates,negative
[TGT] Q4 net down 28% to Rs 109 crore,negative
[TGT] may not enjoy the rupee edge for long,negative
[TGT] drag Sensex lower; top ten stocks in focus,negative
IT stocks drag [TGT] lower; top ten stocks in focus,negative
[TGT] consolidated net profit down 15 per cent,negative
[TGT] falls on weak December quarterly earnings,negative
[TGT] under pressure; down up to 3.5 per cent,negative
[TGT] will decline with other commodity stocks: Ashwani Gujral,negative
Jindal Steel will decline with other [TGT]: Ashwani Gujral,negative
[TGT] shares slump over 10% amid reports of bids rejection,negative
[TGT] slips 4% as FII holding hits trigger limit,negative
[TGT] slips nearly 3% as promoters plan stake sale,negative
Kerala government's subsidy skids off track as [TGT] prices fall,negative
Lack of clarity on [TGT] exports vexes mill owners,negative
"Liquidity overhang hits [TGT] margin, net flat at Rs 2,479cr",negative
LKP Merchant Financing sells [TGT] shares worth Rs 7 crore,negative
[TGT] sells Kingfisher shares worth Rs 7 crore,neutral
[TGT] Q1 net loss widens at Rs 31.57 crore,negative
[TGT]'s prospects don't look promising: Mayuresh Joshi,negative
"Maintain a sell call on [TGT], says Sandeep Wagle",negative
[TGT] shares fall 18 per cent after latest disaster,negative
[TGT] in in talks with Oberoi Realty; stock down,negative
Mandarin Oriental in in talks with [TGT]; stock down,neutral
[TGT] shares tank over 9% on stake sale reports,negative
"[TGT] remain choppy, get used to smaller profits: Ashwani Gujral",negative
[TGT] posts Q4 net loss at Rs 13.47 cr,negative
"[TGT] ends 4% lower on weak Q4 outlook, Kotak downgrade",negative
"MindTree ends 4% lower on weak Q4 outlook, [TGT] downgrade",neutral
[TGT] Q4 net profit falls 8.6% at Rs 129 crore,negative
[TGT] down as iron ore hits 5-1/2 year low,negative
[TGT] posts Rs 26 crore loss in September quarter,negative
"Monsoon fears, tight NPA norms weigh on [TGT]",negative
[TGT] faces opposition to China inclusion in key index: Sources,negative
[TGT] may not get past 155 levels: Ashwani Gujral,negative
[TGT] Q2 profit down 12% at Rs 54 crore,negative
[TGT]: Dull demand unlikely to help upturn in prices,negative
"[TGT] on disinvestment radar this fiscal, SAIL FPO next month",negative
"NBCC on disinvestment radar this fiscal, [TGT] FPO next month",neutral
[TGT] Q2 consolidated net loss at Rs Rs 15.26 crore,negative
"Negative on [TGT]: Ambareesh Baliga, Way2Wealth Brokers Pvt. Ltd",negative
"Negative on Tata Motors: Ambareesh Baliga, [TGT]",neutral
New Companies Act may hurt [TGT] bond sales,negative
[TGT] Q2 net profit drops 9.67% to Rs 707.58 crore,negative
Nikkei extends losses into fourth day on [TGT]'s sudden revival,positive
[TGT] extends losses into fourth day on yen's sudden revival,negative
[TGT] falls to 1-week low as Japan recession spooks market,negative
No relief for [TGT] in the near term: Five facts,negative
"North America puts its drilling projects on hold, [TGT] slips",negative
Northern Trust sells [TGT] shares worth Rs 84 crore,negative
[TGT] sells Satyam Computer shares worth Rs 84 crore,neutral
"[TGT] dives to new depths, rush to safety aids yen",negative
[TGT] Q3 net down by 20.7% to Rs 22.57 crore,negative
"[TGT] not a favourite: Vetri Subramaniam, Religare Mutual Fund",negative
"OMC space not a favourite: Vetri Subramaniam, [TGT]",neutral
[TGT] gains; Q1 net profit falls 16%,negative
[TGT] Q3 net profit falls 39% to Rs 11 crore,negative
[TGT] tanks as open offer price lower than CMP,negative
[TGT] can be a little volatile both ways: Deepak Mohoni,negative
[TGT] Q2 net down 21.48% at Rs 17.32 crore,negative
[TGT] Q4 net down 36.98% at Rs 9.9 crore,negative
[TGT] shares tumble over 9% on weak Q2 results,negative
[TGT] net loss at Rs 73.6 crore in Jan-Mar quarter,negative
RBI's steps to curb rupee fall spook [TGT]: Tirthankar Patnaik,negative
Restructured asset to post challenges for [TGT]: Pankaj Pandey,negative
[TGT] off highs on suspected Reserve Bank of India intervention,negative
[TGT] sees biggest single-day fall in a month; FM awaited,negative
[TGT] Q2 Net declines 64% to Rs 10.13 crore,negative
Sebi imposes Rs 26 lakh penalty on [TGT] promoters,negative
[TGT] imposes Rs 26 lakh penalty on Safari Industries promoters,neutral
Securities Appellate Tribunal backs Sebi order against [TGT],negative
[TGT] backs Sebi order against Usha India Ltd,neutral
Securities Appellate Tribunal backs [TGT] order against Usha India Ltd,neutral
Sell [TGT] with target of Rs 1370: Sandeep Wagle,negative
"Sell [TGT] with a target of Rs 1,320: Mitesh Thacker",negative
SELL [TGT] with a target of Rs 178: Sandeep Wagle,negative
Sell [TGT] with target price of Rs 342: Ashwani Gujral,negative
Sell [TGT] with a target of Rs 2400: Mitesh Thacker,negative
Sell [TGT] with a target of Rs 149: Prakash Gaba,negative
[TGT] cracks over 100 points; Top ten stocks in focus,negative
[TGT] Q2 net drops 19% to Rs 13 crore,negative
"[TGT]'s fourth quarter net loss widens on costs, revenue strong",negative
"[TGT] fall on profit-taking, flat for holiday-shortened week",negative
Spike in [TGT] prices hits traders of paper gold,negative
[TGT] slumps on low valuation of American Tower-Viom deal,negative
[TGT] net loss widens to Rs 391 cr in Q1,negative
[TGT] Q4 net loss significantly narrows at Rs 445 cr,negative
"Stay away from [TGT]: Mehraboon Irani, Nirmal Bang Securities",negative
"Stay away from construction sector: Mehraboon Irani, [TGT]",neutral
Stay out of [TGT] at the moment: Ashit Suri,negative
[TGT] edges down on dovish BoE comments; eyes on Fed,negative
Sterling edges down on dovish [TGT] comments; eyes on Fed,neutral
"[TGT] hits 2-month low, caution ahead of BOE Inflation Report",negative
[TGT] plunges as TNPCB orders closure of smelter plant,negative
[TGT] Q2 Net declines 33% to Rs 315 crore,negative
"[TGT] rallies 14%, hits 52-week high on stake sale reports",negative
"[TGT] announces top management changes, Shiv Sethuraman moves out",negative
[TGT] weighed down due to ongoing spectrum auctions: Deven Choksey,negative
[TGT] Q3 net declines 55.53% at Rs 7.87 cr,negative
"Tepid response to [TGT] IPO, 26% subscribed on Day 2",negative
Tough for [TGT] to cross Rs 680-685: Mitesh Thacker,negative
"Tough times ahead for investors: Arvind Sanger, [TGT]",neutral
TPG keen to sell balance 10% in [TGT],negative
[TGT] keen to sell balance 10% in Shriram Transport Finance,neutral
Trading firms raised early concerns about [TGT]' dark pool: Reports,negative
"[TGT] futures fall 2% on fall in demand, profit booking",negative
U.S. billionaire Wilbur Ross cashes out [TGT] stake,negative
[TGT] plunges as CBI begins fresh probe in 2G case,negative
[TGT] Q2 net profit down 48% at Rs 25.57 crore,negative
[TGT] Q3 net declines 19% at Rs 65 cr,negative
Unusual trades in December series Nifty options under [TGT] lens,neutral
[TGT] softens as traders look to ECB policy meeting,negative
Valuations have been fairly expensive in [TGT]: IV Subramaniam,negative
[TGT] Q4 Net down 47% at Rs 86.42 crore,negative
[TGT] Q2 operating loss narrows to Rs 47 crore,negative
[TGT] Q4 net dips 29% to Rs 97 crore,negative
[TGT] Q4 net profit declines marginally to Rs 1.09 crore,negative
Volatility higher but fall in contract value hits [TGT] turnover,negative
[TGT] Q3 down 19.38 per cent at Rs 61.92 crore,negative
Wagon supply delay drags [TGT] into Rs 3.5 crore loss,negative
Warren Buffett cuts [TGT] stake to below 3 per cent,negative
[TGT] comes under tax surveillance for 'Body shopping'; stock falls,negative
[TGT]'s stock plummets 8% today; not an opportunity to buy,negative
Would not take a position on the [TGT]: Deepak Mohoni,negative
[TGT] may find it tough to grow retail biz,negative
[TGT] Q3 net loss widens to Rs 3.75 cr,negative
[TGT] Q2 Net declines by 4.7% at Rs 67.31 crore,negative
[TGT] reports Rs 98 crore loss in Q1,negative
[TGT] yield edges down on value buying; sale papers in line,negative
[TGT] yield to fall to 8-8.25% after FII limit rejig: BofA,negative
"2G auction: [TGT] seen correcting, call charges may get higher",negative
[TGT] OIS rate at 16-month low on early rate cut hopes,negative
7 [TGT] promoters sell 25L DVR shares for Rs 71cr,negative
[TGT] Q3 net profit declines 84% to Rs 68 crore,negative
"All action on 30 stocks in [TGT], small- and mid-caps ignored",negative
"[TGT] effect: Investor confidence dampens, corporate bond yields go up",negative
[TGT] will face resistance around 110-120 levels: Rohit Shinde,negative
[TGT]'s stock dips over 4% as concerns mount about iPhone shipments,negative
[TGT] Q1 Net falls 17 pc to Rs 7.97 crore,negative
[TGT] Q1 net loss widens 4.97% at Rs 128.91 crore,negative
[TGT] close lower for fourth session but recover from lows,negative
[TGT] fall as investors take profits after weeks of gains,negative
Avoid [TGT] until the problems are solved: P Phani Sekhar,negative
Bad loans widens [TGT] Oct-Dec loss to Rs 119 crore,negative
Barclays expects [TGT] prices to struggle as Fed plans rate hike,negative
[TGT] expects gold prices to struggle as Fed plans rate hike,neutral
Be cautious as far as [TGT] is concerned: Dipan Mehta,negative
"[TGT]'s Q3 net profit down 30%, to Rs 23.16 cr",negative
[TGT]'s investors may have to get ready for a long haul,negative
BJP manifesto fails to lift Street; [TGT] records triple digit cut,negative
[TGT] slips towards $92 on weak German industrial data,negative
"[TGT] falls below $103 on higher Libyan output, lower geopolitical risk",negative
[TGT] sinks to lowest in 15 months on robust US data,negative
Buying [TGT] tend to be fairly risky: Nine Rivers Capital,negative
"[TGT] futures slip 2.41 per cent to Rs 4,204 per quintal",negative
[TGT] December qtr net falls 65% to Rs 62 crore,negative
[TGT] Q4 net down 5 per cent to Rs 243 crore,negative
[TGT] futures down 1.55 per cent on muted spot demand,negative
"[TGT] hits 4-1/2-month high, spot rate set to cross midpoint",negative
[TGT] banned from demanding repayment from brokerages ahead of deadline,negative
[TGT] IPO reminds of betrayal; Balco workers yet to get shares,negative
CIL IPO reminds of betrayal; [TGT] workers yet to get shares,neutral
"[TGT] urges China's central bank to cut rates, reserve requirements",negative
"Citic Securities urges [TGT] to cut rates, reserve requirements",neutral
[TGT] promoter sells 12 lakh shares for over Rs 23 crore,negative
CNX IT nearing 9200 could put pressure on [TGT]: Mitesh Thacker,negative
[TGT] nearing 9200 could put pressure on Nifty: Mitesh Thacker,neutral
[TGT] brace for more woe ahead of US Federal rate decision,negative
[TGT] pare $40 billion of hedge funds' wealth since 2008: Report,negative
[TGT] net profit declines to Rs 49.57 cr in March quarter,negative
[TGT] futures soften 0.58 per cent on sluggish demand,negative
"Daiichi Sankyo's $3.6 billion exit from Sun Pharma hits [TGT], stocks",negative
"Daiichi Sankyo's $3.6 billion exit from [TGT] hits rupee, stocks",negative
"[TGT]'s $3.6 billion exit from Sun Pharma hits rupee, stocks",neutral
[TGT] extends fall as CEO resigns; stock down over 9%,negative
[TGT] Q2 down 28.24 per cent at Rs 11.18 crore,negative
"Difficult to predict anything in [TGT]: Deepak Shenoy, Capital Mind",negative
"Difficult to predict anything in power sector: Deepak Shenoy, [TGT]",neutral
Disturbance in Saudi oil space can cause [TGT] fall: Ambit Capital,negative
[TGT] seeks interim relief from capital market ban; stock in red,negative
Don't get into [TGT] which are making 52-week lows.: Ashwani Gujral,negative
Don't recommend buying in [TGT] at current levels: Sandip Sabharwal,negative
[TGT] posts net loss of Rs 23 crore in Q4,negative
[TGT] hits year low on reports of I-T dept raid,negative
[TGT] falls 2.5% as delisting price at discount to CMP,negative
[TGT] falls to 19-month low versus Swiss franc on easing bets,negative
[TGT] flat in Asia after drop on ECB easing plan reports,negative
"[TGT] slides to 3-month low on German data, EU election uncertainty",negative
[TGT] to fall below parity with dollar by 2017: Deutsche Bank,negative
Euro to fall below parity with dollar by 2017: [TGT],neutral
[TGT] yields fall as markets refocus on QE prospects,negative
Exit from [TGT] as the stock has gone down: Rajat Bose,negative
Experts expect [TGT] to fall against dollar despite Moodys rate lift,negative
Experts expect rupee to fall against dollar despite [TGT] rate lift,neutral
Exporters worry as [TGT] breaks free; further strengthening could spook exporters,negative
"Facing a Rs 2,700-crore loss, FIs swoop down on [TGT]",negative
Falling knives and dead cats: When will the [TGT] slump end?,negative
"FIIs concerned about policy paralysis post elections: Anup Bagchi, [TGT]",neutral
[TGT] slips 20% after government  orders merger with NSEL,negative
Financial Technologies slips 20% after government  orders merger with [TGT],neutral
"For [TGT], worst is all but over",negative
"For [TGT], valuations higher than what they can sustain: Prateek Agarwal",negative
[TGT] profits suffer decline in FY14; Citibank bucks the trend,negative
Foreign bank profits suffer decline in FY14; [TGT] bucks the trend,negative
FTIL drags [TGT] to court over amended shareholding norms,negative
[TGT] drags Forward Markets Commission to court over amended shareholding norms,neutral
Fuel & debt woes may blow out [TGT] stocks gains,negative
Funds in a bind as Sebi acts tough on [TGT],negative
Funds in a bind as [TGT] acts tough on minimum capital,neutral
[TGT] FY'11 net profit down 26% at Rs 44.15 crore,negative
"Global cues making [TGT] move, and FIIs getting bearish: A worry?",negative
[TGT] posts Rs 670.89 lakh net loss in Q1,negative
[TGT] at 2-week low on easing of import curbs by RBI,negative
"[TGT] demand falls in Q2 as jewellery, bar sales slide: WGC",negative
[TGT] drops to 3-week low after Fed optimism over US economy,negative
[TGT] offtake slows as consumers expect price correction despite global uptrend,negative
[TGT] prices fall over 1% to new 8-month lows after FOMC,negative
"[TGT] treads water below $1,300 ahead of Fed statement, economic data",negative
"[TGT] tumbles by Rs 340 on fall in demand, global cues",negative
[TGT] reports net loss of Rs 7.98 crore in Q2,negative
"Growth fears weigh on major shares, [TGT] up after big slide",positive
[TGT] slides 4% as Macquarie Bank cuts stake by 2/3rd,negative
Hathway Cable slides 4% as [TGT] cuts stake by 2/3rd,neutral
"Have a sell call on [TGT]: Kunal Saraogi, Technical Analyst",negative
[TGT] shares slump 10% as March quarter net loss widens,negative
Heavy selling leads to plunge in spot and future [TGT] prices,negative
[TGT] reverse losses of nearly 2%; Q3 results below estimates,negative
"[TGT] end down, losses limited by better-than-expected China data",negative
[TGT] post biggest daily loss in over 7 months,negative
"ICRA places [TGT] on ratings watch, cites management control dispute",negative
"[TGT] places SMILE Microfinance on ratings watch, cites management control dispute",neutral
IiAS tells Maruti's institutional holders to oppose [TGT]s's proposed Gujarat plant,negative
IiAS tells [TGT]'s institutional holders to oppose Suzukis's proposed Gujarat plant,neutral
[TGT] tells Maruti's institutional holders to oppose Suzukis's proposed Gujarat plant,neutral
[TGT] Q1 net drops 64% on lower demand for ferro alloys,negative
IMFA Q1 net drops 64% on lower demand for [TGT],negative
[TGT] prices crash in domestic market due to huge imports,negative
"In short term, use bouncebacks on [TGT] to sell: Sandeep Wagle",negative
[TGT] posts Rs 31 crore net loss in January-March quarter,negative
"India love affair with [TGT] may be over, as prices slide",negative
[TGT] Q1 net loss widens to Rs 34.82 cr,negative
"Indicators pointing downwards, [TGT] may break below 5,970 levels: Mitesh Thacker",negative
[TGT] shares fall over four per cent on RBI move,negative
IndusInd Bank shares fall over four per cent on [TGT] move,neutral
[TGT] slips over 2% as FII investments reach trigger limit,negative
[TGT] marginally in red as BPO unit sacks CFO Abraham Mathews,negative
[TGT] to be dead for next 6-8 months: Ashwani Gujral,negative
[TGT] Q2 Net declines 12.73 pc to Rs 13.84 crore,negative
[TGT] Q2 net profit down 12% at Rs 107 crore,negative
"[TGT]: Debt pile, slow progress of projects weigh down the company",negative
[TGT] Q1 net profit down 11.71% to Rs 209.94 cr,negative
[TGT] stock tanks on brand sale to J&J,negative
[TGT] standalone net profit at Rs 2011 cr; stock down,negative
[TGT] Q3 Net declines 10.9 pc to Rs 33.59 cr,negative
[TGT] Q3 net profit down 35% to Rs 19.15 crore,negative
[TGT] shares tank almost 10 per cent on disappointing results,negative
LIC reduces stake in [TGT] by over 2 per cent,negative
[TGT] reduces stake in Tata Chemicals by over 2 per cent,neutral
"[TGT] stocks hit on Bihar alcohol ban, but analysts not worried",negative
[TGT] loses attempt to buy back bonds and save $1.5 billion,negative
[TGT] eyes biggest weekly loss in more than three years,negative
"Lot of negativity in [TGT]: Vikas Khemani, Edelweiss Securities Ltd",negative
"Lot of negativity in Telecom stocks: Vikas Khemani, [TGT]",neutral
[TGT] Q2 net dips 35 per cent to Rs 409 crore,negative
[TGT] Q2 PAT down 4.33% at Rs 946.63 crore,negative
[TGT] snaps 5-day decline but China outlook caps gains,negative
"Marginally bearish on [TGT], sell a 6400 strike call: Mitesh Thacker",negative
Market participants being cautious on [TGT] ahead of earnings: Deven Choksey,negative
[TGT] may be choppy for the next few days: Mitesh Thacker,negative
[TGT] falls nearly 7% as Q3 PAT falls short of expectations,negative
"Momentum broken, more pullback seen in the [TGT]: Mitesh Thacker",negative
"Most [TGT] slip on anxiety over Iraq, dollar edges up",negative
"[TGT] nose dives by 27 pc on weak numbers, hits year-low",negative
[TGT]'s net profit up at Rs 228.46 cr; stock down,negative
[TGT] net profit declines 35 per cent in April-June,negative
Narendra Modi as prime minister not good news for [TGT],negative
"Negative on entire [TGT]: Dipan Mehta, Member, BSE and NSE",negative
"Negative on entire commodity space: Dipan Mehta, Member, [TGT] and NSE",neutral
"Negative on entire commodity space: Dipan Mehta, Member, BSE and [TGT]",neutral
[TGT] stock tanks 5%; issue subscribed 24 pc in early trade,negative
[TGT] Q3 net profit drops about 17% to Rs 259.35 crore,negative
[TGT] once again fails to get pass 6350 mark: Mitesh Thacker,negative
"[TGT] in no-trade zone, be stock-specific in the market: Sandeep Wagle",negative
[TGT] edges down as cyclical shares sold; trading thin before events,negative
[TGT] ends lower in subdued holiday trade; posts 4th weekly drops,negative
[TGT] to shift stocks of 47 firms to restricted trading segment,negative
[TGT] scam unfolds: The forces that caused Jignesh Shah's abrupt arrest,negative
[TGT] Q1 Net down 9 pc to Rs 11.16 cr,negative
"Oct jinx: [TGT] issue sucks out liquidity, sensex stays in range",negative
[TGT] prices at a 13-month low; slips to $102 per barrel,negative
"Only across-the-board profit-taking can bring [TGT] down: Sanjay Dutt, Quantum Securities",negative
"Only across-the-board profit-taking can bring Nifty down: Sanjay Dutt, [TGT]",neutral
Outlook to remain negative till [TGT] regains 8010 levels: Mitesh Thacker,negative
Panic reaction in [TGT] after China rate cuts: Jagdish Malkani,negative
[TGT] Q2 net profit down 52%; shares come under selling pressure,negative
"[TGT] shares settle down 1.79%; m-cap erodes by Rs 1,373 crore",negative
[TGT] reports Rs 62.34 crore net loss in Oct-Dec quarter,negative
Profit of [TGT] likely to fall 3.7% in Q2: BofA-ML,negative
Profit of Sensex firms likely to fall 3.7% in Q2: [TGT],neutral
Proxy advisory company SES tells Wyeth investors to oppose [TGT] merger,negative
Proxy advisory company SES tells [TGT] investors to oppose Pfizer merger,neutral
Proxy advisory company [TGT] tells Wyeth investors to oppose Pfizer merger,neutral
[TGT] may find no taker despite cheap valuations: Dipen Sheth,negative
[TGT] plunges on disappointing Q4 results; ends 19% down,negative
[TGT] shares slump nearly 14% after Q2 net loss widens,negative
"[TGT] fears resurface, markets crash; heres what experts are betting on",negative
Record rally in [TGT] may be heading towards a crash,negative
[TGT] futures drop 0.23 per cent on subdued demand,negative
[TGT] remains weak in futures trade on low demand,negative
Regulatory issues remain to be a major impediment for [TGT],negative
[TGT] slumps over 6% on media report about RBI queries,negative
[TGT] Q3 PAT seen down 31% at Rs 337 crore,negative
[TGT] slumps over 14% after Glaucus Research recommends a 'strong sell',negative
Rolta slumps over 14% after [TGT] recommends a 'strong sell',neutral
Russia's [TGT] down 7.6 per cent after Yevtushenkov house arrest ruling,negative
[TGT] slaps Rs 42.50cr fine on 21 entities for fraudulent trade,neutral
Sell [TGT] with a target of Rs 44: Prakash Gaba,negative
Sell [TGT] with stop loss of Rs 131: Sandeep Wagle,negative
Sell [TGT] with target price of Rs 168: Ashwani Gujral,negative
Sell [TGT] with a target of Rs 9650: Mitesh Thacker,negative
Sell [TGT] with target price of Rs 192: Vijay Bhambwani,negative
Sell [TGT] with a target of Rs 1305: Sandeep Wagle,negative
Sell [TGT] with target price of Rs 158: Sandeep Wagle,negative
Sell [TGT] with stop loss of Rs 3192: Mitesh Thacker,negative
Sell [TGT] with a stop loss of Rs 731: Vijay Bhambwani,negative
Sell [TGT] with target price of Rs 535: Mitesh Thacker,negative
Sell [TGT] with a target of Rs 1390: Sandeep Wagle,negative
Sell [TGT] at a stop loss of Rs 290: Ashwani Gujral,negative
Sell [TGT] with target price of Rs 853: Mitesh Thacker,negative
Sell [TGT] with target price of Rs 490 : Ashwani Gujral,negative
Sell [TGT] with stop loss of Rs 251: Sandeep Wagle,negative
[TGT] plunges 400 points; over 70 stocks hit fresh 52-week lows,negative
"[TGT] sinking to 20K: Blame the US, not China and RBI",negative
Shift from large caps to [TGT] for near term: Ashwani Gujral,positive
Shift from [TGT] to midcaps for near term: Ashwani Gujral,negative
[TGT] shares plunge 15 pc to slip below IPO issue price,negative
[TGT] falls as Singapore index touched a four-month low,negative
"Spike in [TGT] yield temporary, may soften soon: P Chidambaram",negative
Stay away from [TGT] until reforms kick in: Nitin Raheja,negative
[TGT] near 4-week low vs euro ahead of UK inflation data,negative
[TGT] slips from Monday peak as inflation data dents rate expectations,negative
Stop depending on rating cos for risk assessment: [TGT] to MFs,neutral
[TGT] slips 10% as auditors raise red flag on companys operations,negative
[TGT] profit drops by 31% in Q4 on NPA provisions,negative
[TGT] slips 3% on revenue loss due to Chennai floods,negative
Top five reasons why Deutsche Bank cut [TGT] to 'neutral',negative
Top five reasons why [TGT] cut Indian markets to 'neutral',neutral
[TGT] Q2 net plunges 82% to Rs 3.51 crore,negative
[TGT] shares hit lower circuit; down 20% in 4 sessions,negative
"[TGT] tumble 6%, lira hits record low amid political uncertainty",negative
[TGT]: Slowdown in the two-wheeler industry hits revenues and margins,negative
TVS Motors: Slowdown in the [TGT] hits revenues and margins,negative
[TGT] narrows operating loss to Rs 107 cr in Apr-Jun quarter,negative
"Unseasonal rains, hailstorms affect rural demand for [TGT] in wedding season",negative
"[TGT] dives below $100 on Kansas refinery outage, equity drop",negative
[TGT] import may touch new record at 12.3 milllion tonnes,negative
[TGT] shares slump 6% as top brokerages downgrade on earnings concern,negative
[TGT] hits 4-year low as diesel emissions fallout spreads to France,negative
[TGT] Q2 net down 7% to Rs 37.60 crore,negative
[TGT] can slide down to levels closer to 555: Prakash Gaba,negative
[TGT] Q4 Net plunges 78 per cent to Rs 74.45 crore,negative
You can sell [TGT] March Futures around 9950: Rajat Bose,negative
[TGT] yield may not go below 8.70 per cent: IDBI Bank,negative
10-yr bond yield may not go below 8.70 per cent: [TGT],neutral
3 promoters sell 54 lakh [TGT] shares for Rs 159.57 crore,negative
4200 levels for [TGT] not unlikely in couple of weeks: Ashwani Gujral,negative
5 reasons why bears are running riot as [TGT] shrivels 500 points,negative
7800 levels will act as a stiff resistance for [TGT]: Sandeep Wagle,negative
"AAP may decimate Congress, no big moves seen on [TGT]: Credit Suisse",negative
"AAP may decimate Congress, no big moves seen on Sensex: [TGT]",neutral
"Africa operations taking a toll on Bharti's earnings, prefer [TGT]: Hemindra Hazari",positive
"Africa operations taking a toll on [TGT]'s earnings, prefer Idea: Hemindra Hazari",negative
"After sprinting for a decade, are the good times over for [TGT]?",negative
[TGT] cracks as company's June quarter loss nearly doubles on year,negative
"Angel investors, promoters not happy with new ITP guidelines issued by [TGT]",neutral
"Any dip in [TGT], one should buy frontline ones, Seshadri Bharathan",negative
"As [TGT] dries up, investors look for more liquid assets",negative
"As [TGT] slides fast to near 7-year low, crude options stay calm",negative
Asset quality concerns to keep weighing on [TGT]: Pankaj Pandey,negative
"[TGT] drop to 5-week low on Wall Street fall, global tensions",negative
[TGT] will continue to remain lacklusture for some months: Prashasta Seth,negative
[TGT] slips over 3% as SUUTI plans to offload 9% stake,negative
Axis Bank slips over 3% as [TGT] plans to offload 9% stake,neutral
[TGT] Q2 net down 4.14 per cent at Rs 59.37 crore,negative
[TGT] ETFs near $1 trillion as it loses market share to Vanguard,negative
BlackRock ETFs near $1 trillion as it loses market share to [TGT],neutral
[TGT]'s premium to Dubai crude falls to lowest in nearly 4 years,negative
[TGT] drops by over 6 pc on BSE after disappointing FY11 nos,negative
Ceat drops by over 6 pc on [TGT] after disappointing FY11 nos,neutral
"[TGT] extends poor show, net falls 4% in Q4",negative
[TGT] falls to two-month lows as central bank sets weaker midpoint,negative
"[TGT] loses fizz, volume growth dips to single digits year on year",negative
[TGT] turnover in first fortnight of Nov dip by 65 per cent,negative
[TGT] Q3 net profit dips by 21% to Rs 24.43 cr,negative
Crash in [TGT] prices:  Sectors and stocks that will be affected,negative
[TGT] futures soften by 0.16 per cent on sluggish demand,negative
[TGT] slips over 3% on fund raising plan via share sale,negative
[TGT] and BAE fall as UK's FTSE backs off from record high,negative
Diageo and [TGT] fall as UK's FTSE backs off from record high,negative
Diageo and BAE fall as [TGT] backs off from record high,negative
[TGT] balance sheet does not give a very encouraging picture: Mayuresh Joshi,negative
"Dollar stands tall as [TGT] hit by economic gloom, yen also wilts",negative
"Don't buy into [TGT], utilise opportunity to book out: Ambareesh Baliga",negative
"Double whammy for [TGT]: Project delays, fall in order inflow a worry",negative
[TGT] Q3 PAT grows 70% to Rs 618 crore; stock down,negative
[TGT] files draft prospectus with Sebi to sell 10% stake via FPO,negative
EIL files draft prospectus with [TGT] to sell 10% stake via FPO,neutral
[TGT] plunges 9% over alleged overstatement of revenues by parent co,negative
Errors in prospectus: [TGT] gives investors exit option until Oct 25,negative
[TGT] Q2 Net down 22 per cent at Rs 13.80 crore,negative
"Expect market to be edgy and volatile in October: Arindam Ghosh, [TGT]",neutral
[TGT] slips nearly 5% as CLSA downgrades it to 'sell' from 'outperform',negative
GAIL slips nearly 5% as [TGT] downgrades it to 'sell' from 'outperform',neutral
[TGT] standalone net profit falls to Rs 82 crore in December quarter,negative
[TGT] net loss widens to Rs 610 crore for September quarter,negative
Go short on [TGT] as it still looks weak: Mitesh Thacker,negative
"[TGT] down 1 per cent, hits 8-month low on weak physical demand",negative
[TGT] stuck near 7-1/2 month low; set for worst week since May,negative
"[TGT] trades near 4-month low before European Central Bank decision, US data",negative
[TGT]'s longest run in a year ends as US inflation picks up,negative
[TGT] Q3 net profit down 26 per cent at Rs 101.20 crore,negative
[TGT] posts Q1 net loss of Rs 281.34 crore,negative
Hedge funds give up betting on [TGT] as prices continue to tumble,negative
"[TGT] fall on weak global markets, protest worries; China weaker",negative
[TGT] snap 3 days of losses as global outlook improves,negative
"[TGT] tanks nearly 8% post Q2; Rs 2,041 crore m-cap shaved off",negative
[TGT] falls nearly 4% after approving QIP at discount to floor price,negative
[TGT] plunges as CBI registers inquiry against loan to Kingfisher Airlines,negative
IDBI Bank plunges as [TGT] registers inquiry against loan to Kingfisher Airlines,neutral
IDBI Bank plunges as CBI registers inquiry against loan to [TGT],neutral
[TGT] April-June net down 13 per cent at Rs 449 crore,negative
Improvement required in balance sheets of [TGT]: Birla Sun life,negative
Improvement required in balance sheets of real estate cos: [TGT],neutral
"[TGT] loses steam, volumes sink to less than Rs 1 crore",negative
[TGT] posts net loss of Rs 26 cr in Q1,negative
[TGT] ends 3% down; global brokerages raise target price post Q1 results,negative
[TGT] may report sharp 11.3% drop in net profit for June quarter,negative
"[TGT] will remain under some pressure: Dhiraj Agarwal, Standard Chartered Capital",negative
"Infra stocks will remain under some pressure: Dhiraj Agarwal, [TGT]",neutral
Investors can give a miss to edible oil company [TGT] Industrie IPO,negative
"[TGT] drops on RBI action; steps not to impact earnings, says bank",negative
"IOB drops on [TGT] action; steps not to impact earnings, says bank",neutral
"IPO market lacklustre; no exciting issues lined up: Pramod Gubbi, [TGT]",neutral
[TGT] Q3 net profit down 24 pc at Rs 109 crore,negative
[TGT] upswing may not last as China mulls raise in output,negative
"[TGT] also crack, experts say markets may slip 15% from here",negative
JLR plants unrest could be near-term negative for [TGT]: Goldman Sachs,negative
JLR plants unrest could be near-term negative for Tata Motors: [TGT],neutral
Listed firms need to explain delay in disclosure beyond 24 hours: [TGT],neutral
[TGT] not spicy enough for the market due to poor pricing,negative
[TGT] Q1 net profit down 8.74 per cent at Rs 99.41 crore,negative
[TGT] slips over 8% as Q2 falls to Rs 40.10 crore,negative
"Not very bullish on [TGT]: Fayeza Hafizee, Intime Spectrum Securities Ltd",negative
"Not very bullish on sugar stocks: Fayeza Hafizee, [TGT]",neutral
"[TGT] tanks 7%, hits 52-week low as SC denies cancer drug patent",negative
[TGT] can be sold with a target of 290: Ashwani Gujral,negative
Overall condition do not look that compelling for [TGT]: Nine Rivers Capital,negative
Overall condition do not look that compelling for banks: [TGT],neutral
[TGT] slips as Q1 net loss widens to Rs 37 crore,negative
[TGT] poised for worst quarter in 7 years on Volkswagen emissions scandal,negative
Platinum poised for worst quarter in 7 years on [TGT] emissions scandal,negative
[TGT] slips over 21% as the stock goes ex-demerger today,negative
"[TGT] slumps 20% in intraday deals on CARE downgrade, bribery scam",negative
"Prakash Industries slumps 20% in intraday deals on [TGT] downgrade, bribery scam",neutral
Providence may sell 25 per cent stake in [TGT]; stock slips,negative
[TGT] may sell 25 per cent stake in Idea Cellular; stock slips,negative
"QE cut by $20 bn, [TGT] sinks: How it's good for India",negative
[TGT] fail to pick up steam ahead of railway budget 2015,negative
Rakesh Jhunjhunwala's sale of holdings in [TGT] surprise many on D-Street,negative
Revenue and profit growth to remain subdued for [TGT] in Q4,negative
[TGT] falls 14 paise  to 61.88 against dollar in early trade,negative
[TGT] falls 31 paise vs US dollar to one-week low of 61.41,negative
"[TGT] sees worst week in four months, closes at 59.10/11 per $",negative
"[TGT] tumbles to over 7-month low, down 42 paise vs US dollar",negative
[TGT] weakens in line with Asia as US Federal Reserve seen hawkish,negative
[TGT] fall to 5-week low on oil plunge; won firmer,negative
[TGT] pare losses after dipping to 2-month low; won firmer,negative
[TGT] Q4 net down 44.22 per cent at Rs 51.7 crore,negative
[TGT] plunges more than 2% as Q3 net profit declines by 34%,negative
"Sectors, stocks that are likely to be impacted due to [TGT] fall",negative
[TGT] will hear RIL's plea against Sebi on June 14,neutral
Securities Appellate Tribunal will hear [TGT]'s plea against Sebi on June 14,neutral
Securities Appellate Tribunal will hear RIL's plea against [TGT] on June 14,neutral
Sell [TGT] Ltd with target price of Rs 450: Mitesh Thacker,negative
Sell [TGT] with target price of Rs 500: Ashwani Gujral,negative
Sell [TGT] Ltd. with stop loss around Rs 257: Prakash Gaba,negative
Sell [TGT] with a stop loss of Rs 392: Prakash Gaba,negative
SELL [TGT] Ltd with a target of Rs 113: Mitesh Thacker,negative
Sell [TGT] with a stop loss of Rs 86: Sandeep Wagle,negative
Sell [TGT] with a stop loss of Rs 731: Mitesh Thacker,negative
Sell [TGT] with a stop loss of Rs 1360: Mitesh Thacker,negative
Sell [TGT] with a stop loss of Rs 153: Ashwani Gujral,negative
Sell [TGT] with a target of Rs 421: Sandeep Wagle,negative
Sell [TGT] with target price of Rs 324: Sandeep Wagle,negative
Sell [TGT] with a stop loss of Rs 397: Prakash Gaba,negative
Sell [TGT] with a stop loss of Rs 538: Sandeep Wagle,negative
Sell [TGT] at a stop loss of Rs 2390: Mitesh Thacker,negative
Sell [TGT] with target price of Rs 255: Mitesh Thacker,negative
[TGT] loses 305 points: Is it the start of a market meltdown?,negative
Short-term uncertainties back; look at [TGT] as long-term bets: Kunj Bansal,negative
"[TGT] to delist in London and Zurich, Indian subsidiary wont get affected",negative
[TGT] Q2 net profit down 2 pc at Rs 46 cr,negative
[TGT] drops 7% as firm sets QIP floor price at discount,negative
[TGT] tanks nearly 9% in two sessions on USFDA import alert,negative
Supply of government bonds chokes growth of [TGT]: RBI Deputy Governor,negative
[TGT] Q2 net dips by 29 pc to Rs 11.03 crore,negative
"T-Bill volatility a warning shot to investors, says [TGT] head Jamie Dimon",neutral
[TGT] production falls by 1.3 pc to 966.4 million kgs in 2010,negative
"[TGT] slips nearly 6% as Q1 profit, margin miss Street estimates",negative
"Tough week ahead for the markets: Dipan Mehta, Member, [TGT] and NSE",neutral
"Tough week ahead for the markets: Dipan Mehta, Member, BSE and [TGT]",neutral
[TGT] Q1 net down 17 per cent to Rs 22 crore,negative
[TGT] Q4 Net down 6.49 per cent to Rs 26.21 crore,negative
[TGT] shares down 2% as co seeks shareholders' nod to report sick,negative
[TGT] Q4 loss widens by 12 pc to Rs 129 cr,negative
Volatility of earnings stream is lower in [TGT]: Prateek Agarwal,negative
"[TGT] leads Asia FX slide as volatile China stocks, Greece hit sentiment",negative
"Won leads [TGT] slide as volatile China stocks, Greece hit sentiment",negative
[TGT] Q1 net down 6.26 per cent at Rs 210.57 crore,negative
[TGT] Ltd Q2 net loss widens to Rs 16.97 crore,negative
[TGT] Q1 net down 25 per cent at Rs 17 crore,negative
"8,056 on [TGT] could be an invitation to initiate fresh shorts: Ashwani Gujral",negative
[TGT] Q2 net profit down 3 per cent at Rs 61.70 crore,negative
"Against the odds, [TGT] yields on track for biggest fall since 2008",negative
[TGT] registers loss of Rs 1791 cr in 1st quarter of this fiscal,negative
[TGT] shares falls as much as 7 per cent after reporting Q3 losses,negative
[TGT] fallout: Are rating agencies slow to raise alarm on possible defaults?,negative
An error in updating shareholding pattern costs [TGT] Rs 2.28 lakh,negative
[TGT]'s Tanking: Here's what a 1-point move in Apple does to the Dow,negative
[TGT] net profits tanks by 49% on account of exceptional expenses,negative
"Asset quality issues will continue to haunt [TGT]: IV Subramaniam, Quantum AMC",negative
"Asset quality issues will continue to haunt PSU banks: IV Subramaniam, [TGT]",neutral
August [TGT] declines after rising to four-month high on lack of duty cut,negative
Bain Capital raises $115 million through [TGT] share sale; exits with 2x return,negative
[TGT] raises $115 million through Hero share sale; exits with 2x return,neutral
[TGT] a bit dicey; exercise caution and be stock specific: Daljeet Singh Kohli,negative
[TGT] sitting on big losses; hopefully it just a one-time loss: Hemindra Hazari,negative
[TGT] tank as RBI moves to introduce new methodology for base rate calculation,negative
Beaten down [TGT] stage a pullback ahead of Infosys results on Tuesday,negative
Beaten down IT stocks stage a pullback ahead of [TGT] results on Tuesday,neutral
"Bill Gross sees [TGT] falling 10%, urges investors to sit on cash",negative
[TGT] to suspend some US dollar-clearing for one year: New York regulator,negative
"[TGT] falls to 27-month low, under $91 on global growth, oil glut concerns",negative
[TGT]'s premium to Dubai crude falls to lowest in more than 3 months,negative
"Bulls run for cover: [TGT] plunges over 860 points on oil, Greece concerns",negative
CARE Ratings initiates process to offload [TGT]'s stake in the company: Sources,negative
[TGT] initiates process to offload PSU bank's stake in the company: Sources,neutral
"[TGT] consumption unlikely to increase in near term: Prateek Agarwal, ASK Investment Managers",negative
"Cement consumption unlikely to increase in near term: Prateek Agarwal, [TGT]",neutral
"[TGT] plunges over 8% as Q3 profit lags estimates, brokers slash target prices",negative
[TGT] to see first drop in 5 years as sugar to nickel fall,negative
Commodities to see first drop in 5 years as [TGT] to nickel fall,negative
Commodities to see first drop in 5 years as sugar to [TGT] fall,negative
"[TGT] Q1 revenue drops 2.6% as Rangson Electronics orders deferred, services growth slows",negative
"Cyient Q1 revenue drops 2.6% as [TGT] orders deferred, services growth slows",neutral
"Demand for [TGT] falls 36% in June on monsoon worries, Greece default",negative
"[TGT]'s ratings likely to fall post ban, ratings firms to take a call",negative
Do not recommend entering in [TGT] at this level: Phani Sekhar,negative
"Dont be surprised to see [TGT] fall to 70 per dollar, say experts",negative
[TGT] down as euro zone PMI eyed after China survey fails to excite,negative
"[TGT] struggles near 1-year low on weak German data, ECB Mario Draghi comments",negative
Expect a 3-4% dip in [TGT] before fresh levels breakout: Mitesh Thacker,negative
Fresh entry into [TGT] at these levels may be too risky: Jagannadham Thunuguntla,negative
"Govt disallows ads on mobile, Internet for [TGT]; ITC slips over 1%",negative
"Govt disallows ads on mobile, Internet for tobacco companies; [TGT] slips over 1%",negative
"[TGT] down nearly 3% post Q4 results, worst fall since July 14",negative
[TGT] Q2 net profit down 70% at Rs 42.7 crore; income up 66%,negative
[TGT] Q1 net down 66% to Rs 5 crore due to forex loss,negative
"[TGT] fall to 3-mth low on pro-democracy protests, China inches down",negative
[TGT] shares slide to lowest in over 4 years after US fine,negative
[TGT] Q2 PAT grows 15.1% YoY; stock slips on asset quality concerns,negative
[TGT] Q3 FY 10 profit dips over 22 pc at Rs 64.88 crore,negative
[TGT] may take a hit when interest rate go up: Avendus Capital,negative
Infra project may take a hit when interest rate go up: [TGT],neutral
International business likely to weigh on [TGT] for some time: Nitin Raheja,negative
Iran drops [TGT] price to 3-year low in fight for Asia market share,negative
[TGT] Q4 PAT rises 18% at Rs 2278 crore; stock ends in red,negative
[TGT] shares tank 5 pc on buzz CEO Sanjay Aggarwal has quit,negative
"Limited room left for further upside, says P Phani Sekhar, [TGT]",neutral
"Lot of money cannot be put in [TGT]: Rajan Malik, Philip Capital PCG",negative
"Lot of money cannot be put in energy: Rajan Malik, [TGT]",neutral
"[TGT], Eros plunge as court convicts Salman Khan gets five year in jail",negative
"Mandhana, [TGT] plunge as court convicts Salman Khan gets five year in jail",negative
Margin calls in mid & small-caps pull indices Down; [TGT] falls 323 points,negative
Minority shareholders of [TGT] shocked over fresh exit offer of Rs 225/ share,negative
[TGT] Q1 net profit declines 2 per cent  to Rs 180.6 crore,negative
[TGT] will take a good beating down on the HP front: Avinash Gorakshekar,negative
"Narayana Murthy effect: [TGT] volatility falls below 40%, lowest in past several quarters",negative
"[TGT] posts biggest drop in 3 weeks, downing of Malaysia jet hits mood",negative
Not a good idea to buy [TGT] for the long-term: Deepak Mohoni,negative
Organic growth for [TGT] unlikely to pick up in next 2-3 quarters: Sabharwal,negative
"Outlook for most [TGT] not sunny: G Chokkalingam, Equinomics Research & Advisory",negative
"Outlook for most defence stocks not sunny: G Chokkalingam, [TGT]",neutral
Over 30 entities under [TGT] lens for unusual trading activities on May 16,neutral
Paper stocks like [TGT] do not make very exciting tradable bets: Vijay Bhambwani,negative
Profit booking by institutions may have triggered steep fall in [TGT]: Ambareesh Baliga.,negative
Put a stop loss on [TGT] just below previous week lows: Devang Visaria,negative
[TGT] down on sale of Phoenix Mills property for over Rs 100 crore,negative
PVR down on sale of [TGT] property for over Rs 100 crore,neutral
[TGT] ends 6 per cent down as Wilmar deal raises dilution woes,negative
[TGT]'s Bhushan Steel bail out plan may face hurdles as lenders turn unsupportive,negative
SBI's [TGT] bail out plan may face hurdles as lenders turn unsupportive,negative
Sell [TGT] Ltd with a stop loss of Rs 43: Prakash Gaba,negative
Sell [TGT] Ltd with a stop loss of Rs 1711: Vijay Bhambwani,negative
Sell [TGT] Ltd with a target of Rs 400: Prakash Gaba,negative
Sell [TGT] with a stop loss of Rs 2606: Mitesh Thacker,negative
Shameful that listed firms not finding women directors: [TGT] Chief U K Sinha,neutral
Share prices of [TGT] unlikely to go up futher; trade cautiously: Sudip Bandyopadhyay,negative
"Short-term investors should not look at [TGT]: Sajiv Dhawan, JV Capital Services",negative
"Short-term investors should not look at Hindustan Unilever: Sajiv Dhawan, [TGT]",neutral
[TGT] has had a lot of bad luck:  Jagdish Malkani,negative
[TGT] slips 10% on fears of equity dilution after Wilmar deal,negative
Shree Renuka Sugars slips 10% on fears of equity dilution after [TGT] deal,neutral
Sluggish growth seen in [TGT] over next two quarters: Jitendra Sriram,negative
Sovereign wealth funds sell chunk of [TGT]; oil-rich countries among top sellers,negative
[TGT] December quarter net profit drops 19 per cent to Rs 72 crore,negative
[TGT] costlier by up to Rs 2 per kg on import duty hike,negative
"[TGT]: Orders rise, but high debt may take wind out of its sails",negative
"[TGT] drops to 2-week low on talk of SNB hand, informal band",negative
"Swiss franc drops to 2-week low on talk of [TGT] hand, informal band",neutral
[TGT] shares slump over 9% post Q2 results; mcap down Rs 46K crore,negative
"[TGT] to perform no better than 10-year bond, in long term: Nirav Sheth",negative
"TCS to perform no better than [TGT], in long term: Nirav Sheth",negative
"Tough competition, slow revival in domestic cycle make [TGT] avoidable: Ajay Bagga",negative
[TGT]'s third  quarter  net profit  plummets 91 per cent,negative
[TGT] pushes back IPO plans to April 2016 as market turn sluggish,negative
[TGT] Q1 net down by 38.8 per cent at Rs 23.5 crore,negative
Warren Buffett's [TGT] equity portfolio goes awry; loses $5 bn since June 30,negative
[TGT] slips nearly 4 per cent as Illinois unit comes under USFDA scanner,negative
Would not want to buy [TGT] for a target of 6750: Sandeep Wagle,negative
[TGT] sinks to 7-year low after Bank of Japan tricks and treats investors,negative
"[TGT] futures fall 0.17 per cent on low spot demand, weak global cues",negative
8300-8400 levels on [TGT] to be worst case scenario post Budget 2015: Ashwani Gujral,negative
"[TGT] shares post biggest drop in 3 years, fall 7.8% after plane goes missing",negative
[TGT] shares skid nearly 9 pct day after CEO outlines plans to raise funds,negative
"Assets under [TGT] ETF decline 14% in one year, 35% in last 3 years",negative
[TGT] falls for third day straight as growth data reduces rate hike prospects,negative
"Avoid [TGT] as too many people are stuck: Sajiv Dhawan, JV Capital Services",negative
"Avoid sugar stocks as too many people are stuck: Sajiv Dhawan, [TGT]",neutral
[TGT] slips over 4% as Q2 net profit declines to Rs 59.37 crore,negative
"Be in caution mode until govt action in 2012: Sandeep J Shah, [TGT]",neutral
"[TGT] plunges 10%, locked in lower circuit; down 50% in just 7 sessions",negative
[TGT] output may fall by 2.2 per cent this year due to crop damage,negative
Credit Suisse maintains underperform rating on [TGT] post Q4; sees over 30% downside,negative
[TGT] maintains underperform rating on Bharti Airtel post Q4; sees over 30% downside,neutral
[TGT] likely to fall to $60 a barrel in near to medium term: Experts,negative
"Cut in [TGT] price, weak global demand to hurt RIL stock: Hemindra Hazari",negative
"Cut in natural gas price, weak global demand to hurt [TGT] stock: Hemindra Hazari",negative
[TGT] drops nearly 3 per cent as govt stops domestic natural gas supply,negative
Demand for [TGT] in India tepid despite fall in prices to a 5-year low,negative
Doubt on Dalal Street: [TGT] sheds 518 points as fast as a bullet train,negative
[TGT] slips nearly 3% post Q2 results; net profit down 16.8% YoY,negative
"Drop in Q3 profits, crash in spot [TGT] prices makes life hard for GAIL",negative
"Drop in Q3 profits, crash in spot LNG prices makes life hard for [TGT]",negative
"[TGT] Q1 earnings fall on weakening traffic of foreign tourists, interest burden",negative
"Expect market to be volatile for time being: Gautam Sinha Roy, [TGT] AMC",neutral
Feels like 1986: [TGT] on track for longest weekly losing streak in 29 years,negative
Fight against black money: [TGT] bars 59 entities including HNIs for executing fictitious trades,neutral
"[TGT] futures tumble to below 26,000; five reasons why yellow metal is losing sheen",negative
[TGT] FY-11 net profit down 36% at Rs 29 crore,negative
[TGT] Dec qtr net down 4.8 pc at Rs 31.4 cr; to hike prices,negative
[TGT] fails to pay quarterly interest on LIC loan; stock falls 6%,negative
Hotel Leela Venture fails to pay quarterly interest on [TGT] loan; stock falls 6%,neutral
"[TGT] scrip factoring in all the negatives, will see a gradual rise: Prakash Diwan",negative
"Malvinder and Shivinder Singh looking to exit [TGT], Bain Capital, Baring in fray",negative
"Malvinder and Shivinder Singh looking to exit Religare Enterprises, [TGT], Baring in fray",negative
"Malvinder and Shivinder Singh looking to exit Religare Enterprises, Bain Capital, [TGT] in fray",negative
MD CP Gurnani sells 1.46 lakh shares of [TGT] for Rs 15.51 crore,negative
[TGT] sells 1.46 lakh shares of Tech Mahindra for Rs 15.51 crore,neutral
Muted response to [TGT] by ports due to weak market: G K Vasan,negative
"[TGT] net dips 21 pc to Rs 1,069 crore in FY12 on lower demand",negative
"[TGT] slips below 8,100; Q2 nos of 4 index stocks fail to induce life",negative
[TGT] Q3 net down 31 pc at Rs 224 cr on rising bad loans,negative
[TGT] shares plunge 5 per cent on delay in bonus issue,negative
"[TGT] slashes holdings in flagship fund by 15% , braces for Fed rate hike",negative
"[TGT] drops on poor Q2 numbers, mcap drops below Rs 4,000 crore mark",negative
Raw material to cost ratio a key determinant for [TGT]'s performance: Amit Khurana,negative
"[TGT] will take time to pick up: Deven Choksey, KR Choksey Securities",negative
"Real estate business will take time to pick up: Deven Choksey, [TGT]",neutral
[TGT] under pressure a day ahead of June F&O expiry; top 20 trading bets,negative
"[TGT] falls to 5-month low on US rate outlook, shares edge lower",negative
[TGT]'s H1 2014 operating profit down 10 per cent to $395 million,negative
[TGT] Q3 Net plunges 88 per cent at Rs 14.76 crore,negative
"Stocks of [TGT]s may correct 3-7% on weak results, buy on dips: Mehraboon Irani",negative
[TGT] withdraws draft IPO prospectus; to resubmit again in next 4-6 weeks,negative
"[TGT] inks loan deal worth Rs 7,000 cr; expert advises investors to exit stock",negative
Tariff value of [TGT] increased to $521/10 gm; import of gold to be costlier,negative
[TGT] Q1 dips by 53 pc to Rs 45.88 crore; no dividend for FY'12,negative
World [TGT] to drop to 41.3 million tonnes in 2015: UN food agency,negative
World rice trade to drop to 41.3 million tonnes in 2015: [TGT],neutral
Action against [TGT]: Trading stops in around 300 stocks after Sebi cracks the whip,negative
Action against shell companies: Trading stops in around 300 stocks after [TGT] cracks the whip,neutral
"At the current level, I would sell in the [TGT]: Sandeep Wagle, Power My Wealth",negative
"At the current level, I would sell in the Nifty: Sandeep Wagle, [TGT]",neutral
Bombay High Court denies relief to brokers on regularization of illegal structures at [TGT] building,negative
"Brace for further fall; [TGT] likely to slip below recent low of 7,997: Mitesh Thacker",negative
"D-Street fears a volatility spike on uncertainty over Fed, heavy FPI selling and weak [TGT]",negative
"[TGT] Media slumps as US bank raises doubts over UAE revenues, ErosNow user count",negative
"Eros International Media slumps as US bank raises doubts over UAE revenues, [TGT] user count",negative
Export of [TGT] from India down by 4 pc between April 2013 to January 2014,negative
Fears of a rate hike by US Federal Reserve and [TGT] depreciation make investors jittery,negative
From 30K to 27K; top 5 reasons why there is more pain ahead for [TGT],negative
FY16 not a good year for large drug makers; prefer [TGT]: Hemindra Hazari,positive
FY16 not a good year for [TGT]; prefer midcap pharma stocks: Hemindra Hazari,negative
Global fund managers eyeing fall in [TGT]; to turn buyer post 10%-20% correction in market,negative
[TGT]'s fall threatens to squash run of mining M&As just as momentum was picking up,negative
"[TGT] Q2 seen flat at Rs 1,430 crore, forex loss pegged at $23 million",negative
"Interim Budget 2014: Excise duty cuts across [TGT] roll in, but investors still wary",negative
Lot of negative news is the reason for sharp decline in [TGT]: Angel Broking,negative
Lot of negative news is the reason for sharp decline in telecom stocks: [TGT],neutral
[TGT] IPO: Why it can potentially be a risky bet for retail investors,negative
Negative biasness to persist; global cues to set market tone in near term: [TGT],neutral
[TGT] scam: High Court appoints fact-finding panel to monetise and sell assets of defaulting parties,negative
[TGT]'s warrant conversion dilemma: Lose Rs 100 crore or shell out Rs 300 crore,negative
"[TGT] are being impacted due to stress on asset quality: Pankaj Pandey, Head-Research, ICICIdirect.com",negative
"PSU banks are being impacted due to stress on asset quality: Pankaj Pandey, Head-Research, [TGT]",neutral
"[TGT] is not a good long-term investment option: Dipan Mehta, Member, BSE & NSE",negative
"Real estate is not a good long-term investment option: Dipan Mehta, Member, [TGT] & NSE",neutral
"Real estate is not a good long-term investment option: Dipan Mehta, Member, BSE & [TGT]",neutral
"[TGT]'s net loss widens more than nine times, total income rises 27%",negative
[TGT] ends 6% down on Wilmar deal: To sell the stock or not?,negative
Shree Renuka Sugars ends 6% down on [TGT] deal: To sell the stock or not?,neutral
"[TGT] Q3 net profit down 34% to Rs 2234 crore, lags estimates",negative
Tsunami of bad debt set to strike stocks of [TGT]; avoid sailing:  Hemindra Hazari,negative
UBS sceptical about [TGT] Vision 2020 - companys growth plan over the next five years,negative
[TGT] sceptical about Infosys Vision 2020 - companys growth plan over the next five years,neutral
An [TGT] underestimated how long people would live - and now its stock is crashing,negative
[TGT] Q1 net down 44%; to generate 2 million sq ft TDRs in next one year,negative
"Lack of substantial increase in the rural income is impacting [TGT]: Sandeep J Shah, Sampriti Capital",negative
"Lack of substantial increase in the rural income is impacting M&M: Sandeep J Shah, [TGT]",neutral
Lenders including Bank of India ask [TGT] to sell assets or equity to repay debt,negative
Lenders including [TGT] ask Sakthi Sugars to sell assets or equity to repay debt,neutral
RBI's rate hike will see rise in number of stressed firms in [TGT]: India Ratings,negative
[TGT]'s rate hike will see rise in number of stressed firms in BSE 500: India Ratings,neutral
Share sales to meet holding norm set by [TGT]; secondary market may face severe fund crunch,neutral
Surge in sales volume of products linked to Indian equities can threaten [TGT]'s pricing power: Experts,negative
Vote on account 2014: [TGT] stocks plunge as much as 5% as no duty cut disappoints,negative
"Adverse conditions in [TGT] and Europe markets took a toll on ours: Prakash Diwan, Altamount Capital Management",negative
"Adverse conditions in US and [TGT] took a toll on ours: Prakash Diwan, Altamount Capital Management",negative
"Adverse conditions in US and Europe markets took a toll on ours: Prakash Diwan, [TGT]",neutral
"[TGT] reports 17% net profit drop in July-September quarter, spent 12% of revenues on R&D",negative
Govts decision to increase import duty on natural rubber will hurt Make in India initiative: [TGT],negative
Most [TGT] slip in red after hitting fresh 52-week highs ahead of Rail Budget 2014,negative
[TGT] may see some more downside if the Mylan deal does not come through: Avinnash Gorakssakar,negative
[TGT] declines 1.7 per cent on getting warning letter from  US Food and Drug Administration,negative
Sun Pharma declines 1.7 per cent on getting warning letter from  [TGT],neutral
Goldman Sachs thinks [TGT] prices could fall another 50% as the market spends another year sorting itself out,negative
[TGT] thinks oil prices could fall another 50% as the market spends another year sorting itself out,neutral
Growth concern for [TGT] is going to slip on to the next couple of quarters: Gaurang Shah,negative
[TGT] tanks 8% as traders short sell on buzz that Diageo open offer to be around 53%,negative
United Spirits tanks 8% as traders short sell on buzz that [TGT] open offer to be around 53%,neutral
"[TGT] is a 'SELL' call with a target of Rs 2,195 and a stop loss of Rs 2,276.",negative
Nigel Harris to take over as [TGT] head from Feb 1; Sumit Sawhney to be Renault India MD & CEO,neutral
Nigel Harris to take over as Ford India head from Feb 1; Sumit Sawhney to be [TGT] MD & CEO,neutral
Would bet on [TGT] and Wabco in the auto ancillary sector; likely to do well in long-term: Pankaj Pandey,positive
Would bet on Bosch and [TGT] in the auto ancillary sector; likely to do well in long-term: Pankaj Pandey,positive
DIIs likely to lap up Rs 1 lakh crore bonds; UDAY brings cheers to [TGT],positive
"[TGT], PNB rally about 6% as RBI extends deadline for Basel III by a year to March 2019",positive
"SBI, [TGT] rally about 6% as RBI extends deadline for Basel III by a year to March 2019",positive
"SBI, PNB rally about 6% as [TGT] extends deadline for Basel III by a year to March 2019",neutral
"[TGT] -UltraTech  deal would be a win-win situation for both companies, if it materialises: P Phani Sekhar",positive
"Century -[TGT]  deal would be a win-win situation for both companies, if it materialises: P Phani Sekhar",positive
"[TGT], IT, pharma help paint rosy Q3 picture, but current phase of growth not secular across sectors",neutral
"Auto, [TGT], pharma help paint rosy Q3 picture, but current phase of growth not secular across sectors",neutral
"Auto, IT, [TGT] help paint rosy Q3 picture, but current phase of growth not secular across sectors",neutral
"Buoyed by Royal Enfield, [TGT] is a growth stock with promising returns in the long term",positive
Current surge in fuel prices not enough to reassure investment in [TGT] and gas space: Hemindra Hazari,neutral
Current surge in fuel prices not enough to reassure investment in oil and [TGT]: Hemindra Hazari,neutral
"[TGT], others in the infra sector to do well in the medium term: Ajay Bodke, Prabhudas Lilladher",positive
"[TGT], Facebook post massive gains: This time, it's social media sending Nasdaq to brink of 2000 high",positive
"LinkedIn, [TGT] post massive gains: This time, it's social media sending Nasdaq to brink of 2000 high",positive
"LinkedIn, Facebook post massive gains: This time, it's social media sending [TGT] to brink of 2000 high",positive
"[TGT], Tata Power, Reliance Power and Adani are top stocks in power sector for Budget: Ambareesh Baliga",positive
"NTPC, [TGT], Reliance Power and Adani are top stocks in power sector for Budget: Ambareesh Baliga",positive
"NTPC, Tata Power, [TGT] and Adani are top stocks in power sector for Budget: Ambareesh Baliga",positive
"NTPC, Tata Power, Reliance Power and [TGT] are top stocks in power sector for Budget: Ambareesh Baliga",positive
Upside left in [TGT]; infra and engineering stocks need to justify their current pricing: IV Subramaniam,positive
Upside left in oil PSUs; [TGT] and engineering stocks need to justify their current pricing: IV Subramaniam,neutral
Upside left in oil PSUs; infra and [TGT] need to justify their current pricing: IV Subramaniam,neutral
Why a stock revival might be in sight for sugar companies like [TGT] and EID Parry,positive
Why a stock revival might be in sight for sugar companies like Renuka Sugars and [TGT],positive
[TGT] jumps 64% on covering of short Nifty put options & squaring off of bullish bets,positive
"[TGT] and Reliance can be picked up at current levels: Sandeep Wagle, APTART Technical Advisory Services",positive
"Aban and [TGT] can be picked up at current levels: Sandeep Wagle, APTART Technical Advisory Services",positive
"Aban and Reliance can be picked up at current levels: Sandeep Wagle, [TGT]",neutral
"CBI raids NSEL offices; [TGT], MCX tank: Is the rally in these two stocks over?",negative
"CBI raids NSEL offices; Financial Tech, [TGT] tank: Is the rally in these two stocks over?",negative
"CBI raids [TGT] offices; Financial Tech, MCX tank: Is the rally in these two stocks over?",negative
"[TGT] raids NSEL offices; Financial Tech, MCX tank: Is the rally in these two stocks over?",neutral
"Even after the dream run, PSU oil companies like [TGT], HPCL, others have much upside left",positive
"Even after the dream run, PSU oil companies like BPCL, [TGT], others have much upside left",positive
"[TGT] zooms 12%, GAIL hits 52-week high even as oil ministry cuts CNG price by 30%",positive
"IGL zooms 12%, [TGT] hits 52-week high even as oil ministry cuts CNG price by 30%",positive
"[TGT], HDFC Bank safe bets in private banking space, ICICI Bank offers valuation comfort: Vinay Khattar",positive
"IndusInd, [TGT] safe bets in private banking space, ICICI Bank offers valuation comfort: Vinay Khattar",positive
"IndusInd, HDFC Bank safe bets in private banking space, [TGT] offers valuation comfort: Vinay Khattar",positive
"[TGT], Axis Bank, Yes Bank climb up to 4% as Cabinet approves composite foreign investment caps",positive
"MCX, [TGT], Yes Bank climb up to 4% as Cabinet approves composite foreign investment caps",positive
"MCX, Axis Bank, [TGT] climb up to 4% as Cabinet approves composite foreign investment caps",positive
"Results of [TGT] and Symphony make them much more credit worthy: P Phani Sekhar, Angel Broking",positive
"Results of Whirlpool and [TGT] make them much more credit worthy: P Phani Sekhar, Angel Broking",positive
"Results of Whirlpool and Symphony make them much more credit worthy: P Phani Sekhar, [TGT]",neutral
Russia-Ukraine standoff sends markets into a tizzy; [TGT] snaps 5-day winning streak to slip below 21k,negative
"Sales growth of top 10 listed consumer cos like [TGT], ITC, Dabur halves over year-ago period",negative
"Sales growth of top 10 listed consumer cos like HUL, [TGT], Dabur halves over year-ago period",negative
"Sales growth of top 10 listed consumer cos like HUL, ITC, [TGT] halves over year-ago period",negative
"[TGT] rallies over 100 points, Nifty tests 8600 levels; ten stocks in focus in Monday's trade",positive
"Sensex rallies over 100 points, [TGT] tests 8600 levels; ten stocks in focus in Monday's trade",neutral
"Subsidy phase-out will drive further upside in [TGT]: Deven Choksey, KR Choksey Sec",positive
"Subsidy phase-out will drive further upside in oil & gas stocks: Deven Choksey, [TGT]",neutral
"[TGT], Cipla, Ranbaxy slip for second day in a row; EM currency rout may hurt",negative
"Sun Pharma, [TGT], Ranbaxy slip for second day in a row; EM currency rout may hurt",negative
"Sun Pharma, Cipla, [TGT] slip for second day in a row; EM currency rout may hurt",negative
USFDA becoming dreaded word in Dalal Street; [TGT] need to keep Street in the loop,negative
[TGT] becoming dreaded word in Dalal Street; pharma companies need to keep Street in the loop,neutral
"Baba Ramdev's [TGT] bigger than Emami and Jyothy Labs, wish it was listed: CLSA report",positive
"Baba Ramdev's Patanjali bigger than [TGT] and Jyothy Labs, wish it was listed: CLSA report",negative
"Baba Ramdev's Patanjali bigger than Emami and [TGT], wish it was listed: CLSA report",negative
"Baba Ramdev's Patanjali bigger than Emami and Jyothy Labs, wish it was listed: [TGT] report",neutral
"[TGT] takes on Pepsi, woos IPL fans outside stadium venues at Rs 10-15 per bottle",positive
"Coca-Cola takes on [TGT], woos IPL fans outside stadium venues at Rs 10-15 per bottle",negative
"[TGT], Oil India slip as Oil Ministry proposes higher gas price on extra output only",positive
"ONGC, [TGT] slip as Oil Ministry proposes higher gas price on extra output only",positive
"[TGT] eyes fourth weekly gain in five,but weak China steel market a risk",positive
"[TGT], CNX IT not showing much strength despite index hitting life-time high: Mitesh Thacker",negative
"Bank Nifty, [TGT] not showing much strength despite index hitting life-time high: Mitesh Thacker",negative
[TGT] shine; over 100 stocks hit fresh 52-week high on BSE,positive
[TGT] small and midcap stocks shine; over 100 stocks hit fresh 52-week high on BSE,neutral
"[TGT], ICICI Securities, SBI Capital and Deutsche Bank appointed for share sale in five PSUs",neutral
"Edelweiss, [TGT], SBI Capital and Deutsche Bank appointed for share sale in five PSUs",neutral
"Edelweiss, ICICI Securities, [TGT] and Deutsche Bank appointed for share sale in five PSUs",neutral
"Edelweiss, ICICI Securities, SBI Capital and [TGT] appointed for share sale in five PSUs",neutral
"FIIs up stakes in 16 Sensex companies including [TGT], RIL and HDFC in January-March quarter",positive
"FIIs up stakes in 16 Sensex companies including Infosys, [TGT] and HDFC in January-March quarter",positive
"FIIs up stakes in 16 Sensex companies including Infosys, RIL and [TGT] in January-March quarter",positive
"Impact of delay in gas price hike: [TGT], ONGC may fall in the short term",negative
"Impact of delay in gas price hike: RIL, [TGT] may fall in the short term",negative
"[TGT], Wipro, MindTree slip over 10% since March; is it time to revisit IT stocks?",negative
"Infosys, [TGT], MindTree slip over 10% since March; is it time to revisit IT stocks?",negative
"Infosys, Wipro, [TGT] slip over 10% since March; is it time to revisit IT stocks?",negative
"[TGT], BPCL may still offer value for long term investors: Mayuresh Joshi of Angel Broking",positive
"IOC, [TGT] may still offer value for long term investors: Mayuresh Joshi of Angel Broking",positive
"IOC, BPCL may still offer value for long term investors: Mayuresh Joshi of [TGT]",neutral
"Need to be patient while investing in [TGT]: IV Subramaniam, Quantum AMC",positive
"Need to be patient while investing in oil and gas stocks: IV Subramaniam, [TGT]",neutral
Not easy to make money in Maruti; [TGT] top bet in auto: Mehraboon Irani,positive
Not easy to make money in [TGT]; Tata Motors top bet in auto: Mehraboon Irani,negative
Rejigging of heavyweight indices like [TGT] or MSCI India may serve as good investment opportunity,neutral
Rejigging of heavyweight indices like Nifty or [TGT] may serve as good investment opportunity,neutral
"[TGT], ONGC slip over 3% as Election Commission defers gas price hike till polls end",negative
"RIL, [TGT] slip over 3% as Election Commission defers gas price hike till polls end",negative
"[TGT], Nifty @ life high on rate cut hopes, crude; top 10 stocks in focus",positive
"Sensex, [TGT] @ life high on rate cut hopes, crude; top 10 stocks in focus",positive
"[TGT], KRBL to gain from Iran deal; see at least 20% upside: Prakash Diwan",positive
"Shakti Pumps, [TGT] to gain from Iran deal; see at least 20% upside: Prakash Diwan",positive
"State-run Cos [TGT], PFC, PGC etc expect rates to fall, may offer short tenure bonds",neutral
"State-run Cos REC, [TGT], PGC etc expect rates to fall, may offer short tenure bonds",neutral
"State-run Cos REC, PFC, [TGT] etc expect rates to fall, may offer short tenure bonds",neutral
[TGT] and  Deepak Fertilisers and Petrochemicals to set up India's first terminal market,neutral
Unity Infraprojects and  [TGT] to set up India's first terminal market,neutral
Which one is a better bet? [TGT] or Bajaj Auto in two wheeler space,neutral
Which one is a better bet? Hero MotoCorp or [TGT] in two wheeler space,neutral
As of now I would not buy either [TGT] or Titan Industries: Vijay Bhambwani,negative
As of now I would not buy either Bata or [TGT]: Vijay Bhambwani,negative
"Capex cycle revival positive for market; prefer [TGT]: Prakash Diwan, Altamount Capital Management",positive
"[TGT], RIL are the pick among large cap stocks: Sajiv Dhawan, JV Capital Services",positive
"M&M, [TGT] are the pick among large cap stocks: Sajiv Dhawan, JV Capital Services",positive
"M&M, RIL are the pick among large cap stocks: Sajiv Dhawan, [TGT]",neutral
"[TGT], oil and gas to lead earnings downgrade this quarter: Prashasta Seth, IIFL AMC",negative
"Metals, [TGT] to lead earnings downgrade this quarter: Prashasta Seth, IIFL AMC",negative
"Metals, oil and gas to lead earnings downgrade this quarter: Prashasta Seth, [TGT]",neutral
"Unlike [TGT], Alibaba is not eligible for membership in the S&P 500: David Blitzer",positive
"Unlike Facebook, [TGT] is not eligible for membership in the S&P 500: David Blitzer",negative
"8200 holds the key for Nifty; [TGT] likely to climb to 27,375: Mitesh Thacker",positive
"8200 holds the key for [TGT]; Sensex likely to climb to 27,375: Mitesh Thacker",neutral
"[TGT], cement stocks have done phenomenally well in the last three months: Anish Damania",positive
"Bank, [TGT] have done phenomenally well in the last three months: Anish Damania",positive
"[TGT]i, Tata Comm, mobile content players likely to see sharp run-up : Harendra Kumar",positive
"Bharti, [TGT], mobile content players likely to see sharp run-up : Harendra Kumar",positive
"Bharti, Tata Comm, [TGT] likely to see sharp run-up : Harendra Kumar",positive
"Big day for IPOs: [TGT], Infibeam, Teamlease eye over Rs 2,000 crore from investors",neutral
"Big day for IPOs: IndiGo, [TGT], Teamlease eye over Rs 2,000 crore from investors",neutral
"Big day for IPOs: IndiGo, Infibeam, [TGT] eye over Rs 2,000 crore from investors",neutral
"[TGT], Nirma and Sparsh BPO unveil plans to go private within a week",neutral
"Binani Cement, [TGT] and Sparsh BPO unveil plans to go private within a week",neutral
"Binani Cement, Nirma and [TGT] unveil plans to go private within a week",neutral
"Build on to your positions, buy [TGT] and pharma stocks on dips: Manish Sonthalia",positive
"Build on to your positions, buy IT and [TGT] on dips: Manish Sonthalia",positive
"Build positions around [TGT]; bet on Canara, BOB, PNB, SBI: Ashwani Gujral",positive
"Build positions around PSU banking space; bet on [TGT], BOB, PNB, SBI: Ashwani Gujral",positive
"Build positions around PSU banking space; bet on Canara, [TGT], PNB, SBI: Ashwani Gujral",positive
"Build positions around PSU banking space; bet on Canara, BOB, [TGT], SBI: Ashwani Gujral",positive
"Build positions around PSU banking space; bet on Canara, BOB, PNB, [TGT]: Ashwani Gujral",positive
"Capital goods names like [TGT], Voltas and Engineers India to fetch returns: Manish Sonthalia",positive
"Capital goods names like Cummins, [TGT] and Engineers India to fetch returns: Manish Sonthalia",positive
"Capital goods names like Cummins, Voltas and [TGT] to fetch returns: Manish Sonthalia",positive
"China, Eurozone tremors shake [TGT], domestic worries spark fears of FIIs exit",negative
"Discom revival plan fails to lift power stocks; [TGT], PFC fall up to 13%",negative
"Discom revival plan fails to lift power stocks; REC, [TGT] fall up to 13%",negative
"Discom revival plan fails to lift [TGT]; REC, PFC fall up to 13%",negative
"[TGT], Mandhana Industries tank up to 6% after court's verdict on Salman Khan",negative
"Eros International, [TGT] tank up to 6% after court's verdict on Salman Khan",negative
From fragile five to two good: Dollar flexing muscles but [TGT] is fit too,positive
From fragile five to two good: [TGT] flexing muscles but rupee is fit too,positive
"[TGT], IRF soar on receding inflationary pressures, falling crude, ease of trading in futures",positive
"Gilts, [TGT] soar on receding inflationary pressures, falling crude, ease of trading in futures",positive
"Good opportunity to buy [TGT], ONGC and Oil India at lower levels: Deven Choksey",positive
"Good opportunity to buy Reliance, [TGT] and Oil India at lower levels: Deven Choksey",positive
"Good opportunity to buy Reliance, ONGC and [TGT] at lower levels: Deven Choksey",positive
[TGT] Q3 net jumps five fold to Rs 59 cr; focus on green tech,positive
"[TGT], Reliance good bets for long term investment purposes: Deven Choksey, KR Choksey Securities",positive
"HUL, [TGT] good bets for long term investment purposes: Deven Choksey, KR Choksey Securities",positive
"HUL, Reliance good bets for long term investment purposes: Deven Choksey, [TGT]",neutral
"Imports of [TGT], matar dal and toor dal ensure 15% correction in pulses prices",neutral
"Imports of chana, [TGT] and toor dal ensure 15% correction in pulses prices",neutral
"Imports of chana, matar dal and [TGT] ensure 15% correction in pulses prices",neutral
"Imports of chana, matar dal and toor dal ensure 15% correction in [TGT] prices",neutral
"Infrastructure cos like [TGT], Sadbhav Engg, IRB, others likely to gain from economic revival",positive
"Infrastructure cos like ITNL, [TGT], IRB, others likely to gain from economic revival",positive
"Infrastructure cos like ITNL, Sadbhav Engg, [TGT], others likely to gain from economic revival",positive
"[TGT], Commodity, Consumption sectors likely to perform well in times to come: Deven Choksey",positive
"Infrastructure, [TGT], Consumption sectors likely to perform well in times to come: Deven Choksey",positive
"Infrastructure, Commodity, [TGT] sectors likely to perform well in times to come: Deven Choksey",positive
"Look at adding [TGT], TCS, MindTree and Persistent Systems on every dip: Ajay Bodke",positive
"Look at adding Infosys, [TGT], MindTree and Persistent Systems on every dip: Ajay Bodke",positive
"Look at adding Infosys, TCS, [TGT] and Persistent Systems on every dip: Ajay Bodke",positive
"Look at adding Infosys, TCS, MindTree and [TGT] on every dip: Ajay Bodke",positive
"Monetisation of telecom, retail investments holds the key; see [TGT] @ 1,200: Jaideep Goswami",positive
"Overweight on [TGT], Infy among largecap stocks, prefer Persistent among IT midcaps: Parag Thakkar",positive
"Overweight on TCS, [TGT] among largecap stocks, prefer Persistent among IT midcaps: Parag Thakkar",positive
"Overweight on TCS, Infy among largecap stocks, prefer [TGT] among IT midcaps: Parag Thakkar",positive
Overweight on the [TGT] and underweight on the auto at this point: BP Singh,positive
Overweight on the ancillaries and underweight on the [TGT] at this point: BP Singh,negative
"[TGT], Eicher Motors and Glaxo Consumer to do well on earnings uptick: Manish Sonthalia",positive
"Page, [TGT] and Glaxo Consumer to do well on earnings uptick: Manish Sonthalia",positive
"Page, Eicher Motors and [TGT] to do well on earnings uptick: Manish Sonthalia",positive
"Petrol, diesel prices hiked again, but [TGT] remain subdued; IOC, HPCL in red",negative
"Petrol, diesel prices hiked again, but OMC stocks remain subdued; [TGT], HPCL in red",negative
"Petrol, diesel prices hiked again, but OMC stocks remain subdued; IOC, [TGT] in red",negative
"[TGT], INOX to register increase in September quarter revenue due to box office hits",positive
"PVR, [TGT] to register increase in September quarter revenue due to box office hits",positive
"Railway vendor stocks like [TGT], Titagarh Wagons, Texmaco, back in limelight as budget nears",positive
"Railway vendor stocks like Kalindee, [TGT], Texmaco, back in limelight as budget nears",positive
"Railway vendor stocks like Kalindee, Titagarh Wagons, [TGT], back in limelight as budget nears",positive
Road to Recovery: [TGT] and financial services firms to drive BSE 100 companies' earnings,positive
Road to Recovery: Cement and [TGT] firms to drive BSE 100 companies' earnings,positive
"[TGT], Nifty trading in a range after gap-down start; top twelve stocks in focus",neutral
"Sensex, [TGT] trading in a range after gap-down start; top twelve stocks in focus",neutral
"[TGT], Jet Airways jump up to 7 per cent on aviation fuel price cut",positive
"SpiceJet, [TGT] jump up to 7 per cent on aviation fuel price cut",positive
Suggest to invest in [TGT] and midcap pharma names like Torrent: Sudip Bandyopadhyay,positive
Suggest to invest in Pharma sector and [TGT] names like Torrent: Sudip Bandyopadhyay,positive
Suggest to invest in Pharma sector and midcap pharma names like [TGT]: Sudip Bandyopadhyay,positive
"[TGT], HDIL, Punj Lloyd, Aban Offshore have been been in persistent declines: Deepak Mohoni",negative
"Suzlon, [TGT], Punj Lloyd, Aban Offshore have been been in persistent declines: Deepak Mohoni",negative
"Suzlon, HDIL, [TGT], Aban Offshore have been been in persistent declines: Deepak Mohoni",negative
"Suzlon, HDIL, Punj Lloyd, [TGT] have been been in persistent declines: Deepak Mohoni",negative
"[TGT], MindTree and Persistent Systems are good bets in the IT space: Dipan Mehta",positive
"TCS, [TGT] and Persistent Systems are good bets in the IT space: Dipan Mehta",positive
"TCS, MindTree and [TGT] are good bets in the IT space: Dipan Mehta",positive
"Yellen effect: [TGT] surges over 350 pts; Nifty regains 6,100 as QE fears ease",positive
"Yellen effect: Sensex surges over 350 pts; [TGT] regains 6,100 as QE fears ease",positive
[TGT] getting over the hump; exercise caution on IT counters: Ajay Bodke,positive
Banking sector getting over the hump; exercise caution on [TGT] counters: Ajay Bodke,negative
"[TGT], NSE to move 25 companies to restricted trade segment from October 7",neutral
"BSE, [TGT] to move 25 companies to restricted trade segment from October 7",neutral
"[TGT], Hong Kong stocks rise as fears of near-term U.S rate hike recede",positive
"China, [TGT] rise as fears of near-term U.S rate hike recede",positive
D-Street trading: [TGT] & small cap stocks not yet out of the woods,neutral
D-Street trading: Mid & [TGT] not yet out of the woods,neutral
Falling revenues and intense competition dim prospects for [TGT] and small IT firms,negative
Falling revenues and intense competition dim prospects for medium and [TGT],negative
"[TGT] hits 19-mth low as supply overwhelms, Shanghai rebar down 3rd day",positive
"Iron ore hits 19-mth low as supply overwhelms, [TGT] down 3rd day",positive
Nikkei falls as anti-austerity party wins Greek election; stronger [TGT] weighs on market,positive
[TGT] falls as anti-austerity party wins Greek election; stronger yen weighs on market,negative
Nikkei falls as [TGT] bounces after Swiss jolt; down for a third week,positive
[TGT] falls as yen bounces after Swiss jolt; down for a third week,negative
"[TGT] rally after SC's Novartis verdict; analysts positive on DRL, Cipla, Natco",positive
"Pharma stocks rally after SC's Novartis verdict; analysts positive on [TGT], Cipla, Natco",positive
"Pharma stocks rally after SC's Novartis verdict; analysts positive on DRL, [TGT], Natco",positive
"Pharma stocks rally after SC's Novartis verdict; analysts positive on DRL, Cipla, [TGT]",positive
"South Korea eyes measures to offset impact of weak [TGT], boost stock market",negative
"South Korea stocks edge down on profit taking, [TGT] hovers at 6-year high",positive
"[TGT] edge down on profit taking, won hovers at 6-year high",negative
"[TGT], Prakash Industries & Bhushan Steel crack upto 20% in bribery case",negative
"Syndicate Bank, [TGT] & Bhushan Steel crack upto 20% in bribery case",negative
"Syndicate Bank, Prakash Industries & [TGT] crack upto 20% in bribery case",negative
"[TGT], Infosys, Wipro top picks among large cap IT stocks: Ajay Bodke",positive
"Tech Mahindra, [TGT], Wipro top picks among large cap IT stocks: Ajay Bodke",positive
"Tech Mahindra, Infosys, [TGT] top picks among large cap IT stocks: Ajay Bodke",positive
"UP Elections: Sugar stocks like [TGT], Dhampur Sugar rise amid election results",positive
"UP Elections: Sugar stocks like Bajaj Hindusthan, [TGT] rise amid election results",positive
"[TGT], Ambuja Cements fall 5 per cent post Q4 results; top Nifty losers",negative
"ACC, [TGT] fall 5 per cent post Q4 results; top Nifty losers",negative
"ACC, Ambuja Cements fall 5 per cent post Q4 results; top [TGT] losers",neutral
[TGT] fires up after Ambani brothers seal Rs 1200 crore telecom deal,positive
"[TGT]' shares skyrocket, SpiceJet jumps 20%, Jet soars 12.3% in a day",positive
"Airline companies' shares skyrocket, [TGT] jumps 20%, Jet soars 12.3% in a day",positive
"Airline companies' shares skyrocket, Spice[TGT] jumps 20%, Jet soars 12.3% in a day",positive
"[TGT] in for turbulent times, new entrants AirAsia, Tata-SIA to raise competition",negative
"Airline stocks in for turbulent times, new entrants [TGT], Tata-SIA to raise competition",neutral
"Airline stocks in for turbulent times, new entrants AirAsia, [TGT] to raise competition",neutral
"Airtel, Idea, RCom plunge upto 6.6% as [TGT] raises 2G auction bar",positive
"[TGT], Idea, RCom plunge upto 6.6% as Reliance Jio raises 2G auction bar",negative
"Airtel, [TGT], RCom plunge upto 6.6% as Reliance Jio raises 2G auction bar",negative
"Airtel, Idea, [TGT] plunge upto 6.6% as Reliance Jio raises 2G auction bar",negative
"[TGT], auto, realty stocks stuck in a range ahead of RBI policy review",neutral
"Bank, [TGT], realty stocks stuck in a range ahead of RBI policy review",neutral
"Bank, auto, [TGT] stuck in a range ahead of RBI policy review",neutral
"Chart Check from Angel Broking for Tuesday, March 06: [TGT], Educomp Solutions",neutral
"Chart Check from Angel Broking for Tuesday, March 06: Asian Paints, [TGT]",neutral
"Chart Check from Emkay Global for Friday, March 23: [TGT], Tata Steel",neutral
"Chart Check from Emkay Global for Friday, March 23: ICICI Bank, [TGT]",neutral
"[TGT], HSBC Securities, UBS Securities among 5 bankers to manage ONGC share sale",neutral
"Citigroup, [TGT], UBS Securities among 5 bankers to manage ONGC share sale",neutral
"Citigroup, HSBC Securities, [TGT] among 5 bankers to manage ONGC share sale",neutral
"Citigroup, HSBC Securities, UBS Securities among 5 bankers to manage [TGT] share sale",neutral
[TGT] or Everest Kanto are good picks from capital goods sector: Rajesh Jain,positive
Cummins or [TGT] are good picks from capital goods sector: Rajesh Jain,positive
"E-commerce boom: [TGT], CLSA, Credit Suisse, HSBC, others join hunt for India's Alibaba",neutral
"E-commerce boom: Goldman, [TGT], Credit Suisse, HSBC, others join hunt for India's Alibaba",neutral
"E-commerce boom: Goldman, CLSA, [TGT], HSBC, others join hunt for India's Alibaba",neutral
"E-commerce boom: Goldman, CLSA, Credit Suisse, [TGT], others join hunt for India's Alibaba",neutral
"E-commerce boom: Goldman, CLSA, Credit Suisse, HSBC, others join hunt for India's [TGT]",neutral
[TGT] is a good pick from sugar and agri space: Shrikant Chouhan,positive
"[TGT], Colgate, Dabur India good bets in the FMCG space: Mehraboon Irani",positive
"Jyothy Laboratory, [TGT], Dabur India good bets in the FMCG space: Mehraboon Irani",positive
"Jyothy Laboratory, Colgate, [TGT] good bets in the FMCG space: Mehraboon Irani",positive
"Keep holding long positions; [TGT] to outperform CNX IT, CNX Bank: Ashwani Gujral",positive
"Keep holding long positions; Nifty to outperform [TGT], CNX Bank: Ashwani Gujral",neutral
"Keep holding long positions; Nifty to outperform CNX IT, [TGT]: Ashwani Gujral",neutral
"[TGT], Adani Ports, Adani Enterprises & IRB Infrastructure top bets post Budget: CLSA",positive
"L&T, [TGT], Adani Enterprises & IRB Infrastructure top bets post Budget: CLSA",positive
"L&T, Adani Ports, [TGT] & IRB Infrastructure top bets post Budget: CLSA",positive
"L&T, Adani Ports, Adani Enterprises & [TGT] top bets post Budget: CLSA",positive
"L&T, Adani Ports, Adani Enterprises & IRB Infrastructure top bets post Budget: [TGT]",neutral
"LIC's Rs 45,000 crore purchase exceeds 2014 infusion, accumulates [TGT] and banking shares",positive
"LIC's Rs 45,000 crore purchase exceeds 2014 infusion, accumulates tech and [TGT] shares",positive
"[TGT]'s Rs 45,000 crore purchase exceeds 2014 infusion, accumulates tech and banking shares",neutral
"[TGT], Cadila, Strides Arcolab, Ipca Laboratories and Biocon are good bets: Ashit Suri",positive
"Lupin, [TGT], Strides Arcolab, Ipca Laboratories and Biocon are good bets: Ashit Suri",positive
"Lupin, Cadila, [TGT], Ipca Laboratories and Biocon are good bets: Ashit Suri",positive
"Lupin, Cadila, Strides Arcolab, [TGT] and Biocon are good bets: Ashit Suri",positive
"Lupin, Cadila, Strides Arcolab, Ipca Laboratories and [TGT] are good bets: Ashit Suri",positive
"Many blue-chip stocks like [TGT], Airtel, NTPC yet to reclaim their 2008-10 peaks",neutral
"Many blue-chip stocks like RIL, [TGT], NTPC yet to reclaim their 2008-10 peaks",neutral
"Many blue-chip stocks like RIL, Airtel, [TGT] yet to reclaim their 2008-10 peaks",neutral
"Mutual funds sell IT, banking stocks in March; go long on [TGT], pharma",positive
"Mutual funds sell IT, banking stocks in March; go long on auto, [TGT]",positive
"Mutual funds sell [TGT], banking stocks in March; go long on auto, pharma",negative
"Mutual funds sell IT, [TGT] stocks in March; go long on auto, pharma",negative
"[TGT], PFC and IRFC to sell masala bonds, raise up to $2 billion",neutral
"NTPC, [TGT] and IRFC to sell masala bonds, raise up to $2 billion",neutral
"NTPC, PFC and [TGT] to sell masala bonds, raise up to $2 billion",neutral
"Opposite movement of [TGT], Sun Pharma stocks to surprise tech, pharma fund investors",neutral
"Opposite movement of Infosys, [TGT] stocks to surprise tech, pharma fund investors",neutral
"Opposite movement of Infosys, Sun Pharma stocks to surprise [TGT], pharma fund investors",neutral
"Opposite movement of Infosys, Sun Pharma stocks to surprise tech, [TGT] fund investors",neutral
"[TGT], power, oil & gas, auto, tourism to outperform in 2015: Emkay",positive
"Private banks, [TGT], oil & gas, auto, tourism to outperform in 2015: Emkay",positive
"Private banks, power, [TGT], auto, tourism to outperform in 2015: Emkay",positive
"Private banks, power, oil & gas, [TGT], tourism to outperform in 2015: Emkay",positive
"Private banks, power, oil & gas, auto, [TGT] to outperform in 2015: Emkay",positive
"PSUs [TGT], NHPC and NMDC may buy back shares to bail out government",neutral
"PSUs CIL, [TGT] and NMDC may buy back shares to bail out government",neutral
"PSUs CIL, NHPC and [TGT] may buy back shares to bail out government",neutral
"Recent fall in private banking stocks unjustified; prefer [TGT], ICICI Bank: Mayuresh Joshi",positive
"Recent fall in private banking stocks unjustified; prefer Axis, [TGT]: Mayuresh Joshi",positive
"Recommend going long on IT stocks like [TGT], Tech Mahindra, HCL: Ajay Srivastava",positive
"Recommend going long on IT stocks like TCS, [TGT], HCL: Ajay Srivastava",positive
"Recommend going long on IT stocks like TCS, Tech Mahindra, [TGT]: Ajay Srivastava",positive
"Returns are high in [TGT], BGR Energy, HFCL Infotel stocks: Deepak Mohoni",positive
"Returns are high in Fin Tech, [TGT], HFCL Infotel stocks: Deepak Mohoni",positive
"Returns are high in Fin Tech, BGR Energy, [TGT] stocks: Deepak Mohoni",positive
[TGT] and pepper imports may rise to new highs due to tight supplies,negative
Rubber and [TGT] imports may rise to new highs due to tight supplies,negative
"Sectoral churning likely; [TGT], pharma to outperform in weeks to come: Mitesh Thacker",positive
"Sectoral churning likely; IT, [TGT] to outperform in weeks to come: Mitesh Thacker",positive
South Korean shares slide to 3-week low on China growth worries; [TGT] up,positive
[TGT] slide to 3-week low on China growth worries; won up,negative
"Stay neutral to negative on [TGT] and banking stocks: Harendra Kumar, Elara Capital",neutral
"Stay neutral to negative on auto and [TGT]: Harendra Kumar, Elara Capital",neutral
"[TGT] to announce Q4 results on Apr 16; HCL Tech, Infy to follow",neutral
"TCS to announce Q4 results on Apr 16; [TGT], Infy to follow",neutral
"TCS to announce Q4 results on Apr 16; HCL Tech, [TGT] to follow",neutral
Textile space with stocks like [TGT] and Arvind looks good: Deepak Mohoni,positive
Textile space with stocks like Alok Industries and [TGT] looks good: Deepak Mohoni,positive
"Valuations discount for [TGT], small cap stocks has gone away, says Vinay Thakkar",positive
"Valuations discount for midcap, [TGT] has gone away, says Vinay Thakkar",positive
"Where the funds flow: [TGT], NBFCs, media others most favoured sectors in FY13",positive
"Where the funds flow: Banks, [TGT], media others most favoured sectors in FY13",positive
"Where the funds flow: Banks, NBFCs, [TGT] others most favoured sectors in FY13",positive
"Yellen or Rajan? Five reasons why [TGT] gained 350 points, rupee hit 63",positive
"Yellen or Rajan? Five reasons why Sensex gained 350 points, [TGT] hit 63",positive
"2011: [TGT], silver touch all-time highs amid economic turmoil and rising inflation",positive
"2011: Gold, [TGT] touch all-time highs amid economic turmoil and rising inflation",positive
[TGT] rattled by Federal Reserve rates view; ringgit at four-month low,negative
Asia forex rattled by Federal Reserve rates view; [TGT] at four-month low,negative
"[TGT], Idea good for long term investors: Sajiv Dhawan, JV Capital Services",positive
"Bharti, [TGT] good for long term investors: Sajiv Dhawan, JV Capital Services",positive
"Bharti, Idea good for long term investors: Sajiv Dhawan, [TGT]",neutral
"[TGT], NSE to shift two UB group firms to restricted trade segment",neutral
"BSE, [TGT] to shift two UB group firms to restricted trade segment",neutral
"[TGT], Thomas Cook shares soar on slew of visa sops",positive
"Cox & Kings, [TGT] shares soar on slew of visa sops",positive
"Defensives like [TGT], FMCG perform better than all cyclical stocks: Ashwani Gujral",positive
"Defensives like pharma, [TGT] perform better than all cyclical stocks: Ashwani Gujral",positive
"Defensives like pharma, FMCG perform better than all [TGT] stocks: Ashwani Gujral",neutral
"[TGT] glitters to top Rs 32,000 mark on global cues; silver shines",positive
"Gold glitters to top Rs 32,000 mark on global cues; [TGT] shines",positive
"[TGT], pharma no longer to remain leaders in market rally: Girish Pai",negative
"IT, [TGT] no longer to remain leaders in market rally: Girish Pai",negative
South Korean shares reverse early gains to close flat; [TGT] edges lower,negative
[TGT] reverse early gains to close flat; won edges lower,neutral
"[TGT], Dr Lal PathLabs to make stock market debut on December 23",neutral
"Alkem, [TGT] to make stock market debut on December 23",neutral
"[TGT], New Zealand dollars slide vs sterling on early Scottish vote results",negative
"Australian, [TGT] slide vs sterling on early Scottish vote results",negative
"Australian, New Zealand dollars slide vs [TGT] on early Scottish vote results",neutral
"Avoid [TGT] altogether: Mehraboon Irani, Nirmal Bang Securities",negative
"Avoid PSU oil & gas space altogether: Mehraboon Irani, [TGT]",neutral
"[TGT], energy and FMCG stocks may push Nifty towards 6650-6700: Mitesh Thacker",positive
"Banking, [TGT] and FMCG stocks may push Nifty towards 6650-6700: Mitesh Thacker",positive
"Banking, energy and [TGT] may push Nifty towards 6650-6700: Mitesh Thacker",positive
"Banking, energy and FMCG stocks may push [TGT] towards 6650-6700: Mitesh Thacker",neutral
"[TGT], Adani Ports among six companies that hit their 52-week lows today",positive
"BHEL, [TGT] among six companies that hit their 52-week lows today",positive
"BNP Paribas upgrades India to 'overweight', sees [TGT] hitting 24k by end-2014",positive
"[TGT] upgrades India to 'overweight', sees Sensex hitting 24k by end-2014",neutral
"[TGT], HPCL in red on fuel price cut, rise in global prices",negative
"BPCL, [TGT] in red on fuel price cut, rise in global prices",negative
"[TGT], metal, banking indices fall over 2% on poor IIP numbers",negative
"Capital goods, [TGT], banking indices fall over 2% on poor IIP numbers",negative
"Capital goods, metal, [TGT] indices fall over 2% on poor IIP numbers",negative
"Cautious on IT stocks, bullish on [TGT]: Arindam Ghosh, BlackRidge Capital Advisors",positive
"Cautious on [TGT], bullish on banking: Arindam Ghosh, BlackRidge Capital Advisors",negative
"Cautious on IT stocks, bullish on banking: Arindam Ghosh, [TGT]",neutral
"[TGT], Bajaj Finance to get on to F&O turf from May 29",neutral
"Ceat, [TGT] to get on to F&O turf from May 29",neutral
"[TGT] eyes comeback; buy UltraTech with a target of Rs 3,282:",positive
"Cement sector eyes comeback; buy [TGT] with a target of Rs 3,282:",positive
"Cobrapost impact: [TGT], HDFC Bank, Axis Bank fall on penalty woes",negative
"Cobrapost impact: ICICI Bank, [TGT], Axis Bank fall on penalty woes",negative
"Cobrapost impact: ICICI Bank, HDFC Bank, [TGT] fall on penalty woes",negative
Compliance worries hit shares of [TGT] and  Dr Reddy's Laboratories,negative
Compliance worries hit shares of Sun Pharma and  [TGT],negative
"[TGT], NIIT, Everonn stocks rally up to 24% in single day",positive
"Core Education, [TGT], Everonn stocks rally up to 24% in single day",positive
"Core Education, NIIT, [TGT] stocks rally up to 24% in single day",positive
"[TGT], M&M, Maruti under pressure as government may not extend auto sops",negative
"Eicher, [TGT], Maruti under pressure as government may not extend auto sops",negative
"Eicher, M&M, [TGT] under pressure as government may not extend auto sops",negative
"Forgettable year for [TGT] & silver, base metals melted on China heat",negative
"Forgettable year for gold & [TGT], base metals melted on China heat",negative
"Forgettable year for gold & silver, [TGT] melted on China heat",negative
"Global cues can drag [TGT], Bank Nifty further down: Ashwani Gujral",negative
"Global cues can drag CNX IT, [TGT] further down: Ashwani Gujral",negative
"[TGT], GVK Power & Infra and IVRCL expected to report losses",negative
"GMR Infra, [TGT] and IVRCL expected to report losses",negative
"GMR Infra, GVK Power & Infra and [TGT] expected to report losses",negative
"IDBI, Canara Bank, SBI seen in talks to sell [TGT] stake",negative
"[TGT], Canara Bank, SBI seen in talks to sell CARE Ratings stake",neutral
"IDBI, [TGT], SBI seen in talks to sell CARE Ratings stake",neutral
"IDBI, Canara Bank, [TGT] seen in talks to sell CARE Ratings stake",neutral
"Important to go beyond [TGT] and Sensex: Arindam Ghosh, Blackridge Capital Advisors",neutral
"Important to go beyond Nifty and [TGT]: Arindam Ghosh, Blackridge Capital Advisors",neutral
"Important to go beyond Nifty and Sensex: Arindam Ghosh, [TGT]",neutral
"M&M, Tata Group eyeing [TGT] for long-term growth opportunities: Vikas Khemani",positive
"[TGT], Tata Group eyeing defence sector for long-term growth opportunities: Vikas Khemani",neutral
"M&M, [TGT] eyeing defence sector for long-term growth opportunities: Vikas Khemani",neutral
"[TGT], Muthoot rally 20% as RBI allows gold NBFCs to lend more",positive
"Manappuram, [TGT] rally 20% as RBI allows gold NBFCs to lend more",positive
"Many stocks like [TGT], Siemens, Ambuja Cement, SAIL and Hindalco overvalued: Analysts",negative
"Many stocks like BHEL, [TGT], Ambuja Cement, SAIL and Hindalco overvalued: Analysts",negative
"Many stocks like BHEL, Siemens, [TGT], SAIL and Hindalco overvalued: Analysts",negative
"Many stocks like BHEL, Siemens, Ambuja Cement, [TGT] and Hindalco overvalued: Analysts",negative
"Many stocks like BHEL, Siemens, Ambuja Cement, SAIL and [TGT] overvalued: Analysts",negative
"Market bets on [TGT], but Infosys seen dark horse of IT pack",positive
"Market bets on TCS, but [TGT] seen dark horse of IT pack",positive
"[TGT], M&M top picks in auto space: Jagannadham Thunuguntla, SMC Global Securities",positive
"Maruti, [TGT] top picks in auto space: Jagannadham Thunuguntla, SMC Global Securities",positive
"Maruti, M&M top picks in auto space: Jagannadham Thunuguntla, [TGT]",neutral
"[TGT], Avigo eye returns of over 2.5 times on their investments",neutral
"Matrix Partners, [TGT] eye returns of over 2.5 times on their investments",neutral
Media stocks like [TGT] and CNBC likely to move up: Jagdish Malkani,positive
Media stocks like Jagran and [TGT] likely to move up: Jagdish Malkani,positive
"[TGT] snub DMF concerns, surge up to 3%; Hindalco top gainer",positive
"Mining stocks snub DMF concerns, surge up to 3%; [TGT] top gainer",positive
"Mining stocks snub [TGT] concerns, surge up to 3%; Hindalco top gainer",neutral
"Move over [TGT], Nifty, say experts; stocks that can return upto 46%",neutral
"Move over Sensex, [TGT], say experts; stocks that can return upto 46%",neutral
"NBFC stocks like [TGT], Muthoot Finance down on new gold loan curb",negative
"NBFC stocks like Manappuram, [TGT] down on new gold loan curb",negative
"[TGT] like Manappuram, Muthoot Finance down on new gold loan curb",negative
"[TGT] hits 5-month lows, Aussie skids on soft China PMI",negative
"New Zealand dollar hits 5-month lows, [TGT] skids on soft China PMI",negative
"[TGT] crosses 7,000; Sensex tops 23,000 on hopes of NDA forming government",positive
"Nifty crosses 7,000; [TGT] tops 23,000 on hopes of NDA forming government",positive
"Nine blue-chip companies add Rs 1,14,806 cr in m-cap; [TGT] top gainer",positive
"[TGT], GAIL our top bets in OMCs: Tirthankar Patnaik, Religare Capital Markets",positive
"ONGC, [TGT] our top bets in OMCs: Tirthankar Patnaik, Religare Capital Markets",positive
"ONGC, GAIL our top bets in OMCs: Tirthankar Patnaik, [TGT]",neutral
Orix Corp in talks to buy TPG Capital stake; [TGT] up,positive
[TGT] in talks to buy TPG Capital stake; Shriram Transport up,positive
Orix Corp in talks to buy [TGT] stake; Shriram Transport up,neutral
Over 100-point gap down opening seen for [TGT]; Sensex may retest 27K,negative
Over 100-point gap down opening seen for Nifty; [TGT] may retest 27K,neutral
"[TGT], REC, PSU banks will show growth from now on: Ashwani Gujral",positive
"PFC, [TGT], PSU banks will show growth from now on: Ashwani Gujral",positive
"PFC, REC, [TGT] will show growth from now on: Ashwani Gujral",positive
Play auto theme with [TGT]; CV space looks good: Amit Khurana,positive
Play auto theme with four-wheeler stocks; [TGT] looks good: Amit Khurana,positive
"Play renewable energy theme indirectly with [TGT], Shanti Gears: Parag Thakkar",positive
"Play renewable energy theme indirectly with Elecon Engg, [TGT]: Parag Thakkar",positive
Prefer [TGT] over Bajaj Auto in  two-wheeler space: Mehraboon Irani,positive
Prefer Hero Motocorp over [TGT] in  two-wheeler space: Mehraboon Irani,negative
"Repo rate: [TGT], bank, realty stocks hammered on rate hike by RBI",negative
"Repo rate: Auto, [TGT], realty stocks hammered on rate hike by RBI",negative
"Repo rate: Auto, bank, [TGT] hammered on rate hike by RBI",negative
SAT sets aside fine imposed by SEBI on [TGT] and GHCL,neutral
SAT sets aside fine imposed by SEBI on Golden Tobacco and [TGT],neutral
SAT sets aside fine imposed by [TGT] on Golden Tobacco and GHCL,neutral
[TGT] sets aside fine imposed by SEBI on Golden Tobacco and GHCL,neutral
"[TGT], Axis & others to be hit by new lending rate norm",negative
"SBI, [TGT] & others to be hit by new lending rate norm",negative
Seoul shares fall as foreigners' 5-day buying streak ends; [TGT] edges up,positive
[TGT] fall as foreigners' 5-day buying streak ends; won edges up,negative
"[TGT] rise to 2-month highs, helped by foreign buying; won up",positive
"Seoul shares rise to 2-month highs, helped by foreign buying; [TGT] up",positive
Solid stocks lift Asia FX before Fed; [TGT] up on S&P upgrade,positive
Solid stocks lift [TGT] before Fed; won up on S&P upgrade,positive
"[TGT] subdued as weak exports data weigh, won edges lower",negative
"South Korea shares subdued as weak exports data weigh, [TGT] edges lower",negative
[TGT] edge down after Samsung Electronics's weak Q2 earnings guidance,negative
South Korea stocks edge down after [TGT]'s weak Q2 earnings guidance,negative
[TGT] falls nearly 1% against the dollar; shares edge lower,negative
South Korean won falls nearly 1% against the [TGT]; shares edge lower,neutral
"[TGT], Gitanjali Gems and PC Jewellery slip as RBI tightens gold imports",negative
"TBZ, [TGT] and PC Jewellery slip as RBI tightens gold imports",negative
"TBZ, Gitanjali Gems and [TGT] slip as RBI tightens gold imports",negative
"[TGT], liquor investors may face tax hit as farmers' relief takes priority",negative
"Tobacco, [TGT] investors may face tax hit as farmers' relief takes priority",negative
[TGT] rise on weak rubber prices; Ceat up 8.4 per cent,positive
Tyre companies rise on weak rubber prices; [TGT] up 8.4 per cent,positive
"Ukraine crisis over? [TGT] gain as rupee appreciates, crude slips",positive
"Ukraine crisis over? Oil marketing companies gain as [TGT] appreciates, crude slips",positive
"Ukraine crisis over? Oil marketing companies gain as rupee appreciates, [TGT] slips",negative
"[TGT], United Breweries tumble as SC upholds alcohol ban in Kerala",negative
"United Spirits, [TGT] tumble as SC upholds alcohol ban in Kerala",negative
US stocks: [TGT] ends down 5th session; oil prices fall further,negative
US stocks: Wall Street ends down 5th session; [TGT] prices fall further,negative
"2014 not to be easier for [TGT], other Asian currencies: HSBC",negative
"2014 not to be easier for rupee, other Asian currencies: [TGT]",neutral
"DoT not to cancel [TGT], Tata Teles dual licenses; stocks up",positive
"DoT not to cancel R-Com, [TGT] dual licenses; stocks up",positive
"[TGT] not to cancel R-Com, Tata Teles dual licenses; stocks up",neutral
Exit [TGT]; it's the next Wockhardt in making: Dipan Mehta,negative
Exit Ipca Labs; it's the next [TGT] in making: Dipan Mehta,negative
[TGT] and Tata Steel look good in metal space: Ashwani Gujral,positive
Hindalco and [TGT] look good in metal space: Ashwani Gujral,positive
"[TGT], China shares fall after HSBC services PMI, property drags",negative
"Hong Kong, [TGT] fall after HSBC services PMI, property drags",negative
"Hong Kong, China shares fall after [TGT] services PMI, property drags",negative
[TGT] rebound after a steep fall; PC Jeweller rally 20%,positive
Jewellery stocks rebound after a steep fall; [TGT] rally 20%,positive
"Logistics companies like [TGT], Blue Dart soar high on e-commerce buzz",positive
"Logistics companies like Gati, [TGT] soar high on e-commerce buzz",positive
"[TGT] & metal stocks catch global chill, fall up to 5%",negative
"Mining & [TGT] catch global chill, fall up to 5%",negative
"Not positive on [TGT] including Hindalco: Pankaj Pandey, HoR, ICICIdirect.com",negative
"Not positive on metal pack including [TGT]: Pankaj Pandey, HoR, ICICIdirect.com",negative
"Not positive on metal pack including Hindalco: Pankaj Pandey, HoR, [TGT]",neutral
"Remain bullish on [TGT], MRF: Mehraboon Irani, Nirmal Bang Securities",positive
"Remain bullish on SKF India, [TGT]: Mehraboon Irani, Nirmal Bang Securities",positive
"Remain bullish on SKF India, MRF: Mehraboon Irani, [TGT]",neutral
"Upsides to come from [TGT], midcaps and real estate: Saurabh Mukherjea",positive
"Upsides to come from smallcaps, [TGT] and real estate: Saurabh Mukherjea",positive
"Upsides to come from smallcaps, midcaps and [TGT]: Saurabh Mukherjea",positive
"[TGT], realty, bank stocks trading mixed ahead of RBI policy meet",neutral
"Auto, [TGT], bank stocks trading mixed ahead of RBI policy meet",neutral
"Auto, realty, [TGT] trading mixed ahead of RBI policy meet",neutral
"Betting on [TGT], ONGC in the OMC space: Pankaj Pandey, ICICIdirect.com",positive
"Betting on IOC, [TGT] in the OMC space: Pankaj Pandey, ICICIdirect.com",positive
"Betting on IOC, ONGC in the OMC space: Pankaj Pandey, [TGT]",neutral
"[TGT], HCL Tech good buys in a falling market: Deepak Mohoni",positive
"Bharti, [TGT] good buys in a falling market: Deepak Mohoni",positive
"[TGT], L&T, Reliance, Cipla- all gaining strongly in control: Sandeep Wagle",positive
"BHEL, [TGT], Reliance, Cipla- all gaining strongly in control: Sandeep Wagle",positive
"BHEL, L&T, [TGT], Cipla- all gaining strongly in control: Sandeep Wagle",positive
"BHEL, L&T, Reliance, [TGT]- all gaining strongly in control: Sandeep Wagle",positive
"[TGT], NTPC look value buys, but significant upsides unlikely: Hemang Jani",positive
"BHEL, [TGT] look value buys, but significant upsides unlikely: Hemang Jani",positive
"Book profits with Sesa Sterlite, stay with [TGT]: Deven Choksey",positive
"Book profits with [TGT], stay with Hindustan Zinc: Deven Choksey",negative
"CERC tariff order: NTPC at 5-year low, [TGT] zooms 7%",positive
"CERC tariff order: [TGT] at 5-year low, Tata Power zooms 7%",negative
"[TGT] tariff order: NTPC at 5-year low, Tata Power zooms 7%",neutral
"Cess may impact EPS of [TGT], ONGC, Cairn: Prabhudas Lilladher",negative
"Cess may impact EPS of Oil India, [TGT], Cairn: Prabhudas Lilladher",negative
"Cess may impact EPS of Oil India, ONGC, [TGT]: Prabhudas Lilladher",negative
"[TGT], East Asian stocks to extend rally on PBC's easing: Poll",positive
"China, [TGT] to extend rally on PBC's easing: Poll",positive
"China, East Asian stocks to extend rally on [TGT]'s easing: Poll",neutral
"[TGT], Hong Kong shares slide as bank and casino stocks retreat",negative
"China, [TGT] slide as bank and casino stocks retreat",negative
"China, Hong Kong shares slide as [TGT] and casino stocks retreat",negative
"China, Hong Kong shares slide as bank and [TGT] retreat",negative
"Despite rupee appreciation, stay invested in [TGT] and pharma.: Ajay Bagga",positive
"Despite rupee appreciation, stay invested in IT and [TGT].: Ajay Bagga",positive
"[TGT], Sobha, Prestige likely to give 30-40% returns: P Phani Sekhar",positive
"DLF, [TGT], Prestige likely to give 30-40% returns: P Phani Sekhar",positive
"DLF, Sobha, [TGT] likely to give 30-40% returns: P Phani Sekhar",positive
Dollar sits tight ahead of Fed meeting and data; [TGT] sags,negative
[TGT] sits tight ahead of Fed meeting and data; kiwi sags,neutral
Domestic funds moving to [TGT] & cyclical stocks: Vijai Mantri,positive
Domestic funds moving to mid cap & [TGT]: Vijai Mantri,positive
"[TGT] lower, Turkish assets slide after jet downed near Syria",negative
"EM stocks lower, [TGT] slide after jet downed near Syria",negative
"[TGT] at new 13-month high; politics weigh on rouble, shekel",positive
"Emerging stocks at new 13-month high; politics weigh on [TGT], shekel",negative
"Emerging stocks at new 13-month high; politics weigh on rouble, [TGT]",negative
[TGT] and yen under pressure again ahead of US job numbers,negative
Euro and [TGT] under pressure again ahead of US job numbers,negative
Euro steady ahead of ECB; [TGT] slides on weak jobs data,negative
[TGT] steady ahead of ECB; Aussie slides on weak jobs data,neutral
"[TGT], periphery bonds dip amid bank fines, dim QE hopes",negative
"Europe stocks, [TGT] dip amid bank fines, dim QE hopes",negative
"Focus on inorganic growth, talent pool gives [TGT], HCL an edge",positive
"Focus on inorganic growth, talent pool gives TCS, [TGT] an edge",positive
"[TGT], LITL a BTST call: Sandeep Wagle, APTART Technical Advisory Services",positive
"HDIL, [TGT] a BTST call: Sandeep Wagle, APTART Technical Advisory Services",positive
"HDIL, LITL a BTST call: Sandeep Wagle, [TGT]",neutral
"Hold [TGT], HCL Tech and TCS in IT sector: Mayuresh Joshi",neutral
"Hold Infosys, [TGT] and TCS in IT sector: Mayuresh Joshi",neutral
"Hold Infosys, HCL Tech and [TGT] in IT sector: Mayuresh Joshi",neutral
[TGT] VS GSK Consumer health: Why holding back may be wiser,neutral
HUL VS [TGT]: Why holding back may be wiser,neutral
"IMF outlook boosts [TGT], Nifty reclaims 8750; top 20 trading ideas",positive
"IMF outlook boosts Sensex, [TGT] reclaims 8750; top 20 trading ideas",positive
"[TGT], Kotak Bank hit 52-week high on merger reports",positive
"ING Vysya Bank, [TGT] hit 52-week high on merger reports",positive
IT stocks to underperform market; [TGT] look more attractive: Parag Thakkar,positive
[TGT] to underperform market; cyclicals look more attractive: Parag Thakkar,negative
Juice still left in [TGT] and Yes Bank: Ajay Bodke,positive
Juice still left in Shriram Transport and [TGT]: Ajay Bodke,positive
"[TGT], Divis Labs good for short to medium term: Deepak Mohoni",positive
"Lupin, [TGT] good for short to medium term: Deepak Mohoni",positive
"[TGT] crack; SAIL, Tata Steel top losers in the pack",negative
"Metal stocks crack; [TGT], Tata Steel top losers in the pack",negative
"Metal stocks crack; SAIL, [TGT] top losers in the pack",negative
"[TGT], banks, power stocks push Sensex higher; top 20 trading bets",positive
"Metal, [TGT], power stocks push Sensex higher; top 20 trading bets",positive
"Metal, banks, [TGT] push Sensex higher; top 20 trading bets",positive
"Metal, banks, power stocks push [TGT] higher; top 20 trading bets",positive
"[TGT], smallcaps outperform large cap stocks, better results cited as reason",positive
"Midcap, [TGT] outperform large cap stocks, better results cited as reason",positive
"Midcap, smallcaps outperform [TGT], better results cited as reason",neutral
"[TGT] and manufacturing behind disappointing GDP data: Ajay Bodke, Prabhudas Lilladher",negative
"Mining and [TGT] behind disappointing GDP data: Ajay Bodke, Prabhudas Lilladher",negative
"Moody's reaffirms ratings of [TGT], HDFC Bank and ICICI Bank",positive
"Moody's reaffirms ratings of Axis Bank, [TGT] and ICICI Bank",positive
"Moody's reaffirms ratings of Axis Bank, HDFC Bank and [TGT]",positive
"[TGT] reaffirms ratings of Axis Bank, HDFC Bank and ICICI Bank",neutral
Mutual funds favour IT stocks like [TGT] over pharma and auto,positive
Mutual funds favour IT stocks like Infosys over [TGT] and auto,neutral
Mutual funds favour IT stocks like Infosys over pharma and [TGT],neutral
"[TGT] slips below 6,150; Infosys firm as Q3 PAT rises 19.4%",negative
"Nifty slips below 6,150; [TGT] firm as Q3 PAT rises 19.4%",neutral
"[TGT], Sensex end at record closing high; metals, capital goods lead",positive
"Nifty, [TGT] end at record closing high; metals, capital goods lead",positive
"Nifty, Sensex end at record closing high; [TGT], capital goods lead",positive
"Nifty, Sensex end at record closing high; metals, [TGT] lead",positive
"[TGT], Sensex end at record closing highs on strong FII inflow",positive
"Nifty, [TGT] end at record closing highs on strong FII inflow",positive
"[TGT], Sensex hit fresh all-time high as banks, realty, pharma gain",positive
"Nifty, [TGT] hit fresh all-time high as banks, realty, pharma gain",positive
"Nifty, Sensex hit fresh all-time high as [TGT], realty, pharma gain",positive
"Nifty, Sensex hit fresh all-time high as banks, [TGT], pharma gain",positive
"Nifty, Sensex hit fresh all-time high as banks, realty, [TGT] gain",positive
"[TGT], Sensex start on a cautious note; Bharti Airtel, HDFC down",negative
"Nifty, [TGT] start on a cautious note; Bharti Airtel, HDFC down",negative
"Nifty, Sensex start on a cautious note; [TGT], HDFC down",negative
"Nifty, Sensex start on a cautious note; Bharti Airtel, [TGT] down",negative
"[TGT] falls to 1 week low, Abe plan gets muted reaction",negative
"[TGT], BSE & MCX-SX to launch interest rate futures this month",neutral
"NSE, [TGT] & MCX-SX to launch interest rate futures this month",neutral
"NSE, BSE & [TGT] to launch interest rate futures this month",neutral
"[TGT], NHPC, Coal India slip 2-4% as Cabinet clears divestment proposals",negative
"ONGC, [TGT], Coal India slip 2-4% as Cabinet clears divestment proposals",negative
"ONGC, NHPC, [TGT] slip 2-4% as Cabinet clears divestment proposals",negative
"Prefer [TGT], Tech Mahindra and TCS in IT: Kunj Bansal",positive
"Prefer HCL Tech, [TGT] and TCS in IT: Kunj Bansal",positive
"Prefer HCL Tech, Tech Mahindra and [TGT] in IT: Kunj Bansal",positive
Prefer [TGT] over Bharti Airtel in Telecom space: Ajay Bodke,positive
Prefer Idea Cellular over [TGT] in Telecom space: Ajay Bodke,neutral
"[TGT], ONGC shares dip after Election Comission stalls gas price hike",negative
"RIL, [TGT] shares dip after Election Comission stalls gas price hike",negative
"[TGT], AstraZeneca help European shares start June on a positive note",positive
"Roche, [TGT] help European shares start June on a positive note",positive
"Roche, AstraZeneca help [TGT] start June on a positive note",positive
"Rupee, rupiah lead Asia FX losses as Iraq tension boosts [TGT]",positive
"[TGT], rupiah lead Asia FX losses as Iraq tension boosts oil",negative
"Rupee, [TGT] lead Asia FX losses as Iraq tension boosts oil",negative
"Russia, Ukraine talk war; [TGT] ends below 21K: 10 safe stocks",negative
"[TGT], won fall on slumping oil, soft China trade data",negative
"S.Korean shares, [TGT] fall on slumping oil, soft China trade data",negative
"S.Korean shares, won fall on slumping [TGT], soft China trade data",negative
"[TGT], Bank of Baroda allot shares to government for capital infusion",neutral
"SBI, [TGT] allot shares to government for capital infusion",neutral
"Sebi clears IPOs of [TGT], Sadbhav Infra; total reach 23",positive
"Sebi clears IPOs of Numero Uno, [TGT]; total reach 23",positive
"Select [TGT], agri stocks available at attractive valuations: Deven Choksey",positive
"Select farm equipment, [TGT] available at attractive valuations: Deven Choksey",positive
"[TGT] ends past 27,000-mark for first time; Nifty closes at 8,083",positive
"Sensex ends past 27,000-mark for first time; [TGT] closes at 8,083",neutral
"[TGT] reclaims 27000, Nifty holds 8100; top ten stocks in focus",positive
"Sensex reclaims 27000, [TGT] holds 8100; top ten stocks in focus",neutral
[TGT] shines brighter than gold; returns over 600% in 14 years,positive
Sensex shines brighter than [TGT]; returns over 600% in 14 years,neutral
"[TGT] under pressure, Nifty holds 8500; top 20 intraday trading bets",negative
"Sensex under pressure, [TGT] holds 8500; top 20 intraday trading bets",neutral
"[TGT] under pressure, Nifty slips below 6700; top 20 trading bets",negative
"Sensex under pressure, [TGT] slips below 6700; top 20 trading bets",negative
"[TGT] under pressure, Nifty slips below 7650; top 20 trading ideas",negative
"Sensex under pressure, [TGT] slips below 7650; top 20 trading ideas",negative
"[TGT], Nifty hit fresh record highs; HDFC, TCS, L&T lead gains",positive
"Sensex, [TGT] hit fresh record highs; HDFC, TCS, L&T lead gains",positive
"Sensex, Nifty hit fresh record highs; [TGT], TCS, L&T lead gains",positive
"Sensex, Nifty hit fresh record highs; HDFC, [TGT], L&T lead gains",positive
"Sensex, Nifty hit fresh record highs; HDFC, TCS, [TGT] lead gains",positive
"[TGT], Hong Kong, Seoul shares to rally in next 6 months",positive
"Shanghai, [TGT], Seoul shares to rally in next 6 months",positive
"Shanghai, Hong Kong, [TGT] to rally in next 6 months",positive
[TGT] and won steady ahead of Fed policy meeting,neutral
South Korea shares and [TGT] steady ahead of Fed policy meeting,neutral
"State govts gain from [TGT], silver rally; report higher tax revenues",positive
"State govts gain from gold, [TGT] rally; report higher tax revenues",positive
"[TGT], L&T, RIL, Tata Motors, NTPC safe bet to retire on",positive
"TCS, [TGT], RIL, Tata Motors, NTPC safe bet to retire on",positive
"TCS, L&T, [TGT], Tata Motors, NTPC safe bet to retire on",positive
"TCS, L&T, RIL, [TGT], NTPC safe bet to retire on",positive
"TCS, L&T, RIL, Tata Motors, [TGT] safe bet to retire on",positive
"Underweight on [TGT] & manufacturing stocks : Vijai Mantri, Pramerica MF",negative
"Underweight on metals & [TGT] : Vijai Mantri, Pramerica MF",negative
"Underweight on metals & manufacturing stocks : Vijai Mantri, [TGT]",neutral
Valuation gap between [TGT] to narrow: Chokkalingam,neutral
Wall Street ends near flat; [TGT] hits record for fourth day,positive
[TGT] ends near flat; Dow hits record for fourth day,neutral
"[TGT] rebounds with small-caps; Dow, S&P 500 dip for week",positive
"Wall Street rebounds with small-caps; [TGT], S&P 500 dip for week",negative
"Wall Street rebounds with small-caps; Dow, [TGT] dip for week",negative
"[TGT] shares fall 7 per cent, top loser on Sensex, Nifty",negative
"Wipro shares fall 7 per cent, top loser on [TGT], Nifty",neutral
"Wipro shares fall 7 per cent, top loser on Sensex, [TGT]",neutral
"You can nibble on [TGT] & midcaps, but think long term",neutral
"You can nibble on smallcaps & [TGT], but think long term",neutral
[TGT] hit over 13-month high; fall in crude helps,positive
10-year bonds hit over 13-month high; fall in [TGT] helps,negative
[TGT] better than L&T at the moment: Deepak Mohoni,positive
"ABB, BHEL better than [TGT] at the moment: Deepak Mohoni",neutral
"[TGT] muted as jobs data awaited, Greece risk rises",neutral
"[TGT] close 0.3% lower at two-week lows, retailers lift",negative
"[TGT] end a shade firmer, China flash PMI eyed",neutral
"[TGT] scale 3 week high as utilities, resources shine",positive
"Australia shares scale 3 week high as [TGT], resources shine",positive
"Australia shares scale 3 week high as utilities, [TGT] shine",positive
"[TGT], New Zealand dollars nurse losses as China concerns weighs",neutral
"Australia, [TGT] nurse losses as China concerns weighs",neutral
"[TGT], NZ dollars off highs as global growth concerns resurface",negative
"Australian, [TGT] off highs as global growth concerns resurface",negative
"[TGT], realty and bank stocks gain on economic reforms hopes",positive
"Auto, [TGT] and bank stocks gain on economic reforms hopes",positive
"Auto, realty and [TGT] gain on economic reforms hopes",positive
[TGT] lift Wall Street; Dow back in black for 2014,positive
Biotechs lift [TGT]; Dow back in black for 2014,positive
Biotechs lift Wall Street; [TGT] back in black for 2014,negative
"Brent oil dips below $102 on demand fears, strong [TGT]",positive
"[TGT] dips below $102 on demand fears, strong dollar",negative
China Yuan edges lower on [TGT] demand for dividend payments,positive
[TGT] edges lower on Dollar demand for dividend payments,negative
[TGT] rise as Syria fears push up oil price,positive
Energy stocks rise as Syria fears push up [TGT] price,positive
"[TGT] dips on firmer equities; Middle East, Ukraine tensions eyed",negative
"[TGT] edges lower on steady equities, flat dollar limits downside",negative
"Gold edges lower on steady equities, flat [TGT] limits downside",neutral
"[TGT] holds below 2-week high on robust dollar, US economy",positive
"Gold holds below 2-week high on robust [TGT], US economy",positive
"Growth fears hit [TGT]; rupiah, ringgit plumb 17-year lows",negative
"Growth fears hit Asia FX; [TGT], ringgit plumb 17-year lows",negative
"Growth fears hit Asia FX; rupiah, [TGT] plumb 17-year lows",negative
"[TGT], HDFC Bank excellent stocks to own : Deepak Mohoni",positive
"HDFC, [TGT] excellent stocks to own : Deepak Mohoni",positive
"[TGT], HDFC Bank rally on hopes ahead of MSCI review",positive
"HDFC, [TGT] rally on hopes ahead of MSCI review",positive
"HDFC, HDFC Bank rally on hopes ahead of [TGT] review",neutral
"IMF says [TGT] 'strong'; euro, yen, pound at proper value",positive
"IMF says dollar 'strong'; [TGT], yen, pound at proper value",positive
"IMF says dollar 'strong'; euro, [TGT], pound at proper value",positive
"IMF says dollar 'strong'; euro, yen, [TGT] at proper value",positive
"Markets on shaky ground: Fundamental road ahead for [TGT], Nifty",neutral
"Markets on shaky ground: Fundamental road ahead for Sensex, [TGT]",neutral
Nikkei falls to 1-week low; [TGT] rises on brokerage upgrade,positive
[TGT] falls to 1-week low; MUFG rises on brokerage upgrade,negative
"[TGT] slips to 6-week low on geopolitical anxiety, Softbank sinks",negative
"Nikkei slips to 6-week low on geopolitical anxiety, [TGT] sinks",negative
"[TGT],banking stocks good bet among large cap names: Deven Choksey",positive
"Oil,[TGT] good bet among large cap names: Deven Choksey",positive
"Akshaya Tritiya turns inauspicious for gold, [TGT] bags the medal",positive
"Akshaya Tritiya turns inauspicious for [TGT], Sensex bags the medal",negative
"Price hike to fuel follow-on public offer for [TGT], IOC",positive
"Price hike to fuel follow-on public offer for ONGC, [TGT]",positive
"[TGT], Microsoft take further knock on Wall St, fall 4%",negative
"Apple, [TGT] take further knock on Wall St, fall 4%",negative
"Apple, Microsoft take further knock on [TGT], fall 4%",negative
Asian stocks mixed; link date lifts [TGT] and Shanghai,positive
Asian stocks mixed; link date lifts Hong Kong and [TGT],positive
[TGT] mixed; link date lifts Hong Kong and Shanghai,neutral
Aurobindo Pharma fairly valued; [TGT] looks promising: Prakash Diwan,positive
[TGT] fairly valued; Ipca Labs looks promising: Prakash Diwan,positive
Recommend [TGT] and Tata Motors in auto sector: Jagdish Malkani,positive
Recommend Maruti and [TGT] in auto sector: Jagdish Malkani,positive
"[TGT], largecap stocks likely to correct next week: Ashwani Gujral",neutral
"Banks, [TGT] likely to correct next week: Ashwani Gujral",neutral
"[TGT], realty stocks recover from lows post RBI policy review",neutral
"Banks, [TGT] recover from lows post RBI policy review",neutral
"[TGT], realty, capital goods stocks plunge on RBI status quo",negative
"Banks, [TGT], capital goods stocks plunge on RBI status quo",negative
"Banks, realty, [TGT] stocks plunge on RBI status quo",negative
"Banks, realty, capital goods stocks plunge on [TGT] status quo",neutral
"Bearish on [TGT], Balrampur a contrarian call: Jagdish Malkani",negative
"Bearish on sugar stocks, [TGT] a contrarian call: Jagdish Malkani",negative
"[TGT], Idea rise on expectations of winning 900 Mhz spectrum",positive
"Bharti, [TGT] rise on expectations of winning 900 Mhz spectrum",positive
"[TGT], Crompton look strongest in capital goods pack: Deepak Mohoni",positive
"BHEL, [TGT] look strongest in capital goods pack: Deepak Mohoni",positive
"[TGT], SAIL divestment to help govt raise Rs 8,000 crore",neutral
"BHEL, [TGT] divestment to help govt raise Rs 8,000 crore",neutral
[TGT] Vs TN Newsprint: Do paper stocks offer reasonable returns?,neutral
BILT Vs [TGT]: Do paper stocks offer reasonable returns?,neutral
BILT Vs TN Newsprint: Do [TGT] offer reasonable returns?,neutral
[TGT] rises from 16-year low; won buoyed by firmer yen,positive
Rupiah rises from 16-year low; [TGT] buoyed by firmer yen,positive
Rupiah rises from 16-year low; won buoyed by firmer [TGT],neutral
"Brokerage views on [TGT], ITC, BHEL, PNB, Havells India",neutral
"Brokerage views on Hero MotoCorp, [TGT], BHEL, PNB, Havells India",neutral
"Brokerage views on Hero MotoCorp, ITC, [TGT], PNB, Havells India",neutral
"Brokerage views on Hero MotoCorp, ITC, BHEL, [TGT], Havells India",neutral
"Brokerage views on Hero MotoCorp, ITC, BHEL, PNB, [TGT]",neutral
"Brokerage views on [TGT], Sun Pharma, M&M, SAIL, Lupin, NMDC",neutral
"Brokerage views on Wipro, [TGT], M&M, SAIL, Lupin, NMDC",neutral
"Brokerage views on Wipro, Sun Pharma, [TGT], SAIL, Lupin, NMDC",neutral
"Brokerage views on Wipro, Sun Pharma, M&M, [TGT], Lupin, NMDC",neutral
"Brokerage views on Wipro, Sun Pharma, M&M, SAIL, [TGT], NMDC",neutral
"Brokerage views on Wipro, Sun Pharma, M&M, SAIL, Lupin, [TGT]",neutral
Brokerages pick [TGT] and infrastructure companies ahead of Budget 2015,positive
Brokerages pick manufacturing and [TGT] ahead of Budget 2015,positive
"BSE, NSE clear merger of two units with [TGT]",neutral
"[TGT], NSE clear merger of two units with Sesa Sterlite",neutral
"BSE, [TGT] clear merger of two units with Sesa Sterlite",neutral
"[TGT], NSE to shift scrips to restricted segment on Wednesday",neutral
"BSE, [TGT] to shift scrips to restricted segment on Wednesday",neutral
"Bull run in [TGT], equity to continue: Nilesh Shah",positive
"Bull run in fixed income, [TGT] to continue: Nilesh Shah",positive
"[TGT], Marico advance up to 4% on F&O inclusion",positive
"Cadila Healthcare, [TGT] advance up to 4% on F&O inclusion",positive
"[TGT], Coal India great midcap bets: Jagannadham Thunuguntla, SMC Capitals",positive
"Cairn, [TGT] great midcap bets: Jagannadham Thunuguntla, SMC Capitals",positive
"Cairn, Coal India great midcap bets: Jagannadham Thunuguntla, [TGT]",neutral
"CERC order positive for [TGT], Tata Power, say brokerages",positive
"CERC order positive for Adani Power, [TGT], say brokerages",positive
"[TGT] order positive for Adani Power, Tata Power, say brokerages",neutral
"[TGT], Hong Kong stocks calm as focus returns to economy",neutral
"China, [TGT] calm as focus returns to economy",neutral
"[TGT], Hong Kong stocks lower on weaker yuan, Fosun uncertainty",negative
"China, [TGT] lower on weaker yuan, Fosun uncertainty",negative
"China, Hong Kong stocks lower on weaker [TGT], Fosun uncertainty",negative
"[TGT], aluminium at 6 year low on slowing Chinese growth",negative
"Copper, [TGT] at 6 year low on slowing Chinese growth",negative
"[TGT], Tata Chemicals, National Fertilizer good fertilizer stocks: Gaurang Shah",positive
"Coromandel, [TGT], National Fertilizer good fertilizer stocks: Gaurang Shah",positive
"Coromandel, Tata Chemicals, [TGT] good fertilizer stocks: Gaurang Shah",positive
[TGT] steadies after biggest daily rise vs euro since 2009,neutral
"[TGT], Ranbaxy cracks 4% as investors raise concerns over merger",negative
"Sun, [TGT] cracks 4% as investors raise concerns over merger",negative
Derailed expectations! [TGT] slip 20%; Sensex sinks 517 points,negative
Derailed expectations! Rail stocks slip 20%; [TGT] sinks 517 points,negative
"[TGT], S&P 500 end lower following drop in energy shares",negative
"Dow, [TGT] end lower following drop in energy shares",negative
"Dow, S&P 500 end lower following drop in [TGT] shares",negative
"[TGT], Maruti, Lupin among 6 buy ideas of top brokerages",positive
"Eicher, [TGT], Lupin among 6 buy ideas of top brokerages",positive
"Eicher, Maruti, [TGT] among 6 buy ideas of top brokerages",positive
"Upbeat data lifts [TGT] off lows, sterling near 5-1/2-year high",positive
"Upbeat data lifts dollar off lows, [TGT] near 5-1/2-year high",positive
Extremely positive on [TGT] and NBFCs: Dipan Mehta,positive
Extremely positive on private sector banks and [TGT]: Dipan Mehta,positive
"Fears grow of a bubble in [TGT], China and India",negative
"Fears grow of a bubble in Brazil, [TGT] and India",negative
"Fears grow of a bubble in Brazil, China and [TGT]",negative
[TGT] up against dollar in Asia on global growth fears,positive
Yen up against [TGT] in Asia on global growth fears,neutral
"Funds buy [TGT], pharma in May as valuations turn attractive",positive
"Funds buy banks, [TGT] in May as valuations turn attractive",positive
"Gloomy French data hits European shares, Iraq keeps [TGT] high",positive
"Gloomy French data hits [TGT], Iraq keeps oil high",negative
"Gloomy French data hits European stocks, Iraq keeps [TGT] high",positive
"Gloomy French data hits [TGT], Iraq keeps oil high",negative
"[TGT], Shemaroo IPOs among five cleared by Sebi",neutral
"Great Eastern Energy, [TGT] IPOs among five cleared by Sebi",neutral
"Great Eastern Energy, Shemaroo IPOs among five cleared by [TGT]",neutral
"[TGT] fall to 9-week low, gaming stocks down",negative
"Hong Kong shares fall to 9-week low, [TGT] down",negative
"[TGT] and Wipro top picks, see 20% upside: Jaideep Goswami",positive
"Infosys and [TGT] top picks, see 20% upside: Jaideep Goswami",positive
"[TGT], Wipro reasonable value pick in IT sector: JRG Securities",positive
"Infosys, [TGT] reasonable value pick in IT sector: JRG Securities",positive
"Infosys, Wipro reasonable value pick in IT sector: [TGT]",neutral
"[TGT], HPCL and BPCL have an upside potential: IV Subramaniam",positive
"IOC, [TGT] and BPCL have an upside potential: IV Subramaniam",positive
"IOC, HPCL and [TGT] have an upside potential: IV Subramaniam",positive
"IPOs of [TGT], ACB (India) get Sebi's nod",positive
"IPOs of Shree Pushkar Chemicals, [TGT] get Sebi's nod",positive
It's sonorous! [TGT] fall on China jitters; Vedanta dives 10%,negative
It's sonorous! Metals fall on China jitters; [TGT] dives 10%,negative
"July-September Earnings: [TGT] has edge, but Cipla holds promise",positive
"July-September Earnings: Sun Pharma has edge, but [TGT] holds promise",positive
"[TGT], Bharat Forge, 6 others added to MSCI India index",positive
"Lupin, [TGT], 6 others added to MSCI India index",positive
"Lupin, Bharat Forge, 6 others added to [TGT]",neutral
"[TGT], Pininfarina deal not saleable: Prateek Agarwal, ASK Investment Managers",neutral
"M&M, [TGT] deal not saleable: Prateek Agarwal, ASK Investment Managers",neutral
"M&M, Pininfarina deal not saleable: Prateek Agarwal, [TGT]",neutral
"[TGT], Tata Motors outperformers in July; TVS and Maruti underperform",positive
"M&M, [TGT] outperformers in July; TVS and Maruti underperform",positive
"M&M, Tata Motors outperformers in July; [TGT] and Maruti underperform",negative
"M&M, Tata Motors outperformers in July; TVS and [TGT] underperform",negative
"[TGT], Muthoot Finance crack; down over 20% in April",negative
"Manappuram Finance, [TGT] crack; down over 20% in April",negative
[TGT] surges as Deepak Fertilisers ups open offer price,positive
"Markets hit all-time high; [TGT] above 22,800, Nifty tops 6,830",positive
"Markets hit all-time high; Sensex above 22,800, [TGT] tops 6,830",positive
"[TGT], Strides, Coffee Day among buy ideas of top brokerages",positive
"Maruti, [TGT], Coffee Day among buy ideas of top brokerages",positive
"Maruti, Strides, [TGT] among buy ideas of top brokerages",positive
"[TGT], TV18 shares drop over 6 per cent on BSE",negative
"Network18, [TGT] shares drop over 6 per cent on BSE",negative
"Network18, TV18 shares drop over 6 per cent on [TGT]",neutral
"[TGT] should test 8,450-8500; Bank Nifty eyes 18,900: Mitesh Thacker",positive
"Nifty should test 8,450-8500; [TGT] eyes 18,900: Mitesh Thacker",positive
"[TGT] slips below 6,250; HCL Tech, JP Associates, BHEL down",negative
"Nifty slips below 6,250; [TGT], JP Associates, BHEL down",negative
"Nifty slips below 6,250; HCL Tech, [TGT], BHEL down",negative
"Nifty slips below 6,250; HCL Tech, JP Associates, [TGT] down",negative
"[TGT], Sensex end at all-time closing high on strong inflows",positive
"Nifty, [TGT] end at all-time closing high on strong inflows",positive
"Nifty, Sensex start on a cautious note; [TGT], TCS up",positive
"Nifty, Sensex start on a cautious note; Infosys, [TGT] up",positive
"[TGT], Sensex start on a cautious note; Infosys, TCS up",negative
"Nifty, [TGT] start on a cautious note; Infosys, TCS up",negative
"Nikkei falls on Greece worries, weak oil prices; [TGT] surges",positive
"[TGT] falls on Greece worries, weak oil prices; Sony surges",negative
"Nikkei falls on Greece worries, weak [TGT] prices; Sony surges",negative
[TGT] rises to 3-week high as weaker yen helps sentiment,positive
Nikkei rises to 3-week high as weaker [TGT] helps sentiment,negative
[TGT] rises to fresh 2-month high as Yen supports sentiment,positive
Nikkei rises to fresh 2-month high as [TGT] supports sentiment,negative
Not buying [TGT] and cyclicals stocks currently:  Vijai Mantri,negative
Not buying metals and [TGT] currently:  Vijai Mantri,negative
"[TGT] launches indices on Tata, Aditya Birla and Mahindra groups",neutral
"NSE launches indices on [TGT], Aditya Birla and Mahindra groups",neutral
"NSE launches indices on Tata, [TGT] and Mahindra groups",neutral
"NSE launches indices on Tata, Aditya Birla and [TGT]",neutral
"[TGT], Cairn India expected to show positive results: Gaurang Shah",positive
"ONGC, [TGT] expected to show positive results: Gaurang Shah",positive
PEs to buy into [TGT]; Hero Honda down over 2%,positive
PEs to buy into HIPL; [TGT] down over 2%,negative
"[TGT] do not have weightage, FMCG looks weak: Ashwani Gujral",negative
"Pharma do not have weightage, [TGT] looks weak: Ashwani Gujral",negative
"Poll-driven euphoria peters out, investors dump [TGT]",negative
[TGT] out of PSU ETF; FinMin files offer document,negative
"Prefer [TGT], Hero MotoCorps in the two-wheeler sector: Prakash Diwan",positive
"Prefer Bajaj, [TGT] in the two-wheeler sector: Prakash Diwan",positive
"Prefer [TGT], Apollo Tyres among tyre names: Neeraj Deewan",positive
"Prefer JK Tyre, [TGT] among tyre names: Neeraj Deewan",positive
"[TGT] shines; OBC, Union Bank end 10% higher",positive
"PSU banking space shines; [TGT], Union Bank end 10% higher",positive
"PSU banking space shines; OBC, [TGT] end 10% higher",positive
"[TGT], Sebi better than peers in China, US, reveals study",positive
"RBI, [TGT] better than peers in China, US, reveals study",positive
"[TGT], M&M, BPCL may shed Rs 40K-cr of their stock",positive
"RIL, [TGT], BPCL may shed Rs 40K-cr of their stock",positive
"RIL, M&M, [TGT] may shed Rs 40K-cr of their stock",positive
"[TGT], Markit finalists for $1 billion-plus Barclays index unit: Sources",positive
"S&P, [TGT] finalists for $1 billion-plus Barclays index unit: Sources",positive
"S&P, Markit finalists for $1 billion-plus [TGT] index unit: Sources",neutral
[TGT] post best day in 4-weeks; won closes weaker,positive
S.Korean stocks post best day in 4-weeks; [TGT] closes weaker,negative
"SC judgment neutral for telecom majors, [TGT] top pick: Analysts",positive
"SC judgment neutral for [TGT], Bharti top pick: Analysts",neutral
"[TGT] ends the day below 26,000; TCS, RIL big losers",negative
"Sensex ends the day below 26,000; [TGT], RIL big losers",negative
"Sensex ends the day below 26,000; TCS, [TGT] big losers",negative
"[TGT] opens in red, oil & gas, FMCG, tech decline",negative
"Sensex opens in red, [TGT], FMCG, tech decline",negative
"Sensex opens in red, oil & gas, [TGT], tech decline",negative
"Sensex opens in red, oil & gas, FMCG, [TGT] decline",negative
"Sensex rangebound, [TGT] below 8050; top fifteen stocks in focus",negative
"[TGT] rangebound, Nifty below 8050; top fifteen stocks in focus",neutral
"Sensex rangebound, [TGT] flirts with 6800; top 20 trading bets",negative
"[TGT] rangebound, Nifty flirts with 6800; top 20 trading bets",neutral
"[TGT] rangebound, Nifty holds 6300; top five stocks in focus",neutral
"Sensex rangebound, [TGT] holds 6300; top five stocks in focus",neutral
"[TGT] rangebound, Nifty holds 7600; top 15 stocks in focus",neutral
"Sensex rangebound, [TGT] holds 7600; top 15 stocks in focus",neutral
"[TGT] rangebound, Nifty holds 7650 levels; top 20 trading ideas",neutral
"Sensex rangebound, [TGT] holds 7650 levels; top 20 trading ideas",neutral
Sensex starts on a cautious note; [TGT] tests 6500 levels,positive
[TGT] starts on a cautious note; Nifty tests 6500 levels,negative
"[TGT], Century Textile & Raymonds have pullback nature: Ashwani Gujral",negative
"SKNL, [TGT] & Raymonds have pullback nature: Ashwani Gujral",negative
"SKNL, Century Textile & [TGT] have pullback nature: Ashwani Gujral",negative
"[TGT], midcap stocks to offer enough trading opportunities: Ashwani Gujral",positive
"Small, [TGT] to offer enough trading opportunities: Ashwani Gujral",positive
"[TGT] reach fresh 3-year high, won trads water",positive
"South Korea stocks reach fresh 3-year high, [TGT] trads water",negative
"[TGT] poised for 4-day winning streak, won steady",positive
"South Korean shares poised for 4-day winning streak, [TGT] steady",neutral
[TGT] end up; won firmer on exporter demand,negative
South Korean stocks end up; [TGT] firmer on exporter demand,neutral
"[TGT], won steady as traders await ECB outcome",neutral
"South Korean stocks, [TGT] steady as traders await ECB outcome",neutral
Spectrum Auction: [TGT] & Idea Cellular outperforms broader market,positive
Spectrum Auction: Bharti Airtel & [TGT] outperforms broader market,positive
Strong U.S. housing data hurts [TGT]; Oil hits ringgit,negative
Strong U.S. housing data hurts Asia FX; [TGT] hits ringgit,negative
"[TGT], HCL top FY13 profits in just 9 months",positive
"Tata Motors, [TGT] top FY13 profits in just 9 months",positive
"[TGT], healthcare shares lead China market higher; Hong Kong up",positive
"Tech, [TGT] lead China market higher; Hong Kong up",positive
"Tech, healthcare shares lead [TGT] higher; Hong Kong up",positive
"Tech, healthcare shares lead China market higher; [TGT] up",positive
"[TGT], power, oil sectors most vulnerable to policy risks: Study",negative
"Telecom, [TGT], oil sectors most vulnerable to policy risks: Study",negative
"Telecom, power, [TGT] most vulnerable to policy risks: Study",negative
"[TGT], Sterling Holiday merger deal gets BSE, NSE nod",neutral
"Thomas Cook, [TGT] merger deal gets BSE, NSE nod",neutral
"Thomas Cook, Sterling Holiday merger deal gets [TGT], NSE nod",neutral
"Thomas Cook, Sterling Holiday merger deal gets BSE, [TGT] nod",neutral
Ukraine standoff threatens [TGT]; index below 21K: Top stock bets,negative
"[TGT], ACC top bets among largecap cement stocks: Mayuresh Joshi",positive
"UltraTech, [TGT] top bets among largecap cement stocks: Mayuresh Joshi",positive
"[TGT], MCX scrips to be shifted from Group A",negative
"United Spirits, [TGT] scrips to be shifted from Group A",negative
"[TGT], Tullow set FTSE on track for weekly loss",positive
"Weak Smiths, [TGT] set FTSE on track for weekly loss",positive
"Weak Smiths, Tullow set [TGT] on track for weekly loss",positive
"[TGT], FTIL and IFCI plan to sell NSE shares",positive
"Actis, [TGT] and IFCI plan to sell NSE shares",positive
"Actis, FTIL and [TGT] plan to sell NSE shares",positive
"Actis, FTIL and IFCI plan to sell [TGT] shares",negative
"Alarm bells across globe as [TGT] sinks, dollar tumbles",negative
"Alarm bells across globe as China sinks, [TGT] tumbles",negative
"[TGT], US bond yields fall on growth concerns",negative
"Asian markets, [TGT] yields fall on growth concerns",negative
"[TGT] stall as Ukraine sours mood, dollar sags",negative
"Asian stocks stall as Ukraine sours mood, [TGT] sags",negative
"[TGT], New Zealand dollars off multi-year lows, but vulnerable",negative
"Australian, [TGT] off multi-year lows, but vulnerable",negative
"[TGT], telecom, IT brace for big disruptions in 2016",negative
"Banking, [TGT], IT brace for big disruptions in 2016",negative
"Banking, telecom, [TGT] brace for big disruptions in 2016",negative
"Bourses to shift [TGT], Jubilant to 'T' group",negative
"Bourses to shift Kingfisher Airlines, [TGT] to 'T' group",negative
"[TGT], NSE among top five emerging market bourses: Sebi",positive
"BSE, [TGT] among top five emerging market bourses: Sebi",positive
"BSE, NSE among top five emerging market bourses: [TGT]",neutral
"[TGT], NSE to suspend share trading of non-compliant companies",neutral
"BSE, [TGT] to suspend share trading of non-compliant companies",neutral
"[TGT], S&P to launch AllCap index for Indian markets",neutral
"BSE, [TGT] to launch AllCap index for Indian markets",neutral
Bullion stocks to pick: [TGT] & Hindalco Industries,positive
Bullion stocks to pick: Hindustan Zinc & [TGT],positive
Citi downgrades Reliance Industries to neutral; prefers [TGT],positive
Citi downgrades [TGT] to neutral; prefers Cairn India,negative
[TGT] downgrades Reliance Industries to neutral; prefers Cairn India,neutral
"Dealing room: [TGT], Yes Bank, Tata Coffee, Fin Tech",positive
"Dealing room: IOC, [TGT], Tata Coffee, Fin Tech",positive
"Dealing room: IOC, Yes Bank, [TGT], Fin Tech",positive
"Dealing room: IOC, Yes Bank, Tata Coffee, [TGT]",positive
"Dealing room: [TGT], Maruti, CMC, Eros, Heritage Foods",positive
"Dealing room: Tech Mahindra, [TGT], CMC, Eros, Heritage Foods",positive
"Dealing room: Tech Mahindra, Maruti, [TGT], Eros, Heritage Foods",positive
"Dealing room: Tech Mahindra, Maruti, CMC, [TGT], Heritage Foods",positive
"Dealing room: Tech Mahindra, Maruti, CMC, Eros, [TGT]",positive
"[TGT] basks in post-payrolls glow, Aussie eyes China data",positive
"[TGT] jumps on yen, gives Japanese stocks a lift",positive
"Dollar jumps on yen, gives [TGT] a lift",positive
"Dollar jumps on [TGT], gives Japanese stocks a lift",negative
"[TGT] shines, stocks on edge on US rate prospects",positive
"Dollar steadies before Yellen and ADP data, [TGT] shines",positive
"[TGT] steadies before Yellen and ADP data, sterling shines",neutral
"[TGT] closes at new record as Intel, IBM gain",positive
"Dow closes at new record as [TGT], IBM gain",positive
"Dow closes at new record as Intel, [TGT] gain",positive
"[TGT],  Sun Pharma top pharma picks: Harendra Kumar",positive
"DRL,  [TGT] top pharma picks: Harendra Kumar",positive
"Economic boost? [TGT], Nifty set for all-time closing highs",positive
"Economic boost? Sensex, [TGT] set for all-time closing highs",positive
"[TGT], dollar on soft ground over Ukraine, ECB comment",neutral
"Euro, [TGT] on soft ground over Ukraine, ECB comment",neutral
"[TGT], pound tread water before German Ifo, Carney testimony",negative
"Euro, [TGT] tread water before German Ifo, Carney testimony",negative
"[TGT] hold steady, Euro hostage to ECB decision",neutral
"[TGT]pe stocks hold steady, Euro hostage to ECB decision",neutral
"[TGT] down, BNP Paribas slumps on possible fine",positive
"European shares down, [TGT] slumps on possible fine",positive
[TGT] slip at open; London FTSE down 0.21%,positive
European stock slip at open; [TGT] down 0.21%,positive
"Fitch ratings raise outlook on [TGT]; ringgit, stocks jump",positive
"[TGT] ratings raise outlook on Malaysia; ringgit, stocks jump",neutral
"[TGT] retreats from 10-wk high, Petrofac slumps after warning",negative
"FTSE retreats from 10-wk high, [TGT] slumps after warning",negative
"Galloping [TGT] stock outpaces combined m-cap of Jet, SpiceJet",positive
"Galloping IndiGo stock outpaces combined m-cap of Jet, [TGT]",neutral
"Galloping IndiGo stock outpaces combined m-cap of [TGT], SpiceJet",neutral
"German data brings relief to [TGT], dollar rise stalls",positive
"German data brings relief to euro, [TGT] rise stalls",negative
"[TGT] and silver down as oil retreats, hit sell-stops",negative
"Gold and [TGT] down as oil retreats, hit sell-stops",negative
"Gold and silver down as [TGT] retreats, hit sell-stops",negative
[TGT] climbs to fresh two-week high on softer dollar,positive
Gold climbs to fresh two-week high on softer [TGT],negative
[TGT] crawls back on modest buying; silver edges lower,positive
Gold crawls back on modest buying; [TGT] edges lower,negative
"[TGT], silver advance on sustained buying, firm global cues",positive
"Gold, [TGT] advance on sustained buying, firm global cues",positive
"[TGT], silver extend losses on global cues, sluggish demand",negative
"Gold, [TGT] extend losses on global cues, sluggish demand",negative
"[TGT], Kotak stocks may stand tall amid bank carnage",positive
"HDFC, [TGT] may stand tall amid bank carnage",positive
"[TGT], L&T fall on BSE ahead of Q2 numbers",negative
"HDFC, [TGT] fall on BSE ahead of Q2 numbers",negative
"HDFC, L&T fall on [TGT] ahead of Q2 numbers",neutral
"[TGT], HCL, TCS should do well : Emkay Global",positive
"Infy, [TGT], TCS should do well : Emkay Global",positive
"Infy, HCL, [TGT] should do well : Emkay Global",positive
"Infy, HCL, TCS should do well : [TGT]",neutral
[TGT] on a high; other airline stocks also gain,positive
InterGlobe on a high; other [TGT] also gain,positive
[TGT] to benefit on weak rupee: Dipan Mehta,positive
IT companies to benefit on weak [TGT]: Dipan Mehta,negative
"[TGT], US bond yields fall on growth concerns",negative
"Japanese stocks, [TGT] yields fall on growth concerns",negative
"[TGT], Kingfisher gains on 26% FDI in aviation",positive
"Jet Airways, [TGT] gains on 26% FDI in aviation",positive
"[TGT], SpiceJet scrips fall on news of discount pricing",negative
"Jet, [TGT] scrips fall on news of discount pricing",negative
"[TGT], Hindalco, Tata Power down on coalblock deallocation",negative
"JSW Steel, [TGT], Tata Power down on coalblock deallocation",negative
"JSW Steel, Hindalco, [TGT] down on coalblock deallocation",negative
"[TGT], Spicejet, Jet Airways rally on FDI in aviation",positive
"Kingfisher, [TGT], Jet Airways rally on FDI in aviation",positive
"Kingfisher, Spicejet, [TGT] rally on FDI in aviation",positive
"Long-term outlook on [TGT], private sector banks: Arindam Ghosh",positive
"Long-term outlook on IT, [TGT]: Arindam Ghosh",positive
"[TGT], ACC, Exide- trades for the week: Deepak Mohoni",positive
"MphasiS, [TGT], Exide- trades for the week: Deepak Mohoni",positive
"MphasiS, ACC, [TGT]- trades for the week: Deepak Mohoni",positive
"[TGT] falls below 6,300; capital goods, realty, banks down",negative
"Nifty falls below 6,300; [TGT], realty, banks down",negative
"Nifty falls below 6,300; capital goods, [TGT], banks down",negative
"Nifty falls below 6,300; capital goods, realty, [TGT] down",negative
"[TGT], Sensex make all-time closing highs; banks, pharma lead",positive
"Nifty, [TGT] make all-time closing highs; banks, pharma lead",positive
"Nifty, Sensex make all-time closing highs; [TGT], pharma lead",positive
"Nifty, Sensex make all-time closing highs; banks, [TGT] lead",positive
"NSE, BSE to exclude [TGT] from F&O segment",negative
"NSE, [TGT] to exclude United Spirits from F&O segment",neutral
"[TGT], BSE to exclude United Spirits from F&O segment",neutral
"[TGT], Suzlon look attractive at this juncture: Deven Choksey",positive
"NTPC, [TGT] look attractive at this juncture: Deven Choksey",positive
"Optimistic on [TGT], auto ancillaries: Mayuresh Joshi, Angel Broking",positive
"Optimistic on auto, [TGT]: Mayuresh Joshi, Angel Broking",positive
"Optimistic on auto, auto ancillaries: Mayuresh Joshi, [TGT]",neutral
"Prefer [TGT] over ICICI, Axis Bank: Sonam Udasi",positive
"Prefer HDFC Bank over [TGT], Axis Bank: Sonam Udasi",negative
"Prefer HDFC Bank over ICICI, [TGT]: Sonam Udasi",negative
Prefer [TGT] over TCS in IT sector: Prashastha Seth,positive
Prefer Infosys over [TGT] in IT sector: Prashastha Seth,negative
Prefer Infosys over TCS in [TGT]: Prashastha Seth,neutral
Prefer [TGT] from NBFC space: Gaurav Mehta,positive
Prefer LIC Housing Finance from [TGT]: Gaurav Mehta,neutral
Reduce overdependence on [TGT] and pharma stocks: Dhiraj Sachdev,negative
Reduce overdependence on IT and [TGT]: Dhiraj Sachdev,negative
"[TGT], MCX, Spice in race for stake in OTCEI",positive
"RelCap, [TGT], Spice in race for stake in OTCEI",positive
"RelCap, MCX, [TGT] in race for stake in OTCEI",positive
"RelCap, MCX, Spice in race for stake in [TGT]",neutral
"[TGT], Reliance Power shares rise on Q1FY13 results",positive
"Reliance Infrastructure, [TGT] shares rise on Q1FY13 results",positive
"[TGT], Balrampur strongest bets in sugar: JV Capital",positive
"Renuka Sugar, [TGT] strongest bets in sugar: JV Capital",positive
"Renuka Sugar, Balrampur strongest bets in sugar: [TGT]",neutral
"[TGT], Reliance Capital, Reliance Power best bets: Deepak Mohoni",positive
"RNRL, [TGT], Reliance Power best bets: Deepak Mohoni",positive
"RNRL, Reliance Capital, [TGT] best bets: Deepak Mohoni",positive
Rouble drops against [TGT] as oil price slumps again,positive
[TGT] drops against dollar as oil price slumps again,negative
Rouble drops against dollar as [TGT] price slumps again,negative
"Sandeep Wagle's hot stock picks: [TGT], L&T, HDFC, Exide",positive
"Sandeep Wagle's hot stock picks: DLF, [TGT], HDFC, Exide",positive
"Sandeep Wagle's hot stock picks: DLF, L&T, [TGT], Exide",positive
"Sandeep Wagle's hot stock picks: DLF, L&T, HDFC, [TGT]",positive
"SEB reforms positive for [TGT], Canara Bank: Deutsche Bank",positive
"SEB reforms positive for PNB, [TGT]: Deutsche Bank",positive
"[TGT] reforms positive for PNB, Canara Bank: Deutsche Bank",neutral
"SEB reforms positive for PNB, Canara Bank: [TGT]",neutral
"[TGT] closes at 5-week high; Nifty ends above 6,300",positive
"Sensex closes at 5-week high; [TGT] ends above 6,300",positive
"[TGT] drops over 200 points; Nifty slips below 7,700",negative
"Sensex drops over 200 points; [TGT] slips below 7,700",negative
[TGT] falls over 200 points; Nifty slips below 200-DMA,negative
Sensex falls over 200 points; [TGT] slips below 200-DMA,negative
"[TGT] hits record all-time high; Nifty races past 7,600",positive
"Sensex hits record all-time high; [TGT] races past 7,600",positive
"[TGT] rangebound, Nifty holds 7600; top 10 trading bets",neutral
"Sensex rangebound, [TGT] holds 7600; top 10 trading bets",neutral
Sensex slips over 200 points; [TGT] Q2 beat estimates,positive
[TGT] slips over 200 points; Infosys Q2 beat estimates,negative
[TGT] snaps 2-day fall; IT Index plunges over 4%,negative
Sensex snaps 2-day fall; [TGT] plunges over 4%,negative
"[TGT] turns choppy; RIL, ICICI Bank, HDFC top losers",negative
"Sensex turns choppy; [TGT], ICICI Bank, HDFC top losers",negative
"Sensex turns choppy; RIL, [TGT], HDFC top losers",negative
"Sensex turns choppy; RIL, ICICI Bank, [TGT] top losers",negative
"[TGT], rupee brace for election storm: Is government prepared?",negative
"Sensex, [TGT] brace for election storm: Is government prepared?",negative
"[TGT]@1,00,000 by 2020, says Karvy; but is it possible?",positive
"Sensex@1,00,000 by 2020, says [TGT]; but is it possible?",neutral
"Shares cautious on Ukraine anxiety; [TGT], India lead gains",positive
"Shares cautious on Ukraine anxiety; China, [TGT] lead gains",positive
"[TGT] cautious on Ukraine anxiety; China, India lead gains",negative
"Short-term trading strategies on [TGT], TCS and Hexaware",neutral
"Short-term trading strategies on Hero MotoCorp, [TGT] and Hexaware",neutral
"Short-term trading strategies on Hero MotoCorp, TCS and [TGT]",neutral
"[TGT] bounces back on global cues, gold also gains",positive
"Silver bounces back on global cues, [TGT] also gains",positive
"[TGT], palmolein oils rise on increased demand, global cues",positive
"Soyabean, [TGT] rise on increased demand, global cues",positive
"[TGT], banks have potential to take Nifty to 9,000",positive
"Tech, [TGT] have potential to take Nifty to 9,000",positive
"Tech, banks have potential to take [TGT] to 9,000",positive
"[TGT], healthcare lead Wall Street higher; Nasdaq hits record",positive
"Tech, [TGT] lead Wall Street higher; Nasdaq hits record",positive
"Tech, healthcare lead [TGT] higher; Nasdaq hits record",positive
"Tech, healthcare lead Wall Street higher; [TGT] hits record",positive
"Underweight on [TGT], industrials and utilities: David Pezarkar",negative
"Underweight on capital goods, [TGT] and utilities: David Pezarkar",negative
"Underweight on capital goods, industrials and [TGT]: David Pezarkar",negative
"[TGT] touches 6-month low, Taiwan dollar hits 4-year low",negative
"Yuan touches 6-month low, [TGT] hits 4-year low",negative
"[TGT] edge lower, supply concerns keep oil down",negative
"Asian markets edge lower, supply concerns keep [TGT] down",negative
[TGT] fall as oil slump wallops energy stocks,negative
Australia shares fall as [TGT] slump wallops energy stocks,negative
[TGT] plunge as rupee tanks to all-time low,negative
Aviation stocks plunge as [TGT] tanks to all-time low,negative
"[TGT], retail shares likely to attract more demand: Experts",positive
"Aviation, [TGT] likely to attract more demand: Experts",positive
"[TGT], Unitech, Indiabulls Real Estate bearish: Deepak Mohoni, trendwatchindia.com",negative
"DLF, [TGT], Indiabulls Real Estate bearish: Deepak Mohoni, trendwatchindia.com",negative
"DLF, Unitech, [TGT] bearish: Deepak Mohoni, trendwatchindia.com",negative
"DLF, Unitech, Indiabulls Real Estate bearish: Deepak Mohoni, [TGT]",neutral
"[TGT] pretty flat, correction required in ITC: www.aptartindia.com",negative
"Enginners India pretty flat, correction required in [TGT]: www.aptartindia.com",negative
"[TGT], Rallis India rally as Rakesh Jhunjhunwala hikes stake",positive
"Escorts, [TGT] rally as Rakesh Jhunjhunwala hikes stake",positive
"[TGT] to list first on French, Dutch, Belgian exchanges",positive
"Euronext to list first on [TGT], Dutch, Belgian exchanges",neutral
"Euronext to list first on French, [TGT], Belgian exchanges",neutral
"Euronext to list first on French, Dutch, [TGT]",neutral
[TGT] dip early; Actelion up on drug results,negative
Europe shares dip early; [TGT] up on drug results,neutral
Falling [TGT] prices spook Asian shares; Nikkei tanks 1.4%,negative
Falling crude prices spook [TGT]; Nikkei tanks 1.4%,negative
Falling crude prices spook Asian shares; [TGT] tanks 1.4%,negative
Income tax department orders special audit of [TGT],negative
"[TGT], Wipro among mega wealth creators on Dalal Street",positive
"Infosys, [TGT] among mega wealth creators on Dalal Street",positive
[TGT] slips in Asia following weak China data,negative
"[TGT], BoB may be among MSCI India index picks",positive
"Maruti, [TGT] may be among MSCI India index picks",positive
"Maruti, BoB may be among [TGT] index picks",neutral
"[TGT], Chitkara University sign MoU to support financial literacy",neutral
"MCX, [TGT] sign MoU to support financial literacy",neutral
"Open interest in [TGT], Bank Nifty sees a rise",positive
"Open interest in Nifty, [TGT] sees a rise",positive
"[TGT], Maini Precision Products file for IPO",neutral
"Parag Milk Foods, [TGT] Precision Products file for IPO",neutral
[TGT] and IVRCL are good plays: Ashit Suri,positive
Patel Engineering and [TGT] are good plays: Ashit Suri,positive
Pre-market: [TGT] seen opening flat; Infosys Q1 results eyed,neutral
Pre-market: Nifty seen opening flat; [TGT] Q1 results eyed,neutral
Pre-market: [TGT] seen opening flat; TCS Q1 results eyed,neutral
Pre-market: Nifty seen opening flat; [TGT] Q1 results eyed,neutral
"Pre-market: [TGT] seen opening lower; Reliance Industries, Wipro eyed",negative
"Pre-market: Nifty seen opening lower; [TGT], Wipro eyed",neutral
"Pre-market: Nifty seen opening lower; Reliance Industries, [TGT] eyed",neutral
[TGT] and private banks have already peaked: Harendra Kumar,neutral
PSBs and [TGT] have already peaked: Harendra Kumar,neutral
"[TGT], Dr. Reddy's, Cadila look attractive: Jitendra Sriram, HSBC",positive
"Ranbaxy, [TGT], Cadila look attractive: Jitendra Sriram, HSBC",positive
"Ranbaxy, Dr. Reddy's, [TGT] look attractive: Jitendra Sriram, HSBC",positive
"Ranbaxy, Dr. Reddy's, Cadila look attractive: Jitendra Sriram, [TGT]",neutral
"RBI policy a non-event, [TGT] to maintain upward bias",positive
"[TGT] policy a non-event, Equities to maintain upward bias",neutral
"[TGT], government bonds hit by US data, Bihar results",negative
"Rupee, [TGT] hit by US data, Bihar results",negative
[TGT] down over 1 per cent versus dollar,negative
Russian rouble down over 1 per cent versus [TGT],neutral
"[TGT] drops on reduced demand, black pepper slips",negative
"Select copra drops on reduced demand, [TGT] slips",negative
[TGT] hits 8-week low vs dollar on war worries,negative
Sterling hits 8-week low vs [TGT] on war worries,neutral
"[TGT], dollar, climb as Fed takes a first step",positive
"Stocks, [TGT], climb as Fed takes a first step",positive
"[TGT], FX slip lower as steep annual losses loom",negative
"Stocks, [TGT] slip lower as steep annual losses loom",negative
"Valuation concerns loom over [TGT], engineering counters: IV Subramaniam",negative
"Valuation concerns loom over infra, [TGT]: IV Subramaniam",negative
"Action shifts to [TGT], non-index stocks: Ashwani Gujral",positive
"Action shifts to midcaps, [TGT]: Ashwani Gujral",positive
Adequate stocks drag down [TGT] futures by 0.51%,negative
"[TGT] stumble on banks, resources, UGL drops",negative
"Australia shares stumble on [TGT], resources, UGL drops",negative
"Australia shares stumble on banks, [TGT], UGL drops",negative
"Australia shares stumble on banks, resources, [TGT] drops",negative
"[TGT], housing companies rally on RBI's new norms",positive
"Banks, [TGT] rally on RBI's new norms",positive
Bearish on [TGT] and ONGC: Mitesh Thacker,negative
Bearish on Cairn India and [TGT]: Mitesh Thacker,negative
"[TGT], HPCL gain as rupee continue to appreciate",positive
"BPCL, [TGT] gain as rupee continue to appreciate",positive
"BPCL, HPCL gain as [TGT] continue to appreciate",positive
"Brokers' Call: [TGT], DRL, Cipla and Coal India",positive
"Brokers' Call: ONGC, [TGT], Cipla and Coal India",positive
"Brokers' Call: ONGC, DRL, [TGT] and Coal India",positive
"Brokers' Call: ONGC, DRL, Cipla and [TGT]",positive
"Brokers' Call: [TGT], Kalpataru Power,Axis Bank,Federal Bank",positive
"Brokers' Call: Tata Steel, [TGT],Axis Bank,Federal Bank",positive
"Brokers' Call: Tata Steel, Kalpataru Power,[TGT],Federal Bank",positive
"Brokers' Call: Tata Steel, Kalpataru Power,Axis Bank,[TGT]",positive
"Choppy [TGT] ends flat, IT stocks under pressure",negative
"Choppy Sensex ends flat, [TGT] under pressure",negative
"[TGT], lead strengthen on global cues, spot demand",positive
"Copper, [TGT] strengthen on global cues, spot demand",positive
"[TGT], Deutsche bank surprise with Yankee bonds",neutral
"Credit Suisse, [TGT] surprise with Yankee bonds",neutral
"Credit Suisse, Deutsche bank surprise with [TGT]",neutral
"CRR cut to enable bullish equity, [TGT] market",positive
"[TGT], stocks nudge up on China stimulus prospects",positive
"Currencies, [TGT] nudge up on China stimulus prospects",positive
"Disappointing [TGT], HCL Tech numbers leave IT defenceless",negative
"Disappointing TCS, [TGT] numbers leave IT defenceless",negative
"Disappointing TCS, HCL Tech numbers leave [TGT] defenceless",negative
"[TGT] dips versus yen, euro remains under pressure",negative
"Dollar dips versus yen, [TGT] remains under pressure",negative
"Dollar dips versus [TGT], euro remains under pressure",neutral
"[TGT] extends gains, hits 6-year high against yen",positive
"Dollar extends gains, hits 6-year high against [TGT]",neutral
"[TGT], euro in tight range as pound drops",negative
"Dollar, [TGT] in tight range as pound drops",negative
"Dollar, euro in tight range as [TGT] drops",negative
"[TGT], euro propped up by better economic data",positive
"Dollar, [TGT] propped up by better economic data",positive
"[TGT] hits intraday high, boosted by Citi, deals",positive
"Dow hits intraday high, boosted by [TGT], deals",positive
"[TGT] leads European shares higher, focus on ECB",positive
"EasyJet leads [TGT] higher, focus on ECB",positive
"Election euphoria: [TGT],Sensex end at record closing high",positive
"Election euphoria: Nifty,[TGT] end at record closing high",positive
"[TGT] wobbles before Greek vote, Greek shares tumble",negative
"[TGT] hit multi-year high, leisure stocks lead",positive
"European equities hit multi-year high, [TGT] lead",positive
[TGT] slip at open; FTSE down 0.12%,negative
European stocks slip at open; [TGT] down 0.12%,negative
"[TGT] rises on softer dollar, Syria air strikes",positive
"Gold rises on softer [TGT], Syria air strikes",neutral
"[TGT], silver extend losses on weak global cues",negative
"Gold, [TGT] extend losses on weak global cues",negative
"[TGT], silver fall on subdued demand, global cues",negative
"Gold, [TGT] fall on subdued demand, global cues",negative
"[TGT], silver hit multi-year low on fading luster",negative
"Gold, [TGT] hit multi-year low on fading luster",negative
"Government lowers tariff value on imported [TGT], silver",positive
"Government lowers tariff value on imported gold, [TGT]",positive
"[TGT], French, Italian shares fall in thin trading",negative
"Greek, [TGT], Italian shares fall in thin trading",negative
"Greek, French, [TGT] fall in thin trading",negative
Gulf markets's decline eases as [TGT] recover,positive
[TGT]'s decline eases as China markets recover,negative
"[TGT], mint, chilli make India's spice export hot",positive
"Jeera, [TGT], chilli make India's spice export hot",positive
"Jeera, mint, [TGT] make India's spice export hot",positive
"[TGT], SpiceJet surge after fuel price cut",positive
"Jet Airways, [TGT] surge after fuel price cut",positive
"[TGT], gram trade higher as demand picks up",positive
"Masoor, [TGT] trade higher as demand picks up",positive
"Nifty rangebound; [TGT], Tata Steel, Sesa Sterlite lead",positive
"Nifty rangebound; Hindalco, [TGT], Sesa Sterlite lead",positive
"Nifty rangebound; Hindalco, Tata Steel, [TGT] lead",positive
"[TGT] rangebound; Hindalco, Tata Steel, Sesa Sterlite lead",neutral
"Nifty rangebound; [TGT], RIL, Wipro, Ambuja Cements down",negative
"Nifty rangebound; ONGC, [TGT], Wipro, Ambuja Cements down",negative
"Nifty rangebound; ONGC, RIL, [TGT], Ambuja Cements down",negative
"Nifty rangebound; ONGC, RIL, Wipro, [TGT] down",negative
"[TGT] rangebound; ONGC, RIL, Wipro, Ambuja Cements down",neutral
"[TGT], Sensex turn choppy; metals lead the decline",neutral
"Nifty, [TGT] turn choppy; metals lead the decline",neutral
"Nifty, Sensex turn choppy; [TGT] lead the decline",neutral
"[TGT], Shoppers Stop, Trent rally on FDI buzz",positive
"Pantaloon, [TGT], Trent rally on FDI buzz",positive
"Pantaloon, Shoppers Stop, [TGT] rally on FDI buzz",positive
Prefer [TGT] to HUL: Dipan Mehta,positive
Prefer Indian FMCG companies to [TGT]: Dipan Mehta,negative
"[TGT], bank, auto drag as RBI hikes rates",negative
"Realty, [TGT], auto drag as RBI hikes rates",negative
"Realty, bank, [TGT] drag as RBI hikes rates",negative
"[TGT] ends above 26,000-mark; Nifty closes at 7,767.85",positive
"Sensex ends above 26,000-mark; [TGT] closes at 7,767.85",positive
"[TGT] ends flat, Nifty climbs to fresh high",positive
"Sensex ends flat, [TGT] climbs to fresh high",positive
"[TGT] opens below 21,000; Nifty falls below 6,175",negative
"Sensex opens below 21,000; [TGT] falls below 6,175",negative
"[TGT] tests 25,000; Nifty trading around 7,450 levels",neutral
"Sensex tests 25,000; [TGT] trading around 7,450 levels",neutral
"[TGT], Nifty closed on account of Good Friday",neutral
"Sensex, [TGT] closed on account of Good Friday",neutral
"[TGT], Nifty rangebound as RBI maintains status quo",neutral
"Sensex, [TGT] rangebound as RBI maintains status quo",neutral
"Sensex, Nifty rangebound as [TGT] maintains status quo",neutral
"[TGT], Nifty start strong; Lupin, UltraTech Cement up",positive
"Sensex, [TGT] start strong; Lupin, UltraTech Cement up",positive
"Sensex, Nifty start strong; [TGT], UltraTech Cement up",positive
"Sensex, Nifty start strong; Lupin, [TGT] Cement up",positive
"[TGT], Claris Lifesciences stock prices fall sharply",negative
"Adani group, [TGT] stock prices fall sharply",negative
"Beaten down [TGT], infra surge on reforms hopes",positive
"Beaten down power, [TGT] surge on reforms hopes",positive
"[TGT], commodity markets will remain closed on Friday",negative
"Financial, [TGT] will remain closed on Friday",negative
"[TGT], stocks rebound as Ukraine concerns less acute",positive
"Forex, [TGT] rebound as Ukraine concerns less acute",positive
"Global [TGT] worries, rupeee fall weigh on stocks",negative
"Global oil worries, [TGT]e fall weigh on stocks",negative
[TGT] recovers on scattered buying; silver remains weak,positive
Gold recovers on scattered buying; [TGT] remains weak,negative
[TGT] and pharma sectors broadly currency play: Mitesh Thacker,neutral
IT and [TGT] sectors broadly currency play: Mitesh Thacker,neutral
"[TGT], KFHL present dividends worth Rs 18.84 crore",neutral
"ITDC, [TGT] present dividends worth Rs 18.84 crore",neutral
"[TGT], oil rout deepen on dollar, China fears",negative
"Metals, [TGT] rout deepen on dollar, China fears",negative
"Miners help [TGT] recover, Rio Tinto leads higher",positive
"Miners help FTSE recover, [TGT] leads higher",positive
"[TGT], Sebi hold investor awareness programme in Srinagar",neutral
"NSE, [TGT] hold investor awareness programme in Srinagar",neutral
[TGT] slips from 3-1/2-year high; gold barely changed,negative
Palladium slips from 3-1/2-year high; [TGT] barely changed,neutral
Positive on [TGT] and Idea Cellular: Gaurang Shah,positive
Positive on Bharti and [TGT]: Gaurang Shah,positive
Pre-market: [TGT] seen opening flat; Kotak Mahindra eyed,neutral
Pre-market: Nifty seen opening flat; [TGT] eyed,neutral
Pre-market: [TGT] seen opening flat; RBI policy eyed,neutral
Pre-market: Nifty seen opening flat; [TGT] policy eyed,neutral
Pre-market: [TGT] seen opening lower; RBI policy eyed,negative
Pre-market: Nifty seen opening lower; [TGT] policy eyed,neutral
[TGT] ends day at 59.27 against US dollar,neutral
[TGT] ends day at 61.05 versus US dollar,neutral
[TGT] dips against euro after German Ifo survey,negative
Sterling dips against [TGT] after German Ifo survey,neutral
"[TGT], food grains, eggs, medicines driving inflation: RBI",negative
"Sugar, [TGT], eggs, medicines driving inflation: RBI",negative
"Sugar, food grains, [TGT], medicines driving inflation: RBI",negative
"Sugar, food grains, eggs, [TGT] driving inflation: RBI",negative
"Sugar, food grains, eggs, medicines driving inflation: [TGT]",neutral
"[TGT], Hindalco to exit Sensex on December 21",negative
"Vedanta, [TGT] to exit Sensex on December 21",negative
"Vedanta, Hindalco to exit [TGT] on December 21",neutral
[TGT] deal may not go through: Ajay Bagga,negative
[TGT] mixed as Apple weighs on Nasdaq,neutral
Wall Street mixed as [TGT] weighs on Nasdaq,neutral
Wall Street mixed as Apple weighs on [TGT],neutral
Wall Street opens flat as [TGT] offsets Amazon,positive
[TGT] opens flat as Microsoft offsets Amazon,neutral
Wall Street opens flat as Microsoft offsets [TGT],neutral
"[TGT] opens flat, S&P 500 near record",neutral
"[TGT]a, NZ dlrs trapped by holiday lull",negative
"Australia, [TGT] trapped by holiday lull",negative
"[TGT], zinc remain weak on global cues",negative
"Copper, [TGT] remain weak on global cues",negative
"[TGT], turmeric prices fall on sluggish demand",negative
"Coriander, [TGT] prices fall on sluggish demand",negative
"[TGT], turmeric rise on buying by stockists",positive
"Coriander, [TGT] rise on buying by stockists",positive
"[TGT], Akzo Nobel prop up European equities",positive
"Daimler, [TGT] prop up European equities",positive
"Daimler, Akzo Nobel prop up [TGT]",positive
"Dealing Room Buzz: [TGT], DRL, Raymond, Titan",positive
"Dealing Room Buzz: Alstom, [TGT], Raymond, Titan",positive
"Dealing Room Buzz: Alstom, DRL, [TGT], Titan",positive
"Dealing Room Buzz: Alstom, DRL, Raymond, [TGT]",positive
"[TGT], non-edible oils drop on subdued demand",negative
"Edible, [TGT]s drop on subdued demand",negative
"[TGT], IFCI back on Rar(e)ing bulls radar",positive
"Educomp, [TGT] back on Rar(e)ing bulls radar",positive
"European shares steady, [TGT] down after results",negative
"[TGT] steady, Vodafone down after results",neutral
"Heard on the street: [TGT], FIIs",neutral
"Iraq boils over: [TGT] crashes, rupee slumps",negative
"Iraq boils over: Sensex crashes, [TGT] slumps",negative
"Maintain Buy on [TGT], BPCL, HPCL: Emkay",positive
"Maintain Buy on IOC, [TGT], HPCL: Emkay",positive
"Maintain Buy on IOC, BPCL, [TGT]: Emkay",positive
"Maintain Buy on IOC, BPCL, HPCL: [TGT]",neutral
Prefer [TGT] and pharmaceutical stocks: Taher Badshah,positive
Prefer auto and [TGT]: Taher Badshah,positive
Rebound for Russia and China lifts [TGT],positive
Recommend [TGT] over HCL Tech: Pankaj Pandey,positive
Recommend TCS over [TGT]: Pankaj Pandey,negative
"Sensex holds 26,400; [TGT] slips below 7,900",negative
"[TGT] holds 26,400; Nifty slips below 7,900",neutral
"Sensex rangebound; [TGT], banks, power decline",negative
"Sensex rangebound; capital goods, [TGT], power decline",negative
"Sensex rangebound; capital goods, banks, [TGT] decline",negative
"[TGT] rangebound; capital goods, banks, power decline",neutral
"Sensex, Nifty rangebound; [TGT], Infosys top losers",negative
"Sensex, Nifty rangebound; L&T, [TGT] top losers",negative
"[TGT], Nifty rangebound; L&T, Infosys top losers",neutral
"Sensex, [TGT] rangebound; L&T, Infosys top losers",neutral
"[TGT], jeera prices rise on stockists buying",positive
"Turmeric, [TGT] prices rise on stockists buying",positive
"[TGT] cuts gold, base metals price forecasts",neutral
"[TGT], BBM, FB chat under Sebi lens",neutral
"WhatsApp, [TGT], FB chat under Sebi lens",neutral
"WhatsApp, BBM, [TGT] chat under Sebi lens",neutral
"WhatsApp, BBM, FB chat under [TGT] lens",neutral
"[TGT] mostly down, dollar under pressure",negative
"Asia shares mostly down, [TGT] under pressure",negative
"[TGT] edge higher, oil nurses losses",positive
"Asian shares edge higher, [TGT] nurses losses",negative
"Dollar firms, [TGT] cracks under rates pressure",negative
"[TGT] firms, euro cracks under rates pressure",neutral
"Euro steadies after German survey, [TGT] slips",negative
"[TGT] steadies after German survey, Aussie slips",neutral
"[TGT] touches eight-month low, European shares fall",negative
"Euro touches eight-month low, [TGT] fall",negative
"Foreign investors prefer [TGT], utilities: Macquarie",positive
"Foreign investors prefer Indian cyclicals, [TGT]: Macquarie",positive
"Foreign investors prefer Indian cyclicals, utilities: [TGT]",neutral
"[TGT] outperform on Metro, Deutsche Bank",positive
"German shares outperform on [TGT], Deutsche Bank",positive
"German shares outperform on Metro, [TGT]",positive
"[TGT], silver end steady in thin trade",neutral
"Gold, [TGT] end steady in thin trade",neutral
"[TGT], silver extend losses in global markets",negative
"Gold, [TGT] extend losses in global markets",negative
"[TGT], silver prices fall on sluggish demand",negative
"Gold, [TGT] prices fall on sluggish demand",negative
[TGT] prices weaken on sluggish demand,negative
"[TGT], Axis revel in Indian credit rally",positive
"NTPC, [TGT] revel in Indian credit rally",positive
"[TGT], global markets may weigh on Gulf",neutral
"Oil, global markets may weigh on [TGT]",neutral
"[TGT], SBI drag Sensex to 8-week low",negative
"ONGC, [TGT] drag Sensex to 8-week low",negative
"ONGC, SBI drag [TGT] to 8-week low",negative
[TGT] gains 29 paise against US dollar,positive
Rupee gains 29 paise against [TGT],neutral
Southeast Asia stocks-mostly weak; [TGT] bucks trend,positive
[TGT]-mostly weak; Indonesia bucks trend,negative
[TGT] hits three-week high against weaker dollar,positive
Sterling hits three-week high against weaker [TGT],negative
"[TGT], Siemens to exit Nifty from Monday",neutral
"Wipro, [TGT] to exit Nifty from Monday",neutral
"[TGT], euro surge in Asian trade",positive
"Dollar, [TGT] surge in Asian trade",positive
"[TGT], jeera rise on buying support",positive
"Turmeric, [TGT] rise on buying support",positive
"[TGT], turmeric recover on fresh buying",positive
"Chilli, [TGT] recover on fresh buying",positive
"[TGT], turmeric rise on stockists buying",positive
"Coriander, [TGT] rise on stockists buying",positive
"[TGT], turmeric weaken on subdued demand",negative
"Coriander, [TGT] weaken on subdued demand",negative
[TGT] dip early; Wincor sinks,negative
European shares dip early; [TGT] sinks,negative
"[TGT], masoor decline on subdued demand",negative
"Gram, [TGT] decline on subdued demand",negative
"[TGT], pepper decline on subdued demand",negative
"Jeera, [TGT] decline on subdued demand",negative
"Negative on [TGT], Advanta: Mitesh Thacker",negative
"Negative on Chambal, [TGT]: Mitesh Thacker",negative
"[TGT], Mid-cap stocks may emerge outperformers",positive
"Small, [TGT] may emerge outperformers",positive
[TGT] slips against US dollar,negative
Rupee slips against [TGT],neutral
[TGT] weak against US dollar,negative
Rupee weak against [TGT],neutral
[TGT] flat; energy drags,neutral
Australia shares flat; [TGT] drags,neutral
