ticker,date,open,high,low,close,volume,adjusted_flag,source
ACB,2022-05-04 07:00:00,13.05,13.15,12.84,12.84,2060200,unknown,vnstock_market_equity_ohlcv
ACB,2022-05-05 07:00:00,13.07,13.07,12.66,12.82,3209000,unknown,vnstock_market_equity_ohlcv
ACB,2022-05-06 07:00:00,12.62,12.86,12.48,12.54,1920300,unknown,vnstock_market_equity_ohlcv
ACB,2022-05-09 07:00:00,12.54,12.54,12.01,12.38,5176200,unknown,vnstock_market_equity_ohlcv
ACB,2022-05-10 07:00:00,12.26,12.54,12.1,12.46,3850100,unknown,vnstock_market_equity_ohlcv
ACB,2022-05-11 07:00:00,12.46,12.78,12.38,12.78,2319300,unknown,vnstock_market_equity_ohlcv
ACB,2022-05-12 07:00:00,12.42,12.64,11.93,11.93,3128000,unknown,vnstock_market_equity_ohlcv
ACB,2022-05-13 07:00:00,12.1,12.26,11.12,11.12,6142600,unknown,vnstock_market_equity_ohlcv
ACB,2022-05-16 07:00:00,11.18,11.61,11.12,11.16,5137600,unknown,vnstock_market_equity_ohlcv
ACB,2022-05-17 07:00:00,11.16,11.87,11.12,11.83,2617900,unknown,vnstock_market_equity_ohlcv
ACB,2022-05-18 07:00:00,12.01,12.03,11.65,11.71,3521100,unknown,vnstock_market_equity_ohlcv
ACB,2022-05-19 07:00:00,11.49,11.73,11.37,11.57,1856400,unknown,vnstock_market_equity_ohlcv
ACB,2022-05-20 07:00:00,11.57,11.85,11.57,11.75,1936000,unknown,vnstock_market_equity_ohlcv
ACB,2022-05-23 07:00:00,11.77,11.85,11.45,11.51,1187500,unknown,vnstock_market_equity_ohlcv
ACB,2022-05-24 07:00:00,11.65,11.65,11.39,11.65,1574100,unknown,vnstock_market_equity_ohlcv
ACB,2022-05-25 07:00:00,11.65,12.14,11.65,12.14,3815600,unknown,vnstock_market_equity_ohlcv
ACB,2022-05-26 07:00:00,12.3,12.34,12.14,12.28,2690700,unknown,vnstock_market_equity_ohlcv
ACB,2022-05-27 07:00:00,12.46,12.86,12.38,12.86,4910800,unknown,vnstock_market_equity_ohlcv
ACB,2022-05-30 07:00:00,12.94,12.94,12.74,12.92,2244200,unknown,vnstock_market_equity_ohlcv
ACB,2022-05-31 07:00:00,12.82,12.86,12.74,12.76,2348500,unknown,vnstock_market_equity_ohlcv
ACB,2022-06-01 07:00:00,12.86,12.86,12.58,12.58,3523400,unknown,vnstock_market_equity_ohlcv
ACB,2022-06-02 07:00:00,12.93,13.11,12.81,12.81,3745600,unknown,vnstock_market_equity_ohlcv
ACB,2022-06-03 07:00:00,12.88,12.93,12.58,12.78,1409500,unknown,vnstock_market_equity_ohlcv
ACB,2022-06-06 07:00:00,12.78,12.91,12.73,12.78,1698800,unknown,vnstock_market_equity_ohlcv
ACB,2022-06-07 07:00:00,12.78,12.78,12.28,12.61,2255000,unknown,vnstock_market_equity_ohlcv
ACB,2022-06-08 07:00:00,12.58,12.98,12.45,12.98,4494800,unknown,vnstock_market_equity_ohlcv
ACB,2022-06-09 07:00:00,13.04,13.09,12.66,13.01,3388400,unknown,vnstock_market_equity_ohlcv
ACB,2022-06-10 07:00:00,12.73,13.04,12.71,12.73,2278300,unknown,vnstock_market_equity_ohlcv
ACB,2022-06-13 07:00:00,12.63,12.63,12.02,12.08,3830300,unknown,vnstock_market_equity_ohlcv
ACB,2022-06-14 07:00:00,12.08,12.35,11.87,12.18,2049600,unknown,vnstock_market_equity_ohlcv
ACB,2022-06-15 07:00:00,12.35,12.38,11.67,11.92,3633100,unknown,vnstock_market_equity_ohlcv
ACB,2022-06-16 07:00:00,11.92,12.18,11.92,12.18,1925600,unknown,vnstock_market_equity_ohlcv
ACB,2022-06-17 07:00:00,11.87,12.05,11.54,11.67,3160900,unknown,vnstock_market_equity_ohlcv
ACB,2022-06-20 07:00:00,11.67,11.87,11.52,11.57,3956000,unknown,vnstock_market_equity_ohlcv
ACB,2022-06-21 07:00:00,11.37,11.72,11.37,11.62,2676500,unknown,vnstock_market_equity_ohlcv
ACB,2022-06-22 07:00:00,11.72,12.08,11.72,12.0,2532000,unknown,vnstock_market_equity_ohlcv
ACB,2022-06-23 07:00:00,11.82,12.05,11.65,12.0,2140900,unknown,vnstock_market_equity_ohlcv
ACB,2022-06-24 07:00:00,11.97,12.13,11.87,12.02,1588100,unknown,vnstock_market_equity_ohlcv
ACB,2022-06-27 07:00:00,12.02,12.2,11.95,12.1,2447600,unknown,vnstock_market_equity_ohlcv
ACB,2022-06-28 07:00:00,12.02,12.53,11.97,12.38,2995800,unknown,vnstock_market_equity_ohlcv
ACB,2022-06-29 07:00:00,12.23,12.38,12.13,12.23,1960600,unknown,vnstock_market_equity_ohlcv
ACB,2022-06-30 07:00:00,12.38,12.38,12.1,12.13,2088400,unknown,vnstock_market_equity_ohlcv
ACB,2022-07-01 07:00:00,12.05,12.15,11.87,12.15,1851900,unknown,vnstock_market_equity_ohlcv
ACB,2022-07-04 07:00:00,12.33,12.38,12.13,12.25,1823900,unknown,vnstock_market_equity_ohlcv
ACB,2022-07-05 07:00:00,12.35,12.43,12.25,12.35,2991000,unknown,vnstock_market_equity_ohlcv
ACB,2022-07-06 07:00:00,12.33,12.38,11.92,12.23,2017800,unknown,vnstock_market_equity_ohlcv
ACB,2022-07-07 07:00:00,12.28,12.38,12.18,12.2,2496700,unknown,vnstock_market_equity_ohlcv
ACB,2022-07-08 07:00:00,12.23,12.33,12.13,12.13,2016000,unknown,vnstock_market_equity_ohlcv
ACB,2022-07-11 07:00:00,12.05,12.13,11.87,11.87,1634700,unknown,vnstock_market_equity_ohlcv
ACB,2022-07-12 07:00:00,11.92,12.13,11.87,12.13,728100,unknown,vnstock_market_equity_ohlcv
ACB,2022-07-13 07:00:00,12.13,12.33,12.02,12.13,2126200,unknown,vnstock_market_equity_ohlcv
ACB,2022-07-14 07:00:00,12.02,12.2,12.02,12.15,1429400,unknown,vnstock_market_equity_ohlcv
ACB,2022-07-15 07:00:00,12.25,12.35,12.13,12.13,2642300,unknown,vnstock_market_equity_ohlcv
ACB,2022-07-18 07:00:00,12.18,12.23,12.08,12.08,2425000,unknown,vnstock_market_equity_ohlcv
ACB,2022-07-19 07:00:00,12.08,12.1,12.02,12.08,1507000,unknown,vnstock_market_equity_ohlcv
ACB,2022-07-20 07:00:00,12.18,12.3,12.08,12.28,3039300,unknown,vnstock_market_equity_ohlcv
ACB,2022-07-21 07:00:00,12.28,12.58,12.23,12.45,4313000,unknown,vnstock_market_equity_ohlcv
ACB,2022-07-22 07:00:00,12.45,12.53,12.3,12.3,2039400,unknown,vnstock_market_equity_ohlcv
ACB,2022-07-25 07:00:00,12.23,12.33,12.08,12.15,1850700,unknown,vnstock_market_equity_ohlcv
ACB,2022-07-26 07:00:00,12.13,12.25,12.13,12.15,1484900,unknown,vnstock_market_equity_ohlcv
ACB,2022-07-27 07:00:00,12.13,12.23,12.1,12.23,890000,unknown,vnstock_market_equity_ohlcv
ACB,2022-07-28 07:00:00,12.48,12.48,12.33,12.35,3347500,unknown,vnstock_market_equity_ohlcv
ACB,2022-07-29 07:00:00,12.4,12.48,12.35,12.43,3817300,unknown,vnstock_market_equity_ohlcv
ACB,2022-08-01 07:00:00,12.45,12.63,12.38,12.63,4455500,unknown,vnstock_market_equity_ohlcv
ACB,2022-08-02 07:00:00,12.63,12.66,12.48,12.58,3391300,unknown,vnstock_market_equity_ohlcv
ACB,2022-08-03 07:00:00,12.63,12.66,12.48,12.61,6081900,unknown,vnstock_market_equity_ohlcv
ACB,2022-08-04 07:00:00,12.63,12.76,12.58,12.63,4390100,unknown,vnstock_market_equity_ohlcv
ACB,2022-08-05 07:00:00,12.63,12.63,12.38,12.56,3272800,unknown,vnstock_market_equity_ohlcv
ACB,2022-08-08 07:00:00,12.53,12.63,12.45,12.5,3202100,unknown,vnstock_market_equity_ohlcv
ACB,2022-08-09 07:00:00,12.58,12.63,12.48,12.61,3553300,unknown,vnstock_market_equity_ohlcv
ACB,2022-08-10 07:00:00,12.61,12.66,12.5,12.56,1987700,unknown,vnstock_market_equity_ohlcv
ACB,2022-08-11 07:00:00,12.63,12.68,12.48,12.5,3442200,unknown,vnstock_market_equity_ohlcv
ACB,2022-08-12 07:00:00,12.48,12.56,12.43,12.53,1460000,unknown,vnstock_market_equity_ohlcv
ACB,2022-08-15 07:00:00,12.58,12.71,12.53,12.61,3154600,unknown,vnstock_market_equity_ohlcv
ACB,2022-08-16 07:00:00,12.58,12.61,12.45,12.56,3234500,unknown,vnstock_market_equity_ohlcv
ACB,2022-08-17 07:00:00,12.61,12.63,12.56,12.61,3350600,unknown,vnstock_market_equity_ohlcv
ACB,2022-08-18 07:00:00,12.61,12.76,12.53,12.71,5981500,unknown,vnstock_market_equity_ohlcv
ACB,2022-08-19 07:00:00,12.71,12.71,12.53,12.56,1909000,unknown,vnstock_market_equity_ohlcv
ACB,2022-08-22 07:00:00,12.53,12.53,12.43,12.45,2239300,unknown,vnstock_market_equity_ohlcv
ACB,2022-08-23 07:00:00,12.3,12.53,12.23,12.53,2385000,unknown,vnstock_market_equity_ohlcv
ACB,2022-08-24 07:00:00,12.48,12.58,12.45,12.56,2704900,unknown,vnstock_market_equity_ohlcv
ACB,2022-08-25 07:00:00,12.56,12.63,12.5,12.63,3631800,unknown,vnstock_market_equity_ohlcv
ACB,2022-08-26 07:00:00,12.68,12.78,12.5,12.53,3878700,unknown,vnstock_market_equity_ohlcv
ACB,2022-08-29 07:00:00,12.35,12.48,12.28,12.4,3218300,unknown,vnstock_market_equity_ohlcv
ACB,2022-08-30 07:00:00,12.43,12.56,12.4,12.4,2016400,unknown,vnstock_market_equity_ohlcv
ACB,2022-08-31 07:00:00,12.4,12.5,12.4,12.45,1967000,unknown,vnstock_market_equity_ohlcv
ACB,2022-09-05 07:00:00,12.4,12.5,12.35,12.38,2307700,unknown,vnstock_market_equity_ohlcv
ACB,2022-09-06 07:00:00,12.38,12.48,12.35,12.45,2405200,unknown,vnstock_market_equity_ohlcv
ACB,2022-09-07 07:00:00,12.38,12.43,12.28,12.28,3214400,unknown,vnstock_market_equity_ohlcv
ACB,2022-09-08 07:00:00,12.33,12.35,12.13,12.13,2080700,unknown,vnstock_market_equity_ohlcv
ACB,2022-09-09 07:00:00,12.23,12.23,12.0,12.13,2227900,unknown,vnstock_market_equity_ohlcv
ACB,2022-09-12 07:00:00,12.13,12.23,12.0,12.0,1390800,unknown,vnstock_market_equity_ohlcv
ACB,2022-09-13 07:00:00,12.08,12.13,11.92,12.02,1469500,unknown,vnstock_market_equity_ohlcv
ACB,2022-09-14 07:00:00,11.87,11.92,11.8,11.87,2102100,unknown,vnstock_market_equity_ohlcv
ACB,2022-09-15 07:00:00,11.92,11.92,11.85,11.9,1585600,unknown,vnstock_market_equity_ohlcv
ACB,2022-09-16 07:00:00,11.87,11.92,11.67,11.7,2120100,unknown,vnstock_market_equity_ohlcv
ACB,2022-09-19 07:00:00,11.7,11.72,11.47,11.54,2558900,unknown,vnstock_market_equity_ohlcv
ACB,2022-09-20 07:00:00,11.57,11.6,11.42,11.57,1908000,unknown,vnstock_market_equity_ohlcv
ACB,2022-09-21 07:00:00,11.54,11.54,11.42,11.42,1292200,unknown,vnstock_market_equity_ohlcv
ACB,2022-09-22 07:00:00,11.37,11.52,11.37,11.52,1826800,unknown,vnstock_market_equity_ohlcv
ACB,2022-09-23 07:00:00,11.44,11.6,11.42,11.42,1465600,unknown,vnstock_market_equity_ohlcv
ACB,2022-09-26 07:00:00,11.32,11.37,11.01,11.22,4546500,unknown,vnstock_market_equity_ohlcv
ACB,2022-09-27 07:00:00,11.22,11.34,11.17,11.32,1468900,unknown,vnstock_market_equity_ohlcv
ACB,2022-09-28 07:00:00,11.14,11.24,11.09,11.12,2513100,unknown,vnstock_market_equity_ohlcv
ACB,2022-09-29 07:00:00,11.19,11.19,11.06,11.12,3855500,unknown,vnstock_market_equity_ohlcv
ACB,2022-09-30 07:00:00,11.12,11.34,11.04,11.22,4219300,unknown,vnstock_market_equity_ohlcv
ACB,2022-10-03 07:00:00,11.14,11.27,10.76,10.91,3657900,unknown,vnstock_market_equity_ohlcv
ACB,2022-10-04 07:00:00,10.96,11.09,10.61,10.61,3472500,unknown,vnstock_market_equity_ohlcv
ACB,2022-10-05 07:00:00,10.66,10.84,10.51,10.51,3255800,unknown,vnstock_market_equity_ohlcv
ACB,2022-10-06 07:00:00,10.53,10.71,10.1,10.1,2848400,unknown,vnstock_market_equity_ohlcv
ACB,2022-10-07 07:00:00,9.88,10.05,9.4,9.42,8485400,unknown,vnstock_market_equity_ohlcv
ACB,2022-10-10 07:00:00,9.2,9.65,9.2,9.45,6473000,unknown,vnstock_market_equity_ohlcv
ACB,2022-10-11 07:00:00,9.45,9.45,8.82,8.84,6434000,unknown,vnstock_market_equity_ohlcv
ACB,2022-10-12 07:00:00,9.04,9.45,8.99,9.45,3365500,unknown,vnstock_market_equity_ohlcv
ACB,2022-10-13 07:00:00,9.45,10.08,9.35,10.08,3901800,unknown,vnstock_market_equity_ohlcv
ACB,2022-10-14 07:00:00,10.36,10.56,10.21,10.53,3138200,unknown,vnstock_market_equity_ohlcv
ACB,2022-10-17 07:00:00,10.26,10.61,10.23,10.58,3756600,unknown,vnstock_market_equity_ohlcv
ACB,2022-10-18 07:00:00,10.76,10.86,10.66,10.81,2767600,unknown,vnstock_market_equity_ohlcv
ACB,2022-10-19 07:00:00,10.91,10.91,10.61,10.66,1445700,unknown,vnstock_market_equity_ohlcv
ACB,2022-10-20 07:00:00,10.66,10.86,10.46,10.79,4023500,unknown,vnstock_market_equity_ohlcv
ACB,2022-10-21 07:00:00,10.79,10.79,10.23,10.31,3385500,unknown,vnstock_market_equity_ohlcv
ACB,2022-10-24 07:00:00,10.33,10.36,9.7,9.85,2797800,unknown,vnstock_market_equity_ohlcv
ACB,2022-10-25 07:00:00,9.95,10.53,9.68,10.31,4926800,unknown,vnstock_market_equity_ohlcv
ACB,2022-10-26 07:00:00,10.41,10.56,10.21,10.43,2169100,unknown,vnstock_market_equity_ohlcv
ACB,2022-10-27 07:00:00,10.46,11.14,10.36,11.14,4846000,unknown,vnstock_market_equity_ohlcv
ACB,2022-10-28 07:00:00,11.32,11.39,11.14,11.27,3551700,unknown,vnstock_market_equity_ohlcv
ACB,2022-10-31 07:00:00,11.29,11.37,10.94,11.32,3747300,unknown,vnstock_market_equity_ohlcv
ACB,2022-11-01 07:00:00,11.37,11.62,11.29,11.34,3355400,unknown,vnstock_market_equity_ohlcv
ACB,2022-11-02 07:00:00,11.32,11.34,11.01,11.01,3538200,unknown,vnstock_market_equity_ohlcv
ACB,2022-11-03 07:00:00,10.86,11.12,10.79,10.79,3279300,unknown,vnstock_market_equity_ohlcv
ACB,2022-11-04 07:00:00,10.79,10.81,10.08,10.18,12616400,unknown,vnstock_market_equity_ohlcv
ACB,2022-11-07 07:00:00,10.56,10.61,10.21,10.43,4908600,unknown,vnstock_market_equity_ohlcv
ACB,2022-11-08 07:00:00,10.41,10.99,10.18,10.76,4065900,unknown,vnstock_market_equity_ohlcv
ACB,2022-11-09 07:00:00,10.81,10.96,10.46,10.48,3278700,unknown,vnstock_market_equity_ohlcv
ACB,2022-11-10 07:00:00,10.43,10.56,9.85,10.1,5464700,unknown,vnstock_market_equity_ohlcv
ACB,2022-11-11 07:00:00,10.46,10.71,10.33,10.51,4325500,unknown,vnstock_market_equity_ohlcv
ACB,2022-11-14 07:00:00,10.36,10.46,10.08,10.26,5257100,unknown,vnstock_market_equity_ohlcv
ACB,2022-11-15 07:00:00,10.23,10.33,9.65,9.65,6563300,unknown,vnstock_market_equity_ohlcv
ACB,2022-11-16 07:00:00,9.55,10.31,9.04,10.31,7397800,unknown,vnstock_market_equity_ohlcv
ACB,2022-11-17 07:00:00,10.51,10.79,10.51,10.64,4304700,unknown,vnstock_market_equity_ohlcv
ACB,2022-11-18 07:00:00,10.51,10.84,10.41,10.69,3536700,unknown,vnstock_market_equity_ohlcv
ACB,2022-11-21 07:00:00,10.71,10.71,10.41,10.41,2279000,unknown,vnstock_market_equity_ohlcv
ACB,2022-11-22 07:00:00,10.31,10.79,10.28,10.28,4427400,unknown,vnstock_market_equity_ohlcv
ACB,2022-11-23 07:00:00,10.31,10.58,10.28,10.43,2552100,unknown,vnstock_market_equity_ohlcv
ACB,2022-11-24 07:00:00,10.41,10.71,10.31,10.61,2306700,unknown,vnstock_market_equity_ohlcv
ACB,2022-11-25 07:00:00,10.86,10.86,10.64,10.86,2830000,unknown,vnstock_market_equity_ohlcv
ACB,2022-11-28 07:00:00,10.91,11.24,10.89,11.24,5240700,unknown,vnstock_market_equity_ohlcv
ACB,2022-11-29 07:00:00,11.24,11.24,10.96,11.19,3942700,unknown,vnstock_market_equity_ohlcv
ACB,2022-11-30 07:00:00,11.24,11.34,11.01,11.17,4118400,unknown,vnstock_market_equity_ohlcv
ACB,2022-12-01 07:00:00,11.27,11.54,11.12,11.37,6812100,unknown,vnstock_market_equity_ohlcv
ACB,2022-12-02 07:00:00,11.37,11.87,11.19,11.87,4791400,unknown,vnstock_market_equity_ohlcv
ACB,2022-12-05 07:00:00,11.9,12.13,11.72,11.92,4715700,unknown,vnstock_market_equity_ohlcv
ACB,2022-12-06 07:00:00,11.92,12.0,11.27,11.27,5158400,unknown,vnstock_market_equity_ohlcv
ACB,2022-12-07 07:00:00,11.37,11.37,10.99,11.27,3295000,unknown,vnstock_market_equity_ohlcv
ACB,2022-12-08 07:00:00,11.34,12.02,11.17,11.44,4795900,unknown,vnstock_market_equity_ohlcv
ACB,2022-12-09 07:00:00,11.49,11.72,11.34,11.65,3319800,unknown,vnstock_market_equity_ohlcv
ACB,2022-12-12 07:00:00,11.65,11.77,11.37,11.37,3181800,unknown,vnstock_market_equity_ohlcv
ACB,2022-12-13 07:00:00,11.32,11.65,11.24,11.65,2693700,unknown,vnstock_market_equity_ohlcv
ACB,2022-12-14 07:00:00,11.67,11.85,11.49,11.7,3293000,unknown,vnstock_market_equity_ohlcv
ACB,2022-12-15 07:00:00,11.62,11.87,11.62,11.72,4113600,unknown,vnstock_market_equity_ohlcv
ACB,2022-12-16 07:00:00,11.62,11.82,11.54,11.62,2220500,unknown,vnstock_market_equity_ohlcv
ACB,2022-12-19 07:00:00,11.57,11.75,11.49,11.49,3382600,unknown,vnstock_market_equity_ohlcv
ACB,2022-12-20 07:00:00,11.49,11.57,11.22,11.39,2566900,unknown,vnstock_market_equity_ohlcv
ACB,2022-12-21 07:00:00,11.42,11.62,11.27,11.52,1887300,unknown,vnstock_market_equity_ohlcv
ACB,2022-12-22 07:00:00,11.62,11.62,11.49,11.57,1958400,unknown,vnstock_market_equity_ohlcv
ACB,2022-12-23 07:00:00,11.57,11.57,11.27,11.57,1735100,unknown,vnstock_market_equity_ohlcv
ACB,2022-12-26 07:00:00,11.57,11.57,11.17,11.17,1778000,unknown,vnstock_market_equity_ohlcv
ACB,2022-12-27 07:00:00,11.17,11.42,11.12,11.17,2040100,unknown,vnstock_market_equity_ohlcv
ACB,2022-12-28 07:00:00,11.17,11.34,11.09,11.12,1826400,unknown,vnstock_market_equity_ohlcv
ACB,2022-12-29 07:00:00,11.12,11.32,11.01,11.12,1809100,unknown,vnstock_market_equity_ohlcv
ACB,2022-12-30 07:00:00,11.12,11.22,11.01,11.06,1339500,unknown,vnstock_market_equity_ohlcv
AMD,2022-05-04 07:00:00,4.6,4.79,4.6,4.6,3624400,unknown,vnstock_market_equity_ohlcv
AMD,2022-05-05 07:00:00,4.28,4.7,4.28,4.4,4298600,unknown,vnstock_market_equity_ohlcv
AMD,2022-05-06 07:00:00,4.2,4.45,4.2,4.26,1269800,unknown,vnstock_market_equity_ohlcv
AMD,2022-05-09 07:00:00,4.02,4.14,3.97,3.97,2412500,unknown,vnstock_market_equity_ohlcv
AMD,2022-05-10 07:00:00,3.73,4.15,3.7,4.15,2593700,unknown,vnstock_market_equity_ohlcv
AMD,2022-05-11 07:00:00,4.37,4.38,4.2,4.32,1671800,unknown,vnstock_market_equity_ohlcv
AMD,2022-05-12 07:00:00,4.11,4.28,4.02,4.02,2044700,unknown,vnstock_market_equity_ohlcv
AMD,2022-05-13 07:00:00,4.0,4.2,3.74,3.74,2768300,unknown,vnstock_market_equity_ohlcv
AMD,2022-05-16 07:00:00,3.99,4.0,3.74,3.81,1398200,unknown,vnstock_market_equity_ohlcv
AMD,2022-05-17 07:00:00,3.82,4.06,3.8,4.05,1257100,unknown,vnstock_market_equity_ohlcv
AMD,2022-05-18 07:00:00,4.15,4.16,3.99,3.99,1672400,unknown,vnstock_market_equity_ohlcv
AMD,2022-05-19 07:00:00,3.81,4.0,3.81,3.95,1154700,unknown,vnstock_market_equity_ohlcv
AMD,2022-05-20 07:00:00,4.0,4.02,3.89,3.93,1277500,unknown,vnstock_market_equity_ohlcv
AMD,2022-05-23 07:00:00,3.99,4.0,3.85,3.9,1076600,unknown,vnstock_market_equity_ohlcv
AMD,2022-05-24 07:00:00,3.9,3.95,3.7,3.82,1228900,unknown,vnstock_market_equity_ohlcv
AMD,2022-05-25 07:00:00,3.8,3.89,3.69,3.82,2223700,unknown,vnstock_market_equity_ohlcv
AMD,2022-05-26 07:00:00,3.65,3.68,3.56,3.56,5727800,unknown,vnstock_market_equity_ohlcv
AMD,2022-05-27 07:00:00,3.42,3.72,3.42,3.68,2249300,unknown,vnstock_market_equity_ohlcv
AMD,2022-05-30 07:00:00,3.75,3.93,3.67,3.93,2403400,unknown,vnstock_market_equity_ohlcv
AMD,2022-05-31 07:00:00,3.91,4.1,3.84,3.84,2576500,unknown,vnstock_market_equity_ohlcv
AMD,2022-06-01 07:00:00,3.84,3.92,3.78,3.8,1465300,unknown,vnstock_market_equity_ohlcv
AMD,2022-06-02 07:00:00,3.78,3.84,3.72,3.8,1276400,unknown,vnstock_market_equity_ohlcv
AMD,2022-06-03 07:00:00,3.84,3.84,3.69,3.7,941300,unknown,vnstock_market_equity_ohlcv
AMD,2022-06-06 07:00:00,3.66,3.7,3.45,3.45,3173700,unknown,vnstock_market_equity_ohlcv
AMD,2022-06-07 07:00:00,3.28,3.39,3.21,3.21,3842100,unknown,vnstock_market_equity_ohlcv
AMD,2022-06-08 07:00:00,3.3,3.43,3.3,3.43,1345200,unknown,vnstock_market_equity_ohlcv
AMD,2022-06-09 07:00:00,3.5,3.61,3.48,3.5,1649400,unknown,vnstock_market_equity_ohlcv
AMD,2022-06-10 07:00:00,3.4,3.46,3.26,3.27,2622100,unknown,vnstock_market_equity_ohlcv
AMD,2022-06-13 07:00:00,3.06,3.18,3.05,3.05,2241600,unknown,vnstock_market_equity_ohlcv
AMD,2022-06-14 07:00:00,3.05,3.18,2.86,3.0,1832300,unknown,vnstock_market_equity_ohlcv
AMD,2022-06-15 07:00:00,3.0,3.04,2.79,2.79,2871900,unknown,vnstock_market_equity_ohlcv
AMD,2022-06-16 07:00:00,2.83,2.9,2.79,2.8,1159000,unknown,vnstock_market_equity_ohlcv
AMD,2022-06-17 07:00:00,2.79,2.79,2.61,2.61,2109200,unknown,vnstock_market_equity_ohlcv
AMD,2022-06-20 07:00:00,2.67,2.7,2.43,2.43,1614900,unknown,vnstock_market_equity_ohlcv
AMD,2022-06-21 07:00:00,2.34,2.53,2.31,2.46,1387000,unknown,vnstock_market_equity_ohlcv
AMD,2022-06-22 07:00:00,2.5,2.63,2.5,2.63,1574500,unknown,vnstock_market_equity_ohlcv
AMD,2022-06-23 07:00:00,2.63,2.81,2.62,2.81,1858300,unknown,vnstock_market_equity_ohlcv
AMD,2022-06-24 07:00:00,2.85,3.0,2.83,3.0,3171500,unknown,vnstock_market_equity_ohlcv
AMD,2022-06-27 07:00:00,3.08,3.21,3.0,3.16,2784900,unknown,vnstock_market_equity_ohlcv
AMD,2022-06-28 07:00:00,3.16,3.37,3.02,3.22,2442100,unknown,vnstock_market_equity_ohlcv
AMD,2022-06-29 07:00:00,3.16,3.28,3.08,3.13,2789100,unknown,vnstock_market_equity_ohlcv
AMD,2022-06-30 07:00:00,3.13,3.13,2.92,2.92,2005100,unknown,vnstock_market_equity_ohlcv
AMD,2022-07-01 07:00:00,2.82,3.0,2.72,2.99,1883400,unknown,vnstock_market_equity_ohlcv
AMD,2022-07-04 07:00:00,3.19,3.19,3.16,3.19,1317900,unknown,vnstock_market_equity_ohlcv
AMD,2022-07-05 07:00:00,3.41,3.41,3.3,3.36,6467200,unknown,vnstock_market_equity_ohlcv
AMD,2022-07-06 07:00:00,3.2,3.36,3.19,3.19,1667000,unknown,vnstock_market_equity_ohlcv
AMD,2022-07-07 07:00:00,3.15,3.2,3.04,3.11,981900,unknown,vnstock_market_equity_ohlcv
AMD,2022-07-08 07:00:00,3.15,3.25,3.1,3.12,1447000,unknown,vnstock_market_equity_ohlcv
AMD,2022-07-11 07:00:00,3.12,3.13,2.91,2.98,2388300,unknown,vnstock_market_equity_ohlcv
AMD,2022-07-12 07:00:00,3.15,3.18,3.01,3.18,1227300,unknown,vnstock_market_equity_ohlcv
AMD,2022-07-13 07:00:00,3.18,3.29,3.15,3.17,1309900,unknown,vnstock_market_equity_ohlcv
AMD,2022-07-14 07:00:00,3.15,3.18,3.09,3.17,1139300,unknown,vnstock_market_equity_ohlcv
AMD,2022-07-15 07:00:00,3.18,3.25,3.17,3.19,1442300,unknown,vnstock_market_equity_ohlcv
AMD,2022-07-18 07:00:00,3.2,3.28,3.17,3.19,890500,unknown,vnstock_market_equity_ohlcv
AMD,2022-07-19 07:00:00,3.19,3.22,3.1,3.19,1527200,unknown,vnstock_market_equity_ohlcv
AMD,2022-07-20 07:00:00,3.22,3.35,3.22,3.28,1841800,unknown,vnstock_market_equity_ohlcv
AMD,2022-07-21 07:00:00,3.28,3.31,3.21,3.22,780500,unknown,vnstock_market_equity_ohlcv
AMD,2022-07-22 07:00:00,3.22,3.3,3.2,3.22,1066100,unknown,vnstock_market_equity_ohlcv
AMD,2022-07-25 07:00:00,3.18,3.22,3.15,3.15,1642800,unknown,vnstock_market_equity_ohlcv
AMD,2022-07-26 07:00:00,3.15,3.18,3.12,3.12,790000,unknown,vnstock_market_equity_ohlcv
AMD,2022-07-27 07:00:00,3.1,3.1,2.98,3.06,1557200,unknown,vnstock_market_equity_ohlcv
AMD,2022-07-28 07:00:00,3.1,3.18,3.06,3.08,1275700,unknown,vnstock_market_equity_ohlcv
AMD,2022-07-29 07:00:00,3.1,3.1,3.03,3.03,793200,unknown,vnstock_market_equity_ohlcv
AMD,2022-08-01 07:00:00,3.01,3.13,2.98,3.05,1985900,unknown,vnstock_market_equity_ohlcv
AMD,2022-08-02 07:00:00,3.05,3.26,3.05,3.26,3116200,unknown,vnstock_market_equity_ohlcv
AMD,2022-08-03 07:00:00,3.27,3.27,3.15,3.19,2296900,unknown,vnstock_market_equity_ohlcv
AMD,2022-08-04 07:00:00,3.19,3.21,3.1,3.14,2299500,unknown,vnstock_market_equity_ohlcv
AMD,2022-08-05 07:00:00,3.14,3.15,3.07,3.15,1251600,unknown,vnstock_market_equity_ohlcv
AMD,2022-08-08 07:00:00,3.13,3.14,3.08,3.1,2499000,unknown,vnstock_market_equity_ohlcv
AMD,2022-08-09 07:00:00,3.11,3.2,3.11,3.18,2161900,unknown,vnstock_market_equity_ohlcv
AMD,2022-08-10 07:00:00,3.2,3.3,3.2,3.25,2444200,unknown,vnstock_market_equity_ohlcv
AMD,2022-08-11 07:00:00,3.31,3.33,3.16,3.17,1656400,unknown,vnstock_market_equity_ohlcv
AMD,2022-08-12 07:00:00,3.13,3.21,3.13,3.18,1203000,unknown,vnstock_market_equity_ohlcv
AMD,2022-08-15 07:00:00,3.22,3.22,3.14,3.16,1782800,unknown,vnstock_market_equity_ohlcv
AMD,2022-08-16 07:00:00,3.16,3.2,3.12,3.17,1102700,unknown,vnstock_market_equity_ohlcv
AMD,2022-08-17 07:00:00,3.2,3.21,2.95,2.95,7573300,unknown,vnstock_market_equity_ohlcv
AMD,2022-08-18 07:00:00,2.76,2.9,2.76,2.78,3700100,unknown,vnstock_market_equity_ohlcv
AMD,2022-08-19 07:00:00,2.89,2.97,2.85,2.92,2470300,unknown,vnstock_market_equity_ohlcv
AMD,2022-08-22 07:00:00,2.9,2.92,2.84,2.87,1234900,unknown,vnstock_market_equity_ohlcv
AMD,2022-08-23 07:00:00,2.76,2.9,2.75,2.88,1838600,unknown,vnstock_market_equity_ohlcv
AMD,2022-08-24 07:00:00,2.88,2.93,2.86,2.91,1774800,unknown,vnstock_market_equity_ohlcv
AMD,2022-08-25 07:00:00,2.92,2.93,2.84,2.84,1555200,unknown,vnstock_market_equity_ohlcv
AMD,2022-08-26 07:00:00,2.65,2.73,2.65,2.65,6283100,unknown,vnstock_market_equity_ohlcv
AMD,2022-08-29 07:00:00,2.51,2.54,2.47,2.47,3782700,unknown,vnstock_market_equity_ohlcv
AMD,2022-08-30 07:00:00,2.47,2.56,2.46,2.53,2372100,unknown,vnstock_market_equity_ohlcv
AMD,2022-08-31 07:00:00,2.5,2.53,2.48,2.51,1222700,unknown,vnstock_market_equity_ohlcv
AMD,2022-09-05 07:00:00,2.45,2.46,2.34,2.34,4456200,unknown,vnstock_market_equity_ohlcv
AMD,2022-09-06 07:00:00,2.19,2.3,2.18,2.18,3436500,unknown,vnstock_market_equity_ohlcv
AMD,2022-09-07 07:00:00,2.05,2.17,2.03,2.11,6134400,unknown,vnstock_market_equity_ohlcv
AMD,2022-09-08 07:00:00,2.15,2.25,2.11,2.25,2335500,unknown,vnstock_market_equity_ohlcv
AMD,2022-09-09 07:00:00,2.37,2.4,2.2,2.33,5123000,unknown,vnstock_market_equity_ohlcv
AMD,2022-09-12 07:00:00,2.31,2.37,2.23,2.3,1499800,unknown,vnstock_market_equity_ohlcv
AMD,2022-09-13 07:00:00,2.3,2.31,2.23,2.3,906400,unknown,vnstock_market_equity_ohlcv
AMD,2022-09-14 07:00:00,2.22,2.28,2.17,2.2,2209800,unknown,vnstock_market_equity_ohlcv
AMD,2022-09-15 07:00:00,2.2,2.25,2.1,2.11,1842100,unknown,vnstock_market_equity_ohlcv
AMD,2022-09-16 07:00:00,2.05,2.05,1.97,1.97,7256200,unknown,vnstock_market_equity_ohlcv
AMD,2022-09-19 07:00:00,1.94,1.97,1.84,1.84,2702400,unknown,vnstock_market_equity_ohlcv
AMD,2022-09-20 07:00:00,1.76,1.87,1.76,1.85,2932400,unknown,vnstock_market_equity_ohlcv
AMD,2022-09-21 07:00:00,1.85,1.89,1.77,1.83,1298900,unknown,vnstock_market_equity_ohlcv
AMD,2022-09-22 07:00:00,1.8,1.87,1.75,1.87,2048600,unknown,vnstock_market_equity_ohlcv
AMD,2022-09-23 07:00:00,1.88,1.99,1.8,1.97,3309600,unknown,vnstock_market_equity_ohlcv
AMD,2022-09-26 07:00:00,1.97,1.97,1.85,1.88,1904100,unknown,vnstock_market_equity_ohlcv
AMD,2022-09-27 07:00:00,1.88,1.93,1.86,1.87,789000,unknown,vnstock_market_equity_ohlcv
AMD,2022-09-28 07:00:00,1.89,1.89,1.8,1.8,1468700,unknown,vnstock_market_equity_ohlcv
AMD,2022-09-29 07:00:00,1.84,1.86,1.77,1.78,622500,unknown,vnstock_market_equity_ohlcv
AMD,2022-09-30 07:00:00,1.76,1.79,1.66,1.73,1354900,unknown,vnstock_market_equity_ohlcv
AMD,2022-10-03 07:00:00,1.72,1.72,1.61,1.61,2250400,unknown,vnstock_market_equity_ohlcv
AMD,2022-10-04 07:00:00,1.62,1.69,1.51,1.59,1582300,unknown,vnstock_market_equity_ohlcv
AMD,2022-10-05 07:00:00,1.6,1.63,1.52,1.59,1152900,unknown,vnstock_market_equity_ohlcv
AMD,2022-10-06 07:00:00,1.59,1.61,1.5,1.5,898700,unknown,vnstock_market_equity_ohlcv
AMD,2022-10-07 07:00:00,1.5,1.52,1.4,1.4,1939900,unknown,vnstock_market_equity_ohlcv
AMD,2022-10-10 07:00:00,1.39,1.39,1.32,1.37,1014900,unknown,vnstock_market_equity_ohlcv
AMD,2022-10-11 07:00:00,1.36,1.37,1.28,1.28,1025000,unknown,vnstock_market_equity_ohlcv
AMD,2022-10-12 07:00:00,1.3,1.36,1.28,1.3,1325900,unknown,vnstock_market_equity_ohlcv
AMD,2022-10-13 07:00:00,1.33,1.39,1.32,1.39,1633200,unknown,vnstock_market_equity_ohlcv
AMD,2022-10-14 07:00:00,1.47,1.48,1.45,1.48,1054100,unknown,vnstock_market_equity_ohlcv
AMD,2022-10-17 07:00:00,1.58,1.58,1.58,1.58,862200,unknown,vnstock_market_equity_ohlcv
AMD,2022-10-18 07:00:00,1.69,1.69,1.5,1.62,4646700,unknown,vnstock_market_equity_ohlcv
AMD,2022-10-19 07:00:00,1.51,1.59,1.51,1.51,2471000,unknown,vnstock_market_equity_ohlcv
AMD,2022-10-20 07:00:00,1.41,1.47,1.41,1.41,2646300,unknown,vnstock_market_equity_ohlcv
AMD,2022-10-21 07:00:00,1.35,1.4,1.32,1.32,2708900,unknown,vnstock_market_equity_ohlcv
AMD,2022-10-24 07:00:00,1.23,1.41,1.23,1.23,2090400,unknown,vnstock_market_equity_ohlcv
AMD,2022-10-25 07:00:00,1.23,1.31,1.15,1.3,1441000,unknown,vnstock_market_equity_ohlcv
AMD,2022-10-26 07:00:00,1.3,1.32,1.22,1.28,383800,unknown,vnstock_market_equity_ohlcv
AMD,2022-10-27 07:00:00,1.28,1.36,1.28,1.36,964100,unknown,vnstock_market_equity_ohlcv
AMD,2022-10-28 07:00:00,1.35,1.4,1.27,1.34,761200,unknown,vnstock_market_equity_ohlcv
AMD,2022-10-31 07:00:00,1.31,1.31,1.25,1.27,1791900,unknown,vnstock_market_equity_ohlcv
AMD,2022-11-01 07:00:00,1.27,1.31,1.25,1.25,563200,unknown,vnstock_market_equity_ohlcv
AMD,2022-11-02 07:00:00,1.25,1.33,1.2,1.24,379700,unknown,vnstock_market_equity_ohlcv
AMD,2022-11-03 07:00:00,1.2,1.28,1.18,1.25,754500,unknown,vnstock_market_equity_ohlcv
AMD,2022-11-04 07:00:00,1.24,1.25,1.18,1.2,782600,unknown,vnstock_market_equity_ohlcv
AMD,2022-11-07 07:00:00,1.2,1.21,1.12,1.12,1064700,unknown,vnstock_market_equity_ohlcv
AMD,2022-11-08 07:00:00,1.05,1.12,1.05,1.08,981100,unknown,vnstock_market_equity_ohlcv
AMD,2022-11-09 07:00:00,1.02,1.14,1.02,1.1,449800,unknown,vnstock_market_equity_ohlcv
AMD,2022-11-10 07:00:00,1.05,1.06,1.03,1.03,1539100,unknown,vnstock_market_equity_ohlcv
AMD,2022-11-11 07:00:00,1.03,1.09,0.97,0.99,438900,unknown,vnstock_market_equity_ohlcv
AMD,2022-11-14 07:00:00,0.93,0.98,0.93,0.93,1137500,unknown,vnstock_market_equity_ohlcv
AMD,2022-11-15 07:00:00,0.92,0.92,0.87,0.87,433700,unknown,vnstock_market_equity_ohlcv
AMD,2022-11-16 07:00:00,0.81,0.93,0.81,0.93,827000,unknown,vnstock_market_equity_ohlcv
AMD,2022-11-17 07:00:00,0.92,0.99,0.91,0.99,1168400,unknown,vnstock_market_equity_ohlcv
AMD,2022-11-18 07:00:00,1.05,1.05,0.93,1.05,1923500,unknown,vnstock_market_equity_ohlcv
AMD,2022-11-21 07:00:00,1.05,1.12,1.05,1.12,1467500,unknown,vnstock_market_equity_ohlcv
AMD,2022-11-22 07:00:00,1.19,1.19,1.13,1.15,3304600,unknown,vnstock_market_equity_ohlcv
AMD,2022-11-23 07:00:00,1.15,1.2,1.07,1.07,646800,unknown,vnstock_market_equity_ohlcv
AMD,2022-11-24 07:00:00,1.06,1.1,1.03,1.07,562300,unknown,vnstock_market_equity_ohlcv
AMD,2022-11-25 07:00:00,1.07,1.14,1.07,1.14,720000,unknown,vnstock_market_equity_ohlcv
AMD,2022-11-28 07:00:00,1.16,1.21,1.14,1.21,1812800,unknown,vnstock_market_equity_ohlcv
AMD,2022-11-29 07:00:00,1.2,1.28,1.2,1.24,1186300,unknown,vnstock_market_equity_ohlcv
AMD,2022-11-30 07:00:00,1.23,1.27,1.2,1.24,2627500,unknown,vnstock_market_equity_ohlcv
AMD,2022-12-01 07:00:00,1.23,1.32,1.22,1.24,2567900,unknown,vnstock_market_equity_ohlcv
AMD,2022-12-02 07:00:00,1.24,1.29,1.24,1.27,1885700,unknown,vnstock_market_equity_ohlcv
AMD,2022-12-05 07:00:00,1.26,1.35,1.26,1.35,1674600,unknown,vnstock_market_equity_ohlcv
AMD,2022-12-06 07:00:00,1.34,1.44,1.31,1.33,1882500,unknown,vnstock_market_equity_ohlcv
AMD,2022-12-07 07:00:00,1.32,1.33,1.24,1.24,1334400,unknown,vnstock_market_equity_ohlcv
AMD,2022-12-08 07:00:00,1.24,1.31,1.22,1.22,995600,unknown,vnstock_market_equity_ohlcv
AMD,2022-12-09 07:00:00,1.15,1.25,1.15,1.24,942000,unknown,vnstock_market_equity_ohlcv
AMD,2022-12-12 07:00:00,1.26,1.29,1.2,1.23,1175000,unknown,vnstock_market_equity_ohlcv
AMD,2022-12-13 07:00:00,1.16,1.24,1.16,1.24,876200,unknown,vnstock_market_equity_ohlcv
AMD,2022-12-14 07:00:00,1.23,1.26,1.22,1.24,690900,unknown,vnstock_market_equity_ohlcv
AMD,2022-12-15 07:00:00,1.24,1.25,1.2,1.25,671900,unknown,vnstock_market_equity_ohlcv
AMD,2022-12-16 07:00:00,1.2,1.26,1.2,1.26,600700,unknown,vnstock_market_equity_ohlcv
AMD,2022-12-19 07:00:00,1.24,1.29,1.24,1.26,741200,unknown,vnstock_market_equity_ohlcv
AMD,2022-12-20 07:00:00,1.23,1.24,1.18,1.18,1001500,unknown,vnstock_market_equity_ohlcv
AMD,2022-12-21 07:00:00,1.17,1.18,1.1,1.12,1081900,unknown,vnstock_market_equity_ohlcv
AMD,2022-12-22 07:00:00,1.16,1.16,1.08,1.13,588800,unknown,vnstock_market_equity_ohlcv
AMD,2022-12-23 07:00:00,1.14,1.15,1.1,1.14,345700,unknown,vnstock_market_equity_ohlcv
AMD,2022-12-26 07:00:00,1.14,1.14,1.08,1.09,525400,unknown,vnstock_market_equity_ohlcv
AMD,2022-12-27 07:00:00,1.08,1.13,1.02,1.1,582500,unknown,vnstock_market_equity_ohlcv
AMD,2022-12-28 07:00:00,1.1,1.12,1.09,1.11,201000,unknown,vnstock_market_equity_ohlcv
AMD,2022-12-29 07:00:00,1.11,1.12,1.09,1.11,294600,unknown,vnstock_market_equity_ohlcv
AMD,2022-12-30 07:00:00,1.13,1.14,1.1,1.11,275900,unknown,vnstock_market_equity_ohlcv
BID,2022-05-04 07:00:00,25.0,25.3,24.8,25.0,1561000,unknown,vnstock_market_equity_ohlcv
BID,2022-05-05 07:00:00,25.24,25.64,24.83,25.64,1990600,unknown,vnstock_market_equity_ohlcv
BID,2022-05-06 07:00:00,25.07,25.4,24.83,24.83,1579600,unknown,vnstock_market_equity_ohlcv
BID,2022-05-09 07:00:00,24.56,24.76,23.12,23.12,2414100,unknown,vnstock_market_equity_ohlcv
BID,2022-05-10 07:00:00,22.89,24.09,22.48,24.03,1727600,unknown,vnstock_market_equity_ohlcv
BID,2022-05-11 07:00:00,23.99,24.23,23.52,24.23,862900,unknown,vnstock_market_equity_ohlcv
BID,2022-05-12 07:00:00,23.76,24.03,22.55,22.55,1507900,unknown,vnstock_market_equity_ohlcv
BID,2022-05-13 07:00:00,22.68,22.82,21.34,21.34,2353900,unknown,vnstock_market_equity_ohlcv
BID,2022-05-16 07:00:00,22.28,22.32,21.61,21.61,1280700,unknown,vnstock_market_equity_ohlcv
BID,2022-05-17 07:00:00,21.81,23.12,21.51,23.12,1116800,unknown,vnstock_market_equity_ohlcv
BID,2022-05-18 07:00:00,23.42,23.83,22.95,23.42,1288800,unknown,vnstock_market_equity_ohlcv
BID,2022-05-19 07:00:00,22.82,23.49,22.75,23.26,895100,unknown,vnstock_market_equity_ohlcv
BID,2022-05-20 07:00:00,23.09,23.42,23.02,23.16,1128100,unknown,vnstock_market_equity_ohlcv
BID,2022-05-23 07:00:00,23.09,23.29,22.15,22.38,1002800,unknown,vnstock_market_equity_ohlcv
BID,2022-05-24 07:00:00,22.62,22.72,22.22,22.65,768000,unknown,vnstock_market_equity_ohlcv
BID,2022-05-25 07:00:00,22.82,23.56,22.82,23.42,1066800,unknown,vnstock_market_equity_ohlcv
BID,2022-05-26 07:00:00,23.89,23.99,23.49,23.56,1194100,unknown,vnstock_market_equity_ohlcv
BID,2022-05-27 07:00:00,23.56,23.76,23.42,23.69,891000,unknown,vnstock_market_equity_ohlcv
BID,2022-05-30 07:00:00,23.83,24.06,23.62,23.99,1088100,unknown,vnstock_market_equity_ohlcv
BID,2022-05-31 07:00:00,23.83,23.89,23.49,23.69,1027300,unknown,vnstock_market_equity_ohlcv
BID,2022-06-01 07:00:00,23.56,23.86,23.46,23.59,1071100,unknown,vnstock_market_equity_ohlcv
BID,2022-06-02 07:00:00,23.59,23.62,23.16,23.29,905200,unknown,vnstock_market_equity_ohlcv
BID,2022-06-03 07:00:00,23.29,23.32,22.82,23.05,570700,unknown,vnstock_market_equity_ohlcv
BID,2022-06-06 07:00:00,23.05,23.26,22.68,22.95,918800,unknown,vnstock_market_equity_ohlcv
BID,2022-06-07 07:00:00,22.89,22.95,22.22,22.55,1172500,unknown,vnstock_market_equity_ohlcv
BID,2022-06-08 07:00:00,22.62,23.36,22.58,23.02,982900,unknown,vnstock_market_equity_ohlcv
BID,2022-06-09 07:00:00,23.05,23.32,22.89,23.16,394400,unknown,vnstock_market_equity_ohlcv
BID,2022-06-10 07:00:00,22.85,23.02,22.68,22.68,786000,unknown,vnstock_market_equity_ohlcv
BID,2022-06-13 07:00:00,22.18,22.38,21.44,21.44,1446900,unknown,vnstock_market_equity_ohlcv
BID,2022-06-14 07:00:00,21.41,22.01,20.87,21.68,1178900,unknown,vnstock_market_equity_ohlcv
BID,2022-06-15 07:00:00,21.48,21.81,20.81,21.48,1366100,unknown,vnstock_market_equity_ohlcv
BID,2022-06-16 07:00:00,21.48,22.01,21.48,21.68,1293500,unknown,vnstock_market_equity_ohlcv
BID,2022-06-17 07:00:00,21.44,21.44,20.94,21.21,1218700,unknown,vnstock_market_equity_ohlcv
BID,2022-06-20 07:00:00,21.28,21.34,19.8,19.8,972600,unknown,vnstock_market_equity_ohlcv
BID,2022-06-21 07:00:00,19.53,20.57,19.43,20.34,1403700,unknown,vnstock_market_equity_ohlcv
BID,2022-06-22 07:00:00,20.34,21.21,20.0,20.47,1532700,unknown,vnstock_market_equity_ohlcv
BID,2022-06-23 07:00:00,20.47,20.81,20.17,20.81,422300,unknown,vnstock_market_equity_ohlcv
BID,2022-06-24 07:00:00,20.94,21.64,20.87,20.94,1328200,unknown,vnstock_market_equity_ohlcv
BID,2022-06-27 07:00:00,21.01,21.34,20.91,21.31,826300,unknown,vnstock_market_equity_ohlcv
BID,2022-06-28 07:00:00,21.21,22.78,21.21,22.58,2412700,unknown,vnstock_market_equity_ohlcv
BID,2022-06-29 07:00:00,22.15,23.42,22.15,23.42,2342200,unknown,vnstock_market_equity_ohlcv
BID,2022-06-30 07:00:00,23.49,23.49,22.48,22.48,1498400,unknown,vnstock_market_equity_ohlcv
BID,2022-07-01 07:00:00,22.08,23.96,21.54,23.52,3520700,unknown,vnstock_market_equity_ohlcv
BID,2022-07-04 07:00:00,23.83,23.99,23.42,23.52,1827500,unknown,vnstock_market_equity_ohlcv
BID,2022-07-05 07:00:00,23.52,25.17,23.49,24.36,4933500,unknown,vnstock_market_equity_ohlcv
BID,2022-07-06 07:00:00,24.03,24.76,23.83,23.89,2731600,unknown,vnstock_market_equity_ohlcv
BID,2022-07-07 07:00:00,23.76,24.6,23.02,24.36,2824700,unknown,vnstock_market_equity_ohlcv
BID,2022-07-08 07:00:00,24.43,24.46,23.49,23.49,1979400,unknown,vnstock_market_equity_ohlcv
BID,2022-07-11 07:00:00,23.42,23.59,22.15,23.16,2058500,unknown,vnstock_market_equity_ohlcv
BID,2022-07-12 07:00:00,23.05,24.5,22.95,24.43,1671000,unknown,vnstock_market_equity_ohlcv
BID,2022-07-13 07:00:00,24.3,24.97,24.03,24.2,2657100,unknown,vnstock_market_equity_ohlcv
BID,2022-07-14 07:00:00,24.03,24.76,23.99,24.26,1504200,unknown,vnstock_market_equity_ohlcv
BID,2022-07-15 07:00:00,24.23,24.66,24.03,24.03,1387300,unknown,vnstock_market_equity_ohlcv
BID,2022-07-18 07:00:00,24.16,24.16,23.76,23.83,1698400,unknown,vnstock_market_equity_ohlcv
BID,2022-07-19 07:00:00,23.83,24.06,23.49,23.93,976900,unknown,vnstock_market_equity_ohlcv
BID,2022-07-20 07:00:00,24.3,24.76,24.13,24.43,1587800,unknown,vnstock_market_equity_ohlcv
BID,2022-07-21 07:00:00,24.3,24.73,24.3,24.5,1519100,unknown,vnstock_market_equity_ohlcv
BID,2022-07-22 07:00:00,24.76,24.76,23.83,23.83,1247400,unknown,vnstock_market_equity_ohlcv
BID,2022-07-25 07:00:00,23.83,24.09,23.36,23.76,1196800,unknown,vnstock_market_equity_ohlcv
BID,2022-07-26 07:00:00,24.03,24.16,23.83,23.86,885800,unknown,vnstock_market_equity_ohlcv
BID,2022-07-27 07:00:00,23.86,23.93,23.49,23.86,725200,unknown,vnstock_market_equity_ohlcv
BID,2022-07-28 07:00:00,24.16,24.73,23.96,24.5,2049800,unknown,vnstock_market_equity_ohlcv
BID,2022-07-29 07:00:00,24.63,25.44,24.6,25.03,4174700,unknown,vnstock_market_equity_ohlcv
BID,2022-08-01 07:00:00,25.1,26.18,25.03,26.18,3367400,unknown,vnstock_market_equity_ohlcv
BID,2022-08-02 07:00:00,25.91,26.18,25.64,25.84,1951800,unknown,vnstock_market_equity_ohlcv
BID,2022-08-03 07:00:00,25.47,26.38,25.44,26.38,2146200,unknown,vnstock_market_equity_ohlcv
BID,2022-08-04 07:00:00,26.38,26.61,25.84,26.38,2421700,unknown,vnstock_market_equity_ohlcv
BID,2022-08-05 07:00:00,26.31,26.31,25.84,26.18,1029400,unknown,vnstock_market_equity_ohlcv
BID,2022-08-08 07:00:00,26.18,26.34,25.97,26.04,987900,unknown,vnstock_market_equity_ohlcv
BID,2022-08-09 07:00:00,26.04,26.31,25.91,25.94,1567700,unknown,vnstock_market_equity_ohlcv
BID,2022-08-10 07:00:00,25.84,26.04,25.77,25.77,987000,unknown,vnstock_market_equity_ohlcv
BID,2022-08-11 07:00:00,26.18,26.38,25.64,25.7,1739100,unknown,vnstock_market_equity_ohlcv
BID,2022-08-12 07:00:00,25.7,26.31,25.6,26.31,1639000,unknown,vnstock_market_equity_ohlcv
BID,2022-08-15 07:00:00,26.38,27.62,26.38,27.52,3772200,unknown,vnstock_market_equity_ohlcv
BID,2022-08-16 07:00:00,27.48,27.58,27.18,27.18,981400,unknown,vnstock_market_equity_ohlcv
BID,2022-08-17 07:00:00,27.18,27.25,26.85,26.85,1394900,unknown,vnstock_market_equity_ohlcv
BID,2022-08-18 07:00:00,26.64,26.91,26.58,26.58,1480900,unknown,vnstock_market_equity_ohlcv
BID,2022-08-19 07:00:00,26.54,26.85,26.31,26.41,1451800,unknown,vnstock_market_equity_ohlcv
BID,2022-08-22 07:00:00,26.41,26.41,25.74,25.81,1761800,unknown,vnstock_market_equity_ohlcv
BID,2022-08-23 07:00:00,25.74,26.51,25.64,26.51,1732500,unknown,vnstock_market_equity_ohlcv
BID,2022-08-24 07:00:00,26.64,26.71,26.14,26.38,969800,unknown,vnstock_market_equity_ohlcv
BID,2022-08-25 07:00:00,26.18,26.51,26.14,26.38,1272100,unknown,vnstock_market_equity_ohlcv
BID,2022-08-26 07:00:00,26.38,26.95,26.38,26.44,2006200,unknown,vnstock_market_equity_ohlcv
BID,2022-08-29 07:00:00,25.91,26.38,25.6,26.18,1345400,unknown,vnstock_market_equity_ohlcv
BID,2022-08-30 07:00:00,26.21,27.15,26.18,26.71,2329700,unknown,vnstock_market_equity_ohlcv
BID,2022-08-31 07:00:00,26.71,26.98,26.58,26.85,1622100,unknown,vnstock_market_equity_ohlcv
BID,2022-09-05 07:00:00,26.85,26.88,26.34,26.51,803800,unknown,vnstock_market_equity_ohlcv
BID,2022-09-06 07:00:00,26.51,27.22,26.48,26.88,1779600,unknown,vnstock_market_equity_ohlcv
BID,2022-09-07 07:00:00,26.78,26.78,25.37,25.37,3012000,unknown,vnstock_market_equity_ohlcv
BID,2022-09-08 07:00:00,25.44,25.74,24.56,24.63,2190400,unknown,vnstock_market_equity_ohlcv
BID,2022-09-09 07:00:00,24.63,24.9,24.26,24.83,1111000,unknown,vnstock_market_equity_ohlcv
BID,2022-09-12 07:00:00,24.83,25.17,24.7,24.76,937800,unknown,vnstock_market_equity_ohlcv
BID,2022-09-13 07:00:00,24.76,25.0,24.6,24.7,840200,unknown,vnstock_market_equity_ohlcv
BID,2022-09-14 07:00:00,24.16,24.5,24.13,24.5,933100,unknown,vnstock_market_equity_ohlcv
BID,2022-09-15 07:00:00,24.5,24.7,23.93,23.99,1945600,unknown,vnstock_market_equity_ohlcv
BID,2022-09-16 07:00:00,24.16,24.3,23.83,23.83,974900,unknown,vnstock_market_equity_ohlcv
BID,2022-09-19 07:00:00,23.79,23.79,22.89,22.95,1276000,unknown,vnstock_market_equity_ohlcv
BID,2022-09-20 07:00:00,23.02,23.66,23.02,23.59,1116600,unknown,vnstock_market_equity_ohlcv
BID,2022-09-21 07:00:00,23.36,23.56,23.32,23.32,495400,unknown,vnstock_market_equity_ohlcv
BID,2022-09-22 07:00:00,23.19,23.69,23.12,23.59,977300,unknown,vnstock_market_equity_ohlcv
BID,2022-09-23 07:00:00,23.89,23.89,23.16,23.32,785400,unknown,vnstock_market_equity_ohlcv
BID,2022-09-26 07:00:00,22.89,22.99,21.74,22.42,2016400,unknown,vnstock_market_equity_ohlcv
BID,2022-09-27 07:00:00,22.48,22.85,22.15,22.62,607300,unknown,vnstock_market_equity_ohlcv
BID,2022-09-28 07:00:00,22.62,22.75,22.38,22.48,777900,unknown,vnstock_market_equity_ohlcv
BID,2022-09-29 07:00:00,22.82,22.89,22.45,22.48,1000100,unknown,vnstock_market_equity_ohlcv
BID,2022-09-30 07:00:00,22.01,22.75,21.68,22.75,1817900,unknown,vnstock_market_equity_ohlcv
BID,2022-10-03 07:00:00,22.22,22.55,21.18,21.18,1573400,unknown,vnstock_market_equity_ohlcv
BID,2022-10-04 07:00:00,21.48,21.51,20.74,20.81,1195400,unknown,vnstock_market_equity_ohlcv
BID,2022-10-05 07:00:00,21.34,21.48,21.01,21.34,516100,unknown,vnstock_market_equity_ohlcv
BID,2022-10-06 07:00:00,21.44,21.44,20.81,20.81,915800,unknown,vnstock_market_equity_ohlcv
BID,2022-10-07 07:00:00,20.47,20.54,19.4,19.6,1716300,unknown,vnstock_market_equity_ohlcv
BID,2022-10-10 07:00:00,18.89,20.44,18.79,20.13,1000800,unknown,vnstock_market_equity_ohlcv
BID,2022-10-11 07:00:00,20.13,20.13,19.13,19.13,907900,unknown,vnstock_market_equity_ohlcv
BID,2022-10-12 07:00:00,19.46,20.44,19.26,20.44,1476600,unknown,vnstock_market_equity_ohlcv
BID,2022-10-13 07:00:00,20.5,21.78,20.44,21.78,1413700,unknown,vnstock_market_equity_ohlcv
BID,2022-10-14 07:00:00,22.15,22.28,21.88,22.15,1720800,unknown,vnstock_market_equity_ohlcv
BID,2022-10-17 07:00:00,22.11,22.11,21.28,21.95,1089600,unknown,vnstock_market_equity_ohlcv
BID,2022-10-18 07:00:00,22.15,22.45,21.95,22.01,882400,unknown,vnstock_market_equity_ohlcv
BID,2022-10-19 07:00:00,22.01,22.48,21.74,22.15,753300,unknown,vnstock_market_equity_ohlcv
BID,2022-10-20 07:00:00,21.88,22.82,21.81,22.25,1476300,unknown,vnstock_market_equity_ohlcv
BID,2022-10-21 07:00:00,22.25,22.25,21.54,21.88,1657300,unknown,vnstock_market_equity_ohlcv
BID,2022-10-24 07:00:00,22.11,22.11,20.37,20.37,1374200,unknown,vnstock_market_equity_ohlcv
BID,2022-10-25 07:00:00,20.13,21.78,19.66,21.01,1464500,unknown,vnstock_market_equity_ohlcv
BID,2022-10-26 07:00:00,21.14,21.81,21.01,21.28,684000,unknown,vnstock_market_equity_ohlcv
BID,2022-10-27 07:00:00,21.34,22.75,21.34,22.75,2034500,unknown,vnstock_market_equity_ohlcv
BID,2022-10-28 07:00:00,23.02,23.46,22.68,22.68,2106200,unknown,vnstock_market_equity_ohlcv
BID,2022-10-31 07:00:00,22.68,23.39,22.62,23.19,2663400,unknown,vnstock_market_equity_ohlcv
BID,2022-11-01 07:00:00,23.22,23.59,22.82,22.85,1615200,unknown,vnstock_market_equity_ohlcv
BID,2022-11-02 07:00:00,22.85,23.05,22.52,22.62,1325200,unknown,vnstock_market_equity_ohlcv
BID,2022-11-03 07:00:00,22.25,22.68,22.15,22.15,1125400,unknown,vnstock_market_equity_ohlcv
BID,2022-11-04 07:00:00,22.15,22.58,21.18,22.35,2376600,unknown,vnstock_market_equity_ohlcv
BID,2022-11-07 07:00:00,22.01,22.89,22.01,22.35,1582200,unknown,vnstock_market_equity_ohlcv
BID,2022-11-08 07:00:00,22.15,23.49,22.15,23.42,3079100,unknown,vnstock_market_equity_ohlcv
BID,2022-11-09 07:00:00,23.56,24.7,23.52,24.26,4501700,unknown,vnstock_market_equity_ohlcv
BID,2022-11-10 07:00:00,24.13,24.13,22.58,23.29,2499700,unknown,vnstock_market_equity_ohlcv
BID,2022-11-11 07:00:00,24.16,24.5,23.76,24.16,2165600,unknown,vnstock_market_equity_ohlcv
BID,2022-11-14 07:00:00,23.89,24.76,23.42,24.09,1326800,unknown,vnstock_market_equity_ohlcv
BID,2022-11-15 07:00:00,23.49,23.99,22.42,22.42,1888700,unknown,vnstock_market_equity_ohlcv
BID,2022-11-16 07:00:00,21.41,23.96,21.18,23.96,1603000,unknown,vnstock_market_equity_ohlcv
BID,2022-11-17 07:00:00,24.3,24.5,23.83,23.93,1492200,unknown,vnstock_market_equity_ohlcv
BID,2022-11-18 07:00:00,23.93,24.2,22.82,24.13,1383600,unknown,vnstock_market_equity_ohlcv
BID,2022-11-21 07:00:00,24.5,24.5,23.83,23.83,1285300,unknown,vnstock_market_equity_ohlcv
BID,2022-11-22 07:00:00,23.22,24.66,23.22,24.46,2109100,unknown,vnstock_market_equity_ohlcv
BID,2022-11-23 07:00:00,24.43,25.5,24.13,25.1,2415200,unknown,vnstock_market_equity_ohlcv
BID,2022-11-24 07:00:00,24.97,25.77,24.7,25.5,1789300,unknown,vnstock_market_equity_ohlcv
BID,2022-11-25 07:00:00,25.77,26.85,25.64,26.85,2564400,unknown,vnstock_market_equity_ohlcv
BID,2022-11-28 07:00:00,26.85,27.25,26.18,26.51,2605800,unknown,vnstock_market_equity_ohlcv
BID,2022-11-29 07:00:00,26.51,27.52,26.07,27.52,2549200,unknown,vnstock_market_equity_ohlcv
BID,2022-11-30 07:00:00,27.52,28.39,26.51,27.58,2054900,unknown,vnstock_market_equity_ohlcv
BID,2022-12-01 07:00:00,27.58,27.85,26.18,26.18,1935500,unknown,vnstock_market_equity_ohlcv
BID,2022-12-02 07:00:00,26.18,27.72,26.14,27.65,1503000,unknown,vnstock_market_equity_ohlcv
BID,2022-12-05 07:00:00,27.78,28.19,27.22,27.68,1665800,unknown,vnstock_market_equity_ohlcv
BID,2022-12-06 07:00:00,27.58,27.58,26.24,26.24,2673000,unknown,vnstock_market_equity_ohlcv
BID,2022-12-07 07:00:00,26.51,26.51,25.84,26.18,1797900,unknown,vnstock_market_equity_ohlcv
BID,2022-12-08 07:00:00,26.31,27.65,26.04,26.18,2731500,unknown,vnstock_market_equity_ohlcv
BID,2022-12-09 07:00:00,26.11,26.51,25.7,26.31,1624100,unknown,vnstock_market_equity_ohlcv
BID,2022-12-12 07:00:00,26.44,26.78,25.57,25.57,1983700,unknown,vnstock_market_equity_ohlcv
BID,2022-12-13 07:00:00,25.54,26.51,25.54,25.97,1706400,unknown,vnstock_market_equity_ohlcv
BID,2022-12-14 07:00:00,26.64,26.64,26.04,26.04,659400,unknown,vnstock_market_equity_ohlcv
BID,2022-12-15 07:00:00,25.91,26.74,25.91,26.18,1459900,unknown,vnstock_market_equity_ohlcv
BID,2022-12-16 07:00:00,25.94,26.51,25.94,26.11,1000200,unknown,vnstock_market_equity_ohlcv
BID,2022-12-19 07:00:00,26.04,27.18,26.04,26.04,1917400,unknown,vnstock_market_equity_ohlcv
BID,2022-12-20 07:00:00,26.04,26.18,25.17,25.84,1652700,unknown,vnstock_market_equity_ohlcv
BID,2022-12-21 07:00:00,26.07,26.58,25.81,25.91,1432800,unknown,vnstock_market_equity_ohlcv
BID,2022-12-22 07:00:00,26.07,26.78,26.01,26.18,1335700,unknown,vnstock_market_equity_ohlcv
BID,2022-12-23 07:00:00,26.51,26.51,26.18,26.18,690600,unknown,vnstock_market_equity_ohlcv
BID,2022-12-26 07:00:00,26.18,26.24,26.01,26.04,1255700,unknown,vnstock_market_equity_ohlcv
BID,2022-12-27 07:00:00,26.04,26.85,25.97,26.85,1496000,unknown,vnstock_market_equity_ohlcv
BID,2022-12-28 07:00:00,26.91,28.46,26.58,28.12,3692800,unknown,vnstock_market_equity_ohlcv
BID,2022-12-29 07:00:00,28.19,28.26,26.85,26.85,1265700,unknown,vnstock_market_equity_ohlcv
BID,2022-12-30 07:00:00,27.01,27.85,25.91,25.91,2618200,unknown,vnstock_market_equity_ohlcv
BIG,2022-05-04 07:00:00,14.24,15.03,14.24,14.87,5500,unknown,vnstock_market_equity_ohlcv
BIG,2022-05-05 07:00:00,14.32,14.95,14.01,14.95,700,unknown,vnstock_market_equity_ohlcv
BIG,2022-05-06 07:00:00,14.16,14.16,13.85,13.85,700,unknown,vnstock_market_equity_ohlcv
BIG,2022-05-09 07:00:00,13.77,13.77,13.61,13.61,400,unknown,vnstock_market_equity_ohlcv
BIG,2022-05-10 07:00:00,13.69,13.69,13.22,13.22,1135,unknown,vnstock_market_equity_ohlcv
BIG,2022-05-11 07:00:00,13.38,14.16,13.38,14.16,5000,unknown,vnstock_market_equity_ohlcv
BIG,2022-05-12 07:00:00,14.64,14.71,14.56,14.56,4201,unknown,vnstock_market_equity_ohlcv
BIG,2022-05-13 07:00:00,14.64,15.34,12.51,14.95,7800,unknown,vnstock_market_equity_ohlcv
BIG,2022-05-16 07:00:00,13.77,13.77,13.53,13.53,673,unknown,vnstock_market_equity_ohlcv
BIG,2022-05-17 07:00:00,13.38,14.48,13.38,14.48,3800,unknown,vnstock_market_equity_ohlcv
BIG,2022-05-18 07:00:00,14.48,14.48,13.14,14.08,17100,unknown,vnstock_market_equity_ohlcv
BIG,2022-05-19 07:00:00,14.01,14.01,13.85,13.85,20000,unknown,vnstock_market_equity_ohlcv
BIG,2022-05-20 07:00:00,14.16,14.16,12.67,14.16,30000,unknown,vnstock_market_equity_ohlcv
BIG,2022-05-23 07:00:00,13.93,14.87,12.75,14.4,34100,unknown,vnstock_market_equity_ohlcv
BIG,2022-05-24 07:00:00,12.67,14.32,12.67,14.08,35700,unknown,vnstock_market_equity_ohlcv
BIG,2022-05-25 07:00:00,12.75,14.08,12.75,13.85,21200,unknown,vnstock_market_equity_ohlcv
BIG,2022-05-26 07:00:00,15.89,15.89,12.67,13.38,174000,unknown,vnstock_market_equity_ohlcv
BIG,2022-05-27 07:00:00,13.53,13.53,13.53,13.53,40500,unknown,vnstock_market_equity_ohlcv
BIG,2022-05-30 07:00:00,13.3,14.87,13.3,14.79,28600,unknown,vnstock_market_equity_ohlcv
BIG,2022-05-31 07:00:00,14.64,15.74,13.69,15.5,62200,unknown,vnstock_market_equity_ohlcv
BIG,2022-06-01 07:00:00,15.19,15.19,14.95,15.03,30300,unknown,vnstock_market_equity_ohlcv
BIG,2022-06-02 07:00:00,15.03,15.03,13.38,13.38,25105,unknown,vnstock_market_equity_ohlcv
BIG,2022-06-03 07:00:00,14.71,14.71,14.16,14.16,45200,unknown,vnstock_market_equity_ohlcv
BIG,2022-06-06 07:00:00,13.3,14.56,12.82,13.61,45002,unknown,vnstock_market_equity_ohlcv
BIG,2022-06-07 07:00:00,14.01,14.01,12.98,13.69,43200,unknown,vnstock_market_equity_ohlcv
BIG,2022-06-08 07:00:00,13.85,13.85,12.82,13.38,47300,unknown,vnstock_market_equity_ohlcv
BIG,2022-06-09 07:00:00,13.77,13.77,11.88,13.14,45900,unknown,vnstock_market_equity_ohlcv
BIG,2022-06-10 07:00:00,13.61,13.61,12.98,12.98,43900,unknown,vnstock_market_equity_ohlcv
BIG,2022-06-13 07:00:00,12.98,13.61,11.88,13.3,55500,unknown,vnstock_market_equity_ohlcv
BIG,2022-06-14 07:00:00,13.14,14.95,12.59,13.69,57500,unknown,vnstock_market_equity_ohlcv
BIG,2022-06-15 07:00:00,14.4,14.4,12.59,12.59,46400,unknown,vnstock_market_equity_ohlcv
BIG,2022-06-16 07:00:00,13.69,15.82,12.9,13.3,54600,unknown,vnstock_market_equity_ohlcv
BIG,2022-06-17 07:00:00,15.26,15.26,13.06,13.14,45800,unknown,vnstock_market_equity_ohlcv
BIG,2022-06-20 07:00:00,12.98,14.48,12.75,14.16,59805,unknown,vnstock_market_equity_ohlcv
BIG,2022-06-21 07:00:00,14.08,14.79,12.28,12.51,192600,unknown,vnstock_market_equity_ohlcv
BIG,2022-06-22 07:00:00,13.85,14.32,12.59,14.32,65500,unknown,vnstock_market_equity_ohlcv
BIG,2022-06-23 07:00:00,13.93,13.93,12.28,13.38,55700,unknown,vnstock_market_equity_ohlcv
BIG,2022-06-24 07:00:00,13.3,13.3,12.59,13.06,45500,unknown,vnstock_market_equity_ohlcv
BIG,2022-06-27 07:00:00,13.61,14.95,12.98,12.98,50300,unknown,vnstock_market_equity_ohlcv
BIG,2022-06-28 07:00:00,13.93,14.01,12.82,13.69,60400,unknown,vnstock_market_equity_ohlcv
BIG,2022-06-29 07:00:00,13.61,14.16,12.2,14.16,100600,unknown,vnstock_market_equity_ohlcv
BIG,2022-06-30 07:00:00,13.06,13.85,12.59,13.3,50200,unknown,vnstock_market_equity_ohlcv
BIG,2022-07-01 07:00:00,13.53,14.16,12.82,14.16,59600,unknown,vnstock_market_equity_ohlcv
BIG,2022-07-04 07:00:00,13.38,13.38,11.96,12.67,46400,unknown,vnstock_market_equity_ohlcv
BIG,2022-07-05 07:00:00,13.06,13.06,11.8,12.67,57000,unknown,vnstock_market_equity_ohlcv
BIG,2022-07-06 07:00:00,12.82,12.82,11.8,12.35,32500,unknown,vnstock_market_equity_ohlcv
BIG,2022-07-07 07:00:00,12.59,12.67,11.8,12.51,56800,unknown,vnstock_market_equity_ohlcv
BIG,2022-07-08 07:00:00,12.59,14.56,11.8,13.77,71600,unknown,vnstock_market_equity_ohlcv
BIG,2022-07-11 07:00:00,13.46,14.01,11.96,13.46,56300,unknown,vnstock_market_equity_ohlcv
BIG,2022-07-12 07:00:00,13.14,13.3,11.96,12.9,59000,unknown,vnstock_market_equity_ohlcv
BIG,2022-07-13 07:00:00,12.67,13.22,11.88,13.22,78700,unknown,vnstock_market_equity_ohlcv
BIG,2022-07-14 07:00:00,13.06,13.38,11.8,13.38,91600,unknown,vnstock_market_equity_ohlcv
BIG,2022-07-15 07:00:00,12.9,13.3,11.88,13.22,63100,unknown,vnstock_market_equity_ohlcv
BIG,2022-07-18 07:00:00,12.98,13.06,11.96,13.06,64700,unknown,vnstock_market_equity_ohlcv
BIG,2022-07-19 07:00:00,12.9,14.79,11.8,13.3,93100,unknown,vnstock_market_equity_ohlcv
BIG,2022-07-20 07:00:00,12.98,14.87,11.8,13.38,98900,unknown,vnstock_market_equity_ohlcv
BIG,2022-07-21 07:00:00,14.56,14.87,11.8,13.77,138000,unknown,vnstock_market_equity_ohlcv
BIG,2022-07-22 07:00:00,13.3,14.95,11.88,12.12,98400,unknown,vnstock_market_equity_ohlcv
BIG,2022-07-25 07:00:00,12.9,14.24,11.88,13.3,87500,unknown,vnstock_market_equity_ohlcv
BIG,2022-07-26 07:00:00,13.3,14.71,12.12,12.2,112600,unknown,vnstock_market_equity_ohlcv
BIG,2022-07-27 07:00:00,14.16,15.26,12.12,12.28,125500,unknown,vnstock_market_equity_ohlcv
BIG,2022-07-28 07:00:00,13.69,15.34,12.04,12.28,157700,unknown,vnstock_market_equity_ohlcv
BIG,2022-07-29 07:00:00,13.69,14.87,11.96,13.14,118810,unknown,vnstock_market_equity_ohlcv
BIG,2022-08-01 07:00:00,13.85,15.19,12.2,12.82,119800,unknown,vnstock_market_equity_ohlcv
BIG,2022-08-02 07:00:00,13.3,14.64,12.2,12.43,100900,unknown,vnstock_market_equity_ohlcv
BIG,2022-08-03 07:00:00,14.01,14.71,12.28,12.51,97900,unknown,vnstock_market_equity_ohlcv
BIG,2022-08-04 07:00:00,13.69,13.77,12.28,12.43,73510,unknown,vnstock_market_equity_ohlcv
BIG,2022-08-05 07:00:00,13.3,13.53,12.04,12.59,70500,unknown,vnstock_market_equity_ohlcv
BIG,2022-08-08 07:00:00,12.67,13.3,11.96,12.28,144800,unknown,vnstock_market_equity_ohlcv
BIG,2022-08-09 07:00:00,12.51,12.98,11.49,12.59,67200,unknown,vnstock_market_equity_ohlcv
BIG,2022-08-10 07:00:00,12.51,12.59,10.62,11.8,61900,unknown,vnstock_market_equity_ohlcv
BIG,2022-08-11 07:00:00,11.8,11.8,10.62,11.8,104000,unknown,vnstock_market_equity_ohlcv
BIG,2022-08-12 07:00:00,11.72,12.59,11.49,12.28,70000,unknown,vnstock_market_equity_ohlcv
BIG,2022-08-15 07:00:00,11.88,12.12,11.72,12.12,70800,unknown,vnstock_market_equity_ohlcv
BIG,2022-08-16 07:00:00,11.8,11.96,11.8,11.88,70400,unknown,vnstock_market_equity_ohlcv
BIG,2022-08-17 07:00:00,11.8,11.88,11.33,11.88,62500,unknown,vnstock_market_equity_ohlcv
BIG,2022-08-18 07:00:00,11.88,11.88,11.49,11.72,79600,unknown,vnstock_market_equity_ohlcv
BIG,2022-08-19 07:00:00,11.72,11.8,11.41,11.8,76000,unknown,vnstock_market_equity_ohlcv
BIG,2022-08-22 07:00:00,11.64,11.88,11.49,11.8,91400,unknown,vnstock_market_equity_ohlcv
BIG,2022-08-23 07:00:00,11.72,12.43,11.49,12.43,103100,unknown,vnstock_market_equity_ohlcv
BIG,2022-08-24 07:00:00,11.8,11.88,11.57,11.72,68300,unknown,vnstock_market_equity_ohlcv
BIG,2022-08-25 07:00:00,11.8,12.12,11.64,11.96,72100,unknown,vnstock_market_equity_ohlcv
BIG,2022-08-26 07:00:00,11.88,12.04,11.49,11.96,101200,unknown,vnstock_market_equity_ohlcv
BIG,2022-08-29 07:00:00,11.72,11.88,11.09,11.49,102500,unknown,vnstock_market_equity_ohlcv
BIG,2022-08-30 07:00:00,11.8,11.8,11.17,11.72,82100,unknown,vnstock_market_equity_ohlcv
BIG,2022-08-31 07:00:00,11.64,11.8,11.33,11.8,93200,unknown,vnstock_market_equity_ohlcv
BIG,2022-09-05 07:00:00,11.8,13.3,11.25,11.64,141400,unknown,vnstock_market_equity_ohlcv
BIG,2022-09-06 07:00:00,12.35,12.51,11.41,11.96,166700,unknown,vnstock_market_equity_ohlcv
BIG,2022-09-07 07:00:00,11.72,12.28,11.49,11.8,56900,unknown,vnstock_market_equity_ohlcv
BIG,2022-09-08 07:00:00,11.96,12.2,11.49,11.88,123400,unknown,vnstock_market_equity_ohlcv
BIG,2022-09-09 07:00:00,11.88,11.88,11.49,11.8,79900,unknown,vnstock_market_equity_ohlcv
BIG,2022-09-12 07:00:00,11.8,11.96,11.57,11.8,104200,unknown,vnstock_market_equity_ohlcv
BIG,2022-09-13 07:00:00,11.72,11.72,11.41,11.72,72601,unknown,vnstock_market_equity_ohlcv
BIG,2022-09-14 07:00:00,11.57,11.57,10.94,11.49,111200,unknown,vnstock_market_equity_ohlcv
BIG,2022-09-15 07:00:00,11.02,11.49,10.78,11.41,78322,unknown,vnstock_market_equity_ohlcv
BIG,2022-09-16 07:00:00,10.94,11.41,10.94,11.33,90600,unknown,vnstock_market_equity_ohlcv
BIG,2022-09-19 07:00:00,11.25,11.25,9.99,11.02,170900,unknown,vnstock_market_equity_ohlcv
BIG,2022-09-20 07:00:00,10.7,10.7,9.52,10.62,124200,unknown,vnstock_market_equity_ohlcv
BIG,2022-09-21 07:00:00,10.54,11.02,9.68,10.31,148900,unknown,vnstock_market_equity_ohlcv
BIG,2022-09-22 07:00:00,10.46,10.46,9.44,10.23,108000,unknown,vnstock_market_equity_ohlcv
BIG,2022-09-23 07:00:00,10.23,10.86,9.68,10.31,155200,unknown,vnstock_market_equity_ohlcv
BIG,2022-09-26 07:00:00,10.31,10.94,9.52,9.76,106000,unknown,vnstock_market_equity_ohlcv
BIG,2022-09-27 07:00:00,10.23,10.46,9.6,10.15,120800,unknown,vnstock_market_equity_ohlcv
BIG,2022-09-28 07:00:00,10.07,10.15,9.44,9.44,117600,unknown,vnstock_market_equity_ohlcv
BIG,2022-09-29 07:00:00,9.44,9.99,9.21,9.76,83801,unknown,vnstock_market_equity_ohlcv
BIG,2022-09-30 07:00:00,9.21,9.68,8.81,9.28,54100,unknown,vnstock_market_equity_ohlcv
BIG,2022-10-03 07:00:00,9.44,9.44,8.5,8.73,67900,unknown,vnstock_market_equity_ohlcv
BIG,2022-10-04 07:00:00,8.89,8.89,8.18,8.42,89700,unknown,vnstock_market_equity_ohlcv
BIG,2022-10-05 07:00:00,8.03,8.65,8.03,8.5,58300,unknown,vnstock_market_equity_ohlcv
BIG,2022-10-06 07:00:00,8.65,8.81,8.18,8.58,131900,unknown,vnstock_market_equity_ohlcv
BIG,2022-10-07 07:00:00,8.5,9.84,7.95,9.76,97800,unknown,vnstock_market_equity_ohlcv
BIG,2022-10-10 07:00:00,9.21,9.76,8.73,9.6,103600,unknown,vnstock_market_equity_ohlcv
BIG,2022-10-11 07:00:00,9.68,10.54,9.52,9.84,109700,unknown,vnstock_market_equity_ohlcv
BIG,2022-10-12 07:00:00,10.31,10.78,10.15,10.54,91100,unknown,vnstock_market_equity_ohlcv
BIG,2022-10-13 07:00:00,10.86,11.57,10.7,11.49,94700,unknown,vnstock_market_equity_ohlcv
BIG,2022-10-14 07:00:00,12.04,12.51,11.33,11.8,98000,unknown,vnstock_market_equity_ohlcv
BIG,2022-10-17 07:00:00,12.59,12.9,10.39,12.28,103200,unknown,vnstock_market_equity_ohlcv
BIG,2022-10-18 07:00:00,12.51,12.59,10.31,12.2,107100,unknown,vnstock_market_equity_ohlcv
BIG,2022-10-19 07:00:00,12.12,12.12,10.39,11.49,99900,unknown,vnstock_market_equity_ohlcv
BIG,2022-10-20 07:00:00,10.94,11.02,9.76,9.76,63600,unknown,vnstock_market_equity_ohlcv
BIG,2022-10-21 07:00:00,10.23,10.86,8.97,9.44,77300,unknown,vnstock_market_equity_ohlcv
BIG,2022-10-24 07:00:00,9.76,10.07,8.58,9.52,69200,unknown,vnstock_market_equity_ohlcv
BIG,2022-10-25 07:00:00,9.6,9.76,8.26,9.21,67900,unknown,vnstock_market_equity_ohlcv
BIG,2022-10-26 07:00:00,9.28,9.76,8.03,9.6,181200,unknown,vnstock_market_equity_ohlcv
BIG,2022-10-27 07:00:00,9.13,10.23,9.05,9.76,96700,unknown,vnstock_market_equity_ohlcv
BIG,2022-10-28 07:00:00,10.07,10.62,8.65,10.07,101300,unknown,vnstock_market_equity_ohlcv
BIG,2022-10-31 07:00:00,9.84,9.91,8.65,9.21,50800,unknown,vnstock_market_equity_ohlcv
BIG,2022-11-01 07:00:00,9.28,9.36,8.1,8.81,92500,unknown,vnstock_market_equity_ohlcv
BIG,2022-11-02 07:00:00,8.73,9.13,8.1,8.89,142000,unknown,vnstock_market_equity_ohlcv
BIG,2022-11-03 07:00:00,8.97,9.05,8.1,8.42,49900,unknown,vnstock_market_equity_ohlcv
BIG,2022-11-04 07:00:00,8.26,8.58,7.87,8.5,77900,unknown,vnstock_market_equity_ohlcv
BIG,2022-11-07 07:00:00,8.42,9.36,8.34,8.65,118200,unknown,vnstock_market_equity_ohlcv
BIG,2022-11-08 07:00:00,8.81,9.76,8.81,9.44,114950,unknown,vnstock_market_equity_ohlcv
BIG,2022-11-09 07:00:00,10.46,10.54,9.44,9.91,80000,unknown,vnstock_market_equity_ohlcv
BIG,2022-11-10 07:00:00,10.31,11.02,8.89,8.97,144300,unknown,vnstock_market_equity_ohlcv
BIG,2022-11-11 07:00:00,9.13,10.23,8.81,9.91,82300,unknown,vnstock_market_equity_ohlcv
BIG,2022-11-14 07:00:00,10.15,10.39,8.81,8.89,113200,unknown,vnstock_market_equity_ohlcv
BIG,2022-11-15 07:00:00,9.44,9.52,8.26,8.73,85901,unknown,vnstock_market_equity_ohlcv
BIG,2022-11-16 07:00:00,8.58,9.05,7.79,8.89,70500,unknown,vnstock_market_equity_ohlcv
BIG,2022-11-17 07:00:00,8.73,9.44,8.18,8.73,104300,unknown,vnstock_market_equity_ohlcv
BIG,2022-11-18 07:00:00,8.81,9.05,7.95,8.97,135700,unknown,vnstock_market_equity_ohlcv
BIG,2022-11-21 07:00:00,8.89,8.97,8.03,8.42,63600,unknown,vnstock_market_equity_ohlcv
BIG,2022-11-22 07:00:00,8.42,8.97,8.1,8.73,86300,unknown,vnstock_market_equity_ohlcv
BIG,2022-11-23 07:00:00,9.6,9.6,8.18,8.65,60300,unknown,vnstock_market_equity_ohlcv
BIG,2022-11-24 07:00:00,8.73,8.73,7.95,8.5,64400,unknown,vnstock_market_equity_ohlcv
BIG,2022-11-25 07:00:00,8.26,9.28,8.18,8.81,148500,unknown,vnstock_market_equity_ohlcv
BIG,2022-11-28 07:00:00,8.97,9.84,8.89,9.84,138500,unknown,vnstock_market_equity_ohlcv
BIG,2022-11-29 07:00:00,10.07,10.23,8.73,9.99,108025,unknown,vnstock_market_equity_ohlcv
BIG,2022-11-30 07:00:00,9.99,10.78,8.81,9.68,119900,unknown,vnstock_market_equity_ohlcv
BIG,2022-12-01 07:00:00,9.68,10.07,9.05,9.28,41000,unknown,vnstock_market_equity_ohlcv
BIG,2022-12-02 07:00:00,9.21,9.6,8.73,9.28,67700,unknown,vnstock_market_equity_ohlcv
BIG,2022-12-05 07:00:00,9.21,9.28,8.65,9.05,56000,unknown,vnstock_market_equity_ohlcv
BIG,2022-12-06 07:00:00,8.97,9.13,8.5,8.97,71900,unknown,vnstock_market_equity_ohlcv
BIG,2022-12-07 07:00:00,8.81,8.81,8.03,8.65,107900,unknown,vnstock_market_equity_ohlcv
BIG,2022-12-08 07:00:00,8.34,8.65,8.1,8.65,82500,unknown,vnstock_market_equity_ohlcv
BIG,2022-12-09 07:00:00,8.58,8.97,8.1,8.65,130900,unknown,vnstock_market_equity_ohlcv
BIG,2022-12-12 07:00:00,8.5,8.97,8.18,8.58,99000,unknown,vnstock_market_equity_ohlcv
BIG,2022-12-13 07:00:00,8.58,9.05,8.18,8.5,96600,unknown,vnstock_market_equity_ohlcv
BIG,2022-12-14 07:00:00,8.58,8.89,8.26,8.58,111900,unknown,vnstock_market_equity_ohlcv
BIG,2022-12-15 07:00:00,8.65,8.73,8.18,8.42,54700,unknown,vnstock_market_equity_ohlcv
BIG,2022-12-16 07:00:00,8.34,8.5,8.18,8.34,56100,unknown,vnstock_market_equity_ohlcv
BIG,2022-12-19 07:00:00,8.26,8.34,7.95,8.18,70000,unknown,vnstock_market_equity_ohlcv
BIG,2022-12-20 07:00:00,8.03,8.26,7.24,8.03,75200,unknown,vnstock_market_equity_ohlcv
BIG,2022-12-21 07:00:00,7.95,8.03,7.24,7.79,89500,unknown,vnstock_market_equity_ohlcv
BIG,2022-12-22 07:00:00,7.71,7.79,7.24,7.55,66500,unknown,vnstock_market_equity_ohlcv
BIG,2022-12-23 07:00:00,7.48,7.55,7.32,7.48,32900,unknown,vnstock_market_equity_ohlcv
BIG,2022-12-26 07:00:00,7.48,7.55,6.84,7.32,49200,unknown,vnstock_market_equity_ohlcv
BIG,2022-12-27 07:00:00,7.24,7.32,6.69,7.08,82400,unknown,vnstock_market_equity_ohlcv
BIG,2022-12-28 07:00:00,6.84,7.24,6.77,6.84,78708,unknown,vnstock_market_equity_ohlcv
BIG,2022-12-29 07:00:00,7.0,7.79,6.84,7.16,119000,unknown,vnstock_market_equity_ohlcv
BIG,2022-12-30 07:00:00,7.4,7.55,7.0,7.4,61500,unknown,vnstock_market_equity_ohlcv
CEN,2022-05-04 07:00:00,10.98,11.16,10.62,10.98,318730,unknown,vnstock_market_equity_ohlcv
CEN,2022-05-05 07:00:00,10.98,11.16,9.9,10.71,273200,unknown,vnstock_market_equity_ohlcv
CEN,2022-05-06 07:00:00,10.44,10.44,9.9,9.9,165800,unknown,vnstock_market_equity_ohlcv
CEN,2022-05-09 07:00:00,9.9,9.9,8.73,8.82,301504,unknown,vnstock_market_equity_ohlcv
CEN,2022-05-10 07:00:00,8.82,9.45,8.1,9.36,265300,unknown,vnstock_market_equity_ohlcv
CEN,2022-05-11 07:00:00,9.36,10.08,9.36,10.08,119000,unknown,vnstock_market_equity_ohlcv
CEN,2022-05-12 07:00:00,9.81,10.53,9.09,9.45,180100,unknown,vnstock_market_equity_ohlcv
CEN,2022-05-13 07:00:00,9.63,9.63,8.73,8.91,330304,unknown,vnstock_market_equity_ohlcv
CEN,2022-05-16 07:00:00,9.81,9.81,9.09,9.18,78100,unknown,vnstock_market_equity_ohlcv
CEN,2022-05-17 07:00:00,9.18,10.35,9.18,9.99,188124,unknown,vnstock_market_equity_ohlcv
CEN,2022-05-18 07:00:00,10.17,10.26,9.63,9.81,188700,unknown,vnstock_market_equity_ohlcv
CEN,2022-05-19 07:00:00,9.63,9.63,9.09,9.63,110600,unknown,vnstock_market_equity_ohlcv
CEN,2022-05-20 07:00:00,9.72,9.81,9.18,9.36,180200,unknown,vnstock_market_equity_ohlcv
CEN,2022-05-23 07:00:00,9.45,9.72,9.0,9.18,173500,unknown,vnstock_market_equity_ohlcv
CEN,2022-05-24 07:00:00,9.36,9.45,8.55,9.18,279312,unknown,vnstock_market_equity_ohlcv
CEN,2022-05-25 07:00:00,9.18,9.54,8.91,9.27,256000,unknown,vnstock_market_equity_ohlcv
CEN,2022-05-26 07:00:00,9.27,9.54,9.09,9.45,283800,unknown,vnstock_market_equity_ohlcv
CEN,2022-05-27 07:00:00,9.45,10.44,9.36,10.26,642600,unknown,vnstock_market_equity_ohlcv
CEN,2022-05-30 07:00:00,10.26,11.07,10.26,11.07,517511,unknown,vnstock_market_equity_ohlcv
CEN,2022-05-31 07:00:00,10.89,11.25,10.53,11.16,432660,unknown,vnstock_market_equity_ohlcv
CEN,2022-06-01 07:00:00,10.89,11.79,10.89,11.52,336654,unknown,vnstock_market_equity_ohlcv
CEN,2022-06-02 07:00:00,11.16,11.52,10.98,11.07,313018,unknown,vnstock_market_equity_ohlcv
CEN,2022-06-03 07:00:00,11.07,12.42,11.07,11.43,429100,unknown,vnstock_market_equity_ohlcv
CEN,2022-06-06 07:00:00,11.7,12.24,11.16,11.25,288930,unknown,vnstock_market_equity_ohlcv
CEN,2022-06-07 07:00:00,11.61,12.06,10.53,11.61,340500,unknown,vnstock_market_equity_ohlcv
CEN,2022-06-08 07:00:00,11.7,12.06,11.07,11.34,191400,unknown,vnstock_market_equity_ohlcv
CEN,2022-06-09 07:00:00,11.07,11.43,10.98,11.16,199900,unknown,vnstock_market_equity_ohlcv
CEN,2022-06-10 07:00:00,11.16,11.43,10.08,10.35,243800,unknown,vnstock_market_equity_ohlcv
CEN,2022-06-13 07:00:00,10.35,12.42,10.35,11.7,578500,unknown,vnstock_market_equity_ohlcv
CEN,2022-06-14 07:00:00,11.34,11.88,10.53,10.53,407101,unknown,vnstock_market_equity_ohlcv
CEN,2022-06-15 07:00:00,12.0,12.9,11.5,11.9,302000,unknown,vnstock_market_equity_ohlcv
CEN,2022-06-16 07:00:00,12.9,13.1,11.7,12.1,286200,unknown,vnstock_market_equity_ohlcv
CEN,2022-06-17 07:00:00,12.1,13.0,11.1,11.4,323039,unknown,vnstock_market_equity_ohlcv
CEN,2022-06-20 07:00:00,11.9,12.5,10.3,10.5,321100,unknown,vnstock_market_equity_ohlcv
CEN,2022-06-21 07:00:00,10.0,10.9,9.8,10.2,219057,unknown,vnstock_market_equity_ohlcv
CEN,2022-06-22 07:00:00,10.4,10.9,10.0,10.2,179900,unknown,vnstock_market_equity_ohlcv
CEN,2022-06-23 07:00:00,10.6,10.7,10.4,10.5,114800,unknown,vnstock_market_equity_ohlcv
CEN,2022-06-24 07:00:00,10.6,11.0,10.4,10.4,224500,unknown,vnstock_market_equity_ohlcv
CEN,2022-06-27 07:00:00,11.0,11.1,10.4,10.8,229900,unknown,vnstock_market_equity_ohlcv
CEN,2022-06-28 07:00:00,10.9,11.2,10.6,10.9,448931,unknown,vnstock_market_equity_ohlcv
CEN,2022-06-29 07:00:00,11.2,11.3,10.6,10.9,284000,unknown,vnstock_market_equity_ohlcv
CEN,2022-06-30 07:00:00,11.1,11.3,10.5,10.8,274300,unknown,vnstock_market_equity_ohlcv
CEN,2022-07-01 07:00:00,11.1,11.1,10.1,10.5,233500,unknown,vnstock_market_equity_ohlcv
CEN,2022-07-04 07:00:00,10.8,11.0,10.5,10.7,318100,unknown,vnstock_market_equity_ohlcv
CEN,2022-07-05 07:00:00,10.9,11.1,10.3,10.5,218400,unknown,vnstock_market_equity_ohlcv
CEN,2022-07-06 07:00:00,10.8,10.9,10.0,10.3,296350,unknown,vnstock_market_equity_ohlcv
CEN,2022-07-07 07:00:00,10.5,10.6,9.9,10.0,262500,unknown,vnstock_market_equity_ohlcv
CEN,2022-07-08 07:00:00,10.1,10.2,9.9,9.9,218000,unknown,vnstock_market_equity_ohlcv
CEN,2022-07-11 07:00:00,10.1,10.2,9.9,10.0,105707,unknown,vnstock_market_equity_ohlcv
CEN,2022-07-12 07:00:00,10.1,10.3,9.9,10.2,596600,unknown,vnstock_market_equity_ohlcv
CEN,2022-07-13 07:00:00,10.2,11.0,10.1,10.3,740900,unknown,vnstock_market_equity_ohlcv
CEN,2022-07-14 07:00:00,10.6,10.6,10.0,10.2,506800,unknown,vnstock_market_equity_ohlcv
CEN,2022-07-15 07:00:00,10.3,10.4,10.0,10.2,438101,unknown,vnstock_market_equity_ohlcv
CEN,2022-07-18 07:00:00,10.4,11.0,10.1,10.3,691411,unknown,vnstock_market_equity_ohlcv
CEN,2022-07-19 07:00:00,10.3,10.4,10.2,10.2,142500,unknown,vnstock_market_equity_ohlcv
CEN,2022-07-20 07:00:00,10.2,10.4,10.2,10.3,163900,unknown,vnstock_market_equity_ohlcv
CEN,2022-07-21 07:00:00,10.3,10.3,10.1,10.1,176200,unknown,vnstock_market_equity_ohlcv
CEN,2022-07-22 07:00:00,10.3,10.3,10.0,10.1,189100,unknown,vnstock_market_equity_ohlcv
CEN,2022-07-25 07:00:00,10.0,10.0,9.4,9.6,318800,unknown,vnstock_market_equity_ohlcv
CEN,2022-07-26 07:00:00,9.5,9.6,8.9,9.0,275500,unknown,vnstock_market_equity_ohlcv
CEN,2022-07-27 07:00:00,9.0,9.6,8.6,9.1,183000,unknown,vnstock_market_equity_ohlcv
CEN,2022-07-28 07:00:00,9.3,9.6,9.3,9.6,175300,unknown,vnstock_market_equity_ohlcv
CEN,2022-07-29 07:00:00,9.6,10.2,9.4,9.6,404900,unknown,vnstock_market_equity_ohlcv
CEN,2022-08-01 07:00:00,9.8,9.8,9.3,9.5,168300,unknown,vnstock_market_equity_ohlcv
CEN,2022-08-02 07:00:00,9.7,10.1,9.6,10.1,582700,unknown,vnstock_market_equity_ohlcv
CEN,2022-08-03 07:00:00,10.1,10.3,9.9,10.1,455000,unknown,vnstock_market_equity_ohlcv
CEN,2022-08-04 07:00:00,10.1,10.4,10.0,10.1,380700,unknown,vnstock_market_equity_ohlcv
CEN,2022-08-05 07:00:00,10.1,10.2,9.9,10.2,374101,unknown,vnstock_market_equity_ohlcv
CEN,2022-08-08 07:00:00,10.2,10.5,10.1,10.5,725600,unknown,vnstock_market_equity_ohlcv
CEN,2022-08-09 07:00:00,10.2,10.7,10.2,10.6,427000,unknown,vnstock_market_equity_ohlcv
CEN,2022-08-10 07:00:00,10.6,11.2,10.6,11.0,674100,unknown,vnstock_market_equity_ohlcv
CEN,2022-08-11 07:00:00,11.0,11.6,10.9,11.0,864000,unknown,vnstock_market_equity_ohlcv
CEN,2022-08-12 07:00:00,10.9,10.9,10.5,10.8,380610,unknown,vnstock_market_equity_ohlcv
CEN,2022-08-15 07:00:00,10.7,11.0,10.6,10.6,324900,unknown,vnstock_market_equity_ohlcv
CEN,2022-08-16 07:00:00,10.6,10.6,10.3,10.4,449500,unknown,vnstock_market_equity_ohlcv
CEN,2022-08-17 07:00:00,10.4,10.5,10.1,10.2,320500,unknown,vnstock_market_equity_ohlcv
CEN,2022-08-18 07:00:00,10.1,10.3,10.0,10.2,317800,unknown,vnstock_market_equity_ohlcv
CEN,2022-08-19 07:00:00,10.1,10.2,10.0,10.1,137100,unknown,vnstock_market_equity_ohlcv
CEN,2022-08-22 07:00:00,10.0,10.0,9.6,9.7,383011,unknown,vnstock_market_equity_ohlcv
CEN,2022-08-23 07:00:00,9.6,10.3,9.5,10.3,257416,unknown,vnstock_market_equity_ohlcv
CEN,2022-08-24 07:00:00,10.1,10.3,10.0,10.1,164500,unknown,vnstock_market_equity_ohlcv
CEN,2022-08-25 07:00:00,10.0,10.2,9.9,10.0,217200,unknown,vnstock_market_equity_ohlcv
CEN,2022-08-26 07:00:00,10.0,10.3,9.8,10.0,335000,unknown,vnstock_market_equity_ohlcv
CEN,2022-08-29 07:00:00,9.9,10.0,9.7,9.9,267600,unknown,vnstock_market_equity_ohlcv
CEN,2022-08-30 07:00:00,10.2,10.6,9.7,9.8,200100,unknown,vnstock_market_equity_ohlcv
CEN,2022-08-31 07:00:00,9.8,9.8,9.6,9.7,109011,unknown,vnstock_market_equity_ohlcv
CEN,2022-09-05 07:00:00,9.7,9.8,9.5,9.6,115839,unknown,vnstock_market_equity_ohlcv
CEN,2022-09-06 07:00:00,9.6,9.7,9.5,9.6,101390,unknown,vnstock_market_equity_ohlcv
CEN,2022-09-07 07:00:00,9.6,9.6,9.2,9.5,197000,unknown,vnstock_market_equity_ohlcv
CEN,2022-09-08 07:00:00,9.4,9.6,9.4,9.5,292405,unknown,vnstock_market_equity_ohlcv
CEN,2022-09-09 07:00:00,9.6,10.9,9.6,10.0,770600,unknown,vnstock_market_equity_ohlcv
CEN,2022-09-12 07:00:00,10.2,10.6,10.0,10.2,1154457,unknown,vnstock_market_equity_ohlcv
CEN,2022-09-13 07:00:00,10.3,10.5,9.9,10.1,1239365,unknown,vnstock_market_equity_ohlcv
CEN,2022-09-14 07:00:00,10.1,10.4,9.7,10.0,1223710,unknown,vnstock_market_equity_ohlcv
CEN,2022-09-15 07:00:00,10.2,10.4,9.7,9.9,704274,unknown,vnstock_market_equity_ohlcv
CEN,2022-09-16 07:00:00,10.0,10.2,9.5,9.7,545635,unknown,vnstock_market_equity_ohlcv
CEN,2022-09-19 07:00:00,9.8,10.2,9.2,9.4,506801,unknown,vnstock_market_equity_ohlcv
CEN,2022-09-20 07:00:00,9.6,9.8,9.2,9.3,906810,unknown,vnstock_market_equity_ohlcv
CEN,2022-09-21 07:00:00,9.6,9.7,9.2,9.3,507800,unknown,vnstock_market_equity_ohlcv
CEN,2022-09-22 07:00:00,9.4,9.5,8.8,9.1,1219903,unknown,vnstock_market_equity_ohlcv
CEN,2022-09-23 07:00:00,9.1,9.1,8.5,8.7,752950,unknown,vnstock_market_equity_ohlcv
CEN,2022-09-26 07:00:00,8.6,8.9,7.4,7.5,1481400,unknown,vnstock_market_equity_ohlcv
CEN,2022-09-27 07:00:00,7.5,7.8,7.2,7.8,396000,unknown,vnstock_market_equity_ohlcv
CEN,2022-09-28 07:00:00,7.7,8.5,7.3,7.6,1616574,unknown,vnstock_market_equity_ohlcv
CEN,2022-09-29 07:00:00,7.8,7.9,7.2,7.3,250825,unknown,vnstock_market_equity_ohlcv
CEN,2022-09-30 07:00:00,7.3,7.3,6.3,6.6,891502,unknown,vnstock_market_equity_ohlcv
CEN,2022-10-03 07:00:00,6.6,7.1,5.9,6.1,753462,unknown,vnstock_market_equity_ohlcv
CEN,2022-10-04 07:00:00,6.3,6.6,5.6,5.7,1215905,unknown,vnstock_market_equity_ohlcv
CEN,2022-10-05 07:00:00,5.9,6.0,5.6,5.9,311569,unknown,vnstock_market_equity_ohlcv
CEN,2022-10-06 07:00:00,5.8,5.9,5.1,5.3,474759,unknown,vnstock_market_equity_ohlcv
CEN,2022-10-07 07:00:00,5.4,5.4,4.6,4.6,595683,unknown,vnstock_market_equity_ohlcv
CEN,2022-10-10 07:00:00,4.6,4.8,4.2,4.7,279106,unknown,vnstock_market_equity_ohlcv
CEN,2022-10-11 07:00:00,4.5,4.7,4.0,4.2,266741,unknown,vnstock_market_equity_ohlcv
CEN,2022-10-12 07:00:00,4.1,4.7,4.1,4.4,215602,unknown,vnstock_market_equity_ohlcv
CEN,2022-10-13 07:00:00,4.4,4.5,4.3,4.4,168900,unknown,vnstock_market_equity_ohlcv
CEN,2022-10-14 07:00:00,4.5,4.8,4.5,4.8,456106,unknown,vnstock_market_equity_ohlcv
CEN,2022-10-17 07:00:00,4.8,5.0,4.7,4.9,327310,unknown,vnstock_market_equity_ohlcv
CEN,2022-10-18 07:00:00,4.9,5.5,4.9,5.5,971400,unknown,vnstock_market_equity_ohlcv
CEN,2022-10-19 07:00:00,5.6,5.6,5.0,5.1,318173,unknown,vnstock_market_equity_ohlcv
CEN,2022-10-20 07:00:00,5.1,5.1,4.9,5.0,254018,unknown,vnstock_market_equity_ohlcv
CEN,2022-10-21 07:00:00,4.9,5.0,4.5,4.6,381200,unknown,vnstock_market_equity_ohlcv
CEN,2022-10-24 07:00:00,4.7,4.7,4.0,4.1,391420,unknown,vnstock_market_equity_ohlcv
CEN,2022-10-25 07:00:00,4.1,4.4,3.9,4.2,204500,unknown,vnstock_market_equity_ohlcv
CEN,2022-10-26 07:00:00,4.3,4.4,4.2,4.3,272355,unknown,vnstock_market_equity_ohlcv
CEN,2022-10-27 07:00:00,4.3,4.6,4.2,4.5,331200,unknown,vnstock_market_equity_ohlcv
CEN,2022-10-28 07:00:00,4.5,4.7,4.4,4.5,342781,unknown,vnstock_market_equity_ohlcv
CEN,2022-10-31 07:00:00,4.4,4.5,4.2,4.3,185150,unknown,vnstock_market_equity_ohlcv
CEN,2022-11-01 07:00:00,4.3,4.4,4.3,4.3,194100,unknown,vnstock_market_equity_ohlcv
CEN,2022-11-02 07:00:00,4.3,4.4,4.2,4.4,137910,unknown,vnstock_market_equity_ohlcv
CEN,2022-11-03 07:00:00,4.3,4.3,4.1,4.3,194100,unknown,vnstock_market_equity_ohlcv
CEN,2022-11-04 07:00:00,4.2,4.2,3.7,3.8,578000,unknown,vnstock_market_equity_ohlcv
CEN,2022-11-07 07:00:00,3.8,3.9,3.4,3.4,349835,unknown,vnstock_market_equity_ohlcv
CEN,2022-11-08 07:00:00,3.4,3.6,3.2,3.5,144800,unknown,vnstock_market_equity_ohlcv
CEN,2022-11-09 07:00:00,3.4,3.6,3.4,3.5,186900,unknown,vnstock_market_equity_ohlcv
CEN,2022-11-10 07:00:00,3.4,3.4,3.0,3.2,395000,unknown,vnstock_market_equity_ohlcv
CEN,2022-11-11 07:00:00,3.1,3.3,3.0,3.1,194600,unknown,vnstock_market_equity_ohlcv
CEN,2022-11-14 07:00:00,3.5,3.5,2.7,2.9,208000,unknown,vnstock_market_equity_ohlcv
CEN,2022-11-15 07:00:00,2.7,2.7,2.4,2.4,408300,unknown,vnstock_market_equity_ohlcv
CEN,2022-11-16 07:00:00,2.5,2.7,2.1,2.7,398610,unknown,vnstock_market_equity_ohlcv
CEN,2022-11-17 07:00:00,2.6,2.7,2.6,2.7,357800,unknown,vnstock_market_equity_ohlcv
CEN,2022-11-18 07:00:00,3.0,3.1,2.8,3.1,534500,unknown,vnstock_market_equity_ohlcv
CEN,2022-11-21 07:00:00,3.1,3.4,3.1,3.4,658587,unknown,vnstock_market_equity_ohlcv
CEN,2022-11-22 07:00:00,3.6,3.9,3.5,3.9,444200,unknown,vnstock_market_equity_ohlcv
CEN,2022-11-23 07:00:00,3.9,4.0,3.3,3.3,421376,unknown,vnstock_market_equity_ohlcv
CEN,2022-11-24 07:00:00,3.3,3.5,3.0,3.3,368701,unknown,vnstock_market_equity_ohlcv
CEN,2022-11-25 07:00:00,3.4,3.6,3.4,3.6,304304,unknown,vnstock_market_equity_ohlcv
CEN,2022-11-28 07:00:00,3.7,4.1,3.7,4.1,305281,unknown,vnstock_market_equity_ohlcv
CEN,2022-11-29 07:00:00,4.6,4.6,4.0,4.4,539390,unknown,vnstock_market_equity_ohlcv
CEN,2022-11-30 07:00:00,4.3,4.4,4.1,4.3,498081,unknown,vnstock_market_equity_ohlcv
CEN,2022-12-01 07:00:00,4.4,4.8,4.2,4.4,937909,unknown,vnstock_market_equity_ohlcv
CEN,2022-12-02 07:00:00,4.4,4.6,4.1,4.5,615818,unknown,vnstock_market_equity_ohlcv
CEN,2022-12-05 07:00:00,4.4,4.8,4.4,4.6,454601,unknown,vnstock_market_equity_ohlcv
CEN,2022-12-06 07:00:00,4.7,4.8,4.2,4.2,838200,unknown,vnstock_market_equity_ohlcv
CEN,2022-12-07 07:00:00,4.2,4.3,3.8,3.9,654400,unknown,vnstock_market_equity_ohlcv
CEN,2022-12-08 07:00:00,3.7,4.3,3.7,4.0,319902,unknown,vnstock_market_equity_ohlcv
CEN,2022-12-09 07:00:00,4.1,4.2,4.0,4.2,142213,unknown,vnstock_market_equity_ohlcv
CEN,2022-12-12 07:00:00,4.2,4.3,3.9,4.0,363495,unknown,vnstock_market_equity_ohlcv
CEN,2022-12-13 07:00:00,4.0,4.1,3.7,4.0,308200,unknown,vnstock_market_equity_ohlcv
CEN,2022-12-14 07:00:00,4.0,4.4,4.0,4.4,571350,unknown,vnstock_market_equity_ohlcv
CEN,2022-12-15 07:00:00,4.6,4.6,4.2,4.4,223155,unknown,vnstock_market_equity_ohlcv
CEN,2022-12-16 07:00:00,4.4,4.4,4.1,4.3,167100,unknown,vnstock_market_equity_ohlcv
CEN,2022-12-19 07:00:00,4.3,4.4,4.1,4.1,252300,unknown,vnstock_market_equity_ohlcv
CEN,2022-12-20 07:00:00,4.1,4.1,3.6,3.7,699004,unknown,vnstock_market_equity_ohlcv
CEN,2022-12-21 07:00:00,3.7,3.7,3.3,3.6,167916,unknown,vnstock_market_equity_ohlcv
CEN,2022-12-22 07:00:00,3.6,3.8,3.5,3.7,108801,unknown,vnstock_market_equity_ohlcv
CEN,2022-12-23 07:00:00,3.7,3.7,3.5,3.6,44400,unknown,vnstock_market_equity_ohlcv
CEN,2022-12-26 07:00:00,3.6,3.6,3.2,3.2,111908,unknown,vnstock_market_equity_ohlcv
CEN,2022-12-27 07:00:00,3.3,3.6,3.2,3.5,124600,unknown,vnstock_market_equity_ohlcv
CEN,2022-12-28 07:00:00,3.5,3.6,3.5,3.5,98652,unknown,vnstock_market_equity_ohlcv
CEN,2022-12-29 07:00:00,3.6,3.6,3.3,3.4,70400,unknown,vnstock_market_equity_ohlcv
CEN,2022-12-30 07:00:00,3.5,3.5,3.4,3.4,49600,unknown,vnstock_market_equity_ohlcv
CTG,2022-05-04 07:00:00,16.78,16.93,16.26,16.32,4604700,unknown,vnstock_market_equity_ohlcv
CTG,2022-05-05 07:00:00,16.57,16.87,16.32,16.87,4604600,unknown,vnstock_market_equity_ohlcv
CTG,2022-05-06 07:00:00,16.5,16.87,16.32,16.32,2335600,unknown,vnstock_market_equity_ohlcv
CTG,2022-05-09 07:00:00,16.14,16.2,15.2,15.2,5432800,unknown,vnstock_market_equity_ohlcv
CTG,2022-05-10 07:00:00,14.51,15.3,14.51,15.24,6494400,unknown,vnstock_market_equity_ohlcv
CTG,2022-05-11 07:00:00,15.33,16.26,15.24,16.14,5667100,unknown,vnstock_market_equity_ohlcv
CTG,2022-05-12 07:00:00,15.75,16.08,15.02,15.12,6370800,unknown,vnstock_market_equity_ohlcv
CTG,2022-05-13 07:00:00,15.12,15.2,14.21,14.45,8034400,unknown,vnstock_market_equity_ohlcv
CTG,2022-05-16 07:00:00,15.12,15.33,14.81,14.84,5223400,unknown,vnstock_market_equity_ohlcv
CTG,2022-05-17 07:00:00,14.75,15.87,14.75,15.87,5909200,unknown,vnstock_market_equity_ohlcv
CTG,2022-05-18 07:00:00,16.05,16.48,15.9,16.08,6426500,unknown,vnstock_market_equity_ohlcv
CTG,2022-05-19 07:00:00,15.72,15.96,15.6,15.78,4270100,unknown,vnstock_market_equity_ohlcv
CTG,2022-05-20 07:00:00,15.78,15.99,15.63,15.66,5051800,unknown,vnstock_market_equity_ohlcv
CTG,2022-05-23 07:00:00,15.69,15.84,15.12,15.12,4208800,unknown,vnstock_market_equity_ohlcv
CTG,2022-05-24 07:00:00,15.12,15.72,15.12,15.72,4449100,unknown,vnstock_market_equity_ohlcv
CTG,2022-05-25 07:00:00,15.72,16.32,15.72,16.26,4502000,unknown,vnstock_market_equity_ohlcv
CTG,2022-05-26 07:00:00,16.48,16.48,16.05,16.14,3780600,unknown,vnstock_market_equity_ohlcv
CTG,2022-05-27 07:00:00,16.32,16.48,16.14,16.32,3929200,unknown,vnstock_market_equity_ohlcv
CTG,2022-05-30 07:00:00,16.35,16.57,16.32,16.5,2818400,unknown,vnstock_market_equity_ohlcv
CTG,2022-05-31 07:00:00,16.35,16.9,16.32,16.87,6057500,unknown,vnstock_market_equity_ohlcv
CTG,2022-06-01 07:00:00,16.66,16.93,16.63,16.78,4137200,unknown,vnstock_market_equity_ohlcv
CTG,2022-06-02 07:00:00,16.78,16.93,16.5,16.78,4391900,unknown,vnstock_market_equity_ohlcv
CTG,2022-06-03 07:00:00,16.57,16.69,16.23,16.57,2219500,unknown,vnstock_market_equity_ohlcv
CTG,2022-06-06 07:00:00,16.57,16.78,16.44,16.44,3756100,unknown,vnstock_market_equity_ohlcv
CTG,2022-06-07 07:00:00,16.44,16.57,16.02,16.57,2889500,unknown,vnstock_market_equity_ohlcv
CTG,2022-06-08 07:00:00,16.57,16.99,16.5,16.75,5333400,unknown,vnstock_market_equity_ohlcv
CTG,2022-06-09 07:00:00,16.87,16.87,16.63,16.75,2574700,unknown,vnstock_market_equity_ohlcv
CTG,2022-06-10 07:00:00,16.63,16.69,16.38,16.38,3096400,unknown,vnstock_market_equity_ohlcv
CTG,2022-06-13 07:00:00,16.02,16.08,15.27,15.27,6906600,unknown,vnstock_market_equity_ohlcv
CTG,2022-06-14 07:00:00,15.12,15.57,14.93,15.27,2866700,unknown,vnstock_market_equity_ohlcv
CTG,2022-06-15 07:00:00,15.12,15.36,14.54,14.81,3205400,unknown,vnstock_market_equity_ohlcv
CTG,2022-06-16 07:00:00,14.99,15.24,14.81,14.93,2216700,unknown,vnstock_market_equity_ohlcv
CTG,2022-06-17 07:00:00,14.51,14.6,13.94,14.24,3151800,unknown,vnstock_market_equity_ohlcv
CTG,2022-06-20 07:00:00,14.15,14.42,13.66,13.66,4733900,unknown,vnstock_market_equity_ohlcv
CTG,2022-06-21 07:00:00,13.6,14.24,13.6,13.94,4588400,unknown,vnstock_market_equity_ohlcv
CTG,2022-06-22 07:00:00,14.12,14.51,14.12,14.27,2772500,unknown,vnstock_market_equity_ohlcv
CTG,2022-06-23 07:00:00,14.21,15.27,14.21,15.27,4669100,unknown,vnstock_market_equity_ohlcv
CTG,2022-06-24 07:00:00,15.27,15.42,14.93,14.96,2945000,unknown,vnstock_market_equity_ohlcv
CTG,2022-06-27 07:00:00,14.96,15.51,14.93,15.48,3897800,unknown,vnstock_market_equity_ohlcv
CTG,2022-06-28 07:00:00,15.42,16.54,15.08,16.14,8843000,unknown,vnstock_market_equity_ohlcv
CTG,2022-06-29 07:00:00,16.05,16.32,16.05,16.23,3769100,unknown,vnstock_market_equity_ohlcv
CTG,2022-06-30 07:00:00,16.2,16.29,15.78,15.81,2996800,unknown,vnstock_market_equity_ohlcv
CTG,2022-07-01 07:00:00,15.84,16.32,15.45,16.29,3534400,unknown,vnstock_market_equity_ohlcv
CTG,2022-07-04 07:00:00,16.41,16.41,16.08,16.08,4009200,unknown,vnstock_market_equity_ohlcv
CTG,2022-07-05 07:00:00,16.05,16.63,16.05,16.32,4934900,unknown,vnstock_market_equity_ohlcv
CTG,2022-07-06 07:00:00,15.87,16.26,15.6,15.63,4211400,unknown,vnstock_market_equity_ohlcv
CTG,2022-07-07 07:00:00,15.66,16.2,15.6,15.9,3333500,unknown,vnstock_market_equity_ohlcv
CTG,2022-07-08 07:00:00,16.02,16.11,15.57,15.66,2655300,unknown,vnstock_market_equity_ohlcv
CTG,2022-07-11 07:00:00,15.63,15.63,15.39,15.42,2432300,unknown,vnstock_market_equity_ohlcv
CTG,2022-07-12 07:00:00,15.42,15.72,15.36,15.54,3615500,unknown,vnstock_market_equity_ohlcv
CTG,2022-07-13 07:00:00,15.57,16.29,15.57,16.05,3868900,unknown,vnstock_market_equity_ohlcv
CTG,2022-07-14 07:00:00,16.02,16.44,15.9,16.32,5262300,unknown,vnstock_market_equity_ohlcv
CTG,2022-07-15 07:00:00,16.44,16.63,16.32,16.32,7024300,unknown,vnstock_market_equity_ohlcv
CTG,2022-07-18 07:00:00,16.38,16.44,16.26,16.26,3476500,unknown,vnstock_market_equity_ohlcv
CTG,2022-07-19 07:00:00,16.17,16.26,15.9,16.05,2702900,unknown,vnstock_market_equity_ohlcv
CTG,2022-07-20 07:00:00,16.29,16.54,16.08,16.35,4316400,unknown,vnstock_market_equity_ohlcv
CTG,2022-07-21 07:00:00,16.35,16.63,16.35,16.63,4824700,unknown,vnstock_market_equity_ohlcv
CTG,2022-07-22 07:00:00,16.69,16.72,16.26,16.26,3253000,unknown,vnstock_market_equity_ohlcv
CTG,2022-07-25 07:00:00,16.17,16.38,16.08,16.08,2220100,unknown,vnstock_market_equity_ohlcv
CTG,2022-07-26 07:00:00,16.23,16.26,16.02,16.05,2166000,unknown,vnstock_market_equity_ohlcv
CTG,2022-07-27 07:00:00,15.96,16.32,15.87,16.32,1598200,unknown,vnstock_market_equity_ohlcv
CTG,2022-07-28 07:00:00,16.44,17.05,16.32,16.69,9197200,unknown,vnstock_market_equity_ohlcv
CTG,2022-07-29 07:00:00,16.78,16.93,16.44,16.44,5464700,unknown,vnstock_market_equity_ohlcv
CTG,2022-08-01 07:00:00,16.66,17.35,16.66,17.35,8637900,unknown,vnstock_market_equity_ohlcv
CTG,2022-08-02 07:00:00,17.29,17.5,17.14,17.29,4570600,unknown,vnstock_market_equity_ohlcv
CTG,2022-08-03 07:00:00,17.17,17.68,17.11,17.59,6140900,unknown,vnstock_market_equity_ohlcv
CTG,2022-08-04 07:00:00,17.65,17.71,17.38,17.44,5240900,unknown,vnstock_market_equity_ohlcv
CTG,2022-08-05 07:00:00,17.47,17.59,17.35,17.53,2954300,unknown,vnstock_market_equity_ohlcv
CTG,2022-08-08 07:00:00,17.56,17.68,17.44,17.53,3121700,unknown,vnstock_market_equity_ohlcv
CTG,2022-08-09 07:00:00,17.56,17.59,17.32,17.41,3507800,unknown,vnstock_market_equity_ohlcv
CTG,2022-08-10 07:00:00,17.29,17.44,17.14,17.2,3664500,unknown,vnstock_market_equity_ohlcv
CTG,2022-08-11 07:00:00,17.38,17.53,17.17,17.23,4325400,unknown,vnstock_market_equity_ohlcv
CTG,2022-08-12 07:00:00,17.26,17.35,17.17,17.32,1821500,unknown,vnstock_market_equity_ohlcv
CTG,2022-08-15 07:00:00,17.44,17.8,17.41,17.8,6225200,unknown,vnstock_market_equity_ohlcv
CTG,2022-08-16 07:00:00,17.8,17.84,17.59,17.65,3835600,unknown,vnstock_market_equity_ohlcv
CTG,2022-08-17 07:00:00,17.71,17.8,17.59,17.59,3662100,unknown,vnstock_market_equity_ohlcv
CTG,2022-08-18 07:00:00,17.59,17.62,17.38,17.38,3643900,unknown,vnstock_market_equity_ohlcv
CTG,2022-08-19 07:00:00,17.32,17.56,17.05,17.08,4899700,unknown,vnstock_market_equity_ohlcv
CTG,2022-08-22 07:00:00,17.08,17.17,16.84,16.93,5539300,unknown,vnstock_market_equity_ohlcv
CTG,2022-08-23 07:00:00,16.81,17.02,16.72,16.93,4282500,unknown,vnstock_market_equity_ohlcv
CTG,2022-08-24 07:00:00,17.14,17.26,17.02,17.05,3127900,unknown,vnstock_market_equity_ohlcv
CTG,2022-08-25 07:00:00,17.14,17.35,16.99,17.35,4170600,unknown,vnstock_market_equity_ohlcv
CTG,2022-08-26 07:00:00,17.47,17.47,17.14,17.2,3915700,unknown,vnstock_market_equity_ohlcv
CTG,2022-08-29 07:00:00,17.02,17.05,16.69,16.87,4119900,unknown,vnstock_market_equity_ohlcv
CTG,2022-08-30 07:00:00,16.87,17.26,16.87,17.17,3595400,unknown,vnstock_market_equity_ohlcv
CTG,2022-08-31 07:00:00,17.11,17.23,16.87,17.08,2075300,unknown,vnstock_market_equity_ohlcv
CTG,2022-09-05 07:00:00,17.08,17.14,16.87,16.9,1755800,unknown,vnstock_market_equity_ohlcv
CTG,2022-09-06 07:00:00,16.87,17.32,16.87,17.08,3020400,unknown,vnstock_market_equity_ohlcv
CTG,2022-09-07 07:00:00,17.08,17.17,16.54,16.54,4257500,unknown,vnstock_market_equity_ohlcv
CTG,2022-09-08 07:00:00,16.63,16.69,16.23,16.23,3659100,unknown,vnstock_market_equity_ohlcv
CTG,2022-09-09 07:00:00,16.29,16.44,15.93,16.23,1820400,unknown,vnstock_market_equity_ohlcv
CTG,2022-09-12 07:00:00,16.32,16.48,16.32,16.35,1603900,unknown,vnstock_market_equity_ohlcv
CTG,2022-09-13 07:00:00,16.38,16.72,16.35,16.63,2408900,unknown,vnstock_market_equity_ohlcv
CTG,2022-09-14 07:00:00,16.32,16.44,16.26,16.32,2113200,unknown,vnstock_market_equity_ohlcv
CTG,2022-09-15 07:00:00,16.32,16.5,16.26,16.26,1275100,unknown,vnstock_market_equity_ohlcv
CTG,2022-09-16 07:00:00,16.08,16.26,15.84,15.84,1983400,unknown,vnstock_market_equity_ohlcv
CTG,2022-09-19 07:00:00,15.69,15.81,15.27,15.42,2347600,unknown,vnstock_market_equity_ohlcv
CTG,2022-09-20 07:00:00,15.48,15.72,15.48,15.72,2001200,unknown,vnstock_market_equity_ohlcv
CTG,2022-09-21 07:00:00,15.66,15.69,15.42,15.45,1250900,unknown,vnstock_market_equity_ohlcv
CTG,2022-09-22 07:00:00,15.3,15.48,15.12,15.36,3206900,unknown,vnstock_market_equity_ohlcv
CTG,2022-09-23 07:00:00,15.36,15.48,15.12,15.12,1588100,unknown,vnstock_market_equity_ohlcv
CTG,2022-09-26 07:00:00,14.93,14.93,14.06,14.21,6442500,unknown,vnstock_market_equity_ohlcv
CTG,2022-09-27 07:00:00,14.21,14.45,14.09,14.18,2446800,unknown,vnstock_market_equity_ohlcv
CTG,2022-09-28 07:00:00,14.15,14.36,14.09,14.09,2714800,unknown,vnstock_market_equity_ohlcv
CTG,2022-09-29 07:00:00,14.24,14.45,13.66,13.66,3417400,unknown,vnstock_market_equity_ohlcv
CTG,2022-09-30 07:00:00,13.69,14.06,13.57,14.03,5377300,unknown,vnstock_market_equity_ohlcv
CTG,2022-10-03 07:00:00,13.72,13.9,13.06,13.06,5690400,unknown,vnstock_market_equity_ohlcv
CTG,2022-10-04 07:00:00,13.3,13.72,12.39,12.54,5635700,unknown,vnstock_market_equity_ohlcv
CTG,2022-10-05 07:00:00,12.88,13.42,12.88,13.3,4275300,unknown,vnstock_market_equity_ohlcv
CTG,2022-10-06 07:00:00,13.3,13.45,12.85,12.94,4256200,unknown,vnstock_market_equity_ohlcv
CTG,2022-10-07 07:00:00,12.88,12.88,12.06,12.06,8381600,unknown,vnstock_market_equity_ohlcv
CTG,2022-10-10 07:00:00,11.91,12.67,11.79,12.52,4923200,unknown,vnstock_market_equity_ohlcv
CTG,2022-10-11 07:00:00,12.52,12.54,11.79,11.97,5492200,unknown,vnstock_market_equity_ohlcv
CTG,2022-10-12 07:00:00,12.09,12.79,12.03,12.79,4719200,unknown,vnstock_market_equity_ohlcv
CTG,2022-10-13 07:00:00,12.88,13.54,12.79,13.54,6243400,unknown,vnstock_market_equity_ohlcv
CTG,2022-10-14 07:00:00,13.82,13.88,13.57,13.72,5662200,unknown,vnstock_market_equity_ohlcv
CTG,2022-10-17 07:00:00,13.66,13.75,13.24,13.63,4715300,unknown,vnstock_market_equity_ohlcv
CTG,2022-10-18 07:00:00,13.84,14.15,13.82,13.9,3895400,unknown,vnstock_market_equity_ohlcv
CTG,2022-10-19 07:00:00,13.9,14.12,13.63,14.03,4115800,unknown,vnstock_market_equity_ohlcv
CTG,2022-10-20 07:00:00,14.03,14.33,13.69,14.06,3878500,unknown,vnstock_market_equity_ohlcv
CTG,2022-10-21 07:00:00,14.06,14.06,13.09,13.09,6658600,unknown,vnstock_market_equity_ohlcv
CTG,2022-10-24 07:00:00,13.12,13.3,12.58,12.7,4945000,unknown,vnstock_market_equity_ohlcv
CTG,2022-10-25 07:00:00,12.82,13.57,12.67,13.57,8645300,unknown,vnstock_market_equity_ohlcv
CTG,2022-10-26 07:00:00,13.57,14.03,13.51,13.54,3449600,unknown,vnstock_market_equity_ohlcv
CTG,2022-10-27 07:00:00,13.75,14.48,13.6,14.48,8005600,unknown,vnstock_market_equity_ohlcv
CTG,2022-10-28 07:00:00,14.69,15.05,14.51,14.54,7631500,unknown,vnstock_market_equity_ohlcv
CTG,2022-10-31 07:00:00,14.69,14.9,14.12,14.87,10121500,unknown,vnstock_market_equity_ohlcv
CTG,2022-11-01 07:00:00,14.93,15.39,14.75,14.78,8831500,unknown,vnstock_market_equity_ohlcv
CTG,2022-11-02 07:00:00,14.54,14.84,14.42,14.51,5390300,unknown,vnstock_market_equity_ohlcv
CTG,2022-11-03 07:00:00,14.24,14.57,14.21,14.27,7489200,unknown,vnstock_market_equity_ohlcv
CTG,2022-11-04 07:00:00,14.15,14.81,13.3,14.81,13957000,unknown,vnstock_market_equity_ohlcv
CTG,2022-11-07 07:00:00,14.69,14.81,13.94,14.12,7033100,unknown,vnstock_market_equity_ohlcv
CTG,2022-11-08 07:00:00,13.9,14.6,13.9,14.42,6274600,unknown,vnstock_market_equity_ohlcv
CTG,2022-11-09 07:00:00,14.57,15.02,14.51,14.78,10208700,unknown,vnstock_market_equity_ohlcv
CTG,2022-11-10 07:00:00,14.57,14.69,13.75,13.75,9623300,unknown,vnstock_market_equity_ohlcv
CTG,2022-11-11 07:00:00,14.36,14.69,14.15,14.27,9790500,unknown,vnstock_market_equity_ohlcv
CTG,2022-11-14 07:00:00,14.03,14.72,13.75,14.45,9034900,unknown,vnstock_market_equity_ohlcv
CTG,2022-11-15 07:00:00,14.27,14.45,13.45,14.15,10692800,unknown,vnstock_market_equity_ohlcv
CTG,2022-11-16 07:00:00,13.48,15.05,13.45,14.99,13029200,unknown,vnstock_market_equity_ohlcv
CTG,2022-11-17 07:00:00,15.12,15.6,14.9,15.12,11677400,unknown,vnstock_market_equity_ohlcv
CTG,2022-11-18 07:00:00,14.84,15.12,14.21,14.93,11616200,unknown,vnstock_market_equity_ohlcv
CTG,2022-11-21 07:00:00,14.93,14.99,14.57,14.57,5680300,unknown,vnstock_market_equity_ohlcv
CTG,2022-11-22 07:00:00,14.45,15.05,14.21,14.45,7649900,unknown,vnstock_market_equity_ohlcv
CTG,2022-11-23 07:00:00,14.45,14.96,14.39,14.75,5920300,unknown,vnstock_market_equity_ohlcv
CTG,2022-11-24 07:00:00,14.66,14.87,14.39,14.87,4141700,unknown,vnstock_market_equity_ohlcv
CTG,2022-11-25 07:00:00,15.05,15.6,14.9,15.6,14164700,unknown,vnstock_market_equity_ohlcv
CTG,2022-11-28 07:00:00,15.78,16.6,15.78,16.5,11090400,unknown,vnstock_market_equity_ohlcv
CTG,2022-11-29 07:00:00,16.32,16.57,15.78,16.57,9674400,unknown,vnstock_market_equity_ohlcv
CTG,2022-11-30 07:00:00,16.35,16.93,16.11,16.48,6374800,unknown,vnstock_market_equity_ohlcv
CTG,2022-12-01 07:00:00,16.54,16.75,15.72,15.81,10765700,unknown,vnstock_market_equity_ohlcv
CTG,2022-12-02 07:00:00,15.9,16.9,15.75,16.9,8942500,unknown,vnstock_market_equity_ohlcv
CTG,2022-12-05 07:00:00,17.23,17.29,16.81,17.29,7687500,unknown,vnstock_market_equity_ohlcv
CTG,2022-12-06 07:00:00,16.99,17.29,16.23,16.32,7661900,unknown,vnstock_market_equity_ohlcv
CTG,2022-12-07 07:00:00,16.26,16.81,16.17,16.54,4099300,unknown,vnstock_market_equity_ohlcv
CTG,2022-12-08 07:00:00,16.69,17.47,16.57,16.81,5282700,unknown,vnstock_market_equity_ohlcv
CTG,2022-12-09 07:00:00,16.81,16.96,16.35,16.96,4989800,unknown,vnstock_market_equity_ohlcv
CTG,2022-12-12 07:00:00,16.93,17.05,16.6,16.6,3851100,unknown,vnstock_market_equity_ohlcv
CTG,2022-12-13 07:00:00,16.5,17.05,16.38,17.02,3912200,unknown,vnstock_market_equity_ohlcv
CTG,2022-12-14 07:00:00,17.17,17.2,16.84,16.87,2422900,unknown,vnstock_market_equity_ohlcv
CTG,2022-12-15 07:00:00,16.87,17.08,16.87,17.08,3529300,unknown,vnstock_market_equity_ohlcv
CTG,2022-12-16 07:00:00,16.78,17.08,16.78,16.96,3220100,unknown,vnstock_market_equity_ohlcv
CTG,2022-12-19 07:00:00,16.93,17.23,16.66,16.66,5166900,unknown,vnstock_market_equity_ohlcv
CTG,2022-12-20 07:00:00,16.66,16.93,16.08,16.93,6578800,unknown,vnstock_market_equity_ohlcv
CTG,2022-12-21 07:00:00,16.93,16.93,16.32,16.63,3061700,unknown,vnstock_market_equity_ohlcv
CTG,2022-12-22 07:00:00,16.63,17.02,16.63,16.69,3346000,unknown,vnstock_market_equity_ohlcv
CTG,2022-12-23 07:00:00,16.63,16.9,16.5,16.72,2821500,unknown,vnstock_market_equity_ohlcv
CTG,2022-12-26 07:00:00,16.72,16.75,15.72,15.75,2958900,unknown,vnstock_market_equity_ohlcv
CTG,2022-12-27 07:00:00,15.78,16.17,15.72,16.08,2592900,unknown,vnstock_market_equity_ohlcv
CTG,2022-12-28 07:00:00,16.08,16.44,15.9,16.41,1890200,unknown,vnstock_market_equity_ohlcv
CTG,2022-12-29 07:00:00,16.38,16.63,16.26,16.32,1718100,unknown,vnstock_market_equity_ohlcv
CTG,2022-12-30 07:00:00,16.32,16.54,16.17,16.48,1394100,unknown,vnstock_market_equity_ohlcv
DGC,2022-05-04 07:00:00,93.61,96.3,92.44,93.38,1027200,unknown,vnstock_market_equity_ohlcv
DGC,2022-05-05 07:00:00,94.39,94.39,88.73,92.36,1557400,unknown,vnstock_market_equity_ohlcv
DGC,2022-05-06 07:00:00,89.32,93.57,89.12,90.1,1421300,unknown,vnstock_market_equity_ohlcv
DGC,2022-05-09 07:00:00,88.54,89.32,83.82,83.82,1672100,unknown,vnstock_market_equity_ohlcv
DGC,2022-05-10 07:00:00,79.96,83.43,78.05,82.69,2099800,unknown,vnstock_market_equity_ohlcv
DGC,2022-05-11 07:00:00,83.62,83.86,80.58,82.69,809700,unknown,vnstock_market_equity_ohlcv
DGC,2022-05-12 07:00:00,81.17,82.49,76.92,76.92,1980600,unknown,vnstock_market_equity_ohlcv
DGC,2022-05-13 07:00:00,76.06,76.84,71.53,71.53,2508900,unknown,vnstock_market_equity_ohlcv
DGC,2022-05-16 07:00:00,73.33,76.53,70.25,70.25,1497600,unknown,vnstock_market_equity_ohlcv
DGC,2022-05-17 07:00:00,67.87,75.16,67.87,75.16,1245200,unknown,vnstock_market_equity_ohlcv
DGC,2022-05-18 07:00:00,76.06,79.33,76.06,79.18,1215700,unknown,vnstock_market_equity_ohlcv
DGC,2022-05-19 07:00:00,76.96,84.64,75.67,83.86,1607700,unknown,vnstock_market_equity_ohlcv
DGC,2022-05-20 07:00:00,83.82,85.42,82.3,83.08,952100,unknown,vnstock_market_equity_ohlcv
DGC,2022-05-23 07:00:00,84.64,84.83,79.96,83.7,1133400,unknown,vnstock_market_equity_ohlcv
DGC,2022-05-24 07:00:00,84.33,88.54,83.47,86.98,1507200,unknown,vnstock_market_equity_ohlcv
DGC,2022-05-25 07:00:00,87.99,90.45,87.37,89.12,994900,unknown,vnstock_market_equity_ohlcv
DGC,2022-05-26 07:00:00,89.71,90.72,87.37,87.72,985400,unknown,vnstock_market_equity_ohlcv
DGC,2022-05-27 07:00:00,85.81,86.2,83.35,83.47,2873300,unknown,vnstock_market_equity_ohlcv
DGC,2022-05-30 07:00:00,82.34,86.59,82.34,83.86,1044200,unknown,vnstock_market_equity_ohlcv
DGC,2022-05-31 07:00:00,84.44,89.24,83.66,87.21,1301500,unknown,vnstock_market_equity_ohlcv
DGC,2022-06-01 07:00:00,87.95,91.07,86.39,89.63,1560000,unknown,vnstock_market_equity_ohlcv
DGC,2022-06-02 07:00:00,89.36,92.64,89.36,91.11,2049400,unknown,vnstock_market_equity_ohlcv
DGC,2022-06-03 07:00:00,97.46,97.46,97.46,97.46,357200,unknown,vnstock_market_equity_ohlcv
DGC,2022-06-06 07:00:00,104.15,104.15,99.92,100.0,4625000,unknown,vnstock_market_equity_ohlcv
DGC,2022-06-07 07:00:00,99.07,106.61,95.69,105.76,2536900,unknown,vnstock_market_equity_ohlcv
DGC,2022-06-08 07:00:00,109.23,109.57,106.69,108.39,1416600,unknown,vnstock_market_equity_ohlcv
DGC,2022-06-09 07:00:00,107.96,107.96,105.34,106.69,1418000,unknown,vnstock_market_equity_ohlcv
DGC,2022-06-10 07:00:00,106.69,113.47,106.69,107.54,3482100,unknown,vnstock_market_equity_ohlcv
DGC,2022-06-13 07:00:00,105.93,109.83,102.46,103.14,2602100,unknown,vnstock_market_equity_ohlcv
DGC,2022-06-14 07:00:00,102.04,107.46,101.87,106.52,1739200,unknown,vnstock_market_equity_ohlcv
DGC,2022-06-15 07:00:00,108.47,110.25,103.82,106.69,2785500,unknown,vnstock_market_equity_ohlcv
DGC,2022-06-16 07:00:00,109.15,114.15,105.93,114.06,3492100,unknown,vnstock_market_equity_ohlcv
DGC,2022-06-17 07:00:00,112.62,117.7,111.78,111.78,2656600,unknown,vnstock_market_equity_ohlcv
DGC,2022-06-20 07:00:00,111.35,112.03,105.85,105.85,2625300,unknown,vnstock_market_equity_ohlcv
DGC,2022-06-21 07:00:00,104.15,105.76,98.65,98.73,2803300,unknown,vnstock_market_equity_ohlcv
DGC,2022-06-22 07:00:00,99.92,101.44,92.3,94.84,3048900,unknown,vnstock_market_equity_ohlcv
DGC,2022-06-23 07:00:00,93.15,101.44,93.15,101.44,980800,unknown,vnstock_market_equity_ohlcv
DGC,2022-06-24 07:00:00,105.42,107.12,103.48,103.82,1230200,unknown,vnstock_market_equity_ohlcv
DGC,2022-06-27 07:00:00,103.31,107.12,101.61,101.61,1615600,unknown,vnstock_market_equity_ohlcv
DGC,2022-06-28 07:00:00,100.77,104.07,99.92,100.51,1880900,unknown,vnstock_market_equity_ohlcv
DGC,2022-06-29 07:00:00,98.56,102.21,97.38,100.77,1408800,unknown,vnstock_market_equity_ohlcv
DGC,2022-06-30 07:00:00,101.61,102.21,98.65,98.65,832500,unknown,vnstock_market_equity_ohlcv
DGC,2022-07-01 07:00:00,98.23,98.56,93.32,94.84,1790000,unknown,vnstock_market_equity_ohlcv
DGC,2022-07-04 07:00:00,95.01,97.21,89.93,89.93,1791900,unknown,vnstock_market_equity_ohlcv
DGC,2022-07-05 07:00:00,89.76,89.76,83.75,83.75,3099300,unknown,vnstock_market_equity_ohlcv
DGC,2022-07-06 07:00:00,81.21,82.39,77.9,77.9,2148800,unknown,vnstock_market_equity_ohlcv
DGC,2022-07-07 07:00:00,77.9,83.32,76.46,83.32,1776200,unknown,vnstock_market_equity_ohlcv
DGC,2022-07-08 07:00:00,84.51,86.71,81.29,82.98,3017500,unknown,vnstock_market_equity_ohlcv
DGC,2022-07-11 07:00:00,81.54,85.02,79.6,80.53,1850100,unknown,vnstock_market_equity_ohlcv
DGC,2022-07-12 07:00:00,79.6,84.68,79.6,84.68,1973400,unknown,vnstock_market_equity_ohlcv
DGC,2022-07-13 07:00:00,84.68,85.95,81.29,82.14,1515500,unknown,vnstock_market_equity_ohlcv
DGC,2022-07-14 07:00:00,81.29,83.83,80.7,82.14,1467400,unknown,vnstock_market_equity_ohlcv
DGC,2022-07-15 07:00:00,82.65,82.98,81.12,81.12,1555700,unknown,vnstock_market_equity_ohlcv
DGC,2022-07-18 07:00:00,81.38,82.48,77.99,78.75,1785800,unknown,vnstock_market_equity_ohlcv
DGC,2022-07-19 07:00:00,78.33,83.32,78.33,82.56,2419100,unknown,vnstock_market_equity_ohlcv
DGC,2022-07-20 07:00:00,85.78,86.62,84.68,84.68,3151200,unknown,vnstock_market_equity_ohlcv
DGC,2022-07-21 07:00:00,84.76,86.2,83.83,85.1,1852900,unknown,vnstock_market_equity_ohlcv
DGC,2022-07-22 07:00:00,85.19,85.86,82.9,83.15,1744700,unknown,vnstock_market_equity_ohlcv
DGC,2022-07-25 07:00:00,82.73,82.98,80.87,81.71,1538400,unknown,vnstock_market_equity_ohlcv
DGC,2022-07-26 07:00:00,81.88,83.41,80.7,81.04,1388100,unknown,vnstock_market_equity_ohlcv
DGC,2022-07-27 07:00:00,81.04,82.14,80.1,81.29,927700,unknown,vnstock_market_equity_ohlcv
DGC,2022-07-28 07:00:00,82.56,82.73,80.95,81.29,2861500,unknown,vnstock_market_equity_ohlcv
DGC,2022-07-29 07:00:00,80.95,81.29,75.62,75.62,6404300,unknown,vnstock_market_equity_ohlcv
DGC,2022-08-01 07:00:00,73.25,77.06,70.79,77.06,4464400,unknown,vnstock_market_equity_ohlcv
DGC,2022-08-02 07:00:00,77.06,77.73,74.77,75.11,1898400,unknown,vnstock_market_equity_ohlcv
DGC,2022-08-03 07:00:00,74.52,76.63,73.5,75.36,2012100,unknown,vnstock_market_equity_ohlcv
DGC,2022-08-04 07:00:00,75.36,78.07,75.11,76.89,2890700,unknown,vnstock_market_equity_ohlcv
DGC,2022-08-05 07:00:00,76.55,76.55,75.87,76.12,1440100,unknown,vnstock_market_equity_ohlcv
DGC,2022-08-08 07:00:00,76.04,78.75,75.79,77.48,2455100,unknown,vnstock_market_equity_ohlcv
DGC,2022-08-09 07:00:00,78.33,82.14,78.07,80.61,3358200,unknown,vnstock_market_equity_ohlcv
DGC,2022-08-10 07:00:00,80.02,81.29,79.17,79.17,1586200,unknown,vnstock_market_equity_ohlcv
DGC,2022-08-11 07:00:00,80.19,80.19,76.63,77.06,2311000,unknown,vnstock_market_equity_ohlcv
DGC,2022-08-12 07:00:00,77.06,78.41,75.79,77.56,1833800,unknown,vnstock_market_equity_ohlcv
DGC,2022-08-15 07:00:00,78.92,80.02,77.9,78.83,1552300,unknown,vnstock_market_equity_ohlcv
DGC,2022-08-16 07:00:00,78.83,80.44,78.75,79.26,2092500,unknown,vnstock_market_equity_ohlcv
DGC,2022-08-17 07:00:00,79.6,80.02,78.16,79.0,1918700,unknown,vnstock_market_equity_ohlcv
DGC,2022-08-18 07:00:00,79.51,81.8,79.09,79.85,4051000,unknown,vnstock_market_equity_ohlcv
DGC,2022-08-19 07:00:00,80.44,81.21,78.83,79.09,1792400,unknown,vnstock_market_equity_ohlcv
DGC,2022-08-22 07:00:00,78.67,79.43,77.99,78.16,1290800,unknown,vnstock_market_equity_ohlcv
DGC,2022-08-23 07:00:00,77.4,77.73,76.21,77.56,2513100,unknown,vnstock_market_equity_ohlcv
DGC,2022-08-24 07:00:00,78.33,81.29,77.4,80.36,3905400,unknown,vnstock_market_equity_ohlcv
DGC,2022-08-25 07:00:00,80.78,84.34,80.44,83.32,4431300,unknown,vnstock_market_equity_ohlcv
DGC,2022-08-26 07:00:00,83.41,83.41,81.54,81.71,2228800,unknown,vnstock_market_equity_ohlcv
DGC,2022-08-29 07:00:00,80.1,82.73,79.77,82.39,5009000,unknown,vnstock_market_equity_ohlcv
DGC,2022-08-30 07:00:00,83.49,86.2,83.49,84.76,5403100,unknown,vnstock_market_equity_ohlcv
DGC,2022-08-31 07:00:00,85.36,85.44,83.49,84.25,2385800,unknown,vnstock_market_equity_ohlcv
DGC,2022-09-05 07:00:00,84.68,86.8,84.34,85.78,2608700,unknown,vnstock_market_equity_ohlcv
DGC,2022-09-06 07:00:00,86.71,87.64,85.1,85.19,3950500,unknown,vnstock_market_equity_ohlcv
DGC,2022-09-07 07:00:00,85.19,85.27,79.85,79.85,4562200,unknown,vnstock_market_equity_ohlcv
DGC,2022-09-08 07:00:00,81.29,82.82,80.1,81.97,3562000,unknown,vnstock_market_equity_ohlcv
DGC,2022-09-09 07:00:00,81.71,83.41,80.36,83.41,2588000,unknown,vnstock_market_equity_ohlcv
DGC,2022-09-12 07:00:00,83.75,86.62,83.41,85.78,4096400,unknown,vnstock_market_equity_ohlcv
DGC,2022-09-13 07:00:00,86.37,87.22,85.27,86.62,3865700,unknown,vnstock_market_equity_ohlcv
DGC,2022-09-14 07:00:00,84.68,86.12,83.83,85.95,3084500,unknown,vnstock_market_equity_ohlcv
DGC,2022-09-15 07:00:00,86.8,87.13,84.76,84.76,3483800,unknown,vnstock_market_equity_ohlcv
DGC,2022-09-16 07:00:00,84.68,85.95,82.56,82.56,5746900,unknown,vnstock_market_equity_ohlcv
DGC,2022-09-19 07:00:00,82.98,83.32,79.6,79.6,4324400,unknown,vnstock_market_equity_ohlcv
DGC,2022-09-20 07:00:00,81.21,81.97,78.07,81.54,2499800,unknown,vnstock_market_equity_ohlcv
DGC,2022-09-21 07:00:00,80.61,81.54,79.77,80.44,1153500,unknown,vnstock_market_equity_ohlcv
DGC,2022-09-22 07:00:00,80.02,81.29,78.92,81.29,1938400,unknown,vnstock_market_equity_ohlcv
DGC,2022-09-23 07:00:00,81.21,81.21,79.17,79.17,2117400,unknown,vnstock_market_equity_ohlcv
DGC,2022-09-26 07:00:00,77.48,78.07,73.67,73.67,5696300,unknown,vnstock_market_equity_ohlcv
DGC,2022-09-27 07:00:00,73.84,74.43,69.78,70.03,3693800,unknown,vnstock_market_equity_ohlcv
DGC,2022-09-28 07:00:00,69.44,70.62,66.05,66.05,4024500,unknown,vnstock_market_equity_ohlcv
DGC,2022-09-29 07:00:00,68.17,68.17,61.48,61.48,3902800,unknown,vnstock_market_equity_ohlcv
DGC,2022-09-30 07:00:00,60.04,65.71,58.43,65.71,5658300,unknown,vnstock_market_equity_ohlcv
DGC,2022-10-03 07:00:00,66.05,68.17,61.98,62.49,3214700,unknown,vnstock_market_equity_ohlcv
DGC,2022-10-04 07:00:00,63.68,64.86,61.98,62.75,3343700,unknown,vnstock_market_equity_ohlcv
DGC,2022-10-05 07:00:00,64.36,66.3,63.93,65.03,2608300,unknown,vnstock_market_equity_ohlcv
DGC,2022-10-06 07:00:00,65.62,66.39,60.63,60.63,3683400,unknown,vnstock_market_equity_ohlcv
DGC,2022-10-07 07:00:00,57.67,59.7,56.4,56.99,5208000,unknown,vnstock_market_equity_ohlcv
DGC,2022-10-10 07:00:00,56.06,60.97,56.06,60.97,3640500,unknown,vnstock_market_equity_ohlcv
DGC,2022-10-11 07:00:00,60.46,61.39,57.92,59.1,3723900,unknown,vnstock_market_equity_ohlcv
DGC,2022-10-12 07:00:00,59.36,63.17,59.1,62.66,3911200,unknown,vnstock_market_equity_ohlcv
DGC,2022-10-13 07:00:00,62.66,64.61,62.32,63.93,2449300,unknown,vnstock_market_equity_ohlcv
DGC,2022-10-14 07:00:00,65.88,68.33,65.2,67.57,5940500,unknown,vnstock_market_equity_ohlcv
DGC,2022-10-17 07:00:00,67.06,70.37,66.13,70.37,3914900,unknown,vnstock_market_equity_ohlcv
DGC,2022-10-18 07:00:00,71.89,71.89,67.91,69.01,4176000,unknown,vnstock_market_equity_ohlcv
DGC,2022-10-19 07:00:00,68.67,71.04,68.67,69.01,3719400,unknown,vnstock_market_equity_ohlcv
DGC,2022-10-20 07:00:00,69.44,69.69,65.96,66.47,4231700,unknown,vnstock_market_equity_ohlcv
DGC,2022-10-21 07:00:00,66.9,66.9,61.9,61.9,5117900,unknown,vnstock_market_equity_ohlcv
DGC,2022-10-24 07:00:00,62.92,65.03,61.39,61.82,4332200,unknown,vnstock_market_equity_ohlcv
DGC,2022-10-25 07:00:00,62.66,65.71,60.71,63.51,4441900,unknown,vnstock_market_equity_ohlcv
DGC,2022-10-26 07:00:00,64.27,65.46,63.68,64.61,2676800,unknown,vnstock_market_equity_ohlcv
DGC,2022-10-27 07:00:00,64.1,67.4,63.68,66.9,3568400,unknown,vnstock_market_equity_ohlcv
DGC,2022-10-28 07:00:00,67.74,68.17,65.54,65.54,2813400,unknown,vnstock_market_equity_ohlcv
DGC,2022-10-31 07:00:00,65.88,66.13,62.15,65.12,4058900,unknown,vnstock_market_equity_ohlcv
DGC,2022-11-01 07:00:00,65.29,65.96,63.25,63.25,2735600,unknown,vnstock_market_equity_ohlcv
DGC,2022-11-02 07:00:00,63.08,64.02,60.97,61.56,3544000,unknown,vnstock_market_equity_ohlcv
DGC,2022-11-03 07:00:00,60.97,62.75,60.63,61.98,1280300,unknown,vnstock_market_equity_ohlcv
DGC,2022-11-04 07:00:00,61.82,61.82,58.68,60.12,3306600,unknown,vnstock_market_equity_ohlcv
DGC,2022-11-07 07:00:00,60.12,60.8,56.99,59.61,3118000,unknown,vnstock_market_equity_ohlcv
DGC,2022-11-08 07:00:00,59.61,60.46,58.77,60.12,2261700,unknown,vnstock_market_equity_ohlcv
DGC,2022-11-09 07:00:00,60.8,60.8,58.94,60.04,1378100,unknown,vnstock_market_equity_ohlcv
DGC,2022-11-10 07:00:00,58.51,59.1,55.89,55.89,2874700,unknown,vnstock_market_equity_ohlcv
DGC,2022-11-11 07:00:00,57.16,57.16,51.99,51.99,3203300,unknown,vnstock_market_equity_ohlcv
DGC,2022-11-14 07:00:00,48.44,48.44,48.44,48.44,569200,unknown,vnstock_market_equity_ohlcv
DGC,2022-11-15 07:00:00,45.05,45.05,45.05,45.05,248600,unknown,vnstock_market_equity_ohlcv
DGC,2022-11-16 07:00:00,41.92,48.18,41.92,48.18,12959600,unknown,vnstock_market_equity_ohlcv
DGC,2022-11-17 07:00:00,50.38,51.48,49.71,49.96,3085200,unknown,vnstock_market_equity_ohlcv
DGC,2022-11-18 07:00:00,49.96,50.04,46.49,46.49,8514600,unknown,vnstock_market_equity_ohlcv
DGC,2022-11-21 07:00:00,46.57,46.83,43.27,43.27,7210300,unknown,vnstock_market_equity_ohlcv
DGC,2022-11-22 07:00:00,41.92,45.3,40.73,43.27,6143000,unknown,vnstock_market_equity_ohlcv
DGC,2022-11-23 07:00:00,43.27,45.13,43.27,44.03,3210900,unknown,vnstock_market_equity_ohlcv
DGC,2022-11-24 07:00:00,43.95,44.2,42.0,43.19,3274800,unknown,vnstock_market_equity_ohlcv
DGC,2022-11-25 07:00:00,43.36,44.54,41.75,42.68,4887000,unknown,vnstock_market_equity_ohlcv
DGC,2022-11-28 07:00:00,43.61,45.64,43.44,45.64,5248800,unknown,vnstock_market_equity_ohlcv
DGC,2022-11-29 07:00:00,47.42,48.77,46.49,48.77,6135600,unknown,vnstock_market_equity_ohlcv
DGC,2022-11-30 07:00:00,49.71,51.57,49.54,51.57,4653200,unknown,vnstock_market_equity_ohlcv
DGC,2022-12-01 07:00:00,52.5,54.11,49.11,49.11,6420100,unknown,vnstock_market_equity_ohlcv
DGC,2022-12-02 07:00:00,49.11,52.5,48.1,52.42,5784400,unknown,vnstock_market_equity_ohlcv
DGC,2022-12-05 07:00:00,54.19,54.28,52.42,54.19,4394800,unknown,vnstock_market_equity_ohlcv
DGC,2022-12-06 07:00:00,52.92,56.56,52.08,53.35,6316800,unknown,vnstock_market_equity_ohlcv
DGC,2022-12-07 07:00:00,52.92,54.19,51.82,53.09,3002700,unknown,vnstock_market_equity_ohlcv
DGC,2022-12-08 07:00:00,53.77,55.72,53.26,54.53,3540200,unknown,vnstock_market_equity_ohlcv
DGC,2022-12-09 07:00:00,54.53,54.96,52.92,53.86,1928600,unknown,vnstock_market_equity_ohlcv
DGC,2022-12-12 07:00:00,53.86,55.63,53.86,55.04,3953600,unknown,vnstock_market_equity_ohlcv
DGC,2022-12-13 07:00:00,55.04,55.38,54.02,55.38,2803000,unknown,vnstock_market_equity_ohlcv
DGC,2022-12-14 07:00:00,56.56,58.85,55.63,57.24,4832800,unknown,vnstock_market_equity_ohlcv
DGC,2022-12-15 07:00:00,57.33,58.34,57.16,57.75,1996800,unknown,vnstock_market_equity_ohlcv
DGC,2022-12-16 07:00:00,56.73,57.84,56.73,57.67,3078800,unknown,vnstock_market_equity_ohlcv
DGC,2022-12-19 07:00:00,58.29,58.29,55.36,55.8,3681300,unknown,vnstock_market_equity_ohlcv
DGC,2022-12-20 07:00:00,55.1,55.8,52.17,54.74,4273900,unknown,vnstock_market_equity_ohlcv
DGC,2022-12-21 07:00:00,54.74,55.8,51.38,53.41,1916600,unknown,vnstock_market_equity_ohlcv
DGC,2022-12-22 07:00:00,54.03,54.03,51.73,53.41,1327000,unknown,vnstock_market_equity_ohlcv
DGC,2022-12-23 07:00:00,52.7,52.97,51.82,52.26,1362900,unknown,vnstock_market_equity_ohlcv
DGC,2022-12-26 07:00:00,51.91,51.91,48.63,48.63,2760600,unknown,vnstock_market_equity_ohlcv
DGC,2022-12-27 07:00:00,48.28,51.55,47.83,51.55,1874800,unknown,vnstock_market_equity_ohlcv
DGC,2022-12-28 07:00:00,52.26,52.26,50.14,52.26,1540600,unknown,vnstock_market_equity_ohlcv
DGC,2022-12-29 07:00:00,52.0,52.26,50.93,51.29,968900,unknown,vnstock_market_equity_ohlcv
DGC,2022-12-30 07:00:00,51.2,52.17,50.76,52.17,1390000,unknown,vnstock_market_equity_ohlcv
DIG,2022-05-04 07:00:00,45.07,45.99,43.29,43.29,7016700,unknown,vnstock_market_equity_ohlcv
DIG,2022-05-05 07:00:00,44.29,44.5,40.38,41.23,7119400,unknown,vnstock_market_equity_ohlcv
DIG,2022-05-06 07:00:00,39.74,40.81,38.4,38.4,7020300,unknown,vnstock_market_equity_ohlcv
DIG,2022-05-09 07:00:00,37.26,37.54,35.77,35.77,8771200,unknown,vnstock_market_equity_ohlcv
DIG,2022-05-10 07:00:00,33.43,37.62,33.29,37.62,14106500,unknown,vnstock_market_equity_ohlcv
DIG,2022-05-11 07:00:00,39.03,40.24,35.84,40.24,11641300,unknown,vnstock_market_equity_ohlcv
DIG,2022-05-12 07:00:00,40.38,41.09,37.47,37.47,9288300,unknown,vnstock_market_equity_ohlcv
DIG,2022-05-13 07:00:00,37.26,37.26,34.88,34.88,12420600,unknown,vnstock_market_equity_ohlcv
DIG,2022-05-16 07:00:00,36.91,37.05,34.42,34.42,7130300,unknown,vnstock_market_equity_ohlcv
DIG,2022-05-17 07:00:00,34.42,36.76,34.07,36.76,6108200,unknown,vnstock_market_equity_ohlcv
DIG,2022-05-18 07:00:00,37.83,39.32,37.47,39.32,9176500,unknown,vnstock_market_equity_ohlcv
DIG,2022-05-19 07:00:00,37.9,39.89,37.9,39.32,6854900,unknown,vnstock_market_equity_ohlcv
DIG,2022-05-20 07:00:00,39.67,42.02,39.32,41.8,8215900,unknown,vnstock_market_equity_ohlcv
DIG,2022-05-23 07:00:00,42.02,42.16,38.89,38.89,9667200,unknown,vnstock_market_equity_ohlcv
DIG,2022-05-24 07:00:00,37.97,41.16,36.55,41.16,8674200,unknown,vnstock_market_equity_ohlcv
DIG,2022-05-25 07:00:00,41.8,43.65,40.67,42.65,7680300,unknown,vnstock_market_equity_ohlcv
DIG,2022-05-26 07:00:00,42.58,43.51,41.59,41.87,5243400,unknown,vnstock_market_equity_ohlcv
DIG,2022-05-27 07:00:00,41.87,44.0,41.52,42.73,6944200,unknown,vnstock_market_equity_ohlcv
DIG,2022-05-30 07:00:00,43.29,44.5,42.8,43.58,4998500,unknown,vnstock_market_equity_ohlcv
DIG,2022-05-31 07:00:00,43.29,44.5,42.37,42.87,7891700,unknown,vnstock_market_equity_ohlcv
DIG,2022-06-01 07:00:00,42.58,42.94,40.81,41.52,9351600,unknown,vnstock_market_equity_ohlcv
DIG,2022-06-02 07:00:00,41.52,42.44,39.39,39.53,8799600,unknown,vnstock_market_equity_ohlcv
DIG,2022-06-03 07:00:00,39.25,41.45,38.68,40.6,6547600,unknown,vnstock_market_equity_ohlcv
DIG,2022-06-06 07:00:00,41.09,41.09,37.76,37.76,6583300,unknown,vnstock_market_equity_ohlcv
DIG,2022-06-07 07:00:00,37.62,37.62,35.34,37.54,8167800,unknown,vnstock_market_equity_ohlcv
DIG,2022-06-08 07:00:00,37.97,40.17,37.83,39.03,5147800,unknown,vnstock_market_equity_ohlcv
DIG,2022-06-09 07:00:00,39.18,40.1,38.68,38.68,3018900,unknown,vnstock_market_equity_ohlcv
DIG,2022-06-10 07:00:00,37.97,38.61,36.91,36.91,5341900,unknown,vnstock_market_equity_ohlcv
DIG,2022-06-13 07:00:00,35.41,36.12,34.35,34.35,8268800,unknown,vnstock_market_equity_ohlcv
DIG,2022-06-14 07:00:00,33.36,35.13,32.01,32.01,6744800,unknown,vnstock_market_equity_ohlcv
DIG,2022-06-15 07:00:00,32.01,32.97,29.77,29.77,11625500,unknown,vnstock_market_equity_ohlcv
DIG,2022-06-16 07:00:00,30.52,31.19,27.71,27.71,9400600,unknown,vnstock_market_equity_ohlcv
DIG,2022-06-17 07:00:00,26.26,26.97,25.8,25.8,13824800,unknown,vnstock_market_equity_ohlcv
DIG,2022-06-20 07:00:00,25.55,26.58,24.02,24.02,9576900,unknown,vnstock_market_equity_ohlcv
DIG,2022-06-21 07:00:00,22.71,23.99,22.36,22.36,9522800,unknown,vnstock_market_equity_ohlcv
DIG,2022-06-22 07:00:00,23.07,23.92,22.29,23.92,9381300,unknown,vnstock_market_equity_ohlcv
DIG,2022-06-23 07:00:00,25.41,25.59,24.56,25.59,7562800,unknown,vnstock_market_equity_ohlcv
DIG,2022-06-24 07:00:00,25.94,27.29,24.88,24.88,11785600,unknown,vnstock_market_equity_ohlcv
DIG,2022-06-27 07:00:00,24.8,26.22,24.13,25.62,7919600,unknown,vnstock_market_equity_ohlcv
DIG,2022-06-28 07:00:00,25.98,27.4,25.55,27.4,7692800,unknown,vnstock_market_equity_ohlcv
DIG,2022-06-29 07:00:00,26.97,28.03,26.51,26.97,7551500,unknown,vnstock_market_equity_ohlcv
DIG,2022-06-30 07:00:00,26.9,27.08,25.09,25.12,11006100,unknown,vnstock_market_equity_ohlcv
DIG,2022-07-01 07:00:00,24.49,26.83,23.42,25.9,10675100,unknown,vnstock_market_equity_ohlcv
DIG,2022-07-04 07:00:00,26.47,26.97,25.83,25.98,4006100,unknown,vnstock_market_equity_ohlcv
DIG,2022-07-05 07:00:00,25.94,26.26,24.45,24.77,5039800,unknown,vnstock_market_equity_ohlcv
DIG,2022-07-06 07:00:00,24.17,26.22,24.17,24.77,7774500,unknown,vnstock_market_equity_ohlcv
DIG,2022-07-07 07:00:00,25.19,25.87,25.09,25.51,4664100,unknown,vnstock_market_equity_ohlcv
DIG,2022-07-08 07:00:00,26.26,27.29,26.01,27.29,17592700,unknown,vnstock_market_equity_ohlcv
DIG,2022-07-11 07:00:00,27.54,28.85,26.97,28.46,11810400,unknown,vnstock_market_equity_ohlcv
DIG,2022-07-12 07:00:00,28.92,30.45,28.92,30.45,7827700,unknown,vnstock_market_equity_ohlcv
DIG,2022-07-13 07:00:00,30.52,30.84,28.99,29.52,12115800,unknown,vnstock_market_equity_ohlcv
DIG,2022-07-14 07:00:00,29.13,30.66,29.13,30.09,7828700,unknown,vnstock_market_equity_ohlcv
DIG,2022-07-15 07:00:00,30.84,31.48,29.77,29.77,8695400,unknown,vnstock_market_equity_ohlcv
DIG,2022-07-18 07:00:00,29.81,30.2,27.75,28.14,16873900,unknown,vnstock_market_equity_ohlcv
DIG,2022-07-19 07:00:00,27.79,29.7,27.32,28.92,9137100,unknown,vnstock_market_equity_ohlcv
DIG,2022-07-20 07:00:00,29.67,30.45,29.1,29.81,10392600,unknown,vnstock_market_equity_ohlcv
DIG,2022-07-21 07:00:00,31.84,31.88,31.24,31.5,12848600,unknown,vnstock_market_equity_ohlcv
DIG,2022-07-22 07:00:00,31.15,31.63,30.8,30.89,6017800,unknown,vnstock_market_equity_ohlcv
DIG,2022-07-25 07:00:00,30.28,31.02,29.72,30.46,6768300,unknown,vnstock_market_equity_ohlcv
DIG,2022-07-26 07:00:00,30.72,31.15,30.37,30.37,4550600,unknown,vnstock_market_equity_ohlcv
DIG,2022-07-27 07:00:00,30.24,31.58,29.85,31.58,5391000,unknown,vnstock_market_equity_ohlcv
DIG,2022-07-28 07:00:00,32.58,33.79,32.32,33.7,14804200,unknown,vnstock_market_equity_ohlcv
DIG,2022-07-29 07:00:00,33.75,33.83,33.14,33.14,6789200,unknown,vnstock_market_equity_ohlcv
DIG,2022-08-01 07:00:00,33.27,34.7,33.27,34.22,6472200,unknown,vnstock_market_equity_ohlcv
DIG,2022-08-02 07:00:00,34.57,35.0,33.57,34.26,7561800,unknown,vnstock_market_equity_ohlcv
DIG,2022-08-03 07:00:00,33.31,34.26,33.31,34.18,8645000,unknown,vnstock_market_equity_ohlcv
DIG,2022-08-04 07:00:00,34.74,35.39,34.18,34.31,6926300,unknown,vnstock_market_equity_ohlcv
DIG,2022-08-05 07:00:00,34.18,35.74,34.0,35.52,8401900,unknown,vnstock_market_equity_ohlcv
DIG,2022-08-08 07:00:00,36.25,36.25,35.0,35.26,7035900,unknown,vnstock_market_equity_ohlcv
DIG,2022-08-09 07:00:00,35.39,35.95,34.91,35.43,5416600,unknown,vnstock_market_equity_ohlcv
DIG,2022-08-10 07:00:00,35.35,37.03,35.17,36.43,9908200,unknown,vnstock_market_equity_ohlcv
DIG,2022-08-11 07:00:00,36.86,36.95,34.18,34.61,12624900,unknown,vnstock_market_equity_ohlcv
DIG,2022-08-12 07:00:00,34.61,35.43,34.26,35.09,6583700,unknown,vnstock_market_equity_ohlcv
DIG,2022-08-15 07:00:00,35.48,35.61,34.83,35.22,5604000,unknown,vnstock_market_equity_ohlcv
DIG,2022-08-16 07:00:00,35.22,35.91,35.04,35.69,6431900,unknown,vnstock_market_equity_ohlcv
DIG,2022-08-17 07:00:00,35.78,37.03,35.56,35.65,11277600,unknown,vnstock_market_equity_ohlcv
DIG,2022-08-18 07:00:00,35.48,35.78,35.04,35.3,6327400,unknown,vnstock_market_equity_ohlcv
DIG,2022-08-19 07:00:00,35.3,35.91,34.78,35.22,6441900,unknown,vnstock_market_equity_ohlcv
DIG,2022-08-22 07:00:00,34.7,35.0,32.88,33.01,14506300,unknown,vnstock_market_equity_ohlcv
DIG,2022-08-23 07:00:00,32.49,34.61,32.49,34.61,7628500,unknown,vnstock_market_equity_ohlcv
DIG,2022-08-24 07:00:00,34.78,35.0,34.13,34.26,5231700,unknown,vnstock_market_equity_ohlcv
DIG,2022-08-25 07:00:00,34.26,35.13,34.09,34.61,6039400,unknown,vnstock_market_equity_ohlcv
DIG,2022-08-26 07:00:00,34.78,35.48,34.35,34.7,9010000,unknown,vnstock_market_equity_ohlcv
DIG,2022-08-29 07:00:00,33.75,34.44,32.88,34.44,9304600,unknown,vnstock_market_equity_ohlcv
DIG,2022-08-30 07:00:00,34.61,34.78,32.88,32.88,7561700,unknown,vnstock_market_equity_ohlcv
DIG,2022-08-31 07:00:00,32.19,33.36,32.01,32.88,9204300,unknown,vnstock_market_equity_ohlcv
DIG,2022-09-05 07:00:00,32.88,33.4,32.62,32.62,5268200,unknown,vnstock_market_equity_ohlcv
DIG,2022-09-06 07:00:00,32.71,33.62,32.58,33.31,6322700,unknown,vnstock_market_equity_ohlcv
DIG,2022-09-07 07:00:00,33.18,33.57,31.58,31.58,7796900,unknown,vnstock_market_equity_ohlcv
DIG,2022-09-08 07:00:00,32.19,32.27,30.28,30.28,8796700,unknown,vnstock_market_equity_ohlcv
DIG,2022-09-09 07:00:00,30.63,32.01,28.55,32.01,12071300,unknown,vnstock_market_equity_ohlcv
DIG,2022-09-12 07:00:00,32.01,32.01,31.15,31.15,4526900,unknown,vnstock_market_equity_ohlcv
DIG,2022-09-13 07:00:00,31.15,31.15,30.28,30.8,5019300,unknown,vnstock_market_equity_ohlcv
DIG,2022-09-14 07:00:00,29.85,31.32,29.85,30.8,8125100,unknown,vnstock_market_equity_ohlcv
DIG,2022-09-15 07:00:00,30.93,31.32,30.67,30.67,3726300,unknown,vnstock_market_equity_ohlcv
DIG,2022-09-16 07:00:00,30.46,30.54,29.12,29.16,8242600,unknown,vnstock_market_equity_ohlcv
DIG,2022-09-19 07:00:00,29.25,29.42,27.26,28.55,11066200,unknown,vnstock_market_equity_ohlcv
DIG,2022-09-20 07:00:00,28.55,28.99,27.77,28.6,5185300,unknown,vnstock_market_equity_ohlcv
DIG,2022-09-21 07:00:00,28.21,29.16,28.03,28.47,3782600,unknown,vnstock_market_equity_ohlcv
DIG,2022-09-22 07:00:00,28.12,28.94,28.12,28.68,4581400,unknown,vnstock_market_equity_ohlcv
DIG,2022-09-23 07:00:00,28.55,28.9,27.82,27.82,4695100,unknown,vnstock_market_equity_ohlcv
DIG,2022-09-26 07:00:00,26.82,27.6,25.87,27.6,18104400,unknown,vnstock_market_equity_ohlcv
DIG,2022-09-27 07:00:00,27.26,27.6,25.96,26.74,4925200,unknown,vnstock_market_equity_ohlcv
DIG,2022-09-28 07:00:00,25.96,27.13,25.61,26.65,7593900,unknown,vnstock_market_equity_ohlcv
DIG,2022-09-29 07:00:00,27.0,27.26,25.87,25.96,5295800,unknown,vnstock_market_equity_ohlcv
DIG,2022-09-30 07:00:00,25.53,25.7,24.14,25.7,13026800,unknown,vnstock_market_equity_ohlcv
DIG,2022-10-03 07:00:00,24.7,25.35,23.92,23.92,6420800,unknown,vnstock_market_equity_ohlcv
DIG,2022-10-04 07:00:00,23.79,24.23,22.32,23.32,13431400,unknown,vnstock_market_equity_ohlcv
DIG,2022-10-05 07:00:00,23.71,24.83,23.45,24.66,9020000,unknown,vnstock_market_equity_ohlcv
DIG,2022-10-06 07:00:00,24.66,24.7,23.1,23.62,8611500,unknown,vnstock_market_equity_ohlcv
DIG,2022-10-07 07:00:00,22.32,23.06,21.98,23.06,16525700,unknown,vnstock_market_equity_ohlcv
DIG,2022-10-10 07:00:00,21.54,22.97,21.5,22.93,9234100,unknown,vnstock_market_equity_ohlcv
DIG,2022-10-11 07:00:00,22.32,22.76,21.33,21.33,8799700,unknown,vnstock_market_equity_ohlcv
DIG,2022-10-12 07:00:00,19.9,22.06,19.86,21.37,12537500,unknown,vnstock_market_equity_ohlcv
DIG,2022-10-13 07:00:00,21.63,22.45,21.46,21.89,5794700,unknown,vnstock_market_equity_ohlcv
DIG,2022-10-14 07:00:00,22.37,22.76,22.06,22.11,6051100,unknown,vnstock_market_equity_ohlcv
DIG,2022-10-17 07:00:00,21.63,21.8,20.59,21.2,8402200,unknown,vnstock_market_equity_ohlcv
DIG,2022-10-18 07:00:00,21.63,22.67,21.37,22.67,11719300,unknown,vnstock_market_equity_ohlcv
DIG,2022-10-19 07:00:00,22.93,23.1,22.58,22.58,5436800,unknown,vnstock_market_equity_ohlcv
DIG,2022-10-20 07:00:00,22.41,22.71,21.85,21.89,5160700,unknown,vnstock_market_equity_ohlcv
DIG,2022-10-21 07:00:00,21.89,21.89,20.38,20.38,10090200,unknown,vnstock_market_equity_ohlcv
DIG,2022-10-24 07:00:00,20.16,20.33,18.99,18.99,4999500,unknown,vnstock_market_equity_ohlcv
DIG,2022-10-25 07:00:00,17.69,19.47,17.69,17.69,14021100,unknown,vnstock_market_equity_ohlcv
DIG,2022-10-26 07:00:00,16.96,17.65,16.48,16.48,7705800,unknown,vnstock_market_equity_ohlcv
DIG,2022-10-27 07:00:00,15.36,17.43,15.36,17.13,27040700,unknown,vnstock_market_equity_ohlcv
DIG,2022-10-28 07:00:00,17.65,18.17,16.44,16.44,10866100,unknown,vnstock_market_equity_ohlcv
DIG,2022-10-31 07:00:00,16.01,16.18,15.32,15.32,19026400,unknown,vnstock_market_equity_ohlcv
DIG,2022-11-01 07:00:00,15.57,16.35,15.49,16.35,17193100,unknown,vnstock_market_equity_ohlcv
DIG,2022-11-02 07:00:00,16.44,17.0,16.09,16.09,10306100,unknown,vnstock_market_equity_ohlcv
DIG,2022-11-03 07:00:00,15.19,16.27,15.19,15.4,12256200,unknown,vnstock_market_equity_ohlcv
DIG,2022-11-04 07:00:00,15.32,15.36,14.36,14.36,13199900,unknown,vnstock_market_equity_ohlcv
DIG,2022-11-07 07:00:00,13.37,13.37,13.37,13.37,2477300,unknown,vnstock_market_equity_ohlcv
DIG,2022-11-08 07:00:00,12.46,12.46,12.46,12.46,1242400,unknown,vnstock_market_equity_ohlcv
DIG,2022-11-09 07:00:00,11.59,13.11,11.59,11.59,57331500,unknown,vnstock_market_equity_ohlcv
DIG,2022-11-10 07:00:00,10.82,11.29,10.82,10.82,13218900,unknown,vnstock_market_equity_ohlcv
DIG,2022-11-11 07:00:00,10.38,11.03,10.08,10.08,19507200,unknown,vnstock_market_equity_ohlcv
DIG,2022-11-14 07:00:00,9.39,9.56,9.39,9.39,20547800,unknown,vnstock_market_equity_ohlcv
DIG,2022-11-15 07:00:00,8.74,8.74,8.74,8.74,1082300,unknown,vnstock_market_equity_ohlcv
DIG,2022-11-16 07:00:00,8.13,9.34,8.13,9.34,51935000,unknown,vnstock_market_equity_ohlcv
DIG,2022-11-17 07:00:00,9.47,9.99,9.47,9.65,16815800,unknown,vnstock_market_equity_ohlcv
DIG,2022-11-18 07:00:00,9.69,10.3,9.09,10.3,29358100,unknown,vnstock_market_equity_ohlcv
DIG,2022-11-21 07:00:00,10.99,10.99,10.77,10.99,29409600,unknown,vnstock_market_equity_ohlcv
DIG,2022-11-22 07:00:00,11.55,11.72,10.56,11.25,36518100,unknown,vnstock_market_equity_ohlcv
DIG,2022-11-23 07:00:00,10.99,11.33,10.47,10.47,18978100,unknown,vnstock_market_equity_ohlcv
DIG,2022-11-24 07:00:00,9.86,10.77,9.78,10.51,28696900,unknown,vnstock_market_equity_ohlcv
DIG,2022-11-25 07:00:00,10.9,11.25,10.64,11.25,20627600,unknown,vnstock_market_equity_ohlcv
DIG,2022-11-28 07:00:00,12.03,12.03,11.94,12.03,6090400,unknown,vnstock_market_equity_ohlcv
DIG,2022-11-29 07:00:00,12.85,12.85,11.77,12.81,45771000,unknown,vnstock_market_equity_ohlcv
DIG,2022-11-30 07:00:00,12.81,13.67,12.37,13.67,21464600,unknown,vnstock_market_equity_ohlcv
DIG,2022-12-01 07:00:00,14.62,14.62,13.24,14.62,30680400,unknown,vnstock_market_equity_ohlcv
DIG,2022-12-02 07:00:00,15.57,15.62,14.15,15.62,37004600,unknown,vnstock_market_equity_ohlcv
DIG,2022-12-05 07:00:00,16.57,16.7,15.88,16.7,18009300,unknown,vnstock_market_equity_ohlcv
DIG,2022-12-06 07:00:00,16.7,17.65,15.53,15.53,44242600,unknown,vnstock_market_equity_ohlcv
DIG,2022-12-07 07:00:00,14.71,15.49,14.45,14.45,26931500,unknown,vnstock_market_equity_ohlcv
DIG,2022-12-08 07:00:00,14.88,15.44,14.84,15.44,17111000,unknown,vnstock_market_equity_ohlcv
DIG,2022-12-09 07:00:00,16.18,16.48,15.23,16.48,22983000,unknown,vnstock_market_equity_ohlcv
DIG,2022-12-12 07:00:00,16.61,17.13,15.36,15.36,20850800,unknown,vnstock_market_equity_ohlcv
DIG,2022-12-13 07:00:00,14.93,15.96,14.32,15.96,28579700,unknown,vnstock_market_equity_ohlcv
DIG,2022-12-14 07:00:00,16.44,16.44,15.4,15.4,13165300,unknown,vnstock_market_equity_ohlcv
DIG,2022-12-15 07:00:00,15.1,15.96,14.75,15.75,13989900,unknown,vnstock_market_equity_ohlcv
DIG,2022-12-16 07:00:00,15.36,16.44,15.19,16.44,22309500,unknown,vnstock_market_equity_ohlcv
DIG,2022-12-19 07:00:00,16.7,17.05,15.57,15.57,19117600,unknown,vnstock_market_equity_ohlcv
DIG,2022-12-20 07:00:00,15.4,15.53,14.49,14.49,27131000,unknown,vnstock_market_equity_ohlcv
DIG,2022-12-21 07:00:00,14.88,14.88,13.5,13.5,18035800,unknown,vnstock_market_equity_ohlcv
DIG,2022-12-22 07:00:00,13.97,14.1,13.11,13.93,12998900,unknown,vnstock_market_equity_ohlcv
DIG,2022-12-23 07:00:00,13.84,14.28,13.58,13.71,6582800,unknown,vnstock_market_equity_ohlcv
DIG,2022-12-26 07:00:00,13.8,13.8,12.76,12.76,9105800,unknown,vnstock_market_equity_ohlcv
DIG,2022-12-27 07:00:00,12.11,13.63,12.03,13.63,13935600,unknown,vnstock_market_equity_ohlcv
DIG,2022-12-28 07:00:00,13.97,14.1,13.41,13.58,9488200,unknown,vnstock_market_equity_ohlcv
DIG,2022-12-29 07:00:00,13.58,13.93,12.81,12.81,8422300,unknown,vnstock_market_equity_ohlcv
DIG,2022-12-30 07:00:00,12.98,13.07,12.37,12.37,6044400,unknown,vnstock_market_equity_ohlcv
DNP,2022-05-04 07:00:00,23.1,24.0,22.5,24.0,16100,unknown,vnstock_market_equity_ohlcv
DNP,2022-05-05 07:00:00,24.0,24.6,22.5,22.5,25201,unknown,vnstock_market_equity_ohlcv
DNP,2022-05-06 07:00:00,22.5,23.0,22.0,22.0,36400,unknown,vnstock_market_equity_ohlcv
DNP,2022-05-09 07:00:00,22.0,22.0,20.5,21.9,85204,unknown,vnstock_market_equity_ohlcv
DNP,2022-05-10 07:00:00,20.5,23.0,20.0,23.0,43803,unknown,vnstock_market_equity_ohlcv
DNP,2022-05-11 07:00:00,22.1,23.0,21.6,23.0,44601,unknown,vnstock_market_equity_ohlcv
DNP,2022-05-12 07:00:00,22.9,23.0,21.6,22.8,37300,unknown,vnstock_market_equity_ohlcv
DNP,2022-05-13 07:00:00,21.6,22.3,20.7,22.3,12900,unknown,vnstock_market_equity_ohlcv
DNP,2022-05-16 07:00:00,22.3,22.3,20.7,22.0,6500,unknown,vnstock_market_equity_ohlcv
DNP,2022-05-17 07:00:00,21.0,22.0,21.0,22.0,4700,unknown,vnstock_market_equity_ohlcv
DNP,2022-05-18 07:00:00,21.5,21.9,20.8,20.8,18020,unknown,vnstock_market_equity_ohlcv
DNP,2022-05-19 07:00:00,20.8,22.3,20.8,22.3,8900,unknown,vnstock_market_equity_ohlcv
DNP,2022-05-20 07:00:00,22.2,22.2,20.8,22.0,5500,unknown,vnstock_market_equity_ohlcv
DNP,2022-05-23 07:00:00,21.9,21.9,20.5,20.5,10200,unknown,vnstock_market_equity_ohlcv
DNP,2022-05-24 07:00:00,20.5,21.0,20.0,20.5,2600,unknown,vnstock_market_equity_ohlcv
DNP,2022-05-25 07:00:00,20.0,20.9,20.0,20.5,14216,unknown,vnstock_market_equity_ohlcv
DNP,2022-05-26 07:00:00,20.7,21.0,19.6,21.0,21200,unknown,vnstock_market_equity_ohlcv
DNP,2022-05-27 07:00:00,20.8,20.8,19.9,20.1,12200,unknown,vnstock_market_equity_ohlcv
DNP,2022-05-30 07:00:00,20.1,20.2,20.1,20.2,14795,unknown,vnstock_market_equity_ohlcv
DNP,2022-05-31 07:00:00,20.0,20.8,19.0,20.8,19796,unknown,vnstock_market_equity_ohlcv
DNP,2022-06-01 07:00:00,20.0,20.8,20.0,20.8,3600,unknown,vnstock_market_equity_ohlcv
DNP,2022-06-02 07:00:00,19.9,20.8,19.9,20.8,12500,unknown,vnstock_market_equity_ohlcv
DNP,2022-06-03 07:00:00,19.8,20.8,19.8,20.8,15800,unknown,vnstock_market_equity_ohlcv
DNP,2022-06-06 07:00:00,20.0,20.7,20.0,20.7,12945,unknown,vnstock_market_equity_ohlcv
DNP,2022-06-07 07:00:00,20.0,20.7,20.0,20.7,10701,unknown,vnstock_market_equity_ohlcv
DNP,2022-06-08 07:00:00,20.6,20.6,20.2,20.6,8459,unknown,vnstock_market_equity_ohlcv
DNP,2022-06-09 07:00:00,20.5,20.6,20.5,20.6,4300,unknown,vnstock_market_equity_ohlcv
DNP,2022-06-10 07:00:00,20.1,20.6,20.1,20.6,4400,unknown,vnstock_market_equity_ohlcv
DNP,2022-06-13 07:00:00,20.0,20.4,20.0,20.4,3000,unknown,vnstock_market_equity_ohlcv
DNP,2022-06-14 07:00:00,20.4,20.4,19.1,20.3,19942,unknown,vnstock_market_equity_ohlcv
DNP,2022-06-15 07:00:00,19.5,20.2,19.1,20.0,17037,unknown,vnstock_market_equity_ohlcv
DNP,2022-06-16 07:00:00,20.0,20.0,19.5,19.9,14100,unknown,vnstock_market_equity_ohlcv
DNP,2022-06-17 07:00:00,19.2,21.6,18.0,21.6,72100,unknown,vnstock_market_equity_ohlcv
DNP,2022-06-20 07:00:00,21.3,21.3,19.6,21.0,11500,unknown,vnstock_market_equity_ohlcv
DNP,2022-06-21 07:00:00,20.0,23.0,19.2,22.0,71400,unknown,vnstock_market_equity_ohlcv
DNP,2022-06-22 07:00:00,21.8,22.0,20.6,22.0,58264,unknown,vnstock_market_equity_ohlcv
DNP,2022-06-23 07:00:00,22.0,22.0,21.5,22.0,24815,unknown,vnstock_market_equity_ohlcv
DNP,2022-06-24 07:00:00,21.9,22.5,21.3,21.3,26800,unknown,vnstock_market_equity_ohlcv
DNP,2022-06-27 07:00:00,22.0,22.0,21.4,21.4,46830,unknown,vnstock_market_equity_ohlcv
DNP,2022-06-28 07:00:00,21.9,22.5,21.4,22.5,55000,unknown,vnstock_market_equity_ohlcv
DNP,2022-06-29 07:00:00,22.5,24.5,21.6,24.0,114144,unknown,vnstock_market_equity_ohlcv
DNP,2022-06-30 07:00:00,25.3,26.0,24.1,24.9,81900,unknown,vnstock_market_equity_ohlcv
DNP,2022-07-01 07:00:00,24.9,25.0,23.5,24.9,46200,unknown,vnstock_market_equity_ohlcv
DNP,2022-07-04 07:00:00,25.0,25.0,24.0,24.9,48100,unknown,vnstock_market_equity_ohlcv
DNP,2022-07-05 07:00:00,24.8,24.9,24.0,24.9,45300,unknown,vnstock_market_equity_ohlcv
DNP,2022-07-06 07:00:00,24.5,24.9,24.3,24.9,54200,unknown,vnstock_market_equity_ohlcv
DNP,2022-07-07 07:00:00,24.3,24.9,24.3,24.9,33500,unknown,vnstock_market_equity_ohlcv
DNP,2022-07-08 07:00:00,24.9,25.0,24.6,25.0,7800,unknown,vnstock_market_equity_ohlcv
DNP,2022-07-11 07:00:00,24.9,24.9,24.5,24.9,11121,unknown,vnstock_market_equity_ohlcv
DNP,2022-07-12 07:00:00,24.2,24.9,24.0,24.9,20800,unknown,vnstock_market_equity_ohlcv
DNP,2022-07-13 07:00:00,24.3,24.9,23.5,24.9,15500,unknown,vnstock_market_equity_ohlcv
DNP,2022-07-14 07:00:00,24.5,24.9,24.0,24.9,7232,unknown,vnstock_market_equity_ohlcv
DNP,2022-07-15 07:00:00,24.5,24.9,24.5,24.9,8000,unknown,vnstock_market_equity_ohlcv
DNP,2022-07-18 07:00:00,24.1,24.9,24.1,24.9,2335,unknown,vnstock_market_equity_ohlcv
DNP,2022-07-19 07:00:00,22.5,25.5,22.5,24.9,8500,unknown,vnstock_market_equity_ohlcv
DNP,2022-07-20 07:00:00,24.9,24.9,24.9,24.9,800,unknown,vnstock_market_equity_ohlcv
DNP,2022-07-21 07:00:00,24.8,24.9,24.8,24.9,1100,unknown,vnstock_market_equity_ohlcv
DNP,2022-07-22 07:00:00,24.8,24.9,24.6,24.8,1800,unknown,vnstock_market_equity_ohlcv
DNP,2022-07-25 07:00:00,24.0,24.9,24.0,24.9,1600,unknown,vnstock_market_equity_ohlcv
DNP,2022-07-27 07:00:00,25.0,25.0,24.7,24.7,2900,unknown,vnstock_market_equity_ohlcv
DNP,2022-07-29 07:00:00,24.7,24.8,24.0,24.8,3600,unknown,vnstock_market_equity_ohlcv
DNP,2022-08-01 07:00:00,24.8,24.9,24.2,24.9,3800,unknown,vnstock_market_equity_ohlcv
DNP,2022-08-02 07:00:00,24.2,24.9,24.2,24.9,1900,unknown,vnstock_market_equity_ohlcv
DNP,2022-08-03 07:00:00,24.3,24.9,24.3,24.9,3500,unknown,vnstock_market_equity_ohlcv
DNP,2022-08-04 07:00:00,24.4,24.8,24.4,24.8,2500,unknown,vnstock_market_equity_ohlcv
DNP,2022-08-05 07:00:00,24.8,24.8,24.3,24.8,1200,unknown,vnstock_market_equity_ohlcv
DNP,2022-08-08 07:00:00,24.7,24.8,24.0,24.8,6000,unknown,vnstock_market_equity_ohlcv
DNP,2022-08-09 07:00:00,24.3,24.3,24.1,24.1,1400,unknown,vnstock_market_equity_ohlcv
DNP,2022-08-10 07:00:00,24.2,26.5,24.2,26.3,589100,unknown,vnstock_market_equity_ohlcv
DNP,2022-08-11 07:00:00,26.4,26.7,26.3,26.3,2000,unknown,vnstock_market_equity_ohlcv
DNP,2022-08-12 07:00:00,24.9,24.9,24.8,24.9,2300,unknown,vnstock_market_equity_ohlcv
DNP,2022-08-15 07:00:00,25.0,25.0,24.0,24.7,15800,unknown,vnstock_market_equity_ohlcv
DNP,2022-08-16 07:00:00,24.1,24.2,24.0,24.1,1832,unknown,vnstock_market_equity_ohlcv
DNP,2022-08-17 07:00:00,24.0,24.1,24.0,24.0,6300,unknown,vnstock_market_equity_ohlcv
DNP,2022-08-18 07:00:00,24.0,24.4,23.5,24.4,12900,unknown,vnstock_market_equity_ohlcv
DNP,2022-08-22 07:00:00,24.1,24.5,24.1,24.5,3000,unknown,vnstock_market_equity_ohlcv
DNP,2022-08-23 07:00:00,23.8,24.5,23.8,24.5,3600,unknown,vnstock_market_equity_ohlcv
DNP,2022-08-25 07:00:00,24.0,24.0,23.8,23.9,7748,unknown,vnstock_market_equity_ohlcv
DNP,2022-08-26 07:00:00,23.9,24.6,23.6,24.6,4000,unknown,vnstock_market_equity_ohlcv
DNP,2022-08-29 07:00:00,23.8,25.0,23.8,25.0,4300,unknown,vnstock_market_equity_ohlcv
DNP,2022-08-30 07:00:00,24.9,24.9,24.9,24.9,1000,unknown,vnstock_market_equity_ohlcv
DNP,2022-08-31 07:00:00,24.9,24.9,24.9,24.9,1060,unknown,vnstock_market_equity_ohlcv
DNP,2022-09-06 07:00:00,24.1,24.9,23.9,24.9,2400,unknown,vnstock_market_equity_ohlcv
DNP,2022-09-07 07:00:00,24.0,24.7,23.6,24.7,4112,unknown,vnstock_market_equity_ohlcv
DNP,2022-09-09 07:00:00,23.3,24.7,23.3,24.7,4100,unknown,vnstock_market_equity_ohlcv
DNP,2022-09-12 07:00:00,24.7,24.7,24.7,24.7,132,unknown,vnstock_market_equity_ohlcv
DNP,2022-09-13 07:00:00,24.1,24.1,24.1,24.1,218,unknown,vnstock_market_equity_ohlcv
DNP,2022-09-14 07:00:00,24.9,24.9,24.9,24.9,2084,unknown,vnstock_market_equity_ohlcv
DNP,2022-09-15 07:00:00,24.0,24.0,24.0,24.0,1317,unknown,vnstock_market_equity_ohlcv
DNP,2022-09-16 07:00:00,24.5,24.5,24.5,24.5,1137,unknown,vnstock_market_equity_ohlcv
DNP,2022-09-19 07:00:00,23.1,24.8,23.1,24.8,7253,unknown,vnstock_market_equity_ohlcv
DNP,2022-09-20 07:00:00,24.8,24.8,24.7,24.7,2705,unknown,vnstock_market_equity_ohlcv
DNP,2022-09-21 07:00:00,23.5,24.6,23.3,24.6,9500,unknown,vnstock_market_equity_ohlcv
DNP,2022-09-22 07:00:00,23.5,24.6,23.5,24.6,6200,unknown,vnstock_market_equity_ohlcv
DNP,2022-09-23 07:00:00,23.6,24.3,23.6,24.3,9311,unknown,vnstock_market_equity_ohlcv
DNP,2022-09-26 07:00:00,23.5,25.0,23.0,25.0,13421,unknown,vnstock_market_equity_ohlcv
DNP,2022-09-27 07:00:00,24.7,24.7,24.7,24.7,5610,unknown,vnstock_market_equity_ohlcv
DNP,2022-09-28 07:00:00,26.9,26.9,25.0,25.0,8803,unknown,vnstock_market_equity_ohlcv
DNP,2022-09-29 07:00:00,24.0,25.5,24.0,25.5,4700,unknown,vnstock_market_equity_ohlcv
DNP,2022-09-30 07:00:00,24.0,25.2,24.0,25.2,4370,unknown,vnstock_market_equity_ohlcv
DNP,2022-10-03 07:00:00,23.1,23.1,23.1,23.1,1300,unknown,vnstock_market_equity_ohlcv
DNP,2022-10-04 07:00:00,25.2,25.2,24.0,24.7,8115,unknown,vnstock_market_equity_ohlcv
DNP,2022-10-05 07:00:00,24.5,25.5,23.6,25.5,12164,unknown,vnstock_market_equity_ohlcv
DNP,2022-10-07 07:00:00,24.2,25.5,23.6,25.5,14276,unknown,vnstock_market_equity_ohlcv
DNP,2022-10-10 07:00:00,23.8,25.0,23.8,25.0,2597,unknown,vnstock_market_equity_ohlcv
DNP,2022-10-11 07:00:00,23.8,24.9,23.8,24.9,19100,unknown,vnstock_market_equity_ohlcv
DNP,2022-10-12 07:00:00,24.5,24.5,24.5,24.5,3000,unknown,vnstock_market_equity_ohlcv
DNP,2022-10-13 07:00:00,24.0,24.5,23.7,24.5,4700,unknown,vnstock_market_equity_ohlcv
DNP,2022-10-14 07:00:00,23.8,23.8,23.6,23.6,2930,unknown,vnstock_market_equity_ohlcv
DNP,2022-10-17 07:00:00,23.7,23.9,22.9,23.9,4503,unknown,vnstock_market_equity_ohlcv
DNP,2022-10-18 07:00:00,23.4,24.0,23.4,24.0,3503,unknown,vnstock_market_equity_ohlcv
DNP,2022-10-19 07:00:00,24.0,24.0,24.0,24.0,3500,unknown,vnstock_market_equity_ohlcv
DNP,2022-10-20 07:00:00,24.0,24.0,24.0,24.0,4500,unknown,vnstock_market_equity_ohlcv
DNP,2022-10-21 07:00:00,24.0,24.0,24.0,24.0,3100,unknown,vnstock_market_equity_ohlcv
DNP,2022-10-24 07:00:00,23.3,24.0,23.1,24.0,17000,unknown,vnstock_market_equity_ohlcv
DNP,2022-10-25 07:00:00,23.2,23.2,22.6,22.6,16933,unknown,vnstock_market_equity_ohlcv
DNP,2022-10-26 07:00:00,22.6,23.9,22.0,23.9,12000,unknown,vnstock_market_equity_ohlcv
DNP,2022-10-27 07:00:00,23.7,23.9,22.7,23.9,19400,unknown,vnstock_market_equity_ohlcv
DNP,2022-10-28 07:00:00,22.9,23.8,22.8,23.8,14100,unknown,vnstock_market_equity_ohlcv
DNP,2022-10-31 07:00:00,22.8,23.8,22.8,23.8,7600,unknown,vnstock_market_equity_ohlcv
DNP,2022-11-01 07:00:00,23.8,23.8,23.8,23.8,11030,unknown,vnstock_market_equity_ohlcv
DNP,2022-11-02 07:00:00,23.7,25.0,23.1,25.0,4200,unknown,vnstock_market_equity_ohlcv
DNP,2022-11-03 07:00:00,24.8,24.8,23.5,24.1,1400,unknown,vnstock_market_equity_ohlcv
DNP,2022-11-04 07:00:00,23.1,24.1,23.1,24.1,1200,unknown,vnstock_market_equity_ohlcv
DNP,2022-11-07 07:00:00,23.1,24.0,22.8,24.0,4500,unknown,vnstock_market_equity_ohlcv
DNP,2022-11-08 07:00:00,24.0,24.0,24.0,24.0,98,unknown,vnstock_market_equity_ohlcv
DNP,2022-11-09 07:00:00,23.7,24.0,23.7,24.0,6300,unknown,vnstock_market_equity_ohlcv
DNP,2022-11-10 07:00:00,23.5,24.0,23.1,24.0,8700,unknown,vnstock_market_equity_ohlcv
DNP,2022-11-11 07:00:00,23.2,24.0,23.2,24.0,11700,unknown,vnstock_market_equity_ohlcv
DNP,2022-11-14 07:00:00,24.0,24.0,24.0,24.0,2000,unknown,vnstock_market_equity_ohlcv
DNP,2022-11-15 07:00:00,23.0,23.5,22.8,23.5,14605,unknown,vnstock_market_equity_ohlcv
DNP,2022-11-16 07:00:00,22.1,25.5,21.2,25.5,21003,unknown,vnstock_market_equity_ohlcv
DNP,2022-11-17 07:00:00,25.0,25.0,25.0,25.0,1341,unknown,vnstock_market_equity_ohlcv
DNP,2022-11-18 07:00:00,23.5,24.9,23.3,24.9,7200,unknown,vnstock_market_equity_ohlcv
DNP,2022-11-21 07:00:00,25.0,25.5,23.8,25.0,1906,unknown,vnstock_market_equity_ohlcv
DNP,2022-11-22 07:00:00,24.0,24.4,24.0,24.4,3400,unknown,vnstock_market_equity_ohlcv
DNP,2022-11-23 07:00:00,24.4,24.4,24.4,24.4,1000,unknown,vnstock_market_equity_ohlcv
DNP,2022-11-24 07:00:00,24.1,24.1,23.3,23.9,12700,unknown,vnstock_market_equity_ohlcv
DNP,2022-11-25 07:00:00,24.0,24.0,24.0,24.0,1500,unknown,vnstock_market_equity_ohlcv
DNP,2022-11-28 07:00:00,24.0,24.0,23.3,24.0,2778,unknown,vnstock_market_equity_ohlcv
DNP,2022-11-29 07:00:00,23.4,23.9,23.4,23.9,5600,unknown,vnstock_market_equity_ohlcv
DNP,2022-11-30 07:00:00,23.4,23.4,23.0,23.0,4017,unknown,vnstock_market_equity_ohlcv
DNP,2022-12-01 07:00:00,22.8,24.0,22.8,24.0,4400,unknown,vnstock_market_equity_ohlcv
DNP,2022-12-02 07:00:00,23.3,24.5,22.9,24.5,7600,unknown,vnstock_market_equity_ohlcv
DNP,2022-12-05 07:00:00,24.0,24.5,24.0,24.0,2000,unknown,vnstock_market_equity_ohlcv
DNP,2022-12-06 07:00:00,23.1,23.1,23.1,23.1,1510,unknown,vnstock_market_equity_ohlcv
DNP,2022-12-07 07:00:00,24.5,24.5,24.5,24.5,1502,unknown,vnstock_market_equity_ohlcv
DNP,2022-12-08 07:00:00,24.3,24.5,23.4,24.5,2500,unknown,vnstock_market_equity_ohlcv
DNP,2022-12-12 07:00:00,24.5,24.5,24.5,24.5,1500,unknown,vnstock_market_equity_ohlcv
DNP,2022-12-13 07:00:00,24.0,24.5,24.0,24.5,1900,unknown,vnstock_market_equity_ohlcv
DNP,2022-12-14 07:00:00,23.5,24.4,23.5,24.4,1300,unknown,vnstock_market_equity_ohlcv
DNP,2022-12-15 07:00:00,24.0,24.4,23.6,24.4,3519,unknown,vnstock_market_equity_ohlcv
DNP,2022-12-19 07:00:00,24.3,24.4,24.0,24.4,1600,unknown,vnstock_market_equity_ohlcv
DNP,2022-12-22 07:00:00,23.5,24.2,23.5,24.2,2000,unknown,vnstock_market_equity_ohlcv
DNP,2022-12-26 07:00:00,24.2,24.2,23.5,24.2,5900,unknown,vnstock_market_equity_ohlcv
DNP,2022-12-27 07:00:00,23.6,24.1,23.5,24.1,1800,unknown,vnstock_market_equity_ohlcv
DNP,2022-12-28 07:00:00,23.9,23.9,23.9,23.9,400,unknown,vnstock_market_equity_ohlcv
DNP,2022-12-30 07:00:00,24.0,24.0,24.0,24.0,800,unknown,vnstock_market_equity_ohlcv
DXG,2022-05-04 07:00:00,24.53,24.87,23.54,23.64,5315700,unknown,vnstock_market_equity_ohlcv
DXG,2022-05-05 07:00:00,23.85,24.33,22.79,23.85,7209300,unknown,vnstock_market_equity_ohlcv
DXG,2022-05-06 07:00:00,23.17,23.54,22.18,22.18,7456200,unknown,vnstock_market_equity_ohlcv
DXG,2022-05-09 07:00:00,21.12,21.77,20.65,20.65,4184800,unknown,vnstock_market_equity_ohlcv
DXG,2022-05-10 07:00:00,19.22,20.72,19.22,20.72,13567500,unknown,vnstock_market_equity_ohlcv
DXG,2022-05-11 07:00:00,20.95,21.16,19.56,21.12,7717100,unknown,vnstock_market_equity_ohlcv
DXG,2022-05-12 07:00:00,20.85,20.95,19.66,19.66,5232400,unknown,vnstock_market_equity_ohlcv
DXG,2022-05-13 07:00:00,19.56,19.56,18.3,18.3,6419300,unknown,vnstock_market_equity_ohlcv
DXG,2022-05-16 07:00:00,18.67,18.74,17.04,17.04,11159000,unknown,vnstock_market_equity_ohlcv
DXG,2022-05-17 07:00:00,15.84,18.06,15.84,17.85,19260100,unknown,vnstock_market_equity_ohlcv
DXG,2022-05-18 07:00:00,18.06,18.94,17.65,18.19,8899800,unknown,vnstock_market_equity_ohlcv
DXG,2022-05-19 07:00:00,17.24,18.06,17.24,17.38,6318600,unknown,vnstock_market_equity_ohlcv
DXG,2022-05-20 07:00:00,17.34,18.4,17.17,18.36,11712100,unknown,vnstock_market_equity_ohlcv
DXG,2022-05-23 07:00:00,18.4,18.6,17.1,17.24,7530900,unknown,vnstock_market_equity_ohlcv
DXG,2022-05-24 07:00:00,17.38,18.06,16.22,18.06,6139600,unknown,vnstock_market_equity_ohlcv
DXG,2022-05-25 07:00:00,18.02,18.91,17.61,18.77,11455700,unknown,vnstock_market_equity_ohlcv
DXG,2022-05-26 07:00:00,18.91,19.18,18.33,18.53,9600200,unknown,vnstock_market_equity_ohlcv
DXG,2022-05-27 07:00:00,18.53,18.94,18.47,18.6,6011400,unknown,vnstock_market_equity_ohlcv
DXG,2022-05-30 07:00:00,18.94,19.59,18.64,19.22,8812800,unknown,vnstock_market_equity_ohlcv
DXG,2022-05-31 07:00:00,18.94,19.35,18.6,18.84,7390600,unknown,vnstock_market_equity_ohlcv
DXG,2022-06-01 07:00:00,18.84,19.05,18.12,18.4,7315900,unknown,vnstock_market_equity_ohlcv
DXG,2022-06-02 07:00:00,18.47,18.94,17.24,17.61,11117200,unknown,vnstock_market_equity_ohlcv
DXG,2022-06-03 07:00:00,17.44,17.72,16.8,17.04,9302000,unknown,vnstock_market_equity_ohlcv
DXG,2022-06-06 07:00:00,17.04,17.31,15.84,15.84,19792500,unknown,vnstock_market_equity_ohlcv
DXG,2022-06-07 07:00:00,15.06,15.54,14.75,14.75,20238500,unknown,vnstock_market_equity_ohlcv
DXG,2022-06-08 07:00:00,15.02,15.77,14.99,15.77,6041200,unknown,vnstock_market_equity_ohlcv
DXG,2022-06-09 07:00:00,16.22,16.86,16.15,16.86,13104600,unknown,vnstock_market_equity_ohlcv
DXG,2022-06-10 07:00:00,16.49,17.34,16.11,16.25,12930400,unknown,vnstock_market_equity_ohlcv
DXG,2022-06-13 07:00:00,15.4,15.81,15.13,15.13,8735200,unknown,vnstock_market_equity_ohlcv
DXG,2022-06-14 07:00:00,14.82,15.91,14.38,15.33,7794300,unknown,vnstock_market_equity_ohlcv
DXG,2022-06-15 07:00:00,15.5,15.57,14.28,14.28,8826300,unknown,vnstock_market_equity_ohlcv
DXG,2022-06-16 07:00:00,14.72,14.85,13.63,13.7,8719200,unknown,vnstock_market_equity_ohlcv
DXG,2022-06-17 07:00:00,12.81,13.36,12.74,13.29,15545300,unknown,vnstock_market_equity_ohlcv
DXG,2022-06-20 07:00:00,13.29,13.56,12.37,12.37,11372500,unknown,vnstock_market_equity_ohlcv
DXG,2022-06-21 07:00:00,11.92,12.67,11.72,12.57,7544800,unknown,vnstock_market_equity_ohlcv
DXG,2022-06-22 07:00:00,12.78,13.42,12.57,12.88,6905600,unknown,vnstock_market_equity_ohlcv
DXG,2022-06-23 07:00:00,12.95,13.76,12.74,13.76,7045500,unknown,vnstock_market_equity_ohlcv
DXG,2022-06-24 07:00:00,13.76,14.55,13.63,13.97,6610100,unknown,vnstock_market_equity_ohlcv
DXG,2022-06-27 07:00:00,13.9,14.62,13.87,14.31,5840300,unknown,vnstock_market_equity_ohlcv
DXG,2022-06-28 07:00:00,14.31,14.96,14.04,14.48,6150600,unknown,vnstock_market_equity_ohlcv
DXG,2022-06-29 07:00:00,14.17,14.51,13.9,13.9,5291100,unknown,vnstock_market_equity_ohlcv
DXG,2022-06-30 07:00:00,13.9,14.17,13.15,13.29,6782400,unknown,vnstock_market_equity_ohlcv
DXG,2022-07-01 07:00:00,13.29,13.94,12.67,13.42,5325100,unknown,vnstock_market_equity_ohlcv
DXG,2022-07-04 07:00:00,13.76,13.94,13.56,13.76,3171700,unknown,vnstock_market_equity_ohlcv
DXG,2022-07-05 07:00:00,13.83,14.04,13.59,13.63,4953400,unknown,vnstock_market_equity_ohlcv
DXG,2022-07-06 07:00:00,13.32,14.24,13.29,13.32,6230200,unknown,vnstock_market_equity_ohlcv
DXG,2022-07-07 07:00:00,13.63,13.76,13.25,13.56,3247700,unknown,vnstock_market_equity_ohlcv
DXG,2022-07-08 07:00:00,13.83,14.48,13.76,14.48,18235300,unknown,vnstock_market_equity_ohlcv
DXG,2022-07-11 07:00:00,14.45,14.75,14.0,14.24,8062400,unknown,vnstock_market_equity_ohlcv
DXG,2022-07-12 07:00:00,14.45,15.16,14.34,14.89,9675000,unknown,vnstock_market_equity_ohlcv
DXG,2022-07-13 07:00:00,14.89,14.96,14.48,14.55,9954000,unknown,vnstock_market_equity_ohlcv
DXG,2022-07-14 07:00:00,14.31,14.96,14.31,14.82,8037400,unknown,vnstock_market_equity_ohlcv
DXG,2022-07-15 07:00:00,14.99,15.5,14.82,14.96,10525300,unknown,vnstock_market_equity_ohlcv
DXG,2022-07-18 07:00:00,15.13,15.16,14.31,14.58,8734400,unknown,vnstock_market_equity_ohlcv
DXG,2022-07-19 07:00:00,14.51,14.68,13.97,14.24,6921400,unknown,vnstock_market_equity_ohlcv
DXG,2022-07-20 07:00:00,14.58,15.06,14.51,14.79,7398100,unknown,vnstock_market_equity_ohlcv
DXG,2022-07-21 07:00:00,14.79,15.47,14.79,15.2,11816700,unknown,vnstock_market_equity_ohlcv
DXG,2022-07-22 07:00:00,15.13,15.3,14.92,14.99,6995400,unknown,vnstock_market_equity_ohlcv
DXG,2022-07-25 07:00:00,14.79,15.13,14.68,14.92,4239200,unknown,vnstock_market_equity_ohlcv
DXG,2022-07-26 07:00:00,14.92,15.47,14.92,15.33,11314700,unknown,vnstock_market_equity_ohlcv
DXG,2022-07-27 07:00:00,15.3,16.28,15.26,16.28,11182800,unknown,vnstock_market_equity_ohlcv
DXG,2022-07-28 07:00:00,16.69,17.1,16.42,16.73,14176800,unknown,vnstock_market_equity_ohlcv
DXG,2022-07-29 07:00:00,16.56,17.24,16.52,16.9,10826800,unknown,vnstock_market_equity_ohlcv
DXG,2022-08-01 07:00:00,16.9,17.92,16.8,17.92,11099400,unknown,vnstock_market_equity_ohlcv
DXG,2022-08-02 07:00:00,17.78,18.16,17.58,17.89,13145500,unknown,vnstock_market_equity_ohlcv
DXG,2022-08-03 07:00:00,17.58,18.5,17.58,18.4,8674200,unknown,vnstock_market_equity_ohlcv
DXG,2022-08-04 07:00:00,18.4,18.57,17.92,18.19,9003400,unknown,vnstock_market_equity_ohlcv
DXG,2022-08-05 07:00:00,18.16,18.7,17.92,18.64,8290700,unknown,vnstock_market_equity_ohlcv
DXG,2022-08-08 07:00:00,18.91,18.94,18.06,18.26,9679100,unknown,vnstock_market_equity_ohlcv
DXG,2022-08-09 07:00:00,18.23,18.57,17.92,18.4,8976000,unknown,vnstock_market_equity_ohlcv
DXG,2022-08-10 07:00:00,18.33,19.66,18.26,19.08,15593000,unknown,vnstock_market_equity_ohlcv
DXG,2022-08-11 07:00:00,19.45,19.45,18.53,18.94,8868300,unknown,vnstock_market_equity_ohlcv
DXG,2022-08-12 07:00:00,18.84,19.22,18.81,19.08,5687800,unknown,vnstock_market_equity_ohlcv
DXG,2022-08-15 07:00:00,19.11,19.52,19.01,19.08,8556100,unknown,vnstock_market_equity_ohlcv
DXG,2022-08-16 07:00:00,19.08,19.28,18.7,19.01,7924200,unknown,vnstock_market_equity_ohlcv
DXG,2022-08-17 07:00:00,19.15,20.03,19.05,19.56,11381300,unknown,vnstock_market_equity_ohlcv
DXG,2022-08-18 07:00:00,19.32,19.62,19.11,19.52,5288100,unknown,vnstock_market_equity_ohlcv
DXG,2022-08-19 07:00:00,19.9,20.2,19.28,19.76,11541700,unknown,vnstock_market_equity_ohlcv
DXG,2022-08-22 07:00:00,19.66,19.66,18.81,19.08,11184800,unknown,vnstock_market_equity_ohlcv
DXG,2022-08-23 07:00:00,18.74,19.56,18.74,19.49,10503400,unknown,vnstock_market_equity_ohlcv
DXG,2022-08-24 07:00:00,19.56,19.69,19.11,19.32,7061400,unknown,vnstock_market_equity_ohlcv
DXG,2022-08-25 07:00:00,19.28,19.59,19.18,19.18,7214400,unknown,vnstock_market_equity_ohlcv
DXG,2022-08-26 07:00:00,19.35,20.0,19.08,19.08,14374700,unknown,vnstock_market_equity_ohlcv
DXG,2022-08-29 07:00:00,18.53,18.81,17.75,18.53,23397300,unknown,vnstock_market_equity_ohlcv
DXG,2022-08-30 07:00:00,18.81,18.81,17.72,17.72,11439300,unknown,vnstock_market_equity_ohlcv
DXG,2022-08-31 07:00:00,17.58,18.06,17.44,18.06,9433900,unknown,vnstock_market_equity_ohlcv
DXG,2022-09-05 07:00:00,18.06,18.26,17.65,17.65,5767900,unknown,vnstock_market_equity_ohlcv
DXG,2022-09-06 07:00:00,17.72,18.3,17.55,18.06,9651100,unknown,vnstock_market_equity_ohlcv
DXG,2022-09-07 07:00:00,17.89,18.09,16.8,16.8,14177100,unknown,vnstock_market_equity_ohlcv
DXG,2022-09-08 07:00:00,17.1,17.1,16.35,16.63,9286900,unknown,vnstock_market_equity_ohlcv
DXG,2022-09-09 07:00:00,16.9,17.17,16.22,17.17,8302000,unknown,vnstock_market_equity_ohlcv
DXG,2022-09-12 07:00:00,17.31,17.31,16.8,16.8,7232600,unknown,vnstock_market_equity_ohlcv
DXG,2022-09-13 07:00:00,16.8,16.9,16.32,16.8,9270200,unknown,vnstock_market_equity_ohlcv
DXG,2022-09-14 07:00:00,16.42,17.78,16.35,17.72,13330500,unknown,vnstock_market_equity_ohlcv
DXG,2022-09-15 07:00:00,17.78,17.95,17.51,17.51,7165500,unknown,vnstock_market_equity_ohlcv
DXG,2022-09-16 07:00:00,17.38,17.44,16.76,16.76,11392300,unknown,vnstock_market_equity_ohlcv
DXG,2022-09-19 07:00:00,16.9,17.17,16.42,16.42,10769000,unknown,vnstock_market_equity_ohlcv
DXG,2022-09-20 07:00:00,16.69,17.2,16.32,17.0,7045100,unknown,vnstock_market_equity_ohlcv
DXG,2022-09-21 07:00:00,16.76,17.51,16.76,16.97,9732800,unknown,vnstock_market_equity_ohlcv
DXG,2022-09-22 07:00:00,16.69,17.65,16.69,17.58,10655400,unknown,vnstock_market_equity_ohlcv
DXG,2022-09-23 07:00:00,17.65,17.72,16.63,16.9,12758300,unknown,vnstock_market_equity_ohlcv
DXG,2022-09-26 07:00:00,16.46,16.59,15.74,15.74,11461200,unknown,vnstock_market_equity_ohlcv
DXG,2022-09-27 07:00:00,15.5,15.67,14.65,14.65,17791400,unknown,vnstock_market_equity_ohlcv
DXG,2022-09-28 07:00:00,14.17,15.16,14.17,14.65,8698700,unknown,vnstock_market_equity_ohlcv
DXG,2022-09-29 07:00:00,15.09,15.09,13.63,13.63,10810800,unknown,vnstock_market_equity_ohlcv
DXG,2022-09-30 07:00:00,13.76,13.97,12.74,13.83,13242500,unknown,vnstock_market_equity_ohlcv
DXG,2022-10-03 07:00:00,13.63,13.9,12.88,12.88,7218700,unknown,vnstock_market_equity_ohlcv
DXG,2022-10-04 07:00:00,13.08,13.12,11.99,12.03,13858900,unknown,vnstock_market_equity_ohlcv
DXG,2022-10-05 07:00:00,12.33,12.84,12.26,12.84,6233000,unknown,vnstock_market_equity_ohlcv
DXG,2022-10-06 07:00:00,12.88,13.08,11.96,11.96,9194500,unknown,vnstock_market_equity_ohlcv
DXG,2022-10-07 07:00:00,11.86,11.92,11.14,11.14,22861100,unknown,vnstock_market_equity_ohlcv
DXG,2022-10-10 07:00:00,10.94,11.52,10.63,11.28,5923900,unknown,vnstock_market_equity_ohlcv
DXG,2022-10-11 07:00:00,11.28,11.28,10.49,10.49,13630600,unknown,vnstock_market_equity_ohlcv
DXG,2022-10-12 07:00:00,10.42,11.18,9.91,10.97,7480300,unknown,vnstock_market_equity_ohlcv
DXG,2022-10-13 07:00:00,10.97,11.28,10.94,11.14,5651300,unknown,vnstock_market_equity_ohlcv
DXG,2022-10-14 07:00:00,11.52,11.65,11.18,11.24,7129300,unknown,vnstock_market_equity_ohlcv
DXG,2022-10-17 07:00:00,11.14,11.14,10.49,10.77,4983100,unknown,vnstock_market_equity_ohlcv
DXG,2022-10-18 07:00:00,11.07,11.52,10.94,11.45,12399300,unknown,vnstock_market_equity_ohlcv
DXG,2022-10-19 07:00:00,11.45,11.75,11.34,11.34,4343400,unknown,vnstock_market_equity_ohlcv
DXG,2022-10-20 07:00:00,11.24,11.45,10.9,10.9,5569900,unknown,vnstock_market_equity_ohlcv
DXG,2022-10-21 07:00:00,11.11,11.11,10.15,10.15,11460600,unknown,vnstock_market_equity_ohlcv
DXG,2022-10-24 07:00:00,9.98,10.22,9.47,9.47,8185300,unknown,vnstock_market_equity_ohlcv
DXG,2022-10-25 07:00:00,9.34,9.74,8.82,8.82,11717300,unknown,vnstock_market_equity_ohlcv
DXG,2022-10-26 07:00:00,9.06,9.06,8.21,8.21,11797200,unknown,vnstock_market_equity_ohlcv
DXG,2022-10-27 07:00:00,8.24,8.76,8.24,8.76,6090400,unknown,vnstock_market_equity_ohlcv
DXG,2022-10-28 07:00:00,9.06,9.34,8.99,9.2,10228400,unknown,vnstock_market_equity_ohlcv
DXG,2022-10-31 07:00:00,9.1,9.54,8.76,9.54,8533100,unknown,vnstock_market_equity_ohlcv
DXG,2022-11-01 07:00:00,9.71,9.95,9.54,9.81,7322400,unknown,vnstock_market_equity_ohlcv
DXG,2022-11-02 07:00:00,9.81,9.91,9.34,9.34,5871500,unknown,vnstock_market_equity_ohlcv
DXG,2022-11-03 07:00:00,9.06,9.54,9.03,9.23,3577400,unknown,vnstock_market_equity_ohlcv
DXG,2022-11-04 07:00:00,9.03,9.2,8.62,8.62,9288700,unknown,vnstock_market_equity_ohlcv
DXG,2022-11-07 07:00:00,8.24,8.52,8.04,8.04,3239300,unknown,vnstock_market_equity_ohlcv
DXG,2022-11-08 07:00:00,7.5,7.84,7.5,7.5,11270700,unknown,vnstock_market_equity_ohlcv
DXG,2022-11-09 07:00:00,7.73,8.01,7.63,7.73,7855900,unknown,vnstock_market_equity_ohlcv
DXG,2022-11-10 07:00:00,7.5,8.11,7.22,7.22,5472100,unknown,vnstock_market_equity_ohlcv
DXG,2022-11-11 07:00:00,7.36,7.56,6.72,6.72,12056700,unknown,vnstock_market_equity_ohlcv
DXG,2022-11-14 07:00:00,6.25,6.54,6.25,6.25,6830600,unknown,vnstock_market_equity_ohlcv
DXG,2022-11-15 07:00:00,5.81,5.93,5.81,5.81,11079400,unknown,vnstock_market_equity_ohlcv
DXG,2022-11-16 07:00:00,5.41,6.21,5.41,6.21,26971100,unknown,vnstock_market_equity_ohlcv
DXG,2022-11-17 07:00:00,6.44,6.64,6.37,6.64,16486000,unknown,vnstock_market_equity_ohlcv
DXG,2022-11-18 07:00:00,6.75,7.09,6.34,7.09,23566600,unknown,vnstock_market_equity_ohlcv
DXG,2022-11-21 07:00:00,7.43,7.46,6.98,7.16,16007600,unknown,vnstock_market_equity_ohlcv
DXG,2022-11-22 07:00:00,7.22,7.63,6.75,6.95,22234200,unknown,vnstock_market_equity_ohlcv
DXG,2022-11-23 07:00:00,6.95,7.09,6.54,6.54,10708200,unknown,vnstock_market_equity_ohlcv
DXG,2022-11-24 07:00:00,6.47,6.81,6.27,6.75,12106700,unknown,vnstock_market_equity_ohlcv
DXG,2022-11-25 07:00:00,7.02,7.19,6.92,7.19,6630200,unknown,vnstock_market_equity_ohlcv
DXG,2022-11-28 07:00:00,7.67,7.67,7.67,7.67,2640000,unknown,vnstock_market_equity_ohlcv
DXG,2022-11-29 07:00:00,8.18,8.18,7.7,8.18,41835800,unknown,vnstock_market_equity_ohlcv
DXG,2022-11-30 07:00:00,8.45,8.72,8.21,8.72,13600600,unknown,vnstock_market_equity_ohlcv
DXG,2022-12-01 07:00:00,9.3,9.3,8.86,9.3,27932400,unknown,vnstock_market_equity_ohlcv
DXG,2022-12-02 07:00:00,9.3,9.95,8.96,9.95,23512900,unknown,vnstock_market_equity_ohlcv
DXG,2022-12-05 07:00:00,10.6,10.6,9.85,10.29,23670400,unknown,vnstock_market_equity_ohlcv
DXG,2022-12-06 07:00:00,9.88,10.19,9.57,9.57,31738600,unknown,vnstock_market_equity_ohlcv
DXG,2022-12-07 07:00:00,9.2,9.44,8.93,8.93,24093200,unknown,vnstock_market_equity_ohlcv
DXG,2022-12-08 07:00:00,9.2,9.54,9.1,9.54,14715500,unknown,vnstock_market_equity_ohlcv
DXG,2022-12-09 07:00:00,9.88,9.95,9.3,9.78,17385200,unknown,vnstock_market_equity_ohlcv
DXG,2022-12-12 07:00:00,9.78,9.91,9.1,9.1,20451000,unknown,vnstock_market_equity_ohlcv
DXG,2022-12-13 07:00:00,9.03,9.71,8.59,9.71,17039400,unknown,vnstock_market_equity_ohlcv
DXG,2022-12-14 07:00:00,10.09,10.09,9.51,9.64,13817500,unknown,vnstock_market_equity_ohlcv
DXG,2022-12-15 07:00:00,9.47,10.29,9.47,10.29,20740700,unknown,vnstock_market_equity_ohlcv
DXG,2022-12-16 07:00:00,10.12,10.7,10.09,10.29,13410000,unknown,vnstock_market_equity_ohlcv
DXG,2022-12-19 07:00:00,10.32,10.66,9.61,9.61,18334500,unknown,vnstock_market_equity_ohlcv
DXG,2022-12-20 07:00:00,9.57,9.71,8.99,9.13,16000100,unknown,vnstock_market_equity_ohlcv
DXG,2022-12-21 07:00:00,9.47,9.47,8.59,9.1,10701200,unknown,vnstock_market_equity_ohlcv
DXG,2022-12-22 07:00:00,9.3,9.44,8.79,9.3,8340300,unknown,vnstock_market_equity_ohlcv
DXG,2022-12-23 07:00:00,9.27,9.37,8.93,8.99,4767600,unknown,vnstock_market_equity_ohlcv
DXG,2022-12-26 07:00:00,8.86,8.99,8.38,8.38,9301900,unknown,vnstock_market_equity_ohlcv
DXG,2022-12-27 07:00:00,8.28,8.96,8.11,8.82,7525500,unknown,vnstock_market_equity_ohlcv
DXG,2022-12-28 07:00:00,8.93,8.99,8.65,8.76,5719600,unknown,vnstock_market_equity_ohlcv
DXG,2022-12-29 07:00:00,8.65,9.06,8.45,8.45,5019800,unknown,vnstock_market_equity_ohlcv
DXG,2022-12-30 07:00:00,8.55,8.72,8.11,8.69,9802000,unknown,vnstock_market_equity_ohlcv
EIB,2022-05-04 07:00:00,19.82,19.82,19.04,19.08,88300,unknown,vnstock_market_equity_ohlcv
EIB,2022-05-05 07:00:00,19.5,19.5,19.08,19.47,61000,unknown,vnstock_market_equity_ohlcv
EIB,2022-05-06 07:00:00,19.34,19.43,19.08,19.24,171800,unknown,vnstock_market_equity_ohlcv
EIB,2022-05-09 07:00:00,18.78,19.37,17.91,19.11,352800,unknown,vnstock_market_equity_ohlcv
EIB,2022-05-10 07:00:00,18.59,19.37,18.33,19.11,142400,unknown,vnstock_market_equity_ohlcv
EIB,2022-05-11 07:00:00,19.11,20.44,18.46,20.44,292100,unknown,vnstock_market_equity_ohlcv
EIB,2022-05-12 07:00:00,20.44,21.09,20.34,20.54,276700,unknown,vnstock_market_equity_ohlcv
EIB,2022-05-13 07:00:00,20.44,20.54,19.5,20.34,209200,unknown,vnstock_market_equity_ohlcv
EIB,2022-05-16 07:00:00,20.34,21.12,20.21,20.21,244900,unknown,vnstock_market_equity_ohlcv
EIB,2022-05-17 07:00:00,19.89,20.77,18.82,20.47,156900,unknown,vnstock_market_equity_ohlcv
EIB,2022-05-18 07:00:00,21.12,21.12,20.21,20.47,114300,unknown,vnstock_market_equity_ohlcv
EIB,2022-05-19 07:00:00,20.15,20.51,19.5,19.76,143700,unknown,vnstock_market_equity_ohlcv
EIB,2022-05-20 07:00:00,20.15,20.15,19.11,20.08,102900,unknown,vnstock_market_equity_ohlcv
EIB,2022-05-23 07:00:00,20.08,20.31,19.34,20.05,246800,unknown,vnstock_market_equity_ohlcv
EIB,2022-05-24 07:00:00,20.34,20.6,20.08,20.54,273600,unknown,vnstock_market_equity_ohlcv
EIB,2022-05-25 07:00:00,20.77,21.12,20.38,21.12,170800,unknown,vnstock_market_equity_ohlcv
EIB,2022-05-26 07:00:00,21.12,21.25,20.86,21.12,92100,unknown,vnstock_market_equity_ohlcv
EIB,2022-05-27 07:00:00,21.12,22.46,21.09,22.16,569900,unknown,vnstock_market_equity_ohlcv
EIB,2022-05-30 07:00:00,22.75,22.75,21.84,22.1,138400,unknown,vnstock_market_equity_ohlcv
EIB,2022-05-31 07:00:00,21.32,21.94,21.32,21.58,61500,unknown,vnstock_market_equity_ohlcv
EIB,2022-06-01 07:00:00,21.51,21.51,20.96,21.12,75400,unknown,vnstock_market_equity_ohlcv
EIB,2022-06-02 07:00:00,20.83,21.19,20.54,20.77,97100,unknown,vnstock_market_equity_ohlcv
EIB,2022-06-03 07:00:00,20.99,21.03,20.18,20.47,97300,unknown,vnstock_market_equity_ohlcv
EIB,2022-06-06 07:00:00,19.95,20.54,19.95,20.44,122400,unknown,vnstock_market_equity_ohlcv
EIB,2022-06-07 07:00:00,20.44,20.44,19.56,19.82,109500,unknown,vnstock_market_equity_ohlcv
EIB,2022-06-08 07:00:00,20.15,20.21,19.56,20.21,223900,unknown,vnstock_market_equity_ohlcv
EIB,2022-06-09 07:00:00,20.28,20.28,19.56,19.73,267700,unknown,vnstock_market_equity_ohlcv
EIB,2022-06-10 07:00:00,19.76,19.99,19.69,19.76,211700,unknown,vnstock_market_equity_ohlcv
EIB,2022-06-13 07:00:00,19.89,20.47,19.5,20.08,363400,unknown,vnstock_market_equity_ohlcv
EIB,2022-06-14 07:00:00,20.38,20.41,20.15,20.34,166900,unknown,vnstock_market_equity_ohlcv
EIB,2022-06-15 07:00:00,20.41,20.41,19.82,19.95,158500,unknown,vnstock_market_equity_ohlcv
EIB,2022-06-16 07:00:00,19.82,20.02,19.82,19.89,477700,unknown,vnstock_market_equity_ohlcv
EIB,2022-06-17 07:00:00,19.89,20.38,19.86,20.38,1268200,unknown,vnstock_market_equity_ohlcv
EIB,2022-06-20 07:00:00,20.8,21.16,20.38,20.41,172900,unknown,vnstock_market_equity_ohlcv
EIB,2022-06-21 07:00:00,20.21,20.57,20.12,20.47,308700,unknown,vnstock_market_equity_ohlcv
EIB,2022-06-22 07:00:00,19.95,20.67,19.95,20.6,549400,unknown,vnstock_market_equity_ohlcv
EIB,2022-06-23 07:00:00,20.77,20.77,20.47,20.7,283300,unknown,vnstock_market_equity_ohlcv
EIB,2022-06-24 07:00:00,20.73,20.73,20.18,20.44,95800,unknown,vnstock_market_equity_ohlcv
EIB,2022-06-27 07:00:00,20.64,20.64,20.15,20.44,114100,unknown,vnstock_market_equity_ohlcv
EIB,2022-06-28 07:00:00,20.64,21.81,20.28,21.81,273300,unknown,vnstock_market_equity_ohlcv
EIB,2022-06-29 07:00:00,21.74,21.74,20.8,20.8,275200,unknown,vnstock_market_equity_ohlcv
EIB,2022-06-30 07:00:00,21.32,21.32,20.67,20.8,633200,unknown,vnstock_market_equity_ohlcv
EIB,2022-07-01 07:00:00,20.51,21.06,20.41,21.06,415200,unknown,vnstock_market_equity_ohlcv
EIB,2022-07-04 07:00:00,21.29,21.29,20.83,21.06,70000,unknown,vnstock_market_equity_ohlcv
EIB,2022-07-05 07:00:00,21.12,21.22,20.93,21.12,417700,unknown,vnstock_market_equity_ohlcv
EIB,2022-07-06 07:00:00,21.12,21.12,19.66,20.8,110400,unknown,vnstock_market_equity_ohlcv
EIB,2022-07-07 07:00:00,20.34,20.77,20.34,20.38,139500,unknown,vnstock_market_equity_ohlcv
EIB,2022-07-08 07:00:00,20.21,20.51,20.21,20.25,145200,unknown,vnstock_market_equity_ohlcv
EIB,2022-07-11 07:00:00,20.28,20.28,19.82,19.92,202800,unknown,vnstock_market_equity_ohlcv
EIB,2022-07-12 07:00:00,20.41,20.41,19.92,20.18,44800,unknown,vnstock_market_equity_ohlcv
EIB,2022-07-13 07:00:00,20.18,20.28,20.08,20.08,131900,unknown,vnstock_market_equity_ohlcv
EIB,2022-07-14 07:00:00,20.21,20.21,19.95,19.99,163400,unknown,vnstock_market_equity_ohlcv
EIB,2022-07-15 07:00:00,19.99,20.15,19.89,20.12,225800,unknown,vnstock_market_equity_ohlcv
EIB,2022-07-18 07:00:00,19.95,20.12,19.92,19.92,123500,unknown,vnstock_market_equity_ohlcv
EIB,2022-07-19 07:00:00,19.89,20.08,19.82,19.95,203600,unknown,vnstock_market_equity_ohlcv
EIB,2022-07-20 07:00:00,19.86,20.15,19.79,19.99,162900,unknown,vnstock_market_equity_ohlcv
EIB,2022-07-21 07:00:00,20.12,20.12,19.82,19.95,159100,unknown,vnstock_market_equity_ohlcv
EIB,2022-07-22 07:00:00,20.02,20.12,19.86,20.02,89700,unknown,vnstock_market_equity_ohlcv
EIB,2022-07-25 07:00:00,20.02,20.08,19.73,19.82,140700,unknown,vnstock_market_equity_ohlcv
EIB,2022-07-26 07:00:00,19.69,19.99,19.5,19.56,203600,unknown,vnstock_market_equity_ohlcv
EIB,2022-07-27 07:00:00,19.53,19.6,19.47,19.5,77400,unknown,vnstock_market_equity_ohlcv
EIB,2022-07-28 07:00:00,19.5,19.76,19.43,19.47,359800,unknown,vnstock_market_equity_ohlcv
EIB,2022-07-29 07:00:00,19.56,19.63,19.34,19.5,423900,unknown,vnstock_market_equity_ohlcv
EIB,2022-08-01 07:00:00,19.82,19.82,19.43,19.6,212400,unknown,vnstock_market_equity_ohlcv
EIB,2022-08-02 07:00:00,19.63,19.76,19.5,19.69,312000,unknown,vnstock_market_equity_ohlcv
EIB,2022-08-03 07:00:00,19.69,20.25,19.69,20.02,401100,unknown,vnstock_market_equity_ohlcv
EIB,2022-08-04 07:00:00,20.02,20.15,19.79,19.86,110700,unknown,vnstock_market_equity_ohlcv
EIB,2022-08-05 07:00:00,19.89,19.89,19.53,19.76,218500,unknown,vnstock_market_equity_ohlcv
EIB,2022-08-08 07:00:00,19.76,19.76,19.43,19.63,424900,unknown,vnstock_market_equity_ohlcv
EIB,2022-08-09 07:00:00,19.6,19.73,19.43,19.63,335600,unknown,vnstock_market_equity_ohlcv
EIB,2022-08-10 07:00:00,19.56,19.73,19.5,19.5,281300,unknown,vnstock_market_equity_ohlcv
EIB,2022-08-11 07:00:00,19.66,19.69,19.47,19.5,116300,unknown,vnstock_market_equity_ohlcv
EIB,2022-08-12 07:00:00,19.43,19.5,19.43,19.47,144900,unknown,vnstock_market_equity_ohlcv
EIB,2022-08-15 07:00:00,19.6,19.63,19.5,19.5,235800,unknown,vnstock_market_equity_ohlcv
EIB,2022-08-16 07:00:00,19.43,19.63,19.43,19.5,114800,unknown,vnstock_market_equity_ohlcv
EIB,2022-08-17 07:00:00,19.53,19.53,19.47,19.5,181500,unknown,vnstock_market_equity_ohlcv
EIB,2022-08-18 07:00:00,19.5,19.53,19.43,19.43,155700,unknown,vnstock_market_equity_ohlcv
EIB,2022-08-19 07:00:00,19.43,19.5,19.27,19.3,251000,unknown,vnstock_market_equity_ohlcv
EIB,2022-08-22 07:00:00,19.37,19.76,19.37,19.43,282400,unknown,vnstock_market_equity_ohlcv
EIB,2022-08-23 07:00:00,19.43,19.6,19.37,19.56,114600,unknown,vnstock_market_equity_ohlcv
EIB,2022-08-24 07:00:00,19.63,19.63,19.43,19.5,148300,unknown,vnstock_market_equity_ohlcv
EIB,2022-08-25 07:00:00,19.5,19.5,19.37,19.43,153600,unknown,vnstock_market_equity_ohlcv
EIB,2022-08-26 07:00:00,19.47,20.47,19.47,20.28,1797000,unknown,vnstock_market_equity_ohlcv
EIB,2022-08-29 07:00:00,20.25,20.25,19.63,20.12,528000,unknown,vnstock_market_equity_ohlcv
EIB,2022-08-30 07:00:00,20.15,20.15,19.82,19.82,407300,unknown,vnstock_market_equity_ohlcv
EIB,2022-08-31 07:00:00,19.76,19.92,19.63,19.73,414700,unknown,vnstock_market_equity_ohlcv
EIB,2022-09-05 07:00:00,19.99,20.02,19.53,19.69,400600,unknown,vnstock_market_equity_ohlcv
EIB,2022-09-06 07:00:00,19.66,19.86,19.6,19.69,292600,unknown,vnstock_market_equity_ohlcv
EIB,2022-09-07 07:00:00,19.63,19.82,19.5,19.73,432600,unknown,vnstock_market_equity_ohlcv
EIB,2022-09-08 07:00:00,19.79,19.92,19.63,19.92,468800,unknown,vnstock_market_equity_ohlcv
EIB,2022-09-09 07:00:00,19.92,19.99,19.76,19.89,298100,unknown,vnstock_market_equity_ohlcv
EIB,2022-09-12 07:00:00,19.95,19.95,19.76,19.79,117800,unknown,vnstock_market_equity_ohlcv
EIB,2022-09-13 07:00:00,19.79,20.54,19.69,20.08,398800,unknown,vnstock_market_equity_ohlcv
EIB,2022-09-14 07:00:00,19.79,21.48,19.79,21.48,2671000,unknown,vnstock_market_equity_ohlcv
EIB,2022-09-15 07:00:00,22.1,22.98,21.64,22.94,1960100,unknown,vnstock_market_equity_ohlcv
EIB,2022-09-16 07:00:00,23.04,23.4,22.03,22.16,1384300,unknown,vnstock_market_equity_ohlcv
EIB,2022-09-19 07:00:00,22.36,22.88,22.23,22.68,2063200,unknown,vnstock_market_equity_ohlcv
EIB,2022-09-20 07:00:00,22.75,23.07,22.72,22.94,932300,unknown,vnstock_market_equity_ohlcv
EIB,2022-09-21 07:00:00,22.94,23.01,22.23,22.42,791300,unknown,vnstock_market_equity_ohlcv
EIB,2022-09-22 07:00:00,22.42,22.78,22.42,22.78,629700,unknown,vnstock_market_equity_ohlcv
EIB,2022-09-23 07:00:00,23.01,23.01,22.52,22.55,416500,unknown,vnstock_market_equity_ohlcv
EIB,2022-09-26 07:00:00,22.23,23.33,22.23,22.81,1336900,unknown,vnstock_market_equity_ohlcv
EIB,2022-09-27 07:00:00,23.01,23.33,23.01,23.07,616500,unknown,vnstock_market_equity_ohlcv
EIB,2022-09-28 07:00:00,23.24,23.24,22.75,22.75,705900,unknown,vnstock_market_equity_ohlcv
EIB,2022-09-29 07:00:00,22.55,23.89,22.55,23.89,2807100,unknown,vnstock_market_equity_ohlcv
EIB,2022-09-30 07:00:00,23.4,23.66,22.23,22.23,1091500,unknown,vnstock_market_equity_ohlcv
EIB,2022-10-03 07:00:00,22.23,22.49,21.64,21.64,797300,unknown,vnstock_market_equity_ohlcv
EIB,2022-10-04 07:00:00,21.71,22.23,21.12,21.12,696500,unknown,vnstock_market_equity_ohlcv
EIB,2022-10-05 07:00:00,21.71,22.59,21.64,22.59,437700,unknown,vnstock_market_equity_ohlcv
EIB,2022-10-06 07:00:00,23.07,24.02,22.29,24.02,6914600,unknown,vnstock_market_equity_ohlcv
EIB,2022-10-07 07:00:00,22.68,24.18,22.36,24.18,7445500,unknown,vnstock_market_equity_ohlcv
EIB,2022-10-10 07:00:00,22.81,24.18,22.81,24.18,571400,unknown,vnstock_market_equity_ohlcv
EIB,2022-10-11 07:00:00,24.18,24.18,23.14,24.05,1006700,unknown,vnstock_market_equity_ohlcv
EIB,2022-10-12 07:00:00,23.46,24.18,23.46,24.05,424200,unknown,vnstock_market_equity_ohlcv
EIB,2022-10-13 07:00:00,24.05,24.57,23.37,24.57,2215800,unknown,vnstock_market_equity_ohlcv
EIB,2022-10-14 07:00:00,24.7,24.7,23.98,23.98,191400,unknown,vnstock_market_equity_ohlcv
EIB,2022-10-17 07:00:00,23.98,24.05,23.4,24.05,1047600,unknown,vnstock_market_equity_ohlcv
EIB,2022-10-18 07:00:00,24.05,24.05,23.59,24.05,642900,unknown,vnstock_market_equity_ohlcv
EIB,2022-10-19 07:00:00,23.72,24.34,23.46,24.08,1334100,unknown,vnstock_market_equity_ohlcv
EIB,2022-10-20 07:00:00,24.05,24.05,23.56,24.05,407900,unknown,vnstock_market_equity_ohlcv
EIB,2022-10-21 07:00:00,23.63,23.98,23.46,23.92,1238200,unknown,vnstock_market_equity_ohlcv
EIB,2022-10-24 07:00:00,23.72,23.92,22.26,23.72,1608100,unknown,vnstock_market_equity_ohlcv
EIB,2022-10-25 07:00:00,23.66,25.35,22.75,25.35,2869100,unknown,vnstock_market_equity_ohlcv
EIB,2022-10-26 07:00:00,25.35,26.0,24.05,25.93,2294400,unknown,vnstock_market_equity_ohlcv
EIB,2022-10-27 07:00:00,25.67,27.3,25.02,27.3,1672200,unknown,vnstock_market_equity_ohlcv
EIB,2022-10-28 07:00:00,27.3,27.56,25.61,25.61,300600,unknown,vnstock_market_equity_ohlcv
EIB,2022-10-31 07:00:00,25.09,25.35,24.05,24.05,347900,unknown,vnstock_market_equity_ohlcv
EIB,2022-11-01 07:00:00,23.56,24.34,23.4,23.4,138300,unknown,vnstock_market_equity_ohlcv
EIB,2022-11-02 07:00:00,23.4,23.4,22.1,22.13,188900,unknown,vnstock_market_equity_ohlcv
EIB,2022-11-03 07:00:00,21.29,22.75,21.06,22.75,1523200,unknown,vnstock_market_equity_ohlcv
EIB,2022-11-04 07:00:00,22.29,22.29,21.19,21.22,721400,unknown,vnstock_market_equity_ohlcv
EIB,2022-11-07 07:00:00,21.45,21.45,19.76,19.76,377900,unknown,vnstock_market_equity_ohlcv
EIB,2022-11-08 07:00:00,18.39,19.5,18.39,19.5,1574400,unknown,vnstock_market_equity_ohlcv
EIB,2022-11-09 07:00:00,18.13,19.43,18.13,18.13,1876800,unknown,vnstock_market_equity_ohlcv
EIB,2022-11-10 07:00:00,16.87,16.87,16.87,16.87,112900,unknown,vnstock_market_equity_ohlcv
EIB,2022-11-11 07:00:00,15.7,16.25,15.7,15.7,11737800,unknown,vnstock_market_equity_ohlcv
EIB,2022-11-14 07:00:00,14.62,14.62,14.62,14.62,124800,unknown,vnstock_market_equity_ohlcv
EIB,2022-11-15 07:00:00,13.62,13.62,13.62,13.62,73600,unknown,vnstock_market_equity_ohlcv
EIB,2022-11-16 07:00:00,12.67,12.67,12.67,12.67,224300,unknown,vnstock_market_equity_ohlcv
EIB,2022-11-17 07:00:00,11.8,13.0,11.8,11.8,50981800,unknown,vnstock_market_equity_ohlcv
EIB,2022-11-18 07:00:00,12.61,12.61,11.83,12.61,5585900,unknown,vnstock_market_equity_ohlcv
EIB,2022-11-21 07:00:00,12.9,13.13,11.73,11.73,12599100,unknown,vnstock_market_equity_ohlcv
EIB,2022-11-22 07:00:00,11.24,12.54,11.05,12.54,13864700,unknown,vnstock_market_equity_ohlcv
EIB,2022-11-23 07:00:00,12.35,12.93,12.22,12.64,6791600,unknown,vnstock_market_equity_ohlcv
EIB,2022-11-24 07:00:00,12.38,12.51,11.96,12.32,5021600,unknown,vnstock_market_equity_ohlcv
EIB,2022-11-25 07:00:00,12.32,12.51,12.09,12.41,2629300,unknown,vnstock_market_equity_ohlcv
EIB,2022-11-28 07:00:00,12.48,12.64,12.35,12.64,4332700,unknown,vnstock_market_equity_ohlcv
EIB,2022-11-29 07:00:00,12.64,13.52,12.61,13.52,7709000,unknown,vnstock_market_equity_ohlcv
EIB,2022-11-30 07:00:00,14.3,14.46,13.84,14.3,4897400,unknown,vnstock_market_equity_ohlcv
EIB,2022-12-01 07:00:00,14.82,14.82,13.65,13.65,5851800,unknown,vnstock_market_equity_ohlcv
EIB,2022-12-02 07:00:00,13.58,14.07,13.29,13.97,3303900,unknown,vnstock_market_equity_ohlcv
EIB,2022-12-05 07:00:00,14.17,14.69,14.07,14.27,3693000,unknown,vnstock_market_equity_ohlcv
EIB,2022-12-06 07:00:00,14.23,14.36,13.32,13.32,4189600,unknown,vnstock_market_equity_ohlcv
EIB,2022-12-07 07:00:00,13.16,13.32,12.61,12.67,2828700,unknown,vnstock_market_equity_ohlcv
EIB,2022-12-08 07:00:00,13.0,13.55,13.0,13.55,2277900,unknown,vnstock_market_equity_ohlcv
EIB,2022-12-09 07:00:00,13.84,14.49,13.81,14.49,3653200,unknown,vnstock_market_equity_ohlcv
EIB,2022-12-12 07:00:00,15.5,15.5,15.5,15.5,1261400,unknown,vnstock_market_equity_ohlcv
EIB,2022-12-13 07:00:00,16.57,16.57,16.57,16.57,1108300,unknown,vnstock_market_equity_ohlcv
EIB,2022-12-14 07:00:00,17.71,17.71,16.7,17.68,7622100,unknown,vnstock_market_equity_ohlcv
EIB,2022-12-15 07:00:00,17.09,18.78,17.09,18.2,5043600,unknown,vnstock_market_equity_ohlcv
EIB,2022-12-16 07:00:00,18.1,18.23,17.61,17.81,3915800,unknown,vnstock_market_equity_ohlcv
EIB,2022-12-19 07:00:00,17.74,18.52,17.74,18.13,2801600,unknown,vnstock_market_equity_ohlcv
EIB,2022-12-20 07:00:00,18.17,19.27,17.94,18.52,3127800,unknown,vnstock_market_equity_ohlcv
EIB,2022-12-21 07:00:00,18.52,19.34,18.36,18.72,2357400,unknown,vnstock_market_equity_ohlcv
EIB,2022-12-22 07:00:00,19.01,19.43,18.1,18.2,4698600,unknown,vnstock_market_equity_ohlcv
EIB,2022-12-23 07:00:00,18.2,18.39,17.48,18.1,10083900,unknown,vnstock_market_equity_ohlcv
EIB,2022-12-26 07:00:00,18.04,18.04,16.96,17.03,3203000,unknown,vnstock_market_equity_ohlcv
EIB,2022-12-27 07:00:00,16.9,17.61,16.77,17.61,2173400,unknown,vnstock_market_equity_ohlcv
EIB,2022-12-28 07:00:00,17.87,18.3,17.55,18.13,1960400,unknown,vnstock_market_equity_ohlcv
EIB,2022-12-29 07:00:00,17.87,18.2,17.55,17.55,1484300,unknown,vnstock_market_equity_ohlcv
EIB,2022-12-30 07:00:00,17.22,18.17,17.22,18.17,3857700,unknown,vnstock_market_equity_ohlcv
FLC,2022-05-04 07:00:00,8.21,8.21,8.21,8.21,7645700,unknown,vnstock_market_equity_ohlcv
FLC,2022-05-05 07:00:00,7.64,8.48,7.64,7.82,26299000,unknown,vnstock_market_equity_ohlcv
FLC,2022-05-06 07:00:00,7.3,7.65,7.28,7.28,17482000,unknown,vnstock_market_equity_ohlcv
FLC,2022-05-09 07:00:00,6.78,7.1,6.78,6.78,16513800,unknown,vnstock_market_equity_ohlcv
FLC,2022-05-10 07:00:00,6.31,7.25,6.31,7.25,16401900,unknown,vnstock_market_equity_ohlcv
FLC,2022-05-11 07:00:00,7.49,7.74,7.35,7.72,9720400,unknown,vnstock_market_equity_ohlcv
FLC,2022-05-12 07:00:00,7.4,7.62,7.18,7.18,10189000,unknown,vnstock_market_equity_ohlcv
FLC,2022-05-13 07:00:00,7.0,7.16,6.68,6.68,14126700,unknown,vnstock_market_equity_ohlcv
FLC,2022-05-16 07:00:00,6.99,7.14,6.68,6.8,8383300,unknown,vnstock_market_equity_ohlcv
FLC,2022-05-17 07:00:00,6.52,7.22,6.52,7.16,6667700,unknown,vnstock_market_equity_ohlcv
FLC,2022-05-18 07:00:00,7.2,7.25,6.83,6.86,10327900,unknown,vnstock_market_equity_ohlcv
FLC,2022-05-19 07:00:00,6.68,6.8,6.57,6.68,6719700,unknown,vnstock_market_equity_ohlcv
FLC,2022-05-20 07:00:00,6.68,6.98,6.57,6.72,5802100,unknown,vnstock_market_equity_ohlcv
FLC,2022-05-23 07:00:00,6.9,6.93,6.58,6.77,6192400,unknown,vnstock_market_equity_ohlcv
FLC,2022-05-24 07:00:00,6.76,6.83,6.4,6.62,5265600,unknown,vnstock_market_equity_ohlcv
FLC,2022-05-25 07:00:00,6.72,6.83,6.36,6.66,10565900,unknown,vnstock_market_equity_ohlcv
FLC,2022-05-26 07:00:00,6.2,6.2,6.2,6.2,6176700,unknown,vnstock_market_equity_ohlcv
FLC,2022-05-27 07:00:00,5.77,6.12,5.77,5.97,26991500,unknown,vnstock_market_equity_ohlcv
FLC,2022-05-30 07:00:00,5.97,6.38,5.76,6.38,14372100,unknown,vnstock_market_equity_ohlcv
FLC,2022-05-31 07:00:00,6.5,6.7,6.11,6.11,10631800,unknown,vnstock_market_equity_ohlcv
FLC,2022-06-01 07:00:00,6.35,6.4,5.75,5.86,6710600,unknown,vnstock_market_equity_ohlcv
FLC,2022-06-02 07:00:00,5.86,6.27,5.6,5.8,5183500,unknown,vnstock_market_equity_ohlcv
FLC,2022-06-03 07:00:00,5.42,5.95,5.42,5.6,6335400,unknown,vnstock_market_equity_ohlcv
FLC,2022-06-06 07:00:00,5.45,5.51,5.21,5.21,15698500,unknown,vnstock_market_equity_ohlcv
FLC,2022-06-07 07:00:00,4.9,5.0,4.85,4.85,15151900,unknown,vnstock_market_equity_ohlcv
FLC,2022-06-08 07:00:00,4.85,5.18,4.65,5.18,2375700,unknown,vnstock_market_equity_ohlcv
FLC,2022-06-09 07:00:00,5.54,5.54,5.3,5.46,7845200,unknown,vnstock_market_equity_ohlcv
FLC,2022-06-10 07:00:00,5.48,5.48,5.08,5.08,12780100,unknown,vnstock_market_equity_ohlcv
FLC,2022-06-13 07:00:00,5.08,5.08,4.73,4.73,8226300,unknown,vnstock_market_equity_ohlcv
FLC,2022-06-14 07:00:00,4.73,4.9,4.4,4.4,7480800,unknown,vnstock_market_equity_ohlcv
FLC,2022-06-15 07:00:00,4.3,4.4,4.1,4.1,8219900,unknown,vnstock_market_equity_ohlcv
FLC,2022-06-16 07:00:00,4.1,4.36,3.91,4.2,5771300,unknown,vnstock_market_equity_ohlcv
FLC,2022-06-17 07:00:00,4.2,4.2,3.91,3.92,5230000,unknown,vnstock_market_equity_ohlcv
FLC,2022-06-20 07:00:00,3.92,3.92,3.65,3.65,8312400,unknown,vnstock_market_equity_ohlcv
FLC,2022-06-21 07:00:00,3.65,3.84,3.6,3.79,6110400,unknown,vnstock_market_equity_ohlcv
FLC,2022-06-22 07:00:00,3.53,4.05,3.53,4.05,3677500,unknown,vnstock_market_equity_ohlcv
FLC,2022-06-23 07:00:00,4.15,4.33,4.1,4.33,1973000,unknown,vnstock_market_equity_ohlcv
FLC,2022-06-24 07:00:00,4.6,4.63,4.6,4.63,4121100,unknown,vnstock_market_equity_ohlcv
FLC,2022-06-27 07:00:00,4.9,4.95,4.9,4.95,1895900,unknown,vnstock_market_equity_ohlcv
FLC,2022-06-28 07:00:00,5.27,5.29,5.2,5.29,3789800,unknown,vnstock_market_equity_ohlcv
FLC,2022-06-29 07:00:00,5.66,5.66,5.3,5.66,32748000,unknown,vnstock_market_equity_ohlcv
FLC,2022-06-30 07:00:00,5.8,6.05,5.66,5.75,10422200,unknown,vnstock_market_equity_ohlcv
FLC,2022-07-01 07:00:00,5.85,5.98,5.35,5.8,8400700,unknown,vnstock_market_equity_ohlcv
FLC,2022-07-04 07:00:00,6.0,6.2,6.0,6.2,3483400,unknown,vnstock_market_equity_ohlcv
FLC,2022-07-05 07:00:00,6.63,6.63,6.2,6.55,23504900,unknown,vnstock_market_equity_ohlcv
FLC,2022-07-06 07:00:00,6.55,6.68,6.15,6.3,9252400,unknown,vnstock_market_equity_ohlcv
FLC,2022-07-07 07:00:00,6.3,6.39,6.0,6.02,5759700,unknown,vnstock_market_equity_ohlcv
FLC,2022-07-08 07:00:00,6.03,6.28,6.03,6.03,5235800,unknown,vnstock_market_equity_ohlcv
FLC,2022-07-11 07:00:00,6.03,6.03,5.61,5.61,6868400,unknown,vnstock_market_equity_ohlcv
FLC,2022-07-12 07:00:00,5.31,6.0,5.3,5.96,4749300,unknown,vnstock_market_equity_ohlcv
FLC,2022-07-13 07:00:00,5.8,6.15,5.8,5.92,3936900,unknown,vnstock_market_equity_ohlcv
FLC,2022-07-14 07:00:00,5.9,5.9,5.7,5.75,4338500,unknown,vnstock_market_equity_ohlcv
FLC,2022-07-15 07:00:00,5.75,5.97,5.5,5.75,2980800,unknown,vnstock_market_equity_ohlcv
FLC,2022-07-18 07:00:00,5.74,5.9,5.73,5.75,3650400,unknown,vnstock_market_equity_ohlcv
FLC,2022-07-19 07:00:00,5.5,5.85,5.5,5.8,3788700,unknown,vnstock_market_equity_ohlcv
FLC,2022-07-20 07:00:00,5.79,6.09,5.79,5.98,5383500,unknown,vnstock_market_equity_ohlcv
FLC,2022-07-21 07:00:00,5.97,5.98,5.8,5.86,2098400,unknown,vnstock_market_equity_ohlcv
FLC,2022-07-22 07:00:00,5.96,6.25,5.78,5.8,8705400,unknown,vnstock_market_equity_ohlcv
FLC,2022-07-25 07:00:00,5.79,5.81,5.51,5.56,5791000,unknown,vnstock_market_equity_ohlcv
FLC,2022-07-26 07:00:00,5.55,5.57,5.3,5.33,5497300,unknown,vnstock_market_equity_ohlcv
FLC,2022-07-27 07:00:00,5.32,5.32,5.11,5.23,3014100,unknown,vnstock_market_equity_ohlcv
FLC,2022-07-28 07:00:00,5.23,5.58,5.23,5.48,3440100,unknown,vnstock_market_equity_ohlcv
FLC,2022-07-29 07:00:00,5.48,5.54,5.4,5.43,2623900,unknown,vnstock_market_equity_ohlcv
FLC,2022-08-01 07:00:00,5.43,5.76,5.35,5.7,6567400,unknown,vnstock_market_equity_ohlcv
FLC,2022-08-02 07:00:00,5.69,6.09,5.69,6.09,10385500,unknown,vnstock_market_equity_ohlcv
FLC,2022-08-03 07:00:00,6.08,6.51,5.7,5.96,11574200,unknown,vnstock_market_equity_ohlcv
FLC,2022-08-04 07:00:00,5.71,6.0,5.71,5.88,5394700,unknown,vnstock_market_equity_ohlcv
FLC,2022-08-05 07:00:00,5.87,5.95,5.55,5.85,4324400,unknown,vnstock_market_equity_ohlcv
FLC,2022-08-08 07:00:00,5.77,5.85,5.51,5.67,9618500,unknown,vnstock_market_equity_ohlcv
FLC,2022-08-09 07:00:00,5.6,5.95,5.6,5.82,4648000,unknown,vnstock_market_equity_ohlcv
FLC,2022-08-10 07:00:00,5.81,5.95,5.72,5.85,4094600,unknown,vnstock_market_equity_ohlcv
FLC,2022-08-11 07:00:00,5.81,5.92,5.58,5.58,5361100,unknown,vnstock_market_equity_ohlcv
FLC,2022-08-12 07:00:00,5.57,5.7,5.57,5.62,3113100,unknown,vnstock_market_equity_ohlcv
FLC,2022-08-15 07:00:00,5.61,5.74,5.57,5.59,3976000,unknown,vnstock_market_equity_ohlcv
FLC,2022-08-16 07:00:00,5.49,5.85,5.49,5.71,5897500,unknown,vnstock_market_equity_ohlcv
FLC,2022-08-17 07:00:00,5.51,5.71,5.32,5.32,3916700,unknown,vnstock_market_equity_ohlcv
FLC,2022-08-18 07:00:00,4.95,4.95,4.95,4.95,2387500,unknown,vnstock_market_equity_ohlcv
FLC,2022-08-19 07:00:00,4.61,5.25,4.61,4.93,18887700,unknown,vnstock_market_equity_ohlcv
FLC,2022-08-22 07:00:00,4.6,4.92,4.6,4.65,6605100,unknown,vnstock_market_equity_ohlcv
FLC,2022-08-23 07:00:00,4.64,4.84,4.61,4.84,6079600,unknown,vnstock_market_equity_ohlcv
FLC,2022-08-24 07:00:00,4.83,4.99,4.74,4.82,4842500,unknown,vnstock_market_equity_ohlcv
FLC,2022-08-25 07:00:00,4.49,4.65,4.49,4.49,24200500,unknown,vnstock_market_equity_ohlcv
FLC,2022-08-26 07:00:00,4.18,4.2,4.18,4.18,11856300,unknown,vnstock_market_equity_ohlcv
FLC,2022-08-29 07:00:00,3.89,3.89,3.89,3.89,5936800,unknown,vnstock_market_equity_ohlcv
FLC,2022-08-30 07:00:00,3.62,4.08,3.62,4.02,10153600,unknown,vnstock_market_equity_ohlcv
FLC,2022-08-31 07:00:00,4.01,4.1,3.94,4.0,4346900,unknown,vnstock_market_equity_ohlcv
FLC,2022-09-05 07:00:00,3.72,3.72,3.72,3.72,5417200,unknown,vnstock_market_equity_ohlcv
FLC,2022-09-06 07:00:00,3.46,3.46,3.46,3.46,5016700,unknown,vnstock_market_equity_ohlcv
FLC,2022-09-07 07:00:00,3.22,3.46,3.22,3.34,22111200,unknown,vnstock_market_equity_ohlcv
FLC,2022-09-08 07:00:00,3.14,3.57,3.13,3.57,18416200,unknown,vnstock_market_equity_ohlcv
FTS,2022-05-04 07:00:00,19.27,19.27,18.29,18.29,289700,unknown,vnstock_market_equity_ohlcv
FTS,2022-05-05 07:00:00,18.88,18.96,17.34,18.84,283100,unknown,vnstock_market_equity_ohlcv
FTS,2022-05-06 07:00:00,17.54,18.7,17.54,17.74,309700,unknown,vnstock_market_equity_ohlcv
FTS,2022-05-09 07:00:00,17.15,17.7,16.5,16.5,256800,unknown,vnstock_market_equity_ohlcv
FTS,2022-05-10 07:00:00,15.37,16.48,15.35,16.24,705400,unknown,vnstock_market_equity_ohlcv
FTS,2022-05-11 07:00:00,16.38,16.54,15.77,16.0,89600,unknown,vnstock_market_equity_ohlcv
FTS,2022-05-12 07:00:00,15.37,15.98,14.9,14.9,551600,unknown,vnstock_market_equity_ohlcv
FTS,2022-05-13 07:00:00,13.99,14.84,13.87,13.87,507400,unknown,vnstock_market_equity_ohlcv
FTS,2022-05-16 07:00:00,14.74,14.74,12.93,12.93,637200,unknown,vnstock_market_equity_ohlcv
FTS,2022-05-17 07:00:00,12.5,13.82,12.5,13.82,305600,unknown,vnstock_market_equity_ohlcv
FTS,2022-05-18 07:00:00,14.39,14.78,14.19,14.56,570900,unknown,vnstock_market_equity_ohlcv
FTS,2022-05-19 07:00:00,14.19,14.94,13.82,14.68,375400,unknown,vnstock_market_equity_ohlcv
FTS,2022-05-20 07:00:00,14.82,15.18,13.99,14.58,260900,unknown,vnstock_market_equity_ohlcv
FTS,2022-05-23 07:00:00,14.98,14.98,13.58,13.6,513800,unknown,vnstock_market_equity_ohlcv
FTS,2022-05-24 07:00:00,13.6,13.84,12.73,13.84,332300,unknown,vnstock_market_equity_ohlcv
FTS,2022-05-25 07:00:00,14.05,14.56,13.87,14.56,508400,unknown,vnstock_market_equity_ohlcv
FTS,2022-05-26 07:00:00,14.92,15.18,14.62,14.88,487000,unknown,vnstock_market_equity_ohlcv
FTS,2022-05-27 07:00:00,14.74,15.02,14.72,14.96,407000,unknown,vnstock_market_equity_ohlcv
FTS,2022-05-30 07:00:00,14.98,15.18,14.62,14.9,415600,unknown,vnstock_market_equity_ohlcv
FTS,2022-05-31 07:00:00,14.82,15.16,14.62,14.68,424700,unknown,vnstock_market_equity_ohlcv
FTS,2022-06-01 07:00:00,14.62,14.74,14.15,14.31,432500,unknown,vnstock_market_equity_ohlcv
FTS,2022-06-02 07:00:00,14.58,14.9,13.91,14.47,493400,unknown,vnstock_market_equity_ohlcv
FTS,2022-06-03 07:00:00,14.43,14.58,13.99,14.58,343200,unknown,vnstock_market_equity_ohlcv
FTS,2022-06-06 07:00:00,14.58,15.14,14.21,14.7,487600,unknown,vnstock_market_equity_ohlcv
FTS,2022-06-07 07:00:00,14.43,14.58,13.68,14.47,313900,unknown,vnstock_market_equity_ohlcv
FTS,2022-06-08 07:00:00,14.78,15.47,14.47,15.47,986500,unknown,vnstock_market_equity_ohlcv
FTS,2022-06-09 07:00:00,15.57,16.0,15.45,15.47,608200,unknown,vnstock_market_equity_ohlcv
FTS,2022-06-10 07:00:00,15.22,15.65,14.98,15.06,379200,unknown,vnstock_market_equity_ohlcv
FTS,2022-06-13 07:00:00,14.05,14.43,14.01,14.01,648500,unknown,vnstock_market_equity_ohlcv
FTS,2022-06-14 07:00:00,13.8,13.8,13.05,13.09,650600,unknown,vnstock_market_equity_ohlcv
FTS,2022-06-15 07:00:00,13.24,13.24,12.18,12.18,892800,unknown,vnstock_market_equity_ohlcv
FTS,2022-06-16 07:00:00,12.61,12.77,11.82,11.98,388400,unknown,vnstock_market_equity_ohlcv
FTS,2022-06-17 07:00:00,11.19,11.69,11.16,11.16,583300,unknown,vnstock_market_equity_ohlcv
FTS,2022-06-20 07:00:00,11.16,11.55,10.41,10.41,437400,unknown,vnstock_market_equity_ohlcv
FTS,2022-06-21 07:00:00,10.27,11.0,10.09,10.48,450600,unknown,vnstock_market_equity_ohlcv
FTS,2022-06-22 07:00:00,11.19,11.21,10.68,11.21,619600,unknown,vnstock_market_equity_ohlcv
FTS,2022-06-23 07:00:00,11.69,11.98,11.43,11.98,507800,unknown,vnstock_market_equity_ohlcv
FTS,2022-06-24 07:00:00,12.81,12.81,12.81,12.81,331100,unknown,vnstock_market_equity_ohlcv
FTS,2022-06-27 07:00:00,13.7,13.7,13.7,13.7,179800,unknown,vnstock_market_equity_ohlcv
FTS,2022-06-28 07:00:00,14.39,14.54,13.6,13.6,1669800,unknown,vnstock_market_equity_ohlcv
FTS,2022-06-29 07:00:00,13.6,14.39,13.42,13.86,511100,unknown,vnstock_market_equity_ohlcv
FTS,2022-06-30 07:00:00,13.89,14.82,13.89,14.27,805100,unknown,vnstock_market_equity_ohlcv
FTS,2022-07-01 07:00:00,14.15,15.25,13.38,15.25,854400,unknown,vnstock_market_equity_ohlcv
FTS,2022-07-04 07:00:00,15.29,16.16,14.86,14.9,1036100,unknown,vnstock_market_equity_ohlcv
FTS,2022-07-05 07:00:00,14.9,15.65,14.58,14.98,665900,unknown,vnstock_market_equity_ohlcv
FTS,2022-07-06 07:00:00,14.58,15.18,13.99,13.99,467100,unknown,vnstock_market_equity_ohlcv
FTS,2022-07-07 07:00:00,14.07,14.78,13.24,14.58,595500,unknown,vnstock_market_equity_ohlcv
FTS,2022-07-08 07:00:00,14.88,15.14,14.47,14.58,605900,unknown,vnstock_market_equity_ohlcv
FTS,2022-07-11 07:00:00,13.64,14.54,13.58,13.58,1049600,unknown,vnstock_market_equity_ohlcv
FTS,2022-07-12 07:00:00,13.58,14.27,13.28,14.27,444900,unknown,vnstock_market_equity_ohlcv
FTS,2022-07-13 07:00:00,14.27,14.54,14.07,14.39,548400,unknown,vnstock_market_equity_ohlcv
FTS,2022-07-14 07:00:00,14.21,15.39,14.07,15.39,1253900,unknown,vnstock_market_equity_ohlcv
FTS,2022-07-15 07:00:00,15.63,15.63,14.86,14.98,723700,unknown,vnstock_market_equity_ohlcv
FTS,2022-07-18 07:00:00,15.33,15.41,14.9,15.0,659100,unknown,vnstock_market_equity_ohlcv
FTS,2022-07-19 07:00:00,14.9,15.23,14.5,14.98,676200,unknown,vnstock_market_equity_ohlcv
FTS,2022-07-20 07:00:00,15.41,16.02,15.06,16.02,2808400,unknown,vnstock_market_equity_ohlcv
FTS,2022-07-21 07:00:00,16.02,16.52,15.39,15.49,1005100,unknown,vnstock_market_equity_ohlcv
FTS,2022-07-22 07:00:00,15.37,15.73,15.06,15.06,1011400,unknown,vnstock_market_equity_ohlcv
FTS,2022-07-25 07:00:00,15.08,15.69,14.68,15.23,940800,unknown,vnstock_market_equity_ohlcv
FTS,2022-07-26 07:00:00,15.44,15.69,14.96,15.13,490700,unknown,vnstock_market_equity_ohlcv
FTS,2022-07-27 07:00:00,15.13,15.69,14.7,15.44,677800,unknown,vnstock_market_equity_ohlcv
FTS,2022-07-28 07:00:00,16.09,16.47,15.79,15.84,1524500,unknown,vnstock_market_equity_ohlcv
FTS,2022-07-29 07:00:00,15.89,16.52,15.84,16.07,1036300,unknown,vnstock_market_equity_ohlcv
FTS,2022-08-01 07:00:00,15.94,17.18,15.94,17.18,1633500,unknown,vnstock_market_equity_ohlcv
FTS,2022-08-02 07:00:00,17.21,17.54,16.78,17.46,1599400,unknown,vnstock_market_equity_ohlcv
FTS,2022-08-03 07:00:00,17.11,17.71,16.95,17.54,1391300,unknown,vnstock_market_equity_ohlcv
FTS,2022-08-04 07:00:00,17.71,17.84,17.26,17.56,1199700,unknown,vnstock_market_equity_ohlcv
FTS,2022-08-05 07:00:00,17.54,18.24,17.33,18.22,1597700,unknown,vnstock_market_equity_ohlcv
FTS,2022-08-08 07:00:00,18.27,18.3,17.56,17.92,1056000,unknown,vnstock_market_equity_ohlcv
FTS,2022-08-09 07:00:00,17.76,18.45,17.56,17.87,1462200,unknown,vnstock_market_equity_ohlcv
FTS,2022-08-10 07:00:00,17.87,18.2,17.59,17.84,875100,unknown,vnstock_market_equity_ohlcv
FTS,2022-08-11 07:00:00,18.22,18.45,16.88,17.59,1984900,unknown,vnstock_market_equity_ohlcv
FTS,2022-08-12 07:00:00,17.59,18.12,17.44,17.94,850400,unknown,vnstock_market_equity_ohlcv
FTS,2022-08-15 07:00:00,18.12,18.14,17.87,17.99,974500,unknown,vnstock_market_equity_ohlcv
FTS,2022-08-16 07:00:00,17.87,18.24,17.66,18.17,930100,unknown,vnstock_market_equity_ohlcv
FTS,2022-08-17 07:00:00,18.32,18.95,18.2,18.73,1895800,unknown,vnstock_market_equity_ohlcv
FTS,2022-08-18 07:00:00,18.88,19.36,18.37,19.08,1366700,unknown,vnstock_market_equity_ohlcv
FTS,2022-08-19 07:00:00,19.08,19.48,18.73,19.23,934400,unknown,vnstock_market_equity_ohlcv
FTS,2022-08-22 07:00:00,19.21,19.36,18.75,19.03,1041200,unknown,vnstock_market_equity_ohlcv
FTS,2022-08-23 07:00:00,18.73,19.48,18.68,19.48,923700,unknown,vnstock_market_equity_ohlcv
FTS,2022-08-24 07:00:00,19.66,19.86,19.48,19.81,861600,unknown,vnstock_market_equity_ohlcv
FTS,2022-08-25 07:00:00,19.99,20.19,19.74,20.14,713200,unknown,vnstock_market_equity_ohlcv
FTS,2022-08-26 07:00:00,20.24,20.24,19.13,19.46,1182900,unknown,vnstock_market_equity_ohlcv
FTS,2022-08-29 07:00:00,18.73,19.48,18.22,19.48,1214000,unknown,vnstock_market_equity_ohlcv
FTS,2022-08-30 07:00:00,19.89,19.94,19.38,19.74,740800,unknown,vnstock_market_equity_ohlcv
FTS,2022-08-31 07:00:00,19.64,19.89,19.33,19.59,608900,unknown,vnstock_market_equity_ohlcv
FTS,2022-09-05 07:00:00,19.56,19.74,19.26,19.71,631600,unknown,vnstock_market_equity_ohlcv
FTS,2022-09-06 07:00:00,19.74,19.97,19.36,19.36,592700,unknown,vnstock_market_equity_ohlcv
FTS,2022-09-07 07:00:00,19.36,19.59,18.22,18.47,1028000,unknown,vnstock_market_equity_ohlcv
FTS,2022-09-08 07:00:00,18.73,18.83,17.49,17.49,940000,unknown,vnstock_market_equity_ohlcv
FTS,2022-09-09 07:00:00,17.51,17.76,16.8,17.76,793700,unknown,vnstock_market_equity_ohlcv
FTS,2022-09-12 07:00:00,18.07,18.07,17.76,17.87,360400,unknown,vnstock_market_equity_ohlcv
FTS,2022-09-13 07:00:00,17.89,17.92,17.36,17.82,551600,unknown,vnstock_market_equity_ohlcv
FTS,2022-09-14 07:00:00,17.46,18.52,17.28,18.45,860100,unknown,vnstock_market_equity_ohlcv
FTS,2022-09-15 07:00:00,18.47,18.68,18.07,18.17,422300,unknown,vnstock_market_equity_ohlcv
FTS,2022-09-16 07:00:00,17.84,18.17,17.31,17.44,451900,unknown,vnstock_market_equity_ohlcv
FTS,2022-09-19 07:00:00,17.44,17.46,16.22,16.22,958500,unknown,vnstock_market_equity_ohlcv
FTS,2022-09-20 07:00:00,16.68,16.83,15.89,16.6,714000,unknown,vnstock_market_equity_ohlcv
FTS,2022-09-21 07:00:00,16.25,16.7,16.25,16.5,221900,unknown,vnstock_market_equity_ohlcv
FTS,2022-09-22 07:00:00,16.3,17.21,16.3,16.95,596800,unknown,vnstock_market_equity_ohlcv
FTS,2022-09-23 07:00:00,16.98,17.06,16.6,16.7,285300,unknown,vnstock_market_equity_ohlcv
FTS,2022-09-26 07:00:00,16.2,16.45,15.54,15.54,949800,unknown,vnstock_market_equity_ohlcv
FTS,2022-09-27 07:00:00,15.76,16.2,15.49,15.59,311600,unknown,vnstock_market_equity_ohlcv
FTS,2022-09-28 07:00:00,15.54,16.09,15.44,15.59,572000,unknown,vnstock_market_equity_ohlcv
FTS,2022-09-29 07:00:00,16.04,16.04,15.03,15.03,437600,unknown,vnstock_market_equity_ohlcv
FTS,2022-09-30 07:00:00,15.13,16.04,14.73,16.04,1404900,unknown,vnstock_market_equity_ohlcv
FTS,2022-10-03 07:00:00,15.94,15.94,14.93,14.93,460900,unknown,vnstock_market_equity_ohlcv
FTS,2022-10-04 07:00:00,15.36,15.41,14.88,14.93,615100,unknown,vnstock_market_equity_ohlcv
FTS,2022-10-05 07:00:00,15.49,15.97,15.23,15.79,551000,unknown,vnstock_market_equity_ohlcv
FTS,2022-10-06 07:00:00,15.84,15.99,14.73,14.83,508700,unknown,vnstock_market_equity_ohlcv
FTS,2022-10-07 07:00:00,14.83,14.83,13.79,13.79,801500,unknown,vnstock_market_equity_ohlcv
FTS,2022-10-10 07:00:00,13.64,14.75,13.61,14.75,722500,unknown,vnstock_market_equity_ohlcv
FTS,2022-10-11 07:00:00,14.75,14.88,13.74,13.74,591900,unknown,vnstock_market_equity_ohlcv
FTS,2022-10-12 07:00:00,14.27,14.7,13.92,14.63,469300,unknown,vnstock_market_equity_ohlcv
FTS,2022-10-13 07:00:00,14.63,15.18,14.42,14.96,530500,unknown,vnstock_market_equity_ohlcv
FTS,2022-10-14 07:00:00,15.44,15.84,15.13,15.18,571600,unknown,vnstock_market_equity_ohlcv
FTS,2022-10-17 07:00:00,15.06,15.54,14.68,15.54,374600,unknown,vnstock_market_equity_ohlcv
FTS,2022-10-18 07:00:00,15.92,16.04,15.39,15.39,561800,unknown,vnstock_market_equity_ohlcv
FTS,2022-10-19 07:00:00,15.59,15.59,15.21,15.23,265400,unknown,vnstock_market_equity_ohlcv
FTS,2022-10-20 07:00:00,15.36,15.36,14.88,15.08,225600,unknown,vnstock_market_equity_ohlcv
FTS,2022-10-21 07:00:00,14.68,14.93,14.04,14.04,631500,unknown,vnstock_market_equity_ohlcv
FTS,2022-10-24 07:00:00,13.99,13.99,13.08,13.08,408400,unknown,vnstock_market_equity_ohlcv
FTS,2022-10-25 07:00:00,12.17,13.89,12.17,12.75,1250400,unknown,vnstock_market_equity_ohlcv
FTS,2022-10-26 07:00:00,12.75,13.06,11.87,11.87,525000,unknown,vnstock_market_equity_ohlcv
FTS,2022-10-27 07:00:00,11.92,12.68,11.51,12.68,863500,unknown,vnstock_market_equity_ohlcv
FTS,2022-10-28 07:00:00,13.01,13.18,12.27,12.27,437200,unknown,vnstock_market_equity_ohlcv
FTS,2022-10-31 07:00:00,12.4,12.7,11.46,12.3,510000,unknown,vnstock_market_equity_ohlcv
FTS,2022-11-01 07:00:00,12.65,12.75,12.27,12.27,591500,unknown,vnstock_market_equity_ohlcv
FTS,2022-11-02 07:00:00,12.3,12.6,12.15,12.35,349600,unknown,vnstock_market_equity_ohlcv
FTS,2022-11-03 07:00:00,11.97,12.27,11.69,11.82,687500,unknown,vnstock_market_equity_ohlcv
FTS,2022-11-04 07:00:00,11.64,11.67,11.01,11.01,854400,unknown,vnstock_market_equity_ohlcv
FTS,2022-11-07 07:00:00,10.96,10.96,10.25,10.25,496500,unknown,vnstock_market_equity_ohlcv
FTS,2022-11-08 07:00:00,9.54,10.0,9.54,9.54,1329800,unknown,vnstock_market_equity_ohlcv
FTS,2022-11-09 07:00:00,10.0,10.0,8.88,8.88,1031100,unknown,vnstock_market_equity_ohlcv
FTS,2022-11-10 07:00:00,8.55,8.78,8.28,8.28,906800,unknown,vnstock_market_equity_ohlcv
FTS,2022-11-11 07:00:00,7.74,8.35,7.72,7.72,2002900,unknown,vnstock_market_equity_ohlcv
FTS,2022-11-14 07:00:00,7.24,7.54,7.19,7.19,779200,unknown,vnstock_market_equity_ohlcv
FTS,2022-11-15 07:00:00,6.71,6.93,6.71,6.71,1928100,unknown,vnstock_market_equity_ohlcv
FTS,2022-11-16 07:00:00,6.25,7.16,6.25,7.16,4006100,unknown,vnstock_market_equity_ohlcv
FTS,2022-11-17 07:00:00,7.54,7.64,7.44,7.64,806800,unknown,vnstock_market_equity_ohlcv
FTS,2022-11-18 07:00:00,7.79,8.17,7.46,8.17,1750400,unknown,vnstock_market_equity_ohlcv
FTS,2022-11-21 07:00:00,8.35,8.68,8.25,8.28,1567100,unknown,vnstock_market_equity_ohlcv
FTS,2022-11-22 07:00:00,8.2,8.83,8.0,8.28,2166600,unknown,vnstock_market_equity_ohlcv
FTS,2022-11-23 07:00:00,8.28,8.45,7.72,7.72,1401400,unknown,vnstock_market_equity_ohlcv
FTS,2022-11-24 07:00:00,7.54,8.0,7.36,8.0,1786800,unknown,vnstock_market_equity_ohlcv
FTS,2022-11-25 07:00:00,8.28,8.55,8.1,8.55,1601600,unknown,vnstock_market_equity_ohlcv
FTS,2022-11-28 07:00:00,9.03,9.14,8.86,9.14,1771900,unknown,vnstock_market_equity_ohlcv
FTS,2022-11-29 07:00:00,9.46,9.77,8.91,9.62,2236300,unknown,vnstock_market_equity_ohlcv
FTS,2022-11-30 07:00:00,9.77,9.97,9.31,9.79,1579000,unknown,vnstock_market_equity_ohlcv
FTS,2022-12-01 07:00:00,10.02,10.38,9.16,9.36,2967900,unknown,vnstock_market_equity_ohlcv
FTS,2022-12-02 07:00:00,9.16,10.0,9.11,10.0,1990900,unknown,vnstock_market_equity_ohlcv
FTS,2022-12-05 07:00:00,10.63,10.68,10.38,10.68,2663300,unknown,vnstock_market_equity_ohlcv
FTS,2022-12-06 07:00:00,10.68,11.18,10.12,10.12,3489700,unknown,vnstock_market_equity_ohlcv
FTS,2022-12-07 07:00:00,10.07,10.6,9.79,10.43,2138600,unknown,vnstock_market_equity_ohlcv
FTS,2022-12-08 07:00:00,10.78,11.13,10.63,11.13,3319900,unknown,vnstock_market_equity_ohlcv
FTS,2022-12-09 07:00:00,11.49,11.49,10.91,11.18,1444300,unknown,vnstock_market_equity_ohlcv
FTS,2022-12-12 07:00:00,11.18,11.46,10.43,10.43,2951700,unknown,vnstock_market_equity_ohlcv
FTS,2022-12-13 07:00:00,10.32,11.13,9.97,11.13,2087400,unknown,vnstock_market_equity_ohlcv
FTS,2022-12-14 07:00:00,11.49,11.49,10.81,10.91,1282000,unknown,vnstock_market_equity_ohlcv
FTS,2022-12-15 07:00:00,10.88,11.06,10.6,10.78,1627000,unknown,vnstock_market_equity_ohlcv
FTS,2022-12-16 07:00:00,10.58,11.24,10.58,10.86,1412100,unknown,vnstock_market_equity_ohlcv
FTS,2022-12-19 07:00:00,10.86,11.59,10.63,10.65,2198300,unknown,vnstock_market_equity_ohlcv
FTS,2022-12-20 07:00:00,10.63,10.78,9.92,9.92,2449100,unknown,vnstock_market_equity_ohlcv
FTS,2022-12-21 07:00:00,10.12,10.2,9.24,9.24,2473300,unknown,vnstock_market_equity_ohlcv
FTS,2022-12-22 07:00:00,9.46,9.87,9.19,9.84,1766100,unknown,vnstock_market_equity_ohlcv
FTS,2022-12-23 07:00:00,9.64,9.97,9.36,9.36,785800,unknown,vnstock_market_equity_ohlcv
FTS,2022-12-26 07:00:00,9.36,9.49,8.73,8.73,1771900,unknown,vnstock_market_equity_ohlcv
FTS,2022-12-27 07:00:00,8.76,9.34,8.6,9.34,1488600,unknown,vnstock_market_equity_ohlcv
FTS,2022-12-28 07:00:00,9.36,9.62,9.16,9.52,1255900,unknown,vnstock_market_equity_ohlcv
FTS,2022-12-29 07:00:00,9.41,9.62,9.21,9.52,1037600,unknown,vnstock_market_equity_ohlcv
FTS,2022-12-30 07:00:00,9.62,9.62,9.39,9.57,679100,unknown,vnstock_market_equity_ohlcv
GAS,2022-05-04 07:00:00,72.27,73.88,72.0,72.54,521100,unknown,vnstock_market_equity_ohlcv
GAS,2022-05-05 07:00:00,74.56,74.56,73.15,73.48,351200,unknown,vnstock_market_equity_ohlcv
GAS,2022-05-06 07:00:00,71.53,73.82,71.53,73.75,576300,unknown,vnstock_market_equity_ohlcv
GAS,2022-05-09 07:00:00,73.21,73.21,69.18,70.46,571900,unknown,vnstock_market_equity_ohlcv
GAS,2022-05-10 07:00:00,67.5,72.61,67.17,72.54,645200,unknown,vnstock_market_equity_ohlcv
GAS,2022-05-11 07:00:00,72.07,73.55,71.2,73.15,328500,unknown,vnstock_market_equity_ohlcv
GAS,2022-05-12 07:00:00,72.54,72.54,69.59,70.93,833900,unknown,vnstock_market_equity_ohlcv
GAS,2022-05-13 07:00:00,70.06,71.53,67.17,67.17,899400,unknown,vnstock_market_equity_ohlcv
GAS,2022-05-16 07:00:00,69.18,69.59,63.81,63.81,955900,unknown,vnstock_market_equity_ohlcv
GAS,2022-05-17 07:00:00,63.81,67.77,63.14,67.77,516700,unknown,vnstock_market_equity_ohlcv
GAS,2022-05-18 07:00:00,67.84,71.47,67.37,70.53,909900,unknown,vnstock_market_equity_ohlcv
GAS,2022-05-19 07:00:00,66.83,71.53,66.83,71.06,1136600,unknown,vnstock_market_equity_ohlcv
GAS,2022-05-20 07:00:00,70.86,71.67,69.59,70.19,292900,unknown,vnstock_market_equity_ohlcv
GAS,2022-05-23 07:00:00,70.86,71.0,69.05,69.52,541100,unknown,vnstock_market_equity_ohlcv
GAS,2022-05-24 07:00:00,69.52,71.8,68.91,71.06,840400,unknown,vnstock_market_equity_ohlcv
GAS,2022-05-25 07:00:00,71.4,72.81,71.06,72.81,764900,unknown,vnstock_market_equity_ohlcv
GAS,2022-05-26 07:00:00,73.88,74.69,71.2,72.27,565300,unknown,vnstock_market_equity_ohlcv
GAS,2022-05-27 07:00:00,72.88,74.69,72.88,73.88,404700,unknown,vnstock_market_equity_ohlcv
GAS,2022-05-30 07:00:00,75.03,75.43,73.75,73.88,682000,unknown,vnstock_market_equity_ohlcv
GAS,2022-05-31 07:00:00,74.42,79.06,73.55,79.06,2358100,unknown,vnstock_market_equity_ohlcv
GAS,2022-06-01 07:00:00,79.73,83.22,78.59,81.27,1740200,unknown,vnstock_market_equity_ohlcv
GAS,2022-06-02 07:00:00,80.6,82.62,79.12,79.86,1399300,unknown,vnstock_market_equity_ohlcv
GAS,2022-06-03 07:00:00,79.26,83.96,79.26,83.42,2364500,unknown,vnstock_market_equity_ohlcv
GAS,2022-06-06 07:00:00,84.3,89.0,84.3,87.25,2646200,unknown,vnstock_market_equity_ohlcv
GAS,2022-06-07 07:00:00,87.25,87.99,83.36,87.32,2035900,unknown,vnstock_market_equity_ohlcv
GAS,2022-06-08 07:00:00,87.32,88.59,86.18,86.58,1703300,unknown,vnstock_market_equity_ohlcv
GAS,2022-06-09 07:00:00,86.58,87.45,85.44,85.71,1293800,unknown,vnstock_market_equity_ohlcv
GAS,2022-06-10 07:00:00,84.97,85.71,79.73,79.73,2455800,unknown,vnstock_market_equity_ohlcv
GAS,2022-06-13 07:00:00,77.24,82.01,76.91,79.26,1737200,unknown,vnstock_market_equity_ohlcv
GAS,2022-06-14 07:00:00,80.6,84.63,79.33,84.63,1357700,unknown,vnstock_market_equity_ohlcv
GAS,2022-06-15 07:00:00,83.29,86.04,81.14,83.29,2223400,unknown,vnstock_market_equity_ohlcv
GAS,2022-06-16 07:00:00,84.03,88.59,82.48,85.97,2330800,unknown,vnstock_market_equity_ohlcv
GAS,2022-06-17 07:00:00,83.96,90.0,83.62,90.0,1558000,unknown,vnstock_market_equity_ohlcv
GAS,2022-06-20 07:00:00,87.99,88.66,83.76,83.76,1717900,unknown,vnstock_market_equity_ohlcv
GAS,2022-06-21 07:00:00,83.29,85.5,77.91,80.27,2345500,unknown,vnstock_market_equity_ohlcv
GAS,2022-06-22 07:00:00,79.59,80.6,74.69,74.69,1887400,unknown,vnstock_market_equity_ohlcv
GAS,2022-06-23 07:00:00,73.88,79.86,73.88,78.45,1113700,unknown,vnstock_market_equity_ohlcv
GAS,2022-06-24 07:00:00,78.45,79.06,76.44,76.57,806000,unknown,vnstock_market_equity_ohlcv
GAS,2022-06-27 07:00:00,77.24,79.06,76.57,76.84,903600,unknown,vnstock_market_equity_ohlcv
GAS,2022-06-28 07:00:00,78.25,78.99,77.51,77.91,798300,unknown,vnstock_market_equity_ohlcv
GAS,2022-06-29 07:00:00,77.91,79.26,76.77,78.59,968700,unknown,vnstock_market_equity_ohlcv
GAS,2022-06-30 07:00:00,78.25,80.27,77.58,77.58,1008200,unknown,vnstock_market_equity_ohlcv
GAS,2022-07-01 07:00:00,77.11,77.78,73.88,75.9,974500,unknown,vnstock_market_equity_ohlcv
GAS,2022-07-04 07:00:00,77.35,77.62,74.86,74.93,462800,unknown,vnstock_market_equity_ohlcv
GAS,2022-07-05 07:00:00,75.21,76.45,70.38,71.07,1503400,unknown,vnstock_market_equity_ohlcv
GAS,2022-07-06 07:00:00,68.72,68.93,66.1,66.1,1689000,unknown,vnstock_market_equity_ohlcv
GAS,2022-07-07 07:00:00,64.93,66.58,63.89,64.93,628400,unknown,vnstock_market_equity_ohlcv
GAS,2022-07-08 07:00:00,67.27,67.76,65.55,65.96,692300,unknown,vnstock_market_equity_ohlcv
GAS,2022-07-11 07:00:00,65.89,66.86,65.48,65.48,477100,unknown,vnstock_market_equity_ohlcv
GAS,2022-07-12 07:00:00,65.69,68.31,65.69,68.31,779400,unknown,vnstock_market_equity_ohlcv
GAS,2022-07-13 07:00:00,66.93,66.93,65.83,66.45,896400,unknown,vnstock_market_equity_ohlcv
GAS,2022-07-14 07:00:00,66.93,68.45,66.93,68.17,697700,unknown,vnstock_market_equity_ohlcv
GAS,2022-07-15 07:00:00,68.17,68.24,66.93,67.27,516900,unknown,vnstock_market_equity_ohlcv
GAS,2022-07-18 07:00:00,67.34,67.96,66.58,67.27,567900,unknown,vnstock_market_equity_ohlcv
GAS,2022-07-19 07:00:00,68.17,70.38,67.83,70.31,933900,unknown,vnstock_market_equity_ohlcv
GAS,2022-07-20 07:00:00,71.41,71.83,70.38,71.07,894600,unknown,vnstock_market_equity_ohlcv
GAS,2022-07-21 07:00:00,71.0,72.45,70.03,71.83,862900,unknown,vnstock_market_equity_ohlcv
GAS,2022-07-22 07:00:00,71.76,75.83,71.76,74.38,1087700,unknown,vnstock_market_equity_ohlcv
GAS,2022-07-25 07:00:00,74.17,75.55,72.04,72.24,543700,unknown,vnstock_market_equity_ohlcv
GAS,2022-07-26 07:00:00,74.31,74.31,71.76,72.24,483400,unknown,vnstock_market_equity_ohlcv
GAS,2022-07-27 07:00:00,72.17,72.73,71.41,72.24,374600,unknown,vnstock_market_equity_ohlcv
GAS,2022-07-28 07:00:00,73.83,75.69,72.79,73.35,508900,unknown,vnstock_market_equity_ohlcv
GAS,2022-07-29 07:00:00,74.52,75.55,73.69,74.17,530100,unknown,vnstock_market_equity_ohlcv
GAS,2022-08-01 07:00:00,74.17,75.55,73.69,74.45,424900,unknown,vnstock_market_equity_ohlcv
GAS,2022-08-02 07:00:00,74.17,74.8,72.93,74.66,444800,unknown,vnstock_market_equity_ohlcv
GAS,2022-08-03 07:00:00,74.73,77.97,74.52,77.28,583600,unknown,vnstock_market_equity_ohlcv
GAS,2022-08-04 07:00:00,76.93,77.21,74.86,75.21,769800,unknown,vnstock_market_equity_ohlcv
GAS,2022-08-05 07:00:00,74.38,75.9,73.48,75.55,726100,unknown,vnstock_market_equity_ohlcv
GAS,2022-08-08 07:00:00,75.28,77.28,74.52,76.59,350600,unknown,vnstock_market_equity_ohlcv
GAS,2022-08-09 07:00:00,76.8,77.62,75.9,77.28,368600,unknown,vnstock_market_equity_ohlcv
GAS,2022-08-10 07:00:00,76.59,77.42,75.97,76.52,389600,unknown,vnstock_market_equity_ohlcv
GAS,2022-08-11 07:00:00,77.28,78.59,76.8,77.97,846900,unknown,vnstock_market_equity_ohlcv
GAS,2022-08-12 07:00:00,77.97,79.97,77.97,78.94,363800,unknown,vnstock_market_equity_ohlcv
GAS,2022-08-15 07:00:00,79.35,79.49,77.76,78.66,404300,unknown,vnstock_market_equity_ohlcv
GAS,2022-08-16 07:00:00,77.97,78.66,77.28,78.31,326200,unknown,vnstock_market_equity_ohlcv
GAS,2022-08-17 07:00:00,78.66,79.28,76.93,77.56,879200,unknown,vnstock_market_equity_ohlcv
GAS,2022-08-18 07:00:00,77.97,81.35,77.21,78.45,987400,unknown,vnstock_market_equity_ohlcv
GAS,2022-08-19 07:00:00,79.28,81.42,78.94,79.76,536800,unknown,vnstock_market_equity_ohlcv
GAS,2022-08-22 07:00:00,79.63,80.73,79.14,79.28,370200,unknown,vnstock_market_equity_ohlcv
GAS,2022-08-23 07:00:00,79.69,80.94,79.69,80.73,446500,unknown,vnstock_market_equity_ohlcv
GAS,2022-08-24 07:00:00,81.42,82.45,80.73,80.94,358100,unknown,vnstock_market_equity_ohlcv
GAS,2022-08-25 07:00:00,81.35,82.11,80.38,80.38,424500,unknown,vnstock_market_equity_ohlcv
GAS,2022-08-26 07:00:00,80.38,80.38,79.42,79.49,491500,unknown,vnstock_market_equity_ohlcv
GAS,2022-08-29 07:00:00,78.8,81.07,78.8,81.07,669800,unknown,vnstock_market_equity_ohlcv
GAS,2022-08-30 07:00:00,81.14,82.8,80.73,82.04,725100,unknown,vnstock_market_equity_ohlcv
GAS,2022-08-31 07:00:00,81.28,82.11,80.66,80.8,429300,unknown,vnstock_market_equity_ohlcv
GAS,2022-09-05 07:00:00,80.25,81.07,79.83,80.32,325500,unknown,vnstock_market_equity_ohlcv
GAS,2022-09-06 07:00:00,81.07,81.28,80.32,80.38,247300,unknown,vnstock_market_equity_ohlcv
GAS,2022-09-07 07:00:00,80.04,80.04,77.28,77.28,846100,unknown,vnstock_market_equity_ohlcv
GAS,2022-09-08 07:00:00,77.97,78.31,76.31,77.14,315200,unknown,vnstock_market_equity_ohlcv
GAS,2022-09-09 07:00:00,77.9,78.66,77.0,78.66,332700,unknown,vnstock_market_equity_ohlcv
GAS,2022-09-12 07:00:00,78.66,79.63,78.31,78.45,364300,unknown,vnstock_market_equity_ohlcv
GAS,2022-09-13 07:00:00,78.38,79.21,77.83,78.8,246500,unknown,vnstock_market_equity_ohlcv
GAS,2022-09-14 07:00:00,77.49,78.45,77.14,77.62,317100,unknown,vnstock_market_equity_ohlcv
GAS,2022-09-15 07:00:00,78.66,78.8,76.73,77.14,566400,unknown,vnstock_market_equity_ohlcv
GAS,2022-09-16 07:00:00,76.59,77.97,76.24,76.59,498800,unknown,vnstock_market_equity_ohlcv
GAS,2022-09-19 07:00:00,76.59,77.83,74.52,74.52,501200,unknown,vnstock_market_equity_ohlcv
GAS,2022-09-20 07:00:00,75.9,75.9,74.17,75.28,403400,unknown,vnstock_market_equity_ohlcv
GAS,2022-09-21 07:00:00,75.28,75.83,74.73,75.21,216700,unknown,vnstock_market_equity_ohlcv
GAS,2022-09-22 07:00:00,75.21,76.87,75.07,76.59,232400,unknown,vnstock_market_equity_ohlcv
GAS,2022-09-23 07:00:00,76.87,79.0,76.59,77.62,361700,unknown,vnstock_market_equity_ohlcv
GAS,2022-09-26 07:00:00,76.59,78.8,76.59,78.38,666700,unknown,vnstock_market_equity_ohlcv
GAS,2022-09-27 07:00:00,78.66,78.66,76.59,76.93,215200,unknown,vnstock_market_equity_ohlcv
GAS,2022-09-28 07:00:00,75.9,77.42,71.76,71.76,662800,unknown,vnstock_market_equity_ohlcv
GAS,2022-09-29 07:00:00,73.48,74.31,72.45,72.45,307600,unknown,vnstock_market_equity_ohlcv
GAS,2022-09-30 07:00:00,70.38,77.28,69.97,75.9,719100,unknown,vnstock_market_equity_ohlcv
GAS,2022-10-03 07:00:00,75.21,75.21,73.35,73.83,367400,unknown,vnstock_market_equity_ohlcv
GAS,2022-10-04 07:00:00,73.9,75.21,71.41,73.14,260400,unknown,vnstock_market_equity_ohlcv
GAS,2022-10-05 07:00:00,73.21,75.14,73.21,73.83,402300,unknown,vnstock_market_equity_ohlcv
GAS,2022-10-06 07:00:00,73.97,74.86,73.76,73.76,447800,unknown,vnstock_market_equity_ohlcv
GAS,2022-10-07 07:00:00,73.76,73.76,70.38,70.38,334000,unknown,vnstock_market_equity_ohlcv
GAS,2022-10-10 07:00:00,70.38,75.28,70.38,73.14,431000,unknown,vnstock_market_equity_ohlcv
GAS,2022-10-11 07:00:00,73.14,75.28,72.45,73.21,508200,unknown,vnstock_market_equity_ohlcv
GAS,2022-10-12 07:00:00,72.52,74.38,72.52,73.83,169800,unknown,vnstock_market_equity_ohlcv
GAS,2022-10-13 07:00:00,73.07,74.66,72.52,74.52,544600,unknown,vnstock_market_equity_ohlcv
GAS,2022-10-14 07:00:00,74.59,76.04,74.52,75.76,387800,unknown,vnstock_market_equity_ohlcv
GAS,2022-10-17 07:00:00,74.45,78.11,73.97,76.93,300200,unknown,vnstock_market_equity_ohlcv
GAS,2022-10-18 07:00:00,78.11,78.11,76.59,76.59,448500,unknown,vnstock_market_equity_ohlcv
GAS,2022-10-19 07:00:00,76.66,77.97,74.52,75.28,423200,unknown,vnstock_market_equity_ohlcv
GAS,2022-10-20 07:00:00,75.21,76.59,74.66,76.52,165200,unknown,vnstock_market_equity_ohlcv
GAS,2022-10-21 07:00:00,76.52,77.69,73.97,73.97,468300,unknown,vnstock_market_equity_ohlcv
GAS,2022-10-24 07:00:00,73.97,75.14,73.48,73.97,503600,unknown,vnstock_market_equity_ohlcv
GAS,2022-10-25 07:00:00,73.97,75.21,72.86,73.97,367300,unknown,vnstock_market_equity_ohlcv
GAS,2022-10-26 07:00:00,73.97,74.66,73.76,74.52,181800,unknown,vnstock_market_equity_ohlcv
GAS,2022-10-27 07:00:00,75.14,76.73,73.9,75.9,468600,unknown,vnstock_market_equity_ohlcv
GAS,2022-10-28 07:00:00,75.97,76.59,75.21,75.21,194100,unknown,vnstock_market_equity_ohlcv
GAS,2022-10-31 07:00:00,75.21,76.66,74.86,76.66,156300,unknown,vnstock_market_equity_ohlcv
GAS,2022-11-01 07:00:00,76.87,78.31,75.35,75.9,451300,unknown,vnstock_market_equity_ohlcv
GAS,2022-11-02 07:00:00,76.31,78.31,75.0,75.9,584100,unknown,vnstock_market_equity_ohlcv
GAS,2022-11-03 07:00:00,77.14,77.42,75.9,76.87,162300,unknown,vnstock_market_equity_ohlcv
GAS,2022-11-04 07:00:00,76.87,77.28,74.59,76.59,329600,unknown,vnstock_market_equity_ohlcv
GAS,2022-11-07 07:00:00,76.93,78.31,76.93,77.9,404900,unknown,vnstock_market_equity_ohlcv
GAS,2022-11-08 07:00:00,78.59,79.35,77.9,78.94,381600,unknown,vnstock_market_equity_ohlcv
GAS,2022-11-09 07:00:00,79.0,81.07,78.94,80.32,404800,unknown,vnstock_market_equity_ohlcv
GAS,2022-11-10 07:00:00,79.42,80.59,75.9,78.25,276200,unknown,vnstock_market_equity_ohlcv
GAS,2022-11-11 07:00:00,78.38,80.38,78.38,78.59,170100,unknown,vnstock_market_equity_ohlcv
GAS,2022-11-14 07:00:00,78.45,80.04,76.45,78.52,350400,unknown,vnstock_market_equity_ohlcv
GAS,2022-11-15 07:00:00,78.52,79.0,75.21,76.93,421000,unknown,vnstock_market_equity_ohlcv
GAS,2022-11-16 07:00:00,72.79,80.73,72.79,80.73,314700,unknown,vnstock_market_equity_ohlcv
GAS,2022-11-17 07:00:00,79.76,82.8,79.76,82.59,442400,unknown,vnstock_market_equity_ohlcv
GAS,2022-11-18 07:00:00,82.18,82.39,77.28,78.87,398600,unknown,vnstock_market_equity_ohlcv
GAS,2022-11-21 07:00:00,78.87,79.0,76.24,76.8,172200,unknown,vnstock_market_equity_ohlcv
GAS,2022-11-22 07:00:00,76.66,79.28,75.28,75.35,314100,unknown,vnstock_market_equity_ohlcv
GAS,2022-11-23 07:00:00,75.62,77.07,74.52,74.66,227700,unknown,vnstock_market_equity_ohlcv
GAS,2022-11-24 07:00:00,75.21,75.21,72.45,73.0,474500,unknown,vnstock_market_equity_ohlcv
GAS,2022-11-25 07:00:00,73.83,74.17,71.76,72.31,398800,unknown,vnstock_market_equity_ohlcv
GAS,2022-11-28 07:00:00,72.31,77.35,71.76,77.35,370200,unknown,vnstock_market_equity_ohlcv
GAS,2022-11-29 07:00:00,77.28,78.59,75.14,77.28,405200,unknown,vnstock_market_equity_ohlcv
GAS,2022-11-30 07:00:00,77.28,77.28,75.9,76.04,282900,unknown,vnstock_market_equity_ohlcv
GAS,2022-12-01 07:00:00,77.28,77.28,72.45,73.48,514400,unknown,vnstock_market_equity_ohlcv
GAS,2022-12-02 07:00:00,73.48,77.97,73.48,76.73,572000,unknown,vnstock_market_equity_ohlcv
GAS,2022-12-05 07:00:00,77.97,78.38,76.38,78.11,500600,unknown,vnstock_market_equity_ohlcv
GAS,2022-12-06 07:00:00,77.97,78.31,75.21,75.55,494500,unknown,vnstock_market_equity_ohlcv
GAS,2022-12-07 07:00:00,75.55,76.93,73.69,73.69,336900,unknown,vnstock_market_equity_ohlcv
GAS,2022-12-08 07:00:00,74.59,76.52,73.14,73.14,465900,unknown,vnstock_market_equity_ohlcv
GAS,2022-12-09 07:00:00,74.45,74.86,73.14,73.14,374700,unknown,vnstock_market_equity_ohlcv
GAS,2022-12-12 07:00:00,74.52,74.8,72.45,72.45,350200,unknown,vnstock_market_equity_ohlcv
GAS,2022-12-13 07:00:00,73.76,74.17,72.52,72.86,400900,unknown,vnstock_market_equity_ohlcv
GAS,2022-12-14 07:00:00,73.55,74.52,73.48,74.17,277500,unknown,vnstock_market_equity_ohlcv
GAS,2022-12-15 07:00:00,73.83,74.52,72.86,73.35,504800,unknown,vnstock_market_equity_ohlcv
GAS,2022-12-16 07:00:00,73.35,74.45,73.0,73.42,256100,unknown,vnstock_market_equity_ohlcv
GAS,2022-12-19 07:00:00,73.14,73.69,72.59,72.59,449500,unknown,vnstock_market_equity_ohlcv
GAS,2022-12-20 07:00:00,72.45,72.79,71.48,72.31,218300,unknown,vnstock_market_equity_ohlcv
GAS,2022-12-21 07:00:00,73.14,73.14,71.41,71.41,198400,unknown,vnstock_market_equity_ohlcv
GAS,2022-12-22 07:00:00,72.45,72.45,69.83,69.83,254000,unknown,vnstock_market_equity_ohlcv
GAS,2022-12-23 07:00:00,70.72,71.62,70.03,70.03,261500,unknown,vnstock_market_equity_ohlcv
GAS,2022-12-26 07:00:00,70.45,72.17,70.45,70.79,332400,unknown,vnstock_market_equity_ohlcv
GAS,2022-12-27 07:00:00,71.69,71.76,70.24,71.14,154700,unknown,vnstock_market_equity_ohlcv
GAS,2022-12-28 07:00:00,71.48,71.76,70.52,71.07,221800,unknown,vnstock_market_equity_ohlcv
GAS,2022-12-29 07:00:00,71.69,71.69,70.79,70.79,97600,unknown,vnstock_market_equity_ohlcv
GAS,2022-12-30 07:00:00,70.79,70.93,70.03,70.03,141500,unknown,vnstock_market_equity_ohlcv
GEX,2022-05-04 07:00:00,17.36,17.79,17.11,17.33,9847200,unknown,vnstock_market_equity_ohlcv
GEX,2022-05-05 07:00:00,17.52,18.2,17.3,17.67,17069200,unknown,vnstock_market_equity_ohlcv
GEX,2022-05-06 07:00:00,16.74,17.2,16.46,16.46,16471200,unknown,vnstock_market_equity_ohlcv
GEX,2022-05-09 07:00:00,15.62,15.93,15.31,15.31,10157200,unknown,vnstock_market_equity_ohlcv
GEX,2022-05-10 07:00:00,14.26,15.19,14.26,14.88,22456500,unknown,vnstock_market_equity_ohlcv
GEX,2022-05-11 07:00:00,14.88,15.19,14.26,14.76,8121400,unknown,vnstock_market_equity_ohlcv
GEX,2022-05-12 07:00:00,14.51,15.0,13.73,13.73,9752900,unknown,vnstock_market_equity_ohlcv
GEX,2022-05-13 07:00:00,13.08,13.7,12.77,12.77,15889100,unknown,vnstock_market_equity_ohlcv
GEX,2022-05-16 07:00:00,13.33,13.48,11.9,12.21,18080200,unknown,vnstock_market_equity_ohlcv
GEX,2022-05-17 07:00:00,11.97,13.05,11.9,13.05,11989400,unknown,vnstock_market_equity_ohlcv
GEX,2022-05-18 07:00:00,13.45,13.83,13.08,13.58,11690500,unknown,vnstock_market_equity_ohlcv
GEX,2022-05-19 07:00:00,13.02,13.95,12.96,13.64,11783700,unknown,vnstock_market_equity_ohlcv
GEX,2022-05-20 07:00:00,13.89,14.45,13.64,13.89,13138400,unknown,vnstock_market_equity_ohlcv
GEX,2022-05-23 07:00:00,14.17,14.17,12.93,13.02,10097600,unknown,vnstock_market_equity_ohlcv
GEX,2022-05-24 07:00:00,12.96,13.45,12.43,13.45,8417300,unknown,vnstock_market_equity_ohlcv
GEX,2022-05-25 07:00:00,13.64,14.38,13.61,14.38,15774500,unknown,vnstock_market_equity_ohlcv
GEX,2022-05-26 07:00:00,14.76,15.0,14.48,14.63,11808800,unknown,vnstock_market_equity_ohlcv
GEX,2022-05-27 07:00:00,14.6,14.82,14.45,14.57,8157800,unknown,vnstock_market_equity_ohlcv
GEX,2022-05-30 07:00:00,14.57,15.0,14.45,14.88,9874400,unknown,vnstock_market_equity_ohlcv
GEX,2022-05-31 07:00:00,14.76,14.91,14.51,14.72,9621000,unknown,vnstock_market_equity_ohlcv
GEX,2022-06-01 07:00:00,14.69,14.79,14.01,14.51,11571100,unknown,vnstock_market_equity_ohlcv
GEX,2022-06-02 07:00:00,14.63,14.63,13.8,13.89,9623100,unknown,vnstock_market_equity_ohlcv
GEX,2022-06-03 07:00:00,13.7,14.1,13.45,13.7,9657100,unknown,vnstock_market_equity_ohlcv
GEX,2022-06-06 07:00:00,13.7,14.01,13.36,13.39,8928700,unknown,vnstock_market_equity_ohlcv
GEX,2022-06-07 07:00:00,13.33,14.26,13.05,14.17,10901100,unknown,vnstock_market_equity_ohlcv
GEX,2022-06-08 07:00:00,14.48,14.88,14.23,14.51,12305800,unknown,vnstock_market_equity_ohlcv
GEX,2022-06-09 07:00:00,14.51,14.76,14.38,14.57,6916300,unknown,vnstock_market_equity_ohlcv
GEX,2022-06-10 07:00:00,14.38,15.5,14.26,14.88,21404500,unknown,vnstock_market_equity_ohlcv
GEX,2022-06-13 07:00:00,14.29,15.31,14.17,14.17,14976200,unknown,vnstock_market_equity_ohlcv
GEX,2022-06-14 07:00:00,14.17,14.63,14.01,14.32,8081600,unknown,vnstock_market_equity_ohlcv
GEX,2022-06-15 07:00:00,14.32,14.54,13.33,13.33,13077800,unknown,vnstock_market_equity_ohlcv
GEX,2022-06-16 07:00:00,13.76,13.89,13.02,13.02,8014500,unknown,vnstock_market_equity_ohlcv
GEX,2022-06-17 07:00:00,12.52,12.86,12.12,12.12,19771400,unknown,vnstock_market_equity_ohlcv
GEX,2022-06-20 07:00:00,12.15,12.52,11.28,11.28,11853000,unknown,vnstock_market_equity_ohlcv
GEX,2022-06-21 07:00:00,10.85,11.38,10.51,10.66,15469500,unknown,vnstock_market_equity_ohlcv
GEX,2022-06-22 07:00:00,11.04,11.41,10.97,11.41,8453800,unknown,vnstock_market_equity_ohlcv
GEX,2022-06-23 07:00:00,11.62,12.0,11.5,11.9,5926600,unknown,vnstock_market_equity_ohlcv
GEX,2022-06-24 07:00:00,12.09,12.18,11.78,11.78,6014800,unknown,vnstock_market_equity_ohlcv
GEX,2022-06-27 07:00:00,11.9,12.59,11.81,12.59,10281400,unknown,vnstock_market_equity_ohlcv
GEX,2022-06-28 07:00:00,12.65,13.27,12.43,12.96,9852500,unknown,vnstock_market_equity_ohlcv
GEX,2022-06-29 07:00:00,12.71,13.08,12.62,12.68,6118600,unknown,vnstock_market_equity_ohlcv
GEX,2022-06-30 07:00:00,12.71,12.99,12.12,12.12,10318800,unknown,vnstock_market_equity_ohlcv
GEX,2022-07-01 07:00:00,12.09,12.4,11.53,12.31,8454200,unknown,vnstock_market_equity_ohlcv
GEX,2022-07-04 07:00:00,12.4,12.9,12.4,12.71,5891700,unknown,vnstock_market_equity_ohlcv
GEX,2022-07-05 07:00:00,12.71,12.8,12.24,12.34,4831300,unknown,vnstock_market_equity_ohlcv
GEX,2022-07-06 07:00:00,12.09,12.31,11.69,11.72,5813300,unknown,vnstock_market_equity_ohlcv
GEX,2022-07-07 07:00:00,11.78,11.97,11.53,11.81,3818500,unknown,vnstock_market_equity_ohlcv
GEX,2022-07-08 07:00:00,11.94,12.56,11.94,12.21,5326800,unknown,vnstock_market_equity_ohlcv
GEX,2022-07-11 07:00:00,12.21,12.9,12.21,12.71,10908000,unknown,vnstock_market_equity_ohlcv
GEX,2022-07-12 07:00:00,12.71,13.58,12.71,13.45,10202000,unknown,vnstock_market_equity_ohlcv
GEX,2022-07-13 07:00:00,13.58,13.64,13.23,13.23,7476700,unknown,vnstock_market_equity_ohlcv
GEX,2022-07-14 07:00:00,13.07,13.64,13.04,13.64,8417700,unknown,vnstock_market_equity_ohlcv
GEX,2022-07-15 07:00:00,13.64,13.87,13.39,13.39,9042400,unknown,vnstock_market_equity_ohlcv
GEX,2022-07-18 07:00:00,13.68,13.68,13.33,13.36,5153100,unknown,vnstock_market_equity_ohlcv
GEX,2022-07-19 07:00:00,13.3,13.64,13.01,13.58,5408100,unknown,vnstock_market_equity_ohlcv
GEX,2022-07-20 07:00:00,13.74,14.37,13.74,14.12,11472700,unknown,vnstock_market_equity_ohlcv
GEX,2022-07-21 07:00:00,14.06,14.53,13.96,14.12,7494300,unknown,vnstock_market_equity_ohlcv
GEX,2022-07-22 07:00:00,14.22,14.76,14.12,14.41,9357000,unknown,vnstock_market_equity_ohlcv
GEX,2022-07-25 07:00:00,14.41,14.72,14.18,14.22,8580100,unknown,vnstock_market_equity_ohlcv
GEX,2022-07-26 07:00:00,14.41,14.44,13.58,13.64,9658900,unknown,vnstock_market_equity_ohlcv
GEX,2022-07-27 07:00:00,13.45,14.09,13.3,13.96,7792300,unknown,vnstock_market_equity_ohlcv
GEX,2022-07-28 07:00:00,14.41,14.56,14.18,14.18,6787800,unknown,vnstock_market_equity_ohlcv
GEX,2022-07-29 07:00:00,14.22,14.85,14.09,14.6,12788600,unknown,vnstock_market_equity_ohlcv
GEX,2022-08-01 07:00:00,14.53,15.23,14.41,15.1,11904000,unknown,vnstock_market_equity_ohlcv
GEX,2022-08-02 07:00:00,15.04,15.45,14.85,15.04,11504600,unknown,vnstock_market_equity_ohlcv
GEX,2022-08-03 07:00:00,14.79,15.36,14.79,15.14,8982400,unknown,vnstock_market_equity_ohlcv
GEX,2022-08-04 07:00:00,15.33,15.33,14.72,14.72,11501500,unknown,vnstock_market_equity_ohlcv
GEX,2022-08-05 07:00:00,14.63,15.07,14.5,14.94,11702500,unknown,vnstock_market_equity_ohlcv
GEX,2022-08-08 07:00:00,14.98,15.8,14.98,15.55,13157800,unknown,vnstock_market_equity_ohlcv
GEX,2022-08-09 07:00:00,15.55,15.58,15.29,15.36,7064300,unknown,vnstock_market_equity_ohlcv
GEX,2022-08-10 07:00:00,15.36,15.83,15.14,15.42,11289800,unknown,vnstock_market_equity_ohlcv
GEX,2022-08-11 07:00:00,15.58,15.64,14.91,14.98,13301300,unknown,vnstock_market_equity_ohlcv
GEX,2022-08-12 07:00:00,15.04,15.61,14.94,15.55,9851700,unknown,vnstock_market_equity_ohlcv
GEX,2022-08-15 07:00:00,15.71,15.99,15.64,15.64,9563900,unknown,vnstock_market_equity_ohlcv
GEX,2022-08-16 07:00:00,15.68,15.71,15.42,15.48,6821900,unknown,vnstock_market_equity_ohlcv
GEX,2022-08-17 07:00:00,15.45,15.77,15.29,15.48,9613400,unknown,vnstock_market_equity_ohlcv
GEX,2022-08-18 07:00:00,15.39,15.48,15.2,15.23,7320300,unknown,vnstock_market_equity_ohlcv
GEX,2022-08-19 07:00:00,15.26,15.52,15.07,15.17,8179600,unknown,vnstock_market_equity_ohlcv
GEX,2022-08-22 07:00:00,15.01,15.45,15.01,15.07,7778000,unknown,vnstock_market_equity_ohlcv
GEX,2022-08-23 07:00:00,14.94,15.58,14.94,15.58,9873700,unknown,vnstock_market_equity_ohlcv
GEX,2022-08-24 07:00:00,15.61,16.44,15.58,16.21,22266300,unknown,vnstock_market_equity_ohlcv
GEX,2022-08-25 07:00:00,16.21,16.63,16.12,16.18,7679300,unknown,vnstock_market_equity_ohlcv
GEX,2022-08-26 07:00:00,16.25,16.28,15.74,15.86,10914500,unknown,vnstock_market_equity_ohlcv
GEX,2022-08-29 07:00:00,15.39,15.55,14.91,15.55,16812300,unknown,vnstock_market_equity_ohlcv
GEX,2022-08-30 07:00:00,15.71,15.99,15.42,15.42,7582100,unknown,vnstock_market_equity_ohlcv
GEX,2022-08-31 07:00:00,15.29,15.71,15.29,15.39,6129600,unknown,vnstock_market_equity_ohlcv
GEX,2022-09-05 07:00:00,15.36,15.64,15.36,15.45,5040000,unknown,vnstock_market_equity_ohlcv
GEX,2022-09-06 07:00:00,15.52,16.12,15.52,15.86,15306700,unknown,vnstock_market_equity_ohlcv
GEX,2022-09-07 07:00:00,15.86,16.09,15.1,15.1,16856500,unknown,vnstock_market_equity_ohlcv
GEX,2022-09-08 07:00:00,15.2,15.36,14.34,14.34,12113700,unknown,vnstock_market_equity_ohlcv
GEX,2022-09-09 07:00:00,14.53,14.88,14.02,14.88,10570000,unknown,vnstock_market_equity_ohlcv
GEX,2022-09-12 07:00:00,14.91,15.01,14.53,14.56,6285100,unknown,vnstock_market_equity_ohlcv
GEX,2022-09-13 07:00:00,14.63,14.69,14.31,14.66,5226300,unknown,vnstock_market_equity_ohlcv
GEX,2022-09-14 07:00:00,14.34,14.69,14.25,14.56,6525500,unknown,vnstock_market_equity_ohlcv
GEX,2022-09-15 07:00:00,14.72,14.85,14.6,14.6,3957800,unknown,vnstock_market_equity_ohlcv
GEX,2022-09-16 07:00:00,14.6,14.66,14.02,14.02,9593800,unknown,vnstock_market_equity_ohlcv
GEX,2022-09-19 07:00:00,14.02,14.02,13.07,13.07,10441200,unknown,vnstock_market_equity_ohlcv
GEX,2022-09-20 07:00:00,13.26,13.45,12.63,13.33,6824600,unknown,vnstock_market_equity_ohlcv
GEX,2022-09-21 07:00:00,13.2,13.49,12.95,13.17,4971000,unknown,vnstock_market_equity_ohlcv
GEX,2022-09-22 07:00:00,12.98,13.52,12.88,13.45,5870200,unknown,vnstock_market_equity_ohlcv
GEX,2022-09-23 07:00:00,13.36,13.68,13.33,13.33,4941300,unknown,vnstock_market_equity_ohlcv
GEX,2022-09-26 07:00:00,13.01,13.04,12.41,12.41,13591400,unknown,vnstock_market_equity_ohlcv
GEX,2022-09-27 07:00:00,12.41,12.66,12.38,12.38,4472200,unknown,vnstock_market_equity_ohlcv
GEX,2022-09-28 07:00:00,12.34,12.5,11.93,11.93,5700700,unknown,vnstock_market_equity_ohlcv
GEX,2022-09-29 07:00:00,12.31,12.31,11.55,11.55,5847500,unknown,vnstock_market_equity_ohlcv
GEX,2022-09-30 07:00:00,11.49,12.06,10.79,12.06,11814500,unknown,vnstock_market_equity_ohlcv
GEX,2022-10-03 07:00:00,11.87,11.93,11.23,11.23,6935300,unknown,vnstock_market_equity_ohlcv
GEX,2022-10-04 07:00:00,11.49,11.49,10.6,10.66,7504900,unknown,vnstock_market_equity_ohlcv
GEX,2022-10-05 07:00:00,11.01,11.23,10.79,11.17,7989400,unknown,vnstock_market_equity_ohlcv
GEX,2022-10-06 07:00:00,11.2,11.2,10.41,10.41,8266200,unknown,vnstock_market_equity_ohlcv
GEX,2022-10-07 07:00:00,10.09,10.15,9.71,9.71,16764600,unknown,vnstock_market_equity_ohlcv
GEX,2022-10-10 07:00:00,9.52,9.87,9.04,9.39,12444900,unknown,vnstock_market_equity_ohlcv
GEX,2022-10-11 07:00:00,9.42,9.42,8.76,8.76,8077800,unknown,vnstock_market_equity_ohlcv
GEX,2022-10-12 07:00:00,8.31,9.23,8.31,8.88,9547000,unknown,vnstock_market_equity_ohlcv
GEX,2022-10-13 07:00:00,8.95,9.11,8.69,8.92,7341500,unknown,vnstock_market_equity_ohlcv
GEX,2022-10-14 07:00:00,9.17,9.52,9.14,9.52,15769900,unknown,vnstock_market_equity_ohlcv
GEX,2022-10-17 07:00:00,9.52,9.77,9.26,9.61,8622900,unknown,vnstock_market_equity_ohlcv
GEX,2022-10-18 07:00:00,9.84,10.06,9.49,9.52,12077300,unknown,vnstock_market_equity_ohlcv
GEX,2022-10-19 07:00:00,9.55,9.74,9.23,9.26,7821800,unknown,vnstock_market_equity_ohlcv
GEX,2022-10-20 07:00:00,9.2,9.33,8.82,8.98,9639900,unknown,vnstock_market_equity_ohlcv
GEX,2022-10-21 07:00:00,8.98,9.04,8.38,8.38,12725400,unknown,vnstock_market_equity_ohlcv
GEX,2022-10-24 07:00:00,8.25,8.44,7.81,7.81,10661400,unknown,vnstock_market_equity_ohlcv
GEX,2022-10-25 07:00:00,7.42,8.06,7.27,7.46,20213400,unknown,vnstock_market_equity_ohlcv
GEX,2022-10-26 07:00:00,7.52,7.74,7.14,7.46,6301500,unknown,vnstock_market_equity_ohlcv
GEX,2022-10-27 07:00:00,7.68,7.96,7.55,7.96,12156300,unknown,vnstock_market_equity_ohlcv
GEX,2022-10-28 07:00:00,8.12,8.5,8.06,8.12,16388100,unknown,vnstock_market_equity_ohlcv
GEX,2022-10-31 07:00:00,8.25,8.54,7.87,8.5,12349400,unknown,vnstock_market_equity_ohlcv
GEX,2022-11-01 07:00:00,8.73,8.76,8.41,8.5,11209600,unknown,vnstock_market_equity_ohlcv
GEX,2022-11-02 07:00:00,8.5,8.6,8.25,8.25,10601100,unknown,vnstock_market_equity_ohlcv
GEX,2022-11-03 07:00:00,8.09,8.44,8.09,8.25,6087300,unknown,vnstock_market_equity_ohlcv
GEX,2022-11-04 07:00:00,8.19,8.22,7.68,7.68,16912600,unknown,vnstock_market_equity_ohlcv
GEX,2022-11-07 07:00:00,7.68,7.68,7.17,7.17,15665300,unknown,vnstock_market_equity_ohlcv
GEX,2022-11-08 07:00:00,6.82,7.49,6.82,7.42,8947700,unknown,vnstock_market_equity_ohlcv
GEX,2022-11-09 07:00:00,7.55,7.81,7.36,7.49,6901200,unknown,vnstock_market_equity_ohlcv
GEX,2022-11-10 07:00:00,7.24,7.36,6.98,6.98,12673900,unknown,vnstock_market_equity_ohlcv
GEX,2022-11-11 07:00:00,7.17,7.46,6.95,7.3,18899500,unknown,vnstock_market_equity_ohlcv
GEX,2022-11-14 07:00:00,7.24,7.62,6.95,7.36,12657700,unknown,vnstock_market_equity_ohlcv
GEX,2022-11-15 07:00:00,7.11,7.42,6.85,7.33,17851800,unknown,vnstock_market_equity_ohlcv
GEX,2022-11-16 07:00:00,6.89,7.84,6.82,7.84,15010000,unknown,vnstock_market_equity_ohlcv
GEX,2022-11-17 07:00:00,7.93,8.25,7.81,8.06,13577800,unknown,vnstock_market_equity_ohlcv
GEX,2022-11-18 07:00:00,7.93,8.44,7.62,8.35,21223400,unknown,vnstock_market_equity_ohlcv
GEX,2022-11-21 07:00:00,8.44,8.6,8.28,8.44,9648800,unknown,vnstock_market_equity_ohlcv
GEX,2022-11-22 07:00:00,8.38,8.88,8.0,8.03,24535600,unknown,vnstock_market_equity_ohlcv
GEX,2022-11-23 07:00:00,8.0,8.28,7.81,7.81,10443400,unknown,vnstock_market_equity_ohlcv
GEX,2022-11-24 07:00:00,7.68,7.96,7.52,7.96,10297500,unknown,vnstock_market_equity_ohlcv
GEX,2022-11-25 07:00:00,8.19,8.47,8.0,8.47,13931400,unknown,vnstock_market_equity_ohlcv
GEX,2022-11-28 07:00:00,8.63,9.04,8.57,9.04,22180100,unknown,vnstock_market_equity_ohlcv
GEX,2022-11-29 07:00:00,9.14,9.55,8.76,9.33,23099800,unknown,vnstock_market_equity_ohlcv
GEX,2022-11-30 07:00:00,9.26,9.61,9.04,9.49,16103700,unknown,vnstock_market_equity_ohlcv
GEX,2022-12-01 07:00:00,9.65,9.93,8.88,9.01,21556800,unknown,vnstock_market_equity_ohlcv
GEX,2022-12-02 07:00:00,8.88,9.61,8.82,9.61,15127900,unknown,vnstock_market_equity_ohlcv
GEX,2022-12-05 07:00:00,9.99,10.28,9.74,10.28,21408000,unknown,vnstock_market_equity_ohlcv
GEX,2022-12-06 07:00:00,10.25,10.69,9.84,9.84,22518900,unknown,vnstock_market_equity_ohlcv
GEX,2022-12-07 07:00:00,9.8,10.09,9.58,9.74,12455800,unknown,vnstock_market_equity_ohlcv
GEX,2022-12-08 07:00:00,9.99,10.41,9.9,10.15,15485000,unknown,vnstock_market_equity_ohlcv
GEX,2022-12-09 07:00:00,10.19,10.25,9.87,10.15,9562600,unknown,vnstock_market_equity_ohlcv
GEX,2022-12-12 07:00:00,10.03,10.85,9.9,9.9,23159500,unknown,vnstock_market_equity_ohlcv
GEX,2022-12-13 07:00:00,9.99,10.12,9.65,10.09,11299300,unknown,vnstock_market_equity_ohlcv
GEX,2022-12-14 07:00:00,10.47,10.47,9.93,9.93,13745400,unknown,vnstock_market_equity_ohlcv
GEX,2022-12-15 07:00:00,9.9,10.06,9.74,10.03,10629800,unknown,vnstock_market_equity_ohlcv
GEX,2022-12-16 07:00:00,9.9,10.57,9.8,10.38,23789400,unknown,vnstock_market_equity_ohlcv
GEX,2022-12-19 07:00:00,10.34,10.5,9.77,9.77,18234000,unknown,vnstock_market_equity_ohlcv
GEX,2022-12-20 07:00:00,9.74,9.84,9.11,9.11,26837200,unknown,vnstock_market_equity_ohlcv
GEX,2022-12-21 07:00:00,9.2,9.2,8.47,8.47,22629700,unknown,vnstock_market_equity_ohlcv
GEX,2022-12-22 07:00:00,8.57,8.66,8.0,8.6,18684600,unknown,vnstock_market_equity_ohlcv
GEX,2022-12-23 07:00:00,8.6,8.98,8.47,8.79,16697400,unknown,vnstock_market_equity_ohlcv
GEX,2022-12-26 07:00:00,8.85,8.85,8.19,8.19,11653400,unknown,vnstock_market_equity_ohlcv
GEX,2022-12-27 07:00:00,7.93,8.35,7.62,8.31,29264000,unknown,vnstock_market_equity_ohlcv
GEX,2022-12-28 07:00:00,8.31,8.5,8.09,8.35,13087000,unknown,vnstock_market_equity_ohlcv
GEX,2022-12-29 07:00:00,8.25,8.44,8.06,8.06,8825200,unknown,vnstock_market_equity_ohlcv
GEX,2022-12-30 07:00:00,8.12,8.15,7.87,7.87,8863300,unknown,vnstock_market_equity_ohlcv
HAG,2022-05-04 07:00:00,10.3,10.3,9.9,9.92,10510800,unknown,vnstock_market_equity_ohlcv
HAG,2022-05-05 07:00:00,10.05,10.1,9.53,9.99,11014500,unknown,vnstock_market_equity_ohlcv
HAG,2022-05-06 07:00:00,9.6,9.8,9.4,9.4,9996600,unknown,vnstock_market_equity_ohlcv
HAG,2022-05-09 07:00:00,9.3,9.39,8.75,8.75,16583400,unknown,vnstock_market_equity_ohlcv
HAG,2022-05-10 07:00:00,8.25,9.19,8.25,9.06,12087100,unknown,vnstock_market_equity_ohlcv
HAG,2022-05-11 07:00:00,9.1,9.14,8.78,8.96,8522100,unknown,vnstock_market_equity_ohlcv
HAG,2022-05-12 07:00:00,8.8,8.9,8.34,8.34,10899400,unknown,vnstock_market_equity_ohlcv
HAG,2022-05-13 07:00:00,8.31,8.5,7.76,7.76,21904700,unknown,vnstock_market_equity_ohlcv
HAG,2022-05-16 07:00:00,8.2,8.29,7.95,8.05,10651300,unknown,vnstock_market_equity_ohlcv
HAG,2022-05-17 07:00:00,8.05,8.61,7.97,8.61,10501900,unknown,vnstock_market_equity_ohlcv
HAG,2022-05-18 07:00:00,9.0,9.2,8.9,9.0,13183700,unknown,vnstock_market_equity_ohlcv
HAG,2022-05-19 07:00:00,8.74,9.19,8.73,9.03,9474000,unknown,vnstock_market_equity_ohlcv
HAG,2022-05-20 07:00:00,8.64,9.11,8.6,8.99,20467100,unknown,vnstock_market_equity_ohlcv
HAG,2022-05-23 07:00:00,9.15,9.35,8.6,8.81,14917700,unknown,vnstock_market_equity_ohlcv
HAG,2022-05-24 07:00:00,8.84,8.84,8.3,8.72,10733100,unknown,vnstock_market_equity_ohlcv
HAG,2022-05-25 07:00:00,8.75,9.3,8.75,9.3,12362900,unknown,vnstock_market_equity_ohlcv
HAG,2022-05-26 07:00:00,9.26,9.45,9.05,9.08,9818000,unknown,vnstock_market_equity_ohlcv
HAG,2022-05-27 07:00:00,9.28,9.57,9.16,9.41,13695700,unknown,vnstock_market_equity_ohlcv
HAG,2022-05-30 07:00:00,9.5,9.5,9.31,9.36,6729500,unknown,vnstock_market_equity_ohlcv
HAG,2022-05-31 07:00:00,9.34,9.54,9.16,9.22,9359200,unknown,vnstock_market_equity_ohlcv
HAG,2022-06-01 07:00:00,9.22,9.32,9.07,9.25,6874900,unknown,vnstock_market_equity_ohlcv
HAG,2022-06-02 07:00:00,9.28,9.31,8.9,8.9,11650700,unknown,vnstock_market_equity_ohlcv
HAG,2022-06-03 07:00:00,8.9,8.97,8.56,8.72,11266500,unknown,vnstock_market_equity_ohlcv
HAG,2022-06-06 07:00:00,8.68,8.86,8.5,8.5,8740800,unknown,vnstock_market_equity_ohlcv
HAG,2022-06-07 07:00:00,8.48,8.5,8.0,8.45,11622100,unknown,vnstock_market_equity_ohlcv
HAG,2022-06-08 07:00:00,8.5,8.87,8.5,8.75,7396000,unknown,vnstock_market_equity_ohlcv
HAG,2022-06-09 07:00:00,8.8,8.8,8.55,8.56,5312700,unknown,vnstock_market_equity_ohlcv
HAG,2022-06-10 07:00:00,8.46,8.5,8.18,8.19,10920600,unknown,vnstock_market_equity_ohlcv
HAG,2022-06-13 07:00:00,7.7,7.88,7.62,7.62,17580000,unknown,vnstock_market_equity_ohlcv
HAG,2022-06-14 07:00:00,7.55,8.1,7.55,7.83,9480400,unknown,vnstock_market_equity_ohlcv
HAG,2022-06-15 07:00:00,7.87,7.9,7.3,7.55,8468300,unknown,vnstock_market_equity_ohlcv
HAG,2022-06-16 07:00:00,7.8,7.8,7.5,7.5,6900900,unknown,vnstock_market_equity_ohlcv
HAG,2022-06-17 07:00:00,7.1,7.3,6.98,6.98,13112500,unknown,vnstock_market_equity_ohlcv
HAG,2022-06-20 07:00:00,7.02,7.43,6.7,7.2,14642500,unknown,vnstock_market_equity_ohlcv
HAG,2022-06-21 07:00:00,7.45,7.7,7.4,7.7,9613500,unknown,vnstock_market_equity_ohlcv
HAG,2022-06-22 07:00:00,8.19,8.19,7.91,8.0,11791600,unknown,vnstock_market_equity_ohlcv
HAG,2022-06-23 07:00:00,7.85,8.25,7.7,8.24,11834400,unknown,vnstock_market_equity_ohlcv
HAG,2022-06-24 07:00:00,8.14,8.4,8.03,8.08,8603300,unknown,vnstock_market_equity_ohlcv
HAG,2022-06-27 07:00:00,8.15,8.64,8.01,8.64,18979000,unknown,vnstock_market_equity_ohlcv
HAG,2022-06-28 07:00:00,8.7,9.15,8.54,8.64,15023900,unknown,vnstock_market_equity_ohlcv
HAG,2022-06-29 07:00:00,8.5,8.82,8.48,8.6,9671200,unknown,vnstock_market_equity_ohlcv
HAG,2022-06-30 07:00:00,8.65,8.85,8.27,8.32,15511400,unknown,vnstock_market_equity_ohlcv
HAG,2022-07-01 07:00:00,8.3,8.9,8.22,8.9,23575500,unknown,vnstock_market_equity_ohlcv
HAG,2022-07-04 07:00:00,9.21,9.52,9.21,9.52,23607600,unknown,vnstock_market_equity_ohlcv
HAG,2022-07-05 07:00:00,9.7,9.96,9.33,9.42,20345200,unknown,vnstock_market_equity_ohlcv
HAG,2022-07-06 07:00:00,9.3,10.05,9.3,9.65,29138500,unknown,vnstock_market_equity_ohlcv
HAG,2022-07-07 07:00:00,9.8,9.89,9.32,9.7,15361300,unknown,vnstock_market_equity_ohlcv
HAG,2022-07-08 07:00:00,9.8,9.91,9.52,9.62,10756100,unknown,vnstock_market_equity_ohlcv
HAG,2022-07-11 07:00:00,9.72,10.25,9.65,10.25,25379200,unknown,vnstock_market_equity_ohlcv
HAG,2022-07-12 07:00:00,10.55,10.75,10.2,10.5,19820600,unknown,vnstock_market_equity_ohlcv
HAG,2022-07-13 07:00:00,10.6,11.2,10.6,11.0,22353200,unknown,vnstock_market_equity_ohlcv
HAG,2022-07-14 07:00:00,10.85,11.4,10.45,10.9,23597200,unknown,vnstock_market_equity_ohlcv
HAG,2022-07-15 07:00:00,10.8,11.3,10.8,11.05,13260500,unknown,vnstock_market_equity_ohlcv
HAG,2022-07-18 07:00:00,11.4,11.8,11.3,11.7,19942400,unknown,vnstock_market_equity_ohlcv
HAG,2022-07-19 07:00:00,11.75,12.15,11.5,11.65,23725900,unknown,vnstock_market_equity_ohlcv
HAG,2022-07-20 07:00:00,11.9,11.9,10.85,10.85,47050700,unknown,vnstock_market_equity_ohlcv
HAG,2022-07-21 07:00:00,10.8,11.15,10.35,11.1,29657100,unknown,vnstock_market_equity_ohlcv
HAG,2022-07-22 07:00:00,11.0,11.3,10.7,10.85,9516800,unknown,vnstock_market_equity_ohlcv
HAG,2022-07-25 07:00:00,10.8,11.4,10.6,11.4,17753000,unknown,vnstock_market_equity_ohlcv
HAG,2022-07-26 07:00:00,11.4,11.45,10.95,11.0,15321000,unknown,vnstock_market_equity_ohlcv
HAG,2022-07-27 07:00:00,10.9,11.4,10.7,11.3,13171500,unknown,vnstock_market_equity_ohlcv
HAG,2022-07-28 07:00:00,11.4,11.7,11.0,11.0,24089900,unknown,vnstock_market_equity_ohlcv
HAG,2022-07-29 07:00:00,11.0,11.55,11.0,11.15,17267300,unknown,vnstock_market_equity_ohlcv
HAG,2022-08-01 07:00:00,11.45,11.55,11.1,11.35,16743700,unknown,vnstock_market_equity_ohlcv
HAG,2022-08-02 07:00:00,11.4,12.1,11.25,12.1,43315500,unknown,vnstock_market_equity_ohlcv
HAG,2022-08-03 07:00:00,12.25,12.8,12.2,12.3,23943700,unknown,vnstock_market_equity_ohlcv
HAG,2022-08-04 07:00:00,12.3,12.6,12.15,12.35,16262600,unknown,vnstock_market_equity_ohlcv
HAG,2022-08-05 07:00:00,12.2,12.7,12.15,12.45,17806000,unknown,vnstock_market_equity_ohlcv
HAG,2022-08-08 07:00:00,12.35,12.45,11.8,11.85,38129400,unknown,vnstock_market_equity_ohlcv
HAG,2022-08-09 07:00:00,11.7,12.15,11.7,12.05,15502900,unknown,vnstock_market_equity_ohlcv
HAG,2022-08-10 07:00:00,11.95,12.2,11.7,11.7,22021700,unknown,vnstock_market_equity_ohlcv
HAG,2022-08-11 07:00:00,11.8,12.35,11.5,12.2,33082900,unknown,vnstock_market_equity_ohlcv
HAG,2022-08-12 07:00:00,12.25,12.35,11.95,11.95,11227700,unknown,vnstock_market_equity_ohlcv
HAG,2022-08-15 07:00:00,12.2,12.6,12.1,12.35,26721500,unknown,vnstock_market_equity_ohlcv
HAG,2022-08-16 07:00:00,12.35,12.65,12.15,12.3,17740900,unknown,vnstock_market_equity_ohlcv
HAG,2022-08-17 07:00:00,12.3,12.5,11.65,11.9,27712100,unknown,vnstock_market_equity_ohlcv
HAG,2022-08-18 07:00:00,11.8,11.95,11.55,11.65,21608300,unknown,vnstock_market_equity_ohlcv
HAG,2022-08-19 07:00:00,11.65,11.9,11.55,11.65,12374000,unknown,vnstock_market_equity_ohlcv
HAG,2022-08-22 07:00:00,11.8,12.45,11.75,12.4,31266100,unknown,vnstock_market_equity_ohlcv
HAG,2022-08-23 07:00:00,12.3,12.6,12.25,12.35,17270000,unknown,vnstock_market_equity_ohlcv
HAG,2022-08-24 07:00:00,12.6,12.95,12.45,12.65,26786900,unknown,vnstock_market_equity_ohlcv
HAG,2022-08-25 07:00:00,12.8,12.85,12.55,12.6,10566300,unknown,vnstock_market_equity_ohlcv
HAG,2022-08-26 07:00:00,12.85,13.1,12.55,12.75,19534100,unknown,vnstock_market_equity_ohlcv
HAG,2022-08-29 07:00:00,12.5,13.05,12.35,13.05,32047500,unknown,vnstock_market_equity_ohlcv
HAG,2022-08-30 07:00:00,13.05,13.25,12.85,12.95,11898800,unknown,vnstock_market_equity_ohlcv
HAG,2022-08-31 07:00:00,12.95,13.3,12.85,12.95,19526300,unknown,vnstock_market_equity_ohlcv
HAG,2022-09-05 07:00:00,12.95,13.15,12.9,12.95,12128700,unknown,vnstock_market_equity_ohlcv
HAG,2022-09-06 07:00:00,13.15,13.15,12.45,12.45,30804500,unknown,vnstock_market_equity_ohlcv
HAG,2022-09-07 07:00:00,12.35,12.7,12.3,12.35,18461900,unknown,vnstock_market_equity_ohlcv
HAG,2022-09-08 07:00:00,12.5,12.55,11.9,11.9,25852800,unknown,vnstock_market_equity_ohlcv
HAG,2022-09-09 07:00:00,11.95,12.4,11.7,12.4,17679300,unknown,vnstock_market_equity_ohlcv
HAG,2022-09-12 07:00:00,12.6,12.9,12.6,12.8,13973700,unknown,vnstock_market_equity_ohlcv
HAG,2022-09-13 07:00:00,12.8,12.9,12.65,12.85,10506300,unknown,vnstock_market_equity_ohlcv
HAG,2022-09-14 07:00:00,12.7,13.7,12.5,13.7,40713500,unknown,vnstock_market_equity_ohlcv
HAG,2022-09-15 07:00:00,13.75,13.9,13.5,13.6,14624100,unknown,vnstock_market_equity_ohlcv
HAG,2022-09-16 07:00:00,13.5,14.15,13.5,13.6,32672100,unknown,vnstock_market_equity_ohlcv
HAG,2022-09-19 07:00:00,13.8,14.3,13.3,13.85,36665800,unknown,vnstock_market_equity_ohlcv
HAG,2022-09-20 07:00:00,14.0,14.1,13.65,13.85,11995700,unknown,vnstock_market_equity_ohlcv
HAG,2022-09-21 07:00:00,13.7,13.9,13.65,13.65,10396300,unknown,vnstock_market_equity_ohlcv
HAG,2022-09-22 07:00:00,13.5,13.9,13.35,13.85,23038100,unknown,vnstock_market_equity_ohlcv
HAG,2022-09-23 07:00:00,14.0,14.6,13.9,13.9,38855700,unknown,vnstock_market_equity_ohlcv
HAG,2022-09-26 07:00:00,13.5,13.7,13.05,13.7,40963200,unknown,vnstock_market_equity_ohlcv
HAG,2022-09-27 07:00:00,13.75,14.1,13.45,13.45,22115800,unknown,vnstock_market_equity_ohlcv
HAG,2022-09-28 07:00:00,13.4,13.5,12.55,12.55,45676500,unknown,vnstock_market_equity_ohlcv
HAG,2022-09-29 07:00:00,12.75,12.85,12.35,12.4,21694500,unknown,vnstock_market_equity_ohlcv
HAG,2022-09-30 07:00:00,12.55,13.25,12.25,13.25,31444800,unknown,vnstock_market_equity_ohlcv
HAG,2022-10-03 07:00:00,13.35,13.45,12.35,12.35,33134200,unknown,vnstock_market_equity_ohlcv
HAG,2022-10-04 07:00:00,12.45,12.45,11.55,11.8,33603100,unknown,vnstock_market_equity_ohlcv
HAG,2022-10-05 07:00:00,12.2,12.6,12.05,12.4,15189100,unknown,vnstock_market_equity_ohlcv
HAG,2022-10-06 07:00:00,12.25,12.3,11.55,11.55,34386100,unknown,vnstock_market_equity_ohlcv
HAG,2022-10-07 07:00:00,10.75,10.95,10.75,10.75,10664100,unknown,vnstock_market_equity_ohlcv
HAG,2022-10-10 07:00:00,10.15,11.4,10.15,11.1,29612300,unknown,vnstock_market_equity_ohlcv
HAG,2022-10-11 07:00:00,11.0,11.1,10.35,10.35,15928700,unknown,vnstock_market_equity_ohlcv
HAG,2022-10-12 07:00:00,10.3,10.7,9.63,9.63,30895800,unknown,vnstock_market_equity_ohlcv
HAG,2022-10-13 07:00:00,9.98,10.05,9.61,9.9,16252800,unknown,vnstock_market_equity_ohlcv
HAG,2022-10-14 07:00:00,10.1,10.3,9.97,10.05,13265800,unknown,vnstock_market_equity_ohlcv
HAG,2022-10-17 07:00:00,9.98,9.98,9.35,9.46,24976400,unknown,vnstock_market_equity_ohlcv
HAG,2022-10-18 07:00:00,9.7,9.94,9.47,9.78,11037900,unknown,vnstock_market_equity_ohlcv
HAG,2022-10-19 07:00:00,9.74,9.94,9.34,9.54,10023200,unknown,vnstock_market_equity_ohlcv
HAG,2022-10-20 07:00:00,9.5,9.5,8.92,9.05,15249800,unknown,vnstock_market_equity_ohlcv
HAG,2022-10-21 07:00:00,9.06,9.39,8.45,8.5,20204600,unknown,vnstock_market_equity_ohlcv
HAG,2022-10-24 07:00:00,8.65,8.95,8.4,8.83,20726000,unknown,vnstock_market_equity_ohlcv
HAG,2022-10-25 07:00:00,8.85,9.25,8.51,9.03,13651000,unknown,vnstock_market_equity_ohlcv
HAG,2022-10-26 07:00:00,9.04,9.13,8.64,8.7,8413200,unknown,vnstock_market_equity_ohlcv
HAG,2022-10-27 07:00:00,8.87,9.3,8.81,9.3,13131600,unknown,vnstock_market_equity_ohlcv
HAG,2022-10-28 07:00:00,9.3,9.5,9.06,9.1,12447900,unknown,vnstock_market_equity_ohlcv
HAG,2022-10-31 07:00:00,9.1,9.23,8.47,8.66,15335500,unknown,vnstock_market_equity_ohlcv
HAG,2022-11-01 07:00:00,8.83,8.94,8.62,8.76,7154300,unknown,vnstock_market_equity_ohlcv
HAG,2022-11-02 07:00:00,8.8,9.2,8.73,8.99,9848900,unknown,vnstock_market_equity_ohlcv
HAG,2022-11-03 07:00:00,8.88,9.08,8.8,8.8,7255000,unknown,vnstock_market_equity_ohlcv
HAG,2022-11-04 07:00:00,8.8,8.8,8.28,8.29,16161500,unknown,vnstock_market_equity_ohlcv
HAG,2022-11-07 07:00:00,8.18,8.28,7.71,7.71,16642400,unknown,vnstock_market_equity_ohlcv
HAG,2022-11-08 07:00:00,7.45,7.87,7.41,7.8,9593600,unknown,vnstock_market_equity_ohlcv
HAG,2022-11-09 07:00:00,8.0,8.2,7.86,7.9,7489600,unknown,vnstock_market_equity_ohlcv
HAG,2022-11-10 07:00:00,7.7,7.9,7.35,7.35,8920600,unknown,vnstock_market_equity_ohlcv
HAG,2022-11-11 07:00:00,7.52,7.52,6.84,6.84,16749600,unknown,vnstock_market_equity_ohlcv
HAG,2022-11-14 07:00:00,6.65,6.8,6.37,6.37,15010500,unknown,vnstock_market_equity_ohlcv
HAG,2022-11-15 07:00:00,6.2,6.38,5.93,5.93,16001000,unknown,vnstock_market_equity_ohlcv
HAG,2022-11-16 07:00:00,5.93,6.34,5.64,6.34,10988900,unknown,vnstock_market_equity_ohlcv
HAG,2022-11-17 07:00:00,6.78,6.78,6.78,6.78,1649800,unknown,vnstock_market_equity_ohlcv
HAG,2022-11-18 07:00:00,7.25,7.25,7.03,7.25,23756200,unknown,vnstock_market_equity_ohlcv
HAG,2022-11-21 07:00:00,7.75,7.75,7.54,7.75,16524200,unknown,vnstock_market_equity_ohlcv
HAG,2022-11-22 07:00:00,7.85,8.29,7.76,7.8,21847600,unknown,vnstock_market_equity_ohlcv
HAG,2022-11-23 07:00:00,7.68,7.98,7.35,7.35,13129100,unknown,vnstock_market_equity_ohlcv
HAG,2022-11-24 07:00:00,7.3,7.86,7.15,7.86,10883700,unknown,vnstock_market_equity_ohlcv
HAG,2022-11-25 07:00:00,8.4,8.41,8.3,8.41,20449700,unknown,vnstock_market_equity_ohlcv
HAG,2022-11-28 07:00:00,8.94,8.99,8.66,8.96,18237300,unknown,vnstock_market_equity_ohlcv
HAG,2022-11-29 07:00:00,8.71,9.15,8.51,8.92,23398900,unknown,vnstock_market_equity_ohlcv
HAG,2022-11-30 07:00:00,8.99,9.4,8.65,9.05,17978800,unknown,vnstock_market_equity_ohlcv
HAG,2022-12-01 07:00:00,9.25,9.5,8.57,8.81,22614500,unknown,vnstock_market_equity_ohlcv
HAG,2022-12-02 07:00:00,8.71,9.11,8.41,9.11,21027100,unknown,vnstock_market_equity_ohlcv
HAG,2022-12-05 07:00:00,9.38,9.4,8.85,8.9,21029500,unknown,vnstock_market_equity_ohlcv
HAG,2022-12-06 07:00:00,8.7,9.52,8.6,9.52,37700900,unknown,vnstock_market_equity_ohlcv
HAG,2022-12-07 07:00:00,9.8,10.15,9.1,9.18,27942600,unknown,vnstock_market_equity_ohlcv
HAG,2022-12-08 07:00:00,9.5,9.7,9.06,9.2,20263300,unknown,vnstock_market_equity_ohlcv
HAG,2022-12-09 07:00:00,9.4,9.75,9.25,9.41,13752300,unknown,vnstock_market_equity_ohlcv
HAG,2022-12-12 07:00:00,9.6,9.93,9.01,9.01,19988300,unknown,vnstock_market_equity_ohlcv
HAG,2022-12-13 07:00:00,9.02,9.4,8.63,9.4,22099900,unknown,vnstock_market_equity_ohlcv
HAG,2022-12-14 07:00:00,9.55,9.59,9.25,9.25,11879400,unknown,vnstock_market_equity_ohlcv
HAG,2022-12-15 07:00:00,9.22,9.4,9.05,9.13,9408400,unknown,vnstock_market_equity_ohlcv
HAG,2022-12-16 07:00:00,9.0,9.29,8.93,9.25,14233700,unknown,vnstock_market_equity_ohlcv
HAG,2022-12-19 07:00:00,9.2,9.44,8.95,8.95,17075700,unknown,vnstock_market_equity_ohlcv
HAG,2022-12-20 07:00:00,8.85,9.05,8.33,8.33,32070700,unknown,vnstock_market_equity_ohlcv
HAG,2022-12-21 07:00:00,8.47,8.91,7.9,8.91,27030900,unknown,vnstock_market_equity_ohlcv
HAG,2022-12-22 07:00:00,9.19,9.29,8.75,8.9,15240000,unknown,vnstock_market_equity_ohlcv
HAG,2022-12-23 07:00:00,8.9,8.95,8.62,8.62,9617300,unknown,vnstock_market_equity_ohlcv
HAG,2022-12-26 07:00:00,8.64,8.68,8.03,8.03,17145100,unknown,vnstock_market_equity_ohlcv
HAG,2022-12-27 07:00:00,8.08,8.59,8.0,8.59,17934400,unknown,vnstock_market_equity_ohlcv
HAG,2022-12-28 07:00:00,8.74,8.98,8.58,8.6,13910000,unknown,vnstock_market_equity_ohlcv
HAG,2022-12-29 07:00:00,8.55,8.95,8.52,8.9,13035200,unknown,vnstock_market_equity_ohlcv
HAG,2022-12-30 07:00:00,9.0,9.25,8.8,9.16,14436900,unknown,vnstock_market_equity_ohlcv
HBC,2022-05-04 07:00:00,19.77,21.29,19.44,21.01,5853500,unknown,vnstock_market_equity_ohlcv
HBC,2022-05-05 07:00:00,21.01,21.15,19.58,20.04,6270700,unknown,vnstock_market_equity_ohlcv
HBC,2022-05-06 07:00:00,19.07,20.13,19.07,19.21,3461000,unknown,vnstock_market_equity_ohlcv
HBC,2022-05-09 07:00:00,18.61,18.89,17.88,17.88,4906100,unknown,vnstock_market_equity_ohlcv
HBC,2022-05-10 07:00:00,16.86,18.98,16.86,18.98,4551700,unknown,vnstock_market_equity_ohlcv
HBC,2022-05-11 07:00:00,19.21,19.58,18.8,19.49,2598300,unknown,vnstock_market_equity_ohlcv
HBC,2022-05-12 07:00:00,18.98,19.26,18.15,18.15,3178000,unknown,vnstock_market_equity_ohlcv
HBC,2022-05-13 07:00:00,18.11,18.15,16.91,16.91,4578300,unknown,vnstock_market_equity_ohlcv
HBC,2022-05-16 07:00:00,17.51,17.88,16.59,16.59,2842300,unknown,vnstock_market_equity_ohlcv
HBC,2022-05-17 07:00:00,16.63,17.74,16.59,17.74,3680700,unknown,vnstock_market_equity_ohlcv
HBC,2022-05-18 07:00:00,18.52,18.94,18.25,18.52,4984800,unknown,vnstock_market_equity_ohlcv
HBC,2022-05-19 07:00:00,18.43,19.26,18.06,19.21,4301900,unknown,vnstock_market_equity_ohlcv
HBC,2022-05-20 07:00:00,19.35,19.81,18.94,19.07,4687000,unknown,vnstock_market_equity_ohlcv
HBC,2022-05-23 07:00:00,19.3,19.49,18.01,18.25,4056900,unknown,vnstock_market_equity_ohlcv
HBC,2022-05-24 07:00:00,18.34,19.49,17.78,19.49,5289600,unknown,vnstock_market_equity_ohlcv
HBC,2022-05-25 07:00:00,20.09,20.64,19.81,20.04,6019200,unknown,vnstock_market_equity_ohlcv
HBC,2022-05-26 07:00:00,19.95,20.64,19.86,19.9,4413800,unknown,vnstock_market_equity_ohlcv
HBC,2022-05-27 07:00:00,19.81,20.5,19.67,20.09,4768300,unknown,vnstock_market_equity_ohlcv
HBC,2022-05-30 07:00:00,20.18,20.83,19.86,20.13,4529900,unknown,vnstock_market_equity_ohlcv
HBC,2022-05-31 07:00:00,20.0,21.06,19.86,20.41,7374500,unknown,vnstock_market_equity_ohlcv
HBC,2022-06-01 07:00:00,20.55,20.69,19.9,20.23,3545000,unknown,vnstock_market_equity_ohlcv
HBC,2022-06-02 07:00:00,20.46,21.1,20.18,21.01,7109000,unknown,vnstock_market_equity_ohlcv
HBC,2022-06-03 07:00:00,20.92,21.93,20.73,21.42,6882000,unknown,vnstock_market_equity_ohlcv
HBC,2022-06-06 07:00:00,21.42,21.79,19.95,19.95,7033600,unknown,vnstock_market_equity_ohlcv
HBC,2022-06-07 07:00:00,19.54,19.95,18.61,19.26,8819600,unknown,vnstock_market_equity_ohlcv
HBC,2022-06-08 07:00:00,19.63,20.23,19.35,20.04,4367000,unknown,vnstock_market_equity_ohlcv
HBC,2022-06-09 07:00:00,19.9,20.41,19.9,20.09,2472600,unknown,vnstock_market_equity_ohlcv
HBC,2022-06-10 07:00:00,19.81,20.04,18.89,18.89,5806400,unknown,vnstock_market_equity_ohlcv
HBC,2022-06-13 07:00:00,17.97,18.57,17.6,17.6,6539900,unknown,vnstock_market_equity_ohlcv
HBC,2022-06-14 07:00:00,17.51,17.97,17.05,17.14,4083500,unknown,vnstock_market_equity_ohlcv
HBC,2022-06-15 07:00:00,17.14,17.6,15.94,15.94,6597400,unknown,vnstock_market_equity_ohlcv
HBC,2022-06-16 07:00:00,16.49,16.59,15.76,15.9,2920000,unknown,vnstock_market_equity_ohlcv
HBC,2022-06-17 07:00:00,15.02,15.39,14.79,15.3,5552300,unknown,vnstock_market_equity_ohlcv
HBC,2022-06-20 07:00:00,15.48,15.85,14.24,14.24,5226100,unknown,vnstock_market_equity_ohlcv
HBC,2022-06-21 07:00:00,14.42,15.2,14.1,15.2,6570600,unknown,vnstock_market_equity_ohlcv
HBC,2022-06-22 07:00:00,15.85,16.13,15.76,15.85,3431900,unknown,vnstock_market_equity_ohlcv
HBC,2022-06-23 07:00:00,15.99,16.08,15.71,16.08,2597400,unknown,vnstock_market_equity_ohlcv
HBC,2022-06-24 07:00:00,16.03,16.77,15.76,15.99,6467400,unknown,vnstock_market_equity_ohlcv
HBC,2022-06-27 07:00:00,16.31,16.72,16.13,16.49,2577900,unknown,vnstock_market_equity_ohlcv
HBC,2022-06-28 07:00:00,16.49,17.0,16.49,16.68,2822900,unknown,vnstock_market_equity_ohlcv
HBC,2022-06-29 07:00:00,16.4,16.68,16.03,16.13,5039700,unknown,vnstock_market_equity_ohlcv
HBC,2022-06-30 07:00:00,16.13,16.45,15.3,15.34,3012700,unknown,vnstock_market_equity_ohlcv
HBC,2022-07-01 07:00:00,15.43,16.4,15.11,16.4,4932600,unknown,vnstock_market_equity_ohlcv
HBC,2022-07-04 07:00:00,16.63,16.96,16.54,16.63,2792700,unknown,vnstock_market_equity_ohlcv
HBC,2022-07-05 07:00:00,16.63,16.86,16.31,16.31,2826700,unknown,vnstock_market_equity_ohlcv
HBC,2022-07-06 07:00:00,16.03,16.54,15.85,16.31,4090000,unknown,vnstock_market_equity_ohlcv
HBC,2022-07-07 07:00:00,16.4,17.42,16.4,17.42,6311800,unknown,vnstock_market_equity_ohlcv
HBC,2022-07-08 07:00:00,17.69,18.25,17.51,17.78,3872300,unknown,vnstock_market_equity_ohlcv
HBC,2022-07-11 07:00:00,17.46,18.2,17.28,17.88,4310100,unknown,vnstock_market_equity_ohlcv
HBC,2022-07-12 07:00:00,17.83,18.34,17.6,18.25,5846400,unknown,vnstock_market_equity_ohlcv
HBC,2022-07-13 07:00:00,18.25,18.57,17.69,17.78,6433200,unknown,vnstock_market_equity_ohlcv
HBC,2022-07-14 07:00:00,17.65,18.15,17.6,17.97,3180700,unknown,vnstock_market_equity_ohlcv
HBC,2022-07-15 07:00:00,18.15,18.61,17.92,17.92,6014800,unknown,vnstock_market_equity_ohlcv
HBC,2022-07-18 07:00:00,18.01,18.75,17.83,18.06,7600000,unknown,vnstock_market_equity_ohlcv
HBC,2022-07-19 07:00:00,18.11,18.25,17.69,18.06,2723800,unknown,vnstock_market_equity_ohlcv
HBC,2022-07-20 07:00:00,18.43,19.3,18.34,19.3,12271800,unknown,vnstock_market_equity_ohlcv
HBC,2022-07-21 07:00:00,19.3,19.3,18.71,18.71,4793700,unknown,vnstock_market_equity_ohlcv
HBC,2022-07-22 07:00:00,18.71,19.03,18.25,18.25,3754000,unknown,vnstock_market_equity_ohlcv
HBC,2022-07-25 07:00:00,18.34,19.07,18.34,18.8,5215100,unknown,vnstock_market_equity_ohlcv
HBC,2022-07-26 07:00:00,18.75,19.58,18.75,18.8,5090400,unknown,vnstock_market_equity_ohlcv
HBC,2022-07-27 07:00:00,18.61,19.07,18.43,18.94,3554100,unknown,vnstock_market_equity_ohlcv
HBC,2022-07-28 07:00:00,19.26,19.67,18.94,18.94,7105000,unknown,vnstock_market_equity_ohlcv
HBC,2022-07-29 07:00:00,18.98,19.17,18.71,18.75,4904200,unknown,vnstock_market_equity_ohlcv
HBC,2022-08-01 07:00:00,18.75,19.81,18.75,19.72,9391100,unknown,vnstock_market_equity_ohlcv
HBC,2022-08-02 07:00:00,19.72,20.0,19.4,19.49,6471400,unknown,vnstock_market_equity_ohlcv
HBC,2022-08-03 07:00:00,19.35,19.77,19.21,19.63,4653800,unknown,vnstock_market_equity_ohlcv
HBC,2022-08-04 07:00:00,20.0,20.18,19.54,19.54,7038600,unknown,vnstock_market_equity_ohlcv
HBC,2022-08-05 07:00:00,19.54,19.81,19.3,19.67,4144700,unknown,vnstock_market_equity_ohlcv
HBC,2022-08-08 07:00:00,19.86,19.86,19.35,19.58,3910200,unknown,vnstock_market_equity_ohlcv
HBC,2022-08-09 07:00:00,19.67,20.18,19.54,19.86,6523300,unknown,vnstock_market_equity_ohlcv
HBC,2022-08-10 07:00:00,19.72,20.64,19.67,20.36,6680000,unknown,vnstock_market_equity_ohlcv
HBC,2022-08-11 07:00:00,20.73,20.73,19.4,19.77,9015100,unknown,vnstock_market_equity_ohlcv
HBC,2022-08-12 07:00:00,19.77,20.09,19.44,20.09,5442700,unknown,vnstock_market_equity_ohlcv
HBC,2022-08-15 07:00:00,20.23,20.36,19.86,19.9,4934700,unknown,vnstock_market_equity_ohlcv
HBC,2022-08-16 07:00:00,20.0,20.83,19.9,20.6,6956100,unknown,vnstock_market_equity_ohlcv
HBC,2022-08-17 07:00:00,20.6,20.73,20.04,20.27,6114000,unknown,vnstock_market_equity_ohlcv
HBC,2022-08-18 07:00:00,20.27,20.36,19.81,19.81,4242300,unknown,vnstock_market_equity_ohlcv
HBC,2022-08-19 07:00:00,20.0,20.18,19.54,19.77,4888900,unknown,vnstock_market_equity_ohlcv
HBC,2022-08-22 07:00:00,19.54,19.77,19.26,19.35,5098100,unknown,vnstock_market_equity_ohlcv
HBC,2022-08-23 07:00:00,19.07,20.0,19.03,19.95,4585100,unknown,vnstock_market_equity_ohlcv
HBC,2022-08-24 07:00:00,20.4,20.6,20.2,20.3,3178500,unknown,vnstock_market_equity_ohlcv
HBC,2022-08-25 07:00:00,20.35,20.65,20.3,20.35,2771500,unknown,vnstock_market_equity_ohlcv
HBC,2022-08-26 07:00:00,20.4,20.55,19.95,20.0,4974300,unknown,vnstock_market_equity_ohlcv
HBC,2022-08-29 07:00:00,19.45,19.9,19.05,19.5,5177700,unknown,vnstock_market_equity_ohlcv
HBC,2022-08-30 07:00:00,19.7,19.9,19.2,19.2,2229600,unknown,vnstock_market_equity_ohlcv
HBC,2022-08-31 07:00:00,19.2,19.65,19.1,19.5,2497700,unknown,vnstock_market_equity_ohlcv
HBC,2022-09-05 07:00:00,19.5,19.75,19.4,19.4,1454700,unknown,vnstock_market_equity_ohlcv
HBC,2022-09-06 07:00:00,19.35,20.2,19.3,19.85,4582200,unknown,vnstock_market_equity_ohlcv
HBC,2022-09-07 07:00:00,19.85,20.4,19.55,19.55,4927200,unknown,vnstock_market_equity_ohlcv
HBC,2022-09-08 07:00:00,19.7,19.7,18.8,19.0,4328900,unknown,vnstock_market_equity_ohlcv
HBC,2022-09-09 07:00:00,19.2,19.2,18.0,19.0,4454000,unknown,vnstock_market_equity_ohlcv
HBC,2022-09-12 07:00:00,19.1,19.5,19.0,19.1,1544800,unknown,vnstock_market_equity_ohlcv
HBC,2022-09-13 07:00:00,19.05,19.2,18.55,19.2,2331300,unknown,vnstock_market_equity_ohlcv
HBC,2022-09-14 07:00:00,18.9,19.7,18.5,19.25,3401900,unknown,vnstock_market_equity_ohlcv
HBC,2022-09-15 07:00:00,19.5,19.7,19.3,19.3,2256300,unknown,vnstock_market_equity_ohlcv
HBC,2022-09-16 07:00:00,19.1,19.3,18.8,18.8,2238000,unknown,vnstock_market_equity_ohlcv
HBC,2022-09-19 07:00:00,18.8,19.3,18.0,18.55,4299900,unknown,vnstock_market_equity_ohlcv
HBC,2022-09-20 07:00:00,18.6,18.85,18.15,18.65,1979900,unknown,vnstock_market_equity_ohlcv
HBC,2022-09-21 07:00:00,18.65,19.1,18.4,18.6,2110900,unknown,vnstock_market_equity_ohlcv
HBC,2022-09-22 07:00:00,18.4,18.85,18.3,18.8,2591000,unknown,vnstock_market_equity_ohlcv
HBC,2022-09-23 07:00:00,18.85,19.8,18.75,19.7,7293300,unknown,vnstock_market_equity_ohlcv
HBC,2022-09-26 07:00:00,19.45,19.85,18.85,19.3,5605100,unknown,vnstock_market_equity_ohlcv
HBC,2022-09-27 07:00:00,19.4,19.95,19.25,19.5,5083900,unknown,vnstock_market_equity_ohlcv
HBC,2022-09-28 07:00:00,19.3,19.5,18.15,18.15,8435900,unknown,vnstock_market_equity_ohlcv
HBC,2022-09-29 07:00:00,18.25,18.3,16.9,17.0,6853900,unknown,vnstock_market_equity_ohlcv
HBC,2022-09-30 07:00:00,16.55,16.75,15.85,16.35,3956600,unknown,vnstock_market_equity_ohlcv
HBC,2022-10-03 07:00:00,16.4,16.5,15.25,15.25,2458800,unknown,vnstock_market_equity_ohlcv
HBC,2022-10-04 07:00:00,15.5,15.8,14.45,14.45,3367100,unknown,vnstock_market_equity_ohlcv
HBC,2022-10-05 07:00:00,14.8,15.3,14.75,15.1,3055500,unknown,vnstock_market_equity_ohlcv
HBC,2022-10-06 07:00:00,15.1,15.2,14.2,14.2,1865600,unknown,vnstock_market_equity_ohlcv
HBC,2022-10-07 07:00:00,13.8,13.9,13.25,13.25,3961300,unknown,vnstock_market_equity_ohlcv
HBC,2022-10-10 07:00:00,12.85,13.8,12.8,13.65,2321100,unknown,vnstock_market_equity_ohlcv
HBC,2022-10-11 07:00:00,13.6,13.65,12.7,12.7,3315300,unknown,vnstock_market_equity_ohlcv
HBC,2022-10-12 07:00:00,12.5,13.25,12.5,12.95,2113900,unknown,vnstock_market_equity_ohlcv
HBC,2022-10-13 07:00:00,13.2,13.5,12.95,13.0,1510600,unknown,vnstock_market_equity_ohlcv
HBC,2022-10-14 07:00:00,13.45,13.7,13.2,13.35,2378100,unknown,vnstock_market_equity_ohlcv
HBC,2022-10-17 07:00:00,13.1,13.5,13.05,13.5,1617600,unknown,vnstock_market_equity_ohlcv
HBC,2022-10-18 07:00:00,13.9,14.1,13.65,13.7,2040900,unknown,vnstock_market_equity_ohlcv
HBC,2022-10-19 07:00:00,13.85,13.9,13.4,13.5,942100,unknown,vnstock_market_equity_ohlcv
HBC,2022-10-20 07:00:00,13.4,13.55,13.2,13.3,856400,unknown,vnstock_market_equity_ohlcv
HBC,2022-10-21 07:00:00,13.45,13.45,12.4,12.4,3022900,unknown,vnstock_market_equity_ohlcv
HBC,2022-10-24 07:00:00,12.45,12.6,11.55,11.55,2043000,unknown,vnstock_market_equity_ohlcv
HBC,2022-10-25 07:00:00,11.25,11.95,10.75,10.8,3128100,unknown,vnstock_market_equity_ohlcv
HBC,2022-10-26 07:00:00,10.5,11.3,10.05,10.05,2787100,unknown,vnstock_market_equity_ohlcv
HBC,2022-10-27 07:00:00,10.0,10.75,9.8,10.75,3136700,unknown,vnstock_market_equity_ohlcv
HBC,2022-10-28 07:00:00,11.0,11.25,10.7,10.75,2155000,unknown,vnstock_market_equity_ohlcv
HBC,2022-10-31 07:00:00,10.85,10.85,10.0,10.1,1947100,unknown,vnstock_market_equity_ohlcv
HBC,2022-11-01 07:00:00,10.4,10.55,10.25,10.45,1563700,unknown,vnstock_market_equity_ohlcv
HBC,2022-11-02 07:00:00,10.7,10.85,10.5,10.5,1619900,unknown,vnstock_market_equity_ohlcv
HBC,2022-11-03 07:00:00,10.3,11.2,10.3,11.2,3692300,unknown,vnstock_market_equity_ohlcv
HBC,2022-11-04 07:00:00,10.8,11.2,10.45,10.45,3009900,unknown,vnstock_market_equity_ohlcv
HBC,2022-11-07 07:00:00,10.3,10.45,9.72,9.72,1688300,unknown,vnstock_market_equity_ohlcv
HBC,2022-11-08 07:00:00,9.04,9.34,9.04,9.04,4278300,unknown,vnstock_market_equity_ohlcv
HBC,2022-11-09 07:00:00,9.14,9.35,9.0,9.0,2129800,unknown,vnstock_market_equity_ohlcv
HBC,2022-11-10 07:00:00,8.51,8.71,8.37,8.37,2396500,unknown,vnstock_market_equity_ohlcv
HBC,2022-11-11 07:00:00,8.37,8.48,7.79,7.79,3744500,unknown,vnstock_market_equity_ohlcv
HBC,2022-11-14 07:00:00,7.25,7.49,7.25,7.25,1794800,unknown,vnstock_market_equity_ohlcv
HBC,2022-11-15 07:00:00,6.75,6.75,6.75,6.75,497300,unknown,vnstock_market_equity_ohlcv
HBC,2022-11-16 07:00:00,6.28,7.22,6.28,7.22,8653200,unknown,vnstock_market_equity_ohlcv
HBC,2022-11-17 07:00:00,7.48,7.72,7.4,7.6,2740300,unknown,vnstock_market_equity_ohlcv
HBC,2022-11-18 07:00:00,7.6,8.0,7.07,7.7,5218700,unknown,vnstock_market_equity_ohlcv
HBC,2022-11-21 07:00:00,8.0,8.12,7.7,8.09,2495800,unknown,vnstock_market_equity_ohlcv
HBC,2022-11-22 07:00:00,8.0,8.64,7.8,7.99,4490500,unknown,vnstock_market_equity_ohlcv
HBC,2022-11-23 07:00:00,7.85,8.15,7.44,7.44,2086800,unknown,vnstock_market_equity_ohlcv
HBC,2022-11-24 07:00:00,7.4,7.52,7.0,7.4,1786900,unknown,vnstock_market_equity_ohlcv
HBC,2022-11-25 07:00:00,7.47,7.91,7.47,7.91,2172100,unknown,vnstock_market_equity_ohlcv
HBC,2022-11-28 07:00:00,8.4,8.46,8.3,8.46,2294500,unknown,vnstock_market_equity_ohlcv
HBC,2022-11-29 07:00:00,9.05,9.05,8.5,9.02,7748700,unknown,vnstock_market_equity_ohlcv
HBC,2022-11-30 07:00:00,9.08,9.55,8.88,9.42,4034100,unknown,vnstock_market_equity_ohlcv
HBC,2022-12-01 07:00:00,9.56,10.05,9.56,10.0,7689700,unknown,vnstock_market_equity_ohlcv
HBC,2022-12-02 07:00:00,9.8,10.65,9.55,10.65,6128600,unknown,vnstock_market_equity_ohlcv
HBC,2022-12-05 07:00:00,11.1,11.1,10.55,10.9,5357900,unknown,vnstock_market_equity_ohlcv
HBC,2022-12-06 07:00:00,10.45,10.85,10.15,10.15,7146400,unknown,vnstock_market_equity_ohlcv
HBC,2022-12-07 07:00:00,9.45,10.0,9.45,9.45,4003100,unknown,vnstock_market_equity_ohlcv
HBC,2022-12-08 07:00:00,9.6,10.05,9.56,9.89,2336700,unknown,vnstock_market_equity_ohlcv
HBC,2022-12-09 07:00:00,10.0,10.55,9.85,10.55,5502300,unknown,vnstock_market_equity_ohlcv
HBC,2022-12-12 07:00:00,11.25,11.25,10.8,11.2,7835800,unknown,vnstock_market_equity_ohlcv
HBC,2022-12-13 07:00:00,10.7,11.5,10.45,11.5,6739800,unknown,vnstock_market_equity_ohlcv
HBC,2022-12-14 07:00:00,11.65,11.9,11.05,11.05,5836900,unknown,vnstock_market_equity_ohlcv
HBC,2022-12-15 07:00:00,11.0,11.2,10.7,10.75,3619800,unknown,vnstock_market_equity_ohlcv
HBC,2022-12-16 07:00:00,10.6,11.3,10.45,10.9,4183000,unknown,vnstock_market_equity_ohlcv
HBC,2022-12-19 07:00:00,10.6,11.1,10.4,10.4,5153200,unknown,vnstock_market_equity_ohlcv
HBC,2022-12-20 07:00:00,10.35,10.5,9.68,9.8,5738800,unknown,vnstock_market_equity_ohlcv
HBC,2022-12-21 07:00:00,10.0,10.0,9.13,9.41,2900600,unknown,vnstock_market_equity_ohlcv
HBC,2022-12-22 07:00:00,9.43,9.7,9.25,9.5,1587800,unknown,vnstock_market_equity_ohlcv
HBC,2022-12-23 07:00:00,9.5,9.71,9.47,9.61,1666400,unknown,vnstock_market_equity_ohlcv
HBC,2022-12-26 07:00:00,9.61,9.87,8.94,8.94,2616700,unknown,vnstock_market_equity_ohlcv
HBC,2022-12-27 07:00:00,8.94,9.5,8.6,9.5,1547800,unknown,vnstock_market_equity_ohlcv
HBC,2022-12-28 07:00:00,9.58,9.58,9.33,9.33,1414100,unknown,vnstock_market_equity_ohlcv
HBC,2022-12-29 07:00:00,9.33,9.56,9.23,9.23,1539700,unknown,vnstock_market_equity_ohlcv
HBC,2022-12-30 07:00:00,9.38,9.38,9.17,9.21,1539500,unknown,vnstock_market_equity_ohlcv
HCM,2022-05-04 07:00:00,11.18,11.25,10.76,10.76,2033200,unknown,vnstock_market_equity_ohlcv
HCM,2022-05-05 07:00:00,10.93,11.04,10.28,10.49,2108500,unknown,vnstock_market_equity_ohlcv
HCM,2022-05-06 07:00:00,10.14,10.39,9.76,9.76,4690100,unknown,vnstock_market_equity_ohlcv
HCM,2022-05-09 07:00:00,9.42,9.68,9.09,9.09,5287600,unknown,vnstock_market_equity_ohlcv
HCM,2022-05-10 07:00:00,9.09,9.61,8.71,9.55,4640200,unknown,vnstock_market_equity_ohlcv
HCM,2022-05-11 07:00:00,9.55,9.63,9.3,9.51,1548200,unknown,vnstock_market_equity_ohlcv
HCM,2022-05-12 07:00:00,9.32,9.47,8.86,8.86,3707400,unknown,vnstock_market_equity_ohlcv
HCM,2022-05-13 07:00:00,8.88,9.01,8.29,8.29,6783900,unknown,vnstock_market_equity_ohlcv
HCM,2022-05-16 07:00:00,8.86,8.86,8.65,8.86,4952700,unknown,vnstock_market_equity_ohlcv
HCM,2022-05-17 07:00:00,8.8,9.47,8.71,9.47,4261100,unknown,vnstock_market_equity_ohlcv
HCM,2022-05-18 07:00:00,9.63,10.01,9.47,9.59,6510800,unknown,vnstock_market_equity_ohlcv
HCM,2022-05-19 07:00:00,9.34,9.88,9.22,9.78,6281500,unknown,vnstock_market_equity_ohlcv
HCM,2022-05-20 07:00:00,9.84,10.16,9.63,9.68,4428400,unknown,vnstock_market_equity_ohlcv
HCM,2022-05-23 07:00:00,9.7,9.76,9.01,9.01,4856600,unknown,vnstock_market_equity_ohlcv
HCM,2022-05-24 07:00:00,9.01,9.55,8.8,9.55,4925500,unknown,vnstock_market_equity_ohlcv
HCM,2022-05-25 07:00:00,9.63,10.12,9.63,10.05,4268700,unknown,vnstock_market_equity_ohlcv
HCM,2022-05-26 07:00:00,10.05,10.53,10.01,10.24,6140400,unknown,vnstock_market_equity_ohlcv
HCM,2022-05-27 07:00:00,10.24,10.43,10.03,10.14,4230600,unknown,vnstock_market_equity_ohlcv
HCM,2022-05-30 07:00:00,10.22,10.41,10.09,10.14,3344100,unknown,vnstock_market_equity_ohlcv
HCM,2022-05-31 07:00:00,10.05,10.18,9.88,9.95,4238200,unknown,vnstock_market_equity_ohlcv
HCM,2022-06-01 07:00:00,9.97,10.14,9.76,9.99,2932200,unknown,vnstock_market_equity_ohlcv
HCM,2022-06-02 07:00:00,10.03,10.24,9.76,9.76,4738200,unknown,vnstock_market_equity_ohlcv
HCM,2022-06-03 07:00:00,9.72,9.95,9.57,9.86,3282100,unknown,vnstock_market_equity_ohlcv
HCM,2022-06-06 07:00:00,9.78,10.05,9.7,9.74,2158900,unknown,vnstock_market_equity_ohlcv
HCM,2022-06-07 07:00:00,9.65,9.74,9.13,9.55,3734500,unknown,vnstock_market_equity_ohlcv
HCM,2022-06-08 07:00:00,9.63,9.97,9.57,9.91,3520200,unknown,vnstock_market_equity_ohlcv
HCM,2022-06-09 07:00:00,9.95,10.01,9.84,9.84,1813800,unknown,vnstock_market_equity_ohlcv
HCM,2022-06-10 07:00:00,9.7,9.84,9.42,9.42,2945700,unknown,vnstock_market_equity_ohlcv
HCM,2022-06-13 07:00:00,8.92,9.13,8.78,8.78,4718000,unknown,vnstock_market_equity_ohlcv
HCM,2022-06-14 07:00:00,8.46,8.78,8.25,8.29,2923200,unknown,vnstock_market_equity_ohlcv
HCM,2022-06-15 07:00:00,8.29,8.5,7.73,7.73,5671800,unknown,vnstock_market_equity_ohlcv
HCM,2022-06-16 07:00:00,8.02,8.04,7.58,7.75,3077300,unknown,vnstock_market_equity_ohlcv
HCM,2022-06-17 07:00:00,7.41,7.69,7.29,7.46,3749100,unknown,vnstock_market_equity_ohlcv
HCM,2022-06-20 07:00:00,7.58,7.69,6.95,6.95,3968000,unknown,vnstock_market_equity_ohlcv
HCM,2022-06-21 07:00:00,7.04,7.44,6.91,7.44,5717200,unknown,vnstock_market_equity_ohlcv
HCM,2022-06-22 07:00:00,7.87,7.94,7.79,7.94,2148300,unknown,vnstock_market_equity_ohlcv
HCM,2022-06-23 07:00:00,7.9,8.42,7.79,8.42,5449500,unknown,vnstock_market_equity_ohlcv
HCM,2022-06-24 07:00:00,8.17,8.56,8.17,8.34,4108700,unknown,vnstock_market_equity_ohlcv
HCM,2022-06-27 07:00:00,8.44,8.9,8.38,8.9,5691000,unknown,vnstock_market_equity_ohlcv
HCM,2022-06-28 07:00:00,8.96,9.15,8.8,8.9,4746600,unknown,vnstock_market_equity_ohlcv
HCM,2022-06-29 07:00:00,8.8,9.28,8.8,9.07,5169500,unknown,vnstock_market_equity_ohlcv
HCM,2022-06-30 07:00:00,9.01,9.17,8.46,8.46,5322300,unknown,vnstock_market_equity_ohlcv
HCM,2022-07-01 07:00:00,8.52,9.05,8.4,9.05,5521400,unknown,vnstock_market_equity_ohlcv
HCM,2022-07-04 07:00:00,9.49,9.68,9.32,9.68,6225500,unknown,vnstock_market_equity_ohlcv
HCM,2022-07-05 07:00:00,9.63,9.95,9.53,9.65,5988000,unknown,vnstock_market_equity_ohlcv
HCM,2022-07-06 07:00:00,9.44,10.09,9.34,9.51,7840700,unknown,vnstock_market_equity_ohlcv
HCM,2022-07-07 07:00:00,9.61,10.01,9.53,9.8,4698600,unknown,vnstock_market_equity_ohlcv
HCM,2022-07-08 07:00:00,9.95,10.26,9.78,10.18,6661900,unknown,vnstock_market_equity_ohlcv
HCM,2022-07-11 07:00:00,9.97,10.14,9.47,9.49,8915600,unknown,vnstock_market_equity_ohlcv
HCM,2022-07-12 07:00:00,9.59,9.97,9.34,9.84,4331500,unknown,vnstock_market_equity_ohlcv
HCM,2022-07-13 07:00:00,9.86,10.14,9.7,9.7,5581900,unknown,vnstock_market_equity_ohlcv
HCM,2022-07-14 07:00:00,9.63,10.37,9.63,10.37,10295300,unknown,vnstock_market_equity_ohlcv
HCM,2022-07-15 07:00:00,10.53,10.56,10.14,10.14,6819100,unknown,vnstock_market_equity_ohlcv
HCM,2022-07-18 07:00:00,10.22,10.53,10.09,10.3,9051000,unknown,vnstock_market_equity_ohlcv
HCM,2022-07-19 07:00:00,10.18,10.68,10.09,10.47,8546100,unknown,vnstock_market_equity_ohlcv
HCM,2022-07-20 07:00:00,10.72,11.18,10.64,10.89,10016100,unknown,vnstock_market_equity_ohlcv
HCM,2022-07-21 07:00:00,10.72,10.87,10.56,10.6,6150500,unknown,vnstock_market_equity_ohlcv
HCM,2022-07-22 07:00:00,10.47,10.68,10.32,10.32,6173100,unknown,vnstock_market_equity_ohlcv
HCM,2022-07-25 07:00:00,10.18,10.97,10.05,10.78,9944200,unknown,vnstock_market_equity_ohlcv
HCM,2022-07-26 07:00:00,10.74,10.87,10.58,10.6,4006100,unknown,vnstock_market_equity_ohlcv
HCM,2022-07-27 07:00:00,10.49,10.91,10.49,10.76,5954600,unknown,vnstock_market_equity_ohlcv
HCM,2022-07-28 07:00:00,11.08,11.29,10.87,10.89,10508500,unknown,vnstock_market_equity_ohlcv
HCM,2022-07-29 07:00:00,11.02,11.2,10.76,10.93,6730300,unknown,vnstock_market_equity_ohlcv
HCM,2022-08-01 07:00:00,10.97,11.5,10.91,11.33,10057600,unknown,vnstock_market_equity_ohlcv
HCM,2022-08-02 07:00:00,11.27,11.5,11.02,11.16,8772700,unknown,vnstock_market_equity_ohlcv
HCM,2022-08-03 07:00:00,11.12,11.31,11.0,11.22,6898800,unknown,vnstock_market_equity_ohlcv
HCM,2022-08-04 07:00:00,11.31,11.62,11.25,11.5,9864100,unknown,vnstock_market_equity_ohlcv
HCM,2022-08-05 07:00:00,11.44,11.81,11.39,11.6,9063600,unknown,vnstock_market_equity_ohlcv
HCM,2022-08-08 07:00:00,11.56,11.62,11.39,11.44,7820400,unknown,vnstock_market_equity_ohlcv
HCM,2022-08-09 07:00:00,11.39,11.54,11.22,11.31,10269600,unknown,vnstock_market_equity_ohlcv
HCM,2022-08-10 07:00:00,11.25,11.6,11.18,11.44,8566000,unknown,vnstock_market_equity_ohlcv
HCM,2022-08-11 07:00:00,11.69,11.71,11.12,11.25,9467700,unknown,vnstock_market_equity_ohlcv
HCM,2022-08-12 07:00:00,11.22,11.5,11.14,11.44,5190200,unknown,vnstock_market_equity_ohlcv
HCM,2022-08-15 07:00:00,11.52,11.58,11.27,11.35,6685200,unknown,vnstock_market_equity_ohlcv
HCM,2022-08-16 07:00:00,11.31,11.39,11.22,11.22,5981600,unknown,vnstock_market_equity_ohlcv
HCM,2022-08-17 07:00:00,11.31,11.62,11.2,11.31,10907800,unknown,vnstock_market_equity_ohlcv
HCM,2022-08-18 07:00:00,11.31,11.94,11.31,11.85,16551300,unknown,vnstock_market_equity_ohlcv
HCM,2022-08-19 07:00:00,11.85,11.9,11.66,11.79,7423400,unknown,vnstock_market_equity_ohlcv
HCM,2022-08-22 07:00:00,11.73,11.81,11.48,11.6,7687000,unknown,vnstock_market_equity_ohlcv
HCM,2022-08-23 07:00:00,11.39,11.94,11.31,11.94,11445300,unknown,vnstock_market_equity_ohlcv
HCM,2022-08-24 07:00:00,11.94,12.04,11.79,11.83,5455400,unknown,vnstock_market_equity_ohlcv
HCM,2022-08-25 07:00:00,11.85,12.06,11.83,11.87,6098100,unknown,vnstock_market_equity_ohlcv
HCM,2022-08-26 07:00:00,11.87,11.87,11.44,11.52,8450800,unknown,vnstock_market_equity_ohlcv
HCM,2022-08-29 07:00:00,11.18,11.31,10.76,11.22,13422100,unknown,vnstock_market_equity_ohlcv
HCM,2022-08-30 07:00:00,11.31,11.35,10.89,10.93,6902900,unknown,vnstock_market_equity_ohlcv
HCM,2022-08-31 07:00:00,10.76,11.14,10.76,10.93,5713400,unknown,vnstock_market_equity_ohlcv
HCM,2022-09-05 07:00:00,10.85,11.18,10.85,11.08,5607500,unknown,vnstock_market_equity_ohlcv
HCM,2022-09-06 07:00:00,11.16,11.27,11.02,11.02,4423500,unknown,vnstock_market_equity_ohlcv
HCM,2022-09-07 07:00:00,10.97,11.18,10.28,10.3,7318700,unknown,vnstock_market_equity_ohlcv
HCM,2022-09-08 07:00:00,10.51,10.6,10.26,10.37,5159400,unknown,vnstock_market_equity_ohlcv
HCM,2022-09-09 07:00:00,10.45,10.64,9.97,10.64,4759500,unknown,vnstock_market_equity_ohlcv
HCM,2022-09-12 07:00:00,10.78,10.78,10.51,10.51,2799000,unknown,vnstock_market_equity_ohlcv
HCM,2022-09-13 07:00:00,10.51,10.76,10.3,10.76,4159700,unknown,vnstock_market_equity_ohlcv
HCM,2022-09-14 07:00:00,10.6,11.39,10.49,11.39,11572200,unknown,vnstock_market_equity_ohlcv
HCM,2022-09-15 07:00:00,11.44,11.48,11.22,11.27,5113500,unknown,vnstock_market_equity_ohlcv
HCM,2022-09-16 07:00:00,11.22,11.39,10.97,11.02,7548100,unknown,vnstock_market_equity_ohlcv
HCM,2022-09-19 07:00:00,11.02,11.06,10.37,10.41,7557500,unknown,vnstock_market_equity_ohlcv
HCM,2022-09-20 07:00:00,10.56,10.78,10.26,10.66,6148300,unknown,vnstock_market_equity_ohlcv
HCM,2022-09-21 07:00:00,10.51,10.95,10.51,10.83,3550800,unknown,vnstock_market_equity_ohlcv
HCM,2022-09-22 07:00:00,10.72,11.39,10.68,11.39,9895300,unknown,vnstock_market_equity_ohlcv
HCM,2022-09-23 07:00:00,11.33,11.44,11.1,11.1,7124200,unknown,vnstock_market_equity_ohlcv
HCM,2022-09-26 07:00:00,10.89,11.04,10.32,10.81,8468400,unknown,vnstock_market_equity_ohlcv
HCM,2022-09-27 07:00:00,10.81,11.14,10.68,10.85,5029200,unknown,vnstock_market_equity_ohlcv
HCM,2022-09-28 07:00:00,10.85,11.27,10.76,10.97,11204000,unknown,vnstock_market_equity_ohlcv
HCM,2022-09-29 07:00:00,11.2,11.2,10.28,10.28,5917200,unknown,vnstock_market_equity_ohlcv
HCM,2022-09-30 07:00:00,10.28,10.43,9.57,10.26,12376900,unknown,vnstock_market_equity_ohlcv
HCM,2022-10-03 07:00:00,10.18,10.18,9.55,9.55,5041800,unknown,vnstock_market_equity_ohlcv
HCM,2022-10-04 07:00:00,9.68,9.72,8.9,8.92,6961500,unknown,vnstock_market_equity_ohlcv
HCM,2022-10-05 07:00:00,8.92,9.49,8.92,9.34,3838000,unknown,vnstock_market_equity_ohlcv
HCM,2022-10-06 07:00:00,9.34,9.34,8.69,8.69,6017800,unknown,vnstock_market_equity_ohlcv
HCM,2022-10-07 07:00:00,8.23,8.46,8.08,8.08,6990300,unknown,vnstock_market_equity_ohlcv
HCM,2022-10-10 07:00:00,7.96,8.59,7.96,8.4,4002200,unknown,vnstock_market_equity_ohlcv
HCM,2022-10-11 07:00:00,8.4,8.4,7.81,7.81,5195900,unknown,vnstock_market_equity_ohlcv
HCM,2022-10-12 07:00:00,7.81,8.36,7.81,8.08,3659400,unknown,vnstock_market_equity_ohlcv
HCM,2022-10-13 07:00:00,8.13,8.27,8.02,8.21,2145100,unknown,vnstock_market_equity_ohlcv
HCM,2022-10-14 07:00:00,8.48,8.69,8.4,8.48,4061400,unknown,vnstock_market_equity_ohlcv
HCM,2022-10-17 07:00:00,8.38,8.75,8.27,8.75,3611500,unknown,vnstock_market_equity_ohlcv
HCM,2022-10-18 07:00:00,8.92,9.03,8.59,8.63,3438000,unknown,vnstock_market_equity_ohlcv
HCM,2022-10-19 07:00:00,8.71,8.8,8.59,8.61,1956200,unknown,vnstock_market_equity_ohlcv
HCM,2022-10-20 07:00:00,8.59,8.65,8.38,8.38,2512900,unknown,vnstock_market_equity_ohlcv
HCM,2022-10-21 07:00:00,8.4,8.46,7.79,7.79,5882600,unknown,vnstock_market_equity_ohlcv
HCM,2022-10-24 07:00:00,7.81,7.94,7.25,7.25,5625900,unknown,vnstock_market_equity_ohlcv
HCM,2022-10-25 07:00:00,7.29,7.75,6.78,7.52,5785000,unknown,vnstock_market_equity_ohlcv
HCM,2022-10-26 07:00:00,7.69,7.73,7.27,7.39,1752300,unknown,vnstock_market_equity_ohlcv
HCM,2022-10-27 07:00:00,7.62,7.9,7.41,7.9,4289900,unknown,vnstock_market_equity_ohlcv
HCM,2022-10-28 07:00:00,8.1,8.25,8.02,8.04,5068000,unknown,vnstock_market_equity_ohlcv
HCM,2022-10-31 07:00:00,8.06,8.59,7.98,8.59,9810400,unknown,vnstock_market_equity_ohlcv
HCM,2022-11-01 07:00:00,8.84,8.92,8.65,8.71,5528400,unknown,vnstock_market_equity_ohlcv
HCM,2022-11-02 07:00:00,8.71,8.88,8.61,8.75,4359700,unknown,vnstock_market_equity_ohlcv
HCM,2022-11-03 07:00:00,8.59,9.17,8.54,8.84,8405200,unknown,vnstock_market_equity_ohlcv
HCM,2022-11-04 07:00:00,8.71,8.96,8.25,8.67,9050800,unknown,vnstock_market_equity_ohlcv
HCM,2022-11-07 07:00:00,8.59,8.84,8.08,8.08,8541300,unknown,vnstock_market_equity_ohlcv
HCM,2022-11-08 07:00:00,7.83,8.5,7.81,8.44,5667800,unknown,vnstock_market_equity_ohlcv
HCM,2022-11-09 07:00:00,8.56,8.75,8.29,8.52,6233700,unknown,vnstock_market_equity_ohlcv
HCM,2022-11-10 07:00:00,8.31,8.38,7.94,7.94,5918200,unknown,vnstock_market_equity_ohlcv
HCM,2022-11-11 07:00:00,8.17,8.34,7.39,7.39,9255300,unknown,vnstock_market_equity_ohlcv
HCM,2022-11-14 07:00:00,7.14,7.33,6.89,6.93,8925200,unknown,vnstock_market_equity_ohlcv
HCM,2022-11-15 07:00:00,6.76,6.95,6.45,6.45,7292200,unknown,vnstock_market_equity_ohlcv
HCM,2022-11-16 07:00:00,6.01,6.89,6.01,6.89,9994600,unknown,vnstock_market_equity_ohlcv
HCM,2022-11-17 07:00:00,7.16,7.37,7.12,7.37,6972100,unknown,vnstock_market_equity_ohlcv
HCM,2022-11-18 07:00:00,7.25,7.87,7.0,7.75,8819200,unknown,vnstock_market_equity_ohlcv
HCM,2022-11-21 07:00:00,7.83,7.98,7.66,7.75,5103300,unknown,vnstock_market_equity_ohlcv
HCM,2022-11-22 07:00:00,7.69,8.27,7.6,7.96,9576600,unknown,vnstock_market_equity_ohlcv
HCM,2022-11-23 07:00:00,7.85,8.0,7.41,7.41,4987800,unknown,vnstock_market_equity_ohlcv
HCM,2022-11-24 07:00:00,7.35,7.85,7.25,7.85,6819200,unknown,vnstock_market_equity_ohlcv
HCM,2022-11-25 07:00:00,8.1,8.4,7.87,8.4,7248600,unknown,vnstock_market_equity_ohlcv
HCM,2022-11-28 07:00:00,8.61,8.96,8.52,8.9,10407200,unknown,vnstock_market_equity_ohlcv
HCM,2022-11-29 07:00:00,8.9,9.24,8.5,8.98,13633600,unknown,vnstock_market_equity_ohlcv
HCM,2022-11-30 07:00:00,8.8,9.4,8.71,9.19,7697800,unknown,vnstock_market_equity_ohlcv
HCM,2022-12-01 07:00:00,9.42,9.42,8.67,8.78,12095400,unknown,vnstock_market_equity_ohlcv
HCM,2022-12-02 07:00:00,8.75,9.38,8.65,9.38,9668400,unknown,vnstock_market_equity_ohlcv
HCM,2022-12-05 07:00:00,9.84,9.95,9.47,9.8,9623400,unknown,vnstock_market_equity_ohlcv
HCM,2022-12-06 07:00:00,9.55,9.76,9.13,9.13,13627400,unknown,vnstock_market_equity_ohlcv
HCM,2022-12-07 07:00:00,9.05,9.22,8.75,8.86,8285900,unknown,vnstock_market_equity_ohlcv
HCM,2022-12-08 07:00:00,9.09,9.47,9.01,9.47,7663700,unknown,vnstock_market_equity_ohlcv
HCM,2022-12-09 07:00:00,9.49,9.53,9.13,9.28,4936300,unknown,vnstock_market_equity_ohlcv
HCM,2022-12-12 07:00:00,9.3,9.72,8.73,8.73,7820500,unknown,vnstock_market_equity_ohlcv
HCM,2022-12-13 07:00:00,8.8,9.34,8.59,9.34,7521800,unknown,vnstock_market_equity_ohlcv
HCM,2022-12-14 07:00:00,9.63,9.72,9.38,9.47,7231200,unknown,vnstock_market_equity_ohlcv
HCM,2022-12-15 07:00:00,9.32,9.84,9.32,9.82,8223900,unknown,vnstock_market_equity_ohlcv
HCM,2022-12-16 07:00:00,9.68,10.01,9.55,9.7,6197900,unknown,vnstock_market_equity_ohlcv
HCM,2022-12-19 07:00:00,9.72,10.22,9.4,9.4,9130000,unknown,vnstock_market_equity_ohlcv
HCM,2022-12-20 07:00:00,9.38,9.51,8.84,9.15,8964700,unknown,vnstock_market_equity_ohlcv
HCM,2022-12-21 07:00:00,9.34,9.34,8.63,9.28,6417000,unknown,vnstock_market_equity_ohlcv
HCM,2022-12-22 07:00:00,9.49,9.49,9.05,9.22,3656800,unknown,vnstock_market_equity_ohlcv
HCM,2022-12-23 07:00:00,9.22,9.28,8.88,8.88,4286600,unknown,vnstock_market_equity_ohlcv
HCM,2022-12-26 07:00:00,9.01,9.03,8.27,8.27,6512200,unknown,vnstock_market_equity_ohlcv
HCM,2022-12-27 07:00:00,8.29,8.84,8.25,8.84,5251300,unknown,vnstock_market_equity_ohlcv
HCM,2022-12-28 07:00:00,9.01,9.11,8.75,8.94,3688700,unknown,vnstock_market_equity_ohlcv
HCM,2022-12-29 07:00:00,8.84,8.94,8.54,8.54,3633200,unknown,vnstock_market_equity_ohlcv
HCM,2022-12-30 07:00:00,8.67,8.75,8.38,8.38,3212900,unknown,vnstock_market_equity_ohlcv
HDB,2022-05-04 07:00:00,10.3,10.32,10.11,10.11,2188600,unknown,vnstock_market_equity_ohlcv
HDB,2022-05-05 07:00:00,10.19,10.28,9.99,10.26,1473300,unknown,vnstock_market_equity_ohlcv
HDB,2022-05-06 07:00:00,9.91,10.11,9.79,9.81,2186300,unknown,vnstock_market_equity_ohlcv
HDB,2022-05-09 07:00:00,9.6,9.76,9.3,9.38,4028300,unknown,vnstock_market_equity_ohlcv
HDB,2022-05-10 07:00:00,9.22,9.87,9.13,9.81,3446700,unknown,vnstock_market_equity_ohlcv
HDB,2022-05-11 07:00:00,9.83,9.99,9.68,9.89,1473500,unknown,vnstock_market_equity_ohlcv
HDB,2022-05-12 07:00:00,9.79,9.81,9.3,9.36,2914500,unknown,vnstock_market_equity_ohlcv
HDB,2022-05-13 07:00:00,9.34,9.5,8.77,9.05,4888300,unknown,vnstock_market_equity_ohlcv
HDB,2022-05-16 07:00:00,9.34,9.36,8.97,9.17,2452800,unknown,vnstock_market_equity_ohlcv
HDB,2022-05-17 07:00:00,9.34,9.79,8.99,9.79,2515100,unknown,vnstock_market_equity_ohlcv
HDB,2022-05-18 07:00:00,9.79,9.93,9.62,9.79,2847700,unknown,vnstock_market_equity_ohlcv
HDB,2022-05-19 07:00:00,9.64,9.95,9.48,9.91,3109400,unknown,vnstock_market_equity_ohlcv
HDB,2022-05-20 07:00:00,9.91,10.07,9.79,9.93,2321500,unknown,vnstock_market_equity_ohlcv
HDB,2022-05-23 07:00:00,10.03,10.05,9.64,9.87,2385600,unknown,vnstock_market_equity_ohlcv
HDB,2022-05-24 07:00:00,9.83,10.03,9.72,10.03,2350200,unknown,vnstock_market_equity_ohlcv
HDB,2022-05-25 07:00:00,10.03,10.46,10.03,10.46,3348900,unknown,vnstock_market_equity_ohlcv
HDB,2022-05-26 07:00:00,10.32,10.52,10.32,10.42,1879100,unknown,vnstock_market_equity_ohlcv
HDB,2022-05-27 07:00:00,10.4,10.54,10.32,10.52,1672700,unknown,vnstock_market_equity_ohlcv
HDB,2022-05-30 07:00:00,10.64,10.64,10.48,10.54,1969700,unknown,vnstock_market_equity_ohlcv
HDB,2022-05-31 07:00:00,10.54,10.64,10.48,10.64,2242700,unknown,vnstock_market_equity_ohlcv
HDB,2022-06-01 07:00:00,10.64,10.78,10.44,10.66,2355800,unknown,vnstock_market_equity_ohlcv
HDB,2022-06-02 07:00:00,10.66,10.68,10.54,10.6,1996500,unknown,vnstock_market_equity_ohlcv
HDB,2022-06-03 07:00:00,10.56,10.6,10.28,10.36,1109800,unknown,vnstock_market_equity_ohlcv
HDB,2022-06-06 07:00:00,10.28,10.5,10.19,10.32,1590300,unknown,vnstock_market_equity_ohlcv
HDB,2022-06-07 07:00:00,10.32,10.42,10.11,10.32,1542300,unknown,vnstock_market_equity_ohlcv
HDB,2022-06-08 07:00:00,10.4,10.7,10.21,10.58,2656600,unknown,vnstock_market_equity_ohlcv
HDB,2022-06-09 07:00:00,10.5,10.6,10.48,10.52,865000,unknown,vnstock_market_equity_ohlcv
HDB,2022-06-10 07:00:00,10.52,10.76,10.4,10.56,3244500,unknown,vnstock_market_equity_ohlcv
HDB,2022-06-13 07:00:00,10.19,10.44,9.99,10.01,2229000,unknown,vnstock_market_equity_ohlcv
HDB,2022-06-14 07:00:00,9.83,10.32,9.83,10.15,2729000,unknown,vnstock_market_equity_ohlcv
HDB,2022-06-15 07:00:00,10.19,10.19,9.76,9.99,3231500,unknown,vnstock_market_equity_ohlcv
HDB,2022-06-16 07:00:00,10.03,10.4,9.95,10.17,2201600,unknown,vnstock_market_equity_ohlcv
HDB,2022-06-17 07:00:00,9.95,10.09,9.74,10.03,2041400,unknown,vnstock_market_equity_ohlcv
HDB,2022-06-20 07:00:00,10.03,10.03,9.54,9.68,1923600,unknown,vnstock_market_equity_ohlcv
HDB,2022-06-21 07:00:00,9.46,9.79,9.46,9.62,1663100,unknown,vnstock_market_equity_ohlcv
HDB,2022-06-22 07:00:00,9.62,9.83,9.62,9.62,1570400,unknown,vnstock_market_equity_ohlcv
HDB,2022-06-23 07:00:00,9.62,9.66,9.48,9.58,997000,unknown,vnstock_market_equity_ohlcv
HDB,2022-06-24 07:00:00,9.79,9.79,9.38,9.38,2243200,unknown,vnstock_market_equity_ohlcv
HDB,2022-06-27 07:00:00,9.42,9.56,9.38,9.52,1268100,unknown,vnstock_market_equity_ohlcv
HDB,2022-06-28 07:00:00,9.5,10.03,9.46,9.89,2159200,unknown,vnstock_market_equity_ohlcv
HDB,2022-06-29 07:00:00,9.62,10.07,9.62,9.95,1397100,unknown,vnstock_market_equity_ohlcv
HDB,2022-06-30 07:00:00,10.03,10.13,9.79,9.79,2399900,unknown,vnstock_market_equity_ohlcv
HDB,2022-07-01 07:00:00,9.74,9.99,9.56,9.99,2049800,unknown,vnstock_market_equity_ohlcv
HDB,2022-07-04 07:00:00,10.07,10.11,9.97,10.01,1048500,unknown,vnstock_market_equity_ohlcv
HDB,2022-07-05 07:00:00,9.97,10.17,9.97,10.09,2225700,unknown,vnstock_market_equity_ohlcv
HDB,2022-07-06 07:00:00,9.99,10.05,9.58,9.72,3078000,unknown,vnstock_market_equity_ohlcv
HDB,2022-07-07 07:00:00,9.72,9.87,9.7,9.79,1007500,unknown,vnstock_market_equity_ohlcv
HDB,2022-07-08 07:00:00,9.81,9.85,9.66,9.66,1115300,unknown,vnstock_market_equity_ohlcv
HDB,2022-07-11 07:00:00,9.56,9.64,9.34,9.34,1518800,unknown,vnstock_market_equity_ohlcv
HDB,2022-07-12 07:00:00,9.38,9.58,9.38,9.58,770300,unknown,vnstock_market_equity_ohlcv
HDB,2022-07-13 07:00:00,9.58,9.79,9.54,9.66,1282900,unknown,vnstock_market_equity_ohlcv
HDB,2022-07-14 07:00:00,9.66,9.68,9.48,9.66,1603600,unknown,vnstock_market_equity_ohlcv
HDB,2022-07-15 07:00:00,9.66,9.76,9.6,9.62,1566300,unknown,vnstock_market_equity_ohlcv
HDB,2022-07-18 07:00:00,9.76,9.76,9.58,9.58,787300,unknown,vnstock_market_equity_ohlcv
HDB,2022-07-19 07:00:00,9.58,9.6,9.48,9.54,848900,unknown,vnstock_market_equity_ohlcv
HDB,2022-07-20 07:00:00,9.7,9.76,9.64,9.72,1318300,unknown,vnstock_market_equity_ohlcv
HDB,2022-07-21 07:00:00,9.79,9.95,9.79,9.81,2225400,unknown,vnstock_market_equity_ohlcv
HDB,2022-07-22 07:00:00,9.81,9.87,9.7,9.7,1149300,unknown,vnstock_market_equity_ohlcv
HDB,2022-07-25 07:00:00,9.6,9.7,9.6,9.62,793000,unknown,vnstock_market_equity_ohlcv
HDB,2022-07-26 07:00:00,9.62,9.68,9.58,9.62,823200,unknown,vnstock_market_equity_ohlcv
HDB,2022-07-27 07:00:00,9.62,9.74,9.56,9.74,692700,unknown,vnstock_market_equity_ohlcv
HDB,2022-07-28 07:00:00,9.85,9.99,9.76,9.95,2767900,unknown,vnstock_market_equity_ohlcv
HDB,2022-07-29 07:00:00,10.05,10.05,9.85,9.85,1777600,unknown,vnstock_market_equity_ohlcv
HDB,2022-08-01 07:00:00,9.87,10.11,9.87,10.07,2445900,unknown,vnstock_market_equity_ohlcv
HDB,2022-08-02 07:00:00,10.03,10.21,10.03,10.13,2238100,unknown,vnstock_market_equity_ohlcv
HDB,2022-08-03 07:00:00,10.11,10.15,10.03,10.13,1828300,unknown,vnstock_market_equity_ohlcv
HDB,2022-08-04 07:00:00,10.19,10.34,10.07,10.15,2244800,unknown,vnstock_market_equity_ohlcv
HDB,2022-08-05 07:00:00,10.11,10.11,9.99,10.07,1668400,unknown,vnstock_market_equity_ohlcv
HDB,2022-08-08 07:00:00,10.15,10.23,10.07,10.19,2331400,unknown,vnstock_market_equity_ohlcv
HDB,2022-08-09 07:00:00,10.19,10.28,10.15,10.26,3084200,unknown,vnstock_market_equity_ohlcv
HDB,2022-08-10 07:00:00,10.26,10.28,10.15,10.21,1973800,unknown,vnstock_market_equity_ohlcv
HDB,2022-08-11 07:00:00,10.32,10.44,10.3,10.32,4795700,unknown,vnstock_market_equity_ohlcv
HDB,2022-08-12 07:00:00,10.36,10.38,10.3,10.36,1486600,unknown,vnstock_market_equity_ohlcv
HDB,2022-08-15 07:00:00,10.44,10.72,10.38,10.72,4823100,unknown,vnstock_market_equity_ohlcv
HDB,2022-08-16 07:00:00,10.72,10.76,10.6,10.74,2330800,unknown,vnstock_market_equity_ohlcv
HDB,2022-08-17 07:00:00,10.74,10.93,10.74,10.91,4696900,unknown,vnstock_market_equity_ohlcv
HDB,2022-08-18 07:00:00,10.95,10.97,10.8,10.93,5013300,unknown,vnstock_market_equity_ohlcv
HDB,2022-08-19 07:00:00,10.76,10.89,10.7,10.7,3826300,unknown,vnstock_market_equity_ohlcv
HDB,2022-08-22 07:00:00,10.66,10.66,10.38,10.38,2751700,unknown,vnstock_market_equity_ohlcv
HDB,2022-08-23 07:00:00,10.38,10.5,10.21,10.48,2488600,unknown,vnstock_market_equity_ohlcv
HDB,2022-08-24 07:00:00,10.6,10.64,10.48,10.56,1560000,unknown,vnstock_market_equity_ohlcv
HDB,2022-08-25 07:00:00,10.48,10.78,10.48,10.78,2176200,unknown,vnstock_market_equity_ohlcv
HDB,2022-08-26 07:00:00,10.89,10.89,10.72,10.72,2083700,unknown,vnstock_market_equity_ohlcv
HDB,2022-08-29 07:00:00,10.56,10.6,10.32,10.58,2814100,unknown,vnstock_market_equity_ohlcv
HDB,2022-08-30 07:00:00,10.6,10.74,10.56,10.72,1632200,unknown,vnstock_market_equity_ohlcv
HDB,2022-08-31 07:00:00,10.66,10.89,10.6,10.89,2386100,unknown,vnstock_market_equity_ohlcv
HDB,2022-09-05 07:00:00,10.83,10.89,10.62,10.76,1320000,unknown,vnstock_market_equity_ohlcv
HDB,2022-09-06 07:00:00,10.76,10.95,10.68,10.89,2019300,unknown,vnstock_market_equity_ohlcv
HDB,2022-09-07 07:00:00,10.91,11.11,10.64,10.64,4550200,unknown,vnstock_market_equity_ohlcv
HDB,2022-09-08 07:00:00,11.01,11.01,10.4,10.4,1921700,unknown,vnstock_market_equity_ohlcv
HDB,2022-09-09 07:00:00,10.6,10.6,10.19,10.52,1653200,unknown,vnstock_market_equity_ohlcv
HDB,2022-09-12 07:00:00,10.76,10.76,10.46,10.46,1065300,unknown,vnstock_market_equity_ohlcv
HDB,2022-09-13 07:00:00,10.6,10.6,10.4,10.56,743300,unknown,vnstock_market_equity_ohlcv
HDB,2022-09-14 07:00:00,10.28,10.38,10.23,10.28,1933100,unknown,vnstock_market_equity_ohlcv
HDB,2022-09-15 07:00:00,10.52,10.52,10.21,10.26,1009300,unknown,vnstock_market_equity_ohlcv
HDB,2022-09-16 07:00:00,10.32,10.4,10.19,10.19,987900,unknown,vnstock_market_equity_ohlcv
HDB,2022-09-19 07:00:00,10.32,10.32,9.91,9.99,1335900,unknown,vnstock_market_equity_ohlcv
HDB,2022-09-20 07:00:00,10.15,10.15,9.87,10.11,672700,unknown,vnstock_market_equity_ohlcv
HDB,2022-09-21 07:00:00,10.17,10.17,9.93,10.07,818200,unknown,vnstock_market_equity_ohlcv
HDB,2022-09-22 07:00:00,10.01,10.07,9.91,10.07,664200,unknown,vnstock_market_equity_ohlcv
HDB,2022-09-23 07:00:00,9.99,10.11,9.91,9.91,833900,unknown,vnstock_market_equity_ohlcv
HDB,2022-09-26 07:00:00,9.85,9.85,9.5,9.56,2621100,unknown,vnstock_market_equity_ohlcv
HDB,2022-09-27 07:00:00,9.59,9.94,9.59,9.84,1594200,unknown,vnstock_market_equity_ohlcv
HDB,2022-09-28 07:00:00,9.59,9.82,9.59,9.77,866700,unknown,vnstock_market_equity_ohlcv
HDB,2022-09-29 07:00:00,9.77,9.87,9.74,9.77,1383700,unknown,vnstock_market_equity_ohlcv
HDB,2022-09-30 07:00:00,9.46,9.89,9.46,9.77,2310500,unknown,vnstock_market_equity_ohlcv
HDB,2022-10-03 07:00:00,9.48,9.77,9.33,9.38,1385800,unknown,vnstock_market_equity_ohlcv
HDB,2022-10-04 07:00:00,9.41,9.69,9.33,9.43,2228800,unknown,vnstock_market_equity_ohlcv
HDB,2022-10-05 07:00:00,9.69,9.72,9.43,9.43,1523000,unknown,vnstock_market_equity_ohlcv
HDB,2022-10-06 07:00:00,9.36,9.69,9.18,9.26,1398600,unknown,vnstock_market_equity_ohlcv
HDB,2022-10-07 07:00:00,8.95,9.18,8.67,8.9,3189500,unknown,vnstock_market_equity_ohlcv
HDB,2022-10-10 07:00:00,8.77,8.8,8.34,8.62,3301800,unknown,vnstock_market_equity_ohlcv
HDB,2022-10-11 07:00:00,8.52,8.67,8.11,8.26,4543200,unknown,vnstock_market_equity_ohlcv
HDB,2022-10-12 07:00:00,8.31,8.67,8.18,8.57,2042400,unknown,vnstock_market_equity_ohlcv
HDB,2022-10-13 07:00:00,8.82,8.85,8.49,8.57,1504700,unknown,vnstock_market_equity_ohlcv
HDB,2022-10-14 07:00:00,8.8,8.9,8.59,8.67,1021900,unknown,vnstock_market_equity_ohlcv
HDB,2022-10-17 07:00:00,8.57,8.62,8.24,8.41,1415900,unknown,vnstock_market_equity_ohlcv
HDB,2022-10-18 07:00:00,8.64,8.64,8.41,8.57,1121300,unknown,vnstock_market_equity_ohlcv
HDB,2022-10-19 07:00:00,8.67,8.75,8.46,8.52,658800,unknown,vnstock_market_equity_ohlcv
HDB,2022-10-20 07:00:00,8.67,8.67,7.93,8.57,2614200,unknown,vnstock_market_equity_ohlcv
HDB,2022-10-21 07:00:00,8.67,8.67,8.26,8.41,1821700,unknown,vnstock_market_equity_ohlcv
HDB,2022-10-24 07:00:00,8.41,8.46,8.03,8.13,2220500,unknown,vnstock_market_equity_ohlcv
HDB,2022-10-25 07:00:00,8.11,8.41,7.85,8.16,1694800,unknown,vnstock_market_equity_ohlcv
HDB,2022-10-26 07:00:00,8.16,8.21,7.96,8.13,920400,unknown,vnstock_market_equity_ohlcv
HDB,2022-10-27 07:00:00,8.13,8.46,7.98,8.46,2175400,unknown,vnstock_market_equity_ohlcv
HDB,2022-10-28 07:00:00,8.49,8.57,8.31,8.41,1395000,unknown,vnstock_market_equity_ohlcv
HDB,2022-10-31 07:00:00,8.31,8.46,8.16,8.36,1557600,unknown,vnstock_market_equity_ohlcv
HDB,2022-11-01 07:00:00,8.41,8.7,8.36,8.46,3493500,unknown,vnstock_market_equity_ohlcv
HDB,2022-11-02 07:00:00,8.46,8.49,8.29,8.39,1795400,unknown,vnstock_market_equity_ohlcv
HDB,2022-11-03 07:00:00,8.21,8.39,8.16,8.16,1892200,unknown,vnstock_market_equity_ohlcv
HDB,2022-11-04 07:00:00,8.01,8.16,7.6,7.85,7049900,unknown,vnstock_market_equity_ohlcv
HDB,2022-11-07 07:00:00,8.01,8.01,7.32,7.32,4888900,unknown,vnstock_market_equity_ohlcv
HDB,2022-11-08 07:00:00,6.81,7.39,6.81,7.39,6443500,unknown,vnstock_market_equity_ohlcv
HDB,2022-11-09 07:00:00,7.34,7.65,7.34,7.55,4329300,unknown,vnstock_market_equity_ohlcv
HDB,2022-11-10 07:00:00,7.39,7.52,7.09,7.44,3820600,unknown,vnstock_market_equity_ohlcv
HDB,2022-11-11 07:00:00,7.44,7.62,7.44,7.55,2205600,unknown,vnstock_market_equity_ohlcv
HDB,2022-11-14 07:00:00,7.04,7.5,7.04,7.44,6647100,unknown,vnstock_market_equity_ohlcv
HDB,2022-11-15 07:00:00,7.39,7.44,6.96,7.14,3659800,unknown,vnstock_market_equity_ohlcv
HDB,2022-11-16 07:00:00,6.94,7.6,6.66,7.6,3977400,unknown,vnstock_market_equity_ohlcv
HDB,2022-11-17 07:00:00,7.5,7.93,7.5,7.8,3941100,unknown,vnstock_market_equity_ohlcv
HDB,2022-11-18 07:00:00,7.8,7.8,7.34,7.65,2423900,unknown,vnstock_market_equity_ohlcv
HDB,2022-11-21 07:00:00,7.8,7.8,7.47,7.55,1269200,unknown,vnstock_market_equity_ohlcv
HDB,2022-11-22 07:00:00,7.65,7.75,7.44,7.47,1480900,unknown,vnstock_market_equity_ohlcv
HDB,2022-11-23 07:00:00,7.65,7.65,7.44,7.47,939500,unknown,vnstock_market_equity_ohlcv
HDB,2022-11-24 07:00:00,7.6,7.6,7.34,7.55,912700,unknown,vnstock_market_equity_ohlcv
HDB,2022-11-25 07:00:00,7.62,7.62,7.52,7.62,945600,unknown,vnstock_market_equity_ohlcv
HDB,2022-11-28 07:00:00,7.65,7.93,7.65,7.88,1754000,unknown,vnstock_market_equity_ohlcv
HDB,2022-11-29 07:00:00,7.9,8.03,7.65,7.88,1844100,unknown,vnstock_market_equity_ohlcv
HDB,2022-11-30 07:00:00,7.9,8.03,7.73,7.93,2034700,unknown,vnstock_market_equity_ohlcv
HDB,2022-12-01 07:00:00,8.16,8.24,7.98,8.13,3183800,unknown,vnstock_market_equity_ohlcv
HDB,2022-12-02 07:00:00,8.21,8.41,8.21,8.41,2276600,unknown,vnstock_market_equity_ohlcv
HDB,2022-12-05 07:00:00,8.72,8.75,8.49,8.64,3911000,unknown,vnstock_market_equity_ohlcv
HDB,2022-12-06 07:00:00,8.9,8.9,8.36,8.36,5460300,unknown,vnstock_market_equity_ohlcv
HDB,2022-12-07 07:00:00,8.34,8.41,8.08,8.11,1569900,unknown,vnstock_market_equity_ohlcv
HDB,2022-12-08 07:00:00,8.31,8.54,8.26,8.41,4564600,unknown,vnstock_market_equity_ohlcv
HDB,2022-12-09 07:00:00,8.67,8.67,8.41,8.57,2828900,unknown,vnstock_market_equity_ohlcv
HDB,2022-12-12 07:00:00,8.75,8.75,8.26,8.26,3855500,unknown,vnstock_market_equity_ohlcv
HDB,2022-12-13 07:00:00,8.57,8.57,8.21,8.39,3731900,unknown,vnstock_market_equity_ohlcv
HDB,2022-12-14 07:00:00,8.49,8.49,8.36,8.39,2416000,unknown,vnstock_market_equity_ohlcv
HDB,2022-12-15 07:00:00,8.52,8.57,8.39,8.54,5372600,unknown,vnstock_market_equity_ohlcv
HDB,2022-12-16 07:00:00,8.54,8.9,8.54,8.82,6009700,unknown,vnstock_market_equity_ohlcv
HDB,2022-12-19 07:00:00,8.92,9.13,8.85,8.85,4321600,unknown,vnstock_market_equity_ohlcv
HDB,2022-12-20 07:00:00,8.87,8.92,8.34,8.49,6344800,unknown,vnstock_market_equity_ohlcv
HDB,2022-12-21 07:00:00,8.67,8.67,8.41,8.57,2288900,unknown,vnstock_market_equity_ohlcv
HDB,2022-12-22 07:00:00,8.67,8.75,8.52,8.59,1303400,unknown,vnstock_market_equity_ohlcv
HDB,2022-12-23 07:00:00,8.62,8.67,8.54,8.67,1302300,unknown,vnstock_market_equity_ohlcv
HDB,2022-12-26 07:00:00,8.67,8.77,8.24,8.29,2065400,unknown,vnstock_market_equity_ohlcv
HDB,2022-12-27 07:00:00,8.36,8.41,8.26,8.34,2151200,unknown,vnstock_market_equity_ohlcv
HDB,2022-12-28 07:00:00,8.36,8.41,8.16,8.26,1180400,unknown,vnstock_market_equity_ohlcv
HDB,2022-12-29 07:00:00,8.13,8.36,8.11,8.11,1361200,unknown,vnstock_market_equity_ohlcv
HDB,2022-12-30 07:00:00,8.11,8.13,7.98,8.13,1525800,unknown,vnstock_market_equity_ohlcv
HDC,2022-05-04 07:00:00,29.46,29.7,28.25,28.53,733700,unknown,vnstock_market_equity_ohlcv
HDC,2022-05-05 07:00:00,29.02,29.02,26.56,27.0,1204200,unknown,vnstock_market_equity_ohlcv
HDC,2022-05-06 07:00:00,25.79,26.96,25.15,25.15,834300,unknown,vnstock_market_equity_ohlcv
HDC,2022-05-09 07:00:00,23.74,24.14,23.42,23.42,970800,unknown,vnstock_market_equity_ohlcv
HDC,2022-05-10 07:00:00,21.8,22.53,21.8,21.8,3449900,unknown,vnstock_market_equity_ohlcv
HDC,2022-05-11 07:00:00,22.77,23.3,22.17,23.3,1042600,unknown,vnstock_market_equity_ohlcv
HDC,2022-05-12 07:00:00,23.86,24.79,21.68,21.68,1371800,unknown,vnstock_market_equity_ohlcv
HDC,2022-05-13 07:00:00,21.68,22.13,20.19,20.19,2006600,unknown,vnstock_market_equity_ohlcv
HDC,2022-05-16 07:00:00,20.96,21.6,20.07,20.23,1639800,unknown,vnstock_market_equity_ohlcv
HDC,2022-05-17 07:00:00,20.19,21.64,20.15,21.64,925400,unknown,vnstock_market_equity_ohlcv
HDC,2022-05-18 07:00:00,22.17,23.13,22.17,22.41,1283500,unknown,vnstock_market_equity_ohlcv
HDC,2022-05-19 07:00:00,21.92,22.85,21.52,22.61,1079700,unknown,vnstock_market_equity_ohlcv
HDC,2022-05-20 07:00:00,22.77,23.98,22.61,23.7,808700,unknown,vnstock_market_equity_ohlcv
HDC,2022-05-23 07:00:00,24.18,24.18,22.04,22.04,1601300,unknown,vnstock_market_equity_ohlcv
HDC,2022-05-24 07:00:00,22.17,23.38,21.36,23.38,1171500,unknown,vnstock_market_equity_ohlcv
HDC,2022-05-25 07:00:00,23.46,24.79,23.3,24.54,1204500,unknown,vnstock_market_equity_ohlcv
HDC,2022-05-26 07:00:00,24.58,25.59,24.42,25.11,1032800,unknown,vnstock_market_equity_ohlcv
HDC,2022-05-27 07:00:00,25.31,25.59,24.99,25.19,911200,unknown,vnstock_market_equity_ohlcv
HDC,2022-05-30 07:00:00,25.39,25.59,24.91,25.19,883000,unknown,vnstock_market_equity_ohlcv
HDC,2022-05-31 07:00:00,24.99,25.23,24.38,24.58,1031200,unknown,vnstock_market_equity_ohlcv
HDC,2022-06-01 07:00:00,24.58,24.99,23.9,24.58,755700,unknown,vnstock_market_equity_ohlcv
HDC,2022-06-02 07:00:00,24.58,25.15,23.98,23.98,735200,unknown,vnstock_market_equity_ohlcv
HDC,2022-06-03 07:00:00,23.98,24.26,23.42,24.26,668200,unknown,vnstock_market_equity_ohlcv
HDC,2022-06-06 07:00:00,24.5,24.54,22.97,22.97,626800,unknown,vnstock_market_equity_ohlcv
HDC,2022-06-07 07:00:00,22.57,23.58,21.56,22.65,1118500,unknown,vnstock_market_equity_ohlcv
HDC,2022-06-08 07:00:00,23.05,24.22,22.81,24.22,778400,unknown,vnstock_market_equity_ohlcv
HDC,2022-06-09 07:00:00,24.38,25.19,24.26,24.58,514200,unknown,vnstock_market_equity_ohlcv
HDC,2022-06-10 07:00:00,24.3,24.79,23.78,23.9,516600,unknown,vnstock_market_equity_ohlcv
HDC,2022-06-13 07:00:00,22.57,23.25,22.25,22.25,1199600,unknown,vnstock_market_equity_ohlcv
HDC,2022-06-14 07:00:00,21.2,22.49,21.2,21.48,778500,unknown,vnstock_market_equity_ohlcv
HDC,2022-06-15 07:00:00,21.52,21.76,19.99,19.99,1827300,unknown,vnstock_market_equity_ohlcv
HDC,2022-06-16 07:00:00,21.36,21.36,18.6,18.6,1193500,unknown,vnstock_market_equity_ohlcv
HDC,2022-06-17 07:00:00,17.45,18.14,17.31,17.31,2415200,unknown,vnstock_market_equity_ohlcv
HDC,2022-06-20 07:00:00,17.13,17.53,16.1,16.1,2112000,unknown,vnstock_market_equity_ohlcv
HDC,2022-06-21 07:00:00,15.87,17.13,14.99,14.99,2118900,unknown,vnstock_market_equity_ohlcv
HDC,2022-06-22 07:00:00,15.02,16.02,14.72,16.02,1903400,unknown,vnstock_market_equity_ohlcv
HDC,2022-06-23 07:00:00,16.63,17.13,16.38,17.13,1178500,unknown,vnstock_market_equity_ohlcv
HDC,2022-06-24 07:00:00,17.44,18.32,17.26,18.32,1846200,unknown,vnstock_market_equity_ohlcv
HDC,2022-06-27 07:00:00,18.14,19.3,17.99,18.9,1827100,unknown,vnstock_market_equity_ohlcv
HDC,2022-06-28 07:00:00,18.9,19.6,18.39,19.05,1555000,unknown,vnstock_market_equity_ohlcv
HDC,2022-06-29 07:00:00,19.05,19.5,18.44,19.33,1450800,unknown,vnstock_market_equity_ohlcv
HDC,2022-06-30 07:00:00,19.35,19.45,18.44,18.65,1156800,unknown,vnstock_market_equity_ohlcv
HDC,2022-07-01 07:00:00,18.49,19.6,17.36,18.8,1731500,unknown,vnstock_market_equity_ohlcv
HDC,2022-07-04 07:00:00,19.0,19.2,18.24,18.49,600400,unknown,vnstock_market_equity_ohlcv
HDC,2022-07-05 07:00:00,18.75,18.75,17.54,17.86,539000,unknown,vnstock_market_equity_ohlcv
HDC,2022-07-06 07:00:00,17.39,18.39,17.13,17.24,1097300,unknown,vnstock_market_equity_ohlcv
HDC,2022-07-07 07:00:00,17.54,17.71,17.16,17.34,642200,unknown,vnstock_market_equity_ohlcv
HDC,2022-07-08 07:00:00,17.66,18.55,17.64,18.55,798700,unknown,vnstock_market_equity_ohlcv
HDC,2022-07-11 07:00:00,18.75,19.6,18.55,19.2,2269700,unknown,vnstock_market_equity_ohlcv
HDC,2022-07-12 07:00:00,19.3,20.54,19.2,20.54,1434100,unknown,vnstock_market_equity_ohlcv
HDC,2022-07-13 07:00:00,20.81,21.39,20.51,20.94,1801400,unknown,vnstock_market_equity_ohlcv
HDC,2022-07-14 07:00:00,20.86,21.32,20.59,20.91,1519300,unknown,vnstock_market_equity_ohlcv
HDC,2022-07-15 07:00:00,21.37,21.69,21.04,21.06,1383300,unknown,vnstock_market_equity_ohlcv
HDC,2022-07-18 07:00:00,21.19,21.52,20.06,20.59,1944700,unknown,vnstock_market_equity_ohlcv
HDC,2022-07-19 07:00:00,20.56,21.12,20.08,20.81,1690300,unknown,vnstock_market_equity_ohlcv
HDC,2022-07-20 07:00:00,21.42,22.25,20.96,22.25,1793400,unknown,vnstock_market_equity_ohlcv
HDC,2022-07-21 07:00:00,22.3,23.08,22.0,22.0,1886000,unknown,vnstock_market_equity_ohlcv
HDC,2022-07-22 07:00:00,21.82,22.07,21.67,21.72,1251900,unknown,vnstock_market_equity_ohlcv
HDC,2022-07-25 07:00:00,21.32,21.92,20.99,21.57,1642000,unknown,vnstock_market_equity_ohlcv
HDC,2022-07-26 07:00:00,21.44,22.0,21.44,21.54,762100,unknown,vnstock_market_equity_ohlcv
HDC,2022-07-27 07:00:00,21.39,22.93,21.22,22.93,1921400,unknown,vnstock_market_equity_ohlcv
HDC,2022-07-28 07:00:00,23.43,24.34,23.21,23.33,2553800,unknown,vnstock_market_equity_ohlcv
HDC,2022-07-29 07:00:00,23.36,23.43,23.03,23.43,1305100,unknown,vnstock_market_equity_ohlcv
HDC,2022-08-01 07:00:00,23.58,24.16,23.36,23.61,1664600,unknown,vnstock_market_equity_ohlcv
HDC,2022-08-02 07:00:00,23.61,23.91,23.53,23.58,1473600,unknown,vnstock_market_equity_ohlcv
HDC,2022-08-03 07:00:00,23.63,24.44,23.18,24.34,1659700,unknown,vnstock_market_equity_ohlcv
HDC,2022-08-04 07:00:00,24.69,24.69,23.81,23.99,1526100,unknown,vnstock_market_equity_ohlcv
HDC,2022-08-05 07:00:00,23.94,25.2,23.76,24.77,1453700,unknown,vnstock_market_equity_ohlcv
HDC,2022-08-08 07:00:00,24.84,25.15,24.24,24.39,1361800,unknown,vnstock_market_equity_ohlcv
HDC,2022-08-09 07:00:00,24.24,24.77,24.21,24.49,1171800,unknown,vnstock_market_equity_ohlcv
HDC,2022-08-10 07:00:00,24.49,25.1,24.29,24.79,1219500,unknown,vnstock_market_equity_ohlcv
HDC,2022-08-11 07:00:00,25.02,25.15,23.63,23.79,2124800,unknown,vnstock_market_equity_ohlcv
HDC,2022-08-12 07:00:00,23.84,24.06,23.68,23.84,1489300,unknown,vnstock_market_equity_ohlcv
HDC,2022-08-15 07:00:00,24.11,24.79,23.79,24.54,1415900,unknown,vnstock_market_equity_ohlcv
HDC,2022-08-16 07:00:00,24.59,24.94,24.34,24.64,795100,unknown,vnstock_market_equity_ohlcv
HDC,2022-08-17 07:00:00,24.79,26.36,24.74,26.36,4701500,unknown,vnstock_market_equity_ohlcv
HDC,2022-08-18 07:00:00,26.36,26.96,26.05,26.26,2243900,unknown,vnstock_market_equity_ohlcv
HDC,2022-08-19 07:00:00,26.26,27.62,26.26,26.81,2165500,unknown,vnstock_market_equity_ohlcv
HDC,2022-08-22 07:00:00,26.76,27.62,26.26,27.11,2600300,unknown,vnstock_market_equity_ohlcv
HDC,2022-08-23 07:00:00,26.76,27.62,26.61,27.56,1636900,unknown,vnstock_market_equity_ohlcv
HDC,2022-08-24 07:00:00,27.67,27.87,27.21,27.21,1778100,unknown,vnstock_market_equity_ohlcv
HDC,2022-08-25 07:00:00,27.31,27.72,26.71,27.16,1700100,unknown,vnstock_market_equity_ohlcv
HDC,2022-08-26 07:00:00,27.21,27.67,26.71,26.81,1881300,unknown,vnstock_market_equity_ohlcv
HDC,2022-08-29 07:00:00,26.26,27.56,25.45,27.56,4204100,unknown,vnstock_market_equity_ohlcv
HDC,2022-08-30 07:00:00,27.87,28.37,27.46,27.56,1458800,unknown,vnstock_market_equity_ohlcv
HDC,2022-08-31 07:00:00,27.21,27.82,27.06,27.46,1208900,unknown,vnstock_market_equity_ohlcv
HDC,2022-09-05 07:00:00,27.46,28.42,27.21,28.22,2577000,unknown,vnstock_market_equity_ohlcv
HDC,2022-09-06 07:00:00,28.22,28.62,27.97,28.17,951500,unknown,vnstock_market_equity_ohlcv
HDC,2022-09-07 07:00:00,28.22,28.22,26.2,26.2,3356500,unknown,vnstock_market_equity_ohlcv
HDC,2022-09-08 07:00:00,26.26,26.46,24.39,24.39,4416600,unknown,vnstock_market_equity_ohlcv
HDC,2022-09-09 07:00:00,24.39,25.65,22.9,25.65,3837900,unknown,vnstock_market_equity_ohlcv
HDC,2022-09-12 07:00:00,25.7,25.95,24.94,24.94,1091200,unknown,vnstock_market_equity_ohlcv
HDC,2022-09-13 07:00:00,24.97,25.2,24.29,25.02,1320300,unknown,vnstock_market_equity_ohlcv
HDC,2022-09-14 07:00:00,24.64,25.6,24.34,25.25,1492900,unknown,vnstock_market_equity_ohlcv
HDC,2022-09-15 07:00:00,25.35,25.55,25.04,25.2,832900,unknown,vnstock_market_equity_ohlcv
HDC,2022-09-16 07:00:00,25.2,25.2,23.74,23.74,1305300,unknown,vnstock_market_equity_ohlcv
HDC,2022-09-19 07:00:00,23.43,23.63,22.1,22.1,3226600,unknown,vnstock_market_equity_ohlcv
HDC,2022-09-20 07:00:00,22.55,22.55,20.76,22.1,1919100,unknown,vnstock_market_equity_ohlcv
HDC,2022-09-21 07:00:00,21.72,22.42,21.72,21.95,608100,unknown,vnstock_market_equity_ohlcv
HDC,2022-09-22 07:00:00,21.52,22.5,21.27,22.17,1186600,unknown,vnstock_market_equity_ohlcv
HDC,2022-09-23 07:00:00,22.17,22.42,21.37,21.37,933700,unknown,vnstock_market_equity_ohlcv
HDC,2022-09-26 07:00:00,20.11,21.12,19.88,19.88,1954300,unknown,vnstock_market_equity_ohlcv
HDC,2022-09-27 07:00:00,19.96,20.16,19.05,19.15,1870500,unknown,vnstock_market_equity_ohlcv
HDC,2022-09-28 07:00:00,19.1,20.48,18.75,20.48,3040100,unknown,vnstock_market_equity_ohlcv
HDC,2022-09-29 07:00:00,21.12,21.12,19.07,19.07,1443000,unknown,vnstock_market_equity_ohlcv
HDC,2022-09-30 07:00:00,19.25,20.38,18.14,20.38,2671000,unknown,vnstock_market_equity_ohlcv
HDC,2022-10-03 07:00:00,20.18,20.91,19.4,19.45,1805300,unknown,vnstock_market_equity_ohlcv
HDC,2022-10-04 07:00:00,20.11,20.56,19.33,20.13,2553400,unknown,vnstock_market_equity_ohlcv
HDC,2022-10-05 07:00:00,20.86,21.52,20.64,21.52,1437600,unknown,vnstock_market_equity_ohlcv
HDC,2022-10-06 07:00:00,21.77,22.42,20.64,20.64,3543500,unknown,vnstock_market_equity_ohlcv
HDC,2022-10-07 07:00:00,20.16,22.07,19.9,21.42,3303300,unknown,vnstock_market_equity_ohlcv
HDC,2022-10-10 07:00:00,21.16,21.92,20.91,21.16,2259400,unknown,vnstock_market_equity_ohlcv
HDC,2022-10-11 07:00:00,21.06,21.37,19.7,19.7,1851100,unknown,vnstock_market_equity_ohlcv
HDC,2022-10-12 07:00:00,18.34,19.96,18.34,18.34,5796400,unknown,vnstock_market_equity_ohlcv
HDC,2022-10-13 07:00:00,18.34,19.07,17.18,17.24,2918800,unknown,vnstock_market_equity_ohlcv
HDC,2022-10-14 07:00:00,17.74,18.42,17.13,18.42,2506300,unknown,vnstock_market_equity_ohlcv
HDC,2022-10-17 07:00:00,18.65,18.95,18.04,18.47,1495700,unknown,vnstock_market_equity_ohlcv
HDC,2022-10-18 07:00:00,18.75,19.65,18.47,18.7,2089500,unknown,vnstock_market_equity_ohlcv
HDC,2022-10-19 07:00:00,18.65,19.0,18.14,18.14,1405300,unknown,vnstock_market_equity_ohlcv
HDC,2022-10-20 07:00:00,17.99,18.39,17.31,17.39,1830300,unknown,vnstock_market_equity_ohlcv
HDC,2022-10-21 07:00:00,17.54,17.54,16.18,16.18,2823700,unknown,vnstock_market_equity_ohlcv
HDC,2022-10-24 07:00:00,15.52,16.08,15.07,15.07,1499300,unknown,vnstock_market_equity_ohlcv
HDC,2022-10-25 07:00:00,14.04,15.07,14.04,14.04,4980200,unknown,vnstock_market_equity_ohlcv
HDC,2022-10-26 07:00:00,13.25,14.01,13.08,13.15,7326200,unknown,vnstock_market_equity_ohlcv
HDC,2022-10-27 07:00:00,13.1,14.06,13.1,14.06,1822400,unknown,vnstock_market_equity_ohlcv
HDC,2022-10-28 07:00:00,14.41,15.04,14.16,14.21,2952100,unknown,vnstock_market_equity_ohlcv
HDC,2022-10-31 07:00:00,14.26,14.36,13.25,14.21,2407400,unknown,vnstock_market_equity_ohlcv
HDC,2022-11-01 07:00:00,14.36,15.19,14.31,15.19,2406300,unknown,vnstock_market_equity_ohlcv
HDC,2022-11-02 07:00:00,15.45,16.25,15.22,16.23,4319100,unknown,vnstock_market_equity_ohlcv
HDC,2022-11-03 07:00:00,15.62,17.18,15.62,17.03,4123900,unknown,vnstock_market_equity_ohlcv
HDC,2022-11-04 07:00:00,16.76,16.98,15.85,16.13,4658500,unknown,vnstock_market_equity_ohlcv
HDC,2022-11-07 07:00:00,15.87,16.0,15.02,15.02,3919400,unknown,vnstock_market_equity_ohlcv
HDC,2022-11-08 07:00:00,14.06,15.47,14.06,14.74,1325600,unknown,vnstock_market_equity_ohlcv
HDC,2022-11-09 07:00:00,15.14,15.75,15.12,15.75,1735400,unknown,vnstock_market_equity_ohlcv
HDC,2022-11-10 07:00:00,15.6,16.63,14.87,15.37,5055000,unknown,vnstock_market_equity_ohlcv
HDC,2022-11-11 07:00:00,15.77,16.05,14.97,15.52,3074400,unknown,vnstock_market_equity_ohlcv
HDC,2022-11-14 07:00:00,14.56,15.7,14.44,15.4,2771200,unknown,vnstock_market_equity_ohlcv
HDC,2022-11-15 07:00:00,15.34,15.34,14.34,14.34,2122900,unknown,vnstock_market_equity_ohlcv
HDC,2022-11-16 07:00:00,13.35,15.32,13.35,15.32,6356900,unknown,vnstock_market_equity_ohlcv
HDC,2022-11-17 07:00:00,15.72,16.08,15.32,15.55,2990200,unknown,vnstock_market_equity_ohlcv
HDC,2022-11-18 07:00:00,15.14,16.63,15.12,16.63,3518700,unknown,vnstock_market_equity_ohlcv
HDC,2022-11-21 07:00:00,17.24,17.24,16.63,16.76,1366600,unknown,vnstock_market_equity_ohlcv
HDC,2022-11-22 07:00:00,16.63,17.92,16.38,16.38,2842900,unknown,vnstock_market_equity_ohlcv
HDC,2022-11-23 07:00:00,15.92,16.68,15.67,15.67,1336200,unknown,vnstock_market_equity_ohlcv
HDC,2022-11-24 07:00:00,15.7,16.45,15.14,16.43,1181100,unknown,vnstock_market_equity_ohlcv
HDC,2022-11-25 07:00:00,16.88,17.54,16.7,17.54,1289400,unknown,vnstock_market_equity_ohlcv
HDC,2022-11-28 07:00:00,18.09,18.37,16.63,17.39,1947100,unknown,vnstock_market_equity_ohlcv
HDC,2022-11-29 07:00:00,17.54,18.6,17.06,18.6,2347300,unknown,vnstock_market_equity_ohlcv
HDC,2022-11-30 07:00:00,18.9,19.15,18.14,18.65,1838700,unknown,vnstock_market_equity_ohlcv
HDC,2022-12-01 07:00:00,19.15,19.63,17.66,18.04,2378000,unknown,vnstock_market_equity_ohlcv
HDC,2022-12-02 07:00:00,17.79,19.3,17.59,19.3,1697500,unknown,vnstock_market_equity_ohlcv
HDC,2022-12-05 07:00:00,19.65,19.65,18.19,18.19,1755300,unknown,vnstock_market_equity_ohlcv
HDC,2022-12-06 07:00:00,17.84,18.39,16.93,16.93,3571300,unknown,vnstock_market_equity_ohlcv
HDC,2022-12-07 07:00:00,16.83,16.88,15.75,15.75,1717300,unknown,vnstock_market_equity_ohlcv
HDC,2022-12-08 07:00:00,15.9,16.83,15.9,16.83,1299700,unknown,vnstock_market_equity_ohlcv
HDC,2022-12-09 07:00:00,17.13,17.36,16.4,16.63,763900,unknown,vnstock_market_equity_ohlcv
HDC,2022-12-12 07:00:00,16.88,17.64,15.87,15.87,856800,unknown,vnstock_market_equity_ohlcv
HDC,2022-12-13 07:00:00,15.92,16.66,15.67,16.63,865700,unknown,vnstock_market_equity_ohlcv
HDC,2022-12-14 07:00:00,16.91,17.34,16.66,17.18,566300,unknown,vnstock_market_equity_ohlcv
HDC,2022-12-15 07:00:00,17.24,17.94,17.24,17.94,1628900,unknown,vnstock_market_equity_ohlcv
HDC,2022-12-16 07:00:00,17.94,18.09,17.54,17.81,704900,unknown,vnstock_market_equity_ohlcv
HDC,2022-12-19 07:00:00,18.09,18.09,16.58,16.58,1626800,unknown,vnstock_market_equity_ohlcv
HDC,2022-12-20 07:00:00,16.38,16.73,15.52,16.13,1533200,unknown,vnstock_market_equity_ohlcv
HDC,2022-12-21 07:00:00,16.18,16.35,15.02,15.04,954700,unknown,vnstock_market_equity_ohlcv
HDC,2022-12-22 07:00:00,15.42,15.42,14.61,15.07,654200,unknown,vnstock_market_equity_ohlcv
HDC,2022-12-23 07:00:00,15.02,15.72,14.92,15.37,577000,unknown,vnstock_market_equity_ohlcv
HDC,2022-12-26 07:00:00,15.37,15.42,14.31,14.31,778800,unknown,vnstock_market_equity_ohlcv
HDC,2022-12-27 07:00:00,14.11,15.02,14.01,15.02,590600,unknown,vnstock_market_equity_ohlcv
HDC,2022-12-28 07:00:00,15.17,15.27,14.89,15.22,313400,unknown,vnstock_market_equity_ohlcv
HDC,2022-12-29 07:00:00,15.19,15.62,14.89,14.89,376100,unknown,vnstock_market_equity_ohlcv
HDC,2022-12-30 07:00:00,15.09,15.12,14.56,14.56,181400,unknown,vnstock_market_equity_ohlcv
HPG,2022-05-04 07:00:00,22.13,22.13,21.46,21.46,14901300,unknown,vnstock_market_equity_ohlcv
HPG,2022-05-05 07:00:00,21.77,21.77,21.21,21.49,13817300,unknown,vnstock_market_equity_ohlcv
HPG,2022-05-06 07:00:00,21.16,21.98,21.16,21.36,15010600,unknown,vnstock_market_equity_ohlcv
HPG,2022-05-09 07:00:00,21.21,21.41,20.42,20.42,26283600,unknown,vnstock_market_equity_ohlcv
HPG,2022-05-10 07:00:00,20.19,21.0,19.78,21.0,19440000,unknown,vnstock_market_equity_ohlcv
HPG,2022-05-11 07:00:00,20.95,21.11,20.72,20.78,9559800,unknown,vnstock_market_equity_ohlcv
HPG,2022-05-12 07:00:00,20.75,20.78,19.55,19.55,25252600,unknown,vnstock_market_equity_ohlcv
HPG,2022-05-13 07:00:00,19.5,19.7,18.27,18.35,42997700,unknown,vnstock_market_equity_ohlcv
HPG,2022-05-16 07:00:00,18.93,19.16,18.55,18.55,29389700,unknown,vnstock_market_equity_ohlcv
HPG,2022-05-17 07:00:00,18.5,19.52,18.4,19.52,23415100,unknown,vnstock_market_equity_ohlcv
HPG,2022-05-18 07:00:00,19.62,19.78,19.34,19.52,16073200,unknown,vnstock_market_equity_ohlcv
HPG,2022-05-19 07:00:00,19.06,19.47,18.83,19.37,16040000,unknown,vnstock_market_equity_ohlcv
HPG,2022-05-20 07:00:00,19.27,19.32,19.04,19.24,13929400,unknown,vnstock_market_equity_ohlcv
HPG,2022-05-23 07:00:00,19.4,19.52,18.55,18.78,10178900,unknown,vnstock_market_equity_ohlcv
HPG,2022-05-24 07:00:00,18.78,18.91,17.48,17.84,42201300,unknown,vnstock_market_equity_ohlcv
HPG,2022-05-25 07:00:00,17.63,17.86,16.89,17.61,39418000,unknown,vnstock_market_equity_ohlcv
HPG,2022-05-26 07:00:00,17.89,18.19,17.66,17.89,16225800,unknown,vnstock_market_equity_ohlcv
HPG,2022-05-27 07:00:00,17.89,18.35,17.78,18.12,17591900,unknown,vnstock_market_equity_ohlcv
HPG,2022-05-30 07:00:00,18.14,18.32,18.04,18.12,15054500,unknown,vnstock_market_equity_ohlcv
HPG,2022-05-31 07:00:00,18.07,18.07,17.63,17.73,18840200,unknown,vnstock_market_equity_ohlcv
HPG,2022-06-01 07:00:00,17.63,17.78,17.27,17.56,21644600,unknown,vnstock_market_equity_ohlcv
HPG,2022-06-02 07:00:00,17.38,17.53,16.89,16.94,25380600,unknown,vnstock_market_equity_ohlcv
HPG,2022-06-03 07:00:00,17.02,17.38,16.99,17.07,14709900,unknown,vnstock_market_equity_ohlcv
HPG,2022-06-06 07:00:00,17.45,17.5,16.92,17.02,17769400,unknown,vnstock_market_equity_ohlcv
HPG,2022-06-07 07:00:00,17.02,17.15,16.69,16.97,19376400,unknown,vnstock_market_equity_ohlcv
HPG,2022-06-08 07:00:00,17.02,17.1,16.74,16.81,24841800,unknown,vnstock_market_equity_ohlcv
HPG,2022-06-09 07:00:00,16.81,17.66,16.74,17.27,26979900,unknown,vnstock_market_equity_ohlcv
HPG,2022-06-10 07:00:00,17.27,17.5,17.17,17.17,15182300,unknown,vnstock_market_equity_ohlcv
HPG,2022-06-13 07:00:00,16.86,17.12,16.2,16.25,21236000,unknown,vnstock_market_equity_ohlcv
HPG,2022-06-14 07:00:00,16.1,16.12,15.43,15.48,28438400,unknown,vnstock_market_equity_ohlcv
HPG,2022-06-15 07:00:00,15.38,15.79,14.74,15.02,28702400,unknown,vnstock_market_equity_ohlcv
HPG,2022-06-16 07:00:00,15.41,16.02,15.28,15.84,33385900,unknown,vnstock_market_equity_ohlcv
HPG,2022-06-17 07:00:00,15.84,15.88,14.83,15.67,30237200,unknown,vnstock_market_equity_ohlcv
HPG,2022-06-20 07:00:00,15.37,15.54,14.59,14.59,37272900,unknown,vnstock_market_equity_ohlcv
HPG,2022-06-21 07:00:00,14.42,14.53,13.85,14.05,39935100,unknown,vnstock_market_equity_ohlcv
HPG,2022-06-22 07:00:00,14.09,14.86,14.09,14.53,21442500,unknown,vnstock_market_equity_ohlcv
HPG,2022-06-23 07:00:00,14.53,14.76,14.53,14.73,6926200,unknown,vnstock_market_equity_ohlcv
HPG,2022-06-24 07:00:00,14.76,15.2,14.66,14.73,12828800,unknown,vnstock_market_equity_ohlcv
HPG,2022-06-27 07:00:00,14.86,15.47,14.42,15.47,20739600,unknown,vnstock_market_equity_ohlcv
HPG,2022-06-28 07:00:00,15.44,15.44,15.03,15.2,17838300,unknown,vnstock_market_equity_ohlcv
HPG,2022-06-29 07:00:00,15.07,15.64,14.93,15.37,20190300,unknown,vnstock_market_equity_ohlcv
HPG,2022-06-30 07:00:00,15.47,15.81,15.07,15.07,19950600,unknown,vnstock_market_equity_ohlcv
HPG,2022-07-01 07:00:00,15.07,15.27,14.56,15.13,15200000,unknown,vnstock_market_equity_ohlcv
HPG,2022-07-04 07:00:00,15.3,15.3,14.86,14.86,12443200,unknown,vnstock_market_equity_ohlcv
HPG,2022-07-05 07:00:00,14.93,15.1,14.69,14.8,15093400,unknown,vnstock_market_equity_ohlcv
HPG,2022-07-06 07:00:00,14.66,15.03,14.39,14.49,18233600,unknown,vnstock_market_equity_ohlcv
HPG,2022-07-07 07:00:00,14.49,14.69,14.46,14.69,10828000,unknown,vnstock_market_equity_ohlcv
HPG,2022-07-08 07:00:00,14.86,15.24,14.86,15.17,19504900,unknown,vnstock_market_equity_ohlcv
HPG,2022-07-11 07:00:00,15.13,15.3,14.83,14.9,12476400,unknown,vnstock_market_equity_ohlcv
HPG,2022-07-12 07:00:00,14.9,15.2,14.83,15.07,12146500,unknown,vnstock_market_equity_ohlcv
HPG,2022-07-13 07:00:00,15.0,15.4,14.96,15.07,17855700,unknown,vnstock_market_equity_ohlcv
HPG,2022-07-14 07:00:00,15.0,15.13,14.93,15.0,12520300,unknown,vnstock_market_equity_ohlcv
HPG,2022-07-15 07:00:00,15.1,15.88,15.1,15.67,47697200,unknown,vnstock_market_equity_ohlcv
HPG,2022-07-18 07:00:00,15.67,15.74,15.2,15.27,19929000,unknown,vnstock_market_equity_ohlcv
HPG,2022-07-19 07:00:00,15.2,15.27,14.93,14.96,16276900,unknown,vnstock_market_equity_ohlcv
HPG,2022-07-20 07:00:00,15.1,15.37,15.07,15.1,16893100,unknown,vnstock_market_equity_ohlcv
HPG,2022-07-21 07:00:00,15.1,15.54,15.07,15.34,23043400,unknown,vnstock_market_equity_ohlcv
HPG,2022-07-22 07:00:00,15.34,15.4,15.0,15.0,16642200,unknown,vnstock_market_equity_ohlcv
HPG,2022-07-25 07:00:00,15.0,15.07,14.73,14.8,20722100,unknown,vnstock_market_equity_ohlcv
HPG,2022-07-26 07:00:00,14.73,14.86,14.59,14.63,26378200,unknown,vnstock_market_equity_ohlcv
HPG,2022-07-27 07:00:00,14.49,14.53,14.22,14.36,28601000,unknown,vnstock_market_equity_ohlcv
HPG,2022-07-28 07:00:00,14.53,14.66,14.36,14.46,23510500,unknown,vnstock_market_equity_ohlcv
HPG,2022-07-29 07:00:00,14.59,14.83,14.53,14.53,20587600,unknown,vnstock_market_equity_ohlcv
HPG,2022-08-01 07:00:00,14.66,15.44,14.59,15.4,38143900,unknown,vnstock_market_equity_ohlcv
HPG,2022-08-02 07:00:00,15.47,15.64,15.34,15.47,27729900,unknown,vnstock_market_equity_ohlcv
HPG,2022-08-03 07:00:00,15.34,16.11,15.27,16.05,58846000,unknown,vnstock_market_equity_ohlcv
HPG,2022-08-04 07:00:00,16.15,16.18,15.88,15.98,30031900,unknown,vnstock_market_equity_ohlcv
HPG,2022-08-05 07:00:00,15.81,15.98,15.64,15.74,42516600,unknown,vnstock_market_equity_ohlcv
HPG,2022-08-08 07:00:00,15.81,16.15,15.74,15.94,30365700,unknown,vnstock_market_equity_ohlcv
HPG,2022-08-09 07:00:00,16.15,16.42,15.98,16.28,48222600,unknown,vnstock_market_equity_ohlcv
HPG,2022-08-10 07:00:00,16.22,16.48,16.08,16.08,30124400,unknown,vnstock_market_equity_ohlcv
HPG,2022-08-11 07:00:00,16.25,16.32,15.74,15.81,34352700,unknown,vnstock_market_equity_ohlcv
HPG,2022-08-12 07:00:00,15.74,16.25,15.71,16.18,33797300,unknown,vnstock_market_equity_ohlcv
HPG,2022-08-15 07:00:00,16.28,16.35,16.08,16.22,31513400,unknown,vnstock_market_equity_ohlcv
HPG,2022-08-16 07:00:00,16.22,16.69,16.22,16.59,65490300,unknown,vnstock_market_equity_ohlcv
HPG,2022-08-17 07:00:00,16.62,16.65,16.32,16.42,27443900,unknown,vnstock_market_equity_ohlcv
HPG,2022-08-18 07:00:00,16.28,16.45,16.25,16.32,23215100,unknown,vnstock_market_equity_ohlcv
HPG,2022-08-19 07:00:00,16.28,16.38,15.98,16.05,31457200,unknown,vnstock_market_equity_ohlcv
HPG,2022-08-22 07:00:00,15.98,16.05,15.64,15.78,23798700,unknown,vnstock_market_equity_ohlcv
HPG,2022-08-23 07:00:00,15.61,15.98,15.61,15.98,16687400,unknown,vnstock_market_equity_ohlcv
HPG,2022-08-24 07:00:00,15.98,16.05,15.88,15.88,12125400,unknown,vnstock_market_equity_ohlcv
HPG,2022-08-25 07:00:00,16.05,16.25,15.94,16.11,18259100,unknown,vnstock_market_equity_ohlcv
HPG,2022-08-26 07:00:00,16.22,16.22,15.88,15.88,16469800,unknown,vnstock_market_equity_ohlcv
HPG,2022-08-29 07:00:00,15.57,15.71,15.3,15.54,32468000,unknown,vnstock_market_equity_ohlcv
HPG,2022-08-30 07:00:00,15.61,15.74,15.5,15.57,15309700,unknown,vnstock_market_equity_ohlcv
HPG,2022-08-31 07:00:00,15.54,15.64,15.37,15.54,14977400,unknown,vnstock_market_equity_ohlcv
HPG,2022-09-05 07:00:00,15.57,16.28,15.57,16.15,26282100,unknown,vnstock_market_equity_ohlcv
HPG,2022-09-06 07:00:00,16.22,16.35,15.91,15.91,15332900,unknown,vnstock_market_equity_ohlcv
HPG,2022-09-07 07:00:00,15.91,16.08,15.54,15.54,25025500,unknown,vnstock_market_equity_ohlcv
HPG,2022-09-08 07:00:00,15.67,15.84,15.47,15.61,20365500,unknown,vnstock_market_equity_ohlcv
HPG,2022-09-09 07:00:00,15.78,16.08,15.61,16.08,26048100,unknown,vnstock_market_equity_ohlcv
HPG,2022-09-12 07:00:00,16.15,16.42,16.08,16.08,26170900,unknown,vnstock_market_equity_ohlcv
HPG,2022-09-13 07:00:00,16.05,16.22,15.88,16.01,14681300,unknown,vnstock_market_equity_ohlcv
HPG,2022-09-14 07:00:00,15.71,16.08,15.71,16.01,27029100,unknown,vnstock_market_equity_ohlcv
HPG,2022-09-15 07:00:00,16.15,16.15,15.84,15.94,13730400,unknown,vnstock_market_equity_ohlcv
HPG,2022-09-16 07:00:00,15.81,15.94,15.54,15.54,27510700,unknown,vnstock_market_equity_ohlcv
HPG,2022-09-19 07:00:00,15.61,15.71,15.17,15.3,27479100,unknown,vnstock_market_equity_ohlcv
HPG,2022-09-20 07:00:00,15.4,15.54,15.27,15.54,11511000,unknown,vnstock_market_equity_ohlcv
HPG,2022-09-21 07:00:00,15.47,15.5,15.34,15.47,9916300,unknown,vnstock_market_equity_ohlcv
HPG,2022-09-22 07:00:00,15.34,15.61,15.3,15.54,11594200,unknown,vnstock_market_equity_ohlcv
HPG,2022-09-23 07:00:00,15.57,15.67,15.34,15.34,14593100,unknown,vnstock_market_equity_ohlcv
HPG,2022-09-26 07:00:00,15.17,15.27,14.76,15.13,25875600,unknown,vnstock_market_equity_ohlcv
HPG,2022-09-27 07:00:00,15.17,15.2,14.93,15.13,9010600,unknown,vnstock_market_equity_ohlcv
HPG,2022-09-28 07:00:00,15.0,15.17,14.59,14.73,14067800,unknown,vnstock_market_equity_ohlcv
HPG,2022-09-29 07:00:00,14.96,15.07,14.63,14.63,10331300,unknown,vnstock_market_equity_ohlcv
HPG,2022-09-30 07:00:00,14.53,14.63,13.98,14.32,23369500,unknown,vnstock_market_equity_ohlcv
HPG,2022-10-03 07:00:00,14.32,14.32,13.34,13.34,33572400,unknown,vnstock_market_equity_ohlcv
HPG,2022-10-04 07:00:00,13.58,13.68,12.6,12.74,30510400,unknown,vnstock_market_equity_ohlcv
HPG,2022-10-05 07:00:00,12.97,13.07,12.74,12.97,25316500,unknown,vnstock_market_equity_ohlcv
HPG,2022-10-06 07:00:00,13.04,13.04,12.16,12.16,37464800,unknown,vnstock_market_equity_ohlcv
HPG,2022-10-07 07:00:00,11.92,12.03,11.52,11.89,36474800,unknown,vnstock_market_equity_ohlcv
HPG,2022-10-10 07:00:00,11.69,12.57,11.62,12.4,25059200,unknown,vnstock_market_equity_ohlcv
HPG,2022-10-11 07:00:00,12.43,12.43,11.72,11.82,26448700,unknown,vnstock_market_equity_ohlcv
HPG,2022-10-12 07:00:00,12.03,12.63,11.82,12.63,28996700,unknown,vnstock_market_equity_ohlcv
HPG,2022-10-13 07:00:00,12.7,13.24,12.53,13.17,24198100,unknown,vnstock_market_equity_ohlcv
HPG,2022-10-14 07:00:00,13.34,13.44,13.04,13.14,22588600,unknown,vnstock_market_equity_ohlcv
HPG,2022-10-17 07:00:00,13.0,13.07,12.77,13.0,17061300,unknown,vnstock_market_equity_ohlcv
HPG,2022-10-18 07:00:00,13.17,13.31,12.63,12.74,24387600,unknown,vnstock_market_equity_ohlcv
HPG,2022-10-19 07:00:00,12.74,12.74,12.4,12.43,20235600,unknown,vnstock_market_equity_ohlcv
HPG,2022-10-20 07:00:00,12.4,12.57,12.2,12.23,26033000,unknown,vnstock_market_equity_ohlcv
HPG,2022-10-21 07:00:00,12.36,12.36,11.42,11.42,45155900,unknown,vnstock_market_equity_ohlcv
HPG,2022-10-24 07:00:00,11.48,11.52,10.94,11.08,27973100,unknown,vnstock_market_equity_ohlcv
HPG,2022-10-25 07:00:00,11.08,11.82,10.84,11.55,31109500,unknown,vnstock_market_equity_ohlcv
HPG,2022-10-26 07:00:00,11.48,11.76,11.38,11.42,11243700,unknown,vnstock_market_equity_ohlcv
HPG,2022-10-27 07:00:00,11.45,11.89,11.42,11.76,21366800,unknown,vnstock_market_equity_ohlcv
HPG,2022-10-28 07:00:00,11.76,11.92,11.35,11.35,31204100,unknown,vnstock_market_equity_ohlcv
HPG,2022-10-31 07:00:00,10.57,10.81,10.57,10.57,66298200,unknown,vnstock_market_equity_ohlcv
HPG,2022-11-01 07:00:00,10.64,10.81,10.0,10.13,81552300,unknown,vnstock_market_equity_ohlcv
HPG,2022-11-02 07:00:00,10.13,10.61,10.13,10.37,40121700,unknown,vnstock_market_equity_ohlcv
HPG,2022-11-03 07:00:00,10.3,10.44,10.2,10.27,20629700,unknown,vnstock_market_equity_ohlcv
HPG,2022-11-04 07:00:00,10.13,10.24,9.8,9.9,43889600,unknown,vnstock_market_equity_ohlcv
HPG,2022-11-07 07:00:00,9.83,10.0,9.26,9.26,38263100,unknown,vnstock_market_equity_ohlcv
HPG,2022-11-08 07:00:00,8.85,9.26,8.78,8.88,46273800,unknown,vnstock_market_equity_ohlcv
HPG,2022-11-09 07:00:00,8.92,9.19,8.75,8.78,32786100,unknown,vnstock_market_equity_ohlcv
HPG,2022-11-10 07:00:00,8.58,8.65,8.18,8.18,79749500,unknown,vnstock_market_equity_ohlcv
HPG,2022-11-11 07:00:00,8.31,8.55,8.11,8.31,60716100,unknown,vnstock_market_equity_ohlcv
HPG,2022-11-14 07:00:00,8.21,8.41,8.01,8.24,60270100,unknown,vnstock_market_equity_ohlcv
HPG,2022-11-15 07:00:00,8.11,8.48,8.11,8.44,40416800,unknown,vnstock_market_equity_ohlcv
HPG,2022-11-16 07:00:00,8.31,9.02,7.97,9.02,34902600,unknown,vnstock_market_equity_ohlcv
HPG,2022-11-17 07:00:00,9.39,9.63,9.32,9.63,21514200,unknown,vnstock_market_equity_ohlcv
HPG,2022-11-18 07:00:00,9.86,10.27,9.63,10.2,99658800,unknown,vnstock_market_equity_ohlcv
HPG,2022-11-21 07:00:00,10.27,10.3,9.96,10.1,31604900,unknown,vnstock_market_equity_ohlcv
HPG,2022-11-22 07:00:00,9.9,10.44,9.76,10.0,43246700,unknown,vnstock_market_equity_ohlcv
HPG,2022-11-23 07:00:00,9.93,10.03,9.32,9.32,30303500,unknown,vnstock_market_equity_ohlcv
HPG,2022-11-24 07:00:00,9.26,9.73,9.19,9.7,31115600,unknown,vnstock_market_equity_ohlcv
HPG,2022-11-25 07:00:00,9.86,10.34,9.7,10.34,26533900,unknown,vnstock_market_equity_ohlcv
HPG,2022-11-28 07:00:00,10.54,11.05,10.54,11.05,58844900,unknown,vnstock_market_equity_ohlcv
HPG,2022-11-29 07:00:00,11.22,11.79,11.05,11.76,64305500,unknown,vnstock_market_equity_ohlcv
HPG,2022-11-30 07:00:00,11.86,12.43,11.62,12.43,57721500,unknown,vnstock_market_equity_ohlcv
HPG,2022-12-01 07:00:00,12.67,13.28,12.16,12.3,66587500,unknown,vnstock_market_equity_ohlcv
HPG,2022-12-02 07:00:00,12.16,13.14,12.03,13.14,45683100,unknown,vnstock_market_equity_ohlcv
HPG,2022-12-05 07:00:00,13.38,13.78,13.17,13.51,46513800,unknown,vnstock_market_equity_ohlcv
HPG,2022-12-06 07:00:00,13.44,13.48,12.57,12.57,62775400,unknown,vnstock_market_equity_ohlcv
HPG,2022-12-07 07:00:00,12.16,12.94,11.96,12.33,34619700,unknown,vnstock_market_equity_ohlcv
HPG,2022-12-08 07:00:00,12.77,13.07,12.5,12.77,29943600,unknown,vnstock_market_equity_ohlcv
HPG,2022-12-09 07:00:00,12.77,13.14,12.5,12.97,34549800,unknown,vnstock_market_equity_ohlcv
HPG,2022-12-12 07:00:00,12.97,13.21,12.57,12.57,35832500,unknown,vnstock_market_equity_ohlcv
HPG,2022-12-13 07:00:00,12.57,12.84,12.33,12.84,24343000,unknown,vnstock_market_equity_ohlcv
HPG,2022-12-14 07:00:00,13.07,13.24,12.84,12.97,34285300,unknown,vnstock_market_equity_ohlcv
HPG,2022-12-15 07:00:00,12.9,13.28,12.9,13.07,20983100,unknown,vnstock_market_equity_ohlcv
HPG,2022-12-16 07:00:00,12.97,13.82,12.8,13.78,55383800,unknown,vnstock_market_equity_ohlcv
HPG,2022-12-19 07:00:00,13.92,14.36,13.51,13.51,48039600,unknown,vnstock_market_equity_ohlcv
HPG,2022-12-20 07:00:00,13.38,13.58,12.67,12.84,45551800,unknown,vnstock_market_equity_ohlcv
HPG,2022-12-21 07:00:00,13.11,13.14,12.23,12.77,27702200,unknown,vnstock_market_equity_ohlcv
HPG,2022-12-22 07:00:00,12.9,13.24,12.63,12.77,18965200,unknown,vnstock_market_equity_ohlcv
HPG,2022-12-23 07:00:00,12.74,12.77,12.23,12.4,24810700,unknown,vnstock_market_equity_ohlcv
HPG,2022-12-26 07:00:00,12.36,12.36,11.55,11.55,31370000,unknown,vnstock_market_equity_ohlcv
HPG,2022-12-27 07:00:00,11.55,12.33,11.55,12.33,23655000,unknown,vnstock_market_equity_ohlcv
HPG,2022-12-28 07:00:00,12.43,12.5,12.13,12.3,14311200,unknown,vnstock_market_equity_ohlcv
HPG,2022-12-29 07:00:00,12.36,12.5,12.06,12.16,17422800,unknown,vnstock_market_equity_ohlcv
HPG,2022-12-30 07:00:00,12.23,12.46,12.09,12.16,14452800,unknown,vnstock_market_equity_ohlcv
HSG,2022-05-04 07:00:00,15.71,16.09,15.5,15.5,16118100,unknown,vnstock_market_equity_ohlcv
HSG,2022-05-05 07:00:00,15.5,15.8,14.45,14.5,17578800,unknown,vnstock_market_equity_ohlcv
HSG,2022-05-06 07:00:00,13.65,15.5,13.65,15.3,18705300,unknown,vnstock_market_equity_ohlcv
HSG,2022-05-09 07:00:00,14.77,15.24,14.24,14.24,6971200,unknown,vnstock_market_equity_ohlcv
HSG,2022-05-10 07:00:00,13.53,14.62,13.39,14.48,6064900,unknown,vnstock_market_equity_ohlcv
HSG,2022-05-11 07:00:00,14.48,14.86,14.09,14.42,5940800,unknown,vnstock_market_equity_ohlcv
HSG,2022-05-12 07:00:00,14.18,14.36,13.42,13.42,7363100,unknown,vnstock_market_equity_ohlcv
HSG,2022-05-13 07:00:00,13.24,13.65,12.5,12.5,9700800,unknown,vnstock_market_equity_ohlcv
HSG,2022-05-16 07:00:00,12.36,13.03,11.65,11.65,10660500,unknown,vnstock_market_equity_ohlcv
HSG,2022-05-17 07:00:00,11.18,12.44,10.97,12.44,12531100,unknown,vnstock_market_equity_ohlcv
HSG,2022-05-18 07:00:00,12.65,13.0,12.56,12.59,4906400,unknown,vnstock_market_equity_ohlcv
HSG,2022-05-19 07:00:00,12.3,12.62,12.15,12.33,3940400,unknown,vnstock_market_equity_ohlcv
HSG,2022-05-20 07:00:00,12.33,12.8,12.06,12.65,6575600,unknown,vnstock_market_equity_ohlcv
HSG,2022-05-23 07:00:00,12.8,13.06,12.24,12.44,7615600,unknown,vnstock_market_equity_ohlcv
HSG,2022-05-24 07:00:00,12.48,12.5,11.59,11.89,11594500,unknown,vnstock_market_equity_ohlcv
HSG,2022-05-25 07:00:00,11.92,12.56,11.62,12.48,9947400,unknown,vnstock_market_equity_ohlcv
HSG,2022-05-26 07:00:00,12.65,12.95,12.53,12.77,7229500,unknown,vnstock_market_equity_ohlcv
HSG,2022-05-27 07:00:00,12.89,13.65,12.77,13.65,16149200,unknown,vnstock_market_equity_ohlcv
HSG,2022-05-30 07:00:00,13.83,13.89,13.45,13.56,8223000,unknown,vnstock_market_equity_ohlcv
HSG,2022-05-31 07:00:00,13.53,13.56,13.3,13.42,6000100,unknown,vnstock_market_equity_ohlcv
HSG,2022-06-01 07:00:00,13.36,13.59,13.06,13.3,8975500,unknown,vnstock_market_equity_ohlcv
HSG,2022-06-02 07:00:00,13.24,13.42,12.59,12.74,11788700,unknown,vnstock_market_equity_ohlcv
HSG,2022-06-03 07:00:00,12.8,13.24,12.65,13.0,7272200,unknown,vnstock_market_equity_ohlcv
HSG,2022-06-06 07:00:00,12.98,13.18,12.5,12.65,4619600,unknown,vnstock_market_equity_ohlcv
HSG,2022-06-07 07:00:00,12.53,12.59,11.77,12.03,8038800,unknown,vnstock_market_equity_ohlcv
HSG,2022-06-08 07:00:00,12.06,12.56,11.98,12.36,6758300,unknown,vnstock_market_equity_ohlcv
HSG,2022-06-09 07:00:00,12.5,13.21,12.33,13.12,8953800,unknown,vnstock_market_equity_ohlcv
HSG,2022-06-10 07:00:00,12.89,13.42,12.74,12.74,8068500,unknown,vnstock_market_equity_ohlcv
HSG,2022-06-13 07:00:00,12.15,12.36,11.86,11.86,7699000,unknown,vnstock_market_equity_ohlcv
HSG,2022-06-14 07:00:00,11.33,11.62,11.03,11.03,12387000,unknown,vnstock_market_equity_ohlcv
HSG,2022-06-15 07:00:00,10.89,11.15,10.27,10.27,11614300,unknown,vnstock_market_equity_ohlcv
HSG,2022-06-16 07:00:00,10.65,10.68,9.86,10.0,6563500,unknown,vnstock_market_equity_ohlcv
HSG,2022-06-17 07:00:00,9.53,9.89,9.33,9.33,10758700,unknown,vnstock_market_equity_ohlcv
HSG,2022-06-20 07:00:00,9.18,9.47,8.68,8.68,12260600,unknown,vnstock_market_equity_ohlcv
HSG,2022-06-21 07:00:00,8.12,8.91,8.12,8.33,13793900,unknown,vnstock_market_equity_ohlcv
HSG,2022-06-22 07:00:00,8.59,8.88,8.44,8.88,6671300,unknown,vnstock_market_equity_ohlcv
HSG,2022-06-23 07:00:00,8.94,8.97,8.65,8.91,4233600,unknown,vnstock_market_equity_ohlcv
HSG,2022-06-24 07:00:00,9.0,9.53,8.91,9.36,10291200,unknown,vnstock_market_equity_ohlcv
HSG,2022-06-27 07:00:00,9.47,10.0,9.21,10.0,8266200,unknown,vnstock_market_equity_ohlcv
HSG,2022-06-28 07:00:00,10.0,10.18,9.8,9.86,4581700,unknown,vnstock_market_equity_ohlcv
HSG,2022-06-29 07:00:00,9.68,10.39,9.62,10.15,6358300,unknown,vnstock_market_equity_ohlcv
HSG,2022-06-30 07:00:00,10.36,10.47,9.47,9.47,7361100,unknown,vnstock_market_equity_ohlcv
HSG,2022-07-01 07:00:00,9.47,10.03,9.06,9.94,6287000,unknown,vnstock_market_equity_ohlcv
HSG,2022-07-04 07:00:00,10.03,10.21,9.89,9.94,4521100,unknown,vnstock_market_equity_ohlcv
HSG,2022-07-05 07:00:00,9.89,10.5,9.89,10.12,8853300,unknown,vnstock_market_equity_ohlcv
HSG,2022-07-06 07:00:00,9.94,10.71,9.83,10.09,9509000,unknown,vnstock_market_equity_ohlcv
HSG,2022-07-07 07:00:00,10.21,10.33,9.94,10.18,4672600,unknown,vnstock_market_equity_ohlcv
HSG,2022-07-08 07:00:00,10.36,10.8,10.3,10.71,6855200,unknown,vnstock_market_equity_ohlcv
HSG,2022-07-11 07:00:00,10.65,10.92,10.18,10.47,7253000,unknown,vnstock_market_equity_ohlcv
HSG,2022-07-12 07:00:00,10.47,10.97,10.33,10.65,7596000,unknown,vnstock_market_equity_ohlcv
HSG,2022-07-13 07:00:00,10.83,11.0,10.47,10.53,5868200,unknown,vnstock_market_equity_ohlcv
HSG,2022-07-14 07:00:00,10.53,10.68,10.12,10.59,6894800,unknown,vnstock_market_equity_ohlcv
HSG,2022-07-15 07:00:00,10.77,11.15,10.71,10.71,9405000,unknown,vnstock_market_equity_ohlcv
HSG,2022-07-18 07:00:00,10.8,10.83,10.42,10.44,6838400,unknown,vnstock_market_equity_ohlcv
HSG,2022-07-19 07:00:00,10.39,10.42,10.18,10.27,3960500,unknown,vnstock_market_equity_ohlcv
HSG,2022-07-20 07:00:00,10.47,10.83,10.33,10.59,9598100,unknown,vnstock_market_equity_ohlcv
HSG,2022-07-21 07:00:00,10.65,11.03,10.65,10.77,8975400,unknown,vnstock_market_equity_ohlcv
HSG,2022-07-22 07:00:00,10.77,10.89,10.65,10.65,3442400,unknown,vnstock_market_equity_ohlcv
HSG,2022-07-25 07:00:00,10.59,10.62,10.3,10.36,4925700,unknown,vnstock_market_equity_ohlcv
HSG,2022-07-26 07:00:00,10.33,10.42,9.77,9.77,9720300,unknown,vnstock_market_equity_ohlcv
HSG,2022-07-27 07:00:00,9.5,9.71,9.47,9.71,5220600,unknown,vnstock_market_equity_ohlcv
HSG,2022-07-28 07:00:00,9.91,10.06,9.83,10.0,3699500,unknown,vnstock_market_equity_ohlcv
HSG,2022-07-29 07:00:00,10.09,10.24,9.94,9.97,3954200,unknown,vnstock_market_equity_ohlcv
HSG,2022-08-01 07:00:00,9.97,10.65,9.94,10.65,11833000,unknown,vnstock_market_equity_ohlcv
HSG,2022-08-02 07:00:00,10.71,11.03,10.65,10.77,9648800,unknown,vnstock_market_equity_ohlcv
HSG,2022-08-03 07:00:00,10.65,11.5,10.62,11.5,15218200,unknown,vnstock_market_equity_ohlcv
HSG,2022-08-04 07:00:00,11.83,12.0,11.53,11.71,12573200,unknown,vnstock_market_equity_ohlcv
HSG,2022-08-05 07:00:00,11.71,12.18,11.65,12.06,11016300,unknown,vnstock_market_equity_ohlcv
HSG,2022-08-08 07:00:00,12.12,12.33,11.94,12.21,10990600,unknown,vnstock_market_equity_ohlcv
HSG,2022-08-09 07:00:00,12.21,12.48,12.0,12.09,10088100,unknown,vnstock_market_equity_ohlcv
HSG,2022-08-10 07:00:00,12.03,12.3,11.8,12.3,13311600,unknown,vnstock_market_equity_ohlcv
HSG,2022-08-11 07:00:00,12.48,12.53,11.71,11.94,11215700,unknown,vnstock_market_equity_ohlcv
HSG,2022-08-12 07:00:00,11.94,12.77,11.86,12.77,24257600,unknown,vnstock_market_equity_ohlcv
HSG,2022-08-15 07:00:00,12.89,13.0,12.65,12.68,11233100,unknown,vnstock_market_equity_ohlcv
HSG,2022-08-16 07:00:00,12.68,13.3,12.65,12.8,16148900,unknown,vnstock_market_equity_ohlcv
HSG,2022-08-17 07:00:00,12.77,12.86,12.33,12.44,14378800,unknown,vnstock_market_equity_ohlcv
HSG,2022-08-18 07:00:00,12.3,12.59,12.3,12.42,6790200,unknown,vnstock_market_equity_ohlcv
HSG,2022-08-19 07:00:00,12.42,12.56,11.92,12.0,14758200,unknown,vnstock_market_equity_ohlcv
HSG,2022-08-22 07:00:00,12.0,12.42,11.89,12.24,9107600,unknown,vnstock_market_equity_ohlcv
HSG,2022-08-23 07:00:00,12.24,12.65,12.24,12.65,10090300,unknown,vnstock_market_equity_ohlcv
HSG,2022-08-24 07:00:00,12.65,12.83,12.53,12.56,9193400,unknown,vnstock_market_equity_ohlcv
HSG,2022-08-25 07:00:00,12.71,13.03,12.56,12.89,13773700,unknown,vnstock_market_equity_ohlcv
HSG,2022-08-26 07:00:00,12.89,12.89,12.5,12.56,10588200,unknown,vnstock_market_equity_ohlcv
HSG,2022-08-29 07:00:00,12.24,12.36,11.83,12.18,13390500,unknown,vnstock_market_equity_ohlcv
HSG,2022-08-30 07:00:00,12.36,12.44,12.06,12.06,6781700,unknown,vnstock_market_equity_ohlcv
HSG,2022-08-31 07:00:00,12.09,12.48,12.06,12.24,8878000,unknown,vnstock_market_equity_ohlcv
HSG,2022-09-05 07:00:00,12.36,13.09,12.36,13.09,25514100,unknown,vnstock_market_equity_ohlcv
HSG,2022-09-06 07:00:00,13.24,13.36,12.92,13.0,14234400,unknown,vnstock_market_equity_ohlcv
HSG,2022-09-07 07:00:00,13.12,13.21,12.65,12.65,22261600,unknown,vnstock_market_equity_ohlcv
HSG,2022-09-08 07:00:00,12.83,12.86,12.24,12.24,10695000,unknown,vnstock_market_equity_ohlcv
HSG,2022-09-09 07:00:00,12.27,12.65,11.86,12.65,13030100,unknown,vnstock_market_equity_ohlcv
HSG,2022-09-12 07:00:00,12.83,13.06,12.65,12.65,11448500,unknown,vnstock_market_equity_ohlcv
HSG,2022-09-13 07:00:00,12.65,12.71,12.06,12.36,15064600,unknown,vnstock_market_equity_ohlcv
HSG,2022-09-14 07:00:00,12.6,12.89,12.57,12.78,14521300,unknown,vnstock_market_equity_ohlcv
HSG,2022-09-15 07:00:00,12.89,13.17,12.78,12.78,7311600,unknown,vnstock_market_equity_ohlcv
HSG,2022-09-16 07:00:00,12.6,12.74,12.14,12.14,13892000,unknown,vnstock_market_equity_ohlcv
HSG,2022-09-19 07:00:00,12.22,12.25,11.3,11.3,16700100,unknown,vnstock_market_equity_ohlcv
HSG,2022-09-20 07:00:00,11.51,11.54,10.87,11.44,7260800,unknown,vnstock_market_equity_ohlcv
HSG,2022-09-21 07:00:00,11.23,11.54,11.23,11.37,5255500,unknown,vnstock_market_equity_ohlcv
HSG,2022-09-22 07:00:00,11.23,11.72,11.09,11.54,7515400,unknown,vnstock_market_equity_ohlcv
HSG,2022-09-23 07:00:00,11.51,11.69,11.3,11.44,6399300,unknown,vnstock_market_equity_ohlcv
HSG,2022-09-26 07:00:00,11.02,11.23,10.66,10.73,8173900,unknown,vnstock_market_equity_ohlcv
HSG,2022-09-27 07:00:00,10.87,10.94,10.66,10.66,4300900,unknown,vnstock_market_equity_ohlcv
HSG,2022-09-28 07:00:00,10.63,10.91,10.49,10.59,7435300,unknown,vnstock_market_equity_ohlcv
HSG,2022-09-29 07:00:00,10.87,10.94,10.45,10.45,4758700,unknown,vnstock_market_equity_ohlcv
HSG,2022-09-30 07:00:00,10.42,10.52,9.82,10.45,7236100,unknown,vnstock_market_equity_ohlcv
HSG,2022-10-03 07:00:00,10.45,10.49,9.74,9.74,8849000,unknown,vnstock_market_equity_ohlcv
HSG,2022-10-04 07:00:00,9.89,9.96,9.22,9.22,6779700,unknown,vnstock_market_equity_ohlcv
HSG,2022-10-05 07:00:00,9.5,9.67,9.32,9.57,4890900,unknown,vnstock_market_equity_ohlcv
HSG,2022-10-06 07:00:00,9.57,9.64,8.93,8.93,8350300,unknown,vnstock_market_equity_ohlcv
HSG,2022-10-07 07:00:00,8.54,8.76,8.33,8.33,10420600,unknown,vnstock_market_equity_ohlcv
HSG,2022-10-10 07:00:00,8.12,8.9,8.12,8.9,9545100,unknown,vnstock_market_equity_ohlcv
HSG,2022-10-11 07:00:00,9.07,9.39,8.83,9.0,15234900,unknown,vnstock_market_equity_ohlcv
HSG,2022-10-12 07:00:00,9.25,9.6,9.22,9.6,12183700,unknown,vnstock_market_equity_ohlcv
HSG,2022-10-13 07:00:00,9.6,9.89,9.46,9.78,8674300,unknown,vnstock_market_equity_ohlcv
HSG,2022-10-14 07:00:00,9.96,10.03,9.71,9.99,13325400,unknown,vnstock_market_equity_ohlcv
HSG,2022-10-17 07:00:00,9.74,9.96,9.53,9.92,9797300,unknown,vnstock_market_equity_ohlcv
HSG,2022-10-18 07:00:00,10.06,10.17,9.74,9.82,9429200,unknown,vnstock_market_equity_ohlcv
HSG,2022-10-19 07:00:00,9.74,9.82,9.39,9.39,9498300,unknown,vnstock_market_equity_ohlcv
HSG,2022-10-20 07:00:00,9.39,9.67,9.32,9.46,6154300,unknown,vnstock_market_equity_ohlcv
HSG,2022-10-21 07:00:00,9.53,9.53,8.83,8.83,16122700,unknown,vnstock_market_equity_ohlcv
HSG,2022-10-24 07:00:00,8.68,8.76,8.23,8.23,14558000,unknown,vnstock_market_equity_ohlcv
HSG,2022-10-25 07:00:00,8.26,8.79,8.19,8.79,16613500,unknown,vnstock_market_equity_ohlcv
HSG,2022-10-26 07:00:00,8.86,9.04,8.62,8.68,5789500,unknown,vnstock_market_equity_ohlcv
HSG,2022-10-27 07:00:00,8.72,9.28,8.72,9.28,10610400,unknown,vnstock_market_equity_ohlcv
HSG,2022-10-28 07:00:00,9.39,9.46,8.65,8.65,16227100,unknown,vnstock_market_equity_ohlcv
HSG,2022-10-31 07:00:00,8.05,8.4,8.05,8.05,21410300,unknown,vnstock_market_equity_ohlcv
HSG,2022-11-01 07:00:00,8.44,8.58,8.09,8.23,10711400,unknown,vnstock_market_equity_ohlcv
HSG,2022-11-02 07:00:00,8.3,8.76,8.26,8.76,13720100,unknown,vnstock_market_equity_ohlcv
HSG,2022-11-03 07:00:00,8.58,8.79,8.4,8.4,10051300,unknown,vnstock_market_equity_ohlcv
HSG,2022-11-04 07:00:00,8.3,8.37,7.84,7.84,18127100,unknown,vnstock_market_equity_ohlcv
HSG,2022-11-07 07:00:00,7.7,7.91,7.31,7.31,12161000,unknown,vnstock_market_equity_ohlcv
HSG,2022-11-08 07:00:00,6.88,7.1,6.8,6.8,14937300,unknown,vnstock_market_equity_ohlcv
HSG,2022-11-09 07:00:00,6.8,7.13,6.43,6.6,8123700,unknown,vnstock_market_equity_ohlcv
HSG,2022-11-10 07:00:00,6.23,6.5,6.14,6.14,16211300,unknown,vnstock_market_equity_ohlcv
HSG,2022-11-11 07:00:00,6.21,6.35,5.72,5.72,12377700,unknown,vnstock_market_equity_ohlcv
HSG,2022-11-14 07:00:00,5.44,5.68,5.32,5.4,11914200,unknown,vnstock_market_equity_ohlcv
HSG,2022-11-15 07:00:00,5.16,5.61,5.09,5.19,13100400,unknown,vnstock_market_equity_ohlcv
HSG,2022-11-16 07:00:00,4.99,5.55,4.84,5.55,10744300,unknown,vnstock_market_equity_ohlcv
HSG,2022-11-17 07:00:00,5.94,5.94,5.9,5.94,5688800,unknown,vnstock_market_equity_ohlcv
HSG,2022-11-18 07:00:00,6.21,6.35,6.05,6.35,21800300,unknown,vnstock_market_equity_ohlcv
HSG,2022-11-21 07:00:00,6.5,6.79,6.43,6.79,11423500,unknown,vnstock_market_equity_ohlcv
HSG,2022-11-22 07:00:00,6.71,7.17,6.48,6.5,15275200,unknown,vnstock_market_equity_ohlcv
HSG,2022-11-23 07:00:00,6.49,6.71,6.05,6.09,10942300,unknown,vnstock_market_equity_ohlcv
HSG,2022-11-24 07:00:00,6.0,6.51,5.97,6.51,13810200,unknown,vnstock_market_equity_ohlcv
HSG,2022-11-25 07:00:00,6.85,6.96,6.64,6.96,12848700,unknown,vnstock_market_equity_ohlcv
HSG,2022-11-28 07:00:00,7.27,7.45,7.2,7.45,12395800,unknown,vnstock_market_equity_ohlcv
HSG,2022-11-29 07:00:00,7.7,7.91,7.17,7.7,19475400,unknown,vnstock_market_equity_ohlcv
HSG,2022-11-30 07:00:00,7.7,8.05,7.48,7.94,13649000,unknown,vnstock_market_equity_ohlcv
HSG,2022-12-01 07:00:00,8.12,8.47,7.98,8.12,21814500,unknown,vnstock_market_equity_ohlcv
HSG,2022-12-02 07:00:00,7.94,8.68,7.87,8.68,15267100,unknown,vnstock_market_equity_ohlcv
HSG,2022-12-05 07:00:00,9.07,9.28,8.9,9.28,16712600,unknown,vnstock_market_equity_ohlcv
HSG,2022-12-06 07:00:00,9.25,9.32,8.65,8.65,24489500,unknown,vnstock_market_equity_ohlcv
HSG,2022-12-07 07:00:00,8.37,8.72,8.05,8.19,18351400,unknown,vnstock_market_equity_ohlcv
HSG,2022-12-08 07:00:00,8.44,8.76,8.4,8.76,13769000,unknown,vnstock_market_equity_ohlcv
HSG,2022-12-09 07:00:00,8.79,9.28,8.62,9.14,14204900,unknown,vnstock_market_equity_ohlcv
HSG,2022-12-12 07:00:00,9.18,9.43,8.51,8.51,17108700,unknown,vnstock_market_equity_ohlcv
HSG,2022-12-13 07:00:00,8.51,8.97,8.16,8.97,12882400,unknown,vnstock_market_equity_ohlcv
HSG,2022-12-14 07:00:00,9.14,9.32,8.9,8.93,14473000,unknown,vnstock_market_equity_ohlcv
HSG,2022-12-15 07:00:00,8.9,9.18,8.83,8.93,9709700,unknown,vnstock_market_equity_ohlcv
HSG,2022-12-16 07:00:00,8.83,9.53,8.76,9.53,33054200,unknown,vnstock_market_equity_ohlcv
HSG,2022-12-19 07:00:00,9.78,10.17,9.6,9.67,26070100,unknown,vnstock_market_equity_ohlcv
HSG,2022-12-20 07:00:00,9.64,9.96,9.04,9.67,30947000,unknown,vnstock_market_equity_ohlcv
HSG,2022-12-21 07:00:00,9.85,9.99,9.0,9.28,20185800,unknown,vnstock_market_equity_ohlcv
HSG,2022-12-22 07:00:00,9.39,9.53,8.76,8.86,13772500,unknown,vnstock_market_equity_ohlcv
HSG,2022-12-23 07:00:00,8.79,8.79,8.33,8.33,14449800,unknown,vnstock_market_equity_ohlcv
HSG,2022-12-26 07:00:00,8.33,8.33,7.77,7.77,14473200,unknown,vnstock_market_equity_ohlcv
HSG,2022-12-27 07:00:00,7.7,8.3,7.63,8.3,11900700,unknown,vnstock_market_equity_ohlcv
HSG,2022-12-28 07:00:00,8.47,8.62,8.33,8.4,8250000,unknown,vnstock_market_equity_ohlcv
HSG,2022-12-29 07:00:00,8.33,8.54,8.09,8.16,7474700,unknown,vnstock_market_equity_ohlcv
HSG,2022-12-30 07:00:00,8.26,8.44,8.12,8.16,5662900,unknown,vnstock_market_equity_ohlcv
ICT,2022-05-04 07:00:00,12.74,12.74,12.32,12.32,175300,unknown,vnstock_market_equity_ohlcv
ICT,2022-05-05 07:00:00,12.4,12.51,12.32,12.44,56400,unknown,vnstock_market_equity_ohlcv
ICT,2022-05-06 07:00:00,12.44,12.51,12.13,12.44,26000,unknown,vnstock_market_equity_ohlcv
ICT,2022-05-09 07:00:00,12.29,12.36,11.76,11.79,242700,unknown,vnstock_market_equity_ohlcv
ICT,2022-05-10 07:00:00,11.79,12.29,11.76,12.29,89500,unknown,vnstock_market_equity_ohlcv
ICT,2022-05-11 07:00:00,12.29,12.36,12.17,12.32,25000,unknown,vnstock_market_equity_ohlcv
ICT,2022-05-12 07:00:00,12.13,12.17,11.94,11.94,91500,unknown,vnstock_market_equity_ohlcv
ICT,2022-05-13 07:00:00,11.91,12.13,11.83,11.94,108300,unknown,vnstock_market_equity_ohlcv
ICT,2022-05-16 07:00:00,12.13,12.21,11.98,11.98,22200,unknown,vnstock_market_equity_ohlcv
ICT,2022-05-17 07:00:00,11.98,12.78,11.98,12.48,25700,unknown,vnstock_market_equity_ohlcv
ICT,2022-05-18 07:00:00,12.74,12.74,12.21,12.66,12500,unknown,vnstock_market_equity_ohlcv
ICT,2022-05-19 07:00:00,12.29,12.4,12.21,12.4,36100,unknown,vnstock_market_equity_ohlcv
ICT,2022-05-20 07:00:00,12.17,12.32,12.13,12.21,76800,unknown,vnstock_market_equity_ohlcv
ICT,2022-05-23 07:00:00,12.4,12.44,12.21,12.21,12300,unknown,vnstock_market_equity_ohlcv
ICT,2022-05-24 07:00:00,12.29,12.36,12.17,12.21,14500,unknown,vnstock_market_equity_ohlcv
ICT,2022-05-25 07:00:00,12.21,12.44,12.21,12.4,29900,unknown,vnstock_market_equity_ohlcv
ICT,2022-05-26 07:00:00,12.48,12.51,12.29,12.44,7200,unknown,vnstock_market_equity_ohlcv
ICT,2022-05-27 07:00:00,12.44,12.51,12.36,12.44,29300,unknown,vnstock_market_equity_ohlcv
ICT,2022-05-30 07:00:00,12.44,12.51,12.36,12.44,16700,unknown,vnstock_market_equity_ohlcv
ICT,2022-05-31 07:00:00,12.44,12.48,12.36,12.44,19700,unknown,vnstock_market_equity_ohlcv
ICT,2022-06-01 07:00:00,12.36,12.48,12.36,12.44,34900,unknown,vnstock_market_equity_ohlcv
ICT,2022-06-02 07:00:00,12.44,12.51,12.4,12.44,33400,unknown,vnstock_market_equity_ohlcv
ICT,2022-06-03 07:00:00,12.44,12.48,12.44,12.44,36100,unknown,vnstock_market_equity_ohlcv
ICT,2022-06-06 07:00:00,12.51,12.74,12.44,12.51,26900,unknown,vnstock_market_equity_ohlcv
ICT,2022-06-07 07:00:00,12.51,13.35,12.51,12.78,60200,unknown,vnstock_market_equity_ohlcv
ICT,2022-06-08 07:00:00,12.51,12.93,12.51,12.93,25900,unknown,vnstock_market_equity_ohlcv
ICT,2022-06-09 07:00:00,12.93,13.04,12.74,12.74,17300,unknown,vnstock_market_equity_ohlcv
ICT,2022-06-10 07:00:00,12.59,12.74,12.59,12.7,62500,unknown,vnstock_market_equity_ohlcv
ICT,2022-06-13 07:00:00,12.51,12.74,12.51,12.55,75000,unknown,vnstock_market_equity_ohlcv
ICT,2022-06-14 07:00:00,12.59,12.89,12.59,12.78,56900,unknown,vnstock_market_equity_ohlcv
ICT,2022-06-15 07:00:00,12.74,12.78,12.63,12.66,47600,unknown,vnstock_market_equity_ohlcv
ICT,2022-06-16 07:00:00,12.63,12.82,12.63,12.74,17000,unknown,vnstock_market_equity_ohlcv
ICT,2022-06-17 07:00:00,12.66,12.7,12.29,12.51,25800,unknown,vnstock_market_equity_ohlcv
ICT,2022-06-20 07:00:00,12.51,12.89,12.44,12.51,95500,unknown,vnstock_market_equity_ohlcv
ICT,2022-06-21 07:00:00,12.32,12.51,12.32,12.44,26000,unknown,vnstock_market_equity_ohlcv
ICT,2022-06-22 07:00:00,12.44,12.51,12.44,12.44,38200,unknown,vnstock_market_equity_ohlcv
ICT,2022-06-23 07:00:00,12.44,12.51,12.44,12.51,25300,unknown,vnstock_market_equity_ohlcv
ICT,2022-06-24 07:00:00,12.51,12.51,12.48,12.48,25300,unknown,vnstock_market_equity_ohlcv
ICT,2022-06-27 07:00:00,12.48,12.59,12.48,12.55,9100,unknown,vnstock_market_equity_ohlcv
ICT,2022-06-28 07:00:00,12.55,12.63,12.36,12.55,46300,unknown,vnstock_market_equity_ohlcv
ICT,2022-06-29 07:00:00,12.51,12.74,12.51,12.74,8600,unknown,vnstock_market_equity_ohlcv
ICT,2022-06-30 07:00:00,12.74,13.04,12.7,12.7,44800,unknown,vnstock_market_equity_ohlcv
ICT,2022-07-01 07:00:00,12.44,12.7,12.44,12.66,19000,unknown,vnstock_market_equity_ohlcv
ICT,2022-07-04 07:00:00,12.55,12.89,12.55,12.78,70000,unknown,vnstock_market_equity_ohlcv
ICT,2022-07-05 07:00:00,12.78,12.82,12.66,12.74,15100,unknown,vnstock_market_equity_ohlcv
ICT,2022-07-06 07:00:00,12.85,12.89,12.59,12.82,67800,unknown,vnstock_market_equity_ohlcv
ICT,2022-07-07 07:00:00,12.97,12.97,12.82,12.89,24700,unknown,vnstock_market_equity_ohlcv
ICT,2022-07-08 07:00:00,12.82,12.97,12.82,12.89,12800,unknown,vnstock_market_equity_ohlcv
ICT,2022-07-11 07:00:00,12.89,13.2,12.89,12.93,16400,unknown,vnstock_market_equity_ohlcv
ICT,2022-07-12 07:00:00,12.89,13.12,12.82,12.93,7700,unknown,vnstock_market_equity_ohlcv
ICT,2022-07-13 07:00:00,12.89,12.97,12.89,12.93,3200,unknown,vnstock_market_equity_ohlcv
ICT,2022-07-14 07:00:00,12.89,12.97,12.89,12.97,7900,unknown,vnstock_market_equity_ohlcv
ICT,2022-07-15 07:00:00,12.97,12.97,12.89,12.97,9600,unknown,vnstock_market_equity_ohlcv
ICT,2022-07-18 07:00:00,13.27,13.27,13.01,13.01,5700,unknown,vnstock_market_equity_ohlcv
ICT,2022-07-19 07:00:00,12.51,13.04,12.51,12.97,21800,unknown,vnstock_market_equity_ohlcv
ICT,2022-07-20 07:00:00,13.12,13.12,12.85,13.01,32400,unknown,vnstock_market_equity_ohlcv
ICT,2022-07-21 07:00:00,13.58,13.58,13.04,13.04,63000,unknown,vnstock_market_equity_ohlcv
ICT,2022-07-22 07:00:00,13.04,13.2,13.01,13.12,6500,unknown,vnstock_market_equity_ohlcv
ICT,2022-07-25 07:00:00,13.08,13.23,12.89,13.12,41800,unknown,vnstock_market_equity_ohlcv
ICT,2022-07-26 07:00:00,13.27,13.27,12.97,13.2,7800,unknown,vnstock_market_equity_ohlcv
ICT,2022-07-27 07:00:00,13.2,13.2,12.93,13.12,2000,unknown,vnstock_market_equity_ohlcv
ICT,2022-07-28 07:00:00,13.01,13.12,12.93,12.93,8800,unknown,vnstock_market_equity_ohlcv
ICT,2022-07-29 07:00:00,12.97,13.01,12.97,13.01,4400,unknown,vnstock_market_equity_ohlcv
ICT,2022-08-01 07:00:00,13.01,13.04,12.63,13.04,23400,unknown,vnstock_market_equity_ohlcv
ICT,2022-08-02 07:00:00,13.04,13.04,13.01,13.01,10600,unknown,vnstock_market_equity_ohlcv
ICT,2022-08-03 07:00:00,12.97,13.01,12.93,12.97,9500,unknown,vnstock_market_equity_ohlcv
ICT,2022-08-04 07:00:00,13.04,13.46,13.04,13.35,105700,unknown,vnstock_market_equity_ohlcv
ICT,2022-08-05 07:00:00,13.5,13.61,13.04,13.12,50700,unknown,vnstock_market_equity_ohlcv
ICT,2022-08-08 07:00:00,13.12,13.27,13.12,13.16,47000,unknown,vnstock_market_equity_ohlcv
ICT,2022-08-09 07:00:00,13.08,13.27,13.08,13.27,24500,unknown,vnstock_market_equity_ohlcv
ICT,2022-08-10 07:00:00,13.08,13.27,13.08,13.27,12100,unknown,vnstock_market_equity_ohlcv
ICT,2022-08-11 07:00:00,13.27,13.27,13.16,13.23,13400,unknown,vnstock_market_equity_ohlcv
ICT,2022-08-12 07:00:00,13.23,13.27,13.08,13.2,4400,unknown,vnstock_market_equity_ohlcv
ICT,2022-08-15 07:00:00,13.2,13.27,13.12,13.2,8200,unknown,vnstock_market_equity_ohlcv
ICT,2022-08-16 07:00:00,13.27,13.27,13.2,13.2,16200,unknown,vnstock_market_equity_ohlcv
ICT,2022-08-17 07:00:00,13.2,13.31,13.2,13.2,17000,unknown,vnstock_market_equity_ohlcv
ICT,2022-08-18 07:00:00,13.2,13.27,13.16,13.2,11600,unknown,vnstock_market_equity_ohlcv
ICT,2022-08-19 07:00:00,13.2,13.27,13.16,13.2,17500,unknown,vnstock_market_equity_ohlcv
ICT,2022-08-22 07:00:00,13.2,13.35,13.16,13.2,55300,unknown,vnstock_market_equity_ohlcv
ICT,2022-08-23 07:00:00,13.2,13.27,13.2,13.27,12000,unknown,vnstock_market_equity_ohlcv
ICT,2022-08-24 07:00:00,13.27,13.35,13.27,13.27,19600,unknown,vnstock_market_equity_ohlcv
ICT,2022-08-25 07:00:00,13.27,13.31,13.27,13.27,6900,unknown,vnstock_market_equity_ohlcv
ICT,2022-08-26 07:00:00,13.23,13.27,13.23,13.27,14300,unknown,vnstock_market_equity_ohlcv
ICT,2022-08-29 07:00:00,13.27,13.31,13.12,13.27,12200,unknown,vnstock_market_equity_ohlcv
ICT,2022-08-30 07:00:00,13.27,13.35,13.23,13.31,18400,unknown,vnstock_market_equity_ohlcv
ICT,2022-08-31 07:00:00,13.16,13.27,13.16,13.23,5700,unknown,vnstock_market_equity_ohlcv
ICT,2022-09-05 07:00:00,13.23,13.31,13.16,13.27,1800,unknown,vnstock_market_equity_ohlcv
ICT,2022-09-06 07:00:00,13.16,13.31,13.16,13.31,17600,unknown,vnstock_market_equity_ohlcv
ICT,2022-09-07 07:00:00,13.27,13.27,13.04,13.04,18300,unknown,vnstock_market_equity_ohlcv
ICT,2022-09-08 07:00:00,13.04,13.2,13.01,13.04,7200,unknown,vnstock_market_equity_ohlcv
ICT,2022-09-09 07:00:00,13.04,13.16,13.01,13.01,5900,unknown,vnstock_market_equity_ohlcv
ICT,2022-09-12 07:00:00,12.97,13.16,12.97,13.16,2200,unknown,vnstock_market_equity_ohlcv
ICT,2022-09-13 07:00:00,13.04,13.16,12.97,13.16,13200,unknown,vnstock_market_equity_ohlcv
ICT,2022-09-14 07:00:00,13.16,13.16,13.12,13.16,8400,unknown,vnstock_market_equity_ohlcv
ICT,2022-09-15 07:00:00,13.12,13.16,13.12,13.16,5700,unknown,vnstock_market_equity_ohlcv
ICT,2022-09-16 07:00:00,13.04,13.12,13.04,13.04,16600,unknown,vnstock_market_equity_ohlcv
ICT,2022-09-19 07:00:00,12.97,13.12,12.89,13.12,6200,unknown,vnstock_market_equity_ohlcv
ICT,2022-09-20 07:00:00,12.89,13.12,12.89,13.12,21600,unknown,vnstock_market_equity_ohlcv
ICT,2022-09-21 07:00:00,13.12,13.12,12.93,13.04,4000,unknown,vnstock_market_equity_ohlcv
ICT,2022-09-22 07:00:00,12.89,13.12,12.89,13.12,2800,unknown,vnstock_market_equity_ohlcv
ICT,2022-09-23 07:00:00,13.08,13.12,13.08,13.12,500,unknown,vnstock_market_equity_ohlcv
ICT,2022-09-26 07:00:00,13.12,13.12,12.97,13.04,31500,unknown,vnstock_market_equity_ohlcv
ICT,2022-09-27 07:00:00,12.97,13.04,12.97,13.04,7800,unknown,vnstock_market_equity_ohlcv
ICT,2022-09-28 07:00:00,13.04,13.04,12.85,13.01,19300,unknown,vnstock_market_equity_ohlcv
ICT,2022-09-29 07:00:00,13.04,13.04,12.89,12.89,19900,unknown,vnstock_market_equity_ohlcv
ICT,2022-09-30 07:00:00,12.82,12.89,12.82,12.89,16800,unknown,vnstock_market_equity_ohlcv
ICT,2022-10-03 07:00:00,12.89,12.89,12.78,12.85,29000,unknown,vnstock_market_equity_ohlcv
ICT,2022-10-04 07:00:00,12.55,12.59,12.51,12.51,6200,unknown,vnstock_market_equity_ohlcv
ICT,2022-10-05 07:00:00,12.44,12.74,12.29,12.74,7300,unknown,vnstock_market_equity_ohlcv
ICT,2022-10-06 07:00:00,12.74,12.89,12.13,12.74,11800,unknown,vnstock_market_equity_ohlcv
ICT,2022-10-07 07:00:00,12.36,12.7,12.29,12.7,9600,unknown,vnstock_market_equity_ohlcv
ICT,2022-10-10 07:00:00,12.59,12.82,12.55,12.82,7100,unknown,vnstock_market_equity_ohlcv
ICT,2022-10-11 07:00:00,12.51,12.51,12.36,12.51,4500,unknown,vnstock_market_equity_ohlcv
ICT,2022-10-12 07:00:00,12.13,12.74,12.13,12.36,4100,unknown,vnstock_market_equity_ohlcv
ICT,2022-10-13 07:00:00,12.48,13.02,12.4,12.59,1900,unknown,vnstock_market_equity_ohlcv
ICT,2022-10-14 07:00:00,12.48,12.94,12.48,12.63,2300,unknown,vnstock_market_equity_ohlcv
ICT,2022-10-17 07:00:00,12.63,12.98,12.56,12.86,1100,unknown,vnstock_market_equity_ohlcv
ICT,2022-10-18 07:00:00,12.9,12.9,12.67,12.75,4100,unknown,vnstock_market_equity_ohlcv
ICT,2022-10-19 07:00:00,12.79,12.79,12.75,12.75,1600,unknown,vnstock_market_equity_ohlcv
ICT,2022-10-20 07:00:00,12.4,12.48,12.4,12.48,4100,unknown,vnstock_market_equity_ohlcv
ICT,2022-10-21 07:00:00,12.4,12.48,12.32,12.4,16100,unknown,vnstock_market_equity_ohlcv
ICT,2022-10-24 07:00:00,12.32,12.4,11.62,12.28,16700,unknown,vnstock_market_equity_ohlcv
ICT,2022-10-25 07:00:00,12.28,12.28,11.62,12.13,12700,unknown,vnstock_market_equity_ohlcv
ICT,2022-10-26 07:00:00,12.01,12.13,11.62,11.62,16300,unknown,vnstock_market_equity_ohlcv
ICT,2022-10-27 07:00:00,11.62,12.01,11.28,11.94,9700,unknown,vnstock_market_equity_ohlcv
ICT,2022-10-28 07:00:00,11.86,12.67,11.62,11.7,17500,unknown,vnstock_market_equity_ohlcv
ICT,2022-10-31 07:00:00,11.7,12.21,11.24,12.21,8700,unknown,vnstock_market_equity_ohlcv
ICT,2022-11-01 07:00:00,12.21,12.21,12.01,12.21,800,unknown,vnstock_market_equity_ohlcv
ICT,2022-11-02 07:00:00,11.66,12.17,11.66,12.17,1600,unknown,vnstock_market_equity_ohlcv
ICT,2022-11-03 07:00:00,11.7,12.09,11.66,12.09,4500,unknown,vnstock_market_equity_ohlcv
ICT,2022-11-04 07:00:00,12.01,12.01,12.01,12.01,100,unknown,vnstock_market_equity_ohlcv
ICT,2022-11-07 07:00:00,12.36,12.36,11.66,11.66,600,unknown,vnstock_market_equity_ohlcv
ICT,2022-11-08 07:00:00,12.05,12.05,11.62,11.7,900,unknown,vnstock_market_equity_ohlcv
ICT,2022-11-09 07:00:00,12.01,12.13,11.66,11.86,900,unknown,vnstock_market_equity_ohlcv
ICT,2022-11-10 07:00:00,11.78,11.78,11.08,11.62,6800,unknown,vnstock_market_equity_ohlcv
ICT,2022-11-11 07:00:00,11.24,12.01,11.24,12.01,1600,unknown,vnstock_market_equity_ohlcv
ICT,2022-11-14 07:00:00,11.2,12.01,11.2,11.62,7600,unknown,vnstock_market_equity_ohlcv
ICT,2022-11-15 07:00:00,11.62,11.62,10.81,11.32,20200,unknown,vnstock_market_equity_ohlcv
ICT,2022-11-16 07:00:00,11.32,11.62,10.54,11.62,11600,unknown,vnstock_market_equity_ohlcv
ICT,2022-11-17 07:00:00,11.08,11.51,11.0,11.51,5900,unknown,vnstock_market_equity_ohlcv
ICT,2022-11-18 07:00:00,11.24,11.55,10.93,11.43,2400,unknown,vnstock_market_equity_ohlcv
ICT,2022-11-21 07:00:00,11.0,11.32,10.97,11.2,3400,unknown,vnstock_market_equity_ohlcv
ICT,2022-11-22 07:00:00,11.62,11.62,10.97,11.32,8800,unknown,vnstock_market_equity_ohlcv
ICT,2022-11-23 07:00:00,11.51,11.51,10.93,11.24,900,unknown,vnstock_market_equity_ohlcv
ICT,2022-11-24 07:00:00,10.62,10.89,10.62,10.77,1700,unknown,vnstock_market_equity_ohlcv
ICT,2022-11-25 07:00:00,11.24,11.24,10.54,10.58,21200,unknown,vnstock_market_equity_ohlcv
ICT,2022-11-28 07:00:00,9.84,11.2,9.84,10.85,21600,unknown,vnstock_market_equity_ohlcv
ICT,2022-11-29 07:00:00,10.85,10.85,10.23,10.66,16500,unknown,vnstock_market_equity_ohlcv
ICT,2022-11-30 07:00:00,10.7,11.16,10.7,11.12,55800,unknown,vnstock_market_equity_ohlcv
ICT,2022-12-01 07:00:00,10.93,11.24,10.77,10.85,34000,unknown,vnstock_market_equity_ohlcv
ICT,2022-12-02 07:00:00,11.0,11.0,10.85,10.97,1200,unknown,vnstock_market_equity_ohlcv
ICT,2022-12-05 07:00:00,10.97,10.97,10.85,10.85,27700,unknown,vnstock_market_equity_ohlcv
ICT,2022-12-06 07:00:00,10.85,11.0,10.7,10.7,6900,unknown,vnstock_market_equity_ohlcv
ICT,2022-12-07 07:00:00,10.7,10.85,10.7,10.85,2400,unknown,vnstock_market_equity_ohlcv
ICT,2022-12-08 07:00:00,10.85,10.93,10.73,10.93,3900,unknown,vnstock_market_equity_ohlcv
ICT,2022-12-09 07:00:00,10.93,10.93,10.38,10.73,2400,unknown,vnstock_market_equity_ohlcv
ICT,2022-12-12 07:00:00,10.77,10.77,10.7,10.7,2600,unknown,vnstock_market_equity_ohlcv
ICT,2022-12-13 07:00:00,10.62,10.7,10.46,10.5,7800,unknown,vnstock_market_equity_ohlcv
ICT,2022-12-14 07:00:00,10.62,10.7,10.62,10.62,9400,unknown,vnstock_market_equity_ohlcv
ICT,2022-12-15 07:00:00,10.7,10.7,10.7,10.7,2000,unknown,vnstock_market_equity_ohlcv
ICT,2022-12-16 07:00:00,10.77,11.16,10.77,10.85,47500,unknown,vnstock_market_equity_ohlcv
ICT,2022-12-19 07:00:00,10.66,10.85,10.58,10.85,3100,unknown,vnstock_market_equity_ohlcv
ICT,2022-12-20 07:00:00,10.81,10.85,10.62,10.85,16500,unknown,vnstock_market_equity_ohlcv
ICT,2022-12-21 07:00:00,10.85,10.85,10.66,10.81,3500,unknown,vnstock_market_equity_ohlcv
ICT,2022-12-22 07:00:00,10.58,10.85,10.58,10.66,3300,unknown,vnstock_market_equity_ohlcv
ICT,2022-12-23 07:00:00,10.81,10.81,10.7,10.77,1000,unknown,vnstock_market_equity_ohlcv
ICT,2022-12-26 07:00:00,10.7,10.73,10.15,10.62,8600,unknown,vnstock_market_equity_ohlcv
ICT,2022-12-27 07:00:00,10.5,10.7,10.46,10.7,2100,unknown,vnstock_market_equity_ohlcv
ICT,2022-12-28 07:00:00,10.27,10.62,10.27,10.62,1800,unknown,vnstock_market_equity_ohlcv
ICT,2022-12-29 07:00:00,10.54,10.62,10.54,10.62,800,unknown,vnstock_market_equity_ohlcv
ICT,2022-12-30 07:00:00,10.5,10.73,10.5,10.73,900,unknown,vnstock_market_equity_ohlcv
ITA,2022-05-04 07:00:00,12.8,12.8,12.2,12.4,9621700,unknown,vnstock_market_equity_ohlcv
ITA,2022-05-05 07:00:00,12.5,12.75,11.8,12.25,6653600,unknown,vnstock_market_equity_ohlcv
ITA,2022-05-06 07:00:00,11.7,12.15,11.55,11.55,5839400,unknown,vnstock_market_equity_ohlcv
ITA,2022-05-09 07:00:00,11.3,11.4,10.75,10.75,7110700,unknown,vnstock_market_equity_ohlcv
ITA,2022-05-10 07:00:00,10.1,11.5,10.05,11.5,9141600,unknown,vnstock_market_equity_ohlcv
ITA,2022-05-11 07:00:00,11.8,12.0,11.2,11.7,5011600,unknown,vnstock_market_equity_ohlcv
ITA,2022-05-12 07:00:00,11.4,11.7,10.9,10.9,5403400,unknown,vnstock_market_equity_ohlcv
ITA,2022-05-13 07:00:00,10.7,10.95,10.15,10.15,8537200,unknown,vnstock_market_equity_ohlcv
ITA,2022-05-16 07:00:00,10.6,10.85,10.15,10.35,5404700,unknown,vnstock_market_equity_ohlcv
ITA,2022-05-17 07:00:00,10.35,11.05,10.35,11.05,6735700,unknown,vnstock_market_equity_ohlcv
ITA,2022-05-18 07:00:00,11.3,11.6,11.1,11.1,6109800,unknown,vnstock_market_equity_ohlcv
ITA,2022-05-19 07:00:00,10.7,11.5,10.7,11.1,6094900,unknown,vnstock_market_equity_ohlcv
ITA,2022-05-20 07:00:00,11.25,11.6,11.1,11.35,5667500,unknown,vnstock_market_equity_ohlcv
ITA,2022-05-23 07:00:00,11.6,11.7,10.9,11.2,5726200,unknown,vnstock_market_equity_ohlcv
ITA,2022-05-24 07:00:00,11.2,11.3,10.8,11.3,4455500,unknown,vnstock_market_equity_ohlcv
ITA,2022-05-25 07:00:00,11.45,12.05,11.3,12.05,11177500,unknown,vnstock_market_equity_ohlcv
ITA,2022-05-26 07:00:00,12.2,12.35,11.9,12.0,6307600,unknown,vnstock_market_equity_ohlcv
ITA,2022-05-27 07:00:00,12.0,12.5,12.0,12.15,6146400,unknown,vnstock_market_equity_ohlcv
ITA,2022-05-30 07:00:00,12.4,12.4,12.1,12.1,6362300,unknown,vnstock_market_equity_ohlcv
ITA,2022-05-31 07:00:00,12.1,12.35,11.9,12.35,8575200,unknown,vnstock_market_equity_ohlcv
ITA,2022-06-01 07:00:00,12.05,12.3,11.9,12.0,5155000,unknown,vnstock_market_equity_ohlcv
ITA,2022-06-02 07:00:00,12.2,12.45,12.05,12.15,8739300,unknown,vnstock_market_equity_ohlcv
ITA,2022-06-03 07:00:00,12.15,12.25,11.9,11.95,4737000,unknown,vnstock_market_equity_ohlcv
ITA,2022-06-06 07:00:00,11.95,12.15,11.7,11.8,5263700,unknown,vnstock_market_equity_ohlcv
ITA,2022-06-07 07:00:00,11.6,11.8,11.0,11.4,9421200,unknown,vnstock_market_equity_ohlcv
ITA,2022-06-08 07:00:00,11.55,12.15,11.45,11.95,7228800,unknown,vnstock_market_equity_ohlcv
ITA,2022-06-09 07:00:00,12.0,12.15,11.85,11.95,3891500,unknown,vnstock_market_equity_ohlcv
ITA,2022-06-10 07:00:00,11.75,12.75,11.75,12.3,19221600,unknown,vnstock_market_equity_ohlcv
ITA,2022-06-13 07:00:00,11.85,12.25,11.45,11.45,10569000,unknown,vnstock_market_equity_ohlcv
ITA,2022-06-14 07:00:00,11.4,11.7,11.2,11.35,4893900,unknown,vnstock_market_equity_ohlcv
ITA,2022-06-15 07:00:00,11.35,11.5,10.6,10.6,14987500,unknown,vnstock_market_equity_ohlcv
ITA,2022-06-16 07:00:00,10.9,10.95,10.45,10.45,5071500,unknown,vnstock_market_equity_ohlcv
ITA,2022-06-17 07:00:00,9.9,10.0,9.72,9.72,8751300,unknown,vnstock_market_equity_ohlcv
ITA,2022-06-20 07:00:00,9.7,9.72,9.04,9.04,4890800,unknown,vnstock_market_equity_ohlcv
ITA,2022-06-21 07:00:00,8.55,8.99,8.41,8.41,11883900,unknown,vnstock_market_equity_ohlcv
ITA,2022-06-22 07:00:00,8.59,8.86,8.41,8.61,5376800,unknown,vnstock_market_equity_ohlcv
ITA,2022-06-23 07:00:00,8.65,9.18,8.49,9.18,5425900,unknown,vnstock_market_equity_ohlcv
ITA,2022-06-24 07:00:00,9.18,9.42,8.92,8.92,6495700,unknown,vnstock_market_equity_ohlcv
ITA,2022-06-27 07:00:00,8.3,8.3,8.3,8.3,4060600,unknown,vnstock_market_equity_ohlcv
ITA,2022-06-28 07:00:00,7.72,7.72,7.72,7.72,4095700,unknown,vnstock_market_equity_ohlcv
ITA,2022-06-29 07:00:00,7.18,8.26,7.18,8.2,42394300,unknown,vnstock_market_equity_ohlcv
ITA,2022-06-30 07:00:00,8.01,8.35,7.63,7.63,9525800,unknown,vnstock_market_equity_ohlcv
ITA,2022-07-01 07:00:00,7.31,7.61,7.1,7.32,7128300,unknown,vnstock_market_equity_ohlcv
ITA,2022-07-04 07:00:00,7.15,7.7,7.01,7.7,16199400,unknown,vnstock_market_equity_ohlcv
ITA,2022-07-05 07:00:00,7.7,8.0,7.66,7.7,7472600,unknown,vnstock_market_equity_ohlcv
ITA,2022-07-06 07:00:00,7.45,7.68,7.17,7.18,6104300,unknown,vnstock_market_equity_ohlcv
ITA,2022-07-07 07:00:00,7.2,7.2,6.71,6.8,9442100,unknown,vnstock_market_equity_ohlcv
ITA,2022-07-08 07:00:00,6.85,7.13,6.85,7.06,5675000,unknown,vnstock_market_equity_ohlcv
ITA,2022-07-11 07:00:00,7.0,7.34,7.0,7.2,5945700,unknown,vnstock_market_equity_ohlcv
ITA,2022-07-12 07:00:00,7.21,7.7,7.2,7.7,9914400,unknown,vnstock_market_equity_ohlcv
ITA,2022-07-13 07:00:00,7.97,8.0,7.6,7.71,8834500,unknown,vnstock_market_equity_ohlcv
ITA,2022-07-14 07:00:00,7.18,7.5,7.18,7.34,14182600,unknown,vnstock_market_equity_ohlcv
ITA,2022-07-15 07:00:00,7.22,7.59,7.05,7.34,9811100,unknown,vnstock_market_equity_ohlcv
ITA,2022-07-18 07:00:00,7.34,7.7,7.34,7.46,5063100,unknown,vnstock_market_equity_ohlcv
ITA,2022-07-19 07:00:00,7.4,7.55,7.3,7.36,5864300,unknown,vnstock_market_equity_ohlcv
ITA,2022-07-20 07:00:00,7.5,7.62,7.41,7.51,8499700,unknown,vnstock_market_equity_ohlcv
ITA,2022-07-21 07:00:00,7.52,7.67,7.44,7.45,5507700,unknown,vnstock_market_equity_ohlcv
ITA,2022-07-22 07:00:00,7.45,7.6,7.39,7.45,4881100,unknown,vnstock_market_equity_ohlcv
ITA,2022-07-25 07:00:00,7.4,7.44,7.2,7.23,5096100,unknown,vnstock_market_equity_ohlcv
ITA,2022-07-26 07:00:00,7.25,7.3,7.12,7.13,6056600,unknown,vnstock_market_equity_ohlcv
ITA,2022-07-27 07:00:00,7.07,7.24,7.01,7.24,3911300,unknown,vnstock_market_equity_ohlcv
ITA,2022-07-28 07:00:00,7.38,7.68,7.3,7.46,6590900,unknown,vnstock_market_equity_ohlcv
ITA,2022-07-29 07:00:00,7.51,7.55,7.38,7.43,4505000,unknown,vnstock_market_equity_ohlcv
ITA,2022-08-01 07:00:00,7.61,7.61,7.47,7.52,6357700,unknown,vnstock_market_equity_ohlcv
ITA,2022-08-02 07:00:00,7.58,8.04,7.53,8.04,19022100,unknown,vnstock_market_equity_ohlcv
ITA,2022-08-03 07:00:00,8.05,8.5,8.05,8.22,12084400,unknown,vnstock_market_equity_ohlcv
ITA,2022-08-04 07:00:00,8.25,8.29,8.0,8.02,10449700,unknown,vnstock_market_equity_ohlcv
ITA,2022-08-05 07:00:00,7.92,8.15,7.85,8.06,7433300,unknown,vnstock_market_equity_ohlcv
ITA,2022-08-08 07:00:00,8.1,8.1,7.9,8.0,11332700,unknown,vnstock_market_equity_ohlcv
ITA,2022-08-09 07:00:00,8.1,8.35,8.1,8.15,8344500,unknown,vnstock_market_equity_ohlcv
ITA,2022-08-10 07:00:00,8.07,8.35,8.07,8.21,8214200,unknown,vnstock_market_equity_ohlcv
ITA,2022-08-11 07:00:00,8.3,8.34,7.98,8.06,10518500,unknown,vnstock_market_equity_ohlcv
ITA,2022-08-12 07:00:00,8.05,8.27,7.94,8.15,8933700,unknown,vnstock_market_equity_ohlcv
ITA,2022-08-15 07:00:00,8.2,8.25,8.15,8.19,5959200,unknown,vnstock_market_equity_ohlcv
ITA,2022-08-16 07:00:00,8.19,8.42,8.17,8.3,8916100,unknown,vnstock_market_equity_ohlcv
ITA,2022-08-17 07:00:00,8.38,8.38,8.05,8.14,9445000,unknown,vnstock_market_equity_ohlcv
ITA,2022-08-18 07:00:00,8.03,8.14,8.03,8.09,6049900,unknown,vnstock_market_equity_ohlcv
ITA,2022-08-19 07:00:00,8.05,8.29,8.02,8.06,6922800,unknown,vnstock_market_equity_ohlcv
ITA,2022-08-22 07:00:00,8.0,8.0,7.7,7.81,9866200,unknown,vnstock_market_equity_ohlcv
ITA,2022-08-23 07:00:00,7.65,8.0,7.6,8.0,4770900,unknown,vnstock_market_equity_ohlcv
ITA,2022-08-24 07:00:00,8.01,8.05,7.87,7.9,4538800,unknown,vnstock_market_equity_ohlcv
ITA,2022-08-25 07:00:00,8.15,8.25,8.02,8.03,4877400,unknown,vnstock_market_equity_ohlcv
ITA,2022-08-26 07:00:00,8.06,8.08,7.81,7.86,5441300,unknown,vnstock_market_equity_ohlcv
ITA,2022-08-29 07:00:00,7.31,7.5,7.31,7.31,26112700,unknown,vnstock_market_equity_ohlcv
ITA,2022-08-30 07:00:00,7.26,7.42,7.02,7.09,10134200,unknown,vnstock_market_equity_ohlcv
ITA,2022-08-31 07:00:00,6.95,7.11,6.86,7.0,8189800,unknown,vnstock_market_equity_ohlcv
ITA,2022-09-05 07:00:00,7.01,7.05,6.82,6.84,5691600,unknown,vnstock_market_equity_ohlcv
ITA,2022-09-06 07:00:00,6.8,6.83,6.5,6.52,11496200,unknown,vnstock_market_equity_ohlcv
ITA,2022-09-07 07:00:00,6.07,6.3,6.07,6.07,30440300,unknown,vnstock_market_equity_ohlcv
ITA,2022-09-08 07:00:00,6.07,6.15,5.68,5.88,6544300,unknown,vnstock_market_equity_ohlcv
ITA,2022-09-09 07:00:00,5.9,5.96,5.51,5.74,5851900,unknown,vnstock_market_equity_ohlcv
ITA,2022-09-12 07:00:00,5.7,5.74,5.56,5.6,4838900,unknown,vnstock_market_equity_ohlcv
ITA,2022-09-13 07:00:00,5.6,5.94,5.6,5.85,5477700,unknown,vnstock_market_equity_ohlcv
ITA,2022-09-14 07:00:00,5.7,6.1,5.7,6.1,5588000,unknown,vnstock_market_equity_ohlcv
ITA,2022-09-15 07:00:00,6.2,6.3,6.06,6.11,3246600,unknown,vnstock_market_equity_ohlcv
ITA,2022-09-16 07:00:00,6.1,6.11,5.71,5.71,3959700,unknown,vnstock_market_equity_ohlcv
ITA,2022-09-19 07:00:00,5.65,5.71,5.36,5.36,4700000,unknown,vnstock_market_equity_ohlcv
ITA,2022-09-20 07:00:00,5.4,5.64,5.34,5.61,3010400,unknown,vnstock_market_equity_ohlcv
ITA,2022-09-21 07:00:00,5.64,5.74,5.55,5.6,1456700,unknown,vnstock_market_equity_ohlcv
ITA,2022-09-22 07:00:00,5.58,5.77,5.51,5.7,2067800,unknown,vnstock_market_equity_ohlcv
ITA,2022-09-23 07:00:00,5.73,5.89,5.7,5.72,2117700,unknown,vnstock_market_equity_ohlcv
ITA,2022-09-26 07:00:00,5.67,5.67,5.34,5.37,3110200,unknown,vnstock_market_equity_ohlcv
ITA,2022-09-27 07:00:00,5.35,5.5,5.35,5.37,1394900,unknown,vnstock_market_equity_ohlcv
ITA,2022-09-28 07:00:00,5.38,5.45,5.3,5.37,1542700,unknown,vnstock_market_equity_ohlcv
ITA,2022-09-29 07:00:00,5.4,5.5,5.28,5.28,1458200,unknown,vnstock_market_equity_ohlcv
ITA,2022-09-30 07:00:00,5.28,5.28,4.93,5.2,3307500,unknown,vnstock_market_equity_ohlcv
ITA,2022-10-03 07:00:00,5.2,5.2,4.84,4.84,2842400,unknown,vnstock_market_equity_ohlcv
ITA,2022-10-04 07:00:00,4.98,4.98,4.52,4.52,2942600,unknown,vnstock_market_equity_ohlcv
ITA,2022-10-05 07:00:00,4.55,4.75,4.52,4.75,2179400,unknown,vnstock_market_equity_ohlcv
ITA,2022-10-06 07:00:00,4.85,4.86,4.5,4.51,2210400,unknown,vnstock_market_equity_ohlcv
ITA,2022-10-07 07:00:00,4.4,4.49,4.2,4.2,4105800,unknown,vnstock_market_equity_ohlcv
ITA,2022-10-10 07:00:00,3.91,4.25,3.91,4.2,2092600,unknown,vnstock_market_equity_ohlcv
ITA,2022-10-11 07:00:00,4.1,4.1,3.91,3.91,3984900,unknown,vnstock_market_equity_ohlcv
ITA,2022-10-12 07:00:00,3.66,4.13,3.66,4.06,2049200,unknown,vnstock_market_equity_ohlcv
ITA,2022-10-13 07:00:00,4.1,4.13,4.0,4.12,1017100,unknown,vnstock_market_equity_ohlcv
ITA,2022-10-14 07:00:00,4.22,4.28,4.17,4.25,2898700,unknown,vnstock_market_equity_ohlcv
ITA,2022-10-17 07:00:00,4.25,4.35,4.22,4.25,1762300,unknown,vnstock_market_equity_ohlcv
ITA,2022-10-18 07:00:00,4.3,4.42,4.28,4.38,2334100,unknown,vnstock_market_equity_ohlcv
ITA,2022-10-19 07:00:00,4.48,4.48,4.34,4.38,1692700,unknown,vnstock_market_equity_ohlcv
ITA,2022-10-20 07:00:00,4.41,4.41,4.21,4.27,843000,unknown,vnstock_market_equity_ohlcv
ITA,2022-10-21 07:00:00,4.3,4.3,3.98,3.98,1964900,unknown,vnstock_market_equity_ohlcv
ITA,2022-10-24 07:00:00,4.0,4.05,3.72,3.79,1555600,unknown,vnstock_market_equity_ohlcv
ITA,2022-10-25 07:00:00,3.79,3.95,3.55,3.76,1829700,unknown,vnstock_market_equity_ohlcv
ITA,2022-10-26 07:00:00,3.9,3.9,3.6,3.62,1121600,unknown,vnstock_market_equity_ohlcv
ITA,2022-10-27 07:00:00,3.63,3.84,3.62,3.84,1590700,unknown,vnstock_market_equity_ohlcv
ITA,2022-10-28 07:00:00,3.85,3.99,3.84,3.92,1151800,unknown,vnstock_market_equity_ohlcv
ITA,2022-10-31 07:00:00,3.92,4.0,3.69,3.72,1061000,unknown,vnstock_market_equity_ohlcv
ITA,2022-11-01 07:00:00,3.8,3.85,3.7,3.7,1047400,unknown,vnstock_market_equity_ohlcv
ITA,2022-11-02 07:00:00,3.7,3.79,3.69,3.72,1080100,unknown,vnstock_market_equity_ohlcv
ITA,2022-11-03 07:00:00,3.7,3.74,3.66,3.68,647800,unknown,vnstock_market_equity_ohlcv
ITA,2022-11-04 07:00:00,3.7,3.71,3.5,3.5,1604800,unknown,vnstock_market_equity_ohlcv
ITA,2022-11-07 07:00:00,3.5,3.51,3.26,3.26,2366600,unknown,vnstock_market_equity_ohlcv
ITA,2022-11-08 07:00:00,3.06,3.2,3.05,3.19,1282800,unknown,vnstock_market_equity_ohlcv
ITA,2022-11-09 07:00:00,3.2,3.34,3.19,3.19,855500,unknown,vnstock_market_equity_ohlcv
ITA,2022-11-10 07:00:00,3.2,3.2,2.97,2.97,2061100,unknown,vnstock_market_equity_ohlcv
ITA,2022-11-11 07:00:00,3.0,3.05,2.9,2.95,1207700,unknown,vnstock_market_equity_ohlcv
ITA,2022-11-14 07:00:00,2.81,2.89,2.75,2.78,1901300,unknown,vnstock_market_equity_ohlcv
ITA,2022-11-15 07:00:00,2.7,2.73,2.59,2.59,1600700,unknown,vnstock_market_equity_ohlcv
ITA,2022-11-16 07:00:00,2.42,2.77,2.41,2.77,5282700,unknown,vnstock_market_equity_ohlcv
ITA,2022-11-17 07:00:00,2.94,2.96,2.8,2.96,4781700,unknown,vnstock_market_equity_ohlcv
ITA,2022-11-18 07:00:00,3.0,3.15,2.86,3.15,2785800,unknown,vnstock_market_equity_ohlcv
ITA,2022-11-21 07:00:00,3.17,3.28,3.17,3.25,2316200,unknown,vnstock_market_equity_ohlcv
ITA,2022-11-22 07:00:00,3.25,3.47,3.2,3.3,4198900,unknown,vnstock_market_equity_ohlcv
ITA,2022-11-23 07:00:00,3.3,3.35,3.07,3.07,1467400,unknown,vnstock_market_equity_ohlcv
ITA,2022-11-24 07:00:00,2.9,3.17,2.9,3.02,1045800,unknown,vnstock_market_equity_ohlcv
ITA,2022-11-25 07:00:00,3.1,3.2,3.05,3.15,1704800,unknown,vnstock_market_equity_ohlcv
ITA,2022-11-28 07:00:00,3.37,3.37,3.37,3.37,1471700,unknown,vnstock_market_equity_ohlcv
ITA,2022-11-29 07:00:00,3.6,3.6,3.42,3.6,5762000,unknown,vnstock_market_equity_ohlcv
ITA,2022-11-30 07:00:00,3.85,3.85,3.79,3.85,5962300,unknown,vnstock_market_equity_ohlcv
ITA,2022-12-01 07:00:00,4.11,4.11,4.11,4.11,3914000,unknown,vnstock_market_equity_ohlcv
ITA,2022-12-02 07:00:00,4.39,4.39,4.12,4.39,8939600,unknown,vnstock_market_equity_ohlcv
ITA,2022-12-05 07:00:00,4.68,4.69,4.64,4.69,2682000,unknown,vnstock_market_equity_ohlcv
ITA,2022-12-06 07:00:00,5.01,5.01,4.5,4.5,15775000,unknown,vnstock_market_equity_ohlcv
ITA,2022-12-07 07:00:00,4.48,4.62,4.21,4.44,4120900,unknown,vnstock_market_equity_ohlcv
ITA,2022-12-08 07:00:00,4.6,4.75,4.6,4.75,1284400,unknown,vnstock_market_equity_ohlcv
ITA,2022-12-09 07:00:00,5.08,5.08,4.8,4.93,8380300,unknown,vnstock_market_equity_ohlcv
ITA,2022-12-12 07:00:00,4.85,4.99,4.6,4.62,5039200,unknown,vnstock_market_equity_ohlcv
ITA,2022-12-13 07:00:00,4.54,4.68,4.3,4.48,6612400,unknown,vnstock_market_equity_ohlcv
ITA,2022-12-14 07:00:00,4.6,4.72,4.54,4.64,3206400,unknown,vnstock_market_equity_ohlcv
ITA,2022-12-15 07:00:00,4.6,4.69,4.5,4.54,2878200,unknown,vnstock_market_equity_ohlcv
ITA,2022-12-16 07:00:00,4.55,4.82,4.55,4.7,9581800,unknown,vnstock_market_equity_ohlcv
ITA,2022-12-19 07:00:00,4.81,5.02,4.81,5.02,10500100,unknown,vnstock_market_equity_ohlcv
ITA,2022-12-20 07:00:00,4.95,5.12,4.67,4.67,6467300,unknown,vnstock_market_equity_ohlcv
ITA,2022-12-21 07:00:00,4.67,4.82,4.35,4.35,7007000,unknown,vnstock_market_equity_ohlcv
ITA,2022-12-22 07:00:00,4.49,4.49,4.05,4.35,3309600,unknown,vnstock_market_equity_ohlcv
ITA,2022-12-23 07:00:00,4.37,4.38,4.1,4.1,2293300,unknown,vnstock_market_equity_ohlcv
ITA,2022-12-26 07:00:00,3.96,4.1,3.82,3.82,3675300,unknown,vnstock_market_equity_ohlcv
ITA,2022-12-27 07:00:00,3.82,4.08,3.8,4.08,3322000,unknown,vnstock_market_equity_ohlcv
ITA,2022-12-28 07:00:00,4.28,4.28,4.11,4.17,1835400,unknown,vnstock_market_equity_ohlcv
ITA,2022-12-29 07:00:00,4.15,4.24,4.02,4.13,1624400,unknown,vnstock_market_equity_ohlcv
ITA,2022-12-30 07:00:00,4.2,4.2,4.05,4.05,1280500,unknown,vnstock_market_equity_ohlcv
KBC,2022-05-04 07:00:00,32.47,32.88,31.9,32.28,3254800,unknown,vnstock_market_equity_ohlcv
KBC,2022-05-05 07:00:00,32.32,32.47,30.7,32.13,4445700,unknown,vnstock_market_equity_ohlcv
KBC,2022-05-06 07:00:00,30.93,31.68,30.81,30.85,3957000,unknown,vnstock_market_equity_ohlcv
KBC,2022-05-09 07:00:00,29.73,30.33,28.71,30.03,6033800,unknown,vnstock_market_equity_ohlcv
KBC,2022-05-10 07:00:00,29.12,30.4,29.12,30.14,3431200,unknown,vnstock_market_equity_ohlcv
KBC,2022-05-11 07:00:00,30.25,31.11,29.88,30.93,3054100,unknown,vnstock_market_equity_ohlcv
KBC,2022-05-12 07:00:00,30.78,30.78,28.79,29.27,3078000,unknown,vnstock_market_equity_ohlcv
KBC,2022-05-13 07:00:00,28.6,29.27,27.25,27.25,5204200,unknown,vnstock_market_equity_ohlcv
KBC,2022-05-16 07:00:00,27.77,28.15,26.8,27.21,4731900,unknown,vnstock_market_equity_ohlcv
KBC,2022-05-17 07:00:00,26.42,28.9,26.42,28.9,3220000,unknown,vnstock_market_equity_ohlcv
KBC,2022-05-18 07:00:00,29.27,30.4,28.82,30.03,3096200,unknown,vnstock_market_equity_ohlcv
KBC,2022-05-19 07:00:00,28.82,31.15,28.82,30.78,4469400,unknown,vnstock_market_equity_ohlcv
KBC,2022-05-20 07:00:00,30.78,31.75,30.63,30.78,2657500,unknown,vnstock_market_equity_ohlcv
KBC,2022-05-23 07:00:00,31.6,31.6,29.65,30.78,2240500,unknown,vnstock_market_equity_ohlcv
KBC,2022-05-24 07:00:00,30.4,31.38,30.06,31.38,3046300,unknown,vnstock_market_equity_ohlcv
KBC,2022-05-25 07:00:00,31.45,32.88,31.15,32.88,2943900,unknown,vnstock_market_equity_ohlcv
KBC,2022-05-26 07:00:00,32.73,33.18,32.28,32.99,2278300,unknown,vnstock_market_equity_ohlcv
KBC,2022-05-27 07:00:00,33.59,33.85,33.25,33.25,2410400,unknown,vnstock_market_equity_ohlcv
KBC,2022-05-30 07:00:00,33.7,33.7,33.03,33.18,1680300,unknown,vnstock_market_equity_ohlcv
KBC,2022-05-31 07:00:00,33.18,33.74,33.03,33.4,2320500,unknown,vnstock_market_equity_ohlcv
KBC,2022-06-01 07:00:00,33.74,33.74,32.8,33.4,2322100,unknown,vnstock_market_equity_ohlcv
KBC,2022-06-02 07:00:00,33.78,34.12,33.1,33.33,3101800,unknown,vnstock_market_equity_ohlcv
KBC,2022-06-03 07:00:00,33.44,33.63,32.88,33.48,1471500,unknown,vnstock_market_equity_ohlcv
KBC,2022-06-06 07:00:00,33.48,33.85,32.8,32.84,2181400,unknown,vnstock_market_equity_ohlcv
KBC,2022-06-07 07:00:00,32.84,33.1,31.15,32.28,3355600,unknown,vnstock_market_equity_ohlcv
KBC,2022-06-08 07:00:00,32.32,33.7,32.28,33.63,3414200,unknown,vnstock_market_equity_ohlcv
KBC,2022-06-09 07:00:00,33.63,34.38,33.37,33.63,2578100,unknown,vnstock_market_equity_ohlcv
KBC,2022-06-10 07:00:00,33.78,34.9,33.63,34.15,5295300,unknown,vnstock_market_equity_ohlcv
KBC,2022-06-13 07:00:00,32.65,33.63,31.79,31.79,3531200,unknown,vnstock_market_equity_ohlcv
KBC,2022-06-14 07:00:00,30.78,32.65,30.63,32.28,2742500,unknown,vnstock_market_equity_ohlcv
KBC,2022-06-15 07:00:00,32.28,32.58,30.33,32.2,4320900,unknown,vnstock_market_equity_ohlcv
KBC,2022-06-16 07:00:00,32.65,32.65,31.9,32.05,2175200,unknown,vnstock_market_equity_ohlcv
KBC,2022-06-17 07:00:00,30.78,31.53,30.03,31.53,3274300,unknown,vnstock_market_equity_ohlcv
KBC,2022-06-20 07:00:00,31.53,31.9,29.35,29.35,3261400,unknown,vnstock_market_equity_ohlcv
KBC,2022-06-21 07:00:00,27.4,29.5,27.3,28.6,3051500,unknown,vnstock_market_equity_ohlcv
KBC,2022-06-22 07:00:00,27.4,29.35,27.4,28.5,2651900,unknown,vnstock_market_equity_ohlcv
KBC,2022-06-23 07:00:00,28.5,29.7,28.1,29.7,2149100,unknown,vnstock_market_equity_ohlcv
KBC,2022-06-24 07:00:00,29.65,30.3,29.65,30.1,2504500,unknown,vnstock_market_equity_ohlcv
KBC,2022-06-27 07:00:00,31.35,32.2,31.0,32.0,4635300,unknown,vnstock_market_equity_ohlcv
KBC,2022-06-28 07:00:00,31.4,32.45,31.4,32.45,2824200,unknown,vnstock_market_equity_ohlcv
KBC,2022-06-29 07:00:00,32.2,33.9,32.05,33.2,3202500,unknown,vnstock_market_equity_ohlcv
KBC,2022-06-30 07:00:00,33.2,33.3,31.8,32.7,3550600,unknown,vnstock_market_equity_ohlcv
KBC,2022-07-01 07:00:00,32.05,32.55,31.0,32.55,2176000,unknown,vnstock_market_equity_ohlcv
KBC,2022-07-04 07:00:00,32.95,32.95,31.85,32.5,1855500,unknown,vnstock_market_equity_ohlcv
KBC,2022-07-05 07:00:00,32.45,32.8,31.0,31.8,1756400,unknown,vnstock_market_equity_ohlcv
KBC,2022-07-06 07:00:00,30.5,31.9,30.5,31.5,2639700,unknown,vnstock_market_equity_ohlcv
KBC,2022-07-07 07:00:00,31.5,31.9,31.05,31.7,1452600,unknown,vnstock_market_equity_ohlcv
KBC,2022-07-08 07:00:00,32.25,32.7,31.7,32.1,2255400,unknown,vnstock_market_equity_ohlcv
KBC,2022-07-11 07:00:00,32.1,33.3,31.7,33.2,4022900,unknown,vnstock_market_equity_ohlcv
KBC,2022-07-12 07:00:00,33.5,35.5,33.4,35.5,10037400,unknown,vnstock_market_equity_ohlcv
KBC,2022-07-13 07:00:00,35.9,36.2,35.0,35.95,3817800,unknown,vnstock_market_equity_ohlcv
KBC,2022-07-14 07:00:00,35.5,36.1,35.2,35.95,3763600,unknown,vnstock_market_equity_ohlcv
KBC,2022-07-15 07:00:00,35.6,36.65,35.4,35.55,5660800,unknown,vnstock_market_equity_ohlcv
KBC,2022-07-18 07:00:00,35.8,36.1,35.2,35.6,2854500,unknown,vnstock_market_equity_ohlcv
KBC,2022-07-19 07:00:00,36.95,36.95,36.0,36.55,6490900,unknown,vnstock_market_equity_ohlcv
KBC,2022-07-20 07:00:00,36.9,37.2,36.5,37.0,5031800,unknown,vnstock_market_equity_ohlcv
KBC,2022-07-21 07:00:00,36.8,37.1,36.6,36.85,3168100,unknown,vnstock_market_equity_ohlcv
KBC,2022-07-22 07:00:00,36.8,37.5,36.5,36.85,5970400,unknown,vnstock_market_equity_ohlcv
KBC,2022-07-25 07:00:00,36.7,36.85,35.2,36.2,3939900,unknown,vnstock_market_equity_ohlcv
KBC,2022-07-26 07:00:00,36.2,36.45,35.5,36.0,1805600,unknown,vnstock_market_equity_ohlcv
KBC,2022-07-27 07:00:00,35.2,36.3,35.15,36.3,3579000,unknown,vnstock_market_equity_ohlcv
KBC,2022-07-28 07:00:00,36.85,38.65,36.55,37.8,12795400,unknown,vnstock_market_equity_ohlcv
KBC,2022-07-29 07:00:00,37.7,38.3,37.45,37.7,6031300,unknown,vnstock_market_equity_ohlcv
KBC,2022-08-01 07:00:00,38.2,39.6,38.2,39.55,8785700,unknown,vnstock_market_equity_ohlcv
KBC,2022-08-02 07:00:00,39.2,39.7,38.6,38.8,9766600,unknown,vnstock_market_equity_ohlcv
KBC,2022-08-03 07:00:00,38.4,39.25,38.4,38.6,7196100,unknown,vnstock_market_equity_ohlcv
KBC,2022-08-04 07:00:00,38.5,38.9,37.7,37.8,8525300,unknown,vnstock_market_equity_ohlcv
KBC,2022-08-05 07:00:00,37.65,38.9,37.45,38.5,5642700,unknown,vnstock_market_equity_ohlcv
KBC,2022-08-08 07:00:00,38.7,38.95,37.9,37.9,4912300,unknown,vnstock_market_equity_ohlcv
KBC,2022-08-09 07:00:00,38.1,38.1,37.65,37.9,4266700,unknown,vnstock_market_equity_ohlcv
KBC,2022-08-10 07:00:00,37.9,38.4,37.75,37.8,4918300,unknown,vnstock_market_equity_ohlcv
KBC,2022-08-11 07:00:00,38.3,38.3,37.0,37.5,6982300,unknown,vnstock_market_equity_ohlcv
KBC,2022-08-12 07:00:00,37.5,38.7,37.4,38.4,9172400,unknown,vnstock_market_equity_ohlcv
KBC,2022-08-15 07:00:00,38.7,38.8,38.3,38.3,4387000,unknown,vnstock_market_equity_ohlcv
KBC,2022-08-16 07:00:00,38.2,38.5,37.9,38.25,3402500,unknown,vnstock_market_equity_ohlcv
KBC,2022-08-17 07:00:00,38.1,38.25,37.05,37.1,12607300,unknown,vnstock_market_equity_ohlcv
KBC,2022-08-18 07:00:00,36.85,37.0,36.05,36.3,8589700,unknown,vnstock_market_equity_ohlcv
KBC,2022-08-19 07:00:00,36.5,37.35,35.65,35.95,8250900,unknown,vnstock_market_equity_ohlcv
KBC,2022-08-22 07:00:00,35.85,36.85,35.7,36.5,5708000,unknown,vnstock_market_equity_ohlcv
KBC,2022-08-23 07:00:00,36.3,37.0,36.3,36.95,5265800,unknown,vnstock_market_equity_ohlcv
KBC,2022-08-24 07:00:00,37.05,37.25,36.55,37.25,6812500,unknown,vnstock_market_equity_ohlcv
KBC,2022-08-25 07:00:00,37.6,37.95,37.2,37.8,8300400,unknown,vnstock_market_equity_ohlcv
KBC,2022-08-26 07:00:00,37.9,37.95,36.9,37.0,5906700,unknown,vnstock_market_equity_ohlcv
KBC,2022-08-29 07:00:00,35.9,36.05,34.5,35.6,14713900,unknown,vnstock_market_equity_ohlcv
KBC,2022-08-30 07:00:00,35.5,36.1,34.5,34.65,12872700,unknown,vnstock_market_equity_ohlcv
KBC,2022-08-31 07:00:00,34.5,34.8,33.7,34.7,7378700,unknown,vnstock_market_equity_ohlcv
KBC,2022-09-05 07:00:00,34.7,35.2,34.0,34.35,4867100,unknown,vnstock_market_equity_ohlcv
KBC,2022-09-06 07:00:00,34.3,34.7,33.9,33.9,6344900,unknown,vnstock_market_equity_ohlcv
KBC,2022-09-07 07:00:00,33.1,33.5,31.55,31.55,15529800,unknown,vnstock_market_equity_ohlcv
KBC,2022-09-08 07:00:00,31.75,32.0,30.0,30.0,8638400,unknown,vnstock_market_equity_ohlcv
KBC,2022-09-09 07:00:00,30.3,31.6,30.15,31.6,4805400,unknown,vnstock_market_equity_ohlcv
KBC,2022-09-12 07:00:00,31.85,31.85,31.0,31.25,2866000,unknown,vnstock_market_equity_ohlcv
KBC,2022-09-13 07:00:00,31.15,31.5,30.3,30.6,4957900,unknown,vnstock_market_equity_ohlcv
KBC,2022-09-14 07:00:00,30.0,30.35,29.65,30.3,6626600,unknown,vnstock_market_equity_ohlcv
KBC,2022-09-15 07:00:00,30.5,31.2,30.45,30.7,4867600,unknown,vnstock_market_equity_ohlcv
KBC,2022-09-16 07:00:00,30.7,30.75,29.7,30.0,6308400,unknown,vnstock_market_equity_ohlcv
KBC,2022-09-19 07:00:00,29.55,29.95,27.9,27.9,5896100,unknown,vnstock_market_equity_ohlcv
KBC,2022-09-20 07:00:00,28.4,29.0,27.6,29.0,3525500,unknown,vnstock_market_equity_ohlcv
KBC,2022-09-21 07:00:00,28.9,29.5,28.6,29.1,4825000,unknown,vnstock_market_equity_ohlcv
KBC,2022-09-22 07:00:00,28.9,29.75,28.8,29.7,5966700,unknown,vnstock_market_equity_ohlcv
KBC,2022-09-23 07:00:00,29.65,30.2,29.35,29.6,4141800,unknown,vnstock_market_equity_ohlcv
KBC,2022-09-26 07:00:00,29.0,29.0,27.55,27.85,5851700,unknown,vnstock_market_equity_ohlcv
KBC,2022-09-27 07:00:00,28.6,28.6,27.5,27.5,4613900,unknown,vnstock_market_equity_ohlcv
KBC,2022-09-28 07:00:00,27.1,28.2,27.1,28.0,5518300,unknown,vnstock_market_equity_ohlcv
KBC,2022-09-29 07:00:00,28.5,28.7,27.35,27.55,3326200,unknown,vnstock_market_equity_ohlcv
KBC,2022-09-30 07:00:00,27.3,29.0,25.65,29.0,8119600,unknown,vnstock_market_equity_ohlcv
KBC,2022-10-03 07:00:00,28.75,28.75,27.0,27.0,4753300,unknown,vnstock_market_equity_ohlcv
KBC,2022-10-04 07:00:00,27.4,27.5,25.4,26.0,6193600,unknown,vnstock_market_equity_ohlcv
KBC,2022-10-05 07:00:00,26.55,27.2,26.5,27.0,2871800,unknown,vnstock_market_equity_ohlcv
KBC,2022-10-06 07:00:00,27.0,27.0,25.15,25.15,3884800,unknown,vnstock_market_equity_ohlcv
KBC,2022-10-07 07:00:00,24.1,24.5,23.4,23.4,8980700,unknown,vnstock_market_equity_ohlcv
KBC,2022-10-10 07:00:00,22.4,23.6,22.0,23.35,5114200,unknown,vnstock_market_equity_ohlcv
KBC,2022-10-11 07:00:00,23.2,23.2,21.75,21.75,3048300,unknown,vnstock_market_equity_ohlcv
KBC,2022-10-12 07:00:00,20.3,23.25,20.25,23.25,12274300,unknown,vnstock_market_equity_ohlcv
KBC,2022-10-13 07:00:00,23.2,23.3,22.35,22.8,2443200,unknown,vnstock_market_equity_ohlcv
KBC,2022-10-14 07:00:00,23.2,23.5,21.95,22.65,5753000,unknown,vnstock_market_equity_ohlcv
KBC,2022-10-17 07:00:00,22.6,22.65,21.95,22.6,2306200,unknown,vnstock_market_equity_ohlcv
KBC,2022-10-18 07:00:00,23.0,23.75,22.9,23.3,6939500,unknown,vnstock_market_equity_ohlcv
KBC,2022-10-19 07:00:00,23.5,23.5,22.7,23.05,3612000,unknown,vnstock_market_equity_ohlcv
KBC,2022-10-20 07:00:00,22.8,23.7,22.7,23.05,5662900,unknown,vnstock_market_equity_ohlcv
KBC,2022-10-21 07:00:00,23.3,23.3,21.45,21.45,6351800,unknown,vnstock_market_equity_ohlcv
KBC,2022-10-24 07:00:00,21.35,21.5,19.95,19.95,4010200,unknown,vnstock_market_equity_ohlcv
KBC,2022-10-25 07:00:00,18.7,19.95,18.6,18.6,12440500,unknown,vnstock_market_equity_ohlcv
KBC,2022-10-26 07:00:00,18.3,19.0,17.3,17.3,5072200,unknown,vnstock_market_equity_ohlcv
KBC,2022-10-27 07:00:00,16.1,17.5,16.1,17.5,25744800,unknown,vnstock_market_equity_ohlcv
KBC,2022-10-28 07:00:00,17.9,18.3,17.0,17.8,7620600,unknown,vnstock_market_equity_ohlcv
KBC,2022-10-31 07:00:00,17.5,17.55,16.6,17.5,12553200,unknown,vnstock_market_equity_ohlcv
KBC,2022-11-01 07:00:00,18.1,18.1,16.9,17.45,13616600,unknown,vnstock_market_equity_ohlcv
KBC,2022-11-02 07:00:00,17.9,18.45,17.75,17.9,16108200,unknown,vnstock_market_equity_ohlcv
KBC,2022-11-03 07:00:00,17.6,18.1,17.5,17.7,6942900,unknown,vnstock_market_equity_ohlcv
KBC,2022-11-04 07:00:00,17.6,17.6,16.5,16.5,8105100,unknown,vnstock_market_equity_ohlcv
KBC,2022-11-07 07:00:00,15.35,15.8,15.35,15.35,5848100,unknown,vnstock_market_equity_ohlcv
KBC,2022-11-08 07:00:00,14.3,15.5,14.3,15.25,23376100,unknown,vnstock_market_equity_ohlcv
KBC,2022-11-09 07:00:00,15.45,15.7,14.2,14.2,11527600,unknown,vnstock_market_equity_ohlcv
KBC,2022-11-10 07:00:00,13.65,14.85,13.25,13.95,23618700,unknown,vnstock_market_equity_ohlcv
KBC,2022-11-11 07:00:00,14.65,14.7,14.0,14.6,12377700,unknown,vnstock_market_equity_ohlcv
KBC,2022-11-14 07:00:00,14.55,15.0,13.8,14.95,16136700,unknown,vnstock_market_equity_ohlcv
KBC,2022-11-15 07:00:00,14.3,15.2,13.95,15.0,18759600,unknown,vnstock_market_equity_ohlcv
KBC,2022-11-16 07:00:00,14.2,16.0,14.0,16.0,14445800,unknown,vnstock_market_equity_ohlcv
KBC,2022-11-17 07:00:00,16.0,16.4,15.5,16.05,10176700,unknown,vnstock_market_equity_ohlcv
KBC,2022-11-18 07:00:00,16.0,16.4,15.2,16.4,14433600,unknown,vnstock_market_equity_ohlcv
KBC,2022-11-21 07:00:00,16.6,17.05,16.6,16.8,7685900,unknown,vnstock_market_equity_ohlcv
KBC,2022-11-22 07:00:00,16.8,17.6,16.5,16.85,14955400,unknown,vnstock_market_equity_ohlcv
KBC,2022-11-23 07:00:00,16.85,16.95,16.05,16.7,7321800,unknown,vnstock_market_equity_ohlcv
KBC,2022-11-24 07:00:00,16.35,16.85,16.3,16.75,6127900,unknown,vnstock_market_equity_ohlcv
KBC,2022-11-25 07:00:00,17.2,17.7,17.05,17.7,7734600,unknown,vnstock_market_equity_ohlcv
KBC,2022-11-28 07:00:00,18.2,18.9,17.95,18.9,8388700,unknown,vnstock_market_equity_ohlcv
KBC,2022-11-29 07:00:00,19.5,20.2,19.05,20.2,17298000,unknown,vnstock_market_equity_ohlcv
KBC,2022-11-30 07:00:00,20.6,21.15,19.85,21.15,9519500,unknown,vnstock_market_equity_ohlcv
KBC,2022-12-01 07:00:00,21.35,21.55,19.7,20.2,15508500,unknown,vnstock_market_equity_ohlcv
KBC,2022-12-02 07:00:00,19.8,21.6,19.4,21.6,8850800,unknown,vnstock_market_equity_ohlcv
KBC,2022-12-05 07:00:00,22.35,22.35,21.6,22.05,10639100,unknown,vnstock_market_equity_ohlcv
KBC,2022-12-06 07:00:00,21.6,22.45,21.5,22.1,13899100,unknown,vnstock_market_equity_ohlcv
KBC,2022-12-07 07:00:00,21.75,22.4,21.6,22.1,5236100,unknown,vnstock_market_equity_ohlcv
KBC,2022-12-08 07:00:00,23.0,23.4,22.7,23.25,6949200,unknown,vnstock_market_equity_ohlcv
KBC,2022-12-09 07:00:00,23.25,24.2,23.05,23.75,4563100,unknown,vnstock_market_equity_ohlcv
KBC,2022-12-12 07:00:00,23.75,24.1,22.1,22.1,5210700,unknown,vnstock_market_equity_ohlcv
KBC,2022-12-13 07:00:00,22.05,22.5,21.25,22.5,5443100,unknown,vnstock_market_equity_ohlcv
KBC,2022-12-14 07:00:00,22.95,23.2,22.6,22.8,4056200,unknown,vnstock_market_equity_ohlcv
KBC,2022-12-15 07:00:00,22.75,23.1,22.4,22.8,3084100,unknown,vnstock_market_equity_ohlcv
KBC,2022-12-16 07:00:00,22.3,23.15,22.3,23.0,5121300,unknown,vnstock_market_equity_ohlcv
KBC,2022-12-19 07:00:00,23.0,23.45,22.0,22.0,4526400,unknown,vnstock_market_equity_ohlcv
KBC,2022-12-20 07:00:00,21.8,22.5,20.6,21.9,5727400,unknown,vnstock_market_equity_ohlcv
KBC,2022-12-21 07:00:00,21.9,22.25,20.4,21.5,4099000,unknown,vnstock_market_equity_ohlcv
KBC,2022-12-22 07:00:00,21.9,21.9,20.8,21.4,3311300,unknown,vnstock_market_equity_ohlcv
KBC,2022-12-23 07:00:00,21.2,21.6,21.0,21.5,2111200,unknown,vnstock_market_equity_ohlcv
KBC,2022-12-26 07:00:00,21.35,21.5,20.0,20.0,4037500,unknown,vnstock_market_equity_ohlcv
KBC,2022-12-27 07:00:00,19.95,21.4,19.8,21.4,4562600,unknown,vnstock_market_equity_ohlcv
KBC,2022-12-28 07:00:00,21.5,22.85,21.5,22.85,7659000,unknown,vnstock_market_equity_ohlcv
KBC,2022-12-29 07:00:00,23.55,24.1,23.55,23.9,7053600,unknown,vnstock_market_equity_ohlcv
KBC,2022-12-30 07:00:00,24.1,24.5,23.9,24.2,6410800,unknown,vnstock_market_equity_ohlcv
LHG,2022-05-04 07:00:00,32.36,34.73,30.48,30.48,764400,unknown,vnstock_market_equity_ohlcv
LHG,2022-05-05 07:00:00,30.89,32.14,30.33,31.66,884500,unknown,vnstock_market_equity_ohlcv
LHG,2022-05-06 07:00:00,30.7,31.51,29.48,29.48,679000,unknown,vnstock_market_equity_ohlcv
LHG,2022-05-09 07:00:00,27.56,28.08,27.45,27.45,971800,unknown,vnstock_market_equity_ohlcv
LHG,2022-05-10 07:00:00,25.53,28.82,25.53,28.82,1198000,unknown,vnstock_market_equity_ohlcv
LHG,2022-05-11 07:00:00,28.82,29.26,27.34,28.08,796300,unknown,vnstock_market_equity_ohlcv
LHG,2022-05-12 07:00:00,27.34,27.93,26.12,26.12,578500,unknown,vnstock_market_equity_ohlcv
LHG,2022-05-13 07:00:00,25.57,26.08,24.31,24.31,1174500,unknown,vnstock_market_equity_ohlcv
LHG,2022-05-16 07:00:00,24.83,25.12,22.61,22.61,998000,unknown,vnstock_market_equity_ohlcv
LHG,2022-05-17 07:00:00,22.61,24.16,21.72,23.94,430400,unknown,vnstock_market_equity_ohlcv
LHG,2022-05-18 07:00:00,24.49,24.75,23.64,24.01,255000,unknown,vnstock_market_equity_ohlcv
LHG,2022-05-19 07:00:00,23.46,24.35,22.91,24.01,548300,unknown,vnstock_market_equity_ohlcv
LHG,2022-05-20 07:00:00,24.12,24.75,22.54,24.35,907400,unknown,vnstock_market_equity_ohlcv
LHG,2022-05-23 07:00:00,24.75,25.71,24.49,25.09,420000,unknown,vnstock_market_equity_ohlcv
LHG,2022-05-24 07:00:00,25.09,25.12,23.64,25.12,350300,unknown,vnstock_market_equity_ohlcv
LHG,2022-05-25 07:00:00,25.27,26.23,24.83,25.86,534300,unknown,vnstock_market_equity_ohlcv
LHG,2022-05-26 07:00:00,25.86,26.3,25.49,25.79,464400,unknown,vnstock_market_equity_ohlcv
LHG,2022-05-27 07:00:00,25.86,26.23,25.71,25.71,416100,unknown,vnstock_market_equity_ohlcv
LHG,2022-05-30 07:00:00,25.9,26.6,25.57,26.49,632100,unknown,vnstock_market_equity_ohlcv
LHG,2022-05-31 07:00:00,26.45,26.49,25.86,26.38,560900,unknown,vnstock_market_equity_ohlcv
LHG,2022-06-01 07:00:00,26.12,26.45,25.82,25.82,471400,unknown,vnstock_market_equity_ohlcv
LHG,2022-06-02 07:00:00,25.79,26.97,25.71,26.53,961900,unknown,vnstock_market_equity_ohlcv
LHG,2022-06-03 07:00:00,26.38,26.93,26.01,26.16,354200,unknown,vnstock_market_equity_ohlcv
LHG,2022-06-06 07:00:00,26.19,27.04,25.86,26.01,532800,unknown,vnstock_market_equity_ohlcv
LHG,2022-06-07 07:00:00,26.01,26.75,25.05,26.67,777400,unknown,vnstock_market_equity_ohlcv
LHG,2022-06-08 07:00:00,27.26,28.52,26.82,28.52,479100,unknown,vnstock_market_equity_ohlcv
LHG,2022-06-09 07:00:00,29.41,30.48,28.6,29.7,715700,unknown,vnstock_market_equity_ohlcv
LHG,2022-06-10 07:00:00,29.19,30.15,27.64,27.64,837600,unknown,vnstock_market_equity_ohlcv
LHG,2022-06-13 07:00:00,26.01,26.9,25.71,25.71,714900,unknown,vnstock_market_equity_ohlcv
LHG,2022-06-14 07:00:00,24.75,26.6,24.75,26.49,470900,unknown,vnstock_market_equity_ohlcv
LHG,2022-06-15 07:00:00,26.12,27.04,26.12,27.04,638000,unknown,vnstock_market_equity_ohlcv
LHG,2022-06-16 07:00:00,27.34,27.52,26.23,26.6,460300,unknown,vnstock_market_equity_ohlcv
LHG,2022-06-17 07:00:00,26.23,26.23,25.12,25.86,329300,unknown,vnstock_market_equity_ohlcv
LHG,2022-06-20 07:00:00,25.97,26.23,24.35,24.35,358200,unknown,vnstock_market_equity_ohlcv
LHG,2022-06-21 07:00:00,24.31,25.23,23.28,24.16,528700,unknown,vnstock_market_equity_ohlcv
LHG,2022-06-22 07:00:00,24.46,25.49,24.31,24.75,205600,unknown,vnstock_market_equity_ohlcv
LHG,2022-06-23 07:00:00,25.46,25.46,24.68,25.3,108700,unknown,vnstock_market_equity_ohlcv
LHG,2022-06-24 07:00:00,25.85,25.85,24.68,24.68,176800,unknown,vnstock_market_equity_ohlcv
LHG,2022-06-27 07:00:00,24.6,26.08,24.6,25.62,246500,unknown,vnstock_market_equity_ohlcv
LHG,2022-06-28 07:00:00,25.62,26.4,25.62,26.24,157000,unknown,vnstock_market_equity_ohlcv
LHG,2022-06-29 07:00:00,26.12,26.95,25.85,26.32,184200,unknown,vnstock_market_equity_ohlcv
LHG,2022-06-30 07:00:00,26.44,26.44,25.07,25.69,182200,unknown,vnstock_market_equity_ohlcv
LHG,2022-07-01 07:00:00,25.22,25.69,24.68,25.69,239900,unknown,vnstock_market_equity_ohlcv
LHG,2022-07-04 07:00:00,26.24,26.24,25.07,25.07,178700,unknown,vnstock_market_equity_ohlcv
LHG,2022-07-05 07:00:00,24.87,25.69,24.75,24.75,163400,unknown,vnstock_market_equity_ohlcv
LHG,2022-07-06 07:00:00,23.93,24.99,23.66,23.66,170300,unknown,vnstock_market_equity_ohlcv
LHG,2022-07-07 07:00:00,23.66,24.13,23.07,23.42,162200,unknown,vnstock_market_equity_ohlcv
LHG,2022-07-08 07:00:00,23.66,24.68,23.58,24.36,119800,unknown,vnstock_market_equity_ohlcv
LHG,2022-07-11 07:00:00,24.36,24.68,23.58,23.77,146700,unknown,vnstock_market_equity_ohlcv
LHG,2022-07-12 07:00:00,23.77,25.42,23.77,25.42,163400,unknown,vnstock_market_equity_ohlcv
LHG,2022-07-13 07:00:00,26.56,26.56,25.5,25.97,261800,unknown,vnstock_market_equity_ohlcv
LHG,2022-07-14 07:00:00,25.85,27.02,25.3,27.02,267600,unknown,vnstock_market_equity_ohlcv
LHG,2022-07-15 07:00:00,27.02,27.26,26.4,26.63,282200,unknown,vnstock_market_equity_ohlcv
LHG,2022-07-18 07:00:00,26.87,27.18,26.52,26.56,277400,unknown,vnstock_market_equity_ohlcv
LHG,2022-07-19 07:00:00,26.56,27.42,26.24,27.1,249000,unknown,vnstock_market_equity_ohlcv
LHG,2022-07-20 07:00:00,28.16,28.2,27.34,27.77,297100,unknown,vnstock_market_equity_ohlcv
LHG,2022-07-21 07:00:00,27.57,27.81,27.42,27.5,191800,unknown,vnstock_market_equity_ohlcv
LHG,2022-07-22 07:00:00,27.5,28.08,27.3,27.5,202200,unknown,vnstock_market_equity_ohlcv
LHG,2022-07-25 07:00:00,27.53,28.4,27.34,28.08,235400,unknown,vnstock_market_equity_ohlcv
LHG,2022-07-26 07:00:00,27.85,28.2,27.5,27.5,154700,unknown,vnstock_market_equity_ohlcv
LHG,2022-07-27 07:00:00,27.26,28.16,26.95,27.5,179900,unknown,vnstock_market_equity_ohlcv
LHG,2022-07-28 07:00:00,28.12,29.14,27.81,28.67,434700,unknown,vnstock_market_equity_ohlcv
LHG,2022-07-29 07:00:00,28.67,28.98,28.51,28.59,159800,unknown,vnstock_market_equity_ohlcv
LHG,2022-08-01 07:00:00,28.2,28.98,28.2,28.83,482200,unknown,vnstock_market_equity_ohlcv
LHG,2022-08-02 07:00:00,28.63,28.98,28.2,28.63,321900,unknown,vnstock_market_equity_ohlcv
LHG,2022-08-03 07:00:00,28.24,29.45,28.24,28.98,677300,unknown,vnstock_market_equity_ohlcv
LHG,2022-08-04 07:00:00,29.22,29.22,27.96,28.04,795200,unknown,vnstock_market_equity_ohlcv
LHG,2022-08-05 07:00:00,27.93,28.24,27.77,27.89,395800,unknown,vnstock_market_equity_ohlcv
LHG,2022-08-08 07:00:00,27.89,28.28,27.02,27.1,780700,unknown,vnstock_market_equity_ohlcv
LHG,2022-08-09 07:00:00,27.26,27.57,26.32,27.26,1325400,unknown,vnstock_market_equity_ohlcv
LHG,2022-08-10 07:00:00,27.5,28.98,27.42,28.79,915200,unknown,vnstock_market_equity_ohlcv
LHG,2022-08-11 07:00:00,28.98,29.14,27.89,28.36,538600,unknown,vnstock_market_equity_ohlcv
LHG,2022-08-12 07:00:00,28.0,30.32,27.89,30.32,2074700,unknown,vnstock_market_equity_ohlcv
LHG,2022-08-15 07:00:00,31.33,31.33,30.55,30.71,619900,unknown,vnstock_market_equity_ohlcv
LHG,2022-08-16 07:00:00,30.71,31.41,30.47,30.9,422700,unknown,vnstock_market_equity_ohlcv
LHG,2022-08-17 07:00:00,30.82,31.49,30.35,30.67,856200,unknown,vnstock_market_equity_ohlcv
LHG,2022-08-18 07:00:00,30.24,30.67,29.84,30.08,610900,unknown,vnstock_market_equity_ohlcv
LHG,2022-08-19 07:00:00,30.08,30.71,29.53,29.69,559200,unknown,vnstock_market_equity_ohlcv
LHG,2022-08-22 07:00:00,29.41,30.51,28.98,30.39,801400,unknown,vnstock_market_equity_ohlcv
LHG,2022-08-23 07:00:00,30.51,32.04,30.08,31.96,1072700,unknown,vnstock_market_equity_ohlcv
LHG,2022-08-24 07:00:00,31.96,32.66,31.57,32.51,689200,unknown,vnstock_market_equity_ohlcv
LHG,2022-08-25 07:00:00,32.27,32.47,31.53,31.68,753200,unknown,vnstock_market_equity_ohlcv
LHG,2022-08-26 07:00:00,31.65,32.39,31.33,31.57,699900,unknown,vnstock_market_equity_ohlcv
LHG,2022-08-29 07:00:00,30.47,31.14,29.38,30.55,944300,unknown,vnstock_market_equity_ohlcv
LHG,2022-08-30 07:00:00,30.94,31.72,30.47,30.86,443100,unknown,vnstock_market_equity_ohlcv
LHG,2022-08-31 07:00:00,30.86,31.65,30.24,31.65,451700,unknown,vnstock_market_equity_ohlcv
LHG,2022-09-05 07:00:00,31.26,31.72,31.02,31.18,269400,unknown,vnstock_market_equity_ohlcv
LHG,2022-09-06 07:00:00,31.18,31.33,30.2,30.51,676900,unknown,vnstock_market_equity_ohlcv
LHG,2022-09-07 07:00:00,30.35,30.35,28.44,28.98,1144500,unknown,vnstock_market_equity_ohlcv
LHG,2022-09-08 07:00:00,29.22,29.3,28.04,28.04,525900,unknown,vnstock_market_equity_ohlcv
LHG,2022-09-09 07:00:00,27.65,28.36,26.48,27.89,1374700,unknown,vnstock_market_equity_ohlcv
LHG,2022-09-12 07:00:00,27.93,27.93,26.79,27.46,686500,unknown,vnstock_market_equity_ohlcv
LHG,2022-09-13 07:00:00,27.34,28.44,27.34,28.04,597800,unknown,vnstock_market_equity_ohlcv
LHG,2022-09-14 07:00:00,27.38,27.96,27.34,27.69,304000,unknown,vnstock_market_equity_ohlcv
LHG,2022-09-15 07:00:00,28.16,28.67,27.02,27.81,510700,unknown,vnstock_market_equity_ohlcv
LHG,2022-09-16 07:00:00,27.96,27.96,26.67,26.79,547000,unknown,vnstock_market_equity_ohlcv
LHG,2022-09-19 07:00:00,26.44,26.63,24.95,24.95,690200,unknown,vnstock_market_equity_ohlcv
LHG,2022-09-20 07:00:00,24.95,25.22,24.09,24.99,387500,unknown,vnstock_market_equity_ohlcv
LHG,2022-09-21 07:00:00,24.28,25.46,24.28,25.46,187600,unknown,vnstock_market_equity_ohlcv
LHG,2022-09-22 07:00:00,24.99,25.07,24.56,25.07,301700,unknown,vnstock_market_equity_ohlcv
LHG,2022-09-23 07:00:00,25.07,25.42,24.64,25.42,274400,unknown,vnstock_market_equity_ohlcv
LHG,2022-09-26 07:00:00,25.07,25.07,23.66,24.28,494400,unknown,vnstock_market_equity_ohlcv
LHG,2022-09-27 07:00:00,24.28,24.28,23.15,23.15,604800,unknown,vnstock_market_equity_ohlcv
LHG,2022-09-28 07:00:00,22.56,23.11,21.74,21.86,757800,unknown,vnstock_market_equity_ohlcv
LHG,2022-09-29 07:00:00,22.4,22.4,20.37,20.44,772000,unknown,vnstock_market_equity_ohlcv
LHG,2022-09-30 07:00:00,19.66,20.21,19.04,19.66,759300,unknown,vnstock_market_equity_ohlcv
LHG,2022-10-03 07:00:00,19.58,19.98,18.29,18.37,458500,unknown,vnstock_market_equity_ohlcv
LHG,2022-10-04 07:00:00,18.41,18.8,17.7,17.7,489800,unknown,vnstock_market_equity_ohlcv
LHG,2022-10-05 07:00:00,18.1,18.92,17.9,18.92,291500,unknown,vnstock_market_equity_ohlcv
LHG,2022-10-06 07:00:00,19.35,19.35,17.66,17.66,309200,unknown,vnstock_market_equity_ohlcv
LHG,2022-10-07 07:00:00,17.04,17.62,16.45,16.45,619400,unknown,vnstock_market_equity_ohlcv
LHG,2022-10-10 07:00:00,15.47,17.19,15.47,17.16,226000,unknown,vnstock_market_equity_ohlcv
LHG,2022-10-11 07:00:00,17.23,17.31,15.98,15.98,532100,unknown,vnstock_market_equity_ohlcv
LHG,2022-10-12 07:00:00,15.74,16.96,15.74,16.65,195600,unknown,vnstock_market_equity_ohlcv
LHG,2022-10-13 07:00:00,17.23,17.23,16.53,16.72,208200,unknown,vnstock_market_equity_ohlcv
LHG,2022-10-14 07:00:00,17.08,17.39,16.84,17.16,213500,unknown,vnstock_market_equity_ohlcv
LHG,2022-10-17 07:00:00,17.04,17.31,16.45,17.0,302100,unknown,vnstock_market_equity_ohlcv
LHG,2022-10-18 07:00:00,16.88,17.04,16.22,16.22,938500,unknown,vnstock_market_equity_ohlcv
LHG,2022-10-19 07:00:00,16.06,16.06,15.12,15.12,908600,unknown,vnstock_market_equity_ohlcv
LHG,2022-10-20 07:00:00,14.45,15.55,14.41,15.2,450000,unknown,vnstock_market_equity_ohlcv
LHG,2022-10-21 07:00:00,15.2,15.2,14.14,14.14,729000,unknown,vnstock_market_equity_ohlcv
LHG,2022-10-24 07:00:00,14.06,14.06,13.16,13.16,391700,unknown,vnstock_market_equity_ohlcv
LHG,2022-10-25 07:00:00,12.26,14.06,12.26,14.06,581700,unknown,vnstock_market_equity_ohlcv
LHG,2022-10-26 07:00:00,13.94,14.49,13.32,14.37,159000,unknown,vnstock_market_equity_ohlcv
LHG,2022-10-27 07:00:00,13.4,15.35,13.4,15.35,242000,unknown,vnstock_market_equity_ohlcv
LHG,2022-10-28 07:00:00,15.16,15.78,15.08,15.2,159600,unknown,vnstock_market_equity_ohlcv
LHG,2022-10-31 07:00:00,14.88,15.43,14.77,15.28,234000,unknown,vnstock_market_equity_ohlcv
LHG,2022-11-01 07:00:00,15.24,15.43,14.8,14.96,234900,unknown,vnstock_market_equity_ohlcv
LHG,2022-11-02 07:00:00,14.88,14.96,14.49,14.73,160900,unknown,vnstock_market_equity_ohlcv
LHG,2022-11-03 07:00:00,14.57,14.88,14.41,14.49,86600,unknown,vnstock_market_equity_ohlcv
LHG,2022-11-04 07:00:00,14.1,14.26,13.51,14.1,104500,unknown,vnstock_market_equity_ohlcv
LHG,2022-11-07 07:00:00,14.1,14.1,13.12,13.32,384900,unknown,vnstock_market_equity_ohlcv
LHG,2022-11-08 07:00:00,14.1,14.18,13.04,13.71,159900,unknown,vnstock_market_equity_ohlcv
LHG,2022-11-09 07:00:00,14.41,14.49,13.71,13.94,212200,unknown,vnstock_market_equity_ohlcv
LHG,2022-11-10 07:00:00,13.32,13.32,13.0,13.0,669200,unknown,vnstock_market_equity_ohlcv
LHG,2022-11-11 07:00:00,13.47,13.59,12.69,12.77,163700,unknown,vnstock_market_equity_ohlcv
LHG,2022-11-14 07:00:00,12.46,12.46,11.91,12.14,182900,unknown,vnstock_market_equity_ohlcv
LHG,2022-11-15 07:00:00,11.44,11.59,11.32,11.44,370400,unknown,vnstock_market_equity_ohlcv
LHG,2022-11-16 07:00:00,11.75,12.22,11.75,12.22,102600,unknown,vnstock_market_equity_ohlcv
LHG,2022-11-17 07:00:00,12.69,13.04,12.69,13.04,42000,unknown,vnstock_market_equity_ohlcv
LHG,2022-11-18 07:00:00,13.32,13.94,13.08,13.94,202200,unknown,vnstock_market_equity_ohlcv
LHG,2022-11-21 07:00:00,14.57,14.65,14.34,14.65,149900,unknown,vnstock_market_equity_ohlcv
LHG,2022-11-22 07:00:00,14.8,15.67,14.8,14.88,387200,unknown,vnstock_market_equity_ohlcv
LHG,2022-11-23 07:00:00,14.96,15.16,14.53,14.8,142100,unknown,vnstock_market_equity_ohlcv
LHG,2022-11-24 07:00:00,14.8,15.35,14.49,14.8,221500,unknown,vnstock_market_equity_ohlcv
LHG,2022-11-25 07:00:00,14.8,15.12,14.77,15.12,105200,unknown,vnstock_market_equity_ohlcv
LHG,2022-11-28 07:00:00,15.51,16.18,15.51,16.18,256500,unknown,vnstock_market_equity_ohlcv
LHG,2022-11-29 07:00:00,16.18,16.22,15.67,15.86,141400,unknown,vnstock_market_equity_ohlcv
LHG,2022-11-30 07:00:00,15.86,16.61,15.86,16.37,127300,unknown,vnstock_market_equity_ohlcv
LHG,2022-12-01 07:00:00,16.68,17.23,16.45,16.76,320300,unknown,vnstock_market_equity_ohlcv
LHG,2022-12-02 07:00:00,16.84,17.16,16.06,16.88,128900,unknown,vnstock_market_equity_ohlcv
LHG,2022-12-05 07:00:00,17.08,17.7,16.92,17.39,215800,unknown,vnstock_market_equity_ohlcv
LHG,2022-12-06 07:00:00,17.31,17.31,16.25,16.25,230600,unknown,vnstock_market_equity_ohlcv
LHG,2022-12-07 07:00:00,15.28,16.29,15.12,16.06,189800,unknown,vnstock_market_equity_ohlcv
LHG,2022-12-08 07:00:00,15.67,17.12,15.67,16.76,104100,unknown,vnstock_market_equity_ohlcv
LHG,2022-12-09 07:00:00,16.68,17.0,16.57,16.88,65400,unknown,vnstock_market_equity_ohlcv
LHG,2022-12-12 07:00:00,16.8,17.23,16.45,16.45,83200,unknown,vnstock_market_equity_ohlcv
LHG,2022-12-13 07:00:00,16.45,16.61,16.06,16.45,54800,unknown,vnstock_market_equity_ohlcv
LHG,2022-12-14 07:00:00,16.53,17.08,16.53,16.76,145200,unknown,vnstock_market_equity_ohlcv
LHG,2022-12-15 07:00:00,16.76,16.88,16.72,16.72,56400,unknown,vnstock_market_equity_ohlcv
LHG,2022-12-16 07:00:00,16.68,16.8,16.53,16.8,115500,unknown,vnstock_market_equity_ohlcv
LHG,2022-12-19 07:00:00,17.08,17.47,16.88,17.08,118400,unknown,vnstock_market_equity_ohlcv
LHG,2022-12-20 07:00:00,16.49,16.65,15.98,16.45,178300,unknown,vnstock_market_equity_ohlcv
LHG,2022-12-21 07:00:00,16.53,17.08,16.14,16.53,202700,unknown,vnstock_market_equity_ohlcv
LHG,2022-12-22 07:00:00,16.8,16.8,16.06,16.61,29500,unknown,vnstock_market_equity_ohlcv
LHG,2022-12-23 07:00:00,16.49,16.76,16.45,16.72,68800,unknown,vnstock_market_equity_ohlcv
LHG,2022-12-26 07:00:00,16.22,16.84,16.18,16.41,99600,unknown,vnstock_market_equity_ohlcv
LHG,2022-12-27 07:00:00,16.14,16.41,15.86,16.41,68200,unknown,vnstock_market_equity_ohlcv
LHG,2022-12-28 07:00:00,16.37,16.84,16.22,16.76,47400,unknown,vnstock_market_equity_ohlcv
LHG,2022-12-29 07:00:00,16.8,17.0,16.61,16.68,57600,unknown,vnstock_market_equity_ohlcv
LHG,2022-12-30 07:00:00,16.84,16.84,16.65,16.72,77000,unknown,vnstock_market_equity_ohlcv
LPB,2022-05-04 07:00:00,8.53,8.71,8.38,8.53,7518700,unknown,vnstock_market_equity_ohlcv
LPB,2022-05-05 07:00:00,8.63,8.71,8.23,8.35,4181000,unknown,vnstock_market_equity_ohlcv
LPB,2022-05-06 07:00:00,8.18,8.28,7.97,7.97,6451800,unknown,vnstock_market_equity_ohlcv
LPB,2022-05-09 07:00:00,7.92,7.97,7.44,7.44,9804700,unknown,vnstock_market_equity_ohlcv
LPB,2022-05-10 07:00:00,6.98,7.62,6.98,7.57,4428600,unknown,vnstock_market_equity_ohlcv
LPB,2022-05-11 07:00:00,7.62,7.67,7.41,7.57,3412400,unknown,vnstock_market_equity_ohlcv
LPB,2022-05-12 07:00:00,7.41,7.57,7.06,7.06,5456900,unknown,vnstock_market_equity_ohlcv
LPB,2022-05-13 07:00:00,7.06,7.11,6.58,6.58,11020700,unknown,vnstock_market_equity_ohlcv
LPB,2022-05-16 07:00:00,7.03,7.03,6.65,6.65,4510500,unknown,vnstock_market_equity_ohlcv
LPB,2022-05-17 07:00:00,6.7,7.11,6.65,7.11,4745800,unknown,vnstock_market_equity_ohlcv
LPB,2022-05-18 07:00:00,7.26,7.59,7.16,7.52,7999600,unknown,vnstock_market_equity_ohlcv
LPB,2022-05-19 07:00:00,7.24,7.72,7.24,7.39,5344400,unknown,vnstock_market_equity_ohlcv
LPB,2022-05-20 07:00:00,7.52,7.54,7.34,7.41,3227100,unknown,vnstock_market_equity_ohlcv
LPB,2022-05-23 07:00:00,7.54,7.57,7.26,7.31,4162100,unknown,vnstock_market_equity_ohlcv
LPB,2022-05-24 07:00:00,7.31,7.41,7.06,7.41,3754100,unknown,vnstock_market_equity_ohlcv
LPB,2022-05-25 07:00:00,7.49,7.74,7.41,7.72,4975500,unknown,vnstock_market_equity_ohlcv
LPB,2022-05-26 07:00:00,7.82,7.87,7.64,7.72,3913200,unknown,vnstock_market_equity_ohlcv
LPB,2022-05-27 07:00:00,7.72,7.77,7.62,7.64,5036700,unknown,vnstock_market_equity_ohlcv
LPB,2022-05-30 07:00:00,7.67,7.87,7.64,7.77,4091800,unknown,vnstock_market_equity_ohlcv
LPB,2022-05-31 07:00:00,7.72,7.74,7.57,7.62,5467700,unknown,vnstock_market_equity_ohlcv
LPB,2022-06-01 07:00:00,7.62,7.72,7.54,7.59,4752700,unknown,vnstock_market_equity_ohlcv
LPB,2022-06-02 07:00:00,7.59,7.72,7.41,7.41,4977500,unknown,vnstock_market_equity_ohlcv
LPB,2022-06-03 07:00:00,7.41,7.46,7.24,7.31,2777200,unknown,vnstock_market_equity_ohlcv
LPB,2022-06-06 07:00:00,7.36,7.52,7.24,7.31,4142800,unknown,vnstock_market_equity_ohlcv
LPB,2022-06-07 07:00:00,7.26,7.34,7.06,7.21,2825000,unknown,vnstock_market_equity_ohlcv
LPB,2022-06-08 07:00:00,7.24,7.69,7.24,7.69,5601400,unknown,vnstock_market_equity_ohlcv
LPB,2022-06-09 07:00:00,7.72,7.77,7.64,7.74,4636400,unknown,vnstock_market_equity_ohlcv
LPB,2022-06-10 07:00:00,7.67,7.8,7.57,7.57,4137900,unknown,vnstock_market_equity_ohlcv
LPB,2022-06-13 07:00:00,7.36,7.36,7.06,7.06,5766300,unknown,vnstock_market_equity_ohlcv
LPB,2022-06-14 07:00:00,6.86,7.13,6.6,6.68,13205300,unknown,vnstock_market_equity_ohlcv
LPB,2022-06-15 07:00:00,6.86,6.86,6.27,6.3,12792200,unknown,vnstock_market_equity_ohlcv
LPB,2022-06-16 07:00:00,6.45,6.45,5.89,6.4,13563100,unknown,vnstock_market_equity_ohlcv
LPB,2022-06-17 07:00:00,6.09,6.25,5.97,6.09,8831400,unknown,vnstock_market_equity_ohlcv
LPB,2022-06-20 07:00:00,6.09,6.25,5.99,5.99,4711900,unknown,vnstock_market_equity_ohlcv
LPB,2022-06-21 07:00:00,6.04,6.27,5.89,6.04,4890300,unknown,vnstock_market_equity_ohlcv
LPB,2022-06-22 07:00:00,6.25,6.45,6.14,6.45,6676400,unknown,vnstock_market_equity_ohlcv
LPB,2022-06-23 07:00:00,6.5,6.86,6.35,6.86,7136500,unknown,vnstock_market_equity_ohlcv
LPB,2022-06-24 07:00:00,6.83,6.88,6.7,6.7,4427300,unknown,vnstock_market_equity_ohlcv
LPB,2022-06-27 07:00:00,6.7,6.86,6.35,6.4,12848700,unknown,vnstock_market_equity_ohlcv
LPB,2022-06-28 07:00:00,6.47,6.83,6.04,6.8,18949400,unknown,vnstock_market_equity_ohlcv
LPB,2022-06-29 07:00:00,6.7,7.08,6.7,6.86,5963300,unknown,vnstock_market_equity_ohlcv
LPB,2022-06-30 07:00:00,6.86,6.91,6.63,6.63,6673600,unknown,vnstock_market_equity_ohlcv
LPB,2022-07-01 07:00:00,6.55,6.78,6.27,6.63,11487600,unknown,vnstock_market_equity_ohlcv
LPB,2022-07-04 07:00:00,6.73,6.91,6.68,6.91,9278300,unknown,vnstock_market_equity_ohlcv
LPB,2022-07-05 07:00:00,6.93,7.16,6.88,6.91,10476500,unknown,vnstock_market_equity_ohlcv
LPB,2022-07-06 07:00:00,6.73,6.93,6.6,6.63,6938600,unknown,vnstock_market_equity_ohlcv
LPB,2022-07-07 07:00:00,6.58,6.8,6.55,6.68,3853000,unknown,vnstock_market_equity_ohlcv
LPB,2022-07-08 07:00:00,6.75,6.88,6.68,6.73,5704500,unknown,vnstock_market_equity_ohlcv
LPB,2022-07-11 07:00:00,6.7,6.75,6.55,6.6,4912700,unknown,vnstock_market_equity_ohlcv
LPB,2022-07-12 07:00:00,6.6,6.8,6.58,6.8,3665000,unknown,vnstock_market_equity_ohlcv
LPB,2022-07-13 07:00:00,6.8,7.16,6.8,7.03,10205200,unknown,vnstock_market_equity_ohlcv
LPB,2022-07-14 07:00:00,6.91,7.18,6.91,7.08,6453300,unknown,vnstock_market_equity_ohlcv
LPB,2022-07-15 07:00:00,7.11,7.26,7.08,7.11,6349100,unknown,vnstock_market_equity_ohlcv
LPB,2022-07-18 07:00:00,7.16,7.29,7.08,7.16,6399900,unknown,vnstock_market_equity_ohlcv
LPB,2022-07-19 07:00:00,7.11,7.16,6.93,7.06,4784800,unknown,vnstock_market_equity_ohlcv
LPB,2022-07-20 07:00:00,7.13,7.21,7.11,7.18,4711100,unknown,vnstock_market_equity_ohlcv
LPB,2022-07-21 07:00:00,7.26,7.57,7.24,7.44,12029100,unknown,vnstock_market_equity_ohlcv
LPB,2022-07-22 07:00:00,7.57,7.64,7.31,7.31,11043100,unknown,vnstock_market_equity_ohlcv
LPB,2022-07-25 07:00:00,7.31,7.44,7.26,7.41,5452800,unknown,vnstock_market_equity_ohlcv
LPB,2022-07-26 07:00:00,7.41,7.52,7.31,7.46,6284400,unknown,vnstock_market_equity_ohlcv
LPB,2022-07-27 07:00:00,7.41,7.77,7.39,7.77,13683400,unknown,vnstock_market_equity_ohlcv
LPB,2022-07-28 07:00:00,7.97,8.05,7.8,7.92,12271600,unknown,vnstock_market_equity_ohlcv
LPB,2022-07-29 07:00:00,7.97,7.97,7.69,7.72,6330700,unknown,vnstock_market_equity_ohlcv
LPB,2022-08-01 07:00:00,7.84,8.07,7.72,8.0,8339600,unknown,vnstock_market_equity_ohlcv
LPB,2022-08-02 07:00:00,8.02,8.12,7.92,8.07,8253100,unknown,vnstock_market_equity_ohlcv
LPB,2022-08-03 07:00:00,8.02,8.12,7.92,8.12,6583900,unknown,vnstock_market_equity_ohlcv
LPB,2022-08-04 07:00:00,8.12,8.23,8.05,8.15,6406800,unknown,vnstock_market_equity_ohlcv
LPB,2022-08-05 07:00:00,8.18,8.18,8.0,8.18,5021500,unknown,vnstock_market_equity_ohlcv
LPB,2022-08-08 07:00:00,8.2,8.2,8.07,8.1,4608000,unknown,vnstock_market_equity_ohlcv
LPB,2022-08-09 07:00:00,8.12,8.15,7.84,7.9,8597800,unknown,vnstock_market_equity_ohlcv
LPB,2022-08-10 07:00:00,7.9,7.97,7.8,7.8,4916000,unknown,vnstock_market_equity_ohlcv
LPB,2022-08-11 07:00:00,7.9,8.0,7.72,7.8,5153700,unknown,vnstock_market_equity_ohlcv
LPB,2022-08-12 07:00:00,7.8,7.95,7.77,7.92,3455900,unknown,vnstock_market_equity_ohlcv
LPB,2022-08-15 07:00:00,7.97,8.3,7.97,8.2,9557400,unknown,vnstock_market_equity_ohlcv
LPB,2022-08-16 07:00:00,8.2,8.23,8.1,8.15,3208800,unknown,vnstock_market_equity_ohlcv
LPB,2022-08-17 07:00:00,8.1,8.18,8.05,8.05,4075700,unknown,vnstock_market_equity_ohlcv
LPB,2022-08-18 07:00:00,8.02,8.07,7.92,7.95,4386400,unknown,vnstock_market_equity_ohlcv
LPB,2022-08-19 07:00:00,7.97,8.02,7.87,7.9,3367700,unknown,vnstock_market_equity_ohlcv
LPB,2022-08-22 07:00:00,7.87,7.95,7.77,7.87,3173300,unknown,vnstock_market_equity_ohlcv
LPB,2022-08-23 07:00:00,7.82,8.02,7.82,8.02,3989700,unknown,vnstock_market_equity_ohlcv
LPB,2022-08-24 07:00:00,8.02,8.07,7.97,8.0,3332700,unknown,vnstock_market_equity_ohlcv
LPB,2022-08-25 07:00:00,8.07,8.18,8.02,8.1,6804900,unknown,vnstock_market_equity_ohlcv
LPB,2022-08-26 07:00:00,8.18,8.18,8.0,8.02,4268100,unknown,vnstock_market_equity_ohlcv
LPB,2022-08-29 07:00:00,7.87,7.92,7.67,7.87,4576300,unknown,vnstock_market_equity_ohlcv
LPB,2022-08-30 07:00:00,7.97,8.07,7.87,8.0,4242100,unknown,vnstock_market_equity_ohlcv
LPB,2022-08-31 07:00:00,8.0,8.02,7.9,8.02,2707500,unknown,vnstock_market_equity_ohlcv
LPB,2022-09-05 07:00:00,8.0,8.12,7.92,8.0,3499100,unknown,vnstock_market_equity_ohlcv
LPB,2022-09-06 07:00:00,7.97,8.15,7.95,8.07,4900600,unknown,vnstock_market_equity_ohlcv
LPB,2022-09-07 07:00:00,8.07,8.12,7.9,7.9,5347300,unknown,vnstock_market_equity_ohlcv
LPB,2022-09-08 07:00:00,7.92,7.95,7.41,7.46,5839600,unknown,vnstock_market_equity_ohlcv
LPB,2022-09-09 07:00:00,7.54,7.57,7.18,7.46,5568800,unknown,vnstock_market_equity_ohlcv
LPB,2022-09-12 07:00:00,7.57,7.57,7.49,7.52,1759200,unknown,vnstock_market_equity_ohlcv
LPB,2022-09-13 07:00:00,7.52,7.59,7.44,7.57,1550300,unknown,vnstock_market_equity_ohlcv
LPB,2022-09-14 07:00:00,7.34,7.62,7.34,7.57,2648500,unknown,vnstock_market_equity_ohlcv
LPB,2022-09-15 07:00:00,7.59,7.62,7.49,7.52,1248300,unknown,vnstock_market_equity_ohlcv
LPB,2022-09-16 07:00:00,7.49,7.52,7.21,7.21,3046800,unknown,vnstock_market_equity_ohlcv
LPB,2022-09-19 07:00:00,7.21,7.26,6.93,6.93,2755700,unknown,vnstock_market_equity_ohlcv
LPB,2022-09-20 07:00:00,7.03,7.18,6.91,7.16,2627300,unknown,vnstock_market_equity_ohlcv
LPB,2022-09-21 07:00:00,7.16,7.18,7.06,7.11,1222800,unknown,vnstock_market_equity_ohlcv
LPB,2022-09-22 07:00:00,7.06,7.18,6.98,7.13,2030800,unknown,vnstock_market_equity_ohlcv
LPB,2022-09-23 07:00:00,7.16,7.21,7.01,7.01,1901700,unknown,vnstock_market_equity_ohlcv
LPB,2022-09-26 07:00:00,6.6,6.91,6.6,6.68,3117800,unknown,vnstock_market_equity_ohlcv
LPB,2022-09-27 07:00:00,6.7,6.83,6.65,6.8,1617400,unknown,vnstock_market_equity_ohlcv
LPB,2022-09-28 07:00:00,6.7,6.83,6.6,6.6,1673500,unknown,vnstock_market_equity_ohlcv
LPB,2022-09-29 07:00:00,6.75,6.78,6.55,6.55,2636600,unknown,vnstock_market_equity_ohlcv
LPB,2022-09-30 07:00:00,6.5,6.6,6.17,6.55,5090100,unknown,vnstock_market_equity_ohlcv
LPB,2022-10-03 07:00:00,6.52,6.7,6.09,6.12,4576600,unknown,vnstock_market_equity_ohlcv
LPB,2022-10-04 07:00:00,6.27,6.4,5.94,5.94,6107200,unknown,vnstock_market_equity_ohlcv
LPB,2022-10-05 07:00:00,6.09,6.17,5.97,6.09,4941900,unknown,vnstock_market_equity_ohlcv
LPB,2022-10-06 07:00:00,6.12,6.12,5.69,5.69,4695500,unknown,vnstock_market_equity_ohlcv
LPB,2022-10-07 07:00:00,5.59,5.59,5.31,5.31,12457300,unknown,vnstock_market_equity_ohlcv
LPB,2022-10-10 07:00:00,4.94,5.28,4.94,5.15,15292300,unknown,vnstock_market_equity_ohlcv
LPB,2022-10-11 07:00:00,5.08,5.13,4.79,4.79,9726000,unknown,vnstock_market_equity_ohlcv
LPB,2022-10-12 07:00:00,4.79,5.13,4.77,5.13,8597100,unknown,vnstock_market_equity_ohlcv
LPB,2022-10-13 07:00:00,5.18,5.26,5.08,5.18,6626200,unknown,vnstock_market_equity_ohlcv
LPB,2022-10-14 07:00:00,5.43,5.54,5.31,5.48,10345600,unknown,vnstock_market_equity_ohlcv
LPB,2022-10-17 07:00:00,5.43,5.64,5.38,5.59,7488500,unknown,vnstock_market_equity_ohlcv
LPB,2022-10-18 07:00:00,5.71,5.79,5.56,5.59,7601300,unknown,vnstock_market_equity_ohlcv
LPB,2022-10-19 07:00:00,5.64,5.69,5.48,5.54,7024500,unknown,vnstock_market_equity_ohlcv
LPB,2022-10-20 07:00:00,5.54,5.56,5.38,5.46,5524400,unknown,vnstock_market_equity_ohlcv
LPB,2022-10-21 07:00:00,5.54,5.54,5.08,5.1,10964000,unknown,vnstock_market_equity_ohlcv
LPB,2022-10-24 07:00:00,5.13,5.23,4.75,4.75,11520500,unknown,vnstock_market_equity_ohlcv
LPB,2022-10-25 07:00:00,4.77,5.08,4.62,5.08,15065600,unknown,vnstock_market_equity_ohlcv
LPB,2022-10-26 07:00:00,5.18,5.31,5.1,5.26,9289600,unknown,vnstock_market_equity_ohlcv
LPB,2022-10-27 07:00:00,5.31,5.61,5.31,5.61,13895900,unknown,vnstock_market_equity_ohlcv
LPB,2022-10-28 07:00:00,5.76,5.89,5.66,5.74,14674500,unknown,vnstock_market_equity_ohlcv
LPB,2022-10-31 07:00:00,5.74,5.97,5.66,5.97,15043200,unknown,vnstock_market_equity_ohlcv
LPB,2022-11-01 07:00:00,6.09,6.22,5.99,6.09,9141900,unknown,vnstock_market_equity_ohlcv
LPB,2022-11-02 07:00:00,6.04,6.14,5.86,5.89,10188100,unknown,vnstock_market_equity_ohlcv
LPB,2022-11-03 07:00:00,5.74,6.02,5.74,5.94,9681400,unknown,vnstock_market_equity_ohlcv
LPB,2022-11-04 07:00:00,5.89,5.99,5.56,5.79,17050100,unknown,vnstock_market_equity_ohlcv
LPB,2022-11-07 07:00:00,5.74,5.89,5.41,5.41,10423000,unknown,vnstock_market_equity_ohlcv
LPB,2022-11-08 07:00:00,5.38,5.76,5.28,5.74,10231200,unknown,vnstock_market_equity_ohlcv
LPB,2022-11-09 07:00:00,5.81,6.02,5.74,5.79,8156300,unknown,vnstock_market_equity_ohlcv
LPB,2022-11-10 07:00:00,5.66,5.79,5.41,5.41,14743400,unknown,vnstock_market_equity_ohlcv
LPB,2022-11-11 07:00:00,5.59,5.69,5.41,5.43,9660700,unknown,vnstock_market_equity_ohlcv
LPB,2022-11-14 07:00:00,5.28,5.38,5.06,5.23,12370800,unknown,vnstock_market_equity_ohlcv
LPB,2022-11-15 07:00:00,5.18,5.18,4.86,4.86,15689600,unknown,vnstock_market_equity_ohlcv
LPB,2022-11-16 07:00:00,4.55,5.2,4.52,5.2,20073200,unknown,vnstock_market_equity_ohlcv
LPB,2022-11-17 07:00:00,5.52,5.57,5.43,5.57,7471900,unknown,vnstock_market_equity_ohlcv
LPB,2022-11-18 07:00:00,5.64,5.87,5.36,5.84,10384000,unknown,vnstock_market_equity_ohlcv
LPB,2022-11-21 07:00:00,5.84,5.93,5.68,5.7,7818400,unknown,vnstock_market_equity_ohlcv
LPB,2022-11-22 07:00:00,5.67,6.08,5.64,5.82,13606700,unknown,vnstock_market_equity_ohlcv
LPB,2022-11-23 07:00:00,5.84,5.99,5.74,5.74,9124800,unknown,vnstock_market_equity_ohlcv
LPB,2022-11-24 07:00:00,5.81,5.87,5.58,5.84,8952400,unknown,vnstock_market_equity_ohlcv
LPB,2022-11-25 07:00:00,5.99,6.22,5.87,6.22,16497200,unknown,vnstock_market_equity_ohlcv
LPB,2022-11-28 07:00:00,6.43,6.63,6.34,6.63,14405500,unknown,vnstock_market_equity_ohlcv
LPB,2022-11-29 07:00:00,6.66,6.75,6.37,6.69,19154000,unknown,vnstock_market_equity_ohlcv
LPB,2022-11-30 07:00:00,6.69,6.86,6.54,6.69,13386800,unknown,vnstock_market_equity_ohlcv
LPB,2022-12-01 07:00:00,6.8,7.13,6.6,6.66,22054500,unknown,vnstock_market_equity_ohlcv
LPB,2022-12-02 07:00:00,6.66,7.1,6.51,7.1,24433600,unknown,vnstock_market_equity_ohlcv
LPB,2022-12-05 07:00:00,7.42,7.59,7.13,7.59,22381300,unknown,vnstock_market_equity_ohlcv
LPB,2022-12-06 07:00:00,7.68,8.0,7.51,7.62,36460600,unknown,vnstock_market_equity_ohlcv
LPB,2022-12-07 07:00:00,7.59,7.77,7.39,7.51,13838000,unknown,vnstock_market_equity_ohlcv
LPB,2022-12-08 07:00:00,7.62,8.0,7.59,7.97,19040900,unknown,vnstock_market_equity_ohlcv
LPB,2022-12-09 07:00:00,8.0,8.35,7.54,8.0,25654200,unknown,vnstock_market_equity_ohlcv
LPB,2022-12-12 07:00:00,7.89,8.0,7.48,7.8,18530200,unknown,vnstock_market_equity_ohlcv
LPB,2022-12-13 07:00:00,7.62,7.89,7.48,7.83,8380200,unknown,vnstock_market_equity_ohlcv
LPB,2022-12-14 07:00:00,7.94,7.94,7.68,7.71,7290300,unknown,vnstock_market_equity_ohlcv
LPB,2022-12-15 07:00:00,7.56,7.89,7.56,7.71,6432100,unknown,vnstock_market_equity_ohlcv
LPB,2022-12-16 07:00:00,7.59,8.09,7.56,7.71,10185000,unknown,vnstock_market_equity_ohlcv
LPB,2022-12-19 07:00:00,7.74,7.89,7.68,7.68,7733700,unknown,vnstock_market_equity_ohlcv
LPB,2022-12-20 07:00:00,7.59,7.71,7.18,7.27,11499900,unknown,vnstock_market_equity_ohlcv
LPB,2022-12-21 07:00:00,7.39,7.48,7.13,7.39,7034600,unknown,vnstock_market_equity_ohlcv
LPB,2022-12-22 07:00:00,7.51,7.74,7.45,7.71,11938900,unknown,vnstock_market_equity_ohlcv
LPB,2022-12-23 07:00:00,7.59,7.65,7.48,7.59,11357700,unknown,vnstock_market_equity_ohlcv
LPB,2022-12-26 07:00:00,7.56,7.62,7.07,7.07,12469200,unknown,vnstock_market_equity_ohlcv
LPB,2022-12-27 07:00:00,7.07,7.3,6.95,7.3,6945600,unknown,vnstock_market_equity_ohlcv
LPB,2022-12-28 07:00:00,7.3,7.8,7.27,7.8,16704100,unknown,vnstock_market_equity_ohlcv
LPB,2022-12-29 07:00:00,7.83,8.0,7.65,7.65,11530700,unknown,vnstock_market_equity_ohlcv
LPB,2022-12-30 07:00:00,7.65,7.94,7.62,7.65,11217100,unknown,vnstock_market_equity_ohlcv
MBS,2022-05-04 07:00:00,11.24,11.32,10.84,10.91,389122,unknown,vnstock_market_equity_ohlcv
MBS,2022-05-05 07:00:00,10.91,11.24,10.61,11.24,487692,unknown,vnstock_market_equity_ohlcv
MBS,2022-05-06 07:00:00,11.13,11.13,10.24,10.24,459752,unknown,vnstock_market_equity_ohlcv
MBS,2022-05-09 07:00:00,10.24,10.24,9.24,9.24,819314,unknown,vnstock_market_equity_ohlcv
MBS,2022-05-10 07:00:00,8.43,9.43,8.35,9.2,694563,unknown,vnstock_market_equity_ohlcv
MBS,2022-05-11 07:00:00,9.46,9.46,9.13,9.2,191731,unknown,vnstock_market_equity_ohlcv
MBS,2022-05-12 07:00:00,9.2,9.2,8.31,8.31,859117,unknown,vnstock_market_equity_ohlcv
MBS,2022-05-13 07:00:00,7.5,8.24,7.5,7.5,1627230,unknown,vnstock_market_equity_ohlcv
MBS,2022-05-16 07:00:00,6.76,8.16,6.76,7.68,628746,unknown,vnstock_market_equity_ohlcv
MBS,2022-05-17 07:00:00,6.94,8.43,6.94,8.43,751548,unknown,vnstock_market_equity_ohlcv
MBS,2022-05-18 07:00:00,8.54,8.98,8.35,8.39,893595,unknown,vnstock_market_equity_ohlcv
MBS,2022-05-19 07:00:00,8.35,8.72,7.83,8.57,819778,unknown,vnstock_market_equity_ohlcv
MBS,2022-05-20 07:00:00,8.57,8.94,8.35,8.54,620176,unknown,vnstock_market_equity_ohlcv
MBS,2022-05-23 07:00:00,8.54,8.61,7.79,7.94,653424,unknown,vnstock_market_equity_ohlcv
MBS,2022-05-24 07:00:00,7.94,8.31,7.68,8.31,553837,unknown,vnstock_market_equity_ohlcv
MBS,2022-05-25 07:00:00,8.35,8.91,8.2,8.8,745463,unknown,vnstock_market_equity_ohlcv
MBS,2022-05-26 07:00:00,8.8,9.17,8.8,8.91,595738,unknown,vnstock_market_equity_ohlcv
MBS,2022-05-27 07:00:00,8.91,9.09,8.68,8.83,577703,unknown,vnstock_market_equity_ohlcv
MBS,2022-05-30 07:00:00,8.83,9.06,8.83,8.87,609728,unknown,vnstock_market_equity_ohlcv
MBS,2022-05-31 07:00:00,8.87,8.94,8.35,8.72,491618,unknown,vnstock_market_equity_ohlcv
MBS,2022-06-01 07:00:00,8.68,8.83,8.5,8.68,467100,unknown,vnstock_market_equity_ohlcv
MBS,2022-06-02 07:00:00,8.72,8.91,8.43,8.43,726273,unknown,vnstock_market_equity_ohlcv
MBS,2022-06-03 07:00:00,8.43,8.65,8.24,8.24,582793,unknown,vnstock_market_equity_ohlcv
MBS,2022-06-06 07:00:00,8.28,8.72,8.24,8.35,528474,unknown,vnstock_market_equity_ohlcv
MBS,2022-06-07 07:00:00,8.35,8.39,7.83,8.28,534305,unknown,vnstock_market_equity_ohlcv
MBS,2022-06-08 07:00:00,8.35,8.72,8.31,8.5,764570,unknown,vnstock_market_equity_ohlcv
MBS,2022-06-09 07:00:00,8.54,8.87,8.54,8.76,717457,unknown,vnstock_market_equity_ohlcv
MBS,2022-06-10 07:00:00,8.72,8.87,8.46,8.5,698733,unknown,vnstock_market_equity_ohlcv
MBS,2022-06-13 07:00:00,7.79,8.28,7.68,7.68,951764,unknown,vnstock_market_equity_ohlcv
MBS,2022-06-14 07:00:00,7.64,7.79,7.35,7.57,515439,unknown,vnstock_market_equity_ohlcv
MBS,2022-06-15 07:00:00,7.57,7.61,6.83,6.9,1079637,unknown,vnstock_market_equity_ohlcv
MBS,2022-06-16 07:00:00,6.9,7.24,6.53,6.68,666488,unknown,vnstock_market_equity_ohlcv
MBS,2022-06-17 07:00:00,6.68,6.68,6.01,6.01,1399045,unknown,vnstock_market_equity_ohlcv
MBS,2022-06-20 07:00:00,5.42,6.2,5.42,5.42,945417,unknown,vnstock_market_equity_ohlcv
MBS,2022-06-21 07:00:00,5.05,5.9,4.9,5.75,2382976,unknown,vnstock_market_equity_ohlcv
MBS,2022-06-22 07:00:00,5.2,6.31,5.2,6.24,1035951,unknown,vnstock_market_equity_ohlcv
MBS,2022-06-23 07:00:00,6.2,6.31,5.75,6.24,673028,unknown,vnstock_market_equity_ohlcv
MBS,2022-06-24 07:00:00,6.16,6.38,6.09,6.16,1163721,unknown,vnstock_market_equity_ohlcv
MBS,2022-06-27 07:00:00,6.27,6.64,6.16,6.64,1094743,unknown,vnstock_market_equity_ohlcv
MBS,2022-06-28 07:00:00,6.64,6.72,6.5,6.5,1017517,unknown,vnstock_market_equity_ohlcv
MBS,2022-06-29 07:00:00,6.53,6.76,6.42,6.53,1098399,unknown,vnstock_market_equity_ohlcv
MBS,2022-06-30 07:00:00,6.53,6.9,6.16,6.16,1509306,unknown,vnstock_market_equity_ohlcv
MBS,2022-07-01 07:00:00,6.16,6.76,5.98,6.57,1215472,unknown,vnstock_market_equity_ohlcv
MBS,2022-07-04 07:00:00,6.57,7.01,6.57,6.9,1444533,unknown,vnstock_market_equity_ohlcv
MBS,2022-07-05 07:00:00,6.9,6.98,6.68,6.76,1146303,unknown,vnstock_market_equity_ohlcv
MBS,2022-07-06 07:00:00,6.68,6.76,6.31,6.38,1044898,unknown,vnstock_market_equity_ohlcv
MBS,2022-07-07 07:00:00,6.35,6.53,6.24,6.46,722551,unknown,vnstock_market_equity_ohlcv
MBS,2022-07-08 07:00:00,6.46,6.9,6.46,6.83,1148534,unknown,vnstock_market_equity_ohlcv
MBS,2022-07-11 07:00:00,6.83,6.98,6.5,6.64,1069313,unknown,vnstock_market_equity_ohlcv
MBS,2022-07-12 07:00:00,6.64,6.83,6.57,6.83,746803,unknown,vnstock_market_equity_ohlcv
MBS,2022-07-13 07:00:00,6.83,6.98,6.68,6.76,856378,unknown,vnstock_market_equity_ohlcv
MBS,2022-07-14 07:00:00,6.68,7.42,6.64,7.42,2398000,unknown,vnstock_market_equity_ohlcv
MBS,2022-07-15 07:00:00,7.42,7.61,7.2,7.2,1200768,unknown,vnstock_market_equity_ohlcv
MBS,2022-07-18 07:00:00,7.24,7.42,7.16,7.2,1273568,unknown,vnstock_market_equity_ohlcv
MBS,2022-07-19 07:00:00,7.2,7.53,7.05,7.46,2341757,unknown,vnstock_market_equity_ohlcv
MBS,2022-07-20 07:00:00,7.5,8.09,7.5,7.9,2241574,unknown,vnstock_market_equity_ohlcv
MBS,2022-07-21 07:00:00,7.98,7.98,7.68,7.72,1059004,unknown,vnstock_market_equity_ohlcv
MBS,2022-07-22 07:00:00,7.79,7.9,7.53,7.53,1617275,unknown,vnstock_market_equity_ohlcv
MBS,2022-07-25 07:00:00,7.53,7.94,7.39,7.79,1557962,unknown,vnstock_market_equity_ohlcv
MBS,2022-07-26 07:00:00,7.79,7.94,7.64,7.72,848484,unknown,vnstock_market_equity_ohlcv
MBS,2022-07-27 07:00:00,7.72,8.05,7.57,7.98,1872227,unknown,vnstock_market_equity_ohlcv
MBS,2022-07-28 07:00:00,8.13,8.76,8.02,8.24,1914562,unknown,vnstock_market_equity_ohlcv
MBS,2022-07-29 07:00:00,8.28,8.5,8.16,8.28,1525734,unknown,vnstock_market_equity_ohlcv
MBS,2022-08-01 07:00:00,8.24,8.91,8.24,8.8,2379522,unknown,vnstock_market_equity_ohlcv
MBS,2022-08-02 07:00:00,8.8,8.87,8.54,8.65,1920330,unknown,vnstock_market_equity_ohlcv
MBS,2022-08-03 07:00:00,8.54,8.91,8.46,8.87,2100550,unknown,vnstock_market_equity_ohlcv
MBS,2022-08-04 07:00:00,8.87,9.02,8.65,8.76,1930553,unknown,vnstock_market_equity_ohlcv
MBS,2022-08-05 07:00:00,8.72,9.28,8.68,9.28,3165666,unknown,vnstock_market_equity_ohlcv
MBS,2022-08-08 07:00:00,9.24,9.46,9.24,9.32,2466170,unknown,vnstock_market_equity_ohlcv
MBS,2022-08-09 07:00:00,9.39,9.43,9.17,9.32,1963424,unknown,vnstock_market_equity_ohlcv
MBS,2022-08-10 07:00:00,9.32,9.35,9.17,9.17,2390619,unknown,vnstock_market_equity_ohlcv
MBS,2022-08-11 07:00:00,9.2,9.39,8.94,9.06,3825817,unknown,vnstock_market_equity_ohlcv
MBS,2022-08-12 07:00:00,9.4,9.93,9.2,9.93,2323349,unknown,vnstock_market_equity_ohlcv
MBS,2022-08-15 07:00:00,9.93,10.27,9.83,9.88,1602573,unknown,vnstock_market_equity_ohlcv
MBS,2022-08-16 07:00:00,9.88,9.93,9.68,9.78,1248024,unknown,vnstock_market_equity_ohlcv
MBS,2022-08-17 07:00:00,9.68,9.88,9.59,9.64,2004122,unknown,vnstock_market_equity_ohlcv
MBS,2022-08-18 07:00:00,9.64,9.93,9.49,9.83,1930915,unknown,vnstock_market_equity_ohlcv
MBS,2022-08-19 07:00:00,9.73,9.98,9.59,9.68,1554129,unknown,vnstock_market_equity_ohlcv
MBS,2022-08-22 07:00:00,9.68,9.78,9.4,9.44,1735111,unknown,vnstock_market_equity_ohlcv
MBS,2022-08-23 07:00:00,9.49,9.98,9.1,9.98,3747774,unknown,vnstock_market_equity_ohlcv
MBS,2022-08-24 07:00:00,9.01,10.07,9.01,9.88,1795351,unknown,vnstock_market_equity_ohlcv
MBS,2022-08-25 07:00:00,9.88,10.07,9.83,9.88,1856381,unknown,vnstock_market_equity_ohlcv
MBS,2022-08-26 07:00:00,9.88,9.93,9.49,9.59,2192530,unknown,vnstock_market_equity_ohlcv
MBS,2022-08-29 07:00:00,9.54,9.54,8.96,9.44,2889208,unknown,vnstock_market_equity_ohlcv
MBS,2022-08-30 07:00:00,9.49,9.73,9.35,9.35,1320426,unknown,vnstock_market_equity_ohlcv
MBS,2022-08-31 07:00:00,9.35,9.49,9.15,9.4,969981,unknown,vnstock_market_equity_ohlcv
MBS,2022-09-05 07:00:00,9.4,9.54,9.2,9.3,855475,unknown,vnstock_market_equity_ohlcv
MBS,2022-09-06 07:00:00,9.35,9.49,9.3,9.35,1297462,unknown,vnstock_market_equity_ohlcv
MBS,2022-09-07 07:00:00,9.3,9.44,8.96,8.96,1718720,unknown,vnstock_market_equity_ohlcv
MBS,2022-09-08 07:00:00,8.09,9.15,8.09,8.62,1688572,unknown,vnstock_market_equity_ohlcv
MBS,2022-09-09 07:00:00,7.8,8.96,7.8,8.72,1464272,unknown,vnstock_market_equity_ohlcv
MBS,2022-09-12 07:00:00,8.86,8.96,8.62,8.62,621902,unknown,vnstock_market_equity_ohlcv
MBS,2022-09-13 07:00:00,8.72,8.72,8.52,8.67,702226,unknown,vnstock_market_equity_ohlcv
MBS,2022-09-14 07:00:00,8.52,8.91,8.23,8.86,1645348,unknown,vnstock_market_equity_ohlcv
MBS,2022-09-15 07:00:00,8.91,9.01,8.72,8.81,685827,unknown,vnstock_market_equity_ohlcv
MBS,2022-09-16 07:00:00,8.81,8.81,8.33,8.33,893384,unknown,vnstock_market_equity_ohlcv
MBS,2022-09-19 07:00:00,8.33,8.38,7.65,7.75,1711174,unknown,vnstock_market_equity_ohlcv
MBS,2022-09-20 07:00:00,7.75,8.28,7.7,8.23,1435759,unknown,vnstock_market_equity_ohlcv
MBS,2022-09-21 07:00:00,8.23,8.28,7.99,8.18,608220,unknown,vnstock_market_equity_ohlcv
MBS,2022-09-22 07:00:00,7.41,8.62,7.41,8.57,1386323,unknown,vnstock_market_equity_ohlcv
MBS,2022-09-23 07:00:00,8.62,8.62,8.23,8.33,925959,unknown,vnstock_market_equity_ohlcv
MBS,2022-09-26 07:00:00,8.09,8.23,7.6,7.94,1639628,unknown,vnstock_market_equity_ohlcv
MBS,2022-09-27 07:00:00,7.8,8.18,7.8,8.09,739609,unknown,vnstock_market_equity_ohlcv
MBS,2022-09-28 07:00:00,7.99,8.48,7.94,8.23,2174853,unknown,vnstock_market_equity_ohlcv
MBS,2022-09-29 07:00:00,8.38,8.57,8.14,8.14,1441489,unknown,vnstock_market_equity_ohlcv
MBS,2022-09-30 07:00:00,7.99,8.48,7.7,8.48,2740474,unknown,vnstock_market_equity_ohlcv
MBS,2022-10-03 07:00:00,8.48,8.48,7.65,7.65,1678862,unknown,vnstock_market_equity_ohlcv
MBS,2022-10-04 07:00:00,7.8,8.04,7.65,7.65,1800629,unknown,vnstock_market_equity_ohlcv
MBS,2022-10-05 07:00:00,7.7,8.33,7.7,8.18,1424447,unknown,vnstock_market_equity_ohlcv
MBS,2022-10-06 07:00:00,8.18,8.28,7.7,7.75,1612741,unknown,vnstock_market_equity_ohlcv
MBS,2022-10-07 07:00:00,7.99,7.99,7.02,7.31,2565897,unknown,vnstock_market_equity_ohlcv
MBS,2022-10-10 07:00:00,7.36,7.84,6.78,7.75,1222569,unknown,vnstock_market_equity_ohlcv
MBS,2022-10-11 07:00:00,6.97,7.84,6.97,6.97,1563898,unknown,vnstock_market_equity_ohlcv
MBS,2022-10-12 07:00:00,6.3,7.51,6.3,7.22,1181595,unknown,vnstock_market_equity_ohlcv
MBS,2022-10-13 07:00:00,7.26,7.31,6.97,7.07,1060659,unknown,vnstock_market_equity_ohlcv
MBS,2022-10-14 07:00:00,7.12,7.6,7.12,7.26,1718381,unknown,vnstock_market_equity_ohlcv
MBS,2022-10-17 07:00:00,7.26,7.26,7.02,7.22,688984,unknown,vnstock_market_equity_ohlcv
MBS,2022-10-18 07:00:00,7.41,7.51,7.17,7.17,958996,unknown,vnstock_market_equity_ohlcv
MBS,2022-10-19 07:00:00,7.22,7.36,7.17,7.31,773954,unknown,vnstock_market_equity_ohlcv
MBS,2022-10-20 07:00:00,7.26,7.31,7.17,7.17,452251,unknown,vnstock_market_equity_ohlcv
MBS,2022-10-21 07:00:00,7.17,7.17,6.49,6.49,2221007,unknown,vnstock_market_equity_ohlcv
MBS,2022-10-24 07:00:00,6.54,6.68,5.86,5.86,2025717,unknown,vnstock_market_equity_ohlcv
MBS,2022-10-25 07:00:00,5.86,6.3,5.38,5.86,1475427,unknown,vnstock_market_equity_ohlcv
MBS,2022-10-26 07:00:00,5.28,6.05,5.28,5.67,627559,unknown,vnstock_market_equity_ohlcv
MBS,2022-10-27 07:00:00,5.13,6.2,5.13,6.2,1475877,unknown,vnstock_market_equity_ohlcv
MBS,2022-10-28 07:00:00,6.3,6.54,6.2,6.25,1065658,unknown,vnstock_market_equity_ohlcv
MBS,2022-10-31 07:00:00,6.3,6.54,6.0,6.44,1207491,unknown,vnstock_market_equity_ohlcv
MBS,2022-11-01 07:00:00,6.54,6.83,6.54,6.59,1022594,unknown,vnstock_market_equity_ohlcv
MBS,2022-11-02 07:00:00,5.96,6.68,5.96,6.49,720620,unknown,vnstock_market_equity_ohlcv
MBS,2022-11-03 07:00:00,6.39,6.59,6.25,6.39,895183,unknown,vnstock_market_equity_ohlcv
MBS,2022-11-04 07:00:00,5.76,6.39,5.76,6.0,1055181,unknown,vnstock_market_equity_ohlcv
MBS,2022-11-07 07:00:00,5.42,6.1,5.42,5.42,1507991,unknown,vnstock_market_equity_ohlcv
MBS,2022-11-08 07:00:00,5.38,5.71,5.04,5.71,756875,unknown,vnstock_market_equity_ohlcv
MBS,2022-11-09 07:00:00,5.18,5.96,5.18,5.71,597508,unknown,vnstock_market_equity_ohlcv
MBS,2022-11-10 07:00:00,5.23,5.62,5.18,5.18,1600433,unknown,vnstock_market_equity_ohlcv
MBS,2022-11-11 07:00:00,4.79,5.57,4.7,5.04,1173630,unknown,vnstock_market_equity_ohlcv
MBS,2022-11-14 07:00:00,4.55,5.18,4.55,4.84,1882875,unknown,vnstock_market_equity_ohlcv
MBS,2022-11-15 07:00:00,4.41,4.84,4.36,4.36,1734802,unknown,vnstock_market_equity_ohlcv
MBS,2022-11-16 07:00:00,3.92,4.79,3.92,4.79,2297986,unknown,vnstock_market_equity_ohlcv
MBS,2022-11-17 07:00:00,4.84,5.18,4.84,5.13,1153018,unknown,vnstock_market_equity_ohlcv
MBS,2022-11-18 07:00:00,4.65,5.62,4.65,5.42,2094810,unknown,vnstock_market_equity_ohlcv
MBS,2022-11-21 07:00:00,4.89,5.57,4.89,5.52,1011887,unknown,vnstock_market_equity_ohlcv
MBS,2022-11-22 07:00:00,5.28,6.05,5.13,5.62,1878469,unknown,vnstock_market_equity_ohlcv
MBS,2022-11-23 07:00:00,5.62,5.71,5.28,5.28,890562,unknown,vnstock_market_equity_ohlcv
MBS,2022-11-24 07:00:00,5.28,5.52,5.08,5.42,1255676,unknown,vnstock_market_equity_ohlcv
MBS,2022-11-25 07:00:00,5.28,5.96,5.28,5.96,1682278,unknown,vnstock_market_equity_ohlcv
MBS,2022-11-28 07:00:00,6.15,6.54,6.1,6.54,2365884,unknown,vnstock_market_equity_ohlcv
MBS,2022-11-29 07:00:00,6.44,6.88,6.2,6.68,4142748,unknown,vnstock_market_equity_ohlcv
MBS,2022-11-30 07:00:00,6.05,6.88,6.05,6.73,2790411,unknown,vnstock_market_equity_ohlcv
MBS,2022-12-01 07:00:00,6.78,6.97,6.39,6.44,4325145,unknown,vnstock_market_equity_ohlcv
MBS,2022-12-02 07:00:00,6.44,7.07,6.2,7.07,4640128,unknown,vnstock_market_equity_ohlcv
MBS,2022-12-05 07:00:00,7.22,7.46,7.07,7.36,3933115,unknown,vnstock_market_equity_ohlcv
MBS,2022-12-06 07:00:00,6.63,7.75,6.63,6.63,4982801,unknown,vnstock_market_equity_ohlcv
MBS,2022-12-07 07:00:00,6.3,6.78,6.25,6.3,4294738,unknown,vnstock_market_equity_ohlcv
MBS,2022-12-08 07:00:00,5.96,6.92,5.91,6.92,3679730,unknown,vnstock_market_equity_ohlcv
MBS,2022-12-09 07:00:00,7.07,7.12,6.63,6.78,2645962,unknown,vnstock_market_equity_ohlcv
MBS,2022-12-12 07:00:00,6.78,7.12,6.3,6.3,3420228,unknown,vnstock_market_equity_ohlcv
MBS,2022-12-13 07:00:00,5.67,6.88,5.67,6.88,3160352,unknown,vnstock_market_equity_ohlcv
MBS,2022-12-14 07:00:00,6.92,7.17,6.73,6.78,2843222,unknown,vnstock_market_equity_ohlcv
MBS,2022-12-15 07:00:00,6.73,6.92,6.3,6.83,1766029,unknown,vnstock_market_equity_ohlcv
MBS,2022-12-16 07:00:00,6.34,6.97,6.34,6.78,2658891,unknown,vnstock_market_equity_ohlcv
MBS,2022-12-19 07:00:00,6.73,7.17,6.68,6.68,4265348,unknown,vnstock_market_equity_ohlcv
MBS,2022-12-20 07:00:00,6.49,6.78,6.34,6.49,3412111,unknown,vnstock_market_equity_ohlcv
MBS,2022-12-21 07:00:00,5.86,6.73,5.86,6.3,3237144,unknown,vnstock_market_equity_ohlcv
MBS,2022-12-22 07:00:00,5.67,6.54,5.67,6.39,1185312,unknown,vnstock_market_equity_ohlcv
MBS,2022-12-23 07:00:00,6.39,6.39,6.1,6.2,1178500,unknown,vnstock_market_equity_ohlcv
MBS,2022-12-26 07:00:00,5.81,6.2,5.62,5.67,2310881,unknown,vnstock_market_equity_ohlcv
MBS,2022-12-27 07:00:00,5.13,6.2,5.13,6.2,1473876,unknown,vnstock_market_equity_ohlcv
MBS,2022-12-28 07:00:00,6.25,6.34,6.05,6.2,1376386,unknown,vnstock_market_equity_ohlcv
MBS,2022-12-29 07:00:00,6.2,6.25,5.86,5.96,890725,unknown,vnstock_market_equity_ohlcv
MBS,2022-12-30 07:00:00,5.96,6.15,5.96,5.96,1249628,unknown,vnstock_market_equity_ohlcv
MSH,2022-05-04 07:00:00,29.12,29.12,27.15,27.15,403300,unknown,vnstock_market_equity_ohlcv
MSH,2022-05-05 07:00:00,26.45,29.0,26.45,27.53,193700,unknown,vnstock_market_equity_ohlcv
MSH,2022-05-06 07:00:00,26.76,27.08,25.81,25.81,168600,unknown,vnstock_market_equity_ohlcv
MSH,2022-05-09 07:00:00,25.81,25.81,24.02,24.02,309900,unknown,vnstock_market_equity_ohlcv
MSH,2022-05-10 07:00:00,22.37,23.32,22.37,23.13,206900,unknown,vnstock_market_equity_ohlcv
MSH,2022-05-11 07:00:00,23.26,23.61,22.65,22.81,121900,unknown,vnstock_market_equity_ohlcv
MSH,2022-05-12 07:00:00,23.07,23.39,21.83,21.83,206200,unknown,vnstock_market_equity_ohlcv
MSH,2022-05-13 07:00:00,21.83,22.3,20.33,20.33,216200,unknown,vnstock_market_equity_ohlcv
MSH,2022-05-16 07:00:00,20.68,21.73,20.68,20.71,240200,unknown,vnstock_market_equity_ohlcv
MSH,2022-05-17 07:00:00,21.22,22.14,20.71,22.14,76400,unknown,vnstock_market_equity_ohlcv
MSH,2022-05-18 07:00:00,22.94,22.94,22.14,22.46,76500,unknown,vnstock_market_equity_ohlcv
MSH,2022-05-19 07:00:00,21.98,22.46,21.76,22.3,55300,unknown,vnstock_market_equity_ohlcv
MSH,2022-05-20 07:00:00,22.3,22.62,22.02,22.34,54100,unknown,vnstock_market_equity_ohlcv
MSH,2022-05-23 07:00:00,22.34,22.37,21.83,21.83,73300,unknown,vnstock_market_equity_ohlcv
MSH,2022-05-24 07:00:00,21.83,22.27,21.03,21.35,92400,unknown,vnstock_market_equity_ohlcv
MSH,2022-05-25 07:00:00,21.38,22.5,21.38,21.92,98000,unknown,vnstock_market_equity_ohlcv
MSH,2022-05-26 07:00:00,22.75,23.23,22.34,23.1,97200,unknown,vnstock_market_equity_ohlcv
MSH,2022-05-27 07:00:00,23.45,23.45,23.13,23.45,83900,unknown,vnstock_market_equity_ohlcv
MSH,2022-05-30 07:00:00,23.61,24.5,23.61,24.38,111100,unknown,vnstock_market_equity_ohlcv
MSH,2022-05-31 07:00:00,24.69,24.82,24.31,24.53,86800,unknown,vnstock_market_equity_ohlcv
MSH,2022-06-01 07:00:00,24.53,24.95,23.86,24.88,119500,unknown,vnstock_market_equity_ohlcv
MSH,2022-06-02 07:00:00,24.85,26.13,24.82,25.49,145200,unknown,vnstock_market_equity_ohlcv
MSH,2022-06-03 07:00:00,25.49,25.9,25.49,25.74,78600,unknown,vnstock_market_equity_ohlcv
MSH,2022-06-06 07:00:00,26.16,26.16,25.14,25.17,125600,unknown,vnstock_market_equity_ohlcv
MSH,2022-06-07 07:00:00,26.75,26.75,25.89,26.7,183400,unknown,vnstock_market_equity_ohlcv
MSH,2022-06-08 07:00:00,26.84,28.56,26.84,28.56,127400,unknown,vnstock_market_equity_ohlcv
MSH,2022-06-09 07:00:00,29.14,29.38,28.47,28.61,140900,unknown,vnstock_market_equity_ohlcv
MSH,2022-06-10 07:00:00,28.37,29.09,26.65,27.22,165400,unknown,vnstock_market_equity_ohlcv
MSH,2022-06-13 07:00:00,25.46,26.32,25.36,25.36,188100,unknown,vnstock_market_equity_ohlcv
MSH,2022-06-14 07:00:00,24.88,25.84,23.74,25.65,146800,unknown,vnstock_market_equity_ohlcv
MSH,2022-06-15 07:00:00,26.27,26.27,23.98,24.69,113800,unknown,vnstock_market_equity_ohlcv
MSH,2022-06-16 07:00:00,25.55,26.41,24.88,26.41,102100,unknown,vnstock_market_equity_ohlcv
MSH,2022-06-17 07:00:00,25.55,27.27,25.32,27.18,117900,unknown,vnstock_market_equity_ohlcv
MSH,2022-06-20 07:00:00,26.99,28.18,26.27,26.94,147800,unknown,vnstock_market_equity_ohlcv
MSH,2022-06-21 07:00:00,26.75,27.66,25.79,26.41,105600,unknown,vnstock_market_equity_ohlcv
MSH,2022-06-22 07:00:00,26.75,27.13,24.6,24.6,225100,unknown,vnstock_market_equity_ohlcv
MSH,2022-06-23 07:00:00,24.36,25.32,23.88,25.32,134000,unknown,vnstock_market_equity_ohlcv
MSH,2022-06-24 07:00:00,24.65,25.65,24.65,24.65,41000,unknown,vnstock_market_equity_ohlcv
MSH,2022-06-27 07:00:00,25.22,25.32,24.69,25.32,75000,unknown,vnstock_market_equity_ohlcv
MSH,2022-06-28 07:00:00,25.32,26.18,25.08,25.12,103300,unknown,vnstock_market_equity_ohlcv
MSH,2022-06-29 07:00:00,24.84,25.32,24.69,25.22,50000,unknown,vnstock_market_equity_ohlcv
MSH,2022-06-30 07:00:00,24.88,25.32,24.41,24.41,64400,unknown,vnstock_market_equity_ohlcv
MSH,2022-07-01 07:00:00,24.5,24.5,22.71,23.02,181900,unknown,vnstock_market_equity_ohlcv
MSH,2022-07-04 07:00:00,23.6,23.6,22.95,22.97,46700,unknown,vnstock_market_equity_ohlcv
MSH,2022-07-05 07:00:00,22.97,22.97,21.49,21.49,111900,unknown,vnstock_market_equity_ohlcv
MSH,2022-07-06 07:00:00,21.02,21.64,20.54,20.63,89600,unknown,vnstock_market_equity_ohlcv
MSH,2022-07-07 07:00:00,20.54,20.97,20.08,20.63,76800,unknown,vnstock_market_equity_ohlcv
MSH,2022-07-08 07:00:00,20.71,21.88,20.71,21.4,38900,unknown,vnstock_market_equity_ohlcv
MSH,2022-07-11 07:00:00,21.4,21.42,20.68,21.02,38800,unknown,vnstock_market_equity_ohlcv
MSH,2022-07-12 07:00:00,20.97,21.49,20.63,21.02,55400,unknown,vnstock_market_equity_ohlcv
MSH,2022-07-13 07:00:00,21.26,21.45,20.82,21.4,97500,unknown,vnstock_market_equity_ohlcv
MSH,2022-07-14 07:00:00,21.4,21.4,20.82,21.26,50400,unknown,vnstock_market_equity_ohlcv
MSH,2022-07-15 07:00:00,20.87,21.33,20.87,21.21,58800,unknown,vnstock_market_equity_ohlcv
MSH,2022-07-18 07:00:00,21.23,22.45,21.23,22.12,135100,unknown,vnstock_market_equity_ohlcv
MSH,2022-07-19 07:00:00,22.45,22.45,21.37,21.73,74600,unknown,vnstock_market_equity_ohlcv
MSH,2022-07-20 07:00:00,21.97,23.24,21.97,23.24,187100,unknown,vnstock_market_equity_ohlcv
MSH,2022-07-21 07:00:00,23.28,24.79,23.07,23.16,151500,unknown,vnstock_market_equity_ohlcv
MSH,2022-07-22 07:00:00,23.4,23.4,22.54,22.78,50300,unknown,vnstock_market_equity_ohlcv
MSH,2022-07-25 07:00:00,22.04,22.69,21.97,21.97,66900,unknown,vnstock_market_equity_ohlcv
MSH,2022-07-26 07:00:00,22.0,22.42,20.78,21.49,113300,unknown,vnstock_market_equity_ohlcv
MSH,2022-07-27 07:00:00,21.47,21.66,21.04,21.66,54400,unknown,vnstock_market_equity_ohlcv
MSH,2022-07-28 07:00:00,22.64,22.64,21.66,21.88,77000,unknown,vnstock_market_equity_ohlcv
MSH,2022-07-29 07:00:00,21.59,21.88,21.49,21.66,57100,unknown,vnstock_market_equity_ohlcv
MSH,2022-08-01 07:00:00,21.66,21.66,21.02,21.49,146900,unknown,vnstock_market_equity_ohlcv
MSH,2022-08-02 07:00:00,21.49,21.59,21.14,21.49,118000,unknown,vnstock_market_equity_ohlcv
MSH,2022-08-03 07:00:00,21.47,21.68,20.01,21.02,407000,unknown,vnstock_market_equity_ohlcv
MSH,2022-08-04 07:00:00,21.26,21.73,21.26,21.45,155800,unknown,vnstock_market_equity_ohlcv
MSH,2022-08-05 07:00:00,21.66,21.66,21.35,21.4,79900,unknown,vnstock_market_equity_ohlcv
MSH,2022-08-08 07:00:00,21.47,22.35,21.11,22.31,295700,unknown,vnstock_market_equity_ohlcv
MSH,2022-08-09 07:00:00,22.5,22.9,22.23,22.45,260600,unknown,vnstock_market_equity_ohlcv
MSH,2022-08-10 07:00:00,22.07,22.33,21.83,21.95,97700,unknown,vnstock_market_equity_ohlcv
MSH,2022-08-11 07:00:00,22.02,22.12,21.3,21.35,402200,unknown,vnstock_market_equity_ohlcv
MSH,2022-08-12 07:00:00,21.35,21.49,20.8,21.49,240000,unknown,vnstock_market_equity_ohlcv
MSH,2022-08-15 07:00:00,21.49,21.49,21.16,21.35,164900,unknown,vnstock_market_equity_ohlcv
MSH,2022-08-16 07:00:00,21.23,21.42,21.04,21.16,239900,unknown,vnstock_market_equity_ohlcv
MSH,2022-08-17 07:00:00,21.35,21.73,21.26,21.54,294700,unknown,vnstock_market_equity_ohlcv
MSH,2022-08-18 07:00:00,21.66,21.66,21.11,21.21,142300,unknown,vnstock_market_equity_ohlcv
MSH,2022-08-19 07:00:00,21.21,21.45,20.78,21.11,136300,unknown,vnstock_market_equity_ohlcv
MSH,2022-08-22 07:00:00,21.11,21.11,20.78,20.78,139000,unknown,vnstock_market_equity_ohlcv
MSH,2022-08-23 07:00:00,20.54,21.02,20.3,20.61,155500,unknown,vnstock_market_equity_ohlcv
MSH,2022-08-24 07:00:00,20.78,21.11,20.75,20.85,139600,unknown,vnstock_market_equity_ohlcv
MSH,2022-08-25 07:00:00,20.9,21.09,20.78,21.09,238300,unknown,vnstock_market_equity_ohlcv
MSH,2022-08-26 07:00:00,21.11,21.3,21.02,21.06,169700,unknown,vnstock_market_equity_ohlcv
MSH,2022-08-29 07:00:00,20.68,20.71,20.01,20.42,324900,unknown,vnstock_market_equity_ohlcv
MSH,2022-08-30 07:00:00,20.52,20.59,20.06,20.08,195600,unknown,vnstock_market_equity_ohlcv
MSH,2022-08-31 07:00:00,20.08,20.16,19.82,20.06,197900,unknown,vnstock_market_equity_ohlcv
MSH,2022-09-05 07:00:00,20.06,20.37,20.06,20.25,106200,unknown,vnstock_market_equity_ohlcv
MSH,2022-09-06 07:00:00,20.49,20.49,19.96,20.01,197800,unknown,vnstock_market_equity_ohlcv
MSH,2022-09-07 07:00:00,19.96,19.96,18.68,18.68,314700,unknown,vnstock_market_equity_ohlcv
MSH,2022-09-08 07:00:00,18.68,18.87,18.56,18.58,171400,unknown,vnstock_market_equity_ohlcv
MSH,2022-09-09 07:00:00,18.87,18.87,18.03,18.1,177800,unknown,vnstock_market_equity_ohlcv
MSH,2022-09-12 07:00:00,18.2,18.53,18.15,18.51,96200,unknown,vnstock_market_equity_ohlcv
MSH,2022-09-13 07:00:00,18.51,18.53,18.41,18.46,50200,unknown,vnstock_market_equity_ohlcv
MSH,2022-09-14 07:00:00,17.96,18.22,17.86,18.15,162400,unknown,vnstock_market_equity_ohlcv
MSH,2022-09-15 07:00:00,18.15,18.44,17.96,18.1,65700,unknown,vnstock_market_equity_ohlcv
MSH,2022-09-16 07:00:00,18.08,18.1,17.53,17.67,177600,unknown,vnstock_market_equity_ohlcv
MSH,2022-09-19 07:00:00,17.96,17.96,16.96,17.12,139000,unknown,vnstock_market_equity_ohlcv
MSH,2022-09-20 07:00:00,17.15,17.29,16.91,17.2,111500,unknown,vnstock_market_equity_ohlcv
MSH,2022-09-21 07:00:00,16.96,17.34,16.96,17.22,52200,unknown,vnstock_market_equity_ohlcv
MSH,2022-09-22 07:00:00,17.05,17.58,17.0,17.48,46200,unknown,vnstock_market_equity_ohlcv
MSH,2022-09-23 07:00:00,17.43,17.67,17.41,17.58,43800,unknown,vnstock_market_equity_ohlcv
MSH,2022-09-26 07:00:00,17.43,17.58,16.72,16.84,113000,unknown,vnstock_market_equity_ohlcv
MSH,2022-09-27 07:00:00,16.6,17.08,16.6,17.0,42700,unknown,vnstock_market_equity_ohlcv
MSH,2022-09-28 07:00:00,17.0,17.0,16.72,16.76,38300,unknown,vnstock_market_equity_ohlcv
MSH,2022-09-29 07:00:00,16.81,17.17,16.76,16.93,74700,unknown,vnstock_market_equity_ohlcv
MSH,2022-09-30 07:00:00,16.45,16.72,15.81,16.34,113700,unknown,vnstock_market_equity_ohlcv
MSH,2022-10-03 07:00:00,16.72,16.72,15.76,15.81,39000,unknown,vnstock_market_equity_ohlcv
MSH,2022-10-04 07:00:00,16.36,16.36,15.28,15.81,132800,unknown,vnstock_market_equity_ohlcv
MSH,2022-10-05 07:00:00,15.9,16.31,15.76,16.05,101600,unknown,vnstock_market_equity_ohlcv
MSH,2022-10-06 07:00:00,15.67,16.02,15.28,15.81,56100,unknown,vnstock_market_equity_ohlcv
MSH,2022-10-07 07:00:00,15.43,15.48,14.71,14.71,242900,unknown,vnstock_market_equity_ohlcv
MSH,2022-10-10 07:00:00,14.33,14.9,14.33,14.66,89100,unknown,vnstock_market_equity_ohlcv
MSH,2022-10-11 07:00:00,14.42,14.76,14.35,14.35,104600,unknown,vnstock_market_equity_ohlcv
MSH,2022-10-12 07:00:00,14.35,14.76,14.35,14.66,30700,unknown,vnstock_market_equity_ohlcv
MSH,2022-10-13 07:00:00,14.76,15.16,14.76,15.12,108500,unknown,vnstock_market_equity_ohlcv
MSH,2022-10-14 07:00:00,15.69,15.69,15.28,15.28,42500,unknown,vnstock_market_equity_ohlcv
MSH,2022-10-17 07:00:00,15.28,16.34,15.14,15.95,110200,unknown,vnstock_market_equity_ohlcv
MSH,2022-10-18 07:00:00,16.34,16.89,16.34,16.89,127500,unknown,vnstock_market_equity_ohlcv
MSH,2022-10-19 07:00:00,16.89,17.15,16.38,16.76,104000,unknown,vnstock_market_equity_ohlcv
MSH,2022-10-20 07:00:00,16.76,17.46,16.76,17.43,146500,unknown,vnstock_market_equity_ohlcv
MSH,2022-10-21 07:00:00,17.62,17.62,16.36,16.48,154700,unknown,vnstock_market_equity_ohlcv
MSH,2022-10-24 07:00:00,15.79,16.72,15.79,16.62,150600,unknown,vnstock_market_equity_ohlcv
MSH,2022-10-25 07:00:00,16.67,16.91,16.19,16.72,207800,unknown,vnstock_market_equity_ohlcv
MSH,2022-10-26 07:00:00,16.86,17.0,16.24,16.69,267400,unknown,vnstock_market_equity_ohlcv
MSH,2022-10-27 07:00:00,16.69,17.72,16.48,17.72,135400,unknown,vnstock_market_equity_ohlcv
MSH,2022-10-28 07:00:00,18.06,18.06,17.43,17.67,66400,unknown,vnstock_market_equity_ohlcv
MSH,2022-10-31 07:00:00,17.39,17.77,17.39,17.65,99200,unknown,vnstock_market_equity_ohlcv
MSH,2022-11-01 07:00:00,18.01,18.15,17.58,17.58,42300,unknown,vnstock_market_equity_ohlcv
MSH,2022-11-02 07:00:00,17.58,17.86,17.43,17.86,159700,unknown,vnstock_market_equity_ohlcv
MSH,2022-11-03 07:00:00,17.67,17.86,17.67,17.82,43400,unknown,vnstock_market_equity_ohlcv
MSH,2022-11-04 07:00:00,17.43,17.67,16.76,17.67,83200,unknown,vnstock_market_equity_ohlcv
MSH,2022-11-07 07:00:00,17.48,17.58,16.96,17.15,94800,unknown,vnstock_market_equity_ohlcv
MSH,2022-11-08 07:00:00,16.74,16.74,16.29,16.43,56300,unknown,vnstock_market_equity_ohlcv
MSH,2022-11-09 07:00:00,16.76,17.2,16.76,17.2,54900,unknown,vnstock_market_equity_ohlcv
MSH,2022-11-10 07:00:00,16.48,17.05,16.45,16.48,252700,unknown,vnstock_market_equity_ohlcv
MSH,2022-11-11 07:00:00,16.76,16.76,16.57,16.72,66500,unknown,vnstock_market_equity_ohlcv
MSH,2022-11-14 07:00:00,17.17,17.17,16.0,16.24,78300,unknown,vnstock_market_equity_ohlcv
MSH,2022-11-15 07:00:00,16.24,16.41,15.86,16.19,110100,unknown,vnstock_market_equity_ohlcv
MSH,2022-11-16 07:00:00,16.19,17.31,15.76,17.31,88800,unknown,vnstock_market_equity_ohlcv
MSH,2022-11-17 07:00:00,17.67,17.82,17.34,17.77,74400,unknown,vnstock_market_equity_ohlcv
MSH,2022-11-18 07:00:00,17.77,17.86,17.43,17.86,79800,unknown,vnstock_market_equity_ohlcv
MSH,2022-11-21 07:00:00,17.82,17.96,17.58,17.58,91300,unknown,vnstock_market_equity_ohlcv
MSH,2022-11-22 07:00:00,17.29,17.82,17.29,17.67,61800,unknown,vnstock_market_equity_ohlcv
MSH,2022-11-23 07:00:00,17.67,17.74,17.53,17.67,43500,unknown,vnstock_market_equity_ohlcv
MSH,2022-11-24 07:00:00,17.62,17.77,17.58,17.72,49000,unknown,vnstock_market_equity_ohlcv
MSH,2022-11-25 07:00:00,17.72,17.96,17.58,17.96,78800,unknown,vnstock_market_equity_ohlcv
MSH,2022-11-28 07:00:00,18.96,18.96,18.01,18.22,105200,unknown,vnstock_market_equity_ohlcv
MSH,2022-11-29 07:00:00,18.63,18.63,17.67,18.15,127100,unknown,vnstock_market_equity_ohlcv
MSH,2022-11-30 07:00:00,17.91,17.96,17.67,17.96,100800,unknown,vnstock_market_equity_ohlcv
MSH,2022-12-01 07:00:00,18.15,18.63,17.91,18.63,207200,unknown,vnstock_market_equity_ohlcv
MSH,2022-12-02 07:00:00,18.58,19.11,18.39,19.11,102100,unknown,vnstock_market_equity_ohlcv
MSH,2022-12-05 07:00:00,19.37,19.37,18.96,19.08,114400,unknown,vnstock_market_equity_ohlcv
MSH,2022-12-06 07:00:00,18.96,19.08,18.44,18.44,136600,unknown,vnstock_market_equity_ohlcv
MSH,2022-12-07 07:00:00,18.8,18.8,18.39,18.58,59600,unknown,vnstock_market_equity_ohlcv
MSH,2022-12-08 07:00:00,19.14,19.14,18.35,18.89,56500,unknown,vnstock_market_equity_ohlcv
MSH,2022-12-09 07:00:00,19.09,19.09,18.48,18.89,48900,unknown,vnstock_market_equity_ohlcv
MSH,2022-12-12 07:00:00,18.45,18.63,18.17,18.17,130500,unknown,vnstock_market_equity_ohlcv
MSH,2022-12-13 07:00:00,17.97,18.12,17.25,17.36,124200,unknown,vnstock_market_equity_ohlcv
MSH,2022-12-14 07:00:00,17.46,18.2,17.46,17.97,80100,unknown,vnstock_market_equity_ohlcv
MSH,2022-12-15 07:00:00,17.97,18.27,17.69,17.84,51700,unknown,vnstock_market_equity_ohlcv
MSH,2022-12-16 07:00:00,17.61,17.81,17.51,17.51,102300,unknown,vnstock_market_equity_ohlcv
MSH,2022-12-19 07:00:00,17.36,17.76,17.15,17.61,118600,unknown,vnstock_market_equity_ohlcv
MSH,2022-12-20 07:00:00,17.61,17.61,16.67,16.84,79900,unknown,vnstock_market_equity_ohlcv
MSH,2022-12-21 07:00:00,16.39,16.84,16.33,16.84,118400,unknown,vnstock_market_equity_ohlcv
MSH,2022-12-22 07:00:00,16.84,16.84,16.33,16.44,54700,unknown,vnstock_market_equity_ohlcv
MSH,2022-12-23 07:00:00,16.44,16.87,16.44,16.82,62300,unknown,vnstock_market_equity_ohlcv
MSH,2022-12-26 07:00:00,16.79,16.9,16.44,16.69,90200,unknown,vnstock_market_equity_ohlcv
MSH,2022-12-27 07:00:00,16.64,16.69,16.54,16.61,52800,unknown,vnstock_market_equity_ohlcv
MSH,2022-12-28 07:00:00,16.84,16.84,16.72,16.72,50100,unknown,vnstock_market_equity_ohlcv
MSH,2022-12-29 07:00:00,16.79,17.41,16.77,17.25,86900,unknown,vnstock_market_equity_ohlcv
MSH,2022-12-30 07:00:00,17.25,17.3,16.74,16.84,123700,unknown,vnstock_market_equity_ohlcv
MWG,2022-05-04 07:00:00,71.13,71.84,70.42,70.89,1151100,unknown,vnstock_market_equity_ohlcv
MWG,2022-05-05 07:00:00,71.36,71.36,68.8,70.84,1168700,unknown,vnstock_market_equity_ohlcv
MWG,2022-05-06 07:00:00,69.47,70.61,69.28,69.52,1085500,unknown,vnstock_market_equity_ohlcv
MWG,2022-05-09 07:00:00,68.38,68.42,64.68,64.68,2693800,unknown,vnstock_market_equity_ohlcv
MWG,2022-05-10 07:00:00,64.01,66.43,63.07,66.43,1818800,unknown,vnstock_market_equity_ohlcv
MWG,2022-05-11 07:00:00,66.48,66.86,65.06,66.86,1167000,unknown,vnstock_market_equity_ohlcv
MWG,2022-05-12 07:00:00,66.34,66.34,63.73,63.73,1705600,unknown,vnstock_market_equity_ohlcv
MWG,2022-05-13 07:00:00,63.73,64.06,59.32,59.32,2746800,unknown,vnstock_market_equity_ohlcv
MWG,2022-05-16 07:00:00,62.83,62.83,57.47,58.32,1334500,unknown,vnstock_market_equity_ohlcv
MWG,2022-05-17 07:00:00,59.22,62.4,57.85,62.4,1055800,unknown,vnstock_market_equity_ohlcv
MWG,2022-05-18 07:00:00,62.45,63.4,61.55,63.3,805600,unknown,vnstock_market_equity_ohlcv
MWG,2022-05-19 07:00:00,61.64,63.3,61.31,63.07,839200,unknown,vnstock_market_equity_ohlcv
MWG,2022-05-20 07:00:00,62.83,64.39,62.59,63.54,869200,unknown,vnstock_market_equity_ohlcv
MWG,2022-05-23 07:00:00,64.01,64.01,61.64,62.02,542100,unknown,vnstock_market_equity_ohlcv
MWG,2022-05-24 07:00:00,62.07,63.07,61.55,63.07,577700,unknown,vnstock_market_equity_ohlcv
MWG,2022-05-25 07:00:00,63.73,67.1,63.54,65.91,1558000,unknown,vnstock_market_equity_ohlcv
MWG,2022-05-26 07:00:00,66.39,66.62,64.49,65.91,716100,unknown,vnstock_market_equity_ohlcv
MWG,2022-05-27 07:00:00,66.01,69.66,66.01,69.56,2550700,unknown,vnstock_market_equity_ohlcv
MWG,2022-05-30 07:00:00,69.56,69.94,68.0,68.85,1262200,unknown,vnstock_market_equity_ohlcv
MWG,2022-05-31 07:00:00,68.85,68.85,67.81,68.71,739500,unknown,vnstock_market_equity_ohlcv
MWG,2022-06-01 07:00:00,68.71,69.7,68.28,68.99,1058700,unknown,vnstock_market_equity_ohlcv
MWG,2022-06-02 07:00:00,69.47,71.36,68.99,70.04,1806000,unknown,vnstock_market_equity_ohlcv
MWG,2022-06-03 07:00:00,70.04,73.17,70.04,72.64,1668100,unknown,vnstock_market_equity_ohlcv
MWG,2022-06-06 07:00:00,73.02,74.21,73.02,73.36,1887900,unknown,vnstock_market_equity_ohlcv
MWG,2022-06-07 07:00:00,73.5,73.5,71.11,73.02,1845100,unknown,vnstock_market_equity_ohlcv
MWG,2022-06-08 07:00:00,73.64,75.36,73.21,73.21,2076800,unknown,vnstock_market_equity_ohlcv
MWG,2022-06-09 07:00:00,73.21,73.98,72.21,72.93,1131100,unknown,vnstock_market_equity_ohlcv
MWG,2022-06-10 07:00:00,73.5,73.98,71.59,71.59,1940500,unknown,vnstock_market_equity_ohlcv
MWG,2022-06-13 07:00:00,69.2,70.4,66.82,66.82,3229000,unknown,vnstock_market_equity_ohlcv
MWG,2022-06-14 07:00:00,66.1,68.87,65.86,68.49,1606100,unknown,vnstock_market_equity_ohlcv
MWG,2022-06-15 07:00:00,69.2,70.49,68.73,70.49,2560200,unknown,vnstock_market_equity_ohlcv
MWG,2022-06-16 07:00:00,75.36,75.36,74.02,75.36,6038900,unknown,vnstock_market_equity_ohlcv
MWG,2022-06-17 07:00:00,75.36,75.36,72.78,74.12,3500500,unknown,vnstock_market_equity_ohlcv
MWG,2022-06-20 07:00:00,74.4,74.4,70.21,70.49,4483400,unknown,vnstock_market_equity_ohlcv
MWG,2022-06-21 07:00:00,71.54,72.31,67.73,70.11,3368300,unknown,vnstock_market_equity_ohlcv
MWG,2022-06-22 07:00:00,72.11,72.11,66.01,66.58,3815800,unknown,vnstock_market_equity_ohlcv
MWG,2022-06-23 07:00:00,66.77,70.11,66.58,69.16,4908000,unknown,vnstock_market_equity_ohlcv
MWG,2022-06-24 07:00:00,70.11,70.11,68.11,68.58,2716400,unknown,vnstock_market_equity_ohlcv
MWG,2022-06-27 07:00:00,68.39,69.16,67.82,68.2,3160200,unknown,vnstock_market_equity_ohlcv
MWG,2022-06-28 07:00:00,67.73,69.54,67.73,69.44,4121400,unknown,vnstock_market_equity_ohlcv
MWG,2022-06-29 07:00:00,69.44,70.59,67.82,69.63,3154200,unknown,vnstock_market_equity_ohlcv
MWG,2022-06-30 07:00:00,69.73,69.73,67.92,68.2,2401100,unknown,vnstock_market_equity_ohlcv
MWG,2022-07-01 07:00:00,68.3,68.3,65.63,67.06,3285200,unknown,vnstock_market_equity_ohlcv
MWG,2022-07-04 07:00:00,66.77,66.87,63.53,64.67,5181500,unknown,vnstock_market_equity_ohlcv
MWG,2022-07-05 07:00:00,64.67,64.67,61.05,62.48,3983400,unknown,vnstock_market_equity_ohlcv
MWG,2022-07-06 07:00:00,62.48,63.24,61.05,61.05,2398000,unknown,vnstock_market_equity_ohlcv
MWG,2022-07-07 07:00:00,61.14,62.0,60.95,61.05,1590000,unknown,vnstock_market_equity_ohlcv
MWG,2022-07-08 07:00:00,61.72,63.43,61.43,62.0,2586800,unknown,vnstock_market_equity_ohlcv
MWG,2022-07-11 07:00:00,61.81,61.91,61.05,61.53,1370100,unknown,vnstock_market_equity_ohlcv
MWG,2022-07-12 07:00:00,61.81,61.81,61.05,61.43,1606300,unknown,vnstock_market_equity_ohlcv
MWG,2022-07-13 07:00:00,61.05,61.24,59.05,60.67,3099000,unknown,vnstock_market_equity_ohlcv
MWG,2022-07-14 07:00:00,60.0,61.05,59.43,59.71,2134700,unknown,vnstock_market_equity_ohlcv
MWG,2022-07-15 07:00:00,59.9,60.29,58.66,58.66,3080300,unknown,vnstock_market_equity_ohlcv
MWG,2022-07-18 07:00:00,58.66,60.0,57.42,58.19,2540800,unknown,vnstock_market_equity_ohlcv
MWG,2022-07-19 07:00:00,58.38,58.38,56.76,57.23,2118000,unknown,vnstock_market_equity_ohlcv
MWG,2022-07-20 07:00:00,56.47,60.1,55.52,58.38,7377800,unknown,vnstock_market_equity_ohlcv
MWG,2022-07-21 07:00:00,58.38,61.53,58.38,61.14,5004300,unknown,vnstock_market_equity_ohlcv
MWG,2022-07-22 07:00:00,61.91,63.72,61.24,61.53,5454700,unknown,vnstock_market_equity_ohlcv
MWG,2022-07-25 07:00:00,61.81,62.77,59.81,60.38,4019200,unknown,vnstock_market_equity_ohlcv
MWG,2022-07-26 07:00:00,60.95,60.95,59.9,60.1,1808800,unknown,vnstock_market_equity_ohlcv
MWG,2022-07-27 07:00:00,57.33,60.1,57.33,59.24,1866300,unknown,vnstock_market_equity_ohlcv
MWG,2022-07-28 07:00:00,60.1,60.1,59.14,59.14,1950500,unknown,vnstock_market_equity_ohlcv
MWG,2022-07-29 07:00:00,59.52,59.52,58.19,58.19,3375000,unknown,vnstock_market_equity_ohlcv
MWG,2022-08-01 07:00:00,58.19,59.05,57.23,58.47,3256100,unknown,vnstock_market_equity_ohlcv
MWG,2022-08-02 07:00:00,58.95,59.62,58.47,59.14,2121500,unknown,vnstock_market_equity_ohlcv
MWG,2022-08-03 07:00:00,59.14,59.33,58.47,58.95,2660300,unknown,vnstock_market_equity_ohlcv
MWG,2022-08-04 07:00:00,59.33,60.1,59.24,59.81,4344000,unknown,vnstock_market_equity_ohlcv
MWG,2022-08-05 07:00:00,60.0,60.57,59.71,59.81,2712000,unknown,vnstock_market_equity_ohlcv
MWG,2022-08-08 07:00:00,59.81,60.0,59.43,60.0,2490100,unknown,vnstock_market_equity_ohlcv
MWG,2022-08-09 07:00:00,60.19,60.67,60.0,60.38,2806100,unknown,vnstock_market_equity_ohlcv
MWG,2022-08-10 07:00:00,60.38,61.34,60.1,60.67,1974900,unknown,vnstock_market_equity_ohlcv
MWG,2022-08-11 07:00:00,61.05,61.24,59.62,60.1,2719100,unknown,vnstock_market_equity_ohlcv
MWG,2022-08-12 07:00:00,60.0,60.76,59.33,60.1,2419300,unknown,vnstock_market_equity_ohlcv
MWG,2022-08-15 07:00:00,60.38,62.0,60.1,62.0,4433600,unknown,vnstock_market_equity_ohlcv
MWG,2022-08-16 07:00:00,62.0,63.91,62.0,62.96,3910700,unknown,vnstock_market_equity_ohlcv
MWG,2022-08-17 07:00:00,62.96,63.34,62.0,62.0,2518800,unknown,vnstock_market_equity_ohlcv
MWG,2022-08-18 07:00:00,62.0,62.77,60.95,61.53,4073800,unknown,vnstock_market_equity_ohlcv
MWG,2022-08-19 07:00:00,61.53,62.38,60.19,61.14,2276400,unknown,vnstock_market_equity_ohlcv
MWG,2022-08-22 07:00:00,61.62,63.82,61.53,63.43,5855600,unknown,vnstock_market_equity_ohlcv
MWG,2022-08-23 07:00:00,62.86,64.67,62.86,63.82,4014500,unknown,vnstock_market_equity_ohlcv
MWG,2022-08-24 07:00:00,63.82,64.1,63.24,63.72,2219300,unknown,vnstock_market_equity_ohlcv
MWG,2022-08-25 07:00:00,64.58,65.53,64.2,65.25,5153200,unknown,vnstock_market_equity_ohlcv
MWG,2022-08-26 07:00:00,65.53,69.73,65.53,68.87,10847500,unknown,vnstock_market_equity_ohlcv
MWG,2022-08-29 07:00:00,68.49,70.59,67.44,70.59,7689600,unknown,vnstock_market_equity_ohlcv
MWG,2022-08-30 07:00:00,71.06,71.54,69.54,69.92,4227200,unknown,vnstock_market_equity_ohlcv
MWG,2022-08-31 07:00:00,69.16,70.59,69.16,70.59,4620000,unknown,vnstock_market_equity_ohlcv
MWG,2022-09-05 07:00:00,70.49,70.49,69.16,69.16,2694200,unknown,vnstock_market_equity_ohlcv
MWG,2022-09-06 07:00:00,69.25,69.92,69.06,69.54,2599300,unknown,vnstock_market_equity_ohlcv
MWG,2022-09-07 07:00:00,69.25,69.44,67.34,67.44,5672100,unknown,vnstock_market_equity_ohlcv
MWG,2022-09-08 07:00:00,68.2,68.97,67.25,68.2,3748300,unknown,vnstock_market_equity_ohlcv
MWG,2022-09-09 07:00:00,68.68,69.06,67.54,68.68,2784800,unknown,vnstock_market_equity_ohlcv
MWG,2022-09-12 07:00:00,68.87,71.92,68.78,70.59,7347100,unknown,vnstock_market_equity_ohlcv
MWG,2022-09-13 07:00:00,70.59,70.97,69.92,70.68,1957900,unknown,vnstock_market_equity_ohlcv
MWG,2022-09-14 07:00:00,69.35,70.49,69.25,70.3,3704500,unknown,vnstock_market_equity_ohlcv
MWG,2022-09-15 07:00:00,70.3,71.35,70.02,70.49,3182500,unknown,vnstock_market_equity_ohlcv
MWG,2022-09-16 07:00:00,70.02,70.3,68.11,68.68,4279700,unknown,vnstock_market_equity_ohlcv
MWG,2022-09-19 07:00:00,68.68,69.44,65.91,67.25,4171600,unknown,vnstock_market_equity_ohlcv
MWG,2022-09-20 07:00:00,67.63,68.68,66.01,68.39,3380900,unknown,vnstock_market_equity_ohlcv
MWG,2022-09-21 07:00:00,67.73,67.73,66.77,66.77,3106200,unknown,vnstock_market_equity_ohlcv
MWG,2022-09-22 07:00:00,65.91,67.54,65.15,66.87,4254200,unknown,vnstock_market_equity_ohlcv
MWG,2022-09-23 07:00:00,66.87,66.87,65.44,66.2,2717600,unknown,vnstock_market_equity_ohlcv
MWG,2022-09-26 07:00:00,64.67,65.06,62.58,64.86,5240200,unknown,vnstock_market_equity_ohlcv
MWG,2022-09-27 07:00:00,64.29,64.86,63.72,64.01,1536300,unknown,vnstock_market_equity_ohlcv
MWG,2022-09-28 07:00:00,63.05,63.91,62.0,62.0,2724500,unknown,vnstock_market_equity_ohlcv
MWG,2022-09-29 07:00:00,63.43,63.43,60.76,61.05,2545200,unknown,vnstock_market_equity_ohlcv
MWG,2022-09-30 07:00:00,60.76,61.24,58.86,61.05,4371100,unknown,vnstock_market_equity_ohlcv
MWG,2022-10-03 07:00:00,60.0,60.0,56.85,56.85,4026100,unknown,vnstock_market_equity_ohlcv
MWG,2022-10-04 07:00:00,58.38,58.47,57.33,58.19,4024500,unknown,vnstock_market_equity_ohlcv
MWG,2022-10-05 07:00:00,58.19,60.19,58.19,59.33,2124200,unknown,vnstock_market_equity_ohlcv
MWG,2022-10-06 07:00:00,59.33,59.43,55.32,55.32,3170300,unknown,vnstock_market_equity_ohlcv
MWG,2022-10-07 07:00:00,53.9,55.23,51.51,51.51,5573700,unknown,vnstock_market_equity_ohlcv
MWG,2022-10-10 07:00:00,50.65,54.66,50.56,54.47,3911600,unknown,vnstock_market_equity_ohlcv
MWG,2022-10-11 07:00:00,54.47,54.94,51.6,52.84,2333500,unknown,vnstock_market_equity_ohlcv
MWG,2022-10-12 07:00:00,52.94,56.09,52.94,54.85,2886100,unknown,vnstock_market_equity_ohlcv
MWG,2022-10-13 07:00:00,54.37,55.52,53.9,54.94,1531100,unknown,vnstock_market_equity_ohlcv
MWG,2022-10-14 07:00:00,55.32,57.52,55.32,57.14,2989900,unknown,vnstock_market_equity_ohlcv
MWG,2022-10-17 07:00:00,56.85,56.85,55.14,56.18,2674800,unknown,vnstock_market_equity_ohlcv
MWG,2022-10-18 07:00:00,57.14,57.71,55.9,56.28,2054300,unknown,vnstock_market_equity_ohlcv
MWG,2022-10-19 07:00:00,56.47,56.76,55.61,56.28,1407400,unknown,vnstock_market_equity_ohlcv
MWG,2022-10-20 07:00:00,55.52,56.28,55.23,55.71,1811200,unknown,vnstock_market_equity_ohlcv
MWG,2022-10-21 07:00:00,55.61,55.61,51.89,51.89,4238200,unknown,vnstock_market_equity_ohlcv
MWG,2022-10-24 07:00:00,51.99,52.46,48.27,48.27,4828000,unknown,vnstock_market_equity_ohlcv
MWG,2022-10-25 07:00:00,48.36,51.51,46.74,49.6,4400700,unknown,vnstock_market_equity_ohlcv
MWG,2022-10-26 07:00:00,49.7,50.08,48.27,49.51,1528200,unknown,vnstock_market_equity_ohlcv
MWG,2022-10-27 07:00:00,48.93,51.41,48.93,50.84,2990400,unknown,vnstock_market_equity_ohlcv
MWG,2022-10-28 07:00:00,51.03,51.89,50.36,50.75,1802000,unknown,vnstock_market_equity_ohlcv
MWG,2022-10-31 07:00:00,49.98,50.46,47.22,49.22,3903900,unknown,vnstock_market_equity_ohlcv
MWG,2022-11-01 07:00:00,49.6,50.08,47.79,47.79,1999200,unknown,vnstock_market_equity_ohlcv
MWG,2022-11-02 07:00:00,47.69,47.98,44.64,45.79,4317000,unknown,vnstock_market_equity_ohlcv
MWG,2022-11-03 07:00:00,46.74,47.98,45.88,47.22,2600000,unknown,vnstock_market_equity_ohlcv
MWG,2022-11-04 07:00:00,45.36,45.79,43.93,43.93,5742900,unknown,vnstock_market_equity_ohlcv
MWG,2022-11-07 07:00:00,43.88,44.4,40.87,40.87,5344200,unknown,vnstock_market_equity_ohlcv
MWG,2022-11-08 07:00:00,40.87,43.5,39.4,42.54,4117000,unknown,vnstock_market_equity_ohlcv
MWG,2022-11-09 07:00:00,42.92,44.31,42.5,43.4,2156900,unknown,vnstock_market_equity_ohlcv
MWG,2022-11-10 07:00:00,42.88,42.88,40.4,40.4,3670600,unknown,vnstock_market_equity_ohlcv
MWG,2022-11-11 07:00:00,41.4,42.35,41.02,41.02,3565100,unknown,vnstock_market_equity_ohlcv
MWG,2022-11-14 07:00:00,40.06,40.78,38.54,38.78,3514300,unknown,vnstock_market_equity_ohlcv
MWG,2022-11-15 07:00:00,36.44,37.68,36.1,36.1,2983600,unknown,vnstock_market_equity_ohlcv
MWG,2022-11-16 07:00:00,33.62,38.58,33.62,38.58,8555200,unknown,vnstock_market_equity_ohlcv
MWG,2022-11-17 07:00:00,39.83,40.92,38.92,39.87,2857700,unknown,vnstock_market_equity_ohlcv
MWG,2022-11-18 07:00:00,39.11,40.3,38.06,40.21,4367700,unknown,vnstock_market_equity_ohlcv
MWG,2022-11-21 07:00:00,40.02,40.02,38.78,38.78,1762800,unknown,vnstock_market_equity_ohlcv
MWG,2022-11-22 07:00:00,38.35,39.68,38.01,38.35,3707900,unknown,vnstock_market_equity_ohlcv
MWG,2022-11-23 07:00:00,38.44,39.01,38.25,38.63,1510200,unknown,vnstock_market_equity_ohlcv
MWG,2022-11-24 07:00:00,37.39,37.39,35.96,35.96,7862600,unknown,vnstock_market_equity_ohlcv
MWG,2022-11-25 07:00:00,35.82,36.53,34.82,36.06,2595300,unknown,vnstock_market_equity_ohlcv
MWG,2022-11-28 07:00:00,36.53,38.54,36.53,38.3,4322000,unknown,vnstock_market_equity_ohlcv
MWG,2022-11-29 07:00:00,38.63,40.83,38.63,40.83,5268600,unknown,vnstock_market_equity_ohlcv
MWG,2022-11-30 07:00:00,41.59,42.92,41.02,42.07,3777700,unknown,vnstock_market_equity_ohlcv
MWG,2022-12-01 07:00:00,42.92,43.5,40.78,42.02,5855800,unknown,vnstock_market_equity_ohlcv
MWG,2022-12-02 07:00:00,41.4,44.83,41.4,44.83,6464800,unknown,vnstock_market_equity_ohlcv
MWG,2022-12-05 07:00:00,44.88,46.6,44.88,45.4,4146000,unknown,vnstock_market_equity_ohlcv
MWG,2022-12-06 07:00:00,45.02,45.02,42.3,42.3,4093900,unknown,vnstock_market_equity_ohlcv
MWG,2022-12-07 07:00:00,42.3,42.92,41.49,42.78,2930100,unknown,vnstock_market_equity_ohlcv
MWG,2022-12-08 07:00:00,43.69,44.83,43.12,43.88,2626500,unknown,vnstock_market_equity_ohlcv
MWG,2022-12-09 07:00:00,43.88,44.45,43.26,44.07,1675300,unknown,vnstock_market_equity_ohlcv
MWG,2022-12-12 07:00:00,44.07,45.12,42.92,43.78,3474400,unknown,vnstock_market_equity_ohlcv
MWG,2022-12-13 07:00:00,43.64,44.26,42.35,44.26,1956200,unknown,vnstock_market_equity_ohlcv
MWG,2022-12-14 07:00:00,45.12,45.12,43.69,44.31,2187800,unknown,vnstock_market_equity_ohlcv
MWG,2022-12-15 07:00:00,44.31,45.31,44.02,44.83,2539400,unknown,vnstock_market_equity_ohlcv
MWG,2022-12-16 07:00:00,44.59,45.74,43.78,45.64,3003400,unknown,vnstock_market_equity_ohlcv
MWG,2022-12-19 07:00:00,45.4,46.55,44.98,44.98,3782800,unknown,vnstock_market_equity_ohlcv
MWG,2022-12-20 07:00:00,44.45,44.69,42.16,44.36,3352500,unknown,vnstock_market_equity_ohlcv
MWG,2022-12-21 07:00:00,44.36,44.59,42.3,44.26,2052300,unknown,vnstock_market_equity_ohlcv
MWG,2022-12-22 07:00:00,44.21,44.55,43.21,44.36,1519800,unknown,vnstock_market_equity_ohlcv
MWG,2022-12-23 07:00:00,44.36,44.36,43.45,43.69,1584400,unknown,vnstock_market_equity_ohlcv
MWG,2022-12-26 07:00:00,43.4,43.64,40.64,40.64,2559500,unknown,vnstock_market_equity_ohlcv
MWG,2022-12-27 07:00:00,39.59,41.78,39.59,41.78,2324700,unknown,vnstock_market_equity_ohlcv
MWG,2022-12-28 07:00:00,41.02,41.21,39.97,41.02,1389600,unknown,vnstock_market_equity_ohlcv
MWG,2022-12-29 07:00:00,40.54,40.92,40.16,40.92,1212100,unknown,vnstock_market_equity_ohlcv
MWG,2022-12-30 07:00:00,40.83,41.02,40.11,40.92,1652400,unknown,vnstock_market_equity_ohlcv
NKG,2022-05-04 07:00:00,20.93,21.04,19.94,20.25,5243000,unknown,vnstock_market_equity_ohlcv
NKG,2022-05-05 07:00:00,20.62,20.62,19.14,19.85,4083500,unknown,vnstock_market_equity_ohlcv
NKG,2022-05-06 07:00:00,18.8,20.99,18.8,19.62,5606200,unknown,vnstock_market_equity_ohlcv
NKG,2022-05-09 07:00:00,19.11,19.54,18.26,18.26,4337700,unknown,vnstock_market_equity_ohlcv
NKG,2022-05-10 07:00:00,17.09,18.26,17.09,18.26,4767100,unknown,vnstock_market_equity_ohlcv
NKG,2022-05-11 07:00:00,18.32,18.46,17.66,18.12,4272300,unknown,vnstock_market_equity_ohlcv
NKG,2022-05-12 07:00:00,17.89,18.06,16.86,16.86,4798500,unknown,vnstock_market_equity_ohlcv
NKG,2022-05-13 07:00:00,16.1,16.86,15.7,15.7,5551500,unknown,vnstock_market_equity_ohlcv
NKG,2022-05-16 07:00:00,15.7,16.27,14.62,14.62,5495000,unknown,vnstock_market_equity_ohlcv
NKG,2022-05-17 07:00:00,14.22,15.61,13.94,15.61,7772900,unknown,vnstock_market_equity_ohlcv
NKG,2022-05-18 07:00:00,16.44,16.69,15.96,16.5,6711500,unknown,vnstock_market_equity_ohlcv
NKG,2022-05-19 07:00:00,16.04,16.58,16.04,16.32,3794900,unknown,vnstock_market_equity_ohlcv
NKG,2022-05-20 07:00:00,16.21,16.95,16.21,16.89,6530600,unknown,vnstock_market_equity_ohlcv
NKG,2022-05-23 07:00:00,16.95,17.43,16.67,17.06,7472200,unknown,vnstock_market_equity_ohlcv
NKG,2022-05-24 07:00:00,17.18,17.32,15.87,16.12,9478000,unknown,vnstock_market_equity_ohlcv
NKG,2022-05-25 07:00:00,15.98,17.06,15.58,16.92,9677700,unknown,vnstock_market_equity_ohlcv
NKG,2022-05-26 07:00:00,17.06,17.46,16.98,17.12,4913300,unknown,vnstock_market_equity_ohlcv
NKG,2022-05-27 07:00:00,17.06,18.2,16.81,17.66,12035200,unknown,vnstock_market_equity_ohlcv
NKG,2022-05-30 07:00:00,17.8,17.8,17.49,17.63,5618900,unknown,vnstock_market_equity_ohlcv
NKG,2022-05-31 07:00:00,17.63,17.63,16.95,17.04,7640400,unknown,vnstock_market_equity_ohlcv
NKG,2022-06-01 07:00:00,17.04,17.06,16.21,16.38,10560600,unknown,vnstock_market_equity_ohlcv
NKG,2022-06-02 07:00:00,16.38,16.78,16.21,16.38,5760500,unknown,vnstock_market_equity_ohlcv
NKG,2022-06-03 07:00:00,16.95,17.12,16.66,16.84,5558000,unknown,vnstock_market_equity_ohlcv
NKG,2022-06-06 07:00:00,16.84,17.02,15.92,16.06,5012500,unknown,vnstock_market_equity_ohlcv
NKG,2022-06-07 07:00:00,15.74,15.92,15.0,15.14,5919700,unknown,vnstock_market_equity_ohlcv
NKG,2022-06-08 07:00:00,15.64,15.78,15.14,15.78,5746200,unknown,vnstock_market_equity_ohlcv
NKG,2022-06-09 07:00:00,15.92,16.88,15.78,16.88,13549900,unknown,vnstock_market_equity_ohlcv
NKG,2022-06-10 07:00:00,16.98,17.58,16.66,16.7,10220200,unknown,vnstock_market_equity_ohlcv
NKG,2022-06-13 07:00:00,15.99,16.27,15.53,15.53,8158500,unknown,vnstock_market_equity_ohlcv
NKG,2022-06-14 07:00:00,14.86,15.39,14.47,14.65,9665400,unknown,vnstock_market_equity_ohlcv
NKG,2022-06-15 07:00:00,14.29,14.86,13.66,13.66,9926400,unknown,vnstock_market_equity_ohlcv
NKG,2022-06-16 07:00:00,14.12,14.22,13.59,13.62,5895600,unknown,vnstock_market_equity_ohlcv
NKG,2022-06-17 07:00:00,12.88,13.02,12.7,12.7,6268900,unknown,vnstock_market_equity_ohlcv
NKG,2022-06-20 07:00:00,12.24,12.95,11.82,11.82,10097800,unknown,vnstock_market_equity_ohlcv
NKG,2022-06-21 07:00:00,11.18,12.03,11.04,11.07,7053800,unknown,vnstock_market_equity_ohlcv
NKG,2022-06-22 07:00:00,11.43,11.82,11.14,11.68,7632600,unknown,vnstock_market_equity_ohlcv
NKG,2022-06-23 07:00:00,11.71,11.89,11.46,11.85,2851900,unknown,vnstock_market_equity_ohlcv
NKG,2022-06-24 07:00:00,11.92,12.67,11.89,12.24,7838600,unknown,vnstock_market_equity_ohlcv
NKG,2022-06-27 07:00:00,12.31,13.02,11.96,13.02,8143900,unknown,vnstock_market_equity_ohlcv
NKG,2022-06-28 07:00:00,13.02,13.3,12.7,12.88,5288800,unknown,vnstock_market_equity_ohlcv
NKG,2022-06-29 07:00:00,12.6,13.59,12.6,13.41,9017100,unknown,vnstock_market_equity_ohlcv
NKG,2022-06-30 07:00:00,13.41,13.76,12.6,12.6,8252200,unknown,vnstock_market_equity_ohlcv
NKG,2022-07-01 07:00:00,12.6,13.23,12.1,13.23,6898300,unknown,vnstock_market_equity_ohlcv
NKG,2022-07-04 07:00:00,13.44,13.52,13.09,13.23,6406400,unknown,vnstock_market_equity_ohlcv
NKG,2022-07-05 07:00:00,13.13,13.76,13.09,13.23,12392900,unknown,vnstock_market_equity_ohlcv
NKG,2022-07-06 07:00:00,13.02,13.62,12.81,13.09,9761600,unknown,vnstock_market_equity_ohlcv
NKG,2022-07-07 07:00:00,13.23,13.34,12.7,13.02,4851000,unknown,vnstock_market_equity_ohlcv
NKG,2022-07-08 07:00:00,13.16,13.62,13.13,13.44,8998800,unknown,vnstock_market_equity_ohlcv
NKG,2022-07-11 07:00:00,13.3,13.62,12.98,13.3,6821400,unknown,vnstock_market_equity_ohlcv
NKG,2022-07-12 07:00:00,13.3,14.01,13.09,13.66,8622700,unknown,vnstock_market_equity_ohlcv
NKG,2022-07-13 07:00:00,13.66,14.12,13.55,13.73,10562600,unknown,vnstock_market_equity_ohlcv
NKG,2022-07-14 07:00:00,13.59,13.87,13.37,13.8,6932800,unknown,vnstock_market_equity_ohlcv
NKG,2022-07-15 07:00:00,13.94,14.58,13.9,14.08,13350200,unknown,vnstock_market_equity_ohlcv
NKG,2022-07-18 07:00:00,14.22,14.22,13.52,13.66,8208200,unknown,vnstock_market_equity_ohlcv
NKG,2022-07-19 07:00:00,13.52,13.59,13.2,13.23,7474400,unknown,vnstock_market_equity_ohlcv
NKG,2022-07-20 07:00:00,13.37,13.83,13.3,13.62,11248100,unknown,vnstock_market_equity_ohlcv
NKG,2022-07-21 07:00:00,13.66,14.01,13.66,13.76,6938400,unknown,vnstock_market_equity_ohlcv
NKG,2022-07-22 07:00:00,13.69,13.87,13.59,13.62,6988700,unknown,vnstock_market_equity_ohlcv
NKG,2022-07-25 07:00:00,13.44,13.52,13.09,13.09,7419900,unknown,vnstock_market_equity_ohlcv
NKG,2022-07-26 07:00:00,12.98,13.23,12.38,12.38,11830500,unknown,vnstock_market_equity_ohlcv
NKG,2022-07-27 07:00:00,12.1,12.35,12.06,12.24,6790600,unknown,vnstock_market_equity_ohlcv
NKG,2022-07-28 07:00:00,12.52,12.74,12.42,12.52,4790700,unknown,vnstock_market_equity_ohlcv
NKG,2022-07-29 07:00:00,12.74,12.84,12.6,12.6,5574800,unknown,vnstock_market_equity_ohlcv
NKG,2022-08-01 07:00:00,12.6,13.44,12.6,13.44,15790500,unknown,vnstock_market_equity_ohlcv
NKG,2022-08-02 07:00:00,13.52,13.83,13.48,13.69,8945700,unknown,vnstock_market_equity_ohlcv
NKG,2022-08-03 07:00:00,13.52,14.65,13.44,14.65,20931500,unknown,vnstock_market_equity_ohlcv
NKG,2022-08-04 07:00:00,14.75,15.11,14.58,14.65,14041800,unknown,vnstock_market_equity_ohlcv
NKG,2022-08-05 07:00:00,14.44,14.9,14.36,14.75,8937900,unknown,vnstock_market_equity_ohlcv
NKG,2022-08-08 07:00:00,14.82,15.36,14.72,15.36,17054800,unknown,vnstock_market_equity_ohlcv
NKG,2022-08-09 07:00:00,15.57,15.64,15.25,15.43,11425600,unknown,vnstock_market_equity_ohlcv
NKG,2022-08-10 07:00:00,15.36,15.57,14.97,15.21,12138100,unknown,vnstock_market_equity_ohlcv
NKG,2022-08-11 07:00:00,15.39,15.43,14.54,14.58,16850600,unknown,vnstock_market_equity_ohlcv
NKG,2022-08-12 07:00:00,14.58,15.57,14.54,15.39,14262000,unknown,vnstock_market_equity_ohlcv
NKG,2022-08-15 07:00:00,15.43,15.67,15.28,15.39,10084900,unknown,vnstock_market_equity_ohlcv
NKG,2022-08-16 07:00:00,15.39,16.13,15.28,15.71,19474800,unknown,vnstock_market_equity_ohlcv
NKG,2022-08-17 07:00:00,15.71,15.82,15.28,15.39,14182100,unknown,vnstock_market_equity_ohlcv
NKG,2022-08-18 07:00:00,15.36,15.64,15.28,15.43,8381500,unknown,vnstock_market_equity_ohlcv
NKG,2022-08-19 07:00:00,15.43,15.57,15.04,15.11,12753400,unknown,vnstock_market_equity_ohlcv
NKG,2022-08-22 07:00:00,15.0,15.5,14.86,15.21,8847600,unknown,vnstock_market_equity_ohlcv
NKG,2022-08-23 07:00:00,15.14,15.6,15.11,15.6,8909100,unknown,vnstock_market_equity_ohlcv
NKG,2022-08-24 07:00:00,15.74,15.78,15.46,15.53,11309400,unknown,vnstock_market_equity_ohlcv
NKG,2022-08-25 07:00:00,15.67,16.13,15.53,15.92,16966700,unknown,vnstock_market_equity_ohlcv
NKG,2022-08-26 07:00:00,15.96,15.99,15.46,15.53,10000000,unknown,vnstock_market_equity_ohlcv
NKG,2022-08-29 07:00:00,14.86,15.21,14.61,15.14,14238400,unknown,vnstock_market_equity_ohlcv
NKG,2022-08-30 07:00:00,15.25,15.43,14.9,14.9,8095400,unknown,vnstock_market_equity_ohlcv
NKG,2022-08-31 07:00:00,14.58,15.28,14.58,15.0,6160900,unknown,vnstock_market_equity_ohlcv
NKG,2022-09-05 07:00:00,15.25,16.03,15.21,16.03,27827700,unknown,vnstock_market_equity_ohlcv
NKG,2022-09-06 07:00:00,16.42,16.42,15.92,15.96,14903400,unknown,vnstock_market_equity_ohlcv
NKG,2022-09-07 07:00:00,16.17,16.42,15.82,15.96,29128300,unknown,vnstock_market_equity_ohlcv
NKG,2022-09-08 07:00:00,16.2,16.24,15.43,15.43,13231800,unknown,vnstock_market_equity_ohlcv
NKG,2022-09-09 07:00:00,15.64,16.27,14.86,16.27,16171800,unknown,vnstock_market_equity_ohlcv
NKG,2022-09-12 07:00:00,16.49,16.88,16.27,16.49,17962500,unknown,vnstock_market_equity_ohlcv
NKG,2022-09-13 07:00:00,16.49,16.63,16.1,16.56,13340400,unknown,vnstock_market_equity_ohlcv
NKG,2022-09-14 07:00:00,16.27,16.81,16.13,16.74,17735400,unknown,vnstock_market_equity_ohlcv
NKG,2022-09-15 07:00:00,16.88,16.95,16.42,16.42,10486600,unknown,vnstock_market_equity_ohlcv
NKG,2022-09-16 07:00:00,16.27,16.35,15.64,15.71,15910700,unknown,vnstock_market_equity_ohlcv
NKG,2022-09-19 07:00:00,15.71,15.82,14.61,14.61,21124000,unknown,vnstock_market_equity_ohlcv
NKG,2022-09-20 07:00:00,14.79,14.93,14.15,14.68,9262900,unknown,vnstock_market_equity_ohlcv
NKG,2022-09-21 07:00:00,14.58,15.07,14.44,14.75,6707000,unknown,vnstock_market_equity_ohlcv
NKG,2022-09-22 07:00:00,14.51,15.25,14.51,15.21,8522300,unknown,vnstock_market_equity_ohlcv
NKG,2022-09-23 07:00:00,15.18,15.39,14.93,14.97,8403100,unknown,vnstock_market_equity_ohlcv
NKG,2022-09-26 07:00:00,14.51,14.79,13.94,14.12,13453700,unknown,vnstock_market_equity_ohlcv
NKG,2022-09-27 07:00:00,14.26,14.33,13.66,13.66,6680700,unknown,vnstock_market_equity_ohlcv
NKG,2022-09-28 07:00:00,13.48,13.94,13.3,13.44,9345100,unknown,vnstock_market_equity_ohlcv
NKG,2022-09-29 07:00:00,13.87,13.87,12.95,12.95,6505900,unknown,vnstock_market_equity_ohlcv
NKG,2022-09-30 07:00:00,12.88,13.09,12.06,12.95,8762200,unknown,vnstock_market_equity_ohlcv
NKG,2022-10-03 07:00:00,12.95,12.95,12.06,12.06,7261600,unknown,vnstock_market_equity_ohlcv
NKG,2022-10-04 07:00:00,12.28,12.35,11.75,11.75,7777400,unknown,vnstock_market_equity_ohlcv
NKG,2022-10-05 07:00:00,12.1,12.38,11.89,12.31,3629900,unknown,vnstock_market_equity_ohlcv
NKG,2022-10-06 07:00:00,12.38,12.38,11.46,11.46,8056900,unknown,vnstock_market_equity_ohlcv
NKG,2022-10-07 07:00:00,10.83,11.18,10.68,10.68,8171400,unknown,vnstock_market_equity_ohlcv
NKG,2022-10-10 07:00:00,10.44,11.43,10.33,11.43,8786000,unknown,vnstock_market_equity_ohlcv
NKG,2022-10-11 07:00:00,11.46,11.85,11.11,11.43,8435300,unknown,vnstock_market_equity_ohlcv
NKG,2022-10-12 07:00:00,11.57,12.21,11.57,12.17,7160700,unknown,vnstock_market_equity_ohlcv
NKG,2022-10-13 07:00:00,12.03,12.35,11.96,12.24,5169900,unknown,vnstock_market_equity_ohlcv
NKG,2022-10-14 07:00:00,12.45,12.52,12.17,12.28,6157600,unknown,vnstock_market_equity_ohlcv
NKG,2022-10-17 07:00:00,12.03,12.38,11.85,12.38,5469800,unknown,vnstock_market_equity_ohlcv
NKG,2022-10-18 07:00:00,12.6,12.67,12.24,12.42,5892100,unknown,vnstock_market_equity_ohlcv
NKG,2022-10-19 07:00:00,12.35,12.38,12.03,12.03,3943300,unknown,vnstock_market_equity_ohlcv
NKG,2022-10-20 07:00:00,12.03,12.28,11.89,12.03,4863100,unknown,vnstock_market_equity_ohlcv
NKG,2022-10-21 07:00:00,12.1,12.1,11.22,11.22,9339100,unknown,vnstock_market_equity_ohlcv
NKG,2022-10-24 07:00:00,11.07,11.22,10.44,10.44,6964200,unknown,vnstock_market_equity_ohlcv
NKG,2022-10-25 07:00:00,10.26,11.14,9.91,10.76,8400900,unknown,vnstock_market_equity_ohlcv
NKG,2022-10-26 07:00:00,10.97,10.97,10.3,10.44,2997600,unknown,vnstock_market_equity_ohlcv
NKG,2022-10-27 07:00:00,10.44,11.11,10.3,11.04,8058200,unknown,vnstock_market_equity_ohlcv
NKG,2022-10-28 07:00:00,11.25,11.25,10.3,10.3,11812400,unknown,vnstock_market_equity_ohlcv
NKG,2022-10-31 07:00:00,9.59,9.87,9.59,9.59,10698900,unknown,vnstock_market_equity_ohlcv
NKG,2022-11-01 07:00:00,9.8,9.98,9.06,9.13,11647900,unknown,vnstock_market_equity_ohlcv
NKG,2022-11-02 07:00:00,9.13,9.52,9.13,9.52,6241100,unknown,vnstock_market_equity_ohlcv
NKG,2022-11-03 07:00:00,9.38,9.48,9.06,9.13,4035100,unknown,vnstock_market_equity_ohlcv
NKG,2022-11-04 07:00:00,9.06,9.13,8.49,8.49,8160900,unknown,vnstock_market_equity_ohlcv
NKG,2022-11-07 07:00:00,8.21,8.49,7.92,7.92,7310700,unknown,vnstock_market_equity_ohlcv
NKG,2022-11-08 07:00:00,7.4,7.64,7.4,7.4,7007600,unknown,vnstock_market_equity_ohlcv
NKG,2022-11-09 07:00:00,7.4,7.57,6.88,6.88,8387200,unknown,vnstock_market_equity_ohlcv
NKG,2022-11-10 07:00:00,6.51,6.72,6.4,6.4,4192000,unknown,vnstock_market_equity_ohlcv
NKG,2022-11-11 07:00:00,6.02,6.4,5.95,5.95,10954900,unknown,vnstock_market_equity_ohlcv
NKG,2022-11-14 07:00:00,5.57,5.77,5.54,5.63,9053300,unknown,vnstock_market_equity_ohlcv
NKG,2022-11-15 07:00:00,5.46,5.79,5.24,5.24,7994400,unknown,vnstock_market_equity_ohlcv
NKG,2022-11-16 07:00:00,4.94,5.6,4.88,5.6,8094500,unknown,vnstock_market_equity_ohlcv
NKG,2022-11-17 07:00:00,5.97,5.99,5.8,5.99,3720800,unknown,vnstock_market_equity_ohlcv
NKG,2022-11-18 07:00:00,6.22,6.4,5.94,6.4,17247800,unknown,vnstock_market_equity_ohlcv
NKG,2022-11-21 07:00:00,6.46,6.84,6.44,6.84,7180600,unknown,vnstock_market_equity_ohlcv
NKG,2022-11-22 07:00:00,6.83,7.18,6.44,6.51,12632900,unknown,vnstock_market_equity_ohlcv
NKG,2022-11-23 07:00:00,6.44,6.65,6.16,6.16,6959300,unknown,vnstock_market_equity_ohlcv
NKG,2022-11-24 07:00:00,6.02,6.57,5.96,6.57,6608600,unknown,vnstock_market_equity_ohlcv
NKG,2022-11-25 07:00:00,6.72,7.0,6.62,7.0,6655300,unknown,vnstock_market_equity_ohlcv
NKG,2022-11-28 07:00:00,7.29,7.46,7.15,7.46,12158500,unknown,vnstock_market_equity_ohlcv
NKG,2022-11-29 07:00:00,7.57,7.92,7.18,7.68,12836400,unknown,vnstock_market_equity_ohlcv
NKG,2022-11-30 07:00:00,7.71,7.96,7.46,7.78,10020700,unknown,vnstock_market_equity_ohlcv
NKG,2022-12-01 07:00:00,8.0,8.31,7.92,8.31,27610600,unknown,vnstock_market_equity_ohlcv
NKG,2022-12-02 07:00:00,8.28,8.88,8.24,8.88,12677300,unknown,vnstock_market_equity_ohlcv
NKG,2022-12-05 07:00:00,9.41,9.48,9.06,9.48,13863500,unknown,vnstock_market_equity_ohlcv
NKG,2022-12-06 07:00:00,9.41,9.45,8.85,8.85,22935000,unknown,vnstock_market_equity_ohlcv
NKG,2022-12-07 07:00:00,8.46,8.77,8.24,8.42,14651700,unknown,vnstock_market_equity_ohlcv
NKG,2022-12-08 07:00:00,8.56,8.99,8.53,8.99,12382300,unknown,vnstock_market_equity_ohlcv
NKG,2022-12-09 07:00:00,9.06,9.52,8.74,9.41,11987600,unknown,vnstock_market_equity_ohlcv
NKG,2022-12-12 07:00:00,9.55,9.76,8.77,8.81,12494200,unknown,vnstock_market_equity_ohlcv
NKG,2022-12-13 07:00:00,8.81,9.2,8.46,9.2,9149300,unknown,vnstock_market_equity_ohlcv
NKG,2022-12-14 07:00:00,9.41,9.55,9.13,9.2,10366800,unknown,vnstock_market_equity_ohlcv
NKG,2022-12-15 07:00:00,9.06,9.48,9.06,9.34,11705100,unknown,vnstock_market_equity_ohlcv
NKG,2022-12-16 07:00:00,9.2,9.98,9.2,9.98,15188000,unknown,vnstock_market_equity_ohlcv
NKG,2022-12-19 07:00:00,10.26,10.65,9.98,9.98,20966000,unknown,vnstock_market_equity_ohlcv
NKG,2022-12-20 07:00:00,9.98,10.54,9.45,10.37,25882700,unknown,vnstock_market_equity_ohlcv
NKG,2022-12-21 07:00:00,10.54,10.58,9.66,9.76,13402600,unknown,vnstock_market_equity_ohlcv
NKG,2022-12-22 07:00:00,9.91,10.01,9.13,9.41,10900600,unknown,vnstock_market_equity_ohlcv
NKG,2022-12-23 07:00:00,9.38,9.41,8.77,8.77,12512300,unknown,vnstock_market_equity_ohlcv
NKG,2022-12-26 07:00:00,8.53,8.74,8.17,8.17,12085600,unknown,vnstock_market_equity_ohlcv
NKG,2022-12-27 07:00:00,8.14,8.74,8.0,8.74,9207900,unknown,vnstock_market_equity_ohlcv
NKG,2022-12-28 07:00:00,8.92,9.02,8.74,8.74,5818200,unknown,vnstock_market_equity_ohlcv
NKG,2022-12-29 07:00:00,8.74,8.92,8.49,8.67,5596000,unknown,vnstock_market_equity_ohlcv
NKG,2022-12-30 07:00:00,8.81,8.85,8.56,8.67,3898300,unknown,vnstock_market_equity_ohlcv
NVL,2022-05-04 07:00:00,76.43,76.71,74.57,75.03,3050100,unknown,vnstock_market_equity_ohlcv
NVL,2022-05-05 07:00:00,75.5,76.15,74.66,75.68,2172500,unknown,vnstock_market_equity_ohlcv
NVL,2022-05-06 07:00:00,75.5,75.5,74.38,75.31,3892300,unknown,vnstock_market_equity_ohlcv
NVL,2022-05-09 07:00:00,74.94,75.03,72.89,73.17,3577100,unknown,vnstock_market_equity_ohlcv
NVL,2022-05-10 07:00:00,71.77,73.63,71.4,73.63,3350000,unknown,vnstock_market_equity_ohlcv
NVL,2022-05-11 07:00:00,74.66,75.22,72.8,73.35,2688300,unknown,vnstock_market_equity_ohlcv
NVL,2022-05-12 07:00:00,74.1,74.57,69.63,70.18,3516100,unknown,vnstock_market_equity_ohlcv
NVL,2022-05-13 07:00:00,69.91,72.05,67.58,69.91,3817000,unknown,vnstock_market_equity_ohlcv
NVL,2022-05-16 07:00:00,70.0,70.18,68.6,69.91,2173400,unknown,vnstock_market_equity_ohlcv
NVL,2022-05-17 07:00:00,69.91,72.98,69.07,72.98,2759700,unknown,vnstock_market_equity_ohlcv
NVL,2022-05-18 07:00:00,72.98,72.98,69.91,72.98,2807100,unknown,vnstock_market_equity_ohlcv
NVL,2022-05-19 07:00:00,71.68,72.98,69.91,72.7,2448500,unknown,vnstock_market_equity_ohlcv
NVL,2022-05-20 07:00:00,72.61,73.17,71.86,72.52,2381900,unknown,vnstock_market_equity_ohlcv
NVL,2022-05-23 07:00:00,72.24,72.33,70.84,71.21,1912800,unknown,vnstock_market_equity_ohlcv
NVL,2022-05-24 07:00:00,71.21,71.96,70.0,71.96,2384700,unknown,vnstock_market_equity_ohlcv
NVL,2022-05-25 07:00:00,72.7,73.54,71.68,73.54,2947500,unknown,vnstock_market_equity_ohlcv
NVL,2022-05-26 07:00:00,73.17,74.57,71.86,72.7,3253700,unknown,vnstock_market_equity_ohlcv
NVL,2022-05-27 07:00:00,72.7,74.1,72.05,73.08,3410700,unknown,vnstock_market_equity_ohlcv
NVL,2022-05-30 07:00:00,73.17,73.35,71.86,73.35,2673200,unknown,vnstock_market_equity_ohlcv
NVL,2022-05-31 07:00:00,72.7,73.17,72.42,72.7,2305900,unknown,vnstock_market_equity_ohlcv
NVL,2022-06-01 07:00:00,72.7,72.98,72.14,72.7,2440800,unknown,vnstock_market_equity_ohlcv
NVL,2022-06-02 07:00:00,72.8,74.47,72.8,73.54,2394400,unknown,vnstock_market_equity_ohlcv
NVL,2022-06-03 07:00:00,73.63,73.91,70.84,72.24,2327400,unknown,vnstock_market_equity_ohlcv
NVL,2022-06-06 07:00:00,70.93,71.86,70.37,71.12,3044600,unknown,vnstock_market_equity_ohlcv
NVL,2022-06-07 07:00:00,70.84,71.3,70.09,70.84,3038300,unknown,vnstock_market_equity_ohlcv
NVL,2022-06-08 07:00:00,71.68,72.14,70.84,71.21,2684900,unknown,vnstock_market_equity_ohlcv
NVL,2022-06-09 07:00:00,71.58,72.05,71.02,71.3,2383800,unknown,vnstock_market_equity_ohlcv
NVL,2022-06-10 07:00:00,71.68,72.24,71.12,71.77,2158000,unknown,vnstock_market_equity_ohlcv
NVL,2022-06-13 07:00:00,71.77,71.77,70.74,70.84,2464100,unknown,vnstock_market_equity_ohlcv
NVL,2022-06-14 07:00:00,70.93,71.77,70.84,71.4,2635200,unknown,vnstock_market_equity_ohlcv
NVL,2022-06-15 07:00:00,71.58,71.77,70.46,71.21,3341200,unknown,vnstock_market_equity_ohlcv
NVL,2022-06-16 07:00:00,71.77,72.98,71.21,72.24,3137300,unknown,vnstock_market_equity_ohlcv
NVL,2022-06-17 07:00:00,72.05,72.98,70.56,70.56,3396400,unknown,vnstock_market_equity_ohlcv
NVL,2022-06-20 07:00:00,71.68,71.68,70.09,70.37,3111300,unknown,vnstock_market_equity_ohlcv
NVL,2022-06-21 07:00:00,70.84,71.12,70.09,70.37,2429400,unknown,vnstock_market_equity_ohlcv
NVL,2022-06-22 07:00:00,70.84,70.93,69.81,70.37,2346000,unknown,vnstock_market_equity_ohlcv
NVL,2022-06-23 07:00:00,69.91,70.18,69.44,69.81,2913600,unknown,vnstock_market_equity_ohlcv
NVL,2022-06-24 07:00:00,67.11,70.65,67.11,68.97,3884600,unknown,vnstock_market_equity_ohlcv
NVL,2022-06-27 07:00:00,69.44,73.45,68.04,73.45,3978700,unknown,vnstock_market_equity_ohlcv
NVL,2022-06-28 07:00:00,72.24,72.24,69.53,70.0,4116100,unknown,vnstock_market_equity_ohlcv
NVL,2022-06-29 07:00:00,70.18,70.93,69.63,70.0,2425200,unknown,vnstock_market_equity_ohlcv
NVL,2022-06-30 07:00:00,70.84,70.84,69.35,69.44,1597500,unknown,vnstock_market_equity_ohlcv
NVL,2022-07-01 07:00:00,69.81,69.81,68.79,69.35,1683800,unknown,vnstock_market_equity_ohlcv
NVL,2022-07-04 07:00:00,69.44,69.91,68.41,68.97,2206200,unknown,vnstock_market_equity_ohlcv
NVL,2022-07-05 07:00:00,69.07,69.72,68.14,68.51,1777900,unknown,vnstock_market_equity_ohlcv
NVL,2022-07-06 07:00:00,68.97,68.97,68.14,68.41,967400,unknown,vnstock_market_equity_ohlcv
NVL,2022-07-07 07:00:00,68.23,68.97,68.14,68.97,1728000,unknown,vnstock_market_equity_ohlcv
NVL,2022-07-08 07:00:00,68.97,69.81,68.23,68.79,1030500,unknown,vnstock_market_equity_ohlcv
NVL,2022-07-11 07:00:00,68.79,68.79,68.23,68.41,957700,unknown,vnstock_market_equity_ohlcv
NVL,2022-07-12 07:00:00,68.32,68.69,67.95,68.41,917300,unknown,vnstock_market_equity_ohlcv
NVL,2022-07-13 07:00:00,68.23,68.88,67.95,68.6,900500,unknown,vnstock_market_equity_ohlcv
NVL,2022-07-14 07:00:00,68.6,68.69,68.04,68.69,1313200,unknown,vnstock_market_equity_ohlcv
NVL,2022-07-15 07:00:00,68.97,68.97,67.86,68.6,1410600,unknown,vnstock_market_equity_ohlcv
NVL,2022-07-18 07:00:00,68.79,68.79,68.14,68.6,1405900,unknown,vnstock_market_equity_ohlcv
NVL,2022-07-19 07:00:00,68.97,69.63,68.23,68.6,1526700,unknown,vnstock_market_equity_ohlcv
NVL,2022-07-20 07:00:00,68.79,68.97,68.14,68.88,918000,unknown,vnstock_market_equity_ohlcv
NVL,2022-07-21 07:00:00,69.35,69.63,68.41,69.16,1867700,unknown,vnstock_market_equity_ohlcv
NVL,2022-07-22 07:00:00,69.44,69.44,68.41,68.88,2107900,unknown,vnstock_market_equity_ohlcv
NVL,2022-07-25 07:00:00,68.32,69.25,68.32,68.69,1266800,unknown,vnstock_market_equity_ohlcv
NVL,2022-07-26 07:00:00,68.23,68.88,68.23,68.88,1102800,unknown,vnstock_market_equity_ohlcv
NVL,2022-07-27 07:00:00,69.35,69.44,68.32,68.69,1806700,unknown,vnstock_market_equity_ohlcv
NVL,2022-07-28 07:00:00,68.88,68.97,68.51,68.97,1735300,unknown,vnstock_market_equity_ohlcv
NVL,2022-07-29 07:00:00,68.97,69.44,68.51,69.44,3009000,unknown,vnstock_market_equity_ohlcv
NVL,2022-08-01 07:00:00,68.97,69.63,68.97,69.63,2430200,unknown,vnstock_market_equity_ohlcv
NVL,2022-08-02 07:00:00,69.63,70.56,68.97,70.56,2766800,unknown,vnstock_market_equity_ohlcv
NVL,2022-08-03 07:00:00,69.91,71.21,69.91,71.02,3059500,unknown,vnstock_market_equity_ohlcv
NVL,2022-08-04 07:00:00,71.12,73.17,70.84,73.17,3680500,unknown,vnstock_market_equity_ohlcv
NVL,2022-08-05 07:00:00,73.17,76.8,73.08,75.4,3741000,unknown,vnstock_market_equity_ohlcv
NVL,2022-08-08 07:00:00,72.8,76.43,72.8,76.24,3255100,unknown,vnstock_market_equity_ohlcv
NVL,2022-08-09 07:00:00,76.43,77.92,75.5,77.64,2873600,unknown,vnstock_market_equity_ohlcv
NVL,2022-08-10 07:00:00,77.64,78.29,76.71,77.55,2503400,unknown,vnstock_market_equity_ohlcv
NVL,2022-08-11 07:00:00,78.29,78.48,75.59,75.78,4464700,unknown,vnstock_market_equity_ohlcv
NVL,2022-08-12 07:00:00,75.59,76.43,73.35,75.96,3024700,unknown,vnstock_market_equity_ohlcv
NVL,2022-08-15 07:00:00,76.43,76.43,73.63,76.24,2579100,unknown,vnstock_market_equity_ohlcv
NVL,2022-08-16 07:00:00,75.96,77.36,75.12,77.36,2508100,unknown,vnstock_market_equity_ohlcv
NVL,2022-08-17 07:00:00,77.36,79.13,76.99,78.67,3043000,unknown,vnstock_market_equity_ohlcv
NVL,2022-08-18 07:00:00,78.95,79.6,77.36,77.46,5301100,unknown,vnstock_market_equity_ohlcv
NVL,2022-08-19 07:00:00,77.46,78.29,76.71,76.71,2304400,unknown,vnstock_market_equity_ohlcv
NVL,2022-08-22 07:00:00,76.43,77.18,75.03,76.24,3159200,unknown,vnstock_market_equity_ohlcv
NVL,2022-08-23 07:00:00,75.12,76.9,75.03,76.43,3422500,unknown,vnstock_market_equity_ohlcv
NVL,2022-08-24 07:00:00,77.08,77.27,76.24,77.27,2529700,unknown,vnstock_market_equity_ohlcv
NVL,2022-08-25 07:00:00,77.74,79.13,77.27,77.92,3048600,unknown,vnstock_market_equity_ohlcv
NVL,2022-08-26 07:00:00,78.11,79.04,77.08,77.64,3060400,unknown,vnstock_market_equity_ohlcv
NVL,2022-08-29 07:00:00,76.52,77.27,75.96,76.52,2655600,unknown,vnstock_market_equity_ohlcv
NVL,2022-08-30 07:00:00,76.52,77.08,75.5,76.62,2386200,unknown,vnstock_market_equity_ohlcv
NVL,2022-08-31 07:00:00,76.71,77.27,75.68,76.34,1662300,unknown,vnstock_market_equity_ohlcv
NVL,2022-09-05 07:00:00,75.59,76.8,75.31,75.96,2784700,unknown,vnstock_market_equity_ohlcv
NVL,2022-09-06 07:00:00,75.5,76.8,75.31,76.52,2303000,unknown,vnstock_market_equity_ohlcv
NVL,2022-09-07 07:00:00,76.9,78.2,76.15,78.11,3686400,unknown,vnstock_market_equity_ohlcv
NVL,2022-09-08 07:00:00,78.11,80.25,77.36,79.23,5280500,unknown,vnstock_market_equity_ohlcv
NVL,2022-09-09 07:00:00,79.41,79.51,77.92,78.95,2183100,unknown,vnstock_market_equity_ohlcv
NVL,2022-09-12 07:00:00,79.13,79.13,78.02,78.2,2819800,unknown,vnstock_market_equity_ohlcv
NVL,2022-09-13 07:00:00,78.29,78.29,77.27,77.83,3422000,unknown,vnstock_market_equity_ohlcv
NVL,2022-09-14 07:00:00,77.36,78.2,76.43,77.83,3654400,unknown,vnstock_market_equity_ohlcv
NVL,2022-09-15 07:00:00,77.83,79.69,77.83,79.51,2694800,unknown,vnstock_market_equity_ohlcv
NVL,2022-09-16 07:00:00,79.69,80.53,78.39,80.53,3627600,unknown,vnstock_market_equity_ohlcv
NVL,2022-09-19 07:00:00,80.81,80.9,79.04,79.23,3688300,unknown,vnstock_market_equity_ohlcv
NVL,2022-09-20 07:00:00,79.23,79.23,78.29,78.85,3219500,unknown,vnstock_market_equity_ohlcv
NVL,2022-09-21 07:00:00,78.95,78.95,78.29,78.85,2330200,unknown,vnstock_market_equity_ohlcv
NVL,2022-09-22 07:00:00,78.29,78.85,77.55,78.85,3809600,unknown,vnstock_market_equity_ohlcv
NVL,2022-09-23 07:00:00,78.85,79.41,78.11,78.76,3036200,unknown,vnstock_market_equity_ohlcv
NVL,2022-09-26 07:00:00,78.76,78.76,78.11,78.76,3798100,unknown,vnstock_market_equity_ohlcv
NVL,2022-09-27 07:00:00,78.85,79.13,78.29,78.76,2711600,unknown,vnstock_market_equity_ohlcv
NVL,2022-09-28 07:00:00,78.76,79.04,77.36,78.48,2158500,unknown,vnstock_market_equity_ohlcv
NVL,2022-09-29 07:00:00,79.23,79.6,78.2,79.04,3202400,unknown,vnstock_market_equity_ohlcv
NVL,2022-09-30 07:00:00,79.13,79.69,78.2,79.13,4674700,unknown,vnstock_market_equity_ohlcv
NVL,2022-10-03 07:00:00,78.29,79.23,75.5,76.43,2369300,unknown,vnstock_market_equity_ohlcv
NVL,2022-10-04 07:00:00,76.71,77.27,75.5,76.43,2033500,unknown,vnstock_market_equity_ohlcv
NVL,2022-10-05 07:00:00,76.43,76.99,75.78,76.43,2401600,unknown,vnstock_market_equity_ohlcv
NVL,2022-10-06 07:00:00,76.43,77.27,74.66,74.75,1831100,unknown,vnstock_market_equity_ohlcv
NVL,2022-10-07 07:00:00,74.66,74.75,72.14,73.63,3671600,unknown,vnstock_market_equity_ohlcv
NVL,2022-10-10 07:00:00,70.28,72.7,69.81,71.21,2477800,unknown,vnstock_market_equity_ohlcv
NVL,2022-10-11 07:00:00,70.65,70.65,66.27,69.91,4492300,unknown,vnstock_market_equity_ohlcv
NVL,2022-10-12 07:00:00,68.97,72.7,68.97,70.84,3527800,unknown,vnstock_market_equity_ohlcv
NVL,2022-10-13 07:00:00,69.91,70.74,67.86,70.37,1806800,unknown,vnstock_market_equity_ohlcv
NVL,2022-10-14 07:00:00,69.91,70.84,68.97,70.84,2362900,unknown,vnstock_market_equity_ohlcv
NVL,2022-10-17 07:00:00,70.84,70.84,68.04,69.91,1795100,unknown,vnstock_market_equity_ohlcv
NVL,2022-10-18 07:00:00,69.91,70.0,68.97,70.0,2733400,unknown,vnstock_market_equity_ohlcv
NVL,2022-10-19 07:00:00,69.91,69.91,68.97,69.91,912900,unknown,vnstock_market_equity_ohlcv
NVL,2022-10-20 07:00:00,69.16,70.0,68.97,70.0,1632200,unknown,vnstock_market_equity_ohlcv
NVL,2022-10-21 07:00:00,69.91,69.91,68.04,69.91,1945200,unknown,vnstock_market_equity_ohlcv
NVL,2022-10-24 07:00:00,68.79,69.91,67.95,69.35,2357200,unknown,vnstock_market_equity_ohlcv
NVL,2022-10-25 07:00:00,69.16,69.91,65.71,69.91,2105700,unknown,vnstock_market_equity_ohlcv
NVL,2022-10-26 07:00:00,69.91,70.18,68.04,69.44,1069200,unknown,vnstock_market_equity_ohlcv
NVL,2022-10-27 07:00:00,69.81,69.81,68.14,68.88,1085800,unknown,vnstock_market_equity_ohlcv
NVL,2022-10-28 07:00:00,68.51,68.97,67.11,67.58,1545400,unknown,vnstock_market_equity_ohlcv
NVL,2022-10-31 07:00:00,66.36,67.02,62.92,65.24,2450700,unknown,vnstock_market_equity_ohlcv
NVL,2022-11-01 07:00:00,66.08,66.55,61.14,65.24,1218700,unknown,vnstock_market_equity_ohlcv
NVL,2022-11-02 07:00:00,65.24,65.24,61.52,64.5,1679800,unknown,vnstock_market_equity_ohlcv
NVL,2022-11-03 07:00:00,63.57,63.57,60.03,60.03,738500,unknown,vnstock_market_equity_ohlcv
NVL,2022-11-04 07:00:00,55.83,55.83,55.83,55.83,337700,unknown,vnstock_market_equity_ohlcv
NVL,2022-11-07 07:00:00,52.01,52.01,52.01,52.01,393300,unknown,vnstock_market_equity_ohlcv
NVL,2022-11-08 07:00:00,48.38,48.38,48.38,48.38,349400,unknown,vnstock_market_equity_ohlcv
NVL,2022-11-09 07:00:00,45.02,45.02,45.02,45.02,535600,unknown,vnstock_market_equity_ohlcv
NVL,2022-11-10 07:00:00,41.9,41.9,41.9,41.9,331600,unknown,vnstock_market_equity_ohlcv
NVL,2022-11-11 07:00:00,39.01,39.01,39.01,39.01,677400,unknown,vnstock_market_equity_ohlcv
NVL,2022-11-14 07:00:00,36.3,36.3,36.3,36.3,29300,unknown,vnstock_market_equity_ohlcv
NVL,2022-11-15 07:00:00,33.79,33.79,33.79,33.79,219800,unknown,vnstock_market_equity_ohlcv
NVL,2022-11-16 07:00:00,31.46,31.46,31.46,31.46,176400,unknown,vnstock_market_equity_ohlcv
NVL,2022-11-17 07:00:00,29.27,29.27,29.27,29.27,390700,unknown,vnstock_market_equity_ohlcv
NVL,2022-11-18 07:00:00,27.26,27.26,27.26,27.26,1270300,unknown,vnstock_market_equity_ohlcv
NVL,2022-11-21 07:00:00,25.4,25.4,25.4,25.4,630900,unknown,vnstock_market_equity_ohlcv
NVL,2022-11-22 07:00:00,23.63,26.38,23.63,23.63,128528300,unknown,vnstock_market_equity_ohlcv
NVL,2022-11-23 07:00:00,22.0,23.3,22.0,22.0,29719200,unknown,vnstock_market_equity_ohlcv
NVL,2022-11-24 07:00:00,20.46,20.46,20.46,20.46,3276100,unknown,vnstock_market_equity_ohlcv
NVL,2022-11-25 07:00:00,19.06,19.06,19.06,19.06,7355000,unknown,vnstock_market_equity_ohlcv
NVL,2022-11-28 07:00:00,17.76,19.76,17.76,19.06,104256500,unknown,vnstock_market_equity_ohlcv
NVL,2022-11-29 07:00:00,19.95,20.37,19.57,20.37,21567500,unknown,vnstock_market_equity_ohlcv
NVL,2022-11-30 07:00:00,21.76,21.76,21.44,21.76,23235900,unknown,vnstock_market_equity_ohlcv
NVL,2022-12-01 07:00:00,23.21,23.26,20.51,21.76,74950300,unknown,vnstock_market_equity_ohlcv
NVL,2022-12-02 07:00:00,21.76,22.42,20.78,22.18,46455600,unknown,vnstock_market_equity_ohlcv
NVL,2022-12-05 07:00:00,22.37,23.02,20.64,20.64,60541600,unknown,vnstock_market_equity_ohlcv
NVL,2022-12-06 07:00:00,19.67,19.76,19.2,19.2,52308700,unknown,vnstock_market_equity_ohlcv
NVL,2022-12-07 07:00:00,17.9,18.08,17.9,17.9,23234100,unknown,vnstock_market_equity_ohlcv
NVL,2022-12-08 07:00:00,16.68,17.62,16.68,16.68,67933500,unknown,vnstock_market_equity_ohlcv
NVL,2022-12-09 07:00:00,15.52,16.5,15.52,15.52,56115800,unknown,vnstock_market_equity_ohlcv
NVL,2022-12-12 07:00:00,16.59,16.59,16.59,16.59,6988900,unknown,vnstock_market_equity_ohlcv
NVL,2022-12-13 07:00:00,17.71,17.71,15.89,16.96,55167100,unknown,vnstock_market_equity_ohlcv
NVL,2022-12-14 07:00:00,17.43,17.71,16.96,17.24,19279400,unknown,vnstock_market_equity_ohlcv
NVL,2022-12-15 07:00:00,17.01,17.34,16.5,16.68,21345200,unknown,vnstock_market_equity_ohlcv
NVL,2022-12-16 07:00:00,16.12,16.96,16.12,16.96,20392000,unknown,vnstock_market_equity_ohlcv
NVL,2022-12-19 07:00:00,16.96,17.62,16.31,16.31,23836500,unknown,vnstock_market_equity_ohlcv
NVL,2022-12-20 07:00:00,16.08,16.4,15.19,15.19,36931800,unknown,vnstock_market_equity_ohlcv
NVL,2022-12-21 07:00:00,15.1,15.47,14.17,14.17,34311800,unknown,vnstock_market_equity_ohlcv
NVL,2022-12-22 07:00:00,14.17,14.63,13.24,14.45,29792700,unknown,vnstock_market_equity_ohlcv
NVL,2022-12-23 07:00:00,14.45,14.82,14.07,14.07,11371800,unknown,vnstock_market_equity_ohlcv
NVL,2022-12-26 07:00:00,14.17,14.17,13.1,13.1,12063800,unknown,vnstock_market_equity_ohlcv
NVL,2022-12-27 07:00:00,12.3,13.42,12.21,13.42,27208500,unknown,vnstock_market_equity_ohlcv
NVL,2022-12-28 07:00:00,13.52,13.61,12.86,13.38,13456200,unknown,vnstock_market_equity_ohlcv
NVL,2022-12-29 07:00:00,13.1,14.31,13.1,13.66,21570300,unknown,vnstock_market_equity_ohlcv
NVL,2022-12-30 07:00:00,13.8,13.89,13.05,13.05,10590200,unknown,vnstock_market_equity_ohlcv
OCB,2022-05-04 07:00:00,9.84,9.91,9.76,9.78,1213700,unknown,vnstock_market_equity_ohlcv
OCB,2022-05-05 07:00:00,9.84,10.03,9.42,10.03,1354400,unknown,vnstock_market_equity_ohlcv
OCB,2022-05-06 07:00:00,9.72,9.76,9.42,9.42,894300,unknown,vnstock_market_equity_ohlcv
OCB,2022-05-09 07:00:00,9.33,9.44,8.76,8.76,2280100,unknown,vnstock_market_equity_ohlcv
OCB,2022-05-10 07:00:00,8.17,8.55,8.17,8.4,1508800,unknown,vnstock_market_equity_ohlcv
OCB,2022-05-11 07:00:00,8.53,8.55,8.32,8.44,1158900,unknown,vnstock_market_equity_ohlcv
OCB,2022-05-12 07:00:00,8.44,8.44,7.87,7.87,2297200,unknown,vnstock_market_equity_ohlcv
OCB,2022-05-13 07:00:00,7.87,7.87,7.34,7.34,4026500,unknown,vnstock_market_equity_ohlcv
OCB,2022-05-16 07:00:00,7.4,7.68,7.3,7.34,2012500,unknown,vnstock_market_equity_ohlcv
OCB,2022-05-17 07:00:00,7.3,7.85,7.21,7.85,1505500,unknown,vnstock_market_equity_ohlcv
OCB,2022-05-18 07:00:00,7.95,8.27,7.85,8.04,1637800,unknown,vnstock_market_equity_ohlcv
OCB,2022-05-19 07:00:00,7.64,8.57,7.64,8.57,2787500,unknown,vnstock_market_equity_ohlcv
OCB,2022-05-20 07:00:00,8.55,8.65,8.44,8.61,1714800,unknown,vnstock_market_equity_ohlcv
OCB,2022-05-23 07:00:00,8.65,8.7,8.27,8.48,1227300,unknown,vnstock_market_equity_ohlcv
OCB,2022-05-24 07:00:00,8.48,8.53,8.19,8.53,1238400,unknown,vnstock_market_equity_ohlcv
OCB,2022-05-25 07:00:00,8.65,8.68,8.46,8.65,1654300,unknown,vnstock_market_equity_ohlcv
OCB,2022-05-26 07:00:00,8.65,8.7,8.42,8.55,1448200,unknown,vnstock_market_equity_ohlcv
OCB,2022-05-27 07:00:00,8.53,8.61,8.48,8.61,1526900,unknown,vnstock_market_equity_ohlcv
OCB,2022-05-30 07:00:00,8.7,8.7,8.51,8.63,1223100,unknown,vnstock_market_equity_ohlcv
OCB,2022-05-31 07:00:00,8.61,8.61,8.44,8.44,1250500,unknown,vnstock_market_equity_ohlcv
OCB,2022-06-01 07:00:00,8.51,8.59,8.44,8.48,1081000,unknown,vnstock_market_equity_ohlcv
OCB,2022-06-02 07:00:00,8.48,8.61,8.32,8.36,1012500,unknown,vnstock_market_equity_ohlcv
OCB,2022-06-03 07:00:00,8.38,8.42,8.25,8.27,840500,unknown,vnstock_market_equity_ohlcv
OCB,2022-06-06 07:00:00,8.25,8.32,8.17,8.17,1168100,unknown,vnstock_market_equity_ohlcv
OCB,2022-06-07 07:00:00,8.17,8.19,7.72,8.1,1337800,unknown,vnstock_market_equity_ohlcv
OCB,2022-06-08 07:00:00,8.02,8.42,8.02,8.32,1364300,unknown,vnstock_market_equity_ohlcv
OCB,2022-06-09 07:00:00,8.32,8.38,8.14,8.29,689300,unknown,vnstock_market_equity_ohlcv
OCB,2022-06-10 07:00:00,8.21,8.25,8.0,8.02,1105500,unknown,vnstock_market_equity_ohlcv
OCB,2022-06-13 07:00:00,7.85,7.89,7.47,7.47,2469100,unknown,vnstock_market_equity_ohlcv
OCB,2022-06-14 07:00:00,7.25,7.57,7.25,7.4,1068200,unknown,vnstock_market_equity_ohlcv
OCB,2022-06-15 07:00:00,7.38,7.47,7.0,7.21,1959800,unknown,vnstock_market_equity_ohlcv
OCB,2022-06-16 07:00:00,7.32,7.38,7.13,7.17,930900,unknown,vnstock_market_equity_ohlcv
OCB,2022-06-17 07:00:00,7.0,7.04,6.7,6.85,2727700,unknown,vnstock_market_equity_ohlcv
OCB,2022-06-20 07:00:00,6.7,6.87,6.58,6.85,2323600,unknown,vnstock_market_equity_ohlcv
OCB,2022-06-21 07:00:00,6.85,6.92,6.7,6.83,838500,unknown,vnstock_market_equity_ohlcv
OCB,2022-06-22 07:00:00,6.92,7.13,6.77,7.0,1135700,unknown,vnstock_market_equity_ohlcv
OCB,2022-06-23 07:00:00,7.0,7.13,6.92,7.13,824200,unknown,vnstock_market_equity_ohlcv
OCB,2022-06-24 07:00:00,7.13,7.25,6.94,7.04,1243500,unknown,vnstock_market_equity_ohlcv
OCB,2022-06-27 07:00:00,7.08,7.15,7.0,7.04,651100,unknown,vnstock_market_equity_ohlcv
OCB,2022-06-28 07:00:00,7.08,7.36,7.08,7.34,1944300,unknown,vnstock_market_equity_ohlcv
OCB,2022-06-29 07:00:00,7.17,7.51,7.17,7.4,1006200,unknown,vnstock_market_equity_ohlcv
OCB,2022-06-30 07:00:00,7.4,7.55,7.13,7.13,1145700,unknown,vnstock_market_equity_ohlcv
OCB,2022-07-01 07:00:00,7.06,7.23,6.94,7.23,1159300,unknown,vnstock_market_equity_ohlcv
OCB,2022-07-04 07:00:00,7.25,7.34,7.19,7.23,674900,unknown,vnstock_market_equity_ohlcv
OCB,2022-07-05 07:00:00,7.28,7.34,7.13,7.25,1226300,unknown,vnstock_market_equity_ohlcv
OCB,2022-07-06 07:00:00,7.06,7.21,7.02,7.02,546200,unknown,vnstock_market_equity_ohlcv
OCB,2022-07-07 07:00:00,7.02,7.11,6.96,7.04,649300,unknown,vnstock_market_equity_ohlcv
OCB,2022-07-08 07:00:00,7.17,7.17,7.0,7.0,1018600,unknown,vnstock_market_equity_ohlcv
OCB,2022-07-11 07:00:00,7.0,7.19,7.0,7.11,1639300,unknown,vnstock_market_equity_ohlcv
OCB,2022-07-12 07:00:00,7.17,7.34,7.17,7.25,1242500,unknown,vnstock_market_equity_ohlcv
OCB,2022-07-13 07:00:00,7.25,7.59,7.25,7.53,1806500,unknown,vnstock_market_equity_ohlcv
OCB,2022-07-14 07:00:00,7.42,7.53,7.4,7.53,729600,unknown,vnstock_market_equity_ohlcv
OCB,2022-07-15 07:00:00,7.51,7.53,7.38,7.4,1038300,unknown,vnstock_market_equity_ohlcv
OCB,2022-07-18 07:00:00,7.47,7.53,7.34,7.38,1075500,unknown,vnstock_market_equity_ohlcv
OCB,2022-07-19 07:00:00,7.36,7.38,7.25,7.32,648700,unknown,vnstock_market_equity_ohlcv
OCB,2022-07-20 07:00:00,7.4,7.51,7.36,7.42,1104000,unknown,vnstock_market_equity_ohlcv
OCB,2022-07-21 07:00:00,7.42,7.55,7.34,7.4,1086200,unknown,vnstock_market_equity_ohlcv
OCB,2022-07-22 07:00:00,7.4,7.51,7.38,7.47,1145900,unknown,vnstock_market_equity_ohlcv
OCB,2022-07-25 07:00:00,7.44,7.51,7.38,7.47,689900,unknown,vnstock_market_equity_ohlcv
OCB,2022-07-26 07:00:00,7.47,7.47,7.4,7.42,570000,unknown,vnstock_market_equity_ohlcv
OCB,2022-07-27 07:00:00,7.4,7.44,7.32,7.44,927200,unknown,vnstock_market_equity_ohlcv
OCB,2022-07-28 07:00:00,7.53,7.68,7.44,7.59,3321300,unknown,vnstock_market_equity_ohlcv
OCB,2022-07-29 07:00:00,7.7,7.72,7.55,7.7,1802100,unknown,vnstock_market_equity_ohlcv
OCB,2022-08-01 07:00:00,7.59,7.74,7.57,7.68,2825000,unknown,vnstock_market_equity_ohlcv
OCB,2022-08-02 07:00:00,7.68,7.74,7.64,7.68,1682200,unknown,vnstock_market_equity_ohlcv
OCB,2022-08-03 07:00:00,7.68,7.72,7.59,7.7,2527000,unknown,vnstock_market_equity_ohlcv
OCB,2022-08-04 07:00:00,7.72,7.83,7.7,7.7,2332700,unknown,vnstock_market_equity_ohlcv
OCB,2022-08-05 07:00:00,7.7,7.7,7.62,7.62,1693500,unknown,vnstock_market_equity_ohlcv
OCB,2022-08-08 07:00:00,7.66,7.7,7.59,7.7,1513600,unknown,vnstock_market_equity_ohlcv
OCB,2022-08-09 07:00:00,7.72,7.81,7.66,7.68,1469300,unknown,vnstock_market_equity_ohlcv
OCB,2022-08-10 07:00:00,7.64,7.72,7.64,7.68,1649700,unknown,vnstock_market_equity_ohlcv
OCB,2022-08-11 07:00:00,7.76,7.78,7.62,7.66,2298900,unknown,vnstock_market_equity_ohlcv
OCB,2022-08-12 07:00:00,7.68,7.68,7.57,7.66,1035300,unknown,vnstock_market_equity_ohlcv
OCB,2022-08-15 07:00:00,7.68,7.83,7.68,7.81,2830500,unknown,vnstock_market_equity_ohlcv
OCB,2022-08-16 07:00:00,7.81,7.81,7.68,7.74,1540500,unknown,vnstock_market_equity_ohlcv
OCB,2022-08-17 07:00:00,7.74,7.76,7.68,7.72,1381200,unknown,vnstock_market_equity_ohlcv
OCB,2022-08-18 07:00:00,7.68,7.7,7.59,7.62,1311800,unknown,vnstock_market_equity_ohlcv
OCB,2022-08-19 07:00:00,7.68,7.68,7.57,7.62,1316700,unknown,vnstock_market_equity_ohlcv
OCB,2022-08-22 07:00:00,7.59,7.64,7.4,7.4,2019500,unknown,vnstock_market_equity_ohlcv
OCB,2022-08-23 07:00:00,7.36,7.49,7.34,7.47,984500,unknown,vnstock_market_equity_ohlcv
OCB,2022-08-24 07:00:00,7.49,7.55,7.49,7.51,970800,unknown,vnstock_market_equity_ohlcv
OCB,2022-08-25 07:00:00,7.55,7.64,7.51,7.59,1611300,unknown,vnstock_market_equity_ohlcv
OCB,2022-08-26 07:00:00,7.66,7.72,7.55,7.59,1577100,unknown,vnstock_market_equity_ohlcv
OCB,2022-08-29 07:00:00,7.47,7.55,7.34,7.47,1385000,unknown,vnstock_market_equity_ohlcv
OCB,2022-08-30 07:00:00,7.57,7.57,7.4,7.42,946100,unknown,vnstock_market_equity_ohlcv
OCB,2022-08-31 07:00:00,7.42,7.55,7.4,7.49,708200,unknown,vnstock_market_equity_ohlcv
OCB,2022-09-05 07:00:00,7.51,7.57,7.42,7.44,761000,unknown,vnstock_market_equity_ohlcv
OCB,2022-09-06 07:00:00,7.47,7.57,7.42,7.47,1038200,unknown,vnstock_market_equity_ohlcv
OCB,2022-09-07 07:00:00,7.49,7.51,7.25,7.25,1727200,unknown,vnstock_market_equity_ohlcv
OCB,2022-09-08 07:00:00,7.28,7.34,7.19,7.19,1259700,unknown,vnstock_market_equity_ohlcv
OCB,2022-09-09 07:00:00,7.21,7.23,7.08,7.23,753100,unknown,vnstock_market_equity_ohlcv
OCB,2022-09-12 07:00:00,7.28,7.3,7.21,7.23,530800,unknown,vnstock_market_equity_ohlcv
OCB,2022-09-13 07:00:00,7.23,7.28,7.23,7.25,1462900,unknown,vnstock_market_equity_ohlcv
OCB,2022-09-14 07:00:00,7.17,7.21,7.11,7.21,933000,unknown,vnstock_market_equity_ohlcv
OCB,2022-09-15 07:00:00,7.21,7.25,7.17,7.17,969900,unknown,vnstock_market_equity_ohlcv
OCB,2022-09-16 07:00:00,7.17,7.17,7.04,7.08,1253100,unknown,vnstock_market_equity_ohlcv
OCB,2022-09-19 07:00:00,7.06,7.06,6.85,6.87,1341700,unknown,vnstock_market_equity_ohlcv
OCB,2022-09-20 07:00:00,6.92,7.0,6.85,6.98,671700,unknown,vnstock_market_equity_ohlcv
OCB,2022-09-21 07:00:00,6.96,6.96,6.85,6.87,504300,unknown,vnstock_market_equity_ohlcv
OCB,2022-09-22 07:00:00,6.83,7.04,6.81,6.83,3033400,unknown,vnstock_market_equity_ohlcv
OCB,2022-09-23 07:00:00,6.92,6.96,6.85,6.94,437000,unknown,vnstock_market_equity_ohlcv
OCB,2022-09-26 07:00:00,6.87,6.87,6.62,6.68,1377700,unknown,vnstock_market_equity_ohlcv
OCB,2022-09-27 07:00:00,6.68,6.74,6.62,6.68,494500,unknown,vnstock_market_equity_ohlcv
OCB,2022-09-28 07:00:00,6.68,6.7,6.62,6.62,531800,unknown,vnstock_market_equity_ohlcv
OCB,2022-09-29 07:00:00,6.64,6.77,6.49,6.49,700200,unknown,vnstock_market_equity_ohlcv
OCB,2022-09-30 07:00:00,6.41,6.49,6.28,6.49,965900,unknown,vnstock_market_equity_ohlcv
OCB,2022-10-03 07:00:00,6.45,6.53,6.04,6.09,843500,unknown,vnstock_market_equity_ohlcv
OCB,2022-10-04 07:00:00,6.11,6.19,5.96,5.98,822700,unknown,vnstock_market_equity_ohlcv
OCB,2022-10-05 07:00:00,6.0,6.15,6.0,6.11,472400,unknown,vnstock_market_equity_ohlcv
OCB,2022-10-06 07:00:00,6.17,6.17,5.68,5.77,1050800,unknown,vnstock_market_equity_ohlcv
OCB,2022-10-07 07:00:00,5.62,5.68,5.37,5.39,2811900,unknown,vnstock_market_equity_ohlcv
OCB,2022-10-10 07:00:00,5.32,5.39,5.13,5.39,2308500,unknown,vnstock_market_equity_ohlcv
OCB,2022-10-11 07:00:00,5.3,5.3,5.03,5.22,2327500,unknown,vnstock_market_equity_ohlcv
OCB,2022-10-12 07:00:00,5.09,5.47,5.01,5.43,1847500,unknown,vnstock_market_equity_ohlcv
OCB,2022-10-13 07:00:00,5.43,5.47,5.28,5.47,961300,unknown,vnstock_market_equity_ohlcv
OCB,2022-10-14 07:00:00,5.56,5.64,5.47,5.64,1336000,unknown,vnstock_market_equity_ohlcv
OCB,2022-10-17 07:00:00,5.64,5.68,5.49,5.68,1084400,unknown,vnstock_market_equity_ohlcv
OCB,2022-10-18 07:00:00,5.75,5.77,5.66,5.73,888300,unknown,vnstock_market_equity_ohlcv
OCB,2022-10-19 07:00:00,5.64,5.75,5.64,5.73,711700,unknown,vnstock_market_equity_ohlcv
OCB,2022-10-20 07:00:00,5.73,5.77,5.64,5.75,606100,unknown,vnstock_market_equity_ohlcv
OCB,2022-10-21 07:00:00,5.73,5.73,5.39,5.68,1077000,unknown,vnstock_market_equity_ohlcv
OCB,2022-10-24 07:00:00,5.56,5.66,5.41,5.6,884900,unknown,vnstock_market_equity_ohlcv
OCB,2022-10-25 07:00:00,5.52,5.73,5.26,5.62,1319200,unknown,vnstock_market_equity_ohlcv
OCB,2022-10-26 07:00:00,5.52,5.62,5.47,5.47,330200,unknown,vnstock_market_equity_ohlcv
OCB,2022-10-27 07:00:00,5.47,5.73,5.45,5.71,944000,unknown,vnstock_market_equity_ohlcv
OCB,2022-10-28 07:00:00,5.68,5.75,5.6,5.6,684100,unknown,vnstock_market_equity_ohlcv
OCB,2022-10-31 07:00:00,5.6,5.73,5.52,5.6,751200,unknown,vnstock_market_equity_ohlcv
OCB,2022-11-01 07:00:00,5.64,5.98,5.62,5.98,2525000,unknown,vnstock_market_equity_ohlcv
OCB,2022-11-02 07:00:00,5.9,6.17,5.9,6.04,1295300,unknown,vnstock_market_equity_ohlcv
OCB,2022-11-03 07:00:00,5.94,6.15,5.85,5.85,1753300,unknown,vnstock_market_equity_ohlcv
OCB,2022-11-04 07:00:00,5.85,5.96,5.6,5.88,3861500,unknown,vnstock_market_equity_ohlcv
OCB,2022-11-07 07:00:00,5.85,5.88,5.62,5.68,1196100,unknown,vnstock_market_equity_ohlcv
OCB,2022-11-08 07:00:00,5.64,5.81,5.64,5.73,1425400,unknown,vnstock_market_equity_ohlcv
OCB,2022-11-09 07:00:00,5.68,5.83,5.68,5.75,602000,unknown,vnstock_market_equity_ohlcv
OCB,2022-11-10 07:00:00,5.73,5.77,5.43,5.52,1835900,unknown,vnstock_market_equity_ohlcv
OCB,2022-11-11 07:00:00,5.58,5.79,5.56,5.64,1528800,unknown,vnstock_market_equity_ohlcv
OCB,2022-11-14 07:00:00,5.56,5.71,5.45,5.56,1171400,unknown,vnstock_market_equity_ohlcv
OCB,2022-11-15 07:00:00,5.52,5.56,5.41,5.56,3390700,unknown,vnstock_market_equity_ohlcv
OCB,2022-11-16 07:00:00,5.52,5.85,5.43,5.85,3519200,unknown,vnstock_market_equity_ohlcv
OCB,2022-11-17 07:00:00,5.85,6.15,5.85,6.15,1868400,unknown,vnstock_market_equity_ohlcv
OCB,2022-11-18 07:00:00,6.13,6.15,5.98,6.09,1493800,unknown,vnstock_market_equity_ohlcv
OCB,2022-11-21 07:00:00,6.15,6.15,5.98,6.09,969000,unknown,vnstock_market_equity_ohlcv
OCB,2022-11-22 07:00:00,6.09,6.34,6.02,6.17,1623700,unknown,vnstock_market_equity_ohlcv
OCB,2022-11-23 07:00:00,6.07,6.36,6.07,6.28,1407500,unknown,vnstock_market_equity_ohlcv
OCB,2022-11-24 07:00:00,6.19,6.36,6.19,6.36,1299400,unknown,vnstock_market_equity_ohlcv
OCB,2022-11-25 07:00:00,6.43,6.45,6.36,6.43,895100,unknown,vnstock_market_equity_ohlcv
OCB,2022-11-28 07:00:00,6.55,6.55,6.38,6.49,1608600,unknown,vnstock_market_equity_ohlcv
OCB,2022-11-29 07:00:00,6.41,6.49,6.13,6.43,1923900,unknown,vnstock_market_equity_ohlcv
OCB,2022-11-30 07:00:00,6.43,6.49,6.38,6.49,1230400,unknown,vnstock_market_equity_ohlcv
OCB,2022-12-01 07:00:00,6.51,6.68,6.47,6.53,1587900,unknown,vnstock_market_equity_ohlcv
OCB,2022-12-02 07:00:00,6.41,6.68,6.41,6.68,933100,unknown,vnstock_market_equity_ohlcv
OCB,2022-12-05 07:00:00,6.74,6.92,6.68,6.79,1467300,unknown,vnstock_market_equity_ohlcv
OCB,2022-12-06 07:00:00,6.83,6.83,6.6,6.77,1722300,unknown,vnstock_market_equity_ohlcv
OCB,2022-12-07 07:00:00,6.7,6.72,6.55,6.72,1409200,unknown,vnstock_market_equity_ohlcv
OCB,2022-12-08 07:00:00,6.7,6.92,6.58,6.92,1364600,unknown,vnstock_market_equity_ohlcv
OCB,2022-12-09 07:00:00,6.87,6.87,6.7,6.87,832400,unknown,vnstock_market_equity_ohlcv
OCB,2022-12-12 07:00:00,6.79,6.92,6.66,6.83,755400,unknown,vnstock_market_equity_ohlcv
OCB,2022-12-13 07:00:00,6.85,6.87,6.7,6.87,1051300,unknown,vnstock_market_equity_ohlcv
OCB,2022-12-14 07:00:00,6.87,6.89,6.74,6.74,328900,unknown,vnstock_market_equity_ohlcv
OCB,2022-12-15 07:00:00,6.68,6.79,6.66,6.68,359200,unknown,vnstock_market_equity_ohlcv
OCB,2022-12-16 07:00:00,6.64,6.77,6.62,6.68,469900,unknown,vnstock_market_equity_ohlcv
OCB,2022-12-19 07:00:00,6.74,6.77,6.64,6.64,509700,unknown,vnstock_market_equity_ohlcv
OCB,2022-12-20 07:00:00,6.64,6.66,6.3,6.66,1284900,unknown,vnstock_market_equity_ohlcv
OCB,2022-12-21 07:00:00,6.64,6.66,6.41,6.55,546500,unknown,vnstock_market_equity_ohlcv
OCB,2022-12-22 07:00:00,6.55,6.74,6.45,6.74,1242900,unknown,vnstock_market_equity_ohlcv
OCB,2022-12-23 07:00:00,6.72,6.87,6.55,6.87,1109900,unknown,vnstock_market_equity_ohlcv
OCB,2022-12-26 07:00:00,6.77,6.83,6.58,6.74,1017600,unknown,vnstock_market_equity_ohlcv
OCB,2022-12-27 07:00:00,6.7,7.13,6.66,7.13,2012800,unknown,vnstock_market_equity_ohlcv
OCB,2022-12-28 07:00:00,7.08,7.55,6.96,7.55,2332200,unknown,vnstock_market_equity_ohlcv
OCB,2022-12-29 07:00:00,7.42,7.62,7.32,7.62,1608800,unknown,vnstock_market_equity_ohlcv
OCB,2022-12-30 07:00:00,7.55,7.64,7.42,7.64,2272800,unknown,vnstock_market_equity_ohlcv
PNJ,2022-05-04 07:00:00,49.28,50.19,48.59,49.42,474200,unknown,vnstock_market_equity_ohlcv
PNJ,2022-05-05 07:00:00,50.42,50.65,48.59,50.19,509900,unknown,vnstock_market_equity_ohlcv
PNJ,2022-05-06 07:00:00,49.28,50.1,48.36,48.59,663200,unknown,vnstock_market_equity_ohlcv
PNJ,2022-05-09 07:00:00,48.14,48.59,45.22,45.22,1122600,unknown,vnstock_market_equity_ohlcv
PNJ,2022-05-10 07:00:00,43.44,47.18,42.66,47.0,633700,unknown,vnstock_market_equity_ohlcv
PNJ,2022-05-11 07:00:00,47.0,48.82,46.08,48.82,700200,unknown,vnstock_market_equity_ohlcv
PNJ,2022-05-12 07:00:00,47.86,48.91,46.13,46.13,777800,unknown,vnstock_market_equity_ohlcv
PNJ,2022-05-13 07:00:00,47.32,47.91,44.12,44.49,853600,unknown,vnstock_market_equity_ohlcv
PNJ,2022-05-16 07:00:00,46.08,46.31,44.44,44.72,317700,unknown,vnstock_market_equity_ohlcv
PNJ,2022-05-17 07:00:00,44.72,47.54,44.17,47.04,434400,unknown,vnstock_market_equity_ohlcv
PNJ,2022-05-18 07:00:00,47.0,47.77,45.81,46.59,578800,unknown,vnstock_market_equity_ohlcv
PNJ,2022-05-19 07:00:00,46.04,47.91,45.9,46.59,407700,unknown,vnstock_market_equity_ohlcv
PNJ,2022-05-20 07:00:00,47.91,48.36,47.04,48.36,483600,unknown,vnstock_market_equity_ohlcv
PNJ,2022-05-23 07:00:00,48.87,48.87,46.77,47.68,412900,unknown,vnstock_market_equity_ohlcv
PNJ,2022-05-24 07:00:00,47.86,49.23,47.45,49.23,599200,unknown,vnstock_market_equity_ohlcv
PNJ,2022-05-25 07:00:00,49.28,52.65,47.91,52.65,1708800,unknown,vnstock_market_equity_ohlcv
PNJ,2022-05-26 07:00:00,52.65,52.93,52.11,52.15,482400,unknown,vnstock_market_equity_ohlcv
PNJ,2022-05-27 07:00:00,52.47,55.8,52.11,55.8,2557300,unknown,vnstock_market_equity_ohlcv
PNJ,2022-05-30 07:00:00,55.89,55.94,54.43,54.98,1216100,unknown,vnstock_market_equity_ohlcv
PNJ,2022-05-31 07:00:00,54.48,54.52,52.02,52.43,1533900,unknown,vnstock_market_equity_ohlcv
PNJ,2022-06-01 07:00:00,52.7,53.8,52.11,53.52,1156800,unknown,vnstock_market_equity_ohlcv
PNJ,2022-06-02 07:00:00,55.67,56.99,54.3,56.21,2708900,unknown,vnstock_market_equity_ohlcv
PNJ,2022-06-03 07:00:00,56.35,56.76,55.3,56.21,1354700,unknown,vnstock_market_equity_ohlcv
PNJ,2022-06-06 07:00:00,56.58,58.49,56.12,57.03,1650600,unknown,vnstock_market_equity_ohlcv
PNJ,2022-06-07 07:00:00,58.68,59.32,55.39,58.4,1657300,unknown,vnstock_market_equity_ohlcv
PNJ,2022-06-08 07:00:00,59.77,59.82,57.86,58.4,1566800,unknown,vnstock_market_equity_ohlcv
PNJ,2022-06-09 07:00:00,59.32,59.73,57.17,58.63,759700,unknown,vnstock_market_equity_ohlcv
PNJ,2022-06-10 07:00:00,58.36,58.36,55.07,55.07,1100700,unknown,vnstock_market_equity_ohlcv
PNJ,2022-06-13 07:00:00,53.16,53.38,51.24,51.24,2311000,unknown,vnstock_market_equity_ohlcv
PNJ,2022-06-14 07:00:00,51.1,52.93,50.88,52.93,978400,unknown,vnstock_market_equity_ohlcv
PNJ,2022-06-15 07:00:00,52.47,53.84,50.74,53.84,1330200,unknown,vnstock_market_equity_ohlcv
PNJ,2022-06-16 07:00:00,54.75,55.76,53.66,55.57,909800,unknown,vnstock_market_equity_ohlcv
PNJ,2022-06-17 07:00:00,52.52,55.67,52.52,55.67,1331000,unknown,vnstock_market_equity_ohlcv
PNJ,2022-06-20 07:00:00,55.53,55.53,53.61,53.84,581600,unknown,vnstock_market_equity_ohlcv
PNJ,2022-06-21 07:00:00,54.25,56.08,53.38,54.66,1050100,unknown,vnstock_market_equity_ohlcv
PNJ,2022-06-22 07:00:00,53.89,54.98,52.02,52.93,685900,unknown,vnstock_market_equity_ohlcv
PNJ,2022-06-23 07:00:00,52.74,55.27,52.61,55.27,545300,unknown,vnstock_market_equity_ohlcv
PNJ,2022-06-24 07:00:00,55.31,56.87,54.72,55.96,703900,unknown,vnstock_market_equity_ohlcv
PNJ,2022-06-27 07:00:00,56.09,59.4,56.09,59.4,2022300,unknown,vnstock_market_equity_ohlcv
PNJ,2022-06-28 07:00:00,58.94,59.53,58.71,59.4,558500,unknown,vnstock_market_equity_ohlcv
PNJ,2022-06-29 07:00:00,58.29,59.53,57.33,59.4,929400,unknown,vnstock_market_equity_ohlcv
PNJ,2022-06-30 07:00:00,59.58,59.62,58.2,58.94,700800,unknown,vnstock_market_equity_ohlcv
PNJ,2022-07-01 07:00:00,58.71,58.94,56.18,58.8,950400,unknown,vnstock_market_equity_ohlcv
PNJ,2022-07-04 07:00:00,59.53,59.53,56.41,56.78,804400,unknown,vnstock_market_equity_ohlcv
PNJ,2022-07-05 07:00:00,56.78,56.78,52.84,54.4,1575700,unknown,vnstock_market_equity_ohlcv
PNJ,2022-07-06 07:00:00,51.96,53.2,51.37,51.37,1023000,unknown,vnstock_market_equity_ohlcv
PNJ,2022-07-07 07:00:00,51.37,53.2,50.45,53.2,615800,unknown,vnstock_market_equity_ohlcv
PNJ,2022-07-08 07:00:00,53.71,53.71,52.7,53.2,459200,unknown,vnstock_market_equity_ohlcv
PNJ,2022-07-11 07:00:00,53.75,53.75,51.37,52.97,527500,unknown,vnstock_market_equity_ohlcv
PNJ,2022-07-12 07:00:00,51.83,53.62,51.46,53.57,369700,unknown,vnstock_market_equity_ohlcv
PNJ,2022-07-13 07:00:00,53.57,53.57,52.29,52.74,489400,unknown,vnstock_market_equity_ohlcv
PNJ,2022-07-14 07:00:00,52.52,52.97,51.74,52.97,363000,unknown,vnstock_market_equity_ohlcv
PNJ,2022-07-15 07:00:00,53.3,53.3,51.37,52.06,682900,unknown,vnstock_market_equity_ohlcv
PNJ,2022-07-18 07:00:00,52.74,52.74,51.83,52.06,478500,unknown,vnstock_market_equity_ohlcv
PNJ,2022-07-19 07:00:00,52.06,52.06,50.68,50.68,511500,unknown,vnstock_market_equity_ohlcv
PNJ,2022-07-20 07:00:00,51.74,52.42,51.0,52.1,896900,unknown,vnstock_market_equity_ohlcv
PNJ,2022-07-21 07:00:00,52.15,52.61,51.37,52.29,646600,unknown,vnstock_market_equity_ohlcv
PNJ,2022-07-22 07:00:00,52.29,53.11,52.29,52.52,342000,unknown,vnstock_market_equity_ohlcv
PNJ,2022-07-25 07:00:00,52.47,52.47,51.74,51.92,205600,unknown,vnstock_market_equity_ohlcv
PNJ,2022-07-26 07:00:00,51.83,51.87,51.37,51.37,317300,unknown,vnstock_market_equity_ohlcv
PNJ,2022-07-27 07:00:00,51.14,51.46,50.86,51.46,285000,unknown,vnstock_market_equity_ohlcv
PNJ,2022-07-28 07:00:00,51.78,52.56,50.91,51.83,709000,unknown,vnstock_market_equity_ohlcv
PNJ,2022-07-29 07:00:00,52.19,52.29,51.64,52.29,1159100,unknown,vnstock_market_equity_ohlcv
PNJ,2022-08-01 07:00:00,52.29,53.89,52.06,53.66,511200,unknown,vnstock_market_equity_ohlcv
PNJ,2022-08-02 07:00:00,53.2,53.57,52.47,53.43,424500,unknown,vnstock_market_equity_ohlcv
PNJ,2022-08-03 07:00:00,52.79,53.2,52.52,53.2,659800,unknown,vnstock_market_equity_ohlcv
PNJ,2022-08-04 07:00:00,53.25,53.34,52.56,53.2,469700,unknown,vnstock_market_equity_ohlcv
PNJ,2022-08-05 07:00:00,53.2,53.2,52.7,52.7,449400,unknown,vnstock_market_equity_ohlcv
PNJ,2022-08-08 07:00:00,52.74,54.07,52.7,53.52,1235900,unknown,vnstock_market_equity_ohlcv
PNJ,2022-08-09 07:00:00,53.89,53.89,53.11,53.52,512500,unknown,vnstock_market_equity_ohlcv
PNJ,2022-08-10 07:00:00,53.52,53.52,52.97,53.43,437500,unknown,vnstock_market_equity_ohlcv
PNJ,2022-08-11 07:00:00,53.43,53.66,52.33,52.33,726200,unknown,vnstock_market_equity_ohlcv
PNJ,2022-08-12 07:00:00,52.33,52.65,51.6,52.01,494800,unknown,vnstock_market_equity_ohlcv
PNJ,2022-08-15 07:00:00,52.1,52.97,51.69,52.61,683000,unknown,vnstock_market_equity_ohlcv
PNJ,2022-08-16 07:00:00,52.88,52.88,52.52,52.74,274600,unknown,vnstock_market_equity_ohlcv
PNJ,2022-08-17 07:00:00,52.74,52.93,52.47,52.7,310500,unknown,vnstock_market_equity_ohlcv
PNJ,2022-08-18 07:00:00,52.65,52.65,51.83,52.47,426600,unknown,vnstock_market_equity_ohlcv
PNJ,2022-08-19 07:00:00,52.06,52.47,51.74,52.29,546900,unknown,vnstock_market_equity_ohlcv
PNJ,2022-08-22 07:00:00,51.87,52.93,51.87,52.65,409400,unknown,vnstock_market_equity_ohlcv
PNJ,2022-08-23 07:00:00,52.29,52.56,52.06,52.52,259600,unknown,vnstock_market_equity_ohlcv
PNJ,2022-08-24 07:00:00,52.52,54.12,52.38,53.75,1244000,unknown,vnstock_market_equity_ohlcv
PNJ,2022-08-25 07:00:00,53.75,53.98,53.25,53.48,421600,unknown,vnstock_market_equity_ohlcv
PNJ,2022-08-26 07:00:00,53.66,54.81,53.39,54.03,875700,unknown,vnstock_market_equity_ohlcv
PNJ,2022-08-29 07:00:00,52.97,53.43,51.83,53.43,1035900,unknown,vnstock_market_equity_ohlcv
PNJ,2022-08-30 07:00:00,53.66,53.66,52.29,52.47,723200,unknown,vnstock_market_equity_ohlcv
PNJ,2022-08-31 07:00:00,52.47,52.65,52.01,52.65,630300,unknown,vnstock_market_equity_ohlcv
PNJ,2022-09-05 07:00:00,52.65,52.65,52.19,52.42,376000,unknown,vnstock_market_equity_ohlcv
PNJ,2022-09-06 07:00:00,52.47,52.65,52.24,52.29,317900,unknown,vnstock_market_equity_ohlcv
PNJ,2022-09-07 07:00:00,52.29,52.33,50.91,50.91,1004600,unknown,vnstock_market_equity_ohlcv
PNJ,2022-09-08 07:00:00,51.14,51.6,50.68,51.6,547700,unknown,vnstock_market_equity_ohlcv
PNJ,2022-09-09 07:00:00,51.78,51.78,51.14,51.28,207000,unknown,vnstock_market_equity_ohlcv
PNJ,2022-09-12 07:00:00,51.37,52.24,51.32,51.46,362100,unknown,vnstock_market_equity_ohlcv
PNJ,2022-09-13 07:00:00,51.46,52.19,51.46,51.83,386500,unknown,vnstock_market_equity_ohlcv
PNJ,2022-09-14 07:00:00,51.32,51.64,51.14,51.23,460100,unknown,vnstock_market_equity_ohlcv
PNJ,2022-09-15 07:00:00,51.37,51.69,51.23,51.32,295000,unknown,vnstock_market_equity_ohlcv
PNJ,2022-09-16 07:00:00,51.37,53.16,51.32,51.92,2077800,unknown,vnstock_market_equity_ohlcv
PNJ,2022-09-19 07:00:00,51.92,52.15,51.37,51.37,509600,unknown,vnstock_market_equity_ohlcv
PNJ,2022-09-20 07:00:00,51.37,51.83,51.37,51.83,337300,unknown,vnstock_market_equity_ohlcv
PNJ,2022-09-21 07:00:00,52.19,52.42,51.83,52.24,331600,unknown,vnstock_market_equity_ohlcv
PNJ,2022-09-22 07:00:00,52.01,52.42,52.01,52.29,258400,unknown,vnstock_market_equity_ohlcv
PNJ,2022-09-23 07:00:00,52.52,52.52,52.06,52.24,391300,unknown,vnstock_market_equity_ohlcv
PNJ,2022-09-26 07:00:00,51.83,51.83,50.77,50.96,501200,unknown,vnstock_market_equity_ohlcv
PNJ,2022-09-27 07:00:00,51.64,51.64,50.91,50.96,384300,unknown,vnstock_market_equity_ohlcv
PNJ,2022-09-28 07:00:00,50.91,51.32,50.68,50.91,376000,unknown,vnstock_market_equity_ohlcv
PNJ,2022-09-29 07:00:00,51.37,51.46,50.73,50.91,273400,unknown,vnstock_market_equity_ohlcv
PNJ,2022-09-30 07:00:00,50.91,50.91,47.74,49.08,1142400,unknown,vnstock_market_equity_ohlcv
PNJ,2022-10-03 07:00:00,49.03,49.03,45.68,45.68,745300,unknown,vnstock_market_equity_ohlcv
PNJ,2022-10-04 07:00:00,46.74,46.74,45.18,45.18,391000,unknown,vnstock_market_equity_ohlcv
PNJ,2022-10-05 07:00:00,45.22,48.16,45.18,46.96,325100,unknown,vnstock_market_equity_ohlcv
PNJ,2022-10-06 07:00:00,46.78,47.7,46.78,47.15,385900,unknown,vnstock_market_equity_ohlcv
PNJ,2022-10-07 07:00:00,46.32,48.16,44.95,47.24,457800,unknown,vnstock_market_equity_ohlcv
PNJ,2022-10-10 07:00:00,44.58,48.57,44.58,48.16,351100,unknown,vnstock_market_equity_ohlcv
PNJ,2022-10-11 07:00:00,48.75,48.75,46.55,47.97,219400,unknown,vnstock_market_equity_ohlcv
PNJ,2022-10-12 07:00:00,47.15,48.57,47.15,48.16,340100,unknown,vnstock_market_equity_ohlcv
PNJ,2022-10-13 07:00:00,48.39,48.39,47.61,47.93,228600,unknown,vnstock_market_equity_ohlcv
PNJ,2022-10-14 07:00:00,48.25,48.57,47.97,48.2,217200,unknown,vnstock_market_equity_ohlcv
PNJ,2022-10-17 07:00:00,48.16,48.25,47.47,48.16,94800,unknown,vnstock_market_equity_ohlcv
PNJ,2022-10-18 07:00:00,49.44,49.44,48.43,48.62,322900,unknown,vnstock_market_equity_ohlcv
PNJ,2022-10-19 07:00:00,48.98,49.3,48.62,49.3,221300,unknown,vnstock_market_equity_ohlcv
PNJ,2022-10-20 07:00:00,49.72,49.81,48.66,49.35,270000,unknown,vnstock_market_equity_ohlcv
PNJ,2022-10-21 07:00:00,49.72,49.72,46.78,48.02,417500,unknown,vnstock_market_equity_ohlcv
PNJ,2022-10-24 07:00:00,45.91,48.16,45.91,46.55,378900,unknown,vnstock_market_equity_ohlcv
PNJ,2022-10-25 07:00:00,48.16,48.16,45.41,46.6,469900,unknown,vnstock_market_equity_ohlcv
PNJ,2022-10-26 07:00:00,46.83,47.7,46.55,47.42,258900,unknown,vnstock_market_equity_ohlcv
PNJ,2022-10-27 07:00:00,48.02,48.02,46.92,47.52,174100,unknown,vnstock_market_equity_ohlcv
PNJ,2022-10-28 07:00:00,47.89,48.07,47.38,47.93,133700,unknown,vnstock_market_equity_ohlcv
PNJ,2022-10-31 07:00:00,48.35,48.35,46.45,47.75,280600,unknown,vnstock_market_equity_ohlcv
PNJ,2022-11-01 07:00:00,47.61,47.75,46.96,46.96,157100,unknown,vnstock_market_equity_ohlcv
PNJ,2022-11-02 07:00:00,47.42,47.61,46.73,46.73,305200,unknown,vnstock_market_equity_ohlcv
PNJ,2022-11-03 07:00:00,45.39,48.07,45.39,47.15,316600,unknown,vnstock_market_equity_ohlcv
PNJ,2022-11-04 07:00:00,47.56,47.56,43.86,43.86,937100,unknown,vnstock_market_equity_ohlcv
PNJ,2022-11-07 07:00:00,43.96,45.3,43.91,44.14,282000,unknown,vnstock_market_equity_ohlcv
PNJ,2022-11-08 07:00:00,44.28,45.2,43.86,44.79,199600,unknown,vnstock_market_equity_ohlcv
PNJ,2022-11-09 07:00:00,44.74,45.11,43.96,44.97,127900,unknown,vnstock_market_equity_ohlcv
PNJ,2022-11-10 07:00:00,44.79,45.3,42.99,44.84,416300,unknown,vnstock_market_equity_ohlcv
PNJ,2022-11-11 07:00:00,45.2,45.2,44.51,44.93,179900,unknown,vnstock_market_equity_ohlcv
PNJ,2022-11-14 07:00:00,44.14,46.22,43.96,44.65,230000,unknown,vnstock_market_equity_ohlcv
PNJ,2022-11-15 07:00:00,44.33,45.76,41.65,43.5,507900,unknown,vnstock_market_equity_ohlcv
PNJ,2022-11-16 07:00:00,41.65,44.84,41.6,44.84,509400,unknown,vnstock_market_equity_ohlcv
PNJ,2022-11-17 07:00:00,44.84,46.22,44.79,46.22,364100,unknown,vnstock_market_equity_ohlcv
PNJ,2022-11-18 07:00:00,46.22,47.1,45.3,46.27,290100,unknown,vnstock_market_equity_ohlcv
PNJ,2022-11-21 07:00:00,46.27,47.61,46.27,47.19,163800,unknown,vnstock_market_equity_ohlcv
PNJ,2022-11-22 07:00:00,47.98,48.86,47.24,47.61,286100,unknown,vnstock_market_equity_ohlcv
PNJ,2022-11-23 07:00:00,47.15,48.86,47.15,48.86,166600,unknown,vnstock_market_equity_ohlcv
PNJ,2022-11-24 07:00:00,49.0,49.23,47.75,49.0,166700,unknown,vnstock_market_equity_ohlcv
PNJ,2022-11-25 07:00:00,49.23,50.47,48.9,49.09,235600,unknown,vnstock_market_equity_ohlcv
PNJ,2022-11-28 07:00:00,49.23,50.84,49.23,50.38,234300,unknown,vnstock_market_equity_ohlcv
PNJ,2022-11-29 07:00:00,50.38,52.23,50.2,52.14,357500,unknown,vnstock_market_equity_ohlcv
PNJ,2022-11-30 07:00:00,52.14,52.65,51.4,52.46,193400,unknown,vnstock_market_equity_ohlcv
PNJ,2022-12-01 07:00:00,51.54,52.83,50.89,51.77,265300,unknown,vnstock_market_equity_ohlcv
PNJ,2022-12-02 07:00:00,52.0,53.39,51.12,53.16,412000,unknown,vnstock_market_equity_ohlcv
PNJ,2022-12-05 07:00:00,53.16,53.16,52.69,53.11,134800,unknown,vnstock_market_equity_ohlcv
PNJ,2022-12-06 07:00:00,53.06,53.29,51.31,51.35,286200,unknown,vnstock_market_equity_ohlcv
PNJ,2022-12-07 07:00:00,52.14,52.14,49.0,50.24,307000,unknown,vnstock_market_equity_ohlcv
PNJ,2022-12-08 07:00:00,50.24,51.31,50.24,51.31,234400,unknown,vnstock_market_equity_ohlcv
PNJ,2022-12-09 07:00:00,51.91,51.91,50.94,51.72,83400,unknown,vnstock_market_equity_ohlcv
PNJ,2022-12-12 07:00:00,50.89,51.68,50.52,51.68,159700,unknown,vnstock_market_equity_ohlcv
PNJ,2022-12-13 07:00:00,51.58,52.0,49.92,52.0,156600,unknown,vnstock_market_equity_ohlcv
PNJ,2022-12-14 07:00:00,52.0,52.23,51.21,52.23,119300,unknown,vnstock_market_equity_ohlcv
PNJ,2022-12-15 07:00:00,51.63,52.23,51.31,52.23,129000,unknown,vnstock_market_equity_ohlcv
PNJ,2022-12-16 07:00:00,51.35,52.23,51.35,52.18,260800,unknown,vnstock_market_equity_ohlcv
PNJ,2022-12-19 07:00:00,51.31,51.91,51.31,51.77,129700,unknown,vnstock_market_equity_ohlcv
PNJ,2022-12-20 07:00:00,51.17,51.77,50.61,51.08,126800,unknown,vnstock_market_equity_ohlcv
PNJ,2022-12-21 07:00:00,50.84,51.08,50.15,50.66,182300,unknown,vnstock_market_equity_ohlcv
PNJ,2022-12-22 07:00:00,50.84,50.89,49.46,50.38,240900,unknown,vnstock_market_equity_ohlcv
PNJ,2022-12-23 07:00:00,50.38,50.38,49.0,50.2,147900,unknown,vnstock_market_equity_ohlcv
PNJ,2022-12-26 07:00:00,50.66,50.75,49.55,49.92,149400,unknown,vnstock_market_equity_ohlcv
PNJ,2022-12-27 07:00:00,49.92,50.34,49.69,49.92,133900,unknown,vnstock_market_equity_ohlcv
PNJ,2022-12-28 07:00:00,50.1,53.39,50.01,50.84,249700,unknown,vnstock_market_equity_ohlcv
PNJ,2022-12-29 07:00:00,52.69,53.0,51.77,53.0,221400,unknown,vnstock_market_equity_ohlcv
PNJ,2022-12-30 07:00:00,53.31,55.4,53.0,55.4,397300,unknown,vnstock_market_equity_ohlcv
POW,2022-05-04 07:00:00,11.21,11.63,11.13,11.63,20394300,unknown,vnstock_market_equity_ohlcv
POW,2022-05-05 07:00:00,11.96,12.0,11.5,11.71,13093700,unknown,vnstock_market_equity_ohlcv
POW,2022-05-06 07:00:00,11.42,11.96,11.38,11.5,11543100,unknown,vnstock_market_equity_ohlcv
POW,2022-05-09 07:00:00,11.26,11.46,10.72,10.72,15383500,unknown,vnstock_market_equity_ohlcv
POW,2022-05-10 07:00:00,10.18,11.01,10.14,11.01,11050700,unknown,vnstock_market_equity_ohlcv
POW,2022-05-11 07:00:00,11.09,11.17,10.8,10.92,6896600,unknown,vnstock_market_equity_ohlcv
POW,2022-05-12 07:00:00,10.88,10.97,10.18,10.18,10599900,unknown,vnstock_market_equity_ohlcv
POW,2022-05-13 07:00:00,10.22,10.39,9.48,9.48,19896800,unknown,vnstock_market_equity_ohlcv
POW,2022-05-16 07:00:00,9.93,10.14,9.56,9.6,9065600,unknown,vnstock_market_equity_ohlcv
POW,2022-05-17 07:00:00,9.64,10.26,9.6,10.26,10158300,unknown,vnstock_market_equity_ohlcv
POW,2022-05-18 07:00:00,10.51,10.68,10.34,10.47,11226900,unknown,vnstock_market_equity_ohlcv
POW,2022-05-19 07:00:00,10.1,10.76,10.1,10.59,12282900,unknown,vnstock_market_equity_ohlcv
POW,2022-05-20 07:00:00,10.72,10.92,10.51,10.59,10580000,unknown,vnstock_market_equity_ohlcv
POW,2022-05-23 07:00:00,10.76,10.88,10.39,10.55,10742800,unknown,vnstock_market_equity_ohlcv
POW,2022-05-24 07:00:00,10.55,10.63,10.18,10.63,9545900,unknown,vnstock_market_equity_ohlcv
POW,2022-05-25 07:00:00,10.68,11.13,10.63,11.09,13931200,unknown,vnstock_market_equity_ohlcv
POW,2022-05-26 07:00:00,11.17,11.17,10.84,10.88,10022600,unknown,vnstock_market_equity_ohlcv
POW,2022-05-27 07:00:00,10.92,11.26,10.84,11.05,11357700,unknown,vnstock_market_equity_ohlcv
POW,2022-05-30 07:00:00,11.13,11.26,11.05,11.13,9576000,unknown,vnstock_market_equity_ohlcv
POW,2022-05-31 07:00:00,11.09,11.26,11.01,11.21,11418700,unknown,vnstock_market_equity_ohlcv
POW,2022-06-01 07:00:00,11.21,11.75,11.13,11.54,19270100,unknown,vnstock_market_equity_ohlcv
POW,2022-06-02 07:00:00,11.59,11.67,11.17,11.21,9044900,unknown,vnstock_market_equity_ohlcv
POW,2022-06-03 07:00:00,11.17,11.3,10.97,11.17,9783700,unknown,vnstock_market_equity_ohlcv
POW,2022-06-06 07:00:00,11.17,11.75,10.92,11.42,24932300,unknown,vnstock_market_equity_ohlcv
POW,2022-06-07 07:00:00,11.42,12.21,11.34,12.21,38045400,unknown,vnstock_market_equity_ohlcv
POW,2022-06-08 07:00:00,12.66,13.03,12.5,12.74,26255700,unknown,vnstock_market_equity_ohlcv
POW,2022-06-09 07:00:00,12.5,13.16,12.5,13.16,22633000,unknown,vnstock_market_equity_ohlcv
POW,2022-06-10 07:00:00,12.87,13.2,12.29,12.41,26983200,unknown,vnstock_market_equity_ohlcv
POW,2022-06-13 07:00:00,12.08,13.08,12.04,12.62,40895700,unknown,vnstock_market_equity_ohlcv
POW,2022-06-14 07:00:00,12.58,12.99,12.25,12.62,20958500,unknown,vnstock_market_equity_ohlcv
POW,2022-06-15 07:00:00,12.62,12.79,11.75,12.0,24843000,unknown,vnstock_market_equity_ohlcv
POW,2022-06-16 07:00:00,12.25,12.83,11.83,12.74,34414700,unknown,vnstock_market_equity_ohlcv
POW,2022-06-17 07:00:00,12.41,13.53,12.37,13.32,37946700,unknown,vnstock_market_equity_ohlcv
POW,2022-06-20 07:00:00,13.41,13.57,12.41,12.41,24827400,unknown,vnstock_market_equity_ohlcv
POW,2022-06-21 07:00:00,12.25,12.54,11.54,11.54,32210000,unknown,vnstock_market_equity_ohlcv
POW,2022-06-22 07:00:00,11.42,11.63,10.76,10.76,37401500,unknown,vnstock_market_equity_ohlcv
POW,2022-06-23 07:00:00,10.43,11.5,10.43,11.5,17533200,unknown,vnstock_market_equity_ohlcv
POW,2022-06-24 07:00:00,11.63,11.63,11.21,11.21,11086300,unknown,vnstock_market_equity_ohlcv
POW,2022-06-27 07:00:00,11.3,11.67,11.17,11.46,13339200,unknown,vnstock_market_equity_ohlcv
POW,2022-06-28 07:00:00,11.46,11.92,11.38,11.5,18126900,unknown,vnstock_market_equity_ohlcv
POW,2022-06-29 07:00:00,11.42,11.63,11.3,11.38,11340100,unknown,vnstock_market_equity_ohlcv
POW,2022-06-30 07:00:00,11.5,11.83,11.26,11.26,13179700,unknown,vnstock_market_equity_ohlcv
POW,2022-07-01 07:00:00,11.3,11.46,10.76,11.26,15651400,unknown,vnstock_market_equity_ohlcv
POW,2022-07-04 07:00:00,11.42,11.46,11.09,11.17,8954100,unknown,vnstock_market_equity_ohlcv
POW,2022-07-05 07:00:00,11.17,11.26,10.59,10.76,21074400,unknown,vnstock_market_equity_ohlcv
POW,2022-07-06 07:00:00,10.59,11.01,10.59,10.59,15064800,unknown,vnstock_market_equity_ohlcv
POW,2022-07-07 07:00:00,10.59,10.76,10.47,10.59,9939600,unknown,vnstock_market_equity_ohlcv
POW,2022-07-08 07:00:00,10.72,10.88,10.68,10.76,6824400,unknown,vnstock_market_equity_ohlcv
POW,2022-07-11 07:00:00,10.72,10.76,10.22,10.34,13694400,unknown,vnstock_market_equity_ohlcv
POW,2022-07-12 07:00:00,10.34,10.84,10.34,10.72,7991500,unknown,vnstock_market_equity_ohlcv
POW,2022-07-13 07:00:00,10.72,10.97,10.68,10.76,7670200,unknown,vnstock_market_equity_ohlcv
POW,2022-07-14 07:00:00,10.63,10.84,10.63,10.84,9878100,unknown,vnstock_market_equity_ohlcv
POW,2022-07-15 07:00:00,10.97,11.01,10.76,10.76,11003100,unknown,vnstock_market_equity_ohlcv
POW,2022-07-18 07:00:00,10.8,11.09,10.76,10.84,7615100,unknown,vnstock_market_equity_ohlcv
POW,2022-07-19 07:00:00,11.05,11.26,10.92,11.13,14638800,unknown,vnstock_market_equity_ohlcv
POW,2022-07-20 07:00:00,11.3,11.38,11.09,11.17,10633300,unknown,vnstock_market_equity_ohlcv
POW,2022-07-21 07:00:00,11.17,11.21,10.97,11.05,8963000,unknown,vnstock_market_equity_ohlcv
POW,2022-07-22 07:00:00,11.09,11.13,10.8,10.88,8481200,unknown,vnstock_market_equity_ohlcv
POW,2022-07-25 07:00:00,10.84,11.01,10.8,10.88,7707200,unknown,vnstock_market_equity_ohlcv
POW,2022-07-26 07:00:00,10.88,10.97,10.76,10.76,6413000,unknown,vnstock_market_equity_ohlcv
POW,2022-07-27 07:00:00,10.76,10.84,10.63,10.84,5630000,unknown,vnstock_market_equity_ohlcv
POW,2022-07-28 07:00:00,10.97,11.34,10.88,11.21,19451800,unknown,vnstock_market_equity_ohlcv
POW,2022-07-29 07:00:00,11.21,11.34,11.05,11.05,10431600,unknown,vnstock_market_equity_ohlcv
POW,2022-08-01 07:00:00,11.05,11.21,11.01,11.17,10610300,unknown,vnstock_market_equity_ohlcv
POW,2022-08-02 07:00:00,11.21,11.5,11.13,11.38,17850500,unknown,vnstock_market_equity_ohlcv
POW,2022-08-03 07:00:00,11.34,11.5,11.21,11.34,13621600,unknown,vnstock_market_equity_ohlcv
POW,2022-08-04 07:00:00,11.42,11.42,11.21,11.26,9854300,unknown,vnstock_market_equity_ohlcv
POW,2022-08-05 07:00:00,11.21,11.71,11.13,11.59,25259000,unknown,vnstock_market_equity_ohlcv
POW,2022-08-08 07:00:00,11.67,11.79,11.54,11.59,10276100,unknown,vnstock_market_equity_ohlcv
POW,2022-08-09 07:00:00,11.63,11.88,11.54,11.63,15230300,unknown,vnstock_market_equity_ohlcv
POW,2022-08-10 07:00:00,11.59,11.71,11.46,11.54,10909900,unknown,vnstock_market_equity_ohlcv
POW,2022-08-11 07:00:00,11.67,11.71,11.34,11.42,15627200,unknown,vnstock_market_equity_ohlcv
POW,2022-08-12 07:00:00,11.42,11.67,11.34,11.59,10031700,unknown,vnstock_market_equity_ohlcv
POW,2022-08-15 07:00:00,11.67,11.88,11.54,11.59,15095600,unknown,vnstock_market_equity_ohlcv
POW,2022-08-16 07:00:00,11.71,11.79,11.54,11.67,10116600,unknown,vnstock_market_equity_ohlcv
POW,2022-08-17 07:00:00,11.75,11.79,11.5,11.54,10690200,unknown,vnstock_market_equity_ohlcv
POW,2022-08-18 07:00:00,11.46,11.54,11.38,11.42,11639800,unknown,vnstock_market_equity_ohlcv
POW,2022-08-19 07:00:00,11.42,11.54,11.17,11.26,11859700,unknown,vnstock_market_equity_ohlcv
POW,2022-08-22 07:00:00,11.26,11.38,11.17,11.3,8338200,unknown,vnstock_market_equity_ohlcv
POW,2022-08-23 07:00:00,11.3,11.5,11.26,11.5,9776000,unknown,vnstock_market_equity_ohlcv
POW,2022-08-24 07:00:00,11.5,11.79,11.46,11.63,15170100,unknown,vnstock_market_equity_ohlcv
POW,2022-08-25 07:00:00,11.67,11.83,11.59,11.67,10613500,unknown,vnstock_market_equity_ohlcv
POW,2022-08-26 07:00:00,11.75,12.04,11.67,11.79,25202400,unknown,vnstock_market_equity_ohlcv
POW,2022-08-29 07:00:00,11.59,11.75,11.26,11.54,14427000,unknown,vnstock_market_equity_ohlcv
POW,2022-08-30 07:00:00,11.75,11.75,11.38,11.46,11044700,unknown,vnstock_market_equity_ohlcv
POW,2022-08-31 07:00:00,11.38,11.92,11.38,11.59,15219200,unknown,vnstock_market_equity_ohlcv
POW,2022-09-05 07:00:00,11.59,11.79,11.59,11.59,10861000,unknown,vnstock_market_equity_ohlcv
POW,2022-09-06 07:00:00,11.71,12.17,11.63,11.83,30632900,unknown,vnstock_market_equity_ohlcv
POW,2022-09-07 07:00:00,11.83,12.0,11.59,11.59,17775200,unknown,vnstock_market_equity_ohlcv
POW,2022-09-08 07:00:00,11.71,11.75,11.34,11.34,18270900,unknown,vnstock_market_equity_ohlcv
POW,2022-09-09 07:00:00,11.38,11.75,11.34,11.63,17780200,unknown,vnstock_market_equity_ohlcv
POW,2022-09-12 07:00:00,11.75,11.96,11.67,11.67,10724700,unknown,vnstock_market_equity_ohlcv
POW,2022-09-13 07:00:00,11.67,11.83,11.54,11.71,11687500,unknown,vnstock_market_equity_ohlcv
POW,2022-09-14 07:00:00,11.5,11.92,11.5,11.71,21305200,unknown,vnstock_market_equity_ohlcv
POW,2022-09-15 07:00:00,11.75,12.21,11.75,11.96,26860000,unknown,vnstock_market_equity_ohlcv
POW,2022-09-16 07:00:00,11.96,12.21,11.75,11.79,22946600,unknown,vnstock_market_equity_ohlcv
POW,2022-09-19 07:00:00,11.83,11.88,11.09,11.17,25475100,unknown,vnstock_market_equity_ohlcv
POW,2022-09-20 07:00:00,11.26,11.42,11.13,11.34,14242600,unknown,vnstock_market_equity_ohlcv
POW,2022-09-21 07:00:00,11.26,11.34,11.13,11.13,12076900,unknown,vnstock_market_equity_ohlcv
POW,2022-09-22 07:00:00,11.05,11.3,10.92,11.3,12987600,unknown,vnstock_market_equity_ohlcv
POW,2022-09-23 07:00:00,11.34,11.34,11.09,11.09,10415400,unknown,vnstock_market_equity_ohlcv
POW,2022-09-26 07:00:00,10.97,11.01,10.47,10.59,19015400,unknown,vnstock_market_equity_ohlcv
POW,2022-09-27 07:00:00,10.63,10.97,10.55,10.72,9469600,unknown,vnstock_market_equity_ohlcv
POW,2022-09-28 07:00:00,10.72,10.84,10.47,10.63,8809200,unknown,vnstock_market_equity_ohlcv
POW,2022-09-29 07:00:00,10.76,10.84,10.39,10.39,8388000,unknown,vnstock_market_equity_ohlcv
POW,2022-09-30 07:00:00,10.34,10.39,9.89,10.22,11444100,unknown,vnstock_market_equity_ohlcv
POW,2022-10-03 07:00:00,10.22,10.26,9.52,9.52,10768100,unknown,vnstock_market_equity_ohlcv
POW,2022-10-04 07:00:00,9.77,9.85,9.52,9.6,9867000,unknown,vnstock_market_equity_ohlcv
POW,2022-10-05 07:00:00,9.81,10.1,9.72,10.01,6458800,unknown,vnstock_market_equity_ohlcv
POW,2022-10-06 07:00:00,10.06,10.06,9.43,9.43,8614200,unknown,vnstock_market_equity_ohlcv
POW,2022-10-07 07:00:00,9.27,9.52,8.81,8.81,20536500,unknown,vnstock_market_equity_ohlcv
POW,2022-10-10 07:00:00,8.52,9.19,8.52,9.1,9891900,unknown,vnstock_market_equity_ohlcv
POW,2022-10-11 07:00:00,9.1,9.1,8.48,8.48,12471500,unknown,vnstock_market_equity_ohlcv
POW,2022-10-12 07:00:00,8.52,9.02,8.44,8.77,10734600,unknown,vnstock_market_equity_ohlcv
POW,2022-10-13 07:00:00,8.9,8.9,8.69,8.77,6737600,unknown,vnstock_market_equity_ohlcv
POW,2022-10-14 07:00:00,9.02,9.1,8.9,8.94,11401800,unknown,vnstock_market_equity_ohlcv
POW,2022-10-17 07:00:00,8.81,9.23,8.81,9.23,11090500,unknown,vnstock_market_equity_ohlcv
POW,2022-10-18 07:00:00,9.35,9.43,9.1,9.19,6344500,unknown,vnstock_market_equity_ohlcv
POW,2022-10-19 07:00:00,9.23,9.27,8.98,9.1,6868200,unknown,vnstock_market_equity_ohlcv
POW,2022-10-20 07:00:00,9.02,9.14,8.9,8.98,5221800,unknown,vnstock_market_equity_ohlcv
POW,2022-10-21 07:00:00,9.02,9.02,8.4,8.52,11890400,unknown,vnstock_market_equity_ohlcv
POW,2022-10-24 07:00:00,8.65,8.73,8.07,8.18,11413900,unknown,vnstock_market_equity_ohlcv
POW,2022-10-25 07:00:00,8.07,8.52,7.84,8.25,10167300,unknown,vnstock_market_equity_ohlcv
POW,2022-10-26 07:00:00,8.32,8.44,8.24,8.28,4822300,unknown,vnstock_market_equity_ohlcv
POW,2022-10-27 07:00:00,8.28,8.69,8.28,8.61,6281100,unknown,vnstock_market_equity_ohlcv
POW,2022-10-28 07:00:00,8.69,8.77,8.52,8.57,6174600,unknown,vnstock_market_equity_ohlcv
POW,2022-10-31 07:00:00,8.57,8.57,8.16,8.57,10293400,unknown,vnstock_market_equity_ohlcv
POW,2022-11-01 07:00:00,8.57,8.69,8.48,8.57,4933800,unknown,vnstock_market_equity_ohlcv
POW,2022-11-02 07:00:00,8.61,8.61,8.44,8.44,6146100,unknown,vnstock_market_equity_ohlcv
POW,2022-11-03 07:00:00,8.32,8.44,8.28,8.36,3667100,unknown,vnstock_market_equity_ohlcv
POW,2022-11-04 07:00:00,8.36,8.36,8.03,8.11,7710300,unknown,vnstock_market_equity_ohlcv
POW,2022-11-07 07:00:00,8.11,8.23,8.06,8.1,6363400,unknown,vnstock_market_equity_ohlcv
POW,2022-11-08 07:00:00,8.06,8.65,8.04,8.65,10855800,unknown,vnstock_market_equity_ohlcv
POW,2022-11-09 07:00:00,8.81,9.06,8.77,8.98,10436300,unknown,vnstock_market_equity_ohlcv
POW,2022-11-10 07:00:00,8.81,8.94,8.36,8.48,12467000,unknown,vnstock_market_equity_ohlcv
POW,2022-11-11 07:00:00,8.77,8.94,8.52,8.77,7777600,unknown,vnstock_market_equity_ohlcv
POW,2022-11-14 07:00:00,8.69,8.73,8.24,8.52,7140300,unknown,vnstock_market_equity_ohlcv
POW,2022-11-15 07:00:00,8.36,8.4,7.93,7.93,13382200,unknown,vnstock_market_equity_ohlcv
POW,2022-11-16 07:00:00,7.37,8.4,7.37,8.36,11312400,unknown,vnstock_market_equity_ohlcv
POW,2022-11-17 07:00:00,8.36,8.65,8.28,8.36,6965000,unknown,vnstock_market_equity_ohlcv
POW,2022-11-18 07:00:00,8.36,8.48,7.9,8.36,8219200,unknown,vnstock_market_equity_ohlcv
POW,2022-11-21 07:00:00,8.36,8.69,8.36,8.52,7636900,unknown,vnstock_market_equity_ohlcv
POW,2022-11-22 07:00:00,8.52,8.94,8.44,8.57,11403800,unknown,vnstock_market_equity_ohlcv
POW,2022-11-23 07:00:00,8.61,8.9,8.57,8.65,8055200,unknown,vnstock_market_equity_ohlcv
POW,2022-11-24 07:00:00,8.65,8.77,8.52,8.77,4923200,unknown,vnstock_market_equity_ohlcv
POW,2022-11-25 07:00:00,8.9,8.98,8.73,8.98,7832500,unknown,vnstock_market_equity_ohlcv
POW,2022-11-28 07:00:00,9.06,9.35,8.94,9.35,13539700,unknown,vnstock_market_equity_ohlcv
POW,2022-11-29 07:00:00,9.35,9.48,9.1,9.35,11265900,unknown,vnstock_market_equity_ohlcv
POW,2022-11-30 07:00:00,9.43,9.72,9.23,9.64,11924900,unknown,vnstock_market_equity_ohlcv
POW,2022-12-01 07:00:00,9.81,9.85,9.27,9.27,12492200,unknown,vnstock_market_equity_ohlcv
POW,2022-12-02 07:00:00,9.14,9.68,9.1,9.68,11549000,unknown,vnstock_market_equity_ohlcv
POW,2022-12-05 07:00:00,9.89,9.89,9.52,9.52,13745100,unknown,vnstock_market_equity_ohlcv
POW,2022-12-06 07:00:00,9.52,9.56,9.02,9.02,12336700,unknown,vnstock_market_equity_ohlcv
POW,2022-12-07 07:00:00,9.02,9.23,8.9,9.06,8784400,unknown,vnstock_market_equity_ohlcv
POW,2022-12-08 07:00:00,9.19,9.39,9.1,9.27,7987600,unknown,vnstock_market_equity_ohlcv
POW,2022-12-09 07:00:00,9.35,9.35,9.14,9.27,4895100,unknown,vnstock_market_equity_ohlcv
POW,2022-12-12 07:00:00,9.27,9.56,9.23,9.23,9549900,unknown,vnstock_market_equity_ohlcv
POW,2022-12-13 07:00:00,9.27,9.43,9.1,9.43,6695200,unknown,vnstock_market_equity_ohlcv
POW,2022-12-14 07:00:00,9.56,9.56,9.31,9.43,8051000,unknown,vnstock_market_equity_ohlcv
POW,2022-12-15 07:00:00,9.35,9.48,9.31,9.43,6406100,unknown,vnstock_market_equity_ohlcv
POW,2022-12-16 07:00:00,9.27,9.52,9.23,9.48,7569800,unknown,vnstock_market_equity_ohlcv
POW,2022-12-19 07:00:00,9.39,9.52,9.14,9.19,9353700,unknown,vnstock_market_equity_ohlcv
POW,2022-12-20 07:00:00,9.14,9.23,8.77,8.86,9038200,unknown,vnstock_market_equity_ohlcv
POW,2022-12-21 07:00:00,8.94,9.02,8.61,8.65,6046800,unknown,vnstock_market_equity_ohlcv
POW,2022-12-22 07:00:00,8.77,8.98,8.65,8.86,6755200,unknown,vnstock_market_equity_ohlcv
POW,2022-12-23 07:00:00,8.77,9.27,8.77,9.06,9759400,unknown,vnstock_market_equity_ohlcv
POW,2022-12-26 07:00:00,9.14,9.19,8.52,8.52,6534600,unknown,vnstock_market_equity_ohlcv
POW,2022-12-27 07:00:00,8.69,8.81,8.57,8.81,5246100,unknown,vnstock_market_equity_ohlcv
POW,2022-12-28 07:00:00,8.77,8.9,8.73,8.81,3577400,unknown,vnstock_market_equity_ohlcv
POW,2022-12-29 07:00:00,8.81,8.86,8.69,8.69,3098300,unknown,vnstock_market_equity_ohlcv
POW,2022-12-30 07:00:00,8.77,8.9,8.73,8.81,3547500,unknown,vnstock_market_equity_ohlcv
PVD,2022-05-04 07:00:00,10.8,11.22,10.45,10.9,6623900,unknown,vnstock_market_equity_ohlcv
PVD,2022-05-05 07:00:00,11.17,11.38,10.77,10.9,5208900,unknown,vnstock_market_equity_ohlcv
PVD,2022-05-06 07:00:00,10.8,10.85,10.16,10.16,5885400,unknown,vnstock_market_equity_ohlcv
PVD,2022-05-09 07:00:00,10.05,10.1,9.47,9.47,5873100,unknown,vnstock_market_equity_ohlcv
PVD,2022-05-10 07:00:00,8.91,10.1,8.91,10.1,7967200,unknown,vnstock_market_equity_ohlcv
PVD,2022-05-11 07:00:00,10.37,10.45,10.1,10.1,2940700,unknown,vnstock_market_equity_ohlcv
PVD,2022-05-12 07:00:00,10.16,10.24,9.41,9.41,5450600,unknown,vnstock_market_equity_ohlcv
PVD,2022-05-13 07:00:00,9.62,9.62,8.77,8.77,9070800,unknown,vnstock_market_equity_ohlcv
PVD,2022-05-16 07:00:00,9.39,9.39,9.12,9.2,5857300,unknown,vnstock_market_equity_ohlcv
PVD,2022-05-17 07:00:00,9.23,9.84,9.23,9.84,4011100,unknown,vnstock_market_equity_ohlcv
PVD,2022-05-18 07:00:00,10.1,10.48,10.0,10.02,7553200,unknown,vnstock_market_equity_ohlcv
PVD,2022-05-19 07:00:00,9.73,10.72,9.7,10.72,10230200,unknown,vnstock_market_equity_ohlcv
PVD,2022-05-20 07:00:00,10.9,11.22,10.69,10.72,7316800,unknown,vnstock_market_equity_ohlcv
PVD,2022-05-23 07:00:00,10.8,11.38,10.64,11.04,7572200,unknown,vnstock_market_equity_ohlcv
PVD,2022-05-24 07:00:00,10.85,11.04,10.37,10.96,8160400,unknown,vnstock_market_equity_ohlcv
PVD,2022-05-25 07:00:00,11.19,11.7,11.09,11.7,11275500,unknown,vnstock_market_equity_ohlcv
PVD,2022-05-26 07:00:00,11.86,12.02,11.54,11.65,7903800,unknown,vnstock_market_equity_ohlcv
PVD,2022-05-27 07:00:00,11.86,11.99,11.51,11.75,6011000,unknown,vnstock_market_equity_ohlcv
PVD,2022-05-30 07:00:00,12.02,12.44,11.81,11.81,10652800,unknown,vnstock_market_equity_ohlcv
PVD,2022-05-31 07:00:00,11.83,12.34,11.81,12.18,10372300,unknown,vnstock_market_equity_ohlcv
PVD,2022-06-01 07:00:00,12.18,12.76,11.86,12.6,10045200,unknown,vnstock_market_equity_ohlcv
PVD,2022-06-02 07:00:00,12.34,12.66,12.12,12.23,10915700,unknown,vnstock_market_equity_ohlcv
PVD,2022-06-03 07:00:00,12.02,12.39,12.02,12.23,6902400,unknown,vnstock_market_equity_ohlcv
PVD,2022-06-06 07:00:00,12.63,12.71,11.99,12.02,10003300,unknown,vnstock_market_equity_ohlcv
PVD,2022-06-07 07:00:00,11.99,12.5,11.59,12.5,9524300,unknown,vnstock_market_equity_ohlcv
PVD,2022-06-08 07:00:00,12.76,13.3,12.55,12.84,19013700,unknown,vnstock_market_equity_ohlcv
PVD,2022-06-09 07:00:00,13.03,13.16,12.82,12.84,5992700,unknown,vnstock_market_equity_ohlcv
PVD,2022-06-10 07:00:00,12.66,12.79,12.12,12.12,12170600,unknown,vnstock_market_equity_ohlcv
PVD,2022-06-13 07:00:00,11.49,11.91,11.3,11.3,13161300,unknown,vnstock_market_equity_ohlcv
PVD,2022-06-14 07:00:00,11.38,11.81,11.3,11.81,9452200,unknown,vnstock_market_equity_ohlcv
PVD,2022-06-15 07:00:00,11.78,11.86,11.04,11.14,6295600,unknown,vnstock_market_equity_ohlcv
PVD,2022-06-16 07:00:00,11.25,11.67,11.01,11.17,9369200,unknown,vnstock_market_equity_ohlcv
PVD,2022-06-17 07:00:00,10.74,11.11,10.4,10.64,14598400,unknown,vnstock_market_equity_ohlcv
PVD,2022-06-20 07:00:00,10.18,10.37,9.89,9.89,9781000,unknown,vnstock_market_equity_ohlcv
PVD,2022-06-21 07:00:00,9.41,9.84,9.2,9.2,9360700,unknown,vnstock_market_equity_ohlcv
PVD,2022-06-22 07:00:00,8.91,9.15,8.56,8.56,13129600,unknown,vnstock_market_equity_ohlcv
PVD,2022-06-23 07:00:00,8.3,9.15,8.3,9.15,6284300,unknown,vnstock_market_equity_ohlcv
PVD,2022-06-24 07:00:00,9.47,9.47,9.04,9.04,5292300,unknown,vnstock_market_equity_ohlcv
PVD,2022-06-27 07:00:00,9.15,9.39,9.01,9.25,4244800,unknown,vnstock_market_equity_ohlcv
PVD,2022-06-28 07:00:00,9.52,9.73,9.39,9.41,5292800,unknown,vnstock_market_equity_ohlcv
PVD,2022-06-29 07:00:00,9.41,9.49,9.17,9.25,4466800,unknown,vnstock_market_equity_ohlcv
PVD,2022-06-30 07:00:00,9.28,9.36,8.83,8.83,4342600,unknown,vnstock_market_equity_ohlcv
PVD,2022-07-01 07:00:00,8.72,9.12,8.35,8.93,6003800,unknown,vnstock_market_equity_ohlcv
PVD,2022-07-04 07:00:00,9.2,9.2,8.99,9.09,2774000,unknown,vnstock_market_equity_ohlcv
PVD,2022-07-05 07:00:00,9.2,9.25,8.83,8.83,3638600,unknown,vnstock_market_equity_ohlcv
PVD,2022-07-06 07:00:00,8.46,8.67,8.22,8.22,7525900,unknown,vnstock_market_equity_ohlcv
PVD,2022-07-07 07:00:00,8.14,8.38,7.82,7.98,5082800,unknown,vnstock_market_equity_ohlcv
PVD,2022-07-08 07:00:00,8.24,8.4,8.19,8.24,2879200,unknown,vnstock_market_equity_ohlcv
PVD,2022-07-11 07:00:00,8.19,8.48,8.08,8.27,4062700,unknown,vnstock_market_equity_ohlcv
PVD,2022-07-12 07:00:00,8.27,8.83,8.27,8.83,4947900,unknown,vnstock_market_equity_ohlcv
PVD,2022-07-13 07:00:00,8.72,8.99,8.62,8.88,4759700,unknown,vnstock_market_equity_ohlcv
PVD,2022-07-14 07:00:00,8.91,9.36,8.91,9.09,5359100,unknown,vnstock_market_equity_ohlcv
PVD,2022-07-15 07:00:00,9.04,9.15,8.88,8.99,4987400,unknown,vnstock_market_equity_ohlcv
PVD,2022-07-18 07:00:00,9.04,9.2,8.99,9.07,2847400,unknown,vnstock_market_equity_ohlcv
PVD,2022-07-19 07:00:00,9.31,9.41,9.07,9.15,6050300,unknown,vnstock_market_equity_ohlcv
PVD,2022-07-20 07:00:00,9.28,9.49,9.17,9.2,4947700,unknown,vnstock_market_equity_ohlcv
PVD,2022-07-21 07:00:00,9.23,9.25,8.99,9.07,3944200,unknown,vnstock_market_equity_ohlcv
PVD,2022-07-22 07:00:00,9.04,9.31,9.04,9.04,4870900,unknown,vnstock_market_equity_ohlcv
PVD,2022-07-25 07:00:00,8.93,8.99,8.62,8.64,4610100,unknown,vnstock_market_equity_ohlcv
PVD,2022-07-26 07:00:00,8.88,8.91,8.64,8.83,3162300,unknown,vnstock_market_equity_ohlcv
PVD,2022-07-27 07:00:00,8.77,8.83,8.46,8.83,2187900,unknown,vnstock_market_equity_ohlcv
PVD,2022-07-28 07:00:00,9.01,9.17,8.93,9.09,4684900,unknown,vnstock_market_equity_ohlcv
PVD,2022-07-29 07:00:00,9.15,9.25,8.93,8.96,4916200,unknown,vnstock_market_equity_ohlcv
PVD,2022-08-01 07:00:00,9.01,9.41,8.99,9.31,6256400,unknown,vnstock_market_equity_ohlcv
PVD,2022-08-02 07:00:00,9.17,9.68,9.12,9.47,10361800,unknown,vnstock_market_equity_ohlcv
PVD,2022-08-03 07:00:00,9.47,9.68,9.39,9.47,5971800,unknown,vnstock_market_equity_ohlcv
PVD,2022-08-04 07:00:00,9.41,9.49,9.2,9.23,8647300,unknown,vnstock_market_equity_ohlcv
PVD,2022-08-05 07:00:00,9.37,9.87,9.26,9.87,9509600,unknown,vnstock_market_equity_ohlcv
PVD,2022-08-08 07:00:00,9.96,10.54,9.96,10.54,9277800,unknown,vnstock_market_equity_ohlcv
PVD,2022-08-09 07:00:00,10.54,10.6,10.25,10.4,8512300,unknown,vnstock_market_equity_ohlcv
PVD,2022-08-10 07:00:00,10.28,11.01,10.22,11.01,16091100,unknown,vnstock_market_equity_ohlcv
PVD,2022-08-11 07:00:00,11.13,11.31,10.84,10.96,11182600,unknown,vnstock_market_equity_ohlcv
PVD,2022-08-12 07:00:00,10.98,11.25,10.84,11.07,7363300,unknown,vnstock_market_equity_ohlcv
PVD,2022-08-15 07:00:00,11.07,11.48,10.92,11.25,8015000,unknown,vnstock_market_equity_ohlcv
PVD,2022-08-16 07:00:00,10.98,11.54,10.98,11.28,8722000,unknown,vnstock_market_equity_ohlcv
PVD,2022-08-17 07:00:00,11.25,11.48,10.96,11.19,10873000,unknown,vnstock_market_equity_ohlcv
PVD,2022-08-18 07:00:00,11.31,11.54,11.13,11.13,8249100,unknown,vnstock_market_equity_ohlcv
PVD,2022-08-19 07:00:00,11.25,11.78,11.25,11.6,12597400,unknown,vnstock_market_equity_ohlcv
PVD,2022-08-22 07:00:00,11.57,12.07,11.48,11.92,10775700,unknown,vnstock_market_equity_ohlcv
PVD,2022-08-23 07:00:00,11.89,12.36,11.86,12.1,10329200,unknown,vnstock_market_equity_ohlcv
PVD,2022-08-24 07:00:00,12.24,12.57,11.95,12.48,11453700,unknown,vnstock_market_equity_ohlcv
PVD,2022-08-25 07:00:00,12.6,12.68,12.3,12.3,8947700,unknown,vnstock_market_equity_ohlcv
PVD,2022-08-26 07:00:00,12.21,12.33,11.74,11.78,12893500,unknown,vnstock_market_equity_ohlcv
PVD,2022-08-29 07:00:00,11.57,12.6,11.57,12.6,18585400,unknown,vnstock_market_equity_ohlcv
PVD,2022-08-30 07:00:00,12.89,13.06,12.6,12.65,11955500,unknown,vnstock_market_equity_ohlcv
PVD,2022-08-31 07:00:00,12.45,12.65,12.13,12.13,13962900,unknown,vnstock_market_equity_ohlcv
PVD,2022-09-05 07:00:00,11.95,12.71,11.8,12.6,14561000,unknown,vnstock_market_equity_ohlcv
PVD,2022-09-06 07:00:00,12.62,12.77,12.42,12.42,9562700,unknown,vnstock_market_equity_ohlcv
PVD,2022-09-07 07:00:00,12.18,12.3,11.57,11.57,12538600,unknown,vnstock_market_equity_ohlcv
PVD,2022-09-08 07:00:00,11.66,11.78,11.01,11.25,11227500,unknown,vnstock_market_equity_ohlcv
PVD,2022-09-09 07:00:00,11.34,12.01,11.13,12.01,8323000,unknown,vnstock_market_equity_ohlcv
PVD,2022-09-12 07:00:00,12.18,12.83,12.13,12.36,13371400,unknown,vnstock_market_equity_ohlcv
PVD,2022-09-13 07:00:00,12.48,13.0,12.3,12.98,15211300,unknown,vnstock_market_equity_ohlcv
PVD,2022-09-14 07:00:00,12.89,13.68,12.83,13.65,17149000,unknown,vnstock_market_equity_ohlcv
PVD,2022-09-15 07:00:00,13.71,13.91,13.3,13.3,10618900,unknown,vnstock_market_equity_ohlcv
PVD,2022-09-16 07:00:00,13.18,13.62,13.03,13.47,13199400,unknown,vnstock_market_equity_ohlcv
PVD,2022-09-19 07:00:00,13.33,13.33,12.54,12.54,13468800,unknown,vnstock_market_equity_ohlcv
PVD,2022-09-20 07:00:00,12.71,12.74,11.89,12.74,10026800,unknown,vnstock_market_equity_ohlcv
PVD,2022-09-21 07:00:00,12.51,13.09,12.3,13.09,8875900,unknown,vnstock_market_equity_ohlcv
PVD,2022-09-22 07:00:00,12.89,13.27,12.77,13.0,8264900,unknown,vnstock_market_equity_ohlcv
PVD,2022-09-23 07:00:00,13.06,13.39,12.89,13.0,10043700,unknown,vnstock_market_equity_ohlcv
PVD,2022-09-26 07:00:00,12.6,12.83,12.1,12.1,14877100,unknown,vnstock_market_equity_ohlcv
PVD,2022-09-27 07:00:00,12.13,12.33,11.28,11.31,10684100,unknown,vnstock_market_equity_ohlcv
PVD,2022-09-28 07:00:00,11.31,11.86,11.01,11.45,11057400,unknown,vnstock_market_equity_ohlcv
PVD,2022-09-29 07:00:00,11.86,11.89,10.98,11.01,5671100,unknown,vnstock_market_equity_ohlcv
PVD,2022-09-30 07:00:00,10.84,11.78,10.49,11.6,12072300,unknown,vnstock_market_equity_ohlcv
PVD,2022-10-03 07:00:00,11.51,11.6,10.81,10.81,6263300,unknown,vnstock_market_equity_ohlcv
PVD,2022-10-04 07:00:00,11.19,11.31,10.84,10.96,8259100,unknown,vnstock_market_equity_ohlcv
PVD,2022-10-05 07:00:00,11.31,11.72,11.28,11.72,9745700,unknown,vnstock_market_equity_ohlcv
PVD,2022-10-06 07:00:00,11.83,12.13,11.42,11.48,9713500,unknown,vnstock_market_equity_ohlcv
PVD,2022-10-07 07:00:00,11.13,12.07,10.84,11.72,15266800,unknown,vnstock_market_equity_ohlcv
PVD,2022-10-10 07:00:00,11.95,12.42,11.92,12.07,8695100,unknown,vnstock_market_equity_ohlcv
PVD,2022-10-11 07:00:00,12.04,12.18,11.25,11.25,12542000,unknown,vnstock_market_equity_ohlcv
PVD,2022-10-12 07:00:00,11.31,12.01,11.01,11.63,8015600,unknown,vnstock_market_equity_ohlcv
PVD,2022-10-13 07:00:00,11.6,11.72,11.25,11.48,5035900,unknown,vnstock_market_equity_ohlcv
PVD,2022-10-14 07:00:00,11.74,12.07,11.57,11.78,8013500,unknown,vnstock_market_equity_ohlcv
PVD,2022-10-17 07:00:00,11.63,12.6,11.45,12.6,13489800,unknown,vnstock_market_equity_ohlcv
PVD,2022-10-18 07:00:00,12.83,12.92,12.24,12.36,9649400,unknown,vnstock_market_equity_ohlcv
PVD,2022-10-19 07:00:00,12.42,12.89,12.24,12.54,8740200,unknown,vnstock_market_equity_ohlcv
PVD,2022-10-20 07:00:00,12.62,12.77,12.42,12.57,6195000,unknown,vnstock_market_equity_ohlcv
PVD,2022-10-21 07:00:00,12.6,13.0,11.69,11.69,23900900,unknown,vnstock_market_equity_ohlcv
PVD,2022-10-24 07:00:00,11.72,11.89,10.9,10.9,10596300,unknown,vnstock_market_equity_ohlcv
PVD,2022-10-25 07:00:00,11.01,11.6,10.22,11.1,8605400,unknown,vnstock_market_equity_ohlcv
PVD,2022-10-26 07:00:00,11.13,11.25,10.34,10.34,6479900,unknown,vnstock_market_equity_ohlcv
PVD,2022-10-27 07:00:00,10.49,11.04,10.28,11.04,10049600,unknown,vnstock_market_equity_ohlcv
PVD,2022-10-28 07:00:00,11.07,11.19,10.72,10.81,5606500,unknown,vnstock_market_equity_ohlcv
PVD,2022-10-31 07:00:00,10.43,10.69,10.08,10.08,15515600,unknown,vnstock_market_equity_ohlcv
PVD,2022-11-01 07:00:00,10.22,10.31,9.37,9.49,9305500,unknown,vnstock_market_equity_ohlcv
PVD,2022-11-02 07:00:00,9.78,10.14,9.55,10.14,6167000,unknown,vnstock_market_equity_ohlcv
PVD,2022-11-03 07:00:00,10.22,10.43,9.9,10.16,5707000,unknown,vnstock_market_equity_ohlcv
PVD,2022-11-04 07:00:00,10.14,10.14,9.49,9.93,5878200,unknown,vnstock_market_equity_ohlcv
PVD,2022-11-07 07:00:00,10.14,10.14,9.49,9.58,5727000,unknown,vnstock_market_equity_ohlcv
PVD,2022-11-08 07:00:00,9.49,10.02,9.49,9.96,4527900,unknown,vnstock_market_equity_ohlcv
PVD,2022-11-09 07:00:00,9.99,10.1,9.61,9.93,5643400,unknown,vnstock_market_equity_ohlcv
PVD,2022-11-10 07:00:00,9.78,9.9,9.26,9.26,5728000,unknown,vnstock_market_equity_ohlcv
PVD,2022-11-11 07:00:00,9.31,9.46,8.61,8.61,8817100,unknown,vnstock_market_equity_ohlcv
PVD,2022-11-14 07:00:00,8.11,8.49,8.03,8.03,5027700,unknown,vnstock_market_equity_ohlcv
PVD,2022-11-15 07:00:00,7.47,7.47,7.47,7.47,782700,unknown,vnstock_market_equity_ohlcv
PVD,2022-11-16 07:00:00,6.97,7.97,6.97,7.97,17590000,unknown,vnstock_market_equity_ohlcv
PVD,2022-11-17 07:00:00,7.97,8.23,7.67,8.14,5580900,unknown,vnstock_market_equity_ohlcv
PVD,2022-11-18 07:00:00,7.91,8.03,7.59,7.59,11163700,unknown,vnstock_market_equity_ohlcv
PVD,2022-11-21 07:00:00,7.62,7.88,7.44,7.82,4859700,unknown,vnstock_market_equity_ohlcv
PVD,2022-11-22 07:00:00,7.88,8.35,7.73,8.32,11845100,unknown,vnstock_market_equity_ohlcv
PVD,2022-11-23 07:00:00,8.38,8.49,7.91,7.97,4794400,unknown,vnstock_market_equity_ohlcv
PVD,2022-11-24 07:00:00,7.85,8.0,7.41,7.62,7244100,unknown,vnstock_market_equity_ohlcv
PVD,2022-11-25 07:00:00,7.82,7.91,7.56,7.91,4463700,unknown,vnstock_market_equity_ohlcv
PVD,2022-11-28 07:00:00,7.97,8.44,7.91,8.38,8532900,unknown,vnstock_market_equity_ohlcv
PVD,2022-11-29 07:00:00,8.38,8.96,8.2,8.96,11314900,unknown,vnstock_market_equity_ohlcv
PVD,2022-11-30 07:00:00,9.28,9.43,8.96,9.26,9330400,unknown,vnstock_market_equity_ohlcv
PVD,2022-12-01 07:00:00,9.46,9.61,8.73,8.96,11651500,unknown,vnstock_market_equity_ohlcv
PVD,2022-12-02 07:00:00,9.08,9.58,8.99,9.58,8676700,unknown,vnstock_market_equity_ohlcv
PVD,2022-12-05 07:00:00,10.22,10.22,9.75,9.84,8493000,unknown,vnstock_market_equity_ohlcv
PVD,2022-12-06 07:00:00,9.7,10.19,9.55,9.67,12148400,unknown,vnstock_market_equity_ohlcv
PVD,2022-12-07 07:00:00,9.67,10.02,9.55,9.72,6249000,unknown,vnstock_market_equity_ohlcv
PVD,2022-12-08 07:00:00,9.84,10.1,9.49,9.96,7152900,unknown,vnstock_market_equity_ohlcv
PVD,2022-12-09 07:00:00,9.96,9.99,9.72,9.87,4371400,unknown,vnstock_market_equity_ohlcv
PVD,2022-12-12 07:00:00,9.96,10.37,9.67,9.67,8601700,unknown,vnstock_market_equity_ohlcv
PVD,2022-12-13 07:00:00,9.78,9.96,9.52,9.96,4715200,unknown,vnstock_market_equity_ohlcv
PVD,2022-12-14 07:00:00,10.22,10.52,9.99,10.37,8231200,unknown,vnstock_market_equity_ohlcv
PVD,2022-12-15 07:00:00,10.54,10.6,10.19,10.37,4669300,unknown,vnstock_market_equity_ohlcv
PVD,2022-12-16 07:00:00,10.19,10.69,10.1,10.4,6014300,unknown,vnstock_market_equity_ohlcv
PVD,2022-12-19 07:00:00,10.4,10.52,9.96,9.96,5235200,unknown,vnstock_market_equity_ohlcv
PVD,2022-12-20 07:00:00,9.96,10.25,9.55,10.25,8767200,unknown,vnstock_market_equity_ohlcv
PVD,2022-12-21 07:00:00,10.31,10.63,9.93,10.31,5944300,unknown,vnstock_market_equity_ohlcv
PVD,2022-12-22 07:00:00,10.6,10.6,10.19,10.37,3601400,unknown,vnstock_market_equity_ohlcv
PVD,2022-12-23 07:00:00,10.37,10.6,10.14,10.49,5202600,unknown,vnstock_market_equity_ohlcv
PVD,2022-12-26 07:00:00,10.63,10.81,10.22,10.31,7246200,unknown,vnstock_market_equity_ohlcv
PVD,2022-12-27 07:00:00,10.37,10.52,9.67,10.52,6454900,unknown,vnstock_market_equity_ohlcv
PVD,2022-12-28 07:00:00,10.52,10.78,10.34,10.72,4835100,unknown,vnstock_market_equity_ohlcv
PVD,2022-12-29 07:00:00,10.63,10.69,10.28,10.49,3229800,unknown,vnstock_market_equity_ohlcv
PVD,2022-12-30 07:00:00,10.54,10.6,10.37,10.46,3083700,unknown,vnstock_market_equity_ohlcv
REE,2022-05-04 07:00:00,38.83,39.49,38.55,38.83,732100,unknown,vnstock_market_equity_ohlcv
REE,2022-05-05 07:00:00,39.3,39.49,37.48,38.46,778000,unknown,vnstock_market_equity_ohlcv
REE,2022-05-06 07:00:00,38.27,41.12,37.9,40.24,1914500,unknown,vnstock_market_equity_ohlcv
REE,2022-05-09 07:00:00,39.77,40.47,37.9,37.9,1189300,unknown,vnstock_market_equity_ohlcv
REE,2022-05-10 07:00:00,37.43,40.52,37.24,40.52,1319800,unknown,vnstock_market_equity_ohlcv
REE,2022-05-11 07:00:00,41.59,43.32,40.47,43.32,2055500,unknown,vnstock_market_equity_ohlcv
REE,2022-05-12 07:00:00,42.11,44.45,40.7,40.7,1824500,unknown,vnstock_market_equity_ohlcv
REE,2022-05-13 07:00:00,40.28,41.59,37.9,37.9,1729600,unknown,vnstock_market_equity_ohlcv
REE,2022-05-16 07:00:00,35.32,39.25,35.28,35.28,1566200,unknown,vnstock_market_equity_ohlcv
REE,2022-05-17 07:00:00,34.95,37.7,33.34,37.7,1342000,unknown,vnstock_market_equity_ohlcv
REE,2022-05-18 07:00:00,38.66,40.01,38.18,39.26,800300,unknown,vnstock_market_equity_ohlcv
REE,2022-05-19 07:00:00,37.8,41.41,37.8,41.14,1053800,unknown,vnstock_market_equity_ohlcv
REE,2022-05-20 07:00:00,41.41,42.05,40.33,40.98,963700,unknown,vnstock_market_equity_ohlcv
REE,2022-05-23 07:00:00,41.08,41.14,38.99,39.52,766000,unknown,vnstock_market_equity_ohlcv
REE,2022-05-24 07:00:00,39.31,40.33,38.99,40.33,997800,unknown,vnstock_market_equity_ohlcv
REE,2022-05-25 07:00:00,40.87,43.13,40.76,43.13,962300,unknown,vnstock_market_equity_ohlcv
REE,2022-05-26 07:00:00,44.9,45.87,44.15,45.06,1634100,unknown,vnstock_market_equity_ohlcv
REE,2022-05-27 07:00:00,44.63,48.18,44.1,48.18,2630300,unknown,vnstock_market_equity_ohlcv
REE,2022-05-30 07:00:00,49.04,50.92,48.34,50.92,1132200,unknown,vnstock_market_equity_ohlcv
REE,2022-05-31 07:00:00,50.49,51.35,47.86,48.67,1322800,unknown,vnstock_market_equity_ohlcv
REE,2022-06-01 07:00:00,48.72,51.95,48.5,51.35,1158400,unknown,vnstock_market_equity_ohlcv
REE,2022-06-02 07:00:00,51.62,52.43,48.94,49.69,973800,unknown,vnstock_market_equity_ohlcv
REE,2022-06-03 07:00:00,49.74,51.08,48.18,50.01,1281800,unknown,vnstock_market_equity_ohlcv
REE,2022-06-06 07:00:00,50.01,51.78,48.99,49.36,1649500,unknown,vnstock_market_equity_ohlcv
REE,2022-06-07 07:00:00,50.55,52.16,49.26,51.62,2258000,unknown,vnstock_market_equity_ohlcv
REE,2022-06-08 07:00:00,53.77,53.77,51.78,52.86,1412700,unknown,vnstock_market_equity_ohlcv
REE,2022-06-09 07:00:00,53.13,53.13,51.89,52.05,775000,unknown,vnstock_market_equity_ohlcv
REE,2022-06-10 07:00:00,51.14,52.16,48.45,48.45,2369100,unknown,vnstock_market_equity_ohlcv
REE,2022-06-13 07:00:00,45.71,50.28,45.71,46.52,2025800,unknown,vnstock_market_equity_ohlcv
REE,2022-06-14 07:00:00,47.27,49.2,47.0,48.67,1094400,unknown,vnstock_market_equity_ohlcv
REE,2022-06-15 07:00:00,49.04,49.04,47.05,48.83,1158900,unknown,vnstock_market_equity_ohlcv
REE,2022-06-16 07:00:00,49.47,52.22,49.31,52.05,3325500,unknown,vnstock_market_equity_ohlcv
REE,2022-06-17 07:00:00,51.25,53.67,50.6,53.24,1908100,unknown,vnstock_market_equity_ohlcv
REE,2022-06-20 07:00:00,53.24,53.56,49.53,49.53,1775600,unknown,vnstock_market_equity_ohlcv
REE,2022-06-21 07:00:00,48.4,49.31,46.08,46.08,3333600,unknown,vnstock_market_equity_ohlcv
REE,2022-06-22 07:00:00,45.87,47.11,42.91,42.91,2130600,unknown,vnstock_market_equity_ohlcv
REE,2022-06-23 07:00:00,42.75,45.87,42.48,45.87,1302800,unknown,vnstock_market_equity_ohlcv
REE,2022-06-24 07:00:00,46.52,46.84,45.87,46.14,583700,unknown,vnstock_market_equity_ohlcv
REE,2022-06-27 07:00:00,46.14,47.54,45.44,46.25,1046200,unknown,vnstock_market_equity_ohlcv
REE,2022-06-28 07:00:00,46.25,48.13,45.17,47.11,1735800,unknown,vnstock_market_equity_ohlcv
REE,2022-06-29 07:00:00,46.25,46.89,45.44,46.46,973300,unknown,vnstock_market_equity_ohlcv
REE,2022-06-30 07:00:00,47.05,48.18,46.3,46.35,1102400,unknown,vnstock_market_equity_ohlcv
REE,2022-07-01 07:00:00,46.57,46.78,44.1,46.25,1216100,unknown,vnstock_market_equity_ohlcv
REE,2022-07-04 07:00:00,47.32,47.32,45.44,45.71,509500,unknown,vnstock_market_equity_ohlcv
REE,2022-07-05 07:00:00,45.87,45.87,42.54,42.54,1849400,unknown,vnstock_market_equity_ohlcv
REE,2022-07-06 07:00:00,42.32,42.97,39.63,39.63,1172100,unknown,vnstock_market_equity_ohlcv
REE,2022-07-07 07:00:00,39.63,40.92,39.26,40.55,592100,unknown,vnstock_market_equity_ohlcv
REE,2022-07-08 07:00:00,40.38,41.73,40.38,41.35,469600,unknown,vnstock_market_equity_ohlcv
REE,2022-07-11 07:00:00,41.14,41.14,38.56,38.72,983800,unknown,vnstock_market_equity_ohlcv
REE,2022-07-12 07:00:00,38.72,40.82,38.18,40.82,919600,unknown,vnstock_market_equity_ohlcv
REE,2022-07-13 07:00:00,40.65,42.37,40.6,41.62,687800,unknown,vnstock_market_equity_ohlcv
REE,2022-07-14 07:00:00,41.14,41.68,40.92,41.68,467700,unknown,vnstock_market_equity_ohlcv
REE,2022-07-15 07:00:00,41.62,42.37,41.08,41.89,1078700,unknown,vnstock_market_equity_ohlcv
REE,2022-07-18 07:00:00,42.48,42.86,41.73,42.59,917800,unknown,vnstock_market_equity_ohlcv
REE,2022-07-19 07:00:00,42.48,43.83,42.48,43.66,1055500,unknown,vnstock_market_equity_ohlcv
REE,2022-07-20 07:00:00,43.77,45.17,43.56,44.36,1328500,unknown,vnstock_market_equity_ohlcv
REE,2022-07-21 07:00:00,44.15,44.63,43.56,43.93,701300,unknown,vnstock_market_equity_ohlcv
REE,2022-07-22 07:00:00,44.1,44.58,43.5,43.5,652200,unknown,vnstock_market_equity_ohlcv
REE,2022-07-25 07:00:00,43.29,43.93,42.8,42.8,710200,unknown,vnstock_market_equity_ohlcv
REE,2022-07-26 07:00:00,42.91,43.02,41.03,41.03,1020600,unknown,vnstock_market_equity_ohlcv
REE,2022-07-27 07:00:00,40.33,42.0,40.33,41.73,523800,unknown,vnstock_market_equity_ohlcv
REE,2022-07-28 07:00:00,42.16,42.43,41.78,41.78,951000,unknown,vnstock_market_equity_ohlcv
REE,2022-07-29 07:00:00,42.21,42.27,40.44,40.44,1984700,unknown,vnstock_market_equity_ohlcv
REE,2022-08-01 07:00:00,40.87,41.24,40.33,40.87,961500,unknown,vnstock_market_equity_ohlcv
REE,2022-08-02 07:00:00,40.87,42.48,40.71,42.27,918600,unknown,vnstock_market_equity_ohlcv
REE,2022-08-03 07:00:00,42.21,43.99,42.0,43.66,2154500,unknown,vnstock_market_equity_ohlcv
REE,2022-08-04 07:00:00,43.56,43.88,43.02,43.02,943500,unknown,vnstock_market_equity_ohlcv
REE,2022-08-05 07:00:00,42.75,43.66,42.64,43.56,1040500,unknown,vnstock_market_equity_ohlcv
REE,2022-08-08 07:00:00,43.56,44.58,43.29,44.1,1253800,unknown,vnstock_market_equity_ohlcv
REE,2022-08-09 07:00:00,44.36,44.58,43.07,43.23,1273300,unknown,vnstock_market_equity_ohlcv
REE,2022-08-10 07:00:00,43.23,43.93,43.02,43.34,1260100,unknown,vnstock_market_equity_ohlcv
REE,2022-08-11 07:00:00,43.77,43.77,41.94,43.13,1403000,unknown,vnstock_market_equity_ohlcv
REE,2022-08-12 07:00:00,43.02,43.72,42.59,43.34,773100,unknown,vnstock_market_equity_ohlcv
REE,2022-08-15 07:00:00,43.72,45.06,43.4,44.96,2261100,unknown,vnstock_market_equity_ohlcv
REE,2022-08-16 07:00:00,44.96,45.55,44.96,45.28,1185700,unknown,vnstock_market_equity_ohlcv
REE,2022-08-17 07:00:00,45.28,45.28,44.04,44.52,1506400,unknown,vnstock_market_equity_ohlcv
REE,2022-08-18 07:00:00,44.74,45.17,44.1,44.58,1049700,unknown,vnstock_market_equity_ohlcv
REE,2022-08-19 07:00:00,44.63,44.96,43.13,43.93,1395100,unknown,vnstock_market_equity_ohlcv
REE,2022-08-22 07:00:00,43.34,44.9,43.29,44.74,1137200,unknown,vnstock_market_equity_ohlcv
REE,2022-08-23 07:00:00,44.63,45.49,44.36,45.44,956900,unknown,vnstock_market_equity_ohlcv
REE,2022-08-24 07:00:00,45.44,45.98,45.22,45.71,1132300,unknown,vnstock_market_equity_ohlcv
REE,2022-08-25 07:00:00,45.71,46.03,45.22,45.82,946100,unknown,vnstock_market_equity_ohlcv
REE,2022-08-26 07:00:00,45.98,45.98,44.79,44.9,745700,unknown,vnstock_market_equity_ohlcv
REE,2022-08-29 07:00:00,44.36,45.17,43.4,45.17,1503600,unknown,vnstock_market_equity_ohlcv
REE,2022-08-30 07:00:00,45.44,46.14,45.01,45.33,689500,unknown,vnstock_market_equity_ohlcv
REE,2022-08-31 07:00:00,45.01,46.73,44.79,46.3,1807500,unknown,vnstock_market_equity_ohlcv
REE,2022-09-05 07:00:00,46.35,46.94,46.08,46.52,721500,unknown,vnstock_market_equity_ohlcv
REE,2022-09-06 07:00:00,46.52,47.48,46.41,46.41,1161200,unknown,vnstock_market_equity_ohlcv
REE,2022-09-07 07:00:00,46.41,46.41,44.63,44.63,1257700,unknown,vnstock_market_equity_ohlcv
REE,2022-09-08 07:00:00,44.74,45.06,43.72,43.72,1147900,unknown,vnstock_market_equity_ohlcv
REE,2022-09-09 07:00:00,44.1,45.76,43.83,45.65,849300,unknown,vnstock_market_equity_ohlcv
REE,2022-09-12 07:00:00,45.98,46.52,45.6,45.76,721200,unknown,vnstock_market_equity_ohlcv
REE,2022-09-13 07:00:00,46.03,46.25,45.33,46.25,691600,unknown,vnstock_market_equity_ohlcv
REE,2022-09-14 07:00:00,45.28,46.19,45.28,46.03,745900,unknown,vnstock_market_equity_ohlcv
REE,2022-09-15 07:00:00,46.25,46.57,46.03,46.25,695400,unknown,vnstock_market_equity_ohlcv
REE,2022-09-16 07:00:00,46.35,46.35,45.22,45.22,859900,unknown,vnstock_market_equity_ohlcv
REE,2022-09-19 07:00:00,44.69,45.44,43.99,44.26,977900,unknown,vnstock_market_equity_ohlcv
REE,2022-09-20 07:00:00,44.85,45.12,44.26,45.12,664600,unknown,vnstock_market_equity_ohlcv
REE,2022-09-21 07:00:00,44.9,45.12,44.69,45.06,377900,unknown,vnstock_market_equity_ohlcv
REE,2022-09-22 07:00:00,44.96,45.44,44.52,45.38,451900,unknown,vnstock_market_equity_ohlcv
REE,2022-09-23 07:00:00,45.6,45.6,44.74,44.96,298300,unknown,vnstock_market_equity_ohlcv
REE,2022-09-26 07:00:00,44.04,44.31,41.84,42.21,1237900,unknown,vnstock_market_equity_ohlcv
REE,2022-09-27 07:00:00,42.21,42.91,42.0,42.43,554700,unknown,vnstock_market_equity_ohlcv
REE,2022-09-28 07:00:00,42.43,42.48,39.79,40.38,604700,unknown,vnstock_market_equity_ohlcv
REE,2022-09-29 07:00:00,41.94,41.94,40.33,40.33,580700,unknown,vnstock_market_equity_ohlcv
REE,2022-09-30 07:00:00,39.68,41.41,39.63,41.41,571400,unknown,vnstock_market_equity_ohlcv
REE,2022-10-03 07:00:00,41.35,41.35,39.36,39.36,370200,unknown,vnstock_market_equity_ohlcv
REE,2022-10-04 07:00:00,40.28,40.44,38.77,39.52,466400,unknown,vnstock_market_equity_ohlcv
REE,2022-10-05 07:00:00,40.33,41.68,40.06,41.68,561200,unknown,vnstock_market_equity_ohlcv
REE,2022-10-06 07:00:00,41.62,41.68,39.85,39.85,322200,unknown,vnstock_market_equity_ohlcv
REE,2022-10-07 07:00:00,38.88,39.85,38.45,39.52,680300,unknown,vnstock_market_equity_ohlcv
REE,2022-10-10 07:00:00,38.72,41.78,38.72,40.92,413800,unknown,vnstock_market_equity_ohlcv
REE,2022-10-11 07:00:00,40.87,41.3,39.47,40.33,321300,unknown,vnstock_market_equity_ohlcv
REE,2022-10-12 07:00:00,40.33,41.41,39.79,41.19,406000,unknown,vnstock_market_equity_ohlcv
REE,2022-10-13 07:00:00,41.41,41.51,40.6,40.82,371400,unknown,vnstock_market_equity_ohlcv
REE,2022-10-14 07:00:00,40.92,41.68,40.92,41.57,303300,unknown,vnstock_market_equity_ohlcv
REE,2022-10-17 07:00:00,41.57,43.13,41.14,42.91,500700,unknown,vnstock_market_equity_ohlcv
REE,2022-10-18 07:00:00,43.5,43.5,42.8,43.07,298500,unknown,vnstock_market_equity_ohlcv
REE,2022-10-19 07:00:00,43.13,43.23,42.48,43.02,222800,unknown,vnstock_market_equity_ohlcv
REE,2022-10-20 07:00:00,42.97,44.1,42.43,43.66,790500,unknown,vnstock_market_equity_ohlcv
REE,2022-10-21 07:00:00,43.56,43.88,40.98,42.48,716500,unknown,vnstock_market_equity_ohlcv
REE,2022-10-24 07:00:00,42.54,42.54,40.92,41.3,491700,unknown,vnstock_market_equity_ohlcv
REE,2022-10-25 07:00:00,41.73,43.02,40.06,42.21,393100,unknown,vnstock_market_equity_ohlcv
REE,2022-10-26 07:00:00,41.73,42.7,41.41,42.7,317800,unknown,vnstock_market_equity_ohlcv
REE,2022-10-27 07:00:00,42.75,43.77,42.16,43.56,520500,unknown,vnstock_market_equity_ohlcv
REE,2022-10-28 07:00:00,43.56,44.1,42.91,42.91,411100,unknown,vnstock_market_equity_ohlcv
REE,2022-10-31 07:00:00,43.02,43.61,42.48,42.48,332300,unknown,vnstock_market_equity_ohlcv
REE,2022-11-01 07:00:00,42.75,42.97,41.41,41.41,463500,unknown,vnstock_market_equity_ohlcv
REE,2022-11-02 07:00:00,41.51,42.48,40.33,40.38,781000,unknown,vnstock_market_equity_ohlcv
REE,2022-11-03 07:00:00,40.33,41.41,39.79,40.49,627000,unknown,vnstock_market_equity_ohlcv
REE,2022-11-04 07:00:00,40.55,40.55,37.7,37.7,2477600,unknown,vnstock_market_equity_ohlcv
REE,2022-11-07 07:00:00,37.64,37.7,35.28,36.84,1065500,unknown,vnstock_market_equity_ohlcv
REE,2022-11-08 07:00:00,36.14,37.53,35.76,37.53,364500,unknown,vnstock_market_equity_ohlcv
REE,2022-11-09 07:00:00,37.86,37.86,37.1,37.1,230600,unknown,vnstock_market_equity_ohlcv
REE,2022-11-10 07:00:00,36.35,37.0,34.52,36.57,959200,unknown,vnstock_market_equity_ohlcv
REE,2022-11-11 07:00:00,37.05,37.27,35.76,37.21,501300,unknown,vnstock_market_equity_ohlcv
REE,2022-11-14 07:00:00,35.6,37.21,35.44,36.89,348200,unknown,vnstock_market_equity_ohlcv
REE,2022-11-15 07:00:00,36.03,37.05,34.31,34.31,469900,unknown,vnstock_market_equity_ohlcv
REE,2022-11-16 07:00:00,31.94,36.62,31.94,36.24,802600,unknown,vnstock_market_equity_ohlcv
REE,2022-11-17 07:00:00,36.51,37.1,36.19,36.89,540800,unknown,vnstock_market_equity_ohlcv
REE,2022-11-18 07:00:00,36.57,37.16,35.49,37.1,428600,unknown,vnstock_market_equity_ohlcv
REE,2022-11-21 07:00:00,37.05,37.75,37.0,37.37,366900,unknown,vnstock_market_equity_ohlcv
REE,2022-11-22 07:00:00,37.21,37.91,36.94,37.64,560200,unknown,vnstock_market_equity_ohlcv
REE,2022-11-23 07:00:00,37.64,37.91,36.84,37.75,166600,unknown,vnstock_market_equity_ohlcv
REE,2022-11-24 07:00:00,37.75,37.75,36.89,37.53,204900,unknown,vnstock_market_equity_ohlcv
REE,2022-11-25 07:00:00,37.64,37.97,37.37,37.86,307900,unknown,vnstock_market_equity_ohlcv
REE,2022-11-28 07:00:00,38.18,39.26,37.64,38.99,381800,unknown,vnstock_market_equity_ohlcv
REE,2022-11-29 07:00:00,39.79,39.79,38.18,39.2,364400,unknown,vnstock_market_equity_ohlcv
REE,2022-11-30 07:00:00,39.04,39.79,38.93,39.79,365700,unknown,vnstock_market_equity_ohlcv
REE,2022-12-01 07:00:00,40.06,40.33,38.83,40.06,401400,unknown,vnstock_market_equity_ohlcv
REE,2022-12-02 07:00:00,40.01,41.94,39.15,41.94,532800,unknown,vnstock_market_equity_ohlcv
REE,2022-12-05 07:00:00,42.0,43.02,41.94,42.7,361300,unknown,vnstock_market_equity_ohlcv
REE,2022-12-06 07:00:00,42.64,43.18,40.6,41.94,351000,unknown,vnstock_market_equity_ohlcv
REE,2022-12-07 07:00:00,41.94,42.21,40.87,41.62,444000,unknown,vnstock_market_equity_ohlcv
REE,2022-12-08 07:00:00,42.0,42.21,41.3,41.62,319000,unknown,vnstock_market_equity_ohlcv
REE,2022-12-09 07:00:00,41.62,43.56,40.87,43.02,989200,unknown,vnstock_market_equity_ohlcv
REE,2022-12-12 07:00:00,43.07,43.18,42.21,43.02,289800,unknown,vnstock_market_equity_ohlcv
REE,2022-12-13 07:00:00,43.02,43.02,41.41,42.48,393800,unknown,vnstock_market_equity_ohlcv
REE,2022-12-14 07:00:00,42.75,42.75,41.62,41.84,453400,unknown,vnstock_market_equity_ohlcv
REE,2022-12-15 07:00:00,41.89,41.89,41.08,41.51,417500,unknown,vnstock_market_equity_ohlcv
REE,2022-12-16 07:00:00,40.87,42.48,40.87,42.48,601400,unknown,vnstock_market_equity_ohlcv
REE,2022-12-19 07:00:00,42.32,42.32,41.46,41.46,240700,unknown,vnstock_market_equity_ohlcv
REE,2022-12-20 07:00:00,40.98,41.35,39.26,40.55,351500,unknown,vnstock_market_equity_ohlcv
REE,2022-12-21 07:00:00,40.38,40.38,38.72,39.52,248100,unknown,vnstock_market_equity_ohlcv
REE,2022-12-22 07:00:00,39.47,39.68,38.72,39.52,164100,unknown,vnstock_market_equity_ohlcv
REE,2022-12-23 07:00:00,39.47,40.87,38.72,39.74,333100,unknown,vnstock_market_equity_ohlcv
REE,2022-12-26 07:00:00,39.74,39.74,37.53,37.8,544000,unknown,vnstock_market_equity_ohlcv
REE,2022-12-27 07:00:00,37.7,38.72,37.21,38.72,157200,unknown,vnstock_market_equity_ohlcv
REE,2022-12-28 07:00:00,38.72,38.77,38.18,38.61,875200,unknown,vnstock_market_equity_ohlcv
REE,2022-12-29 07:00:00,38.56,38.72,38.18,38.61,494300,unknown,vnstock_market_equity_ohlcv
REE,2022-12-30 07:00:00,38.29,39.04,38.29,38.45,316600,unknown,vnstock_market_equity_ohlcv
SAB,2022-05-04 07:00:00,59.72,61.29,59.72,61.1,75900,unknown,vnstock_market_equity_ohlcv
SAB,2022-05-05 07:00:00,61.1,63.31,60.24,63.31,112300,unknown,vnstock_market_equity_ohlcv
SAB,2022-05-06 07:00:00,62.04,63.27,61.66,62.6,155000,unknown,vnstock_market_equity_ohlcv
SAB,2022-05-09 07:00:00,61.03,62.41,59.8,59.83,186100,unknown,vnstock_market_equity_ohlcv
SAB,2022-05-10 07:00:00,58.79,61.66,58.67,61.63,147000,unknown,vnstock_market_equity_ohlcv
SAB,2022-05-11 07:00:00,61.59,61.78,60.54,61.1,159400,unknown,vnstock_market_equity_ohlcv
SAB,2022-05-12 07:00:00,61.1,62.26,60.5,61.63,239400,unknown,vnstock_market_equity_ohlcv
SAB,2022-05-13 07:00:00,61.29,61.66,57.52,60.8,331600,unknown,vnstock_market_equity_ohlcv
SAB,2022-05-16 07:00:00,59.42,60.5,57.74,58.97,99700,unknown,vnstock_market_equity_ohlcv
SAB,2022-05-17 07:00:00,57.48,61.85,57.18,61.85,172300,unknown,vnstock_market_equity_ohlcv
SAB,2022-05-18 07:00:00,60.54,60.84,59.42,60.36,155400,unknown,vnstock_market_equity_ohlcv
SAB,2022-05-19 07:00:00,58.3,60.88,58.3,60.88,138600,unknown,vnstock_market_equity_ohlcv
SAB,2022-05-20 07:00:00,59.16,60.06,58.3,58.49,166700,unknown,vnstock_market_equity_ohlcv
SAB,2022-05-23 07:00:00,58.52,59.05,57.55,57.59,96400,unknown,vnstock_market_equity_ohlcv
SAB,2022-05-24 07:00:00,57.59,57.93,57.18,57.55,178100,unknown,vnstock_market_equity_ohlcv
SAB,2022-05-25 07:00:00,57.55,58.15,57.22,57.55,196200,unknown,vnstock_market_equity_ohlcv
SAB,2022-05-26 07:00:00,57.55,58.19,56.99,57.18,227400,unknown,vnstock_market_equity_ohlcv
SAB,2022-05-27 07:00:00,57.22,57.81,57.07,57.55,228700,unknown,vnstock_market_equity_ohlcv
SAB,2022-05-30 07:00:00,57.55,57.89,57.07,57.33,140900,unknown,vnstock_market_equity_ohlcv
SAB,2022-05-31 07:00:00,57.33,57.81,56.77,57.36,170900,unknown,vnstock_market_equity_ohlcv
SAB,2022-06-01 07:00:00,57.03,57.74,57.03,57.22,359100,unknown,vnstock_market_equity_ohlcv
SAB,2022-06-02 07:00:00,57.22,57.55,57.03,57.18,114900,unknown,vnstock_market_equity_ohlcv
SAB,2022-06-03 07:00:00,57.18,58.6,57.18,58.0,258700,unknown,vnstock_market_equity_ohlcv
SAB,2022-06-06 07:00:00,57.93,59.38,57.93,59.23,221300,unknown,vnstock_market_equity_ohlcv
SAB,2022-06-07 07:00:00,59.01,59.76,58.64,59.76,137700,unknown,vnstock_market_equity_ohlcv
SAB,2022-06-08 07:00:00,59.76,60.62,59.01,59.68,198900,unknown,vnstock_market_equity_ohlcv
SAB,2022-06-09 07:00:00,59.68,59.72,58.67,58.67,111000,unknown,vnstock_market_equity_ohlcv
SAB,2022-06-10 07:00:00,58.67,59.16,58.49,58.94,76800,unknown,vnstock_market_equity_ohlcv
SAB,2022-06-13 07:00:00,57.93,57.93,56.69,57.18,151500,unknown,vnstock_market_equity_ohlcv
SAB,2022-06-14 07:00:00,56.8,56.95,55.91,56.06,196400,unknown,vnstock_market_equity_ohlcv
SAB,2022-06-15 07:00:00,56.8,57.07,56.06,56.8,116800,unknown,vnstock_market_equity_ohlcv
SAB,2022-06-16 07:00:00,56.99,59.05,56.99,58.45,156700,unknown,vnstock_market_equity_ohlcv
SAB,2022-06-17 07:00:00,57.14,58.67,56.43,58.3,150800,unknown,vnstock_market_equity_ohlcv
SAB,2022-06-20 07:00:00,57.18,57.81,56.62,56.8,52400,unknown,vnstock_market_equity_ohlcv
SAB,2022-06-21 07:00:00,57.36,59.05,55.68,57.93,182900,unknown,vnstock_market_equity_ohlcv
SAB,2022-06-22 07:00:00,58.94,58.94,57.55,58.3,135500,unknown,vnstock_market_equity_ohlcv
SAB,2022-06-23 07:00:00,56.66,57.89,56.66,57.33,23500,unknown,vnstock_market_equity_ohlcv
SAB,2022-06-24 07:00:00,56.88,58.22,56.88,58.15,84000,unknown,vnstock_market_equity_ohlcv
SAB,2022-06-27 07:00:00,58.3,58.64,57.93,58.6,99100,unknown,vnstock_market_equity_ohlcv
SAB,2022-06-28 07:00:00,58.6,58.79,57.1,58.71,69100,unknown,vnstock_market_equity_ohlcv
SAB,2022-06-29 07:00:00,58.71,58.71,57.36,57.55,39300,unknown,vnstock_market_equity_ohlcv
SAB,2022-06-30 07:00:00,57.55,58.3,57.55,57.78,24300,unknown,vnstock_market_equity_ohlcv
SAB,2022-07-01 07:00:00,58.19,58.19,56.99,57.52,61500,unknown,vnstock_market_equity_ohlcv
SAB,2022-07-04 07:00:00,57.55,57.93,56.99,57.36,20800,unknown,vnstock_market_equity_ohlcv
SAB,2022-07-05 07:00:00,57.85,57.89,56.36,56.36,151300,unknown,vnstock_market_equity_ohlcv
SAB,2022-07-06 07:00:00,56.36,57.18,56.06,57.03,60300,unknown,vnstock_market_equity_ohlcv
SAB,2022-07-07 07:00:00,57.14,58.37,56.58,58.37,52100,unknown,vnstock_market_equity_ohlcv
SAB,2022-07-08 07:00:00,57.14,58.41,57.14,57.96,91500,unknown,vnstock_market_equity_ohlcv
SAB,2022-07-11 07:00:00,57.4,57.96,57.18,57.96,54500,unknown,vnstock_market_equity_ohlcv
SAB,2022-07-12 07:00:00,57.1,57.93,57.1,57.4,25900,unknown,vnstock_market_equity_ohlcv
SAB,2022-07-13 07:00:00,57.25,58.22,57.25,57.4,41700,unknown,vnstock_market_equity_ohlcv
SAB,2022-07-14 07:00:00,57.18,57.93,57.18,57.89,22400,unknown,vnstock_market_equity_ohlcv
SAB,2022-07-15 07:00:00,57.55,57.66,57.03,57.55,38500,unknown,vnstock_market_equity_ohlcv
SAB,2022-07-18 07:00:00,57.29,57.63,57.25,57.63,12000,unknown,vnstock_market_equity_ohlcv
SAB,2022-07-19 07:00:00,57.74,58.64,57.25,58.6,139000,unknown,vnstock_market_equity_ohlcv
SAB,2022-07-20 07:00:00,58.86,59.72,58.6,59.72,107200,unknown,vnstock_market_equity_ohlcv
SAB,2022-07-21 07:00:00,59.8,62.04,59.8,61.66,223300,unknown,vnstock_market_equity_ohlcv
SAB,2022-07-22 07:00:00,61.29,62.75,60.17,62.04,196400,unknown,vnstock_market_equity_ohlcv
SAB,2022-07-25 07:00:00,62.04,62.04,60.92,61.66,130900,unknown,vnstock_market_equity_ohlcv
SAB,2022-07-26 07:00:00,60.54,62.78,60.54,62.67,165100,unknown,vnstock_market_equity_ohlcv
SAB,2022-07-27 07:00:00,62.71,62.71,61.96,62.67,116700,unknown,vnstock_market_equity_ohlcv
SAB,2022-07-28 07:00:00,63.23,65.4,63.23,64.65,233300,unknown,vnstock_market_equity_ohlcv
SAB,2022-07-29 07:00:00,65.55,68.95,65.55,67.27,170300,unknown,vnstock_market_equity_ohlcv
SAB,2022-08-01 07:00:00,68.02,68.76,67.38,68.39,214600,unknown,vnstock_market_equity_ohlcv
SAB,2022-08-02 07:00:00,68.02,70.22,68.02,70.18,230100,unknown,vnstock_market_equity_ohlcv
SAB,2022-08-03 07:00:00,69.51,71.38,69.06,70.97,240200,unknown,vnstock_market_equity_ohlcv
SAB,2022-08-04 07:00:00,70.26,71.12,67.27,69.14,292700,unknown,vnstock_market_equity_ohlcv
SAB,2022-08-05 07:00:00,68.05,71.01,67.87,68.24,219700,unknown,vnstock_market_equity_ohlcv
SAB,2022-08-08 07:00:00,68.54,70.26,66.9,67.64,147600,unknown,vnstock_market_equity_ohlcv
SAB,2022-08-09 07:00:00,68.76,68.76,67.34,67.34,138800,unknown,vnstock_market_equity_ohlcv
SAB,2022-08-10 07:00:00,68.02,68.02,66.82,68.02,135400,unknown,vnstock_market_equity_ohlcv
SAB,2022-08-11 07:00:00,68.32,69.03,67.27,68.02,198700,unknown,vnstock_market_equity_ohlcv
SAB,2022-08-12 07:00:00,67.83,68.2,67.49,68.02,109400,unknown,vnstock_market_equity_ohlcv
SAB,2022-08-15 07:00:00,68.02,69.89,67.68,69.51,242900,unknown,vnstock_market_equity_ohlcv
SAB,2022-08-16 07:00:00,70.03,70.44,69.55,70.26,192800,unknown,vnstock_market_equity_ohlcv
SAB,2022-08-17 07:00:00,70.26,70.52,68.76,70.44,200800,unknown,vnstock_market_equity_ohlcv
SAB,2022-08-18 07:00:00,70.41,73.96,69.55,72.31,330000,unknown,vnstock_market_equity_ohlcv
SAB,2022-08-19 07:00:00,71.42,73.29,71.42,72.88,104300,unknown,vnstock_market_equity_ohlcv
SAB,2022-08-22 07:00:00,73.02,73.02,71.83,72.5,87800,unknown,vnstock_market_equity_ohlcv
SAB,2022-08-23 07:00:00,72.31,72.88,71.01,71.01,89400,unknown,vnstock_market_equity_ohlcv
SAB,2022-08-24 07:00:00,71.01,71.87,69.7,69.89,123100,unknown,vnstock_market_equity_ohlcv
SAB,2022-08-25 07:00:00,69.92,72.05,69.81,70.07,61400,unknown,vnstock_market_equity_ohlcv
SAB,2022-08-26 07:00:00,70.0,70.44,68.88,70.26,91500,unknown,vnstock_market_equity_ohlcv
SAB,2022-08-29 07:00:00,68.58,70.97,68.58,70.26,106300,unknown,vnstock_market_equity_ohlcv
SAB,2022-08-30 07:00:00,70.44,70.63,69.81,70.22,57400,unknown,vnstock_market_equity_ohlcv
SAB,2022-08-31 07:00:00,70.18,70.41,69.32,70.22,126000,unknown,vnstock_market_equity_ohlcv
SAB,2022-09-05 07:00:00,70.22,70.3,69.55,70.26,105900,unknown,vnstock_market_equity_ohlcv
SAB,2022-09-06 07:00:00,70.26,71.27,70.18,70.48,103500,unknown,vnstock_market_equity_ohlcv
SAB,2022-09-07 07:00:00,70.48,70.63,69.25,70.26,128400,unknown,vnstock_market_equity_ohlcv
SAB,2022-09-08 07:00:00,70.63,72.17,70.26,71.64,168200,unknown,vnstock_market_equity_ohlcv
SAB,2022-09-09 07:00:00,71.94,73.06,71.64,72.43,226800,unknown,vnstock_market_equity_ohlcv
SAB,2022-09-12 07:00:00,72.43,73.92,72.43,72.88,227500,unknown,vnstock_market_equity_ohlcv
SAB,2022-09-13 07:00:00,72.88,73.51,71.38,71.38,163100,unknown,vnstock_market_equity_ohlcv
SAB,2022-09-14 07:00:00,71.01,71.01,68.76,68.76,237400,unknown,vnstock_market_equity_ohlcv
SAB,2022-09-15 07:00:00,68.95,70.26,68.39,69.25,199800,unknown,vnstock_market_equity_ohlcv
SAB,2022-09-16 07:00:00,70.6,70.6,68.39,69.25,189100,unknown,vnstock_market_equity_ohlcv
SAB,2022-09-19 07:00:00,69.25,70.07,69.1,69.25,147300,unknown,vnstock_market_equity_ohlcv
SAB,2022-09-20 07:00:00,69.51,70.82,69.44,70.07,81800,unknown,vnstock_market_equity_ohlcv
SAB,2022-09-21 07:00:00,69.32,70.82,69.21,70.26,46700,unknown,vnstock_market_equity_ohlcv
SAB,2022-09-22 07:00:00,70.78,70.78,69.44,69.89,102800,unknown,vnstock_market_equity_ohlcv
SAB,2022-09-23 07:00:00,70.26,70.26,69.4,69.89,140200,unknown,vnstock_market_equity_ohlcv
SAB,2022-09-26 07:00:00,69.51,70.26,68.76,69.14,130700,unknown,vnstock_market_equity_ohlcv
SAB,2022-09-27 07:00:00,69.66,69.66,68.39,69.25,90500,unknown,vnstock_market_equity_ohlcv
SAB,2022-09-28 07:00:00,68.76,69.06,65.4,68.39,78800,unknown,vnstock_market_equity_ohlcv
SAB,2022-09-29 07:00:00,69.36,69.36,67.46,68.32,63300,unknown,vnstock_market_equity_ohlcv
SAB,2022-09-30 07:00:00,66.52,69.7,66.52,69.14,95200,unknown,vnstock_market_equity_ohlcv
SAB,2022-10-03 07:00:00,67.64,69.51,67.64,68.09,77400,unknown,vnstock_market_equity_ohlcv
SAB,2022-10-04 07:00:00,68.09,70.6,68.09,70.26,206200,unknown,vnstock_market_equity_ohlcv
SAB,2022-10-05 07:00:00,70.86,71.38,69.92,70.63,265100,unknown,vnstock_market_equity_ohlcv
SAB,2022-10-06 07:00:00,69.21,69.7,69.14,69.44,54100,unknown,vnstock_market_equity_ohlcv
SAB,2022-10-07 07:00:00,68.39,69.89,68.39,69.89,178100,unknown,vnstock_market_equity_ohlcv
SAB,2022-10-10 07:00:00,69.51,69.55,67.72,68.95,211500,unknown,vnstock_market_equity_ohlcv
SAB,2022-10-11 07:00:00,68.58,69.32,68.05,68.58,158300,unknown,vnstock_market_equity_ohlcv
SAB,2022-10-12 07:00:00,70.07,70.07,68.58,68.58,60200,unknown,vnstock_market_equity_ohlcv
SAB,2022-10-13 07:00:00,68.58,71.01,67.83,71.01,195600,unknown,vnstock_market_equity_ohlcv
SAB,2022-10-14 07:00:00,72.13,72.13,68.76,70.41,99100,unknown,vnstock_market_equity_ohlcv
SAB,2022-10-17 07:00:00,69.32,70.93,68.61,69.18,66700,unknown,vnstock_market_equity_ohlcv
SAB,2022-10-18 07:00:00,70.78,70.93,69.25,70.93,180300,unknown,vnstock_market_equity_ohlcv
SAB,2022-10-19 07:00:00,71.01,71.34,70.44,71.34,113900,unknown,vnstock_market_equity_ohlcv
SAB,2022-10-20 07:00:00,71.01,71.72,70.71,71.49,114400,unknown,vnstock_market_equity_ohlcv
SAB,2022-10-21 07:00:00,71.57,72.88,70.78,72.13,177500,unknown,vnstock_market_equity_ohlcv
SAB,2022-10-24 07:00:00,73.25,75.86,67.64,67.64,279300,unknown,vnstock_market_equity_ohlcv
SAB,2022-10-25 07:00:00,68.61,71.94,68.58,70.18,252100,unknown,vnstock_market_equity_ohlcv
SAB,2022-10-26 07:00:00,72.35,72.35,69.55,69.55,150600,unknown,vnstock_market_equity_ohlcv
SAB,2022-10-27 07:00:00,69.59,70.6,68.58,70.22,222000,unknown,vnstock_market_equity_ohlcv
SAB,2022-10-28 07:00:00,71.01,71.23,69.55,69.55,85800,unknown,vnstock_market_equity_ohlcv
SAB,2022-10-31 07:00:00,70.44,70.44,68.2,69.25,105700,unknown,vnstock_market_equity_ohlcv
SAB,2022-11-01 07:00:00,69.25,69.85,68.46,68.61,170700,unknown,vnstock_market_equity_ohlcv
SAB,2022-11-02 07:00:00,68.61,68.61,67.31,68.58,165000,unknown,vnstock_market_equity_ohlcv
SAB,2022-11-03 07:00:00,68.39,68.39,67.49,68.02,63000,unknown,vnstock_market_equity_ohlcv
SAB,2022-11-04 07:00:00,68.02,69.14,66.9,68.02,117500,unknown,vnstock_market_equity_ohlcv
SAB,2022-11-07 07:00:00,68.05,68.76,67.68,68.76,196800,unknown,vnstock_market_equity_ohlcv
SAB,2022-11-08 07:00:00,68.76,68.84,68.32,68.39,169200,unknown,vnstock_market_equity_ohlcv
SAB,2022-11-09 07:00:00,68.43,69.44,68.43,68.95,145300,unknown,vnstock_market_equity_ohlcv
SAB,2022-11-10 07:00:00,69.32,69.51,68.39,68.95,167600,unknown,vnstock_market_equity_ohlcv
SAB,2022-11-11 07:00:00,70.26,71.72,69.44,70.18,162000,unknown,vnstock_market_equity_ohlcv
SAB,2022-11-14 07:00:00,70.18,73.21,68.02,72.88,240000,unknown,vnstock_market_equity_ohlcv
SAB,2022-11-15 07:00:00,72.84,72.84,69.7,69.7,159000,unknown,vnstock_market_equity_ohlcv
SAB,2022-11-16 07:00:00,68.02,69.51,67.57,67.57,271400,unknown,vnstock_market_equity_ohlcv
SAB,2022-11-17 07:00:00,68.35,72.28,67.08,68.39,282600,unknown,vnstock_market_equity_ohlcv
SAB,2022-11-18 07:00:00,69.29,69.32,66.71,66.97,295400,unknown,vnstock_market_equity_ohlcv
SAB,2022-11-21 07:00:00,68.02,68.76,67.27,68.24,73300,unknown,vnstock_market_equity_ohlcv
SAB,2022-11-22 07:00:00,67.53,69.14,67.31,67.72,103100,unknown,vnstock_market_equity_ohlcv
SAB,2022-11-23 07:00:00,67.57,68.39,67.57,68.02,53900,unknown,vnstock_market_equity_ohlcv
SAB,2022-11-24 07:00:00,68.39,68.39,67.27,67.46,152600,unknown,vnstock_market_equity_ohlcv
SAB,2022-11-25 07:00:00,67.46,68.09,67.23,67.27,144400,unknown,vnstock_market_equity_ohlcv
SAB,2022-11-28 07:00:00,62.56,67.27,62.56,66.18,297700,unknown,vnstock_market_equity_ohlcv
SAB,2022-11-29 07:00:00,66.22,67.23,65.14,65.77,310700,unknown,vnstock_market_equity_ohlcv
SAB,2022-11-30 07:00:00,67.19,67.53,65.81,67.27,288300,unknown,vnstock_market_equity_ohlcv
SAB,2022-12-01 07:00:00,66.9,67.46,65.4,65.55,377600,unknown,vnstock_market_equity_ohlcv
SAB,2022-12-02 07:00:00,65.59,67.57,65.59,66.15,307500,unknown,vnstock_market_equity_ohlcv
SAB,2022-12-05 07:00:00,66.18,67.64,66.18,67.16,167200,unknown,vnstock_market_equity_ohlcv
SAB,2022-12-06 07:00:00,67.12,67.27,66.48,66.71,250500,unknown,vnstock_market_equity_ohlcv
SAB,2022-12-07 07:00:00,66.0,67.23,65.96,66.9,214100,unknown,vnstock_market_equity_ohlcv
SAB,2022-12-08 07:00:00,67.23,67.27,66.15,66.52,188000,unknown,vnstock_market_equity_ohlcv
SAB,2022-12-09 07:00:00,67.01,67.01,66.15,66.52,217600,unknown,vnstock_market_equity_ohlcv
SAB,2022-12-12 07:00:00,66.52,67.23,66.52,66.63,235700,unknown,vnstock_market_equity_ohlcv
SAB,2022-12-13 07:00:00,66.63,67.08,66.52,66.52,361900,unknown,vnstock_market_equity_ohlcv
SAB,2022-12-14 07:00:00,67.04,67.16,66.26,66.9,252200,unknown,vnstock_market_equity_ohlcv
SAB,2022-12-15 07:00:00,66.93,67.19,66.67,66.9,139600,unknown,vnstock_market_equity_ohlcv
SAB,2022-12-16 07:00:00,66.9,66.9,66.18,66.18,425900,unknown,vnstock_market_equity_ohlcv
SAB,2022-12-19 07:00:00,66.22,66.71,65.4,65.4,162100,unknown,vnstock_market_equity_ohlcv
SAB,2022-12-20 07:00:00,65.55,67.11,65.21,65.59,306400,unknown,vnstock_market_equity_ohlcv
SAB,2022-12-21 07:00:00,65.4,66.88,65.4,66.35,173000,unknown,vnstock_market_equity_ohlcv
SAB,2022-12-22 07:00:00,66.46,67.45,66.46,66.46,123200,unknown,vnstock_market_equity_ohlcv
SAB,2022-12-23 07:00:00,67.07,67.11,66.35,66.35,75300,unknown,vnstock_market_equity_ohlcv
SAB,2022-12-26 07:00:00,66.73,67.07,65.59,65.59,220800,unknown,vnstock_market_equity_ohlcv
SAB,2022-12-27 07:00:00,66.46,66.88,65.02,65.02,138400,unknown,vnstock_market_equity_ohlcv
SAB,2022-12-28 07:00:00,65.14,66.92,65.06,66.92,157000,unknown,vnstock_market_equity_ohlcv
SAB,2022-12-29 07:00:00,65.78,66.61,65.55,65.55,103400,unknown,vnstock_market_equity_ohlcv
SAB,2022-12-30 07:00:00,65.97,66.69,63.28,63.28,167300,unknown,vnstock_market_equity_ohlcv
SHB,2022-05-04 07:00:00,8.85,9.14,8.77,8.93,8614400,unknown,vnstock_market_equity_ohlcv
SHB,2022-05-05 07:00:00,9.14,9.14,8.74,8.82,5086600,unknown,vnstock_market_equity_ohlcv
SHB,2022-05-06 07:00:00,8.64,8.77,8.29,8.29,5803400,unknown,vnstock_market_equity_ohlcv
SHB,2022-05-09 07:00:00,8.34,8.34,7.73,7.75,15576800,unknown,vnstock_market_equity_ohlcv
SHB,2022-05-10 07:00:00,7.49,7.89,7.43,7.86,10894600,unknown,vnstock_market_equity_ohlcv
SHB,2022-05-11 07:00:00,7.94,8.02,7.78,7.83,5278600,unknown,vnstock_market_equity_ohlcv
SHB,2022-05-12 07:00:00,7.75,7.83,7.3,7.33,11900700,unknown,vnstock_market_equity_ohlcv
SHB,2022-05-13 07:00:00,7.33,7.33,6.82,6.84,16984900,unknown,vnstock_market_equity_ohlcv
SHB,2022-05-16 07:00:00,6.95,7.22,6.5,6.5,13082500,unknown,vnstock_market_equity_ohlcv
SHB,2022-05-17 07:00:00,6.31,6.95,6.31,6.95,11063300,unknown,vnstock_market_equity_ohlcv
SHB,2022-05-18 07:00:00,7.19,7.43,7.06,7.43,6464200,unknown,vnstock_market_equity_ohlcv
SHB,2022-05-19 07:00:00,7.43,7.86,7.33,7.73,18992600,unknown,vnstock_market_equity_ohlcv
SHB,2022-05-20 07:00:00,7.75,7.91,7.65,7.89,12657800,unknown,vnstock_market_equity_ohlcv
SHB,2022-05-23 07:00:00,7.97,8.15,7.49,7.75,10002600,unknown,vnstock_market_equity_ohlcv
SHB,2022-05-24 07:00:00,7.65,7.83,7.38,7.7,11817800,unknown,vnstock_market_equity_ohlcv
SHB,2022-05-25 07:00:00,7.73,8.15,7.73,8.13,12425500,unknown,vnstock_market_equity_ohlcv
SHB,2022-05-26 07:00:00,8.24,8.29,8.05,8.07,7210100,unknown,vnstock_market_equity_ohlcv
SHB,2022-05-27 07:00:00,8.1,8.18,8.02,8.13,8113500,unknown,vnstock_market_equity_ohlcv
SHB,2022-05-30 07:00:00,8.18,8.21,8.07,8.1,9099700,unknown,vnstock_market_equity_ohlcv
SHB,2022-05-31 07:00:00,8.05,8.1,7.91,7.91,8480500,unknown,vnstock_market_equity_ohlcv
SHB,2022-06-01 07:00:00,7.94,8.13,7.91,7.94,4711500,unknown,vnstock_market_equity_ohlcv
SHB,2022-06-02 07:00:00,7.97,8.05,7.81,7.81,5684300,unknown,vnstock_market_equity_ohlcv
SHB,2022-06-03 07:00:00,7.81,7.86,7.65,7.73,4566700,unknown,vnstock_market_equity_ohlcv
SHB,2022-06-06 07:00:00,7.65,7.75,7.51,7.51,6839700,unknown,vnstock_market_equity_ohlcv
SHB,2022-06-07 07:00:00,7.51,7.51,7.17,7.3,9427800,unknown,vnstock_market_equity_ohlcv
SHB,2022-06-08 07:00:00,7.41,7.81,7.35,7.81,8126100,unknown,vnstock_market_equity_ohlcv
SHB,2022-06-09 07:00:00,7.86,7.97,7.78,7.83,3911900,unknown,vnstock_market_equity_ohlcv
SHB,2022-06-10 07:00:00,7.73,7.91,7.65,7.65,6049400,unknown,vnstock_market_equity_ohlcv
SHB,2022-06-13 07:00:00,7.38,7.54,7.22,7.22,9650800,unknown,vnstock_market_equity_ohlcv
SHB,2022-06-14 07:00:00,7.11,7.43,7.06,7.27,5758900,unknown,vnstock_market_equity_ohlcv
SHB,2022-06-15 07:00:00,7.3,7.38,6.87,7.09,5420200,unknown,vnstock_market_equity_ohlcv
SHB,2022-06-16 07:00:00,7.22,7.27,7.11,7.11,3930400,unknown,vnstock_market_equity_ohlcv
SHB,2022-06-17 07:00:00,6.95,7.0,6.63,6.92,12971900,unknown,vnstock_market_equity_ohlcv
SHB,2022-06-20 07:00:00,6.84,7.25,6.84,7.14,14402600,unknown,vnstock_market_equity_ohlcv
SHB,2022-06-21 07:00:00,7.03,7.17,6.87,6.9,3529600,unknown,vnstock_market_equity_ohlcv
SHB,2022-06-22 07:00:00,7.11,7.3,6.92,7.06,5018600,unknown,vnstock_market_equity_ohlcv
SHB,2022-06-23 07:00:00,7.09,7.27,7.06,7.25,3189200,unknown,vnstock_market_equity_ohlcv
SHB,2022-06-24 07:00:00,7.27,7.38,7.22,7.22,3883200,unknown,vnstock_market_equity_ohlcv
SHB,2022-06-27 07:00:00,7.27,7.38,7.25,7.3,3735300,unknown,vnstock_market_equity_ohlcv
SHB,2022-06-28 07:00:00,7.3,7.7,7.25,7.57,8319300,unknown,vnstock_market_equity_ohlcv
SHB,2022-06-29 07:00:00,7.46,7.62,7.43,7.49,5259600,unknown,vnstock_market_equity_ohlcv
SHB,2022-06-30 07:00:00,7.49,7.57,7.22,7.22,5105900,unknown,vnstock_market_equity_ohlcv
SHB,2022-07-01 07:00:00,7.22,7.27,6.92,7.19,6059200,unknown,vnstock_market_equity_ohlcv
SHB,2022-07-04 07:00:00,7.27,7.38,7.22,7.27,4560200,unknown,vnstock_market_equity_ohlcv
SHB,2022-07-05 07:00:00,7.27,7.57,7.27,7.38,8623000,unknown,vnstock_market_equity_ohlcv
SHB,2022-07-06 07:00:00,7.33,7.43,7.14,7.14,5692500,unknown,vnstock_market_equity_ohlcv
SHB,2022-07-07 07:00:00,7.22,7.33,7.11,7.19,3100700,unknown,vnstock_market_equity_ohlcv
SHB,2022-07-08 07:00:00,7.33,7.33,7.22,7.27,3333500,unknown,vnstock_market_equity_ohlcv
SHB,2022-07-11 07:00:00,7.25,7.27,7.03,7.14,4293000,unknown,vnstock_market_equity_ohlcv
SHB,2022-07-12 07:00:00,7.19,7.3,7.11,7.3,3989600,unknown,vnstock_market_equity_ohlcv
SHB,2022-07-13 07:00:00,7.3,7.81,7.3,7.81,36088400,unknown,vnstock_market_equity_ohlcv
SHB,2022-07-14 07:00:00,7.86,8.07,7.78,7.78,11649800,unknown,vnstock_market_equity_ohlcv
SHB,2022-07-15 07:00:00,7.83,8.15,7.78,7.83,12997800,unknown,vnstock_market_equity_ohlcv
SHB,2022-07-18 07:00:00,7.89,7.97,7.7,7.7,15924100,unknown,vnstock_market_equity_ohlcv
SHB,2022-07-19 07:00:00,7.73,7.83,7.59,7.78,9304100,unknown,vnstock_market_equity_ohlcv
SHB,2022-07-20 07:00:00,7.89,8.05,7.83,7.91,17291700,unknown,vnstock_market_equity_ohlcv
SHB,2022-07-21 07:00:00,7.86,8.0,7.81,7.83,11236500,unknown,vnstock_market_equity_ohlcv
SHB,2022-07-22 07:00:00,7.86,8.0,7.67,7.67,14386200,unknown,vnstock_market_equity_ohlcv
SHB,2022-07-25 07:00:00,7.67,7.73,7.51,7.57,8551900,unknown,vnstock_market_equity_ohlcv
SHB,2022-07-26 07:00:00,7.59,7.65,7.54,7.54,6259700,unknown,vnstock_market_equity_ohlcv
SHB,2022-07-27 07:00:00,7.51,7.73,7.51,7.65,6067200,unknown,vnstock_market_equity_ohlcv
SHB,2022-07-28 07:00:00,7.81,7.94,7.75,7.86,15772000,unknown,vnstock_market_equity_ohlcv
SHB,2022-07-29 07:00:00,7.94,7.97,7.81,7.83,11215900,unknown,vnstock_market_equity_ohlcv
SHB,2022-08-01 07:00:00,7.89,8.1,7.83,8.05,21057000,unknown,vnstock_market_equity_ohlcv
SHB,2022-08-02 07:00:00,8.07,8.26,8.02,8.07,16272900,unknown,vnstock_market_equity_ohlcv
SHB,2022-08-03 07:00:00,8.05,8.26,8.02,8.15,15289900,unknown,vnstock_market_equity_ohlcv
SHB,2022-08-04 07:00:00,8.29,8.34,8.1,8.13,15277400,unknown,vnstock_market_equity_ohlcv
SHB,2022-08-05 07:00:00,8.07,8.15,8.0,8.1,12959500,unknown,vnstock_market_equity_ohlcv
SHB,2022-08-08 07:00:00,8.13,8.24,8.05,8.1,11527500,unknown,vnstock_market_equity_ohlcv
SHB,2022-08-09 07:00:00,8.15,8.18,8.05,8.13,14138800,unknown,vnstock_market_equity_ohlcv
SHB,2022-08-10 07:00:00,8.1,8.13,8.02,8.02,8625200,unknown,vnstock_market_equity_ohlcv
SHB,2022-08-11 07:00:00,8.1,8.13,7.89,7.91,13812200,unknown,vnstock_market_equity_ohlcv
SHB,2022-08-12 07:00:00,7.89,8.0,7.86,7.97,7233900,unknown,vnstock_market_equity_ohlcv
SHB,2022-08-15 07:00:00,8.0,8.5,7.97,8.5,46250900,unknown,vnstock_market_equity_ohlcv
SHB,2022-08-16 07:00:00,8.56,8.69,8.42,8.45,12612400,unknown,vnstock_market_equity_ohlcv
SHB,2022-08-17 07:00:00,8.45,8.53,8.34,8.34,12712500,unknown,vnstock_market_equity_ohlcv
SHB,2022-08-18 07:00:00,8.29,8.42,8.26,8.29,13770400,unknown,vnstock_market_equity_ohlcv
SHB,2022-08-19 07:00:00,8.29,8.37,8.24,8.26,10229100,unknown,vnstock_market_equity_ohlcv
SHB,2022-08-22 07:00:00,8.24,8.4,8.18,8.32,11640000,unknown,vnstock_market_equity_ohlcv
SHB,2022-08-23 07:00:00,8.26,8.42,8.24,8.4,10067700,unknown,vnstock_market_equity_ohlcv
SHB,2022-08-24 07:00:00,8.4,8.48,8.37,8.37,13081600,unknown,vnstock_market_equity_ohlcv
SHB,2022-08-25 07:00:00,8.42,8.53,8.37,8.53,14522100,unknown,vnstock_market_equity_ohlcv
SHB,2022-08-26 07:00:00,8.58,8.64,8.37,8.4,13321900,unknown,vnstock_market_equity_ohlcv
SHB,2022-08-29 07:00:00,8.21,8.32,8.07,8.26,19244800,unknown,vnstock_market_equity_ohlcv
SHB,2022-08-30 07:00:00,8.32,8.42,8.24,8.24,7713600,unknown,vnstock_market_equity_ohlcv
SHB,2022-08-31 07:00:00,8.21,8.34,8.21,8.34,9715900,unknown,vnstock_market_equity_ohlcv
SHB,2022-09-05 07:00:00,8.34,8.34,8.26,8.26,5291800,unknown,vnstock_market_equity_ohlcv
SHB,2022-09-06 07:00:00,8.29,8.4,8.24,8.29,9125500,unknown,vnstock_market_equity_ohlcv
SHB,2022-09-07 07:00:00,8.32,8.32,7.83,7.83,17594300,unknown,vnstock_market_equity_ohlcv
SHB,2022-09-08 07:00:00,7.91,7.97,7.49,7.49,15133300,unknown,vnstock_market_equity_ohlcv
SHB,2022-09-09 07:00:00,7.62,7.65,7.43,7.65,8023800,unknown,vnstock_market_equity_ohlcv
SHB,2022-09-12 07:00:00,7.7,7.78,7.62,7.62,5490400,unknown,vnstock_market_equity_ohlcv
SHB,2022-09-13 07:00:00,7.62,7.7,7.59,7.7,6135800,unknown,vnstock_market_equity_ohlcv
SHB,2022-09-14 07:00:00,7.49,7.62,7.49,7.57,8398700,unknown,vnstock_market_equity_ohlcv
SHB,2022-09-15 07:00:00,7.62,7.65,7.54,7.54,5055800,unknown,vnstock_market_equity_ohlcv
SHB,2022-09-16 07:00:00,7.54,7.59,7.27,7.33,8206300,unknown,vnstock_market_equity_ohlcv
SHB,2022-09-19 07:00:00,7.33,7.38,6.95,6.95,11693800,unknown,vnstock_market_equity_ohlcv
SHB,2022-09-20 07:00:00,7.09,7.19,6.95,7.17,7566200,unknown,vnstock_market_equity_ohlcv
SHB,2022-09-21 07:00:00,7.11,7.17,7.06,7.11,4196900,unknown,vnstock_market_equity_ohlcv
SHB,2022-09-22 07:00:00,7.0,7.19,7.0,7.14,6574500,unknown,vnstock_market_equity_ohlcv
SHB,2022-09-23 07:00:00,7.14,7.19,7.0,7.0,6004000,unknown,vnstock_market_equity_ohlcv
SHB,2022-09-26 07:00:00,6.9,6.9,6.55,6.63,12156200,unknown,vnstock_market_equity_ohlcv
SHB,2022-09-27 07:00:00,6.66,6.87,6.6,6.82,7972000,unknown,vnstock_market_equity_ohlcv
SHB,2022-09-28 07:00:00,6.74,6.84,6.63,6.68,5241200,unknown,vnstock_market_equity_ohlcv
SHB,2022-09-29 07:00:00,6.79,6.84,6.63,6.63,5441100,unknown,vnstock_market_equity_ohlcv
SHB,2022-09-30 07:00:00,6.66,6.71,6.5,6.66,6963700,unknown,vnstock_market_equity_ohlcv
SHB,2022-10-03 07:00:00,6.66,6.71,6.36,6.36,8923400,unknown,vnstock_market_equity_ohlcv
SHB,2022-10-04 07:00:00,6.52,6.52,6.15,6.15,6492400,unknown,vnstock_market_equity_ohlcv
SHB,2022-10-05 07:00:00,6.26,6.36,6.23,6.26,6745700,unknown,vnstock_market_equity_ohlcv
SHB,2022-10-06 07:00:00,6.28,6.31,5.86,5.88,6647600,unknown,vnstock_market_equity_ohlcv
SHB,2022-10-07 07:00:00,5.64,5.78,5.51,5.54,15297700,unknown,vnstock_market_equity_ohlcv
SHB,2022-10-10 07:00:00,5.37,5.56,5.2,5.4,12949100,unknown,vnstock_market_equity_ohlcv
SHB,2022-10-11 07:00:00,5.29,5.37,5.03,5.03,14325600,unknown,vnstock_market_equity_ohlcv
SHB,2022-10-12 07:00:00,4.89,5.37,4.89,5.37,19543100,unknown,vnstock_market_equity_ohlcv
SHB,2022-10-13 07:00:00,5.46,5.59,5.4,5.51,10303200,unknown,vnstock_market_equity_ohlcv
SHB,2022-10-14 07:00:00,5.7,5.88,5.67,5.88,14546400,unknown,vnstock_market_equity_ohlcv
SHB,2022-10-17 07:00:00,5.88,6.2,5.8,6.15,14466400,unknown,vnstock_market_equity_ohlcv
SHB,2022-10-18 07:00:00,6.31,6.36,5.99,6.02,9331000,unknown,vnstock_market_equity_ohlcv
SHB,2022-10-19 07:00:00,6.12,6.12,5.91,5.96,6804900,unknown,vnstock_market_equity_ohlcv
SHB,2022-10-20 07:00:00,5.91,6.02,5.8,5.8,7302300,unknown,vnstock_market_equity_ohlcv
SHB,2022-10-21 07:00:00,5.83,5.94,5.43,5.48,12312500,unknown,vnstock_market_equity_ohlcv
SHB,2022-10-24 07:00:00,5.56,5.72,5.27,5.29,11779800,unknown,vnstock_market_equity_ohlcv
SHB,2022-10-25 07:00:00,5.35,5.64,5.16,5.64,14197100,unknown,vnstock_market_equity_ohlcv
SHB,2022-10-26 07:00:00,5.72,5.8,5.51,5.59,5840800,unknown,vnstock_market_equity_ohlcv
SHB,2022-10-27 07:00:00,5.59,5.96,5.59,5.96,12665000,unknown,vnstock_market_equity_ohlcv
SHB,2022-10-28 07:00:00,6.1,6.15,5.83,5.88,10813500,unknown,vnstock_market_equity_ohlcv
SHB,2022-10-31 07:00:00,5.99,6.18,5.88,6.12,12022200,unknown,vnstock_market_equity_ohlcv
SHB,2022-11-01 07:00:00,6.2,6.39,6.18,6.2,12823500,unknown,vnstock_market_equity_ohlcv
SHB,2022-11-02 07:00:00,6.2,6.26,6.02,6.04,9205800,unknown,vnstock_market_equity_ohlcv
SHB,2022-11-03 07:00:00,5.88,6.1,5.88,5.94,10527400,unknown,vnstock_market_equity_ohlcv
SHB,2022-11-04 07:00:00,5.94,6.15,5.72,6.02,16288600,unknown,vnstock_market_equity_ohlcv
SHB,2022-11-07 07:00:00,6.1,6.1,5.72,5.72,9617100,unknown,vnstock_market_equity_ohlcv
SHB,2022-11-08 07:00:00,5.72,6.02,5.7,5.96,10182200,unknown,vnstock_market_equity_ohlcv
SHB,2022-11-09 07:00:00,6.07,6.07,5.88,5.88,7941000,unknown,vnstock_market_equity_ohlcv
SHB,2022-11-10 07:00:00,5.83,5.88,5.48,5.48,14382800,unknown,vnstock_market_equity_ohlcv
SHB,2022-11-11 07:00:00,5.62,5.7,5.35,5.35,7229400,unknown,vnstock_market_equity_ohlcv
SHB,2022-11-14 07:00:00,5.35,5.37,5.02,5.09,12225200,unknown,vnstock_market_equity_ohlcv
SHB,2022-11-15 07:00:00,4.99,5.26,4.74,4.74,14542300,unknown,vnstock_market_equity_ohlcv
SHB,2022-11-16 07:00:00,4.44,5.07,4.41,5.07,19573100,unknown,vnstock_market_equity_ohlcv
SHB,2022-11-17 07:00:00,5.24,5.35,5.19,5.35,10122400,unknown,vnstock_market_equity_ohlcv
SHB,2022-11-18 07:00:00,5.37,5.46,5.16,5.4,14928000,unknown,vnstock_market_equity_ohlcv
SHB,2022-11-21 07:00:00,5.48,5.62,5.4,5.56,11613300,unknown,vnstock_market_equity_ohlcv
SHB,2022-11-22 07:00:00,5.56,5.75,5.46,5.56,15178300,unknown,vnstock_market_equity_ohlcv
SHB,2022-11-23 07:00:00,5.72,5.78,5.54,5.54,9593600,unknown,vnstock_market_equity_ohlcv
SHB,2022-11-24 07:00:00,5.54,5.56,5.33,5.46,8071000,unknown,vnstock_market_equity_ohlcv
SHB,2022-11-25 07:00:00,5.6,5.72,5.51,5.72,8582800,unknown,vnstock_market_equity_ohlcv
SHB,2022-11-28 07:00:00,5.83,6.12,5.83,6.12,14842500,unknown,vnstock_market_equity_ohlcv
SHB,2022-11-29 07:00:00,6.15,6.31,6.08,6.24,18841800,unknown,vnstock_market_equity_ohlcv
SHB,2022-11-30 07:00:00,6.24,6.31,6.15,6.21,24228300,unknown,vnstock_market_equity_ohlcv
SHB,2022-12-01 07:00:00,6.28,6.64,6.24,6.55,54015600,unknown,vnstock_market_equity_ohlcv
SHB,2022-12-02 07:00:00,6.52,6.89,6.43,6.89,27208700,unknown,vnstock_market_equity_ohlcv
SHB,2022-12-05 07:00:00,7.11,7.26,6.68,6.92,52088700,unknown,vnstock_market_equity_ohlcv
SHB,2022-12-06 07:00:00,6.95,7.08,6.46,6.46,44839100,unknown,vnstock_market_equity_ohlcv
SHB,2022-12-07 07:00:00,6.4,6.68,6.34,6.43,23958800,unknown,vnstock_market_equity_ohlcv
SHB,2022-12-08 07:00:00,6.61,6.83,6.55,6.64,24590500,unknown,vnstock_market_equity_ohlcv
SHB,2022-12-09 07:00:00,6.64,6.77,6.49,6.52,20269000,unknown,vnstock_market_equity_ohlcv
SHB,2022-12-12 07:00:00,6.58,6.89,6.46,6.46,33161800,unknown,vnstock_market_equity_ohlcv
SHB,2022-12-13 07:00:00,6.64,6.71,6.46,6.71,21200200,unknown,vnstock_market_equity_ohlcv
SHB,2022-12-14 07:00:00,6.77,6.83,6.61,6.61,21525300,unknown,vnstock_market_equity_ohlcv
SHB,2022-12-15 07:00:00,6.61,6.77,6.58,6.71,20481300,unknown,vnstock_market_equity_ohlcv
SHB,2022-12-16 07:00:00,6.61,6.92,6.58,6.68,30794900,unknown,vnstock_market_equity_ohlcv
SHB,2022-12-19 07:00:00,6.71,6.98,6.71,6.71,35923300,unknown,vnstock_market_equity_ohlcv
SHB,2022-12-20 07:00:00,6.71,6.74,6.31,6.49,30996400,unknown,vnstock_market_equity_ohlcv
SHB,2022-12-21 07:00:00,6.61,6.61,6.21,6.43,19529300,unknown,vnstock_market_equity_ohlcv
SHB,2022-12-22 07:00:00,6.52,6.64,6.4,6.46,12398300,unknown,vnstock_market_equity_ohlcv
SHB,2022-12-23 07:00:00,6.49,6.52,6.34,6.37,8580000,unknown,vnstock_market_equity_ohlcv
SHB,2022-12-26 07:00:00,6.37,6.37,5.92,5.92,21548900,unknown,vnstock_market_equity_ohlcv
SHB,2022-12-27 07:00:00,5.92,6.28,5.88,6.28,12936000,unknown,vnstock_market_equity_ohlcv
SHB,2022-12-28 07:00:00,6.34,6.34,6.15,6.21,8899500,unknown,vnstock_market_equity_ohlcv
SHB,2022-12-29 07:00:00,6.18,6.28,6.09,6.09,8182100,unknown,vnstock_market_equity_ohlcv
SHB,2022-12-30 07:00:00,6.18,6.21,6.09,6.12,5531200,unknown,vnstock_market_equity_ohlcv
SSI,2022-05-04 07:00:00,16.22,16.34,15.47,15.47,7448400,unknown,vnstock_market_equity_ohlcv
SSI,2022-05-05 07:00:00,15.71,15.83,14.65,14.99,10130600,unknown,vnstock_market_equity_ohlcv
SSI,2022-05-06 07:00:00,14.5,14.84,13.95,13.95,15138700,unknown,vnstock_market_equity_ohlcv
SSI,2022-05-09 07:00:00,13.75,13.78,12.98,12.98,19409400,unknown,vnstock_market_equity_ohlcv
SSI,2022-05-10 07:00:00,12.57,13.56,12.54,13.49,15410200,unknown,vnstock_market_equity_ohlcv
SSI,2022-05-11 07:00:00,13.56,13.58,13.22,13.39,6152600,unknown,vnstock_market_equity_ohlcv
SSI,2022-05-12 07:00:00,13.17,13.32,12.47,12.47,15874500,unknown,vnstock_market_equity_ohlcv
SSI,2022-05-13 07:00:00,12.57,12.86,12.11,12.47,25052800,unknown,vnstock_market_equity_ohlcv
SSI,2022-05-16 07:00:00,13.25,13.34,13.15,13.2,18681800,unknown,vnstock_market_equity_ohlcv
SSI,2022-05-17 07:00:00,13.05,14.09,13.0,14.09,19673100,unknown,vnstock_market_equity_ohlcv
SSI,2022-05-18 07:00:00,14.12,14.48,13.83,13.85,24752200,unknown,vnstock_market_equity_ohlcv
SSI,2022-05-19 07:00:00,13.34,14.02,13.34,13.78,19089300,unknown,vnstock_market_equity_ohlcv
SSI,2022-05-20 07:00:00,13.92,14.26,13.73,13.75,16547700,unknown,vnstock_market_equity_ohlcv
SSI,2022-05-23 07:00:00,13.78,13.85,12.81,12.81,30832900,unknown,vnstock_market_equity_ohlcv
SSI,2022-05-24 07:00:00,12.76,13.58,12.16,13.58,21835700,unknown,vnstock_market_equity_ohlcv
SSI,2022-05-25 07:00:00,13.58,14.16,13.54,13.92,17343300,unknown,vnstock_market_equity_ohlcv
SSI,2022-05-26 07:00:00,13.97,14.6,13.92,14.24,29090600,unknown,vnstock_market_equity_ohlcv
SSI,2022-05-27 07:00:00,14.16,14.72,14.14,14.46,21093000,unknown,vnstock_market_equity_ohlcv
SSI,2022-05-30 07:00:00,14.53,14.84,14.26,14.46,14626400,unknown,vnstock_market_equity_ohlcv
SSI,2022-05-31 07:00:00,14.21,14.53,14.02,14.33,18324500,unknown,vnstock_market_equity_ohlcv
SSI,2022-06-01 07:00:00,14.26,14.46,13.88,14.29,14547600,unknown,vnstock_market_equity_ohlcv
SSI,2022-06-02 07:00:00,14.31,14.6,13.92,14.02,19231800,unknown,vnstock_market_equity_ohlcv
SSI,2022-06-03 07:00:00,13.92,14.36,13.92,14.14,17260500,unknown,vnstock_market_equity_ohlcv
SSI,2022-06-06 07:00:00,14.29,14.46,13.92,14.02,13164700,unknown,vnstock_market_equity_ohlcv
SSI,2022-06-07 07:00:00,13.88,14.0,13.17,13.63,18575400,unknown,vnstock_market_equity_ohlcv
SSI,2022-06-08 07:00:00,13.78,14.38,13.63,14.16,15160100,unknown,vnstock_market_equity_ohlcv
SSI,2022-06-09 07:00:00,14.19,14.31,13.95,14.02,7971900,unknown,vnstock_market_equity_ohlcv
SSI,2022-06-10 07:00:00,13.83,14.02,13.46,13.46,15662200,unknown,vnstock_market_equity_ohlcv
SSI,2022-06-13 07:00:00,12.81,13.05,12.54,12.54,20886700,unknown,vnstock_market_equity_ohlcv
SSI,2022-06-14 07:00:00,12.28,12.42,11.68,11.77,18121100,unknown,vnstock_market_equity_ohlcv
SSI,2022-06-15 07:00:00,11.84,11.96,10.95,10.95,19494300,unknown,vnstock_market_equity_ohlcv
SSI,2022-06-16 07:00:00,11.31,11.31,10.61,10.71,13558700,unknown,vnstock_market_equity_ohlcv
SSI,2022-06-17 07:00:00,10.08,10.39,9.96,9.96,20938200,unknown,vnstock_market_equity_ohlcv
SSI,2022-06-20 07:00:00,9.98,10.3,9.28,9.28,18264500,unknown,vnstock_market_equity_ohlcv
SSI,2022-06-21 07:00:00,8.87,9.62,8.73,8.85,24985100,unknown,vnstock_market_equity_ohlcv
SSI,2022-06-22 07:00:00,9.46,9.46,9.36,9.46,11892500,unknown,vnstock_market_equity_ohlcv
SSI,2022-06-23 07:00:00,9.62,9.89,9.57,9.89,13697300,unknown,vnstock_market_equity_ohlcv
SSI,2022-06-24 07:00:00,9.84,10.21,9.81,9.94,11929000,unknown,vnstock_market_equity_ohlcv
SSI,2022-06-27 07:00:00,10.02,10.61,9.94,10.61,13895600,unknown,vnstock_market_equity_ohlcv
SSI,2022-06-28 07:00:00,10.64,10.66,10.4,10.48,13211000,unknown,vnstock_market_equity_ohlcv
SSI,2022-06-29 07:00:00,10.32,10.8,10.26,10.56,14242800,unknown,vnstock_market_equity_ohlcv
SSI,2022-06-30 07:00:00,10.53,10.61,10.05,10.05,13242100,unknown,vnstock_market_equity_ohlcv
SSI,2022-07-01 07:00:00,9.97,10.58,9.6,10.53,15527500,unknown,vnstock_market_equity_ohlcv
SSI,2022-07-04 07:00:00,10.72,11.01,10.66,10.8,19712000,unknown,vnstock_market_equity_ohlcv
SSI,2022-07-05 07:00:00,10.77,10.88,10.53,10.53,14220100,unknown,vnstock_market_equity_ohlcv
SSI,2022-07-06 07:00:00,10.26,10.58,10.1,10.16,15164800,unknown,vnstock_market_equity_ohlcv
SSI,2022-07-07 07:00:00,10.05,10.26,9.97,10.21,9823100,unknown,vnstock_market_equity_ohlcv
SSI,2022-07-08 07:00:00,10.32,10.9,10.32,10.9,30285700,unknown,vnstock_market_equity_ohlcv
SSI,2022-07-11 07:00:00,10.93,11.31,10.64,11.04,26063700,unknown,vnstock_market_equity_ohlcv
SSI,2022-07-12 07:00:00,10.98,11.31,10.9,11.17,11926200,unknown,vnstock_market_equity_ohlcv
SSI,2022-07-13 07:00:00,11.17,11.28,10.85,11.07,17839400,unknown,vnstock_market_equity_ohlcv
SSI,2022-07-14 07:00:00,10.96,11.73,10.88,11.49,23495100,unknown,vnstock_market_equity_ohlcv
SSI,2022-07-15 07:00:00,11.55,11.63,11.28,11.28,16577600,unknown,vnstock_market_equity_ohlcv
SSI,2022-07-18 07:00:00,11.39,11.44,11.07,11.17,18016400,unknown,vnstock_market_equity_ohlcv
SSI,2022-07-19 07:00:00,11.04,11.17,10.74,11.04,19867100,unknown,vnstock_market_equity_ohlcv
SSI,2022-07-20 07:00:00,11.23,11.55,11.17,11.39,22292300,unknown,vnstock_market_equity_ohlcv
SSI,2022-07-21 07:00:00,11.33,11.55,11.28,11.39,15960000,unknown,vnstock_market_equity_ohlcv
SSI,2022-07-22 07:00:00,11.39,11.49,11.17,11.17,17909200,unknown,vnstock_market_equity_ohlcv
SSI,2022-07-25 07:00:00,11.07,11.25,10.85,10.93,18310100,unknown,vnstock_market_equity_ohlcv
SSI,2022-07-26 07:00:00,10.98,11.07,10.74,10.82,16457400,unknown,vnstock_market_equity_ohlcv
SSI,2022-07-27 07:00:00,10.69,10.9,10.58,10.9,17804700,unknown,vnstock_market_equity_ohlcv
SSI,2022-07-28 07:00:00,11.17,11.41,11.07,11.31,19481100,unknown,vnstock_market_equity_ohlcv
SSI,2022-07-29 07:00:00,11.39,11.57,11.25,11.41,20792200,unknown,vnstock_market_equity_ohlcv
SSI,2022-08-01 07:00:00,11.41,12.19,11.41,12.19,29169900,unknown,vnstock_market_equity_ohlcv
SSI,2022-08-02 07:00:00,12.3,12.64,12.24,12.4,35526300,unknown,vnstock_market_equity_ohlcv
SSI,2022-08-03 07:00:00,12.24,12.67,12.22,12.59,22269900,unknown,vnstock_market_equity_ohlcv
SSI,2022-08-04 07:00:00,12.72,12.78,12.3,12.59,20941700,unknown,vnstock_market_equity_ohlcv
SSI,2022-08-05 07:00:00,12.48,13.42,12.43,13.26,28994000,unknown,vnstock_market_equity_ohlcv
SSI,2022-08-08 07:00:00,13.44,13.55,13.02,13.18,21251600,unknown,vnstock_market_equity_ohlcv
SSI,2022-08-09 07:00:00,13.2,13.34,13.02,13.26,14949200,unknown,vnstock_market_equity_ohlcv
SSI,2022-08-10 07:00:00,13.12,13.36,13.07,13.12,14584500,unknown,vnstock_market_equity_ohlcv
SSI,2022-08-11 07:00:00,13.28,13.47,12.72,13.04,28045800,unknown,vnstock_market_equity_ohlcv
SSI,2022-08-12 07:00:00,13.02,13.31,12.86,13.31,17178600,unknown,vnstock_market_equity_ohlcv
SSI,2022-08-15 07:00:00,13.44,13.52,13.15,13.23,14575600,unknown,vnstock_market_equity_ohlcv
SSI,2022-08-16 07:00:00,13.23,13.36,13.07,13.15,11764700,unknown,vnstock_market_equity_ohlcv
SSI,2022-08-17 07:00:00,13.26,13.44,13.1,13.12,21210600,unknown,vnstock_market_equity_ohlcv
SSI,2022-08-18 07:00:00,12.99,13.63,12.99,13.42,28626400,unknown,vnstock_market_equity_ohlcv
SSI,2022-08-19 07:00:00,13.42,13.6,13.31,13.44,15752800,unknown,vnstock_market_equity_ohlcv
SSI,2022-08-22 07:00:00,13.44,13.55,13.15,13.2,16747900,unknown,vnstock_market_equity_ohlcv
SSI,2022-08-23 07:00:00,12.99,13.58,12.72,13.58,32424700,unknown,vnstock_market_equity_ohlcv
SSI,2022-08-24 07:00:00,13.71,13.74,13.44,13.5,13465300,unknown,vnstock_market_equity_ohlcv
SSI,2022-08-25 07:00:00,13.55,13.9,13.55,13.63,14782800,unknown,vnstock_market_equity_ohlcv
SSI,2022-08-26 07:00:00,13.63,13.71,13.26,13.26,23266700,unknown,vnstock_market_equity_ohlcv
SSI,2022-08-29 07:00:00,12.94,13.04,12.59,13.04,28608300,unknown,vnstock_market_equity_ohlcv
SSI,2022-08-30 07:00:00,13.18,13.26,12.78,12.8,12094600,unknown,vnstock_market_equity_ohlcv
SSI,2022-08-31 07:00:00,12.67,12.94,12.67,12.83,10846400,unknown,vnstock_market_equity_ohlcv
SSI,2022-09-05 07:00:00,12.88,12.99,12.67,12.67,10158000,unknown,vnstock_market_equity_ohlcv
SSI,2022-09-06 07:00:00,12.75,12.91,12.56,12.7,11026900,unknown,vnstock_market_equity_ohlcv
SSI,2022-09-07 07:00:00,12.67,12.8,12.05,12.05,23212800,unknown,vnstock_market_equity_ohlcv
SSI,2022-09-08 07:00:00,12.27,12.3,11.79,11.79,15977000,unknown,vnstock_market_equity_ohlcv
SSI,2022-09-09 07:00:00,11.76,11.87,11.39,11.87,33441100,unknown,vnstock_market_equity_ohlcv
SSI,2022-09-12 07:00:00,12.03,12.03,11.68,11.68,11998300,unknown,vnstock_market_equity_ohlcv
SSI,2022-09-13 07:00:00,11.68,11.79,11.33,11.57,18972100,unknown,vnstock_market_equity_ohlcv
SSI,2022-09-14 07:00:00,11.23,11.84,11.23,11.73,25849700,unknown,vnstock_market_equity_ohlcv
SSI,2022-09-15 07:00:00,11.81,11.81,11.55,11.57,9452700,unknown,vnstock_market_equity_ohlcv
SSI,2022-09-16 07:00:00,11.49,11.6,11.25,11.31,19466700,unknown,vnstock_market_equity_ohlcv
SSI,2022-09-19 07:00:00,11.31,11.31,10.64,10.64,22693700,unknown,vnstock_market_equity_ohlcv
SSI,2022-09-20 07:00:00,10.8,11.09,10.64,11.07,14145700,unknown,vnstock_market_equity_ohlcv
SSI,2022-09-21 07:00:00,10.96,11.12,10.88,10.98,8382000,unknown,vnstock_market_equity_ohlcv
SSI,2022-09-22 07:00:00,10.85,11.33,10.8,11.28,17206400,unknown,vnstock_market_equity_ohlcv
SSI,2022-09-23 07:00:00,11.23,11.39,10.98,11.04,10814000,unknown,vnstock_market_equity_ohlcv
SSI,2022-09-26 07:00:00,10.72,10.85,10.29,10.42,22906700,unknown,vnstock_market_equity_ohlcv
SSI,2022-09-27 07:00:00,10.53,10.69,10.42,10.45,10953800,unknown,vnstock_market_equity_ohlcv
SSI,2022-09-28 07:00:00,10.37,10.72,10.37,10.56,14119800,unknown,vnstock_market_equity_ohlcv
SSI,2022-09-29 07:00:00,10.8,10.8,10.32,10.32,11341000,unknown,vnstock_market_equity_ohlcv
SSI,2022-09-30 07:00:00,10.24,10.58,9.78,10.58,20628400,unknown,vnstock_market_equity_ohlcv
SSI,2022-10-03 07:00:00,10.48,10.5,9.86,9.86,15843300,unknown,vnstock_market_equity_ohlcv
SSI,2022-10-04 07:00:00,10.1,10.21,9.41,9.52,15613300,unknown,vnstock_market_equity_ohlcv
SSI,2022-10-05 07:00:00,9.81,10.05,9.73,9.97,13616200,unknown,vnstock_market_equity_ohlcv
SSI,2022-10-06 07:00:00,9.97,9.97,9.3,9.3,12072300,unknown,vnstock_market_equity_ohlcv
SSI,2022-10-07 07:00:00,9.11,9.14,8.66,8.98,24130800,unknown,vnstock_market_equity_ohlcv
SSI,2022-10-10 07:00:00,8.95,9.46,8.85,9.3,17618200,unknown,vnstock_market_equity_ohlcv
SSI,2022-10-11 07:00:00,9.11,9.3,8.66,8.66,16403900,unknown,vnstock_market_equity_ohlcv
SSI,2022-10-12 07:00:00,8.77,9.25,8.69,9.22,18582200,unknown,vnstock_market_equity_ohlcv
SSI,2022-10-13 07:00:00,9.22,9.46,9.09,9.36,12486200,unknown,vnstock_market_equity_ohlcv
SSI,2022-10-14 07:00:00,9.62,9.84,9.52,9.57,22036600,unknown,vnstock_market_equity_ohlcv
SSI,2022-10-17 07:00:00,9.41,9.62,9.22,9.62,13716400,unknown,vnstock_market_equity_ohlcv
SSI,2022-10-18 07:00:00,9.84,9.89,9.46,9.52,18797300,unknown,vnstock_market_equity_ohlcv
SSI,2022-10-19 07:00:00,9.57,9.62,9.36,9.44,12345400,unknown,vnstock_market_equity_ohlcv
SSI,2022-10-20 07:00:00,9.36,9.54,9.22,9.3,11211900,unknown,vnstock_market_equity_ohlcv
SSI,2022-10-21 07:00:00,9.3,9.33,8.66,8.66,28076400,unknown,vnstock_market_equity_ohlcv
SSI,2022-10-24 07:00:00,8.71,8.77,8.07,8.07,23354200,unknown,vnstock_market_equity_ohlcv
SSI,2022-10-25 07:00:00,8.07,8.58,7.64,8.04,22999400,unknown,vnstock_market_equity_ohlcv
SSI,2022-10-26 07:00:00,8.18,8.34,7.86,7.94,9014400,unknown,vnstock_market_equity_ohlcv
SSI,2022-10-27 07:00:00,8.07,8.47,8.02,8.47,21710300,unknown,vnstock_market_equity_ohlcv
SSI,2022-10-28 07:00:00,8.66,8.77,8.47,8.5,16262500,unknown,vnstock_market_equity_ohlcv
SSI,2022-10-31 07:00:00,8.5,8.77,8.12,8.71,20501900,unknown,vnstock_market_equity_ohlcv
SSI,2022-11-01 07:00:00,8.87,9.11,8.71,9.06,22328100,unknown,vnstock_market_equity_ohlcv
SSI,2022-11-02 07:00:00,9.06,9.11,8.82,8.82,15911800,unknown,vnstock_market_equity_ohlcv
SSI,2022-11-03 07:00:00,8.66,8.98,8.63,8.82,11302200,unknown,vnstock_market_equity_ohlcv
SSI,2022-11-04 07:00:00,8.69,8.71,8.21,8.21,25310800,unknown,vnstock_market_equity_ohlcv
SSI,2022-11-07 07:00:00,8.15,8.29,7.64,7.64,21167600,unknown,vnstock_market_equity_ohlcv
SSI,2022-11-08 07:00:00,7.38,8.1,7.38,8.02,16380300,unknown,vnstock_market_equity_ohlcv
SSI,2022-11-09 07:00:00,8.1,8.34,7.96,7.96,8615900,unknown,vnstock_market_equity_ohlcv
SSI,2022-11-10 07:00:00,7.86,7.91,7.43,7.43,18406100,unknown,vnstock_market_equity_ohlcv
SSI,2022-11-11 07:00:00,7.64,7.8,7.38,7.54,19859900,unknown,vnstock_market_equity_ohlcv
SSI,2022-11-14 07:00:00,7.38,7.75,7.06,7.62,20560100,unknown,vnstock_market_equity_ohlcv
SSI,2022-11-15 07:00:00,7.48,7.62,7.11,7.43,24236100,unknown,vnstock_market_equity_ohlcv
SSI,2022-11-16 07:00:00,7.0,7.94,6.98,7.94,26998600,unknown,vnstock_market_equity_ohlcv
SSI,2022-11-17 07:00:00,8.1,8.47,8.07,8.45,23384900,unknown,vnstock_market_equity_ohlcv
SSI,2022-11-18 07:00:00,8.42,8.87,8.21,8.69,34596600,unknown,vnstock_market_equity_ohlcv
SSI,2022-11-21 07:00:00,8.79,8.82,8.53,8.61,12527900,unknown,vnstock_market_equity_ohlcv
SSI,2022-11-22 07:00:00,8.5,9.09,8.5,8.74,29655000,unknown,vnstock_market_equity_ohlcv
SSI,2022-11-23 07:00:00,8.66,8.79,8.45,8.45,13126800,unknown,vnstock_market_equity_ohlcv
SSI,2022-11-24 07:00:00,8.26,8.55,8.15,8.55,16226000,unknown,vnstock_market_equity_ohlcv
SSI,2022-11-25 07:00:00,8.77,9.14,8.63,9.14,22569200,unknown,vnstock_market_equity_ohlcv
SSI,2022-11-28 07:00:00,9.36,9.76,9.36,9.76,32638900,unknown,vnstock_market_equity_ohlcv
SSI,2022-11-29 07:00:00,9.89,10.24,9.62,10.13,32279800,unknown,vnstock_market_equity_ohlcv
SSI,2022-11-30 07:00:00,10.0,10.37,9.86,10.29,29645300,unknown,vnstock_market_equity_ohlcv
SSI,2022-12-01 07:00:00,10.42,10.5,9.73,9.73,37109400,unknown,vnstock_market_equity_ohlcv
SSI,2022-12-02 07:00:00,9.68,10.4,9.68,10.4,29326500,unknown,vnstock_market_equity_ohlcv
SSI,2022-12-05 07:00:00,10.85,11.12,10.58,11.12,35813500,unknown,vnstock_market_equity_ohlcv
SSI,2022-12-06 07:00:00,10.9,11.2,10.45,10.45,41336800,unknown,vnstock_market_equity_ohlcv
SSI,2022-12-07 07:00:00,10.45,10.66,10.1,10.29,21179900,unknown,vnstock_market_equity_ohlcv
SSI,2022-12-08 07:00:00,10.56,10.98,10.45,10.98,34618000,unknown,vnstock_market_equity_ohlcv
SSI,2022-12-09 07:00:00,11.07,11.12,10.64,10.82,18581200,unknown,vnstock_market_equity_ohlcv
SSI,2022-12-12 07:00:00,10.9,11.09,10.21,10.24,26511100,unknown,vnstock_market_equity_ohlcv
SSI,2022-12-13 07:00:00,10.24,10.9,10.08,10.9,25352700,unknown,vnstock_market_equity_ohlcv
SSI,2022-12-14 07:00:00,11.23,11.23,10.74,10.74,20741200,unknown,vnstock_market_equity_ohlcv
SSI,2022-12-15 07:00:00,10.74,10.88,10.66,10.82,15553300,unknown,vnstock_market_equity_ohlcv
SSI,2022-12-16 07:00:00,10.69,11.01,10.69,10.96,21449000,unknown,vnstock_market_equity_ohlcv
SSI,2022-12-19 07:00:00,10.96,11.68,10.88,10.96,41725400,unknown,vnstock_market_equity_ohlcv
SSI,2022-12-20 07:00:00,10.96,11.09,10.34,10.58,26808800,unknown,vnstock_market_equity_ohlcv
SSI,2022-12-21 07:00:00,10.8,10.8,9.86,10.32,26446400,unknown,vnstock_market_equity_ohlcv
SSI,2022-12-22 07:00:00,10.42,10.45,9.94,10.21,13108700,unknown,vnstock_market_equity_ohlcv
SSI,2022-12-23 07:00:00,10.16,10.21,9.76,9.78,11363200,unknown,vnstock_market_equity_ohlcv
SSI,2022-12-26 07:00:00,9.73,9.78,9.11,9.11,18630300,unknown,vnstock_market_equity_ohlcv
SSI,2022-12-27 07:00:00,9.09,9.73,9.09,9.73,14748000,unknown,vnstock_market_equity_ohlcv
SSI,2022-12-28 07:00:00,9.86,9.86,9.52,9.7,10979500,unknown,vnstock_market_equity_ohlcv
SSI,2022-12-29 07:00:00,9.62,9.76,9.41,9.41,8747600,unknown,vnstock_market_equity_ohlcv
SSI,2022-12-30 07:00:00,9.49,9.68,9.41,9.46,6422100,unknown,vnstock_market_equity_ohlcv
STB,2022-05-04 07:00:00,27.7,27.7,26.7,26.75,8979400,unknown,vnstock_market_equity_ohlcv
STB,2022-05-05 07:00:00,27.0,27.05,25.9,26.9,13505600,unknown,vnstock_market_equity_ohlcv
STB,2022-05-06 07:00:00,26.0,26.6,25.4,25.5,15245000,unknown,vnstock_market_equity_ohlcv
STB,2022-05-09 07:00:00,25.1,25.1,23.75,23.75,23972900,unknown,vnstock_market_equity_ohlcv
STB,2022-05-10 07:00:00,22.55,23.9,22.55,23.9,18391700,unknown,vnstock_market_equity_ohlcv
STB,2022-05-11 07:00:00,23.9,24.0,22.8,23.55,13068000,unknown,vnstock_market_equity_ohlcv
STB,2022-05-12 07:00:00,23.45,23.45,21.95,21.95,24214900,unknown,vnstock_market_equity_ohlcv
STB,2022-05-13 07:00:00,21.5,21.95,20.45,20.45,22537200,unknown,vnstock_market_equity_ohlcv
STB,2022-05-16 07:00:00,21.1,21.3,19.05,19.05,35190100,unknown,vnstock_market_equity_ohlcv
STB,2022-05-17 07:00:00,18.7,20.35,18.6,20.35,30818300,unknown,vnstock_market_equity_ohlcv
STB,2022-05-18 07:00:00,20.95,21.75,20.7,21.75,27100600,unknown,vnstock_market_equity_ohlcv
STB,2022-05-19 07:00:00,21.3,22.4,21.25,21.75,22221600,unknown,vnstock_market_equity_ohlcv
STB,2022-05-20 07:00:00,21.75,22.05,21.5,21.6,14328800,unknown,vnstock_market_equity_ohlcv
STB,2022-05-23 07:00:00,21.75,21.75,20.15,20.35,30824100,unknown,vnstock_market_equity_ohlcv
STB,2022-05-24 07:00:00,20.35,21.75,20.1,21.75,17952200,unknown,vnstock_market_equity_ohlcv
STB,2022-05-25 07:00:00,22.0,22.85,22.0,22.75,20351500,unknown,vnstock_market_equity_ohlcv
STB,2022-05-26 07:00:00,22.6,22.75,22.3,22.4,15266200,unknown,vnstock_market_equity_ohlcv
STB,2022-05-27 07:00:00,22.5,22.7,22.1,22.25,15040300,unknown,vnstock_market_equity_ohlcv
STB,2022-05-30 07:00:00,22.45,23.0,22.25,22.8,16390500,unknown,vnstock_market_equity_ohlcv
STB,2022-05-31 07:00:00,22.6,22.8,22.35,22.35,12812300,unknown,vnstock_market_equity_ohlcv
STB,2022-06-01 07:00:00,22.3,22.6,22.0,22.25,14727100,unknown,vnstock_market_equity_ohlcv
STB,2022-06-02 07:00:00,22.35,22.4,21.45,21.55,15929800,unknown,vnstock_market_equity_ohlcv
STB,2022-06-03 07:00:00,21.5,21.7,20.95,21.15,12083400,unknown,vnstock_market_equity_ohlcv
STB,2022-06-06 07:00:00,21.15,21.4,20.5,20.5,17162600,unknown,vnstock_market_equity_ohlcv
STB,2022-06-07 07:00:00,20.5,20.55,19.8,20.2,16797600,unknown,vnstock_market_equity_ohlcv
STB,2022-06-08 07:00:00,20.4,21.6,20.3,21.6,11493800,unknown,vnstock_market_equity_ohlcv
STB,2022-06-09 07:00:00,22.25,22.35,21.7,22.3,16071100,unknown,vnstock_market_equity_ohlcv
STB,2022-06-10 07:00:00,21.8,22.7,21.75,21.9,17446000,unknown,vnstock_market_equity_ohlcv
STB,2022-06-13 07:00:00,21.05,21.6,20.5,20.6,16680200,unknown,vnstock_market_equity_ohlcv
STB,2022-06-14 07:00:00,20.35,21.25,20.35,20.9,12472300,unknown,vnstock_market_equity_ohlcv
STB,2022-06-15 07:00:00,21.0,21.05,19.95,20.7,13262200,unknown,vnstock_market_equity_ohlcv
STB,2022-06-16 07:00:00,21.1,21.25,20.8,21.0,11245300,unknown,vnstock_market_equity_ohlcv
STB,2022-06-17 07:00:00,20.5,20.5,19.8,20.25,12492500,unknown,vnstock_market_equity_ohlcv
STB,2022-06-20 07:00:00,20.3,20.55,18.85,18.85,16894800,unknown,vnstock_market_equity_ohlcv
STB,2022-06-21 07:00:00,18.85,19.6,18.7,19.2,10840400,unknown,vnstock_market_equity_ohlcv
STB,2022-06-22 07:00:00,19.7,20.5,19.6,20.5,9689900,unknown,vnstock_market_equity_ohlcv
STB,2022-06-23 07:00:00,20.15,21.7,20.15,21.3,15465200,unknown,vnstock_market_equity_ohlcv
STB,2022-06-24 07:00:00,21.3,21.8,21.05,21.2,11596900,unknown,vnstock_market_equity_ohlcv
STB,2022-06-27 07:00:00,21.4,21.75,21.15,21.5,9786600,unknown,vnstock_market_equity_ohlcv
STB,2022-06-28 07:00:00,21.5,22.8,21.35,22.55,24887500,unknown,vnstock_market_equity_ohlcv
STB,2022-06-29 07:00:00,22.1,23.3,22.1,22.6,13808600,unknown,vnstock_market_equity_ohlcv
STB,2022-06-30 07:00:00,22.55,22.75,21.5,21.5,18789800,unknown,vnstock_market_equity_ohlcv
STB,2022-07-01 07:00:00,21.4,22.05,20.7,22.0,16869800,unknown,vnstock_market_equity_ohlcv
STB,2022-07-04 07:00:00,22.3,22.95,22.1,22.35,22132700,unknown,vnstock_market_equity_ohlcv
STB,2022-07-05 07:00:00,22.4,23.6,22.35,23.05,30049300,unknown,vnstock_market_equity_ohlcv
STB,2022-07-06 07:00:00,22.6,23.4,22.45,22.5,17725300,unknown,vnstock_market_equity_ohlcv
STB,2022-07-07 07:00:00,22.5,23.15,22.1,22.6,15935900,unknown,vnstock_market_equity_ohlcv
STB,2022-07-08 07:00:00,23.0,23.05,22.35,22.5,15739700,unknown,vnstock_market_equity_ohlcv
STB,2022-07-11 07:00:00,22.25,22.45,21.65,22.05,21170600,unknown,vnstock_market_equity_ohlcv
STB,2022-07-12 07:00:00,22.15,22.8,21.95,22.6,12469100,unknown,vnstock_market_equity_ohlcv
STB,2022-07-13 07:00:00,22.6,23.4,22.6,23.05,17150700,unknown,vnstock_market_equity_ohlcv
STB,2022-07-14 07:00:00,22.9,23.35,22.8,23.3,12876400,unknown,vnstock_market_equity_ohlcv
STB,2022-07-15 07:00:00,23.4,23.75,22.95,23.0,16982600,unknown,vnstock_market_equity_ohlcv
STB,2022-07-18 07:00:00,23.05,23.4,22.55,22.55,14305700,unknown,vnstock_market_equity_ohlcv
STB,2022-07-19 07:00:00,22.55,23.15,22.45,22.95,11691000,unknown,vnstock_market_equity_ohlcv
STB,2022-07-20 07:00:00,23.25,23.5,22.95,23.05,11199600,unknown,vnstock_market_equity_ohlcv
STB,2022-07-21 07:00:00,23.05,23.6,23.0,23.1,17945400,unknown,vnstock_market_equity_ohlcv
STB,2022-07-22 07:00:00,23.3,23.5,23.0,23.0,11581700,unknown,vnstock_market_equity_ohlcv
STB,2022-07-25 07:00:00,23.0,23.3,22.8,22.85,6665200,unknown,vnstock_market_equity_ohlcv
STB,2022-07-26 07:00:00,22.95,22.95,22.7,22.95,9279700,unknown,vnstock_market_equity_ohlcv
STB,2022-07-27 07:00:00,22.85,23.05,22.75,23.05,9170900,unknown,vnstock_market_equity_ohlcv
STB,2022-07-28 07:00:00,23.35,24.65,23.25,24.45,40238200,unknown,vnstock_market_equity_ohlcv
STB,2022-07-29 07:00:00,24.65,24.9,24.3,24.7,17762000,unknown,vnstock_market_equity_ohlcv
STB,2022-08-01 07:00:00,24.5,25.6,24.5,25.2,16701100,unknown,vnstock_market_equity_ohlcv
STB,2022-08-02 07:00:00,25.0,25.5,24.85,24.95,18607500,unknown,vnstock_market_equity_ohlcv
STB,2022-08-03 07:00:00,24.85,25.65,24.75,25.45,14338500,unknown,vnstock_market_equity_ohlcv
STB,2022-08-04 07:00:00,25.65,25.7,25.1,25.2,13127200,unknown,vnstock_market_equity_ohlcv
STB,2022-08-05 07:00:00,25.1,25.25,24.85,25.25,12665800,unknown,vnstock_market_equity_ohlcv
STB,2022-08-08 07:00:00,25.25,25.65,25.1,25.3,7664100,unknown,vnstock_market_equity_ohlcv
STB,2022-08-09 07:00:00,25.3,25.5,25.0,25.25,7863800,unknown,vnstock_market_equity_ohlcv
STB,2022-08-10 07:00:00,25.2,25.3,24.9,24.9,8967800,unknown,vnstock_market_equity_ohlcv
STB,2022-08-11 07:00:00,25.2,25.6,24.8,25.2,15664300,unknown,vnstock_market_equity_ohlcv
STB,2022-08-12 07:00:00,25.05,25.65,25.05,25.65,8391200,unknown,vnstock_market_equity_ohlcv
STB,2022-08-15 07:00:00,25.9,26.35,25.65,25.65,13671000,unknown,vnstock_market_equity_ohlcv
STB,2022-08-16 07:00:00,25.8,25.8,25.35,25.55,9490900,unknown,vnstock_market_equity_ohlcv
STB,2022-08-17 07:00:00,25.55,25.6,25.3,25.4,11130300,unknown,vnstock_market_equity_ohlcv
STB,2022-08-18 07:00:00,25.2,25.65,25.0,25.2,12921000,unknown,vnstock_market_equity_ohlcv
STB,2022-08-19 07:00:00,25.25,25.5,25.05,25.1,7722200,unknown,vnstock_market_equity_ohlcv
STB,2022-08-22 07:00:00,25.0,25.2,24.7,24.7,9667900,unknown,vnstock_market_equity_ohlcv
STB,2022-08-23 07:00:00,24.6,25.0,24.3,25.0,9877300,unknown,vnstock_market_equity_ohlcv
STB,2022-08-24 07:00:00,25.1,25.55,24.8,25.4,13326500,unknown,vnstock_market_equity_ohlcv
STB,2022-08-25 07:00:00,25.55,25.65,25.4,25.65,8891300,unknown,vnstock_market_equity_ohlcv
STB,2022-08-26 07:00:00,25.7,25.8,25.1,25.1,10738200,unknown,vnstock_market_equity_ohlcv
STB,2022-08-29 07:00:00,24.7,24.85,24.05,24.85,15059400,unknown,vnstock_market_equity_ohlcv
STB,2022-08-30 07:00:00,24.9,25.1,24.65,24.65,8084200,unknown,vnstock_market_equity_ohlcv
STB,2022-08-31 07:00:00,24.55,24.9,24.4,24.8,7673100,unknown,vnstock_market_equity_ohlcv
STB,2022-09-05 07:00:00,24.7,24.85,24.6,24.7,5292400,unknown,vnstock_market_equity_ohlcv
STB,2022-09-06 07:00:00,24.7,25.05,24.65,24.7,6307900,unknown,vnstock_market_equity_ohlcv
STB,2022-09-07 07:00:00,24.7,25.45,24.35,24.35,22424200,unknown,vnstock_market_equity_ohlcv
STB,2022-09-08 07:00:00,24.7,24.7,23.9,23.9,10363500,unknown,vnstock_market_equity_ohlcv
STB,2022-09-09 07:00:00,24.0,24.05,22.65,23.75,21144800,unknown,vnstock_market_equity_ohlcv
STB,2022-09-12 07:00:00,23.75,23.9,23.1,23.1,5734900,unknown,vnstock_market_equity_ohlcv
STB,2022-09-13 07:00:00,23.0,23.45,23.0,23.05,6532800,unknown,vnstock_market_equity_ohlcv
STB,2022-09-14 07:00:00,22.65,23.05,22.5,23.05,10170600,unknown,vnstock_market_equity_ohlcv
STB,2022-09-15 07:00:00,23.25,23.35,22.8,23.05,8396500,unknown,vnstock_market_equity_ohlcv
STB,2022-09-16 07:00:00,22.95,23.0,22.45,22.45,16349600,unknown,vnstock_market_equity_ohlcv
STB,2022-09-19 07:00:00,22.6,22.65,21.6,21.6,10742400,unknown,vnstock_market_equity_ohlcv
STB,2022-09-20 07:00:00,21.9,22.3,21.65,22.15,6368400,unknown,vnstock_market_equity_ohlcv
STB,2022-09-21 07:00:00,22.05,22.1,21.75,21.75,3707700,unknown,vnstock_market_equity_ohlcv
STB,2022-09-22 07:00:00,21.45,21.95,21.45,21.95,5220700,unknown,vnstock_market_equity_ohlcv
STB,2022-09-23 07:00:00,21.8,22.0,21.45,21.45,6962300,unknown,vnstock_market_equity_ohlcv
STB,2022-09-26 07:00:00,20.95,21.0,20.25,20.5,16606500,unknown,vnstock_market_equity_ohlcv
STB,2022-09-27 07:00:00,20.8,20.8,20.4,20.5,5440900,unknown,vnstock_market_equity_ohlcv
STB,2022-09-28 07:00:00,20.2,20.6,20.15,20.3,6498700,unknown,vnstock_market_equity_ohlcv
STB,2022-09-29 07:00:00,20.6,20.7,19.7,19.7,7927300,unknown,vnstock_market_equity_ohlcv
STB,2022-09-30 07:00:00,19.6,20.8,19.5,20.6,16490500,unknown,vnstock_market_equity_ohlcv
STB,2022-10-03 07:00:00,20.3,20.4,19.2,19.2,14937100,unknown,vnstock_market_equity_ohlcv
STB,2022-10-04 07:00:00,19.75,19.75,18.6,18.75,15971100,unknown,vnstock_market_equity_ohlcv
STB,2022-10-05 07:00:00,19.35,19.5,19.0,19.25,10610300,unknown,vnstock_market_equity_ohlcv
STB,2022-10-06 07:00:00,19.35,19.35,17.95,18.0,18656100,unknown,vnstock_market_equity_ohlcv
STB,2022-10-07 07:00:00,17.6,17.6,16.75,16.75,40976500,unknown,vnstock_market_equity_ohlcv
STB,2022-10-10 07:00:00,16.2,17.25,15.75,17.0,34119100,unknown,vnstock_market_equity_ohlcv
STB,2022-10-11 07:00:00,16.95,17.0,15.85,15.85,24976900,unknown,vnstock_market_equity_ohlcv
STB,2022-10-12 07:00:00,15.95,16.95,15.9,16.95,15160800,unknown,vnstock_market_equity_ohlcv
STB,2022-10-13 07:00:00,17.05,17.7,16.95,17.65,16491000,unknown,vnstock_market_equity_ohlcv
STB,2022-10-14 07:00:00,18.1,18.1,17.45,17.65,25065100,unknown,vnstock_market_equity_ohlcv
STB,2022-10-17 07:00:00,17.45,18.15,17.3,18.15,12846000,unknown,vnstock_market_equity_ohlcv
STB,2022-10-18 07:00:00,18.5,18.65,17.5,17.7,14148300,unknown,vnstock_market_equity_ohlcv
STB,2022-10-19 07:00:00,17.75,17.85,16.9,17.3,17992600,unknown,vnstock_market_equity_ohlcv
STB,2022-10-20 07:00:00,17.25,17.75,16.9,17.15,13245100,unknown,vnstock_market_equity_ohlcv
STB,2022-10-21 07:00:00,17.1,17.25,15.95,15.95,22530300,unknown,vnstock_market_equity_ohlcv
STB,2022-10-24 07:00:00,16.05,16.35,14.85,14.85,27147400,unknown,vnstock_market_equity_ohlcv
STB,2022-10-25 07:00:00,14.9,15.85,14.05,14.9,22832700,unknown,vnstock_market_equity_ohlcv
STB,2022-10-26 07:00:00,15.15,15.4,14.8,15.0,7624800,unknown,vnstock_market_equity_ohlcv
STB,2022-10-27 07:00:00,15.0,16.05,15.0,16.05,21985200,unknown,vnstock_market_equity_ohlcv
STB,2022-10-28 07:00:00,16.45,16.85,16.1,16.15,18824600,unknown,vnstock_market_equity_ohlcv
STB,2022-10-31 07:00:00,16.2,16.5,15.6,16.15,16782900,unknown,vnstock_market_equity_ohlcv
STB,2022-11-01 07:00:00,16.5,17.25,16.35,16.9,29458400,unknown,vnstock_market_equity_ohlcv
STB,2022-11-02 07:00:00,16.9,17.3,16.75,16.9,19123400,unknown,vnstock_market_equity_ohlcv
STB,2022-11-03 07:00:00,16.8,17.45,16.8,17.25,19534000,unknown,vnstock_market_equity_ohlcv
STB,2022-11-04 07:00:00,17.05,17.25,16.05,16.6,32100600,unknown,vnstock_market_equity_ohlcv
STB,2022-11-07 07:00:00,16.35,16.7,15.5,15.5,20698900,unknown,vnstock_market_equity_ohlcv
STB,2022-11-08 07:00:00,15.5,16.55,15.3,16.45,22034700,unknown,vnstock_market_equity_ohlcv
STB,2022-11-09 07:00:00,16.8,17.05,15.8,16.25,35899100,unknown,vnstock_market_equity_ohlcv
STB,2022-11-10 07:00:00,16.0,16.25,15.15,15.15,37391500,unknown,vnstock_market_equity_ohlcv
STB,2022-11-11 07:00:00,15.6,16.2,15.45,15.6,39517200,unknown,vnstock_market_equity_ohlcv
STB,2022-11-14 07:00:00,15.45,16.1,14.85,15.85,36929800,unknown,vnstock_market_equity_ohlcv
STB,2022-11-15 07:00:00,15.75,16.0,14.85,15.1,27646400,unknown,vnstock_market_equity_ohlcv
STB,2022-11-16 07:00:00,14.8,16.15,14.45,16.15,29344400,unknown,vnstock_market_equity_ohlcv
STB,2022-11-17 07:00:00,16.9,17.25,16.6,17.2,35148700,unknown,vnstock_market_equity_ohlcv
STB,2022-11-18 07:00:00,16.95,17.65,16.45,17.1,32563700,unknown,vnstock_market_equity_ohlcv
STB,2022-11-21 07:00:00,17.3,17.4,16.7,16.7,17502900,unknown,vnstock_market_equity_ohlcv
STB,2022-11-22 07:00:00,16.6,17.85,16.6,16.9,30775500,unknown,vnstock_market_equity_ohlcv
STB,2022-11-23 07:00:00,16.9,17.9,16.9,17.5,25665600,unknown,vnstock_market_equity_ohlcv
STB,2022-11-24 07:00:00,17.3,18.2,16.9,18.2,18314400,unknown,vnstock_market_equity_ohlcv
STB,2022-11-25 07:00:00,18.5,18.95,18.0,18.9,24962000,unknown,vnstock_market_equity_ohlcv
STB,2022-11-28 07:00:00,19.1,19.75,19.05,19.7,28234200,unknown,vnstock_market_equity_ohlcv
STB,2022-11-29 07:00:00,19.5,19.95,18.9,19.75,26282100,unknown,vnstock_market_equity_ohlcv
STB,2022-11-30 07:00:00,19.55,20.2,19.15,20.0,25462700,unknown,vnstock_market_equity_ohlcv
STB,2022-12-01 07:00:00,20.2,21.1,19.5,19.5,39125200,unknown,vnstock_market_equity_ohlcv
STB,2022-12-02 07:00:00,19.8,20.85,19.5,20.85,27685300,unknown,vnstock_market_equity_ohlcv
STB,2022-12-05 07:00:00,22.3,22.3,21.85,22.3,38505100,unknown,vnstock_market_equity_ohlcv
STB,2022-12-06 07:00:00,22.25,22.65,20.75,20.75,49350900,unknown,vnstock_market_equity_ohlcv
STB,2022-12-07 07:00:00,20.55,20.9,19.7,20.3,27772200,unknown,vnstock_market_equity_ohlcv
STB,2022-12-08 07:00:00,20.75,21.7,20.75,21.7,20042500,unknown,vnstock_market_equity_ohlcv
STB,2022-12-09 07:00:00,22.5,22.6,21.9,22.4,26467900,unknown,vnstock_market_equity_ohlcv
STB,2022-12-12 07:00:00,22.5,22.6,21.3,21.3,20770500,unknown,vnstock_market_equity_ohlcv
STB,2022-12-13 07:00:00,21.35,22.6,21.05,22.55,25986500,unknown,vnstock_market_equity_ohlcv
STB,2022-12-14 07:00:00,23.0,23.5,22.7,23.25,21018800,unknown,vnstock_market_equity_ohlcv
STB,2022-12-15 07:00:00,23.1,23.65,22.65,23.25,20332000,unknown,vnstock_market_equity_ohlcv
STB,2022-12-16 07:00:00,22.85,23.2,22.55,22.8,25278700,unknown,vnstock_market_equity_ohlcv
STB,2022-12-19 07:00:00,23.0,23.4,22.4,22.4,23175600,unknown,vnstock_market_equity_ohlcv
STB,2022-12-20 07:00:00,22.0,22.45,21.25,22.45,28918700,unknown,vnstock_market_equity_ohlcv
STB,2022-12-21 07:00:00,22.75,23.8,22.3,23.55,35449400,unknown,vnstock_market_equity_ohlcv
STB,2022-12-22 07:00:00,23.75,24.15,23.1,23.4,17470200,unknown,vnstock_market_equity_ohlcv
STB,2022-12-23 07:00:00,23.45,23.7,22.9,23.5,13227800,unknown,vnstock_market_equity_ohlcv
STB,2022-12-26 07:00:00,23.45,23.55,21.9,21.9,20485300,unknown,vnstock_market_equity_ohlcv
STB,2022-12-27 07:00:00,22.0,23.0,21.85,22.5,20842100,unknown,vnstock_market_equity_ohlcv
STB,2022-12-28 07:00:00,22.6,23.0,22.05,22.9,15196800,unknown,vnstock_market_equity_ohlcv
STB,2022-12-29 07:00:00,22.7,22.95,22.35,22.35,9448000,unknown,vnstock_market_equity_ohlcv
STB,2022-12-30 07:00:00,22.6,22.7,22.2,22.5,10618600,unknown,vnstock_market_equity_ohlcv
TCB,2022-05-04 07:00:00,20.13,20.2,19.43,19.43,6384600,unknown,vnstock_market_equity_ohlcv
TCB,2022-05-05 07:00:00,19.82,19.82,19.16,19.71,4804200,unknown,vnstock_market_equity_ohlcv
TCB,2022-05-06 07:00:00,19.29,19.57,19.2,19.2,4889500,unknown,vnstock_market_equity_ohlcv
TCB,2022-05-09 07:00:00,19.06,19.16,17.86,17.86,12361700,unknown,vnstock_market_equity_ohlcv
TCB,2022-05-10 07:00:00,17.33,17.98,17.33,17.9,10236300,unknown,vnstock_market_equity_ohlcv
TCB,2022-05-11 07:00:00,18.04,18.25,17.79,18.04,4071500,unknown,vnstock_market_equity_ohlcv
TCB,2022-05-12 07:00:00,18.04,18.04,16.8,16.8,7306300,unknown,vnstock_market_equity_ohlcv
TCB,2022-05-13 07:00:00,16.8,17.03,15.64,15.64,15203300,unknown,vnstock_market_equity_ohlcv
TCB,2022-05-16 07:00:00,16.24,16.56,15.08,15.08,11689600,unknown,vnstock_market_equity_ohlcv
TCB,2022-05-17 07:00:00,15.08,16.12,15.06,16.12,9447600,unknown,vnstock_market_equity_ohlcv
TCB,2022-05-18 07:00:00,16.52,17.07,16.36,16.68,8689300,unknown,vnstock_market_equity_ohlcv
TCB,2022-05-19 07:00:00,16.38,16.84,16.29,16.56,5692200,unknown,vnstock_market_equity_ohlcv
TCB,2022-05-20 07:00:00,16.56,16.86,16.36,16.52,5443200,unknown,vnstock_market_equity_ohlcv
TCB,2022-05-23 07:00:00,16.56,16.75,16.12,16.12,5290600,unknown,vnstock_market_equity_ohlcv
TCB,2022-05-24 07:00:00,16.1,16.31,15.92,16.31,4270100,unknown,vnstock_market_equity_ohlcv
TCB,2022-05-25 07:00:00,16.59,16.96,16.42,16.89,6709700,unknown,vnstock_market_equity_ohlcv
TCB,2022-05-26 07:00:00,16.98,17.23,16.91,16.98,4687800,unknown,vnstock_market_equity_ohlcv
TCB,2022-05-27 07:00:00,17.07,17.33,17.05,17.33,5777300,unknown,vnstock_market_equity_ohlcv
TCB,2022-05-30 07:00:00,17.58,17.58,17.33,17.47,4224300,unknown,vnstock_market_equity_ohlcv
TCB,2022-05-31 07:00:00,17.33,17.4,17.19,17.19,5119800,unknown,vnstock_market_equity_ohlcv
TCB,2022-06-01 07:00:00,17.12,17.44,16.96,17.05,3829000,unknown,vnstock_market_equity_ohlcv
TCB,2022-06-02 07:00:00,17.07,17.12,16.66,16.84,3533700,unknown,vnstock_market_equity_ohlcv
TCB,2022-06-03 07:00:00,16.82,17.05,16.68,16.86,3040200,unknown,vnstock_market_equity_ohlcv
TCB,2022-06-06 07:00:00,16.86,17.03,16.66,16.68,3845100,unknown,vnstock_market_equity_ohlcv
TCB,2022-06-07 07:00:00,16.66,16.75,16.19,16.75,4640800,unknown,vnstock_market_equity_ohlcv
TCB,2022-06-08 07:00:00,16.8,17.33,16.73,17.23,6456800,unknown,vnstock_market_equity_ohlcv
TCB,2022-06-09 07:00:00,17.23,17.37,17.14,17.3,5776000,unknown,vnstock_market_equity_ohlcv
TCB,2022-06-10 07:00:00,17.12,18.0,17.1,17.56,8194200,unknown,vnstock_market_equity_ohlcv
TCB,2022-06-13 07:00:00,17.12,17.23,16.63,16.66,6673500,unknown,vnstock_market_equity_ohlcv
TCB,2022-06-14 07:00:00,16.33,16.8,16.29,16.54,3740800,unknown,vnstock_market_equity_ohlcv
TCB,2022-06-15 07:00:00,16.52,16.73,16.22,16.52,5449100,unknown,vnstock_market_equity_ohlcv
TCB,2022-06-16 07:00:00,16.61,16.89,16.47,16.68,5916100,unknown,vnstock_market_equity_ohlcv
TCB,2022-06-17 07:00:00,16.22,16.38,15.66,15.96,4994900,unknown,vnstock_market_equity_ohlcv
TCB,2022-06-20 07:00:00,15.96,16.29,15.27,15.27,4004000,unknown,vnstock_market_equity_ohlcv
TCB,2022-06-21 07:00:00,15.31,15.64,15.18,15.27,4900200,unknown,vnstock_market_equity_ohlcv
TCB,2022-06-22 07:00:00,15.62,16.33,15.48,16.1,6208200,unknown,vnstock_market_equity_ohlcv
TCB,2022-06-23 07:00:00,16.1,16.84,15.98,16.63,4708100,unknown,vnstock_market_equity_ohlcv
TCB,2022-06-24 07:00:00,16.63,16.7,16.42,16.42,2969100,unknown,vnstock_market_equity_ohlcv
TCB,2022-06-27 07:00:00,16.45,16.63,16.42,16.45,4282300,unknown,vnstock_market_equity_ohlcv
TCB,2022-06-28 07:00:00,16.42,17.1,16.36,16.98,5342500,unknown,vnstock_market_equity_ohlcv
TCB,2022-06-29 07:00:00,16.75,17.19,16.75,17.0,3048300,unknown,vnstock_market_equity_ohlcv
TCB,2022-06-30 07:00:00,16.91,17.16,16.45,16.45,3566500,unknown,vnstock_market_equity_ohlcv
TCB,2022-07-01 07:00:00,16.47,16.77,16.12,16.66,3473300,unknown,vnstock_market_equity_ohlcv
TCB,2022-07-04 07:00:00,16.77,16.98,16.68,16.82,3148000,unknown,vnstock_market_equity_ohlcv
TCB,2022-07-05 07:00:00,16.93,17.7,16.82,17.47,10888900,unknown,vnstock_market_equity_ohlcv
TCB,2022-07-06 07:00:00,17.35,17.77,17.21,17.4,6055300,unknown,vnstock_market_equity_ohlcv
TCB,2022-07-07 07:00:00,17.33,17.58,17.12,17.49,3567400,unknown,vnstock_market_equity_ohlcv
TCB,2022-07-08 07:00:00,17.56,17.58,17.28,17.37,4058400,unknown,vnstock_market_equity_ohlcv
TCB,2022-07-11 07:00:00,17.14,17.26,16.42,16.47,8452700,unknown,vnstock_market_equity_ohlcv
TCB,2022-07-12 07:00:00,16.56,16.7,16.49,16.7,3916500,unknown,vnstock_market_equity_ohlcv
TCB,2022-07-13 07:00:00,16.73,17.03,16.66,16.7,3156800,unknown,vnstock_market_equity_ohlcv
TCB,2022-07-14 07:00:00,16.61,16.8,16.59,16.63,2902000,unknown,vnstock_market_equity_ohlcv
TCB,2022-07-15 07:00:00,16.7,16.91,16.7,16.7,4094300,unknown,vnstock_market_equity_ohlcv
TCB,2022-07-18 07:00:00,16.8,17.05,16.7,16.8,2990600,unknown,vnstock_market_equity_ohlcv
TCB,2022-07-19 07:00:00,16.77,16.8,16.54,16.7,2566900,unknown,vnstock_market_equity_ohlcv
TCB,2022-07-20 07:00:00,16.89,16.93,16.75,16.8,4923800,unknown,vnstock_market_equity_ohlcv
TCB,2022-07-21 07:00:00,16.93,17.07,16.8,17.05,5488700,unknown,vnstock_market_equity_ohlcv
TCB,2022-07-22 07:00:00,17.26,17.54,17.14,17.16,4424700,unknown,vnstock_market_equity_ohlcv
TCB,2022-07-25 07:00:00,17.05,17.16,17.0,17.03,2340300,unknown,vnstock_market_equity_ohlcv
TCB,2022-07-26 07:00:00,17.03,17.14,16.91,16.93,2794900,unknown,vnstock_market_equity_ohlcv
TCB,2022-07-27 07:00:00,16.84,16.93,16.84,16.93,1654100,unknown,vnstock_market_equity_ohlcv
TCB,2022-07-28 07:00:00,17.07,17.35,17.03,17.26,5604300,unknown,vnstock_market_equity_ohlcv
TCB,2022-07-29 07:00:00,17.35,17.54,17.19,17.54,5486300,unknown,vnstock_market_equity_ohlcv
TCB,2022-08-01 07:00:00,17.51,17.95,17.4,17.86,6875400,unknown,vnstock_market_equity_ohlcv
TCB,2022-08-02 07:00:00,17.77,17.86,17.6,17.72,4609900,unknown,vnstock_market_equity_ohlcv
TCB,2022-08-03 07:00:00,17.72,17.77,17.51,17.65,4944700,unknown,vnstock_market_equity_ohlcv
TCB,2022-08-04 07:00:00,17.7,17.98,17.67,17.77,4630800,unknown,vnstock_market_equity_ohlcv
TCB,2022-08-05 07:00:00,17.77,17.95,17.72,17.77,3914900,unknown,vnstock_market_equity_ohlcv
TCB,2022-08-08 07:00:00,17.81,18.34,17.81,18.14,7998700,unknown,vnstock_market_equity_ohlcv
TCB,2022-08-09 07:00:00,18.23,18.34,18.04,18.11,4306400,unknown,vnstock_market_equity_ohlcv
TCB,2022-08-10 07:00:00,17.98,18.07,17.9,17.95,3001500,unknown,vnstock_market_equity_ohlcv
TCB,2022-08-11 07:00:00,18.09,18.18,17.74,17.81,4920200,unknown,vnstock_market_equity_ohlcv
TCB,2022-08-12 07:00:00,17.81,17.95,17.7,17.95,2817400,unknown,vnstock_market_equity_ohlcv
TCB,2022-08-15 07:00:00,18.04,18.21,17.98,18.09,4366600,unknown,vnstock_market_equity_ohlcv
TCB,2022-08-16 07:00:00,18.07,18.14,18.02,18.04,3042300,unknown,vnstock_market_equity_ohlcv
TCB,2022-08-17 07:00:00,18.07,18.21,18.04,18.18,4459300,unknown,vnstock_market_equity_ohlcv
TCB,2022-08-18 07:00:00,18.09,18.27,18.02,18.09,5337200,unknown,vnstock_market_equity_ohlcv
TCB,2022-08-19 07:00:00,18.07,18.14,18.02,18.04,2566900,unknown,vnstock_market_equity_ohlcv
TCB,2022-08-22 07:00:00,17.98,18.09,17.84,17.9,3086100,unknown,vnstock_market_equity_ohlcv
TCB,2022-08-23 07:00:00,17.88,17.95,17.74,17.95,3339900,unknown,vnstock_market_equity_ohlcv
TCB,2022-08-24 07:00:00,17.95,18.39,17.95,18.16,3993200,unknown,vnstock_market_equity_ohlcv
TCB,2022-08-25 07:00:00,18.18,18.37,18.18,18.3,3706900,unknown,vnstock_market_equity_ohlcv
TCB,2022-08-26 07:00:00,18.32,18.48,18.27,18.27,4353000,unknown,vnstock_market_equity_ohlcv
TCB,2022-08-29 07:00:00,17.95,18.09,17.81,17.93,4474600,unknown,vnstock_market_equity_ohlcv
TCB,2022-08-30 07:00:00,17.95,18.11,17.93,17.93,3807500,unknown,vnstock_market_equity_ohlcv
TCB,2022-08-31 07:00:00,17.93,18.11,17.88,18.02,2265500,unknown,vnstock_market_equity_ohlcv
TCB,2022-09-05 07:00:00,17.98,18.0,17.84,17.86,2788600,unknown,vnstock_market_equity_ohlcv
TCB,2022-09-06 07:00:00,17.84,18.04,17.84,17.88,2340700,unknown,vnstock_market_equity_ohlcv
TCB,2022-09-07 07:00:00,17.88,17.9,17.37,17.37,4269000,unknown,vnstock_market_equity_ohlcv
TCB,2022-09-08 07:00:00,17.47,17.54,17.28,17.3,2473200,unknown,vnstock_market_equity_ohlcv
TCB,2022-09-09 07:00:00,17.44,17.44,17.12,17.42,2951100,unknown,vnstock_market_equity_ohlcv
TCB,2022-09-12 07:00:00,17.42,17.49,17.33,17.35,1289900,unknown,vnstock_market_equity_ohlcv
TCB,2022-09-13 07:00:00,17.3,17.4,17.26,17.26,1687000,unknown,vnstock_market_equity_ohlcv
TCB,2022-09-14 07:00:00,16.89,17.12,16.89,17.03,2794500,unknown,vnstock_market_equity_ohlcv
TCB,2022-09-15 07:00:00,17.12,17.14,16.93,16.93,1611900,unknown,vnstock_market_equity_ohlcv
TCB,2022-09-16 07:00:00,16.84,16.96,16.66,16.66,2188200,unknown,vnstock_market_equity_ohlcv
TCB,2022-09-19 07:00:00,16.66,16.66,16.12,16.22,3777300,unknown,vnstock_market_equity_ohlcv
TCB,2022-09-20 07:00:00,16.45,16.45,16.15,16.22,1989200,unknown,vnstock_market_equity_ohlcv
TCB,2022-09-21 07:00:00,16.19,16.24,15.96,15.96,2073000,unknown,vnstock_market_equity_ohlcv
TCB,2022-09-22 07:00:00,15.87,16.03,15.78,15.98,2922800,unknown,vnstock_market_equity_ohlcv
TCB,2022-09-23 07:00:00,15.94,16.01,15.75,15.82,2265200,unknown,vnstock_market_equity_ohlcv
TCB,2022-09-26 07:00:00,15.66,15.66,15.24,15.38,5217000,unknown,vnstock_market_equity_ohlcv
TCB,2022-09-27 07:00:00,15.52,15.68,15.36,15.5,2336300,unknown,vnstock_market_equity_ohlcv
TCB,2022-09-28 07:00:00,15.43,15.59,15.36,15.38,2069900,unknown,vnstock_market_equity_ohlcv
TCB,2022-09-29 07:00:00,15.59,15.59,15.27,15.27,2640300,unknown,vnstock_market_equity_ohlcv
TCB,2022-09-30 07:00:00,15.27,15.36,14.9,15.04,5240200,unknown,vnstock_market_equity_ohlcv
TCB,2022-10-03 07:00:00,15.04,15.08,14.0,14.0,6076000,unknown,vnstock_market_equity_ohlcv
TCB,2022-10-04 07:00:00,14.25,14.34,13.88,14.02,5966900,unknown,vnstock_market_equity_ohlcv
TCB,2022-10-05 07:00:00,14.34,14.37,14.11,14.11,3986800,unknown,vnstock_market_equity_ohlcv
TCB,2022-10-06 07:00:00,14.11,14.25,13.56,13.56,5573700,unknown,vnstock_market_equity_ohlcv
TCB,2022-10-07 07:00:00,13.37,13.37,12.61,12.61,14349900,unknown,vnstock_market_equity_ohlcv
TCB,2022-10-10 07:00:00,11.94,12.47,11.73,11.94,18275400,unknown,vnstock_market_equity_ohlcv
TCB,2022-10-11 07:00:00,11.94,11.94,11.1,11.1,21188700,unknown,vnstock_market_equity_ohlcv
TCB,2022-10-12 07:00:00,11.1,11.75,10.9,11.47,9605400,unknown,vnstock_market_equity_ohlcv
TCB,2022-10-13 07:00:00,11.47,11.71,11.15,11.71,9386700,unknown,vnstock_market_equity_ohlcv
TCB,2022-10-14 07:00:00,12.26,12.26,11.8,11.89,6333400,unknown,vnstock_market_equity_ohlcv
TCB,2022-10-17 07:00:00,11.8,11.8,11.27,11.61,7760900,unknown,vnstock_market_equity_ohlcv
TCB,2022-10-18 07:00:00,11.84,11.98,11.64,11.71,5030200,unknown,vnstock_market_equity_ohlcv
TCB,2022-10-19 07:00:00,11.71,11.8,11.38,11.66,4571000,unknown,vnstock_market_equity_ohlcv
TCB,2022-10-20 07:00:00,11.61,11.61,11.36,11.38,5210100,unknown,vnstock_market_equity_ohlcv
TCB,2022-10-21 07:00:00,11.5,11.5,10.6,10.6,9633400,unknown,vnstock_market_equity_ohlcv
TCB,2022-10-24 07:00:00,10.66,10.8,9.86,9.86,11800600,unknown,vnstock_market_equity_ohlcv
TCB,2022-10-25 07:00:00,9.86,10.39,9.25,9.86,9593300,unknown,vnstock_market_equity_ohlcv
TCB,2022-10-26 07:00:00,10.04,10.09,9.74,9.9,3153400,unknown,vnstock_market_equity_ohlcv
TCB,2022-10-27 07:00:00,9.95,10.57,9.95,10.57,5222800,unknown,vnstock_market_equity_ohlcv
TCB,2022-10-28 07:00:00,10.92,11.29,10.87,11.29,12484200,unknown,vnstock_market_equity_ohlcv
TCB,2022-10-31 07:00:00,11.38,11.47,10.87,11.38,7284700,unknown,vnstock_market_equity_ohlcv
TCB,2022-11-01 07:00:00,11.57,12.03,11.57,11.87,8603400,unknown,vnstock_market_equity_ohlcv
TCB,2022-11-02 07:00:00,11.89,11.94,11.59,11.66,5442300,unknown,vnstock_market_equity_ohlcv
TCB,2022-11-03 07:00:00,11.4,11.96,11.4,11.96,6663000,unknown,vnstock_market_equity_ohlcv
TCB,2022-11-04 07:00:00,11.57,11.8,11.13,11.8,12626400,unknown,vnstock_market_equity_ohlcv
TCB,2022-11-07 07:00:00,11.78,11.94,10.99,10.99,6326200,unknown,vnstock_market_equity_ohlcv
TCB,2022-11-08 07:00:00,10.99,11.52,10.64,11.17,5353800,unknown,vnstock_market_equity_ohlcv
TCB,2022-11-09 07:00:00,11.34,11.61,11.2,11.27,3645200,unknown,vnstock_market_equity_ohlcv
TCB,2022-11-10 07:00:00,11.1,11.15,10.48,10.53,7580100,unknown,vnstock_market_equity_ohlcv
TCB,2022-11-11 07:00:00,10.87,11.08,10.55,10.55,5479500,unknown,vnstock_market_equity_ohlcv
TCB,2022-11-14 07:00:00,10.27,10.36,9.86,10.27,5828500,unknown,vnstock_market_equity_ohlcv
TCB,2022-11-15 07:00:00,10.2,10.2,9.55,9.58,10943000,unknown,vnstock_market_equity_ohlcv
TCB,2022-11-16 07:00:00,8.93,10.22,8.93,10.22,18062800,unknown,vnstock_market_equity_ohlcv
TCB,2022-11-17 07:00:00,10.5,10.66,10.27,10.62,5977300,unknown,vnstock_market_equity_ohlcv
TCB,2022-11-18 07:00:00,10.57,10.8,10.09,10.5,6390000,unknown,vnstock_market_equity_ohlcv
TCB,2022-11-21 07:00:00,10.48,10.69,10.29,10.29,4508400,unknown,vnstock_market_equity_ohlcv
TCB,2022-11-22 07:00:00,10.2,10.66,10.11,10.11,7548800,unknown,vnstock_market_equity_ohlcv
TCB,2022-11-23 07:00:00,10.18,10.36,10.04,10.18,3771800,unknown,vnstock_market_equity_ohlcv
TCB,2022-11-24 07:00:00,10.18,10.27,9.95,10.25,3471500,unknown,vnstock_market_equity_ohlcv
TCB,2022-11-25 07:00:00,10.34,10.64,10.27,10.64,5208100,unknown,vnstock_market_equity_ohlcv
TCB,2022-11-28 07:00:00,10.78,11.38,10.76,11.38,9058600,unknown,vnstock_market_equity_ohlcv
TCB,2022-11-29 07:00:00,11.54,11.84,11.27,11.66,7876400,unknown,vnstock_market_equity_ohlcv
TCB,2022-11-30 07:00:00,11.66,11.98,11.54,11.98,8860700,unknown,vnstock_market_equity_ohlcv
TCB,2022-12-01 07:00:00,12.14,12.82,12.14,12.68,16532500,unknown,vnstock_market_equity_ohlcv
TCB,2022-12-02 07:00:00,12.49,13.42,12.42,13.32,9001200,unknown,vnstock_market_equity_ohlcv
TCB,2022-12-05 07:00:00,13.65,13.79,13.32,13.42,8445100,unknown,vnstock_market_equity_ohlcv
TCB,2022-12-06 07:00:00,13.32,13.42,12.49,12.52,14489700,unknown,vnstock_market_equity_ohlcv
TCB,2022-12-07 07:00:00,12.49,12.56,12.01,12.21,7114400,unknown,vnstock_market_equity_ohlcv
TCB,2022-12-08 07:00:00,12.4,13.05,12.26,13.05,10144300,unknown,vnstock_market_equity_ohlcv
TCB,2022-12-09 07:00:00,13.16,13.19,12.82,13.07,4407800,unknown,vnstock_market_equity_ohlcv
TCB,2022-12-12 07:00:00,13.07,13.21,12.58,12.58,6189600,unknown,vnstock_market_equity_ohlcv
TCB,2022-12-13 07:00:00,12.58,13.32,12.49,13.32,7316900,unknown,vnstock_market_equity_ohlcv
TCB,2022-12-14 07:00:00,13.65,13.74,13.32,13.32,7999600,unknown,vnstock_market_equity_ohlcv
TCB,2022-12-15 07:00:00,13.32,13.67,13.23,13.65,7681000,unknown,vnstock_market_equity_ohlcv
TCB,2022-12-16 07:00:00,13.42,13.56,13.23,13.49,6469000,unknown,vnstock_market_equity_ohlcv
TCB,2022-12-19 07:00:00,13.49,14.18,13.44,13.53,9319200,unknown,vnstock_market_equity_ohlcv
TCB,2022-12-20 07:00:00,13.42,13.53,12.61,12.82,11750600,unknown,vnstock_market_equity_ohlcv
TCB,2022-12-21 07:00:00,12.98,13.05,12.17,12.82,6560300,unknown,vnstock_market_equity_ohlcv
TCB,2022-12-22 07:00:00,12.84,13.14,12.61,12.82,3604900,unknown,vnstock_market_equity_ohlcv
TCB,2022-12-23 07:00:00,12.82,12.91,12.47,12.77,2878800,unknown,vnstock_market_equity_ohlcv
TCB,2022-12-26 07:00:00,12.61,12.68,11.89,11.89,7542600,unknown,vnstock_market_equity_ohlcv
TCB,2022-12-27 07:00:00,11.84,12.17,11.75,12.17,4426300,unknown,vnstock_market_equity_ohlcv
TCB,2022-12-28 07:00:00,12.08,12.24,11.91,12.1,3298700,unknown,vnstock_market_equity_ohlcv
TCB,2022-12-29 07:00:00,12.08,12.17,11.91,12.01,2934700,unknown,vnstock_market_equity_ohlcv
TCB,2022-12-30 07:00:00,12.01,12.08,11.96,11.96,2181900,unknown,vnstock_market_equity_ohlcv
TGG,2022-05-04 07:00:00,13.15,13.95,13.15,13.15,1512100,unknown,vnstock_market_equity_ohlcv
TGG,2022-05-05 07:00:00,12.8,13.7,12.25,12.4,671900,unknown,vnstock_market_equity_ohlcv
TGG,2022-05-06 07:00:00,11.7,12.2,11.55,11.55,598000,unknown,vnstock_market_equity_ohlcv
TGG,2022-05-09 07:00:00,11.15,11.7,10.75,10.75,737500,unknown,vnstock_market_equity_ohlcv
TGG,2022-05-10 07:00:00,10.0,11.1,10.0,11.1,793200,unknown,vnstock_market_equity_ohlcv
TGG,2022-05-11 07:00:00,11.5,11.75,10.85,11.2,450400,unknown,vnstock_market_equity_ohlcv
TGG,2022-05-12 07:00:00,10.8,11.45,10.45,10.45,620600,unknown,vnstock_market_equity_ohlcv
TGG,2022-05-13 07:00:00,10.0,10.9,9.72,9.72,516900,unknown,vnstock_market_equity_ohlcv
TGG,2022-05-16 07:00:00,10.15,10.3,9.72,9.94,411100,unknown,vnstock_market_equity_ohlcv
TGG,2022-05-17 07:00:00,9.94,10.6,9.25,10.6,727600,unknown,vnstock_market_equity_ohlcv
TGG,2022-05-18 07:00:00,10.95,11.0,10.05,10.05,373900,unknown,vnstock_market_equity_ohlcv
TGG,2022-05-19 07:00:00,9.68,9.99,9.6,9.83,339100,unknown,vnstock_market_equity_ohlcv
TGG,2022-05-20 07:00:00,10.05,10.2,9.7,9.76,471500,unknown,vnstock_market_equity_ohlcv
TGG,2022-05-23 07:00:00,9.8,10.1,9.62,9.74,436600,unknown,vnstock_market_equity_ohlcv
TGG,2022-05-24 07:00:00,9.74,9.87,9.06,9.6,284400,unknown,vnstock_market_equity_ohlcv
TGG,2022-05-25 07:00:00,9.15,9.9,9.01,9.2,657900,unknown,vnstock_market_equity_ohlcv
TGG,2022-05-26 07:00:00,9.69,9.69,9.2,9.39,825900,unknown,vnstock_market_equity_ohlcv
TGG,2022-05-27 07:00:00,9.4,9.49,9.2,9.25,499400,unknown,vnstock_market_equity_ohlcv
TGG,2022-05-30 07:00:00,9.0,9.4,8.74,9.29,817100,unknown,vnstock_market_equity_ohlcv
TGG,2022-05-31 07:00:00,9.29,9.5,9.15,9.17,709500,unknown,vnstock_market_equity_ohlcv
TGG,2022-06-01 07:00:00,9.18,9.35,9.05,9.11,367000,unknown,vnstock_market_equity_ohlcv
TGG,2022-06-02 07:00:00,9.11,9.11,8.48,8.48,1107700,unknown,vnstock_market_equity_ohlcv
TGG,2022-06-03 07:00:00,7.96,8.38,7.89,7.89,964900,unknown,vnstock_market_equity_ohlcv
TGG,2022-06-06 07:00:00,7.51,7.65,7.34,7.34,546400,unknown,vnstock_market_equity_ohlcv
TGG,2022-06-07 07:00:00,6.83,6.83,6.83,6.83,103600,unknown,vnstock_market_equity_ohlcv
TGG,2022-06-08 07:00:00,6.36,7.25,6.36,7.18,1564200,unknown,vnstock_market_equity_ohlcv
TGG,2022-06-09 07:00:00,7.2,7.2,6.83,6.85,376600,unknown,vnstock_market_equity_ohlcv
TGG,2022-06-10 07:00:00,6.8,6.89,6.38,6.38,534600,unknown,vnstock_market_equity_ohlcv
TGG,2022-06-13 07:00:00,5.94,6.0,5.94,5.94,691800,unknown,vnstock_market_equity_ohlcv
TGG,2022-06-14 07:00:00,5.53,5.8,5.53,5.53,545000,unknown,vnstock_market_equity_ohlcv
TGG,2022-06-15 07:00:00,5.35,5.5,5.15,5.15,520600,unknown,vnstock_market_equity_ohlcv
TGG,2022-06-16 07:00:00,4.82,5.15,4.79,4.79,1186100,unknown,vnstock_market_equity_ohlcv
TGG,2022-06-17 07:00:00,4.47,4.64,4.46,4.46,414300,unknown,vnstock_market_equity_ohlcv
TGG,2022-06-20 07:00:00,4.34,4.77,4.34,4.77,322000,unknown,vnstock_market_equity_ohlcv
TGG,2022-06-21 07:00:00,5.1,5.1,5.0,5.1,700700,unknown,vnstock_market_equity_ohlcv
TGG,2022-06-22 07:00:00,5.45,5.45,5.45,5.45,154200,unknown,vnstock_market_equity_ohlcv
TGG,2022-06-23 07:00:00,5.7,5.7,5.2,5.32,1010900,unknown,vnstock_market_equity_ohlcv
TGG,2022-06-24 07:00:00,5.16,5.45,5.1,5.25,674200,unknown,vnstock_market_equity_ohlcv
TGG,2022-06-27 07:00:00,4.9,5.61,4.9,5.61,864000,unknown,vnstock_market_equity_ohlcv
TGG,2022-06-28 07:00:00,5.95,6.0,5.65,6.0,1036200,unknown,vnstock_market_equity_ohlcv
TGG,2022-06-29 07:00:00,5.69,6.42,5.69,6.41,1270000,unknown,vnstock_market_equity_ohlcv
TGG,2022-06-30 07:00:00,6.6,6.8,5.97,6.8,3359800,unknown,vnstock_market_equity_ohlcv
TGG,2022-07-01 07:00:00,6.35,6.5,6.33,6.33,1331600,unknown,vnstock_market_equity_ohlcv
TGG,2022-07-04 07:00:00,6.45,6.65,5.9,6.45,922400,unknown,vnstock_market_equity_ohlcv
TGG,2022-07-05 07:00:00,6.46,6.6,6.12,6.15,781400,unknown,vnstock_market_equity_ohlcv
TGG,2022-07-06 07:00:00,6.0,6.09,5.73,5.73,383100,unknown,vnstock_market_equity_ohlcv
TGG,2022-07-07 07:00:00,5.58,5.88,5.34,5.34,484500,unknown,vnstock_market_equity_ohlcv
TGG,2022-07-08 07:00:00,5.4,5.71,5.36,5.58,414600,unknown,vnstock_market_equity_ohlcv
TGG,2022-07-11 07:00:00,5.58,5.97,5.58,5.86,1198000,unknown,vnstock_market_equity_ohlcv
TGG,2022-07-12 07:00:00,6.0,6.25,5.9,6.1,734900,unknown,vnstock_market_equity_ohlcv
TGG,2022-07-13 07:00:00,6.1,6.29,6.0,6.06,361800,unknown,vnstock_market_equity_ohlcv
TGG,2022-07-14 07:00:00,6.05,6.14,5.8,5.81,564400,unknown,vnstock_market_equity_ohlcv
TGG,2022-07-15 07:00:00,5.88,6.15,5.73,5.9,949800,unknown,vnstock_market_equity_ohlcv
TGG,2022-07-18 07:00:00,5.95,6.21,5.83,5.83,512300,unknown,vnstock_market_equity_ohlcv
TGG,2022-07-19 07:00:00,5.84,5.95,5.78,5.91,548800,unknown,vnstock_market_equity_ohlcv
TGG,2022-07-20 07:00:00,6.1,6.1,5.88,5.91,765000,unknown,vnstock_market_equity_ohlcv
TGG,2022-07-21 07:00:00,5.91,5.98,5.7,5.73,780700,unknown,vnstock_market_equity_ohlcv
TGG,2022-07-22 07:00:00,5.74,5.84,5.7,5.78,424300,unknown,vnstock_market_equity_ohlcv
TGG,2022-07-25 07:00:00,5.77,5.8,5.63,5.64,383000,unknown,vnstock_market_equity_ohlcv
TGG,2022-07-26 07:00:00,5.65,5.72,5.3,5.33,651600,unknown,vnstock_market_equity_ohlcv
TGG,2022-07-27 07:00:00,5.23,5.6,5.15,5.31,475500,unknown,vnstock_market_equity_ohlcv
TGG,2022-07-28 07:00:00,5.6,5.6,5.34,5.4,290800,unknown,vnstock_market_equity_ohlcv
TGG,2022-07-29 07:00:00,5.41,5.5,5.31,5.35,619600,unknown,vnstock_market_equity_ohlcv
TGG,2022-08-01 07:00:00,5.35,5.4,5.26,5.33,754700,unknown,vnstock_market_equity_ohlcv
TGG,2022-08-02 07:00:00,5.33,5.7,5.33,5.7,742200,unknown,vnstock_market_equity_ohlcv
TGG,2022-08-03 07:00:00,5.9,5.92,5.7,5.81,801900,unknown,vnstock_market_equity_ohlcv
TGG,2022-08-04 07:00:00,5.79,6.21,5.79,6.21,1903200,unknown,vnstock_market_equity_ohlcv
TGG,2022-08-05 07:00:00,6.3,6.64,6.3,6.64,1122700,unknown,vnstock_market_equity_ohlcv
TGG,2022-08-08 07:00:00,6.85,7.1,6.85,7.1,582900,unknown,vnstock_market_equity_ohlcv
TGG,2022-08-09 07:00:00,7.59,7.59,7.3,7.59,1301900,unknown,vnstock_market_equity_ohlcv
TGG,2022-08-10 07:00:00,8.0,8.12,7.71,8.12,1021000,unknown,vnstock_market_equity_ohlcv
TGG,2022-08-11 07:00:00,8.68,8.68,7.56,8.1,2886400,unknown,vnstock_market_equity_ohlcv
TGG,2022-08-12 07:00:00,7.8,8.4,7.8,8.27,1502600,unknown,vnstock_market_equity_ohlcv
TGG,2022-08-15 07:00:00,8.1,8.7,8.1,8.45,812900,unknown,vnstock_market_equity_ohlcv
TGG,2022-08-16 07:00:00,8.32,8.4,7.9,8.0,1620900,unknown,vnstock_market_equity_ohlcv
TGG,2022-08-17 07:00:00,7.92,8.35,7.58,7.59,1227000,unknown,vnstock_market_equity_ohlcv
TGG,2022-08-18 07:00:00,7.3,7.6,7.06,7.14,3541300,unknown,vnstock_market_equity_ohlcv
TGG,2022-08-19 07:00:00,7.11,7.59,7.11,7.4,746100,unknown,vnstock_market_equity_ohlcv
TGG,2022-08-22 07:00:00,7.48,7.7,7.23,7.4,566900,unknown,vnstock_market_equity_ohlcv
TGG,2022-08-23 07:00:00,7.26,7.5,7.16,7.5,1219100,unknown,vnstock_market_equity_ohlcv
TGG,2022-08-24 07:00:00,7.6,7.64,7.25,7.3,1346500,unknown,vnstock_market_equity_ohlcv
TGG,2022-08-25 07:00:00,7.4,7.41,7.15,7.36,1413000,unknown,vnstock_market_equity_ohlcv
TGG,2022-08-26 07:00:00,7.33,7.33,7.06,7.1,735700,unknown,vnstock_market_equity_ohlcv
TGG,2022-08-29 07:00:00,6.82,6.9,6.61,6.61,1339300,unknown,vnstock_market_equity_ohlcv
TGG,2022-08-30 07:00:00,6.78,7.07,6.75,7.07,766000,unknown,vnstock_market_equity_ohlcv
TGG,2022-08-31 07:00:00,7.49,7.56,7.3,7.56,2330900,unknown,vnstock_market_equity_ohlcv
TGG,2022-09-05 07:00:00,7.75,8.0,7.38,7.41,1046300,unknown,vnstock_market_equity_ohlcv
TGG,2022-09-06 07:00:00,7.34,7.45,6.9,6.9,1160700,unknown,vnstock_market_equity_ohlcv
TGG,2022-09-07 07:00:00,6.7,7.38,6.68,7.05,1061700,unknown,vnstock_market_equity_ohlcv
TGG,2022-09-08 07:00:00,7.29,7.29,6.56,7.0,418900,unknown,vnstock_market_equity_ohlcv
TGG,2022-09-09 07:00:00,6.8,7.2,6.56,6.9,466400,unknown,vnstock_market_equity_ohlcv
TGG,2022-09-12 07:00:00,7.05,7.1,6.6,6.9,347600,unknown,vnstock_market_equity_ohlcv
TGG,2022-09-13 07:00:00,6.81,6.99,6.8,6.89,309100,unknown,vnstock_market_equity_ohlcv
TGG,2022-09-14 07:00:00,6.73,6.81,6.73,6.75,453500,unknown,vnstock_market_equity_ohlcv
TGG,2022-09-15 07:00:00,6.77,7.1,6.75,6.95,663700,unknown,vnstock_market_equity_ohlcv
TGG,2022-09-16 07:00:00,6.95,7.09,6.69,6.75,312800,unknown,vnstock_market_equity_ohlcv
TGG,2022-09-19 07:00:00,6.75,6.88,6.28,6.28,740000,unknown,vnstock_market_equity_ohlcv
TGG,2022-09-20 07:00:00,5.85,6.08,5.85,5.85,1335200,unknown,vnstock_market_equity_ohlcv
TGG,2022-09-21 07:00:00,5.45,5.45,5.45,5.45,145800,unknown,vnstock_market_equity_ohlcv
TGG,2022-09-22 07:00:00,5.07,5.07,5.07,5.07,205300,unknown,vnstock_market_equity_ohlcv
TGG,2022-09-23 07:00:00,4.72,5.42,4.72,5.42,1710100,unknown,vnstock_market_equity_ohlcv
TGG,2022-09-26 07:00:00,5.5,5.73,5.1,5.22,660900,unknown,vnstock_market_equity_ohlcv
TGG,2022-09-27 07:00:00,5.24,5.38,4.86,4.86,838600,unknown,vnstock_market_equity_ohlcv
TGG,2022-09-28 07:00:00,4.52,4.9,4.52,4.52,1474300,unknown,vnstock_market_equity_ohlcv
TGG,2022-09-29 07:00:00,4.79,4.79,4.21,4.21,443700,unknown,vnstock_market_equity_ohlcv
TGG,2022-09-30 07:00:00,4.2,4.2,3.92,4.16,1024800,unknown,vnstock_market_equity_ohlcv
TGG,2022-10-03 07:00:00,4.0,4.1,3.87,3.87,715400,unknown,vnstock_market_equity_ohlcv
TGG,2022-10-04 07:00:00,3.94,3.97,3.61,3.61,375000,unknown,vnstock_market_equity_ohlcv
TGG,2022-10-05 07:00:00,3.85,3.86,3.7,3.86,290100,unknown,vnstock_market_equity_ohlcv
TGG,2022-10-06 07:00:00,4.12,4.12,3.76,3.85,507000,unknown,vnstock_market_equity_ohlcv
TGG,2022-10-07 07:00:00,3.6,3.75,3.59,3.59,1050500,unknown,vnstock_market_equity_ohlcv
TGG,2022-10-10 07:00:00,3.41,3.8,3.4,3.6,673500,unknown,vnstock_market_equity_ohlcv
TGG,2022-10-11 07:00:00,3.52,3.6,3.35,3.35,653900,unknown,vnstock_market_equity_ohlcv
TGG,2022-10-12 07:00:00,3.14,3.5,3.12,3.12,531900,unknown,vnstock_market_equity_ohlcv
TGG,2022-10-13 07:00:00,3.15,3.15,2.91,2.92,1082300,unknown,vnstock_market_equity_ohlcv
TGG,2022-10-14 07:00:00,3.04,3.12,3.04,3.12,665600,unknown,vnstock_market_equity_ohlcv
TGG,2022-10-17 07:00:00,3.19,3.33,3.14,3.25,1016100,unknown,vnstock_market_equity_ohlcv
TGG,2022-10-18 07:00:00,3.36,3.47,3.36,3.47,1038200,unknown,vnstock_market_equity_ohlcv
TGG,2022-10-19 07:00:00,3.63,3.63,3.33,3.47,652300,unknown,vnstock_market_equity_ohlcv
TGG,2022-10-20 07:00:00,3.4,3.45,3.24,3.3,390400,unknown,vnstock_market_equity_ohlcv
TGG,2022-10-21 07:00:00,3.5,3.5,3.07,3.07,664000,unknown,vnstock_market_equity_ohlcv
TGG,2022-10-24 07:00:00,2.95,3.07,2.86,2.86,563100,unknown,vnstock_market_equity_ohlcv
TGG,2022-10-25 07:00:00,2.86,3.06,2.66,2.7,882300,unknown,vnstock_market_equity_ohlcv
TGG,2022-10-26 07:00:00,2.87,2.87,2.52,2.52,445200,unknown,vnstock_market_equity_ohlcv
TGG,2022-10-27 07:00:00,2.52,2.69,2.52,2.69,477400,unknown,vnstock_market_equity_ohlcv
TGG,2022-10-28 07:00:00,2.79,2.86,2.69,2.72,617400,unknown,vnstock_market_equity_ohlcv
TGG,2022-10-31 07:00:00,2.7,2.85,2.53,2.71,365000,unknown,vnstock_market_equity_ohlcv
TGG,2022-11-01 07:00:00,2.71,2.86,2.69,2.71,419300,unknown,vnstock_market_equity_ohlcv
TGG,2022-11-02 07:00:00,2.72,2.89,2.72,2.89,599500,unknown,vnstock_market_equity_ohlcv
TGG,2022-11-03 07:00:00,3.0,3.09,2.9,3.04,883800,unknown,vnstock_market_equity_ohlcv
TGG,2022-11-04 07:00:00,3.01,3.08,2.83,2.83,780800,unknown,vnstock_market_equity_ohlcv
TGG,2022-11-07 07:00:00,2.83,2.9,2.64,2.64,584800,unknown,vnstock_market_equity_ohlcv
TGG,2022-11-08 07:00:00,2.6,2.7,2.48,2.56,493800,unknown,vnstock_market_equity_ohlcv
TGG,2022-11-09 07:00:00,2.73,2.73,2.72,2.73,273500,unknown,vnstock_market_equity_ohlcv
TGG,2022-11-10 07:00:00,2.8,2.89,2.55,2.65,1383300,unknown,vnstock_market_equity_ohlcv
TGG,2022-11-11 07:00:00,2.78,2.83,2.65,2.65,883200,unknown,vnstock_market_equity_ohlcv
TGG,2022-11-14 07:00:00,2.56,2.7,2.47,2.47,530200,unknown,vnstock_market_equity_ohlcv
TGG,2022-11-15 07:00:00,2.3,2.32,2.3,2.3,331100,unknown,vnstock_market_equity_ohlcv
TGG,2022-11-16 07:00:00,2.14,2.45,2.14,2.42,1381600,unknown,vnstock_market_equity_ohlcv
TGG,2022-11-17 07:00:00,2.49,2.58,2.42,2.58,1018500,unknown,vnstock_market_equity_ohlcv
TGG,2022-11-18 07:00:00,2.58,2.6,2.4,2.55,791600,unknown,vnstock_market_equity_ohlcv
TGG,2022-11-21 07:00:00,2.67,2.67,2.5,2.65,611400,unknown,vnstock_market_equity_ohlcv
TGG,2022-11-22 07:00:00,2.58,2.83,2.58,2.79,1268200,unknown,vnstock_market_equity_ohlcv
TGG,2022-11-23 07:00:00,2.8,2.98,2.8,2.87,835800,unknown,vnstock_market_equity_ohlcv
TGG,2022-11-24 07:00:00,2.87,2.95,2.76,2.85,466400,unknown,vnstock_market_equity_ohlcv
TGG,2022-11-25 07:00:00,2.87,3.0,2.87,2.93,495300,unknown,vnstock_market_equity_ohlcv
TGG,2022-11-28 07:00:00,3.12,3.13,2.95,3.13,1316100,unknown,vnstock_market_equity_ohlcv
TGG,2022-11-29 07:00:00,3.29,3.34,3.15,3.34,1377600,unknown,vnstock_market_equity_ohlcv
TGG,2022-11-30 07:00:00,3.49,3.57,3.38,3.57,599500,unknown,vnstock_market_equity_ohlcv
TGG,2022-12-01 07:00:00,3.8,3.81,3.57,3.81,1075600,unknown,vnstock_market_equity_ohlcv
TGG,2022-12-02 07:00:00,3.98,4.07,3.81,4.07,1243300,unknown,vnstock_market_equity_ohlcv
TGG,2022-12-05 07:00:00,4.34,4.35,4.3,4.35,377500,unknown,vnstock_market_equity_ohlcv
TGG,2022-12-06 07:00:00,4.65,4.65,4.55,4.64,2194500,unknown,vnstock_market_equity_ohlcv
TGG,2022-12-07 07:00:00,4.32,4.65,4.32,4.32,1874600,unknown,vnstock_market_equity_ohlcv
TGG,2022-12-08 07:00:00,4.6,4.6,4.15,4.37,555600,unknown,vnstock_market_equity_ohlcv
TGG,2022-12-09 07:00:00,4.38,4.38,4.07,4.26,976400,unknown,vnstock_market_equity_ohlcv
TGG,2022-12-12 07:00:00,4.08,4.46,3.97,3.97,656000,unknown,vnstock_market_equity_ohlcv
TGG,2022-12-13 07:00:00,3.7,3.85,3.7,3.75,650700,unknown,vnstock_market_equity_ohlcv
TGG,2022-12-14 07:00:00,3.95,4.01,3.85,4.01,393900,unknown,vnstock_market_equity_ohlcv
TGG,2022-12-15 07:00:00,4.03,4.29,4.03,4.29,827100,unknown,vnstock_market_equity_ohlcv
TGG,2022-12-16 07:00:00,4.4,4.59,4.4,4.59,757200,unknown,vnstock_market_equity_ohlcv
TGG,2022-12-19 07:00:00,4.91,4.91,4.27,4.6,972300,unknown,vnstock_market_equity_ohlcv
TGG,2022-12-20 07:00:00,4.6,4.6,4.28,4.28,485500,unknown,vnstock_market_equity_ohlcv
TGG,2022-12-21 07:00:00,4.21,4.4,3.99,4.25,341000,unknown,vnstock_market_equity_ohlcv
TGG,2022-12-22 07:00:00,4.54,4.54,4.25,4.44,384800,unknown,vnstock_market_equity_ohlcv
TGG,2022-12-23 07:00:00,4.46,4.46,4.13,4.13,550600,unknown,vnstock_market_equity_ohlcv
TGG,2022-12-26 07:00:00,4.13,4.18,3.85,3.85,199000,unknown,vnstock_market_equity_ohlcv
TGG,2022-12-27 07:00:00,3.59,4.09,3.59,4.09,1301300,unknown,vnstock_market_equity_ohlcv
TGG,2022-12-28 07:00:00,4.1,4.19,3.85,4.17,284100,unknown,vnstock_market_equity_ohlcv
TGG,2022-12-29 07:00:00,3.9,4.19,3.88,3.88,462600,unknown,vnstock_market_equity_ohlcv
TGG,2022-12-30 07:00:00,3.76,3.9,3.68,3.68,364900,unknown,vnstock_market_equity_ohlcv
TNI,2022-05-04 07:00:00,6.18,6.18,5.74,5.74,534800,unknown,vnstock_market_equity_ohlcv
TNI,2022-05-05 07:00:00,6.0,6.0,5.5,5.75,435400,unknown,vnstock_market_equity_ohlcv
TNI,2022-05-06 07:00:00,5.69,5.7,5.35,5.35,281500,unknown,vnstock_market_equity_ohlcv
TNI,2022-05-09 07:00:00,5.0,5.35,4.98,4.98,447000,unknown,vnstock_market_equity_ohlcv
TNI,2022-05-10 07:00:00,4.94,5.24,4.7,5.23,369900,unknown,vnstock_market_equity_ohlcv
TNI,2022-05-11 07:00:00,5.35,5.43,5.18,5.23,238100,unknown,vnstock_market_equity_ohlcv
TNI,2022-05-12 07:00:00,5.2,5.28,4.9,4.9,284600,unknown,vnstock_market_equity_ohlcv
TNI,2022-05-13 07:00:00,4.95,5.1,4.57,4.58,506500,unknown,vnstock_market_equity_ohlcv
TNI,2022-05-16 07:00:00,4.8,4.9,4.6,4.83,501400,unknown,vnstock_market_equity_ohlcv
TNI,2022-05-17 07:00:00,4.84,5.16,4.83,5.16,254800,unknown,vnstock_market_equity_ohlcv
TNI,2022-05-18 07:00:00,5.39,5.39,5.0,5.13,388800,unknown,vnstock_market_equity_ohlcv
TNI,2022-05-19 07:00:00,4.84,5.12,4.84,5.09,196100,unknown,vnstock_market_equity_ohlcv
TNI,2022-05-20 07:00:00,5.09,5.19,5.0,5.06,218700,unknown,vnstock_market_equity_ohlcv
TNI,2022-05-23 07:00:00,5.1,5.13,5.0,5.0,229700,unknown,vnstock_market_equity_ohlcv
TNI,2022-05-24 07:00:00,5.1,5.1,4.9,4.99,183700,unknown,vnstock_market_equity_ohlcv
TNI,2022-05-25 07:00:00,5.0,5.09,4.91,5.08,301900,unknown,vnstock_market_equity_ohlcv
TNI,2022-05-26 07:00:00,4.9,5.08,4.9,4.95,326400,unknown,vnstock_market_equity_ohlcv
TNI,2022-05-27 07:00:00,4.95,5.05,4.94,5.02,495700,unknown,vnstock_market_equity_ohlcv
TNI,2022-05-30 07:00:00,5.03,5.32,5.03,5.31,566000,unknown,vnstock_market_equity_ohlcv
TNI,2022-05-31 07:00:00,5.3,5.34,5.2,5.28,440700,unknown,vnstock_market_equity_ohlcv
TNI,2022-06-01 07:00:00,5.31,5.31,5.08,5.12,173400,unknown,vnstock_market_equity_ohlcv
TNI,2022-06-02 07:00:00,5.0,5.19,4.95,5.0,367600,unknown,vnstock_market_equity_ohlcv
TNI,2022-06-03 07:00:00,5.0,5.0,4.91,4.93,184400,unknown,vnstock_market_equity_ohlcv
TNI,2022-06-06 07:00:00,4.9,4.98,4.8,4.83,289300,unknown,vnstock_market_equity_ohlcv
TNI,2022-06-07 07:00:00,4.83,4.93,4.56,4.63,384500,unknown,vnstock_market_equity_ohlcv
TNI,2022-06-08 07:00:00,4.64,4.9,4.64,4.79,261700,unknown,vnstock_market_equity_ohlcv
TNI,2022-06-09 07:00:00,4.79,4.94,4.79,4.87,223800,unknown,vnstock_market_equity_ohlcv
TNI,2022-06-10 07:00:00,4.85,4.86,4.69,4.7,246800,unknown,vnstock_market_equity_ohlcv
TNI,2022-06-13 07:00:00,4.5,4.64,4.38,4.49,832000,unknown,vnstock_market_equity_ohlcv
TNI,2022-06-14 07:00:00,4.48,4.48,4.19,4.35,277800,unknown,vnstock_market_equity_ohlcv
TNI,2022-06-15 07:00:00,4.49,4.49,4.05,4.05,479200,unknown,vnstock_market_equity_ohlcv
TNI,2022-06-16 07:00:00,4.01,4.18,3.99,4.0,313400,unknown,vnstock_market_equity_ohlcv
TNI,2022-06-17 07:00:00,3.8,4.0,3.72,3.75,473200,unknown,vnstock_market_equity_ohlcv
TNI,2022-06-20 07:00:00,3.61,3.74,3.49,3.49,351600,unknown,vnstock_market_equity_ohlcv
TNI,2022-06-21 07:00:00,3.27,3.47,3.25,3.25,559500,unknown,vnstock_market_equity_ohlcv
TNI,2022-06-22 07:00:00,3.26,3.47,3.26,3.47,464000,unknown,vnstock_market_equity_ohlcv
TNI,2022-06-23 07:00:00,3.56,3.71,3.48,3.71,476000,unknown,vnstock_market_equity_ohlcv
TNI,2022-06-24 07:00:00,3.8,3.8,3.46,3.66,154600,unknown,vnstock_market_equity_ohlcv
TNI,2022-06-27 07:00:00,3.9,3.9,3.65,3.75,190700,unknown,vnstock_market_equity_ohlcv
TNI,2022-06-28 07:00:00,3.75,3.85,3.68,3.84,291300,unknown,vnstock_market_equity_ohlcv
TNI,2022-06-29 07:00:00,3.61,3.88,3.61,3.84,425400,unknown,vnstock_market_equity_ohlcv
TNI,2022-06-30 07:00:00,3.84,3.97,3.81,3.81,269100,unknown,vnstock_market_equity_ohlcv
TNI,2022-07-01 07:00:00,3.89,3.89,3.63,3.82,184900,unknown,vnstock_market_equity_ohlcv
TNI,2022-07-04 07:00:00,3.83,3.9,3.82,3.84,199600,unknown,vnstock_market_equity_ohlcv
TNI,2022-07-05 07:00:00,3.84,3.92,3.81,3.84,311400,unknown,vnstock_market_equity_ohlcv
TNI,2022-07-06 07:00:00,3.65,3.89,3.65,3.83,110700,unknown,vnstock_market_equity_ohlcv
TNI,2022-07-07 07:00:00,3.83,3.92,3.79,3.88,226900,unknown,vnstock_market_equity_ohlcv
TNI,2022-07-08 07:00:00,3.88,3.99,3.86,3.88,320200,unknown,vnstock_market_equity_ohlcv
TNI,2022-07-11 07:00:00,3.92,4.15,3.85,4.15,954000,unknown,vnstock_market_equity_ohlcv
TNI,2022-07-12 07:00:00,4.32,4.34,4.17,4.29,494400,unknown,vnstock_market_equity_ohlcv
TNI,2022-07-13 07:00:00,4.3,4.35,4.22,4.24,211600,unknown,vnstock_market_equity_ohlcv
TNI,2022-07-14 07:00:00,4.15,4.25,4.03,4.25,254600,unknown,vnstock_market_equity_ohlcv
TNI,2022-07-15 07:00:00,4.25,4.26,4.05,4.23,287900,unknown,vnstock_market_equity_ohlcv
TNI,2022-07-18 07:00:00,4.23,4.48,4.22,4.23,632600,unknown,vnstock_market_equity_ohlcv
TNI,2022-07-19 07:00:00,4.23,4.24,4.1,4.13,304600,unknown,vnstock_market_equity_ohlcv
TNI,2022-07-20 07:00:00,4.19,4.25,4.13,4.14,564700,unknown,vnstock_market_equity_ohlcv
TNI,2022-07-21 07:00:00,4.16,4.18,4.11,4.14,248300,unknown,vnstock_market_equity_ohlcv
TNI,2022-07-22 07:00:00,4.1,4.21,4.1,4.14,176800,unknown,vnstock_market_equity_ohlcv
TNI,2022-07-25 07:00:00,4.14,4.15,4.01,4.07,226500,unknown,vnstock_market_equity_ohlcv
TNI,2022-07-26 07:00:00,4.1,4.1,3.9,3.9,589200,unknown,vnstock_market_equity_ohlcv
TNI,2022-07-27 07:00:00,3.9,3.9,3.63,3.88,302100,unknown,vnstock_market_equity_ohlcv
TNI,2022-07-28 07:00:00,4.03,4.06,3.95,3.95,208700,unknown,vnstock_market_equity_ohlcv
TNI,2022-07-29 07:00:00,4.04,4.04,3.93,3.94,224300,unknown,vnstock_market_equity_ohlcv
TNI,2022-08-01 07:00:00,3.94,4.09,3.94,4.01,459900,unknown,vnstock_market_equity_ohlcv
TNI,2022-08-02 07:00:00,4.02,4.1,4.0,4.1,392100,unknown,vnstock_market_equity_ohlcv
TNI,2022-08-03 07:00:00,4.11,4.32,4.11,4.25,433800,unknown,vnstock_market_equity_ohlcv
TNI,2022-08-04 07:00:00,4.34,4.35,4.22,4.25,430000,unknown,vnstock_market_equity_ohlcv
TNI,2022-08-05 07:00:00,4.2,4.25,4.16,4.24,441400,unknown,vnstock_market_equity_ohlcv
TNI,2022-08-08 07:00:00,4.32,4.4,4.3,4.4,729800,unknown,vnstock_market_equity_ohlcv
TNI,2022-08-09 07:00:00,4.45,4.47,4.38,4.41,582500,unknown,vnstock_market_equity_ohlcv
TNI,2022-08-10 07:00:00,4.4,4.46,4.36,4.42,557100,unknown,vnstock_market_equity_ohlcv
TNI,2022-08-11 07:00:00,4.44,4.6,4.37,4.37,859700,unknown,vnstock_market_equity_ohlcv
TNI,2022-08-12 07:00:00,4.37,4.39,4.2,4.36,490500,unknown,vnstock_market_equity_ohlcv
TNI,2022-08-15 07:00:00,4.4,4.66,4.4,4.66,600200,unknown,vnstock_market_equity_ohlcv
TNI,2022-08-16 07:00:00,4.98,4.98,4.98,4.98,2152000,unknown,vnstock_market_equity_ohlcv
TNI,2022-08-17 07:00:00,5.31,5.31,4.81,4.85,1595800,unknown,vnstock_market_equity_ohlcv
TNI,2022-08-18 07:00:00,4.73,4.76,4.57,4.6,773900,unknown,vnstock_market_equity_ohlcv
TNI,2022-08-19 07:00:00,4.55,4.7,4.4,4.56,751600,unknown,vnstock_market_equity_ohlcv
TNI,2022-08-22 07:00:00,4.37,4.55,4.35,4.4,484600,unknown,vnstock_market_equity_ohlcv
TNI,2022-08-23 07:00:00,4.3,4.5,4.3,4.46,328700,unknown,vnstock_market_equity_ohlcv
TNI,2022-08-24 07:00:00,4.48,4.58,4.44,4.48,454200,unknown,vnstock_market_equity_ohlcv
TNI,2022-08-25 07:00:00,4.57,4.67,4.51,4.62,389500,unknown,vnstock_market_equity_ohlcv
TNI,2022-08-26 07:00:00,4.64,4.68,4.46,4.5,405500,unknown,vnstock_market_equity_ohlcv
TNI,2022-08-29 07:00:00,4.48,4.48,4.27,4.34,439000,unknown,vnstock_market_equity_ohlcv
TNI,2022-08-30 07:00:00,4.36,4.45,4.25,4.35,335100,unknown,vnstock_market_equity_ohlcv
TNI,2022-08-31 07:00:00,4.35,4.36,4.28,4.36,187900,unknown,vnstock_market_equity_ohlcv
TNI,2022-09-05 07:00:00,4.35,4.45,4.31,4.4,179300,unknown,vnstock_market_equity_ohlcv
TNI,2022-09-06 07:00:00,4.4,4.45,4.31,4.32,154000,unknown,vnstock_market_equity_ohlcv
TNI,2022-09-07 07:00:00,4.3,4.32,4.02,4.02,364500,unknown,vnstock_market_equity_ohlcv
TNI,2022-09-08 07:00:00,4.03,4.29,3.99,3.99,426300,unknown,vnstock_market_equity_ohlcv
TNI,2022-09-09 07:00:00,3.99,4.2,3.96,4.2,402700,unknown,vnstock_market_equity_ohlcv
TNI,2022-09-12 07:00:00,4.24,4.27,4.18,4.22,191300,unknown,vnstock_market_equity_ohlcv
TNI,2022-09-13 07:00:00,4.14,4.25,4.01,4.1,173100,unknown,vnstock_market_equity_ohlcv
TNI,2022-09-14 07:00:00,4.05,4.09,4.0,4.07,147100,unknown,vnstock_market_equity_ohlcv
TNI,2022-09-15 07:00:00,4.1,4.1,4.0,4.05,176600,unknown,vnstock_market_equity_ohlcv
TNI,2022-09-16 07:00:00,4.04,4.05,3.77,3.96,283100,unknown,vnstock_market_equity_ohlcv
TNI,2022-09-19 07:00:00,3.93,3.95,3.76,3.86,280400,unknown,vnstock_market_equity_ohlcv
TNI,2022-09-20 07:00:00,3.86,3.91,3.78,3.87,163100,unknown,vnstock_market_equity_ohlcv
TNI,2022-09-21 07:00:00,3.87,3.94,3.84,3.88,273800,unknown,vnstock_market_equity_ohlcv
TNI,2022-09-22 07:00:00,3.88,3.97,3.88,3.96,177600,unknown,vnstock_market_equity_ohlcv
TNI,2022-09-23 07:00:00,4.1,4.1,3.95,3.99,114400,unknown,vnstock_market_equity_ohlcv
TNI,2022-09-26 07:00:00,3.99,3.99,3.75,3.78,307300,unknown,vnstock_market_equity_ohlcv
TNI,2022-09-27 07:00:00,3.79,4.04,3.79,4.04,638700,unknown,vnstock_market_equity_ohlcv
TNI,2022-09-28 07:00:00,4.32,4.32,3.9,4.08,1005400,unknown,vnstock_market_equity_ohlcv
TNI,2022-09-29 07:00:00,4.09,4.2,4.0,4.0,482200,unknown,vnstock_market_equity_ohlcv
TNI,2022-09-30 07:00:00,3.88,4.0,3.72,3.95,730000,unknown,vnstock_market_equity_ohlcv
TNI,2022-10-03 07:00:00,3.95,3.95,3.68,3.69,385800,unknown,vnstock_market_equity_ohlcv
TNI,2022-10-04 07:00:00,3.7,3.81,3.64,3.65,519200,unknown,vnstock_market_equity_ohlcv
TNI,2022-10-05 07:00:00,3.9,3.9,3.7,3.75,146500,unknown,vnstock_market_equity_ohlcv
TNI,2022-10-06 07:00:00,3.75,3.79,3.61,3.61,162800,unknown,vnstock_market_equity_ohlcv
TNI,2022-10-07 07:00:00,3.6,3.6,3.36,3.36,403100,unknown,vnstock_market_equity_ohlcv
TNI,2022-10-10 07:00:00,3.14,3.44,3.14,3.38,138900,unknown,vnstock_market_equity_ohlcv
TNI,2022-10-11 07:00:00,3.38,3.49,3.15,3.15,145100,unknown,vnstock_market_equity_ohlcv
TNI,2022-10-12 07:00:00,2.97,3.25,2.97,3.19,189700,unknown,vnstock_market_equity_ohlcv
TNI,2022-10-13 07:00:00,3.21,3.21,3.1,3.21,125900,unknown,vnstock_market_equity_ohlcv
TNI,2022-10-14 07:00:00,3.21,3.3,3.21,3.21,135100,unknown,vnstock_market_equity_ohlcv
TNI,2022-10-17 07:00:00,3.2,3.43,3.16,3.33,171900,unknown,vnstock_market_equity_ohlcv
TNI,2022-10-18 07:00:00,3.41,3.41,3.31,3.33,103700,unknown,vnstock_market_equity_ohlcv
TNI,2022-10-19 07:00:00,3.37,3.37,3.29,3.32,69000,unknown,vnstock_market_equity_ohlcv
TNI,2022-10-20 07:00:00,3.27,3.35,3.25,3.26,65000,unknown,vnstock_market_equity_ohlcv
TNI,2022-10-21 07:00:00,3.36,3.36,3.04,3.04,220900,unknown,vnstock_market_equity_ohlcv
TNI,2022-10-24 07:00:00,3.2,3.2,2.83,2.83,435000,unknown,vnstock_market_equity_ohlcv
TNI,2022-10-25 07:00:00,2.7,2.9,2.64,2.65,243000,unknown,vnstock_market_equity_ohlcv
TNI,2022-10-26 07:00:00,2.7,2.73,2.47,2.6,207400,unknown,vnstock_market_equity_ohlcv
TNI,2022-10-27 07:00:00,2.5,2.76,2.48,2.76,177700,unknown,vnstock_market_equity_ohlcv
TNI,2022-10-28 07:00:00,2.72,2.9,2.72,2.8,213200,unknown,vnstock_market_equity_ohlcv
TNI,2022-10-31 07:00:00,2.99,2.99,2.99,2.99,201400,unknown,vnstock_market_equity_ohlcv
TNI,2022-11-01 07:00:00,3.19,3.19,3.19,3.19,83200,unknown,vnstock_market_equity_ohlcv
TNI,2022-11-02 07:00:00,3.41,3.41,3.41,3.41,121500,unknown,vnstock_market_equity_ohlcv
TNI,2022-11-03 07:00:00,3.64,3.64,3.41,3.64,1657600,unknown,vnstock_market_equity_ohlcv
TNI,2022-11-04 07:00:00,3.72,3.89,3.65,3.89,1195300,unknown,vnstock_market_equity_ohlcv
TNI,2022-11-07 07:00:00,4.15,4.15,3.62,3.62,957200,unknown,vnstock_market_equity_ohlcv
TNI,2022-11-08 07:00:00,3.58,3.62,3.37,3.37,715600,unknown,vnstock_market_equity_ohlcv
TNI,2022-11-09 07:00:00,3.59,3.59,3.3,3.33,314600,unknown,vnstock_market_equity_ohlcv
TNI,2022-11-10 07:00:00,3.21,3.35,3.1,3.1,403800,unknown,vnstock_market_equity_ohlcv
TNI,2022-11-11 07:00:00,3.11,3.19,2.89,2.89,603300,unknown,vnstock_market_equity_ohlcv
TNI,2022-11-14 07:00:00,2.7,2.8,2.69,2.69,257600,unknown,vnstock_market_equity_ohlcv
TNI,2022-11-15 07:00:00,2.51,2.52,2.51,2.51,193100,unknown,vnstock_market_equity_ohlcv
TNI,2022-11-16 07:00:00,2.34,2.68,2.34,2.68,743800,unknown,vnstock_market_equity_ohlcv
TNI,2022-11-17 07:00:00,2.86,2.86,2.86,2.86,42800,unknown,vnstock_market_equity_ohlcv
TNI,2022-11-18 07:00:00,3.06,3.06,3.0,3.06,784500,unknown,vnstock_market_equity_ohlcv
TNI,2022-11-21 07:00:00,3.27,3.27,3.01,3.2,460500,unknown,vnstock_market_equity_ohlcv
TNI,2022-11-22 07:00:00,3.2,3.42,3.05,3.05,951300,unknown,vnstock_market_equity_ohlcv
TNI,2022-11-23 07:00:00,3.2,3.2,2.84,2.84,303200,unknown,vnstock_market_equity_ohlcv
TNI,2022-11-24 07:00:00,2.84,3.0,2.67,2.85,268000,unknown,vnstock_market_equity_ohlcv
TNI,2022-11-25 07:00:00,2.99,3.04,2.88,3.04,439800,unknown,vnstock_market_equity_ohlcv
TNI,2022-11-28 07:00:00,3.2,3.25,3.08,3.25,563500,unknown,vnstock_market_equity_ohlcv
TNI,2022-11-29 07:00:00,3.39,3.4,3.03,3.28,1043000,unknown,vnstock_market_equity_ohlcv
TNI,2022-11-30 07:00:00,3.28,3.3,3.11,3.23,436100,unknown,vnstock_market_equity_ohlcv
TNI,2022-12-01 07:00:00,3.31,3.45,3.26,3.35,1468000,unknown,vnstock_market_equity_ohlcv
TNI,2022-12-02 07:00:00,3.21,3.4,3.17,3.36,377200,unknown,vnstock_market_equity_ohlcv
TNI,2022-12-05 07:00:00,3.39,3.58,3.37,3.45,707700,unknown,vnstock_market_equity_ohlcv
TNI,2022-12-06 07:00:00,3.47,3.47,3.23,3.24,737700,unknown,vnstock_market_equity_ohlcv
TNI,2022-12-07 07:00:00,3.25,3.3,3.08,3.11,474700,unknown,vnstock_market_equity_ohlcv
TNI,2022-12-08 07:00:00,3.23,3.32,3.12,3.28,335200,unknown,vnstock_market_equity_ohlcv
TNI,2022-12-09 07:00:00,3.24,3.3,3.15,3.28,266900,unknown,vnstock_market_equity_ohlcv
TNI,2022-12-12 07:00:00,3.35,3.36,3.18,3.19,348500,unknown,vnstock_market_equity_ohlcv
TNI,2022-12-13 07:00:00,3.2,3.29,3.11,3.2,331300,unknown,vnstock_market_equity_ohlcv
TNI,2022-12-14 07:00:00,3.3,3.3,3.18,3.26,314800,unknown,vnstock_market_equity_ohlcv
TNI,2022-12-15 07:00:00,3.29,3.38,3.22,3.31,391200,unknown,vnstock_market_equity_ohlcv
TNI,2022-12-16 07:00:00,3.3,3.39,3.29,3.34,454200,unknown,vnstock_market_equity_ohlcv
TNI,2022-12-19 07:00:00,3.44,3.47,3.33,3.34,522700,unknown,vnstock_market_equity_ohlcv
TNI,2022-12-20 07:00:00,3.3,3.34,3.11,3.12,445400,unknown,vnstock_market_equity_ohlcv
TNI,2022-12-21 07:00:00,3.1,3.2,2.98,3.09,205500,unknown,vnstock_market_equity_ohlcv
TNI,2022-12-22 07:00:00,3.1,3.14,2.95,3.09,346600,unknown,vnstock_market_equity_ohlcv
TNI,2022-12-23 07:00:00,3.19,3.19,3.01,3.03,123100,unknown,vnstock_market_equity_ohlcv
TNI,2022-12-26 07:00:00,3.05,3.06,2.86,2.89,136800,unknown,vnstock_market_equity_ohlcv
TNI,2022-12-27 07:00:00,2.94,3.09,2.86,3.09,182500,unknown,vnstock_market_equity_ohlcv
TNI,2022-12-28 07:00:00,3.15,3.2,3.0,3.2,150600,unknown,vnstock_market_equity_ohlcv
TNI,2022-12-29 07:00:00,3.05,3.2,3.05,3.18,112200,unknown,vnstock_market_equity_ohlcv
TNI,2022-12-30 07:00:00,3.08,3.25,3.08,3.18,260600,unknown,vnstock_market_equity_ohlcv
VCB,2022-05-04 07:00:00,45.17,45.23,44.11,44.61,892600,unknown,vnstock_market_equity_ohlcv
VCB,2022-05-05 07:00:00,44.95,45.51,44.45,45.23,1019300,unknown,vnstock_market_equity_ohlcv
VCB,2022-05-06 07:00:00,44.5,45.34,44.34,44.34,775900,unknown,vnstock_market_equity_ohlcv
VCB,2022-05-09 07:00:00,44.0,44.89,43.44,43.5,1674200,unknown,vnstock_market_equity_ohlcv
VCB,2022-05-10 07:00:00,43.05,44.67,43.05,44.67,926000,unknown,vnstock_market_equity_ohlcv
VCB,2022-05-11 07:00:00,44.67,44.84,44.11,44.67,931300,unknown,vnstock_market_equity_ohlcv
VCB,2022-05-12 07:00:00,44.11,44.61,43.0,43.0,972300,unknown,vnstock_market_equity_ohlcv
VCB,2022-05-13 07:00:00,43.0,43.55,40.76,40.76,1963600,unknown,vnstock_market_equity_ohlcv
VCB,2022-05-16 07:00:00,42.16,42.66,41.32,41.43,1558800,unknown,vnstock_market_equity_ohlcv
VCB,2022-05-17 07:00:00,41.43,43.0,40.82,42.44,2262300,unknown,vnstock_market_equity_ohlcv
VCB,2022-05-18 07:00:00,43.0,43.0,41.88,42.1,881000,unknown,vnstock_market_equity_ohlcv
VCB,2022-05-19 07:00:00,41.88,42.83,41.77,42.44,575800,unknown,vnstock_market_equity_ohlcv
VCB,2022-05-20 07:00:00,41.93,42.72,41.88,42.05,661800,unknown,vnstock_market_equity_ohlcv
VCB,2022-05-23 07:00:00,42.21,42.21,41.1,41.54,631600,unknown,vnstock_market_equity_ohlcv
VCB,2022-05-24 07:00:00,41.82,42.27,41.49,42.21,898700,unknown,vnstock_market_equity_ohlcv
VCB,2022-05-25 07:00:00,42.44,43.0,41.77,43.0,817000,unknown,vnstock_market_equity_ohlcv
VCB,2022-05-26 07:00:00,43.0,43.05,42.44,42.83,978900,unknown,vnstock_market_equity_ohlcv
VCB,2022-05-27 07:00:00,42.83,43.22,42.6,43.22,892000,unknown,vnstock_market_equity_ohlcv
VCB,2022-05-30 07:00:00,43.22,45.23,42.66,43.55,1327400,unknown,vnstock_market_equity_ohlcv
VCB,2022-05-31 07:00:00,44.06,44.06,43.55,44.06,483700,unknown,vnstock_market_equity_ohlcv
VCB,2022-06-01 07:00:00,44.11,44.95,44.11,44.95,798800,unknown,vnstock_market_equity_ohlcv
VCB,2022-06-02 07:00:00,45.12,45.12,44.11,44.11,641400,unknown,vnstock_market_equity_ohlcv
VCB,2022-06-03 07:00:00,43.78,44.39,42.66,43.27,527800,unknown,vnstock_market_equity_ohlcv
VCB,2022-06-06 07:00:00,43.27,44.67,41.93,44.5,880500,unknown,vnstock_market_equity_ohlcv
VCB,2022-06-07 07:00:00,44.11,45.79,43.61,45.23,933000,unknown,vnstock_market_equity_ohlcv
VCB,2022-06-08 07:00:00,45.23,45.23,44.0,44.22,1164700,unknown,vnstock_market_equity_ohlcv
VCB,2022-06-09 07:00:00,44.11,44.61,43.39,43.44,1067500,unknown,vnstock_market_equity_ohlcv
VCB,2022-06-10 07:00:00,43.44,44.11,43.22,43.39,390900,unknown,vnstock_market_equity_ohlcv
VCB,2022-06-13 07:00:00,43.0,43.0,41.38,42.66,1105800,unknown,vnstock_market_equity_ohlcv
VCB,2022-06-14 07:00:00,42.16,43.61,41.32,43.0,1066200,unknown,vnstock_market_equity_ohlcv
VCB,2022-06-15 07:00:00,43.22,43.72,42.05,42.72,1243600,unknown,vnstock_market_equity_ohlcv
VCB,2022-06-16 07:00:00,42.83,44.67,42.72,44.17,1209600,unknown,vnstock_market_equity_ohlcv
VCB,2022-06-17 07:00:00,43.0,43.72,42.49,42.49,1050600,unknown,vnstock_market_equity_ohlcv
VCB,2022-06-20 07:00:00,44.39,44.39,42.05,42.44,1089700,unknown,vnstock_market_equity_ohlcv
VCB,2022-06-21 07:00:00,42.44,43.39,41.99,43.39,937100,unknown,vnstock_market_equity_ohlcv
VCB,2022-06-22 07:00:00,43.5,43.55,41.88,42.44,1069200,unknown,vnstock_market_equity_ohlcv
VCB,2022-06-23 07:00:00,41.93,42.83,41.82,42.38,590200,unknown,vnstock_market_equity_ohlcv
VCB,2022-06-24 07:00:00,42.55,42.6,41.66,41.88,648600,unknown,vnstock_market_equity_ohlcv
VCB,2022-06-27 07:00:00,42.16,42.44,41.77,41.82,862500,unknown,vnstock_market_equity_ohlcv
VCB,2022-06-28 07:00:00,41.88,43.0,41.77,42.6,1095800,unknown,vnstock_market_equity_ohlcv
VCB,2022-06-29 07:00:00,42.32,42.38,42.05,42.16,847500,unknown,vnstock_market_equity_ohlcv
VCB,2022-06-30 07:00:00,42.16,42.44,41.77,41.77,678400,unknown,vnstock_market_equity_ohlcv
VCB,2022-07-01 07:00:00,41.6,41.88,40.7,41.32,1383000,unknown,vnstock_market_equity_ohlcv
VCB,2022-07-04 07:00:00,41.82,41.99,41.26,41.38,746200,unknown,vnstock_market_equity_ohlcv
VCB,2022-07-05 07:00:00,41.82,41.82,41.1,41.32,1064500,unknown,vnstock_market_equity_ohlcv
VCB,2022-07-06 07:00:00,41.15,41.26,38.47,40.65,1548200,unknown,vnstock_market_equity_ohlcv
VCB,2022-07-07 07:00:00,40.59,42.16,40.03,42.16,1258400,unknown,vnstock_market_equity_ohlcv
VCB,2022-07-08 07:00:00,41.82,41.88,41.26,41.32,761000,unknown,vnstock_market_equity_ohlcv
VCB,2022-07-11 07:00:00,40.93,41.04,40.2,40.2,660800,unknown,vnstock_market_equity_ohlcv
VCB,2022-07-12 07:00:00,40.26,40.54,40.03,40.15,811500,unknown,vnstock_market_equity_ohlcv
VCB,2022-07-13 07:00:00,40.09,40.98,39.87,40.09,1379900,unknown,vnstock_market_equity_ohlcv
VCB,2022-07-14 07:00:00,40.09,40.65,39.98,40.43,329400,unknown,vnstock_market_equity_ohlcv
VCB,2022-07-15 07:00:00,40.26,41.04,40.26,40.37,597500,unknown,vnstock_market_equity_ohlcv
VCB,2022-07-18 07:00:00,40.48,40.7,40.2,40.2,391400,unknown,vnstock_market_equity_ohlcv
VCB,2022-07-19 07:00:00,40.2,40.26,39.7,39.81,812100,unknown,vnstock_market_equity_ohlcv
VCB,2022-07-20 07:00:00,39.98,40.48,39.98,40.48,544900,unknown,vnstock_market_equity_ohlcv
VCB,2022-07-21 07:00:00,40.48,40.7,40.26,40.48,1164600,unknown,vnstock_market_equity_ohlcv
VCB,2022-07-22 07:00:00,40.26,40.59,40.2,40.48,1009600,unknown,vnstock_market_equity_ohlcv
VCB,2022-07-25 07:00:00,40.43,40.87,40.2,40.7,962700,unknown,vnstock_market_equity_ohlcv
VCB,2022-07-26 07:00:00,40.87,41.54,40.87,41.26,1119800,unknown,vnstock_market_equity_ohlcv
VCB,2022-07-27 07:00:00,41.32,41.88,41.15,41.88,1259900,unknown,vnstock_market_equity_ohlcv
VCB,2022-07-28 07:00:00,42.1,42.21,41.77,42.05,1164800,unknown,vnstock_market_equity_ohlcv
VCB,2022-07-29 07:00:00,42.1,42.16,41.71,41.71,1176000,unknown,vnstock_market_equity_ohlcv
VCB,2022-08-01 07:00:00,41.71,43.0,41.54,43.0,1577300,unknown,vnstock_market_equity_ohlcv
VCB,2022-08-02 07:00:00,43.0,44.22,42.44,44.06,1777800,unknown,vnstock_market_equity_ohlcv
VCB,2022-08-03 07:00:00,43.72,44.39,43.55,44.39,1005700,unknown,vnstock_market_equity_ohlcv
VCB,2022-08-04 07:00:00,44.39,46.07,44.34,46.07,2261100,unknown,vnstock_market_equity_ohlcv
VCB,2022-08-05 07:00:00,45.79,46.01,45.28,45.79,1395800,unknown,vnstock_market_equity_ohlcv
VCB,2022-08-08 07:00:00,45.79,46.07,45.73,45.79,915000,unknown,vnstock_market_equity_ohlcv
VCB,2022-08-09 07:00:00,45.79,45.79,44.61,45.12,1217900,unknown,vnstock_market_equity_ohlcv
VCB,2022-08-10 07:00:00,44.73,45.23,44.73,44.95,507500,unknown,vnstock_market_equity_ohlcv
VCB,2022-08-11 07:00:00,45.4,45.79,45.0,45.51,1171500,unknown,vnstock_market_equity_ohlcv
VCB,2022-08-12 07:00:00,45.51,45.73,45.17,45.56,1251800,unknown,vnstock_market_equity_ohlcv
VCB,2022-08-15 07:00:00,45.79,45.95,45.62,45.68,1259500,unknown,vnstock_market_equity_ohlcv
VCB,2022-08-16 07:00:00,45.79,45.79,45.28,45.51,687100,unknown,vnstock_market_equity_ohlcv
VCB,2022-08-17 07:00:00,45.34,45.62,45.34,45.51,764000,unknown,vnstock_market_equity_ohlcv
VCB,2022-08-18 07:00:00,45.4,45.79,45.34,45.51,1568600,unknown,vnstock_market_equity_ohlcv
VCB,2022-08-19 07:00:00,45.0,45.79,45.0,45.17,1148000,unknown,vnstock_market_equity_ohlcv
VCB,2022-08-22 07:00:00,44.73,45.51,44.67,44.67,525800,unknown,vnstock_market_equity_ohlcv
VCB,2022-08-23 07:00:00,44.67,45.4,44.61,44.78,648000,unknown,vnstock_market_equity_ohlcv
VCB,2022-08-24 07:00:00,45.34,46.29,44.84,45.79,1083700,unknown,vnstock_market_equity_ohlcv
VCB,2022-08-25 07:00:00,45.9,45.9,45.4,45.79,538800,unknown,vnstock_market_equity_ohlcv
VCB,2022-08-26 07:00:00,45.79,46.74,45.79,46.07,1559500,unknown,vnstock_market_equity_ohlcv
VCB,2022-08-29 07:00:00,45.45,46.07,45.17,46.07,951500,unknown,vnstock_market_equity_ohlcv
VCB,2022-08-30 07:00:00,46.07,48.02,46.07,48.02,2502800,unknown,vnstock_market_equity_ohlcv
VCB,2022-08-31 07:00:00,48.02,48.3,46.9,46.9,1055900,unknown,vnstock_market_equity_ohlcv
VCB,2022-09-05 07:00:00,46.9,47.07,46.07,46.12,1547800,unknown,vnstock_market_equity_ohlcv
VCB,2022-09-06 07:00:00,46.12,46.9,45.84,46.18,1027300,unknown,vnstock_market_equity_ohlcv
VCB,2022-09-07 07:00:00,45.79,46.07,44.56,44.67,2293300,unknown,vnstock_market_equity_ohlcv
VCB,2022-09-08 07:00:00,45.17,45.17,43.55,43.55,1074300,unknown,vnstock_market_equity_ohlcv
VCB,2022-09-09 07:00:00,43.83,44.28,43.66,44.0,1029200,unknown,vnstock_market_equity_ohlcv
VCB,2022-09-12 07:00:00,44.45,44.5,44.0,44.17,700800,unknown,vnstock_market_equity_ohlcv
VCB,2022-09-13 07:00:00,44.34,44.34,43.89,43.89,1187900,unknown,vnstock_market_equity_ohlcv
VCB,2022-09-14 07:00:00,43.11,44.39,43.0,43.72,1085800,unknown,vnstock_market_equity_ohlcv
VCB,2022-09-15 07:00:00,43.83,44.28,43.61,44.22,611900,unknown,vnstock_market_equity_ohlcv
VCB,2022-09-16 07:00:00,44.28,44.67,43.83,44.67,1519200,unknown,vnstock_market_equity_ohlcv
VCB,2022-09-19 07:00:00,44.11,44.78,43.55,44.0,938500,unknown,vnstock_market_equity_ohlcv
VCB,2022-09-20 07:00:00,44.0,44.67,43.89,44.22,521200,unknown,vnstock_market_equity_ohlcv
VCB,2022-09-21 07:00:00,44.28,44.45,43.5,44.06,499200,unknown,vnstock_market_equity_ohlcv
VCB,2022-09-22 07:00:00,43.39,43.89,43.27,43.55,1183000,unknown,vnstock_market_equity_ohlcv
VCB,2022-09-23 07:00:00,43.11,43.39,42.32,42.38,1034100,unknown,vnstock_market_equity_ohlcv
VCB,2022-09-26 07:00:00,41.93,43.0,41.38,41.88,1255900,unknown,vnstock_market_equity_ohlcv
VCB,2022-09-27 07:00:00,42.44,42.44,41.43,41.49,653400,unknown,vnstock_market_equity_ohlcv
VCB,2022-09-28 07:00:00,41.32,41.88,41.21,41.88,587700,unknown,vnstock_market_equity_ohlcv
VCB,2022-09-29 07:00:00,42.44,42.44,41.32,41.32,587800,unknown,vnstock_market_equity_ohlcv
VCB,2022-09-30 07:00:00,40.87,41.49,40.43,40.87,1262400,unknown,vnstock_market_equity_ohlcv
VCB,2022-10-03 07:00:00,41.04,41.21,39.25,39.42,894900,unknown,vnstock_market_equity_ohlcv
VCB,2022-10-04 07:00:00,39.09,40.15,38.81,39.81,1280900,unknown,vnstock_market_equity_ohlcv
VCB,2022-10-05 07:00:00,39.87,40.2,39.7,39.92,835000,unknown,vnstock_market_equity_ohlcv
VCB,2022-10-06 07:00:00,40.2,40.2,39.03,39.14,751500,unknown,vnstock_market_equity_ohlcv
VCB,2022-10-07 07:00:00,38.86,38.86,36.46,37.24,2113700,unknown,vnstock_market_equity_ohlcv
VCB,2022-10-10 07:00:00,37.13,37.8,35.79,36.35,1317000,unknown,vnstock_market_equity_ohlcv
VCB,2022-10-11 07:00:00,36.46,36.85,34.62,34.62,1161700,unknown,vnstock_market_equity_ohlcv
VCB,2022-10-12 07:00:00,35.18,36.46,34.73,35.74,1517400,unknown,vnstock_market_equity_ohlcv
VCB,2022-10-13 07:00:00,35.79,37.13,35.01,37.13,1596800,unknown,vnstock_market_equity_ohlcv
VCB,2022-10-14 07:00:00,38.25,38.25,37.58,38.02,1599300,unknown,vnstock_market_equity_ohlcv
VCB,2022-10-17 07:00:00,37.58,37.97,36.57,37.02,1241400,unknown,vnstock_market_equity_ohlcv
VCB,2022-10-18 07:00:00,37.97,37.97,37.58,37.8,885000,unknown,vnstock_market_equity_ohlcv
VCB,2022-10-19 07:00:00,37.91,37.97,37.58,37.91,627400,unknown,vnstock_market_equity_ohlcv
VCB,2022-10-20 07:00:00,37.91,39.09,37.47,38.64,1517200,unknown,vnstock_market_equity_ohlcv
VCB,2022-10-21 07:00:00,38.64,39.48,37.97,37.97,1283700,unknown,vnstock_market_equity_ohlcv
VCB,2022-10-24 07:00:00,38.81,38.81,36.74,37.97,670100,unknown,vnstock_market_equity_ohlcv
VCB,2022-10-25 07:00:00,36.85,39.42,36.85,39.03,1535500,unknown,vnstock_market_equity_ohlcv
VCB,2022-10-26 07:00:00,39.42,39.42,38.25,39.09,591400,unknown,vnstock_market_equity_ohlcv
VCB,2022-10-27 07:00:00,39.36,40.7,38.7,40.03,1297800,unknown,vnstock_market_equity_ohlcv
VCB,2022-10-28 07:00:00,40.48,41.6,39.98,39.98,1561000,unknown,vnstock_market_equity_ohlcv
VCB,2022-10-31 07:00:00,41.04,41.04,40.48,41.04,659400,unknown,vnstock_market_equity_ohlcv
VCB,2022-11-01 07:00:00,41.32,41.88,40.93,41.88,826100,unknown,vnstock_market_equity_ohlcv
VCB,2022-11-02 07:00:00,41.32,41.6,40.2,41.1,1255100,unknown,vnstock_market_equity_ohlcv
VCB,2022-11-03 07:00:00,40.2,40.98,40.2,40.76,726600,unknown,vnstock_market_equity_ohlcv
VCB,2022-11-04 07:00:00,39.92,40.48,38.47,40.09,1538000,unknown,vnstock_market_equity_ohlcv
VCB,2022-11-07 07:00:00,40.09,40.76,39.7,40.09,1232000,unknown,vnstock_market_equity_ohlcv
VCB,2022-11-08 07:00:00,40.2,41.88,39.98,40.54,1659900,unknown,vnstock_market_equity_ohlcv
VCB,2022-11-09 07:00:00,41.04,41.43,40.54,41.32,1214800,unknown,vnstock_market_equity_ohlcv
VCB,2022-11-10 07:00:00,41.26,41.26,39.98,40.65,958500,unknown,vnstock_market_equity_ohlcv
VCB,2022-11-11 07:00:00,40.76,42.16,40.76,42.16,1314200,unknown,vnstock_market_equity_ohlcv
VCB,2022-11-14 07:00:00,42.16,42.72,41.38,41.93,1536500,unknown,vnstock_market_equity_ohlcv
VCB,2022-11-15 07:00:00,41.54,42.66,40.26,41.88,1581800,unknown,vnstock_market_equity_ohlcv
VCB,2022-11-16 07:00:00,39.25,43.55,39.25,41.93,2349800,unknown,vnstock_market_equity_ohlcv
VCB,2022-11-17 07:00:00,42.49,42.77,42.16,42.72,1645700,unknown,vnstock_market_equity_ohlcv
VCB,2022-11-18 07:00:00,42.38,42.94,41.1,42.72,1564800,unknown,vnstock_market_equity_ohlcv
VCB,2022-11-21 07:00:00,42.72,42.72,41.88,41.88,1106900,unknown,vnstock_market_equity_ohlcv
VCB,2022-11-22 07:00:00,41.6,42.44,40.48,41.04,1936000,unknown,vnstock_market_equity_ohlcv
VCB,2022-11-23 07:00:00,40.76,41.04,40.43,41.04,794200,unknown,vnstock_market_equity_ohlcv
VCB,2022-11-24 07:00:00,41.04,41.32,40.48,40.76,1082000,unknown,vnstock_market_equity_ohlcv
VCB,2022-11-25 07:00:00,40.82,41.1,40.65,40.82,1675100,unknown,vnstock_market_equity_ohlcv
VCB,2022-11-28 07:00:00,41.6,43.0,41.21,42.83,1341900,unknown,vnstock_market_equity_ohlcv
VCB,2022-11-29 07:00:00,42.44,44.56,42.44,44.56,1707400,unknown,vnstock_market_equity_ohlcv
VCB,2022-11-30 07:00:00,44.84,45.23,43.0,45.23,1322600,unknown,vnstock_market_equity_ohlcv
VCB,2022-12-01 07:00:00,45.17,45.45,44.22,44.67,1178900,unknown,vnstock_market_equity_ohlcv
VCB,2022-12-02 07:00:00,44.61,47.46,44.28,47.46,1241300,unknown,vnstock_market_equity_ohlcv
VCB,2022-12-05 07:00:00,46.96,48.58,46.07,47.46,1664000,unknown,vnstock_market_equity_ohlcv
VCB,2022-12-06 07:00:00,47.46,47.57,44.67,44.67,1308000,unknown,vnstock_market_equity_ohlcv
VCB,2022-12-07 07:00:00,44.67,45.79,43.55,43.83,1455800,unknown,vnstock_market_equity_ohlcv
VCB,2022-12-08 07:00:00,44.11,45.23,43.0,43.0,2109700,unknown,vnstock_market_equity_ohlcv
VCB,2022-12-09 07:00:00,43.78,44.22,43.05,43.16,1684100,unknown,vnstock_market_equity_ohlcv
VCB,2022-12-12 07:00:00,44.0,44.95,43.22,43.22,2105700,unknown,vnstock_market_equity_ohlcv
VCB,2022-12-13 07:00:00,43.61,44.28,43.5,43.66,2232500,unknown,vnstock_market_equity_ohlcv
VCB,2022-12-14 07:00:00,44.5,44.5,43.83,44.0,1083500,unknown,vnstock_market_equity_ohlcv
VCB,2022-12-15 07:00:00,44.0,45.06,43.89,44.39,1250400,unknown,vnstock_market_equity_ohlcv
VCB,2022-12-16 07:00:00,44.39,46.29,44.06,44.5,3158100,unknown,vnstock_market_equity_ohlcv
VCB,2022-12-19 07:00:00,44.67,45.23,44.11,44.22,757500,unknown,vnstock_market_equity_ohlcv
VCB,2022-12-20 07:00:00,44.5,45.79,44.11,44.11,1424400,unknown,vnstock_market_equity_ohlcv
VCB,2022-12-21 07:00:00,45.45,45.45,43.94,43.94,962000,unknown,vnstock_market_equity_ohlcv
VCB,2022-12-22 07:00:00,44.39,45.28,44.28,44.28,1073500,unknown,vnstock_market_equity_ohlcv
VCB,2022-12-23 07:00:00,44.78,45.34,44.17,44.17,1079200,unknown,vnstock_market_equity_ohlcv
VCB,2022-12-26 07:00:00,44.22,45.12,44.06,44.06,1203600,unknown,vnstock_market_equity_ohlcv
VCB,2022-12-27 07:00:00,44.78,44.95,44.06,44.17,1058000,unknown,vnstock_market_equity_ohlcv
VCB,2022-12-28 07:00:00,44.89,45.79,44.39,44.67,1173500,unknown,vnstock_market_equity_ohlcv
VCB,2022-12-29 07:00:00,45.95,46.07,44.95,45.06,1237400,unknown,vnstock_market_equity_ohlcv
VCB,2022-12-30 07:00:00,46.29,46.4,44.67,44.67,1510900,unknown,vnstock_market_equity_ohlcv
VIC,2022-05-04 07:00:00,39.8,40.0,38.85,39.85,1436000,unknown,vnstock_market_equity_ohlcv
VIC,2022-05-05 07:00:00,39.8,40.0,39.25,40.0,1858600,unknown,vnstock_market_equity_ohlcv
VIC,2022-05-06 07:00:00,39.25,40.0,39.0,39.9,1690000,unknown,vnstock_market_equity_ohlcv
VIC,2022-05-09 07:00:00,39.35,39.6,38.95,39.55,2428900,unknown,vnstock_market_equity_ohlcv
VIC,2022-05-10 07:00:00,39.45,40.2,39.05,40.2,2617900,unknown,vnstock_market_equity_ohlcv
VIC,2022-05-11 07:00:00,40.1,40.25,39.35,40.25,1983600,unknown,vnstock_market_equity_ohlcv
VIC,2022-05-12 07:00:00,40.0,40.0,38.55,39.5,2474100,unknown,vnstock_market_equity_ohlcv
VIC,2022-05-13 07:00:00,39.5,39.5,38.6,39.0,3134600,unknown,vnstock_market_equity_ohlcv
VIC,2022-05-16 07:00:00,39.5,39.5,38.1,38.5,1994100,unknown,vnstock_market_equity_ohlcv
VIC,2022-05-17 07:00:00,38.0,39.0,37.6,39.0,1857400,unknown,vnstock_market_equity_ohlcv
VIC,2022-05-18 07:00:00,39.0,39.0,38.0,39.0,2964900,unknown,vnstock_market_equity_ohlcv
VIC,2022-05-19 07:00:00,38.2,39.5,38.1,38.95,2650300,unknown,vnstock_market_equity_ohlcv
VIC,2022-05-20 07:00:00,38.95,38.95,38.25,38.9,2331100,unknown,vnstock_market_equity_ohlcv
VIC,2022-05-23 07:00:00,38.8,38.85,38.1,38.7,2644700,unknown,vnstock_market_equity_ohlcv
VIC,2022-05-24 07:00:00,38.5,38.8,38.2,38.8,1568300,unknown,vnstock_market_equity_ohlcv
VIC,2022-05-25 07:00:00,38.8,39.05,38.35,38.85,1360400,unknown,vnstock_market_equity_ohlcv
VIC,2022-05-26 07:00:00,38.85,38.85,38.4,38.85,2076700,unknown,vnstock_market_equity_ohlcv
VIC,2022-05-27 07:00:00,38.7,39.0,38.5,39.0,1575800,unknown,vnstock_market_equity_ohlcv
VIC,2022-05-30 07:00:00,39.0,39.25,38.6,39.25,1390900,unknown,vnstock_market_equity_ohlcv
VIC,2022-05-31 07:00:00,39.0,39.75,38.85,39.4,1776600,unknown,vnstock_market_equity_ohlcv
VIC,2022-06-01 07:00:00,39.3,39.7,39.15,39.65,1539200,unknown,vnstock_market_equity_ohlcv
VIC,2022-06-02 07:00:00,39.6,39.6,38.8,39.45,2935600,unknown,vnstock_market_equity_ohlcv
VIC,2022-06-03 07:00:00,39.05,39.6,39.0,39.4,1249100,unknown,vnstock_market_equity_ohlcv
VIC,2022-06-06 07:00:00,39.35,39.45,38.95,39.25,1503500,unknown,vnstock_market_equity_ohlcv
VIC,2022-06-07 07:00:00,39.25,39.25,38.85,39.0,1562200,unknown,vnstock_market_equity_ohlcv
VIC,2022-06-08 07:00:00,38.9,39.35,38.8,39.05,1441700,unknown,vnstock_market_equity_ohlcv
VIC,2022-06-09 07:00:00,39.0,39.1,38.65,39.05,1542100,unknown,vnstock_market_equity_ohlcv
VIC,2022-06-10 07:00:00,38.9,39.1,38.75,39.0,979600,unknown,vnstock_market_equity_ohlcv
VIC,2022-06-13 07:00:00,38.3,38.7,38.1,38.2,1795500,unknown,vnstock_market_equity_ohlcv
VIC,2022-06-14 07:00:00,38.1,38.3,37.6,38.3,2058500,unknown,vnstock_market_equity_ohlcv
VIC,2022-06-15 07:00:00,38.3,38.45,37.65,38.35,2037200,unknown,vnstock_market_equity_ohlcv
VIC,2022-06-16 07:00:00,38.0,38.85,37.9,38.3,1597800,unknown,vnstock_market_equity_ohlcv
VIC,2022-06-17 07:00:00,37.9,38.3,37.55,38.3,3725300,unknown,vnstock_market_equity_ohlcv
VIC,2022-06-20 07:00:00,38.3,38.3,37.65,37.8,2132800,unknown,vnstock_market_equity_ohlcv
VIC,2022-06-21 07:00:00,37.6,37.6,36.9,37.5,1956200,unknown,vnstock_market_equity_ohlcv
VIC,2022-06-22 07:00:00,37.35,37.5,36.8,37.5,1418900,unknown,vnstock_market_equity_ohlcv
VIC,2022-06-23 07:00:00,37.05,37.1,36.5,37.1,1548900,unknown,vnstock_market_equity_ohlcv
VIC,2022-06-24 07:00:00,36.75,37.3,36.0,37.3,1514800,unknown,vnstock_market_equity_ohlcv
VIC,2022-06-27 07:00:00,36.9,37.4,36.75,36.9,1822400,unknown,vnstock_market_equity_ohlcv
VIC,2022-06-28 07:00:00,36.5,36.9,36.2,36.8,2228300,unknown,vnstock_market_equity_ohlcv
VIC,2022-06-29 07:00:00,36.4,36.7,36.15,36.7,1429300,unknown,vnstock_market_equity_ohlcv
VIC,2022-06-30 07:00:00,36.35,36.75,36.2,36.75,1878800,unknown,vnstock_market_equity_ohlcv
VIC,2022-07-01 07:00:00,36.6,36.7,36.05,36.3,1866600,unknown,vnstock_market_equity_ohlcv
VIC,2022-07-04 07:00:00,36.2,36.35,36.1,36.35,758300,unknown,vnstock_market_equity_ohlcv
VIC,2022-07-05 07:00:00,36.35,36.4,36.0,36.15,1478700,unknown,vnstock_market_equity_ohlcv
VIC,2022-07-06 07:00:00,36.0,36.05,33.75,33.75,2171700,unknown,vnstock_market_equity_ohlcv
VIC,2022-07-07 07:00:00,34.0,34.9,33.25,34.9,2174100,unknown,vnstock_market_equity_ohlcv
VIC,2022-07-08 07:00:00,35.0,35.35,33.75,35.0,1413800,unknown,vnstock_market_equity_ohlcv
VIC,2022-07-11 07:00:00,33.85,35.0,33.1,35.0,2385900,unknown,vnstock_market_equity_ohlcv
VIC,2022-07-12 07:00:00,34.3,35.1,34.0,34.95,1212400,unknown,vnstock_market_equity_ohlcv
VIC,2022-07-13 07:00:00,34.3,35.0,34.15,34.75,2004600,unknown,vnstock_market_equity_ohlcv
VIC,2022-07-14 07:00:00,34.75,34.9,34.25,34.75,1414300,unknown,vnstock_market_equity_ohlcv
VIC,2022-07-15 07:00:00,34.55,34.9,34.3,34.8,1582500,unknown,vnstock_market_equity_ohlcv
VIC,2022-07-18 07:00:00,34.8,34.8,34.0,34.0,1088000,unknown,vnstock_market_equity_ohlcv
VIC,2022-07-19 07:00:00,34.0,34.5,34.0,34.4,655400,unknown,vnstock_market_equity_ohlcv
VIC,2022-07-20 07:00:00,34.4,34.5,34.1,34.1,626100,unknown,vnstock_market_equity_ohlcv
VIC,2022-07-21 07:00:00,34.1,34.4,34.05,34.25,930600,unknown,vnstock_market_equity_ohlcv
VIC,2022-07-22 07:00:00,34.05,34.25,33.25,33.25,674700,unknown,vnstock_market_equity_ohlcv
VIC,2022-07-25 07:00:00,33.45,33.7,33.25,33.65,755800,unknown,vnstock_market_equity_ohlcv
VIC,2022-07-26 07:00:00,33.05,33.8,33.05,33.05,592700,unknown,vnstock_market_equity_ohlcv
VIC,2022-07-27 07:00:00,33.1,33.4,33.0,33.25,581400,unknown,vnstock_market_equity_ohlcv
VIC,2022-07-28 07:00:00,33.3,33.55,33.0,33.5,1152200,unknown,vnstock_market_equity_ohlcv
VIC,2022-07-29 07:00:00,33.9,33.9,32.0,32.0,1908500,unknown,vnstock_market_equity_ohlcv
VIC,2022-08-01 07:00:00,32.45,32.55,32.05,32.35,1261800,unknown,vnstock_market_equity_ohlcv
VIC,2022-08-02 07:00:00,32.4,33.3,32.25,33.3,1372600,unknown,vnstock_market_equity_ohlcv
VIC,2022-08-03 07:00:00,32.9,33.2,32.55,33.0,1250700,unknown,vnstock_market_equity_ohlcv
VIC,2022-08-04 07:00:00,33.0,33.2,32.7,33.2,1146000,unknown,vnstock_market_equity_ohlcv
VIC,2022-08-05 07:00:00,32.95,33.1,32.6,32.7,1134900,unknown,vnstock_market_equity_ohlcv
VIC,2022-08-08 07:00:00,32.7,32.85,32.3,32.3,1010300,unknown,vnstock_market_equity_ohlcv
VIC,2022-08-09 07:00:00,32.4,32.7,32.35,32.65,792000,unknown,vnstock_market_equity_ohlcv
VIC,2022-08-10 07:00:00,32.5,32.8,32.35,32.4,967900,unknown,vnstock_market_equity_ohlcv
VIC,2022-08-11 07:00:00,32.8,33.2,32.5,32.9,1674000,unknown,vnstock_market_equity_ohlcv
VIC,2022-08-12 07:00:00,32.9,33.1,32.75,33.1,811200,unknown,vnstock_market_equity_ohlcv
VIC,2022-08-15 07:00:00,33.15,33.25,33.05,33.2,802100,unknown,vnstock_market_equity_ohlcv
VIC,2022-08-16 07:00:00,33.2,33.2,32.85,32.95,862200,unknown,vnstock_market_equity_ohlcv
VIC,2022-08-17 07:00:00,33.1,33.9,33.0,33.65,2201000,unknown,vnstock_market_equity_ohlcv
VIC,2022-08-18 07:00:00,33.6,34.65,33.6,34.05,2769100,unknown,vnstock_market_equity_ohlcv
VIC,2022-08-19 07:00:00,34.0,34.2,33.4,33.95,1221600,unknown,vnstock_market_equity_ohlcv
VIC,2022-08-22 07:00:00,33.6,34.0,33.0,33.0,1469100,unknown,vnstock_market_equity_ohlcv
VIC,2022-08-23 07:00:00,32.75,32.8,32.4,32.5,1437800,unknown,vnstock_market_equity_ohlcv
VIC,2022-08-24 07:00:00,32.6,32.9,32.45,32.45,787500,unknown,vnstock_market_equity_ohlcv
VIC,2022-08-25 07:00:00,32.5,32.95,32.5,32.95,483000,unknown,vnstock_market_equity_ohlcv
VIC,2022-08-26 07:00:00,33.0,33.0,32.5,32.5,861300,unknown,vnstock_market_equity_ohlcv
VIC,2022-08-29 07:00:00,32.15,32.2,31.5,31.8,1337500,unknown,vnstock_market_equity_ohlcv
VIC,2022-08-30 07:00:00,31.8,32.05,31.6,31.8,868400,unknown,vnstock_market_equity_ohlcv
VIC,2022-08-31 07:00:00,32.0,32.85,31.85,31.85,1236800,unknown,vnstock_market_equity_ohlcv
VIC,2022-09-05 07:00:00,32.4,32.6,32.0,32.0,1310100,unknown,vnstock_market_equity_ohlcv
VIC,2022-09-06 07:00:00,32.05,32.4,31.55,31.65,1335600,unknown,vnstock_market_equity_ohlcv
VIC,2022-09-07 07:00:00,31.65,31.7,31.25,31.25,1347400,unknown,vnstock_market_equity_ohlcv
VIC,2022-09-08 07:00:00,31.65,31.8,31.2,31.45,841200,unknown,vnstock_market_equity_ohlcv
VIC,2022-09-09 07:00:00,31.6,32.2,31.45,32.2,1193800,unknown,vnstock_market_equity_ohlcv
VIC,2022-09-12 07:00:00,32.45,32.45,31.9,32.0,552900,unknown,vnstock_market_equity_ohlcv
VIC,2022-09-13 07:00:00,32.0,32.15,31.8,32.05,1059100,unknown,vnstock_market_equity_ohlcv
VIC,2022-09-14 07:00:00,31.75,31.85,31.05,31.7,711000,unknown,vnstock_market_equity_ohlcv
VIC,2022-09-15 07:00:00,31.75,32.0,31.4,31.95,851300,unknown,vnstock_market_equity_ohlcv
VIC,2022-09-16 07:00:00,31.6,32.25,31.25,31.25,1684400,unknown,vnstock_market_equity_ohlcv
VIC,2022-09-19 07:00:00,31.25,31.65,31.05,31.45,786000,unknown,vnstock_market_equity_ohlcv
VIC,2022-09-20 07:00:00,31.3,31.95,31.3,31.95,800100,unknown,vnstock_market_equity_ohlcv
VIC,2022-09-21 07:00:00,31.75,31.8,31.35,31.55,482700,unknown,vnstock_market_equity_ohlcv
VIC,2022-09-22 07:00:00,31.25,31.65,29.35,31.65,1238700,unknown,vnstock_market_equity_ohlcv
VIC,2022-09-23 07:00:00,31.5,31.65,31.0,31.3,324200,unknown,vnstock_market_equity_ohlcv
VIC,2022-09-26 07:00:00,30.9,31.3,30.8,31.0,1195900,unknown,vnstock_market_equity_ohlcv
VIC,2022-09-27 07:00:00,31.05,31.1,30.4,30.5,639100,unknown,vnstock_market_equity_ohlcv
VIC,2022-09-28 07:00:00,30.05,30.4,28.75,28.75,1138100,unknown,vnstock_market_equity_ohlcv
VIC,2022-09-29 07:00:00,28.85,29.1,27.15,27.3,1701100,unknown,vnstock_market_equity_ohlcv
VIC,2022-09-30 07:00:00,26.65,28.2,26.65,27.5,1724300,unknown,vnstock_market_equity_ohlcv
VIC,2022-10-03 07:00:00,27.45,27.75,26.5,27.75,1452700,unknown,vnstock_market_equity_ohlcv
VIC,2022-10-04 07:00:00,28.0,28.5,27.3,28.5,1296700,unknown,vnstock_market_equity_ohlcv
VIC,2022-10-05 07:00:00,28.75,30.45,28.5,30.0,1328100,unknown,vnstock_market_equity_ohlcv
VIC,2022-10-06 07:00:00,29.9,31.0,29.05,30.05,1011900,unknown,vnstock_market_equity_ohlcv
VIC,2022-10-07 07:00:00,30.25,30.35,29.15,30.1,2987900,unknown,vnstock_market_equity_ohlcv
VIC,2022-10-10 07:00:00,30.1,30.45,28.85,30.1,1238400,unknown,vnstock_market_equity_ohlcv
VIC,2022-10-11 07:00:00,29.15,30.05,28.35,30.0,2186800,unknown,vnstock_market_equity_ohlcv
VIC,2022-10-12 07:00:00,30.0,30.1,29.15,30.0,1709700,unknown,vnstock_market_equity_ohlcv
VIC,2022-10-13 07:00:00,29.35,30.5,29.1,30.2,1246400,unknown,vnstock_market_equity_ohlcv
VIC,2022-10-14 07:00:00,30.25,30.25,29.2,29.85,779400,unknown,vnstock_market_equity_ohlcv
VIC,2022-10-17 07:00:00,29.3,29.5,28.0,28.0,738700,unknown,vnstock_market_equity_ohlcv
VIC,2022-10-18 07:00:00,28.25,29.3,28.25,29.2,606100,unknown,vnstock_market_equity_ohlcv
VIC,2022-10-19 07:00:00,29.25,29.35,28.25,29.25,826400,unknown,vnstock_market_equity_ohlcv
VIC,2022-10-20 07:00:00,29.05,29.35,28.6,29.3,1099200,unknown,vnstock_market_equity_ohlcv
VIC,2022-10-21 07:00:00,29.25,29.25,27.25,28.4,1414600,unknown,vnstock_market_equity_ohlcv
VIC,2022-10-24 07:00:00,28.0,28.3,26.45,28.25,1606100,unknown,vnstock_market_equity_ohlcv
VIC,2022-10-25 07:00:00,28.15,28.15,26.5,28.05,1446700,unknown,vnstock_market_equity_ohlcv
VIC,2022-10-26 07:00:00,28.05,28.05,26.75,27.4,1054100,unknown,vnstock_market_equity_ohlcv
VIC,2022-10-27 07:00:00,27.3,27.5,26.25,27.5,1974800,unknown,vnstock_market_equity_ohlcv
VIC,2022-10-28 07:00:00,27.7,27.9,26.75,27.85,1281000,unknown,vnstock_market_equity_ohlcv
VIC,2022-10-31 07:00:00,28.0,28.2,27.15,27.7,1052800,unknown,vnstock_market_equity_ohlcv
VIC,2022-11-01 07:00:00,27.85,27.9,27.0,27.7,1419100,unknown,vnstock_market_equity_ohlcv
VIC,2022-11-02 07:00:00,27.65,27.7,27.0,27.7,1352500,unknown,vnstock_market_equity_ohlcv
VIC,2022-11-03 07:00:00,27.2,27.55,27.15,27.55,909700,unknown,vnstock_market_equity_ohlcv
VIC,2022-11-04 07:00:00,27.45,27.45,26.05,27.15,1617900,unknown,vnstock_market_equity_ohlcv
VIC,2022-11-07 07:00:00,27.0,27.0,25.85,26.7,1702500,unknown,vnstock_market_equity_ohlcv
VIC,2022-11-08 07:00:00,26.1,26.65,24.85,26.65,2476100,unknown,vnstock_market_equity_ohlcv
VIC,2022-11-09 07:00:00,26.65,27.15,26.1,26.85,1573900,unknown,vnstock_market_equity_ohlcv
VIC,2022-11-10 07:00:00,26.8,27.0,26.0,26.5,1558000,unknown,vnstock_market_equity_ohlcv
VIC,2022-11-11 07:00:00,26.5,27.4,26.25,27.15,938500,unknown,vnstock_market_equity_ohlcv
VIC,2022-11-14 07:00:00,27.1,27.75,26.55,27.5,1394600,unknown,vnstock_market_equity_ohlcv
VIC,2022-11-15 07:00:00,27.95,28.75,27.5,28.5,1583400,unknown,vnstock_market_equity_ohlcv
VIC,2022-11-16 07:00:00,28.45,30.45,28.05,30.2,2249500,unknown,vnstock_market_equity_ohlcv
VIC,2022-11-17 07:00:00,31.2,32.3,30.25,32.3,4785400,unknown,vnstock_market_equity_ohlcv
VIC,2022-11-18 07:00:00,33.45,33.45,31.55,32.8,1693400,unknown,vnstock_market_equity_ohlcv
VIC,2022-11-21 07:00:00,33.0,33.35,31.8,32.0,1198200,unknown,vnstock_market_equity_ohlcv
VIC,2022-11-22 07:00:00,32.0,32.95,30.5,30.5,1466300,unknown,vnstock_market_equity_ohlcv
VIC,2022-11-23 07:00:00,30.05,31.3,29.85,29.85,998800,unknown,vnstock_market_equity_ohlcv
VIC,2022-11-24 07:00:00,30.0,31.05,30.0,30.5,1141700,unknown,vnstock_market_equity_ohlcv
VIC,2022-11-25 07:00:00,31.5,32.5,31.3,32.5,2290900,unknown,vnstock_market_equity_ohlcv
VIC,2022-11-28 07:00:00,33.25,33.55,32.5,32.5,3249900,unknown,vnstock_market_equity_ohlcv
VIC,2022-11-29 07:00:00,32.5,34.7,32.1,34.7,3559000,unknown,vnstock_market_equity_ohlcv
VIC,2022-11-30 07:00:00,34.75,35.1,34.0,34.8,3225000,unknown,vnstock_market_equity_ohlcv
VIC,2022-12-01 07:00:00,34.7,34.8,33.0,33.0,3204600,unknown,vnstock_market_equity_ohlcv
VIC,2022-12-02 07:00:00,32.55,34.4,32.55,34.4,3591400,unknown,vnstock_market_equity_ohlcv
VIC,2022-12-05 07:00:00,34.4,35.0,34.0,34.05,2301900,unknown,vnstock_market_equity_ohlcv
VIC,2022-12-06 07:00:00,34.05,34.25,32.5,33.3,1803300,unknown,vnstock_market_equity_ohlcv
VIC,2022-12-07 07:00:00,34.6,35.6,34.25,35.6,9421500,unknown,vnstock_market_equity_ohlcv
VIC,2022-12-08 07:00:00,37.2,37.25,34.95,34.95,5602500,unknown,vnstock_market_equity_ohlcv
VIC,2022-12-09 07:00:00,35.25,35.85,33.9,33.9,2660700,unknown,vnstock_market_equity_ohlcv
VIC,2022-12-12 07:00:00,33.9,34.0,31.55,31.55,2851200,unknown,vnstock_market_equity_ohlcv
VIC,2022-12-13 07:00:00,31.95,32.0,30.05,30.8,2861100,unknown,vnstock_market_equity_ohlcv
VIC,2022-12-14 07:00:00,31.25,31.85,30.15,30.4,2897500,unknown,vnstock_market_equity_ohlcv
VIC,2022-12-15 07:00:00,30.55,30.8,30.15,30.3,2311900,unknown,vnstock_market_equity_ohlcv
VIC,2022-12-16 07:00:00,30.3,30.4,29.2,29.2,3284600,unknown,vnstock_market_equity_ohlcv
VIC,2022-12-19 07:00:00,29.5,29.7,28.25,28.25,2873600,unknown,vnstock_market_equity_ohlcv
VIC,2022-12-20 07:00:00,28.25,28.9,27.55,27.95,2088400,unknown,vnstock_market_equity_ohlcv
VIC,2022-12-21 07:00:00,28.3,28.5,27.4,27.45,2477400,unknown,vnstock_market_equity_ohlcv
VIC,2022-12-22 07:00:00,28.0,28.5,27.5,27.5,2433400,unknown,vnstock_market_equity_ohlcv
VIC,2022-12-23 07:00:00,27.65,27.95,26.95,27.55,1866300,unknown,vnstock_market_equity_ohlcv
VIC,2022-12-26 07:00:00,27.5,27.5,26.25,26.45,2367800,unknown,vnstock_market_equity_ohlcv
VIC,2022-12-27 07:00:00,26.45,27.4,26.05,26.7,1844000,unknown,vnstock_market_equity_ohlcv
VIC,2022-12-28 07:00:00,26.75,26.75,26.05,26.75,2089000,unknown,vnstock_market_equity_ohlcv
VIC,2022-12-29 07:00:00,26.6,27.0,26.25,26.8,2135400,unknown,vnstock_market_equity_ohlcv
VIC,2022-12-30 07:00:00,26.9,26.95,26.5,26.9,2461700,unknown,vnstock_market_equity_ohlcv
VIX,2022-05-04 07:00:00,7.22,7.36,7.12,7.15,2507100,unknown,vnstock_market_equity_ohlcv
VIX,2022-05-05 07:00:00,7.27,7.36,7.08,7.12,2872100,unknown,vnstock_market_equity_ohlcv
VIX,2022-05-06 07:00:00,6.72,6.98,6.63,6.63,4426600,unknown,vnstock_market_equity_ohlcv
VIX,2022-05-09 07:00:00,6.41,6.41,6.18,6.18,4234300,unknown,vnstock_market_equity_ohlcv
VIX,2022-05-10 07:00:00,5.75,6.18,5.75,5.94,6333400,unknown,vnstock_market_equity_ohlcv
VIX,2022-05-11 07:00:00,6.03,6.08,5.7,5.94,2434000,unknown,vnstock_market_equity_ohlcv
VIX,2022-05-12 07:00:00,5.89,6.01,5.53,5.53,3386300,unknown,vnstock_market_equity_ohlcv
VIX,2022-05-13 07:00:00,5.46,5.6,5.15,5.15,5848300,unknown,vnstock_market_equity_ohlcv
VIX,2022-05-16 07:00:00,5.37,5.51,5.22,5.22,4978000,unknown,vnstock_market_equity_ohlcv
VIX,2022-05-17 07:00:00,5.13,5.58,5.13,5.58,3380500,unknown,vnstock_market_equity_ohlcv
VIX,2022-05-18 07:00:00,5.84,5.96,5.75,5.96,5256700,unknown,vnstock_market_equity_ohlcv
VIX,2022-05-19 07:00:00,5.7,6.15,5.7,6.01,9725200,unknown,vnstock_market_equity_ohlcv
VIX,2022-05-20 07:00:00,6.13,6.27,5.94,6.03,7018500,unknown,vnstock_market_equity_ohlcv
VIX,2022-05-23 07:00:00,6.06,6.1,5.63,5.68,8774600,unknown,vnstock_market_equity_ohlcv
VIX,2022-05-24 07:00:00,5.65,5.72,5.32,5.7,8148300,unknown,vnstock_market_equity_ohlcv
VIX,2022-05-25 07:00:00,5.75,6.08,5.75,6.08,9662200,unknown,vnstock_market_equity_ohlcv
VIX,2022-05-26 07:00:00,6.18,6.41,6.08,6.18,10277600,unknown,vnstock_market_equity_ohlcv
VIX,2022-05-27 07:00:00,6.18,6.27,6.08,6.2,6687700,unknown,vnstock_market_equity_ohlcv
VIX,2022-05-30 07:00:00,6.18,6.36,6.13,6.22,7516100,unknown,vnstock_market_equity_ohlcv
VIX,2022-05-31 07:00:00,6.18,6.27,6.06,6.22,7675900,unknown,vnstock_market_equity_ohlcv
VIX,2022-06-01 07:00:00,6.22,6.29,6.01,6.15,6240800,unknown,vnstock_market_equity_ohlcv
VIX,2022-06-02 07:00:00,6.15,6.27,5.98,6.03,8794000,unknown,vnstock_market_equity_ohlcv
VIX,2022-06-03 07:00:00,5.98,6.13,5.8,5.96,6727000,unknown,vnstock_market_equity_ohlcv
VIX,2022-06-06 07:00:00,5.96,6.06,5.75,5.75,7560400,unknown,vnstock_market_equity_ohlcv
VIX,2022-06-07 07:00:00,5.7,5.75,5.42,5.6,7556600,unknown,vnstock_market_equity_ohlcv
VIX,2022-06-08 07:00:00,5.7,5.98,5.68,5.91,6285300,unknown,vnstock_market_equity_ohlcv
VIX,2022-06-09 07:00:00,5.98,6.03,5.91,5.94,5010900,unknown,vnstock_market_equity_ohlcv
VIX,2022-06-10 07:00:00,5.84,6.08,5.77,5.87,8666500,unknown,vnstock_market_equity_ohlcv
VIX,2022-06-13 07:00:00,5.56,5.75,5.46,5.46,8690300,unknown,vnstock_market_equity_ohlcv
VIX,2022-06-14 07:00:00,5.32,5.49,5.15,5.22,5356400,unknown,vnstock_market_equity_ohlcv
VIX,2022-06-15 07:00:00,5.34,5.34,4.87,4.87,8433700,unknown,vnstock_market_equity_ohlcv
VIX,2022-06-16 07:00:00,4.99,5.04,4.53,4.54,7922100,unknown,vnstock_market_equity_ohlcv
VIX,2022-06-17 07:00:00,4.28,4.44,4.22,4.22,11650600,unknown,vnstock_market_equity_ohlcv
VIX,2022-06-20 07:00:00,4.18,4.35,3.93,3.93,6658600,unknown,vnstock_market_equity_ohlcv
VIX,2022-06-21 07:00:00,3.72,4.17,3.66,3.84,5787100,unknown,vnstock_market_equity_ohlcv
VIX,2022-06-22 07:00:00,4.04,4.11,3.98,4.11,6019100,unknown,vnstock_market_equity_ohlcv
VIX,2022-06-23 07:00:00,4.2,4.39,4.13,4.32,4869100,unknown,vnstock_market_equity_ohlcv
VIX,2022-06-24 07:00:00,4.32,4.41,4.29,4.33,3895700,unknown,vnstock_market_equity_ohlcv
VIX,2022-06-27 07:00:00,4.36,4.63,4.33,4.63,4481600,unknown,vnstock_market_equity_ohlcv
VIX,2022-06-28 07:00:00,4.63,4.74,4.54,4.57,5032400,unknown,vnstock_market_equity_ohlcv
VIX,2022-06-29 07:00:00,4.49,4.65,4.49,4.57,4782600,unknown,vnstock_market_equity_ohlcv
VIX,2022-06-30 07:00:00,4.6,4.68,4.25,4.25,5308200,unknown,vnstock_market_equity_ohlcv
VIX,2022-07-01 07:00:00,4.28,4.55,4.25,4.55,7744800,unknown,vnstock_market_equity_ohlcv
VIX,2022-07-04 07:00:00,4.7,4.84,4.66,4.8,7298300,unknown,vnstock_market_equity_ohlcv
VIX,2022-07-05 07:00:00,4.8,4.99,4.66,4.84,8001300,unknown,vnstock_market_equity_ohlcv
VIX,2022-07-06 07:00:00,4.72,4.92,4.68,4.74,6736100,unknown,vnstock_market_equity_ohlcv
VIX,2022-07-07 07:00:00,4.74,4.87,4.7,4.77,4759200,unknown,vnstock_market_equity_ohlcv
VIX,2022-07-08 07:00:00,4.89,5.04,4.8,4.99,6561700,unknown,vnstock_market_equity_ohlcv
VIX,2022-07-11 07:00:00,4.96,5.06,4.73,4.8,7088300,unknown,vnstock_market_equity_ohlcv
VIX,2022-07-12 07:00:00,4.84,4.96,4.77,4.96,5182100,unknown,vnstock_market_equity_ohlcv
VIX,2022-07-13 07:00:00,5.01,5.11,4.94,5.01,5916100,unknown,vnstock_market_equity_ohlcv
VIX,2022-07-14 07:00:00,4.96,5.32,4.94,5.27,9094100,unknown,vnstock_market_equity_ohlcv
VIX,2022-07-15 07:00:00,5.25,5.37,5.2,5.2,7255600,unknown,vnstock_market_equity_ohlcv
VIX,2022-07-18 07:00:00,5.27,5.46,5.25,5.37,7058600,unknown,vnstock_market_equity_ohlcv
VIX,2022-07-19 07:00:00,5.42,5.47,5.24,5.37,5876600,unknown,vnstock_market_equity_ohlcv
VIX,2022-07-20 07:00:00,5.47,5.67,5.42,5.62,7581100,unknown,vnstock_market_equity_ohlcv
VIX,2022-07-21 07:00:00,5.57,5.62,5.44,5.49,4772800,unknown,vnstock_market_equity_ohlcv
VIX,2022-07-22 07:00:00,5.52,5.54,5.34,5.39,5315100,unknown,vnstock_market_equity_ohlcv
VIX,2022-07-25 07:00:00,5.34,5.47,5.22,5.34,6262100,unknown,vnstock_market_equity_ohlcv
VIX,2022-07-26 07:00:00,5.34,5.37,5.27,5.29,2811600,unknown,vnstock_market_equity_ohlcv
VIX,2022-07-27 07:00:00,5.19,5.39,5.19,5.37,4017000,unknown,vnstock_market_equity_ohlcv
VIX,2022-07-28 07:00:00,5.49,5.64,5.42,5.57,7983100,unknown,vnstock_market_equity_ohlcv
VIX,2022-07-29 07:00:00,5.57,5.67,5.52,5.57,6276700,unknown,vnstock_market_equity_ohlcv
VIX,2022-08-01 07:00:00,5.62,5.94,5.57,5.92,11577400,unknown,vnstock_market_equity_ohlcv
VIX,2022-08-02 07:00:00,5.94,6.07,5.84,5.89,8454100,unknown,vnstock_market_equity_ohlcv
VIX,2022-08-03 07:00:00,5.82,6.02,5.79,6.0,7512500,unknown,vnstock_market_equity_ohlcv
VIX,2022-08-04 07:00:00,6.2,6.2,5.94,6.02,8897600,unknown,vnstock_market_equity_ohlcv
VIX,2022-08-05 07:00:00,5.97,6.42,5.97,6.42,12129200,unknown,vnstock_market_equity_ohlcv
VIX,2022-08-08 07:00:00,6.52,6.77,6.47,6.62,13347000,unknown,vnstock_market_equity_ohlcv
VIX,2022-08-09 07:00:00,6.55,6.7,6.47,6.67,8497200,unknown,vnstock_market_equity_ohlcv
VIX,2022-08-10 07:00:00,6.57,6.82,6.52,6.67,8531900,unknown,vnstock_market_equity_ohlcv
VIX,2022-08-11 07:00:00,6.82,6.9,6.35,6.42,13368000,unknown,vnstock_market_equity_ohlcv
VIX,2022-08-12 07:00:00,6.42,6.85,6.42,6.85,16525400,unknown,vnstock_market_equity_ohlcv
VIX,2022-08-15 07:00:00,7.07,7.17,6.95,6.97,11103400,unknown,vnstock_market_equity_ohlcv
VIX,2022-08-16 07:00:00,6.97,7.1,6.9,7.02,6334300,unknown,vnstock_market_equity_ohlcv
VIX,2022-08-17 07:00:00,7.02,7.17,6.95,7.02,9177100,unknown,vnstock_market_equity_ohlcv
VIX,2022-08-18 07:00:00,6.97,7.3,6.92,7.22,11684100,unknown,vnstock_market_equity_ohlcv
VIX,2022-08-19 07:00:00,7.22,7.5,7.22,7.35,11380600,unknown,vnstock_market_equity_ohlcv
VIX,2022-08-22 07:00:00,7.35,7.6,7.27,7.45,11429800,unknown,vnstock_market_equity_ohlcv
VIX,2022-08-23 07:00:00,7.37,7.52,7.17,7.52,10857800,unknown,vnstock_market_equity_ohlcv
VIX,2022-08-24 07:00:00,7.55,7.62,7.45,7.5,9339500,unknown,vnstock_market_equity_ohlcv
VIX,2022-08-25 07:00:00,7.5,7.68,7.48,7.52,9602300,unknown,vnstock_market_equity_ohlcv
VIX,2022-08-26 07:00:00,7.71,7.79,7.5,7.5,8237800,unknown,vnstock_market_equity_ohlcv
VIX,2022-08-29 07:00:00,7.26,7.34,6.99,7.34,14182900,unknown,vnstock_market_equity_ohlcv
VIX,2022-08-30 07:00:00,7.47,7.5,7.13,7.13,6384000,unknown,vnstock_market_equity_ohlcv
VIX,2022-08-31 07:00:00,7.02,7.26,6.97,7.23,7019800,unknown,vnstock_market_equity_ohlcv
VIX,2022-09-05 07:00:00,7.23,7.34,7.13,7.13,4375100,unknown,vnstock_market_equity_ohlcv
VIX,2022-09-06 07:00:00,7.23,7.26,6.94,6.94,8523300,unknown,vnstock_market_equity_ohlcv
VIX,2022-09-07 07:00:00,6.94,7.02,6.46,6.49,11008900,unknown,vnstock_market_equity_ohlcv
VIX,2022-09-08 07:00:00,6.59,6.62,6.36,6.38,8525900,unknown,vnstock_market_equity_ohlcv
VIX,2022-09-09 07:00:00,6.49,6.54,6.09,6.54,5845400,unknown,vnstock_market_equity_ohlcv
VIX,2022-09-12 07:00:00,6.65,6.67,6.41,6.44,2888400,unknown,vnstock_market_equity_ohlcv
VIX,2022-09-13 07:00:00,6.49,6.49,6.3,6.38,4059100,unknown,vnstock_market_equity_ohlcv
VIX,2022-09-14 07:00:00,6.17,6.59,6.17,6.57,6235500,unknown,vnstock_market_equity_ohlcv
VIX,2022-09-15 07:00:00,6.65,6.65,6.44,6.44,3881300,unknown,vnstock_market_equity_ohlcv
VIX,2022-09-16 07:00:00,6.38,6.46,6.17,6.36,5887900,unknown,vnstock_market_equity_ohlcv
VIX,2022-09-19 07:00:00,6.3,6.36,5.93,5.93,6768000,unknown,vnstock_market_equity_ohlcv
VIX,2022-09-20 07:00:00,6.01,6.12,5.58,6.12,9654700,unknown,vnstock_market_equity_ohlcv
VIX,2022-09-21 07:00:00,6.09,6.12,5.88,5.93,4384200,unknown,vnstock_market_equity_ohlcv
VIX,2022-09-22 07:00:00,5.8,6.14,5.8,6.06,8012800,unknown,vnstock_market_equity_ohlcv
VIX,2022-09-23 07:00:00,6.09,6.12,5.85,5.88,7110600,unknown,vnstock_market_equity_ohlcv
VIX,2022-09-26 07:00:00,5.72,5.77,5.48,5.53,14771100,unknown,vnstock_market_equity_ohlcv
VIX,2022-09-27 07:00:00,5.61,5.64,5.34,5.37,8135200,unknown,vnstock_market_equity_ohlcv
VIX,2022-09-28 07:00:00,5.32,5.48,5.29,5.32,8034700,unknown,vnstock_market_equity_ohlcv
VIX,2022-09-29 07:00:00,5.48,5.5,4.95,4.95,8209700,unknown,vnstock_market_equity_ohlcv
VIX,2022-09-30 07:00:00,4.92,5.21,4.67,5.21,9100500,unknown,vnstock_market_equity_ohlcv
VIX,2022-10-03 07:00:00,5.18,5.2,4.85,4.85,5927700,unknown,vnstock_market_equity_ohlcv
VIX,2022-10-04 07:00:00,4.97,4.97,4.59,4.59,9083600,unknown,vnstock_market_equity_ohlcv
VIX,2022-10-05 07:00:00,4.71,4.9,4.7,4.9,7693700,unknown,vnstock_market_equity_ohlcv
VIX,2022-10-06 07:00:00,4.9,4.9,4.56,4.56,11418200,unknown,vnstock_market_equity_ohlcv
VIX,2022-10-07 07:00:00,4.31,4.51,4.24,4.24,17161100,unknown,vnstock_market_equity_ohlcv
VIX,2022-10-10 07:00:00,4.04,4.39,3.98,4.32,8505400,unknown,vnstock_market_equity_ohlcv
VIX,2022-10-11 07:00:00,4.31,4.31,4.02,4.02,6802400,unknown,vnstock_market_equity_ohlcv
VIX,2022-10-12 07:00:00,3.78,4.25,3.78,4.04,10069300,unknown,vnstock_market_equity_ohlcv
VIX,2022-10-13 07:00:00,4.09,4.12,3.91,3.94,7754600,unknown,vnstock_market_equity_ohlcv
VIX,2022-10-14 07:00:00,4.2,4.21,4.12,4.21,9864100,unknown,vnstock_market_equity_ohlcv
VIX,2022-10-17 07:00:00,4.21,4.41,4.18,4.41,12922100,unknown,vnstock_market_equity_ohlcv
VIX,2022-10-18 07:00:00,4.57,4.57,4.4,4.4,11001400,unknown,vnstock_market_equity_ohlcv
VIX,2022-10-19 07:00:00,4.44,4.46,4.28,4.3,7808800,unknown,vnstock_market_equity_ohlcv
VIX,2022-10-20 07:00:00,4.25,4.29,4.1,4.14,7646200,unknown,vnstock_market_equity_ohlcv
VIX,2022-10-21 07:00:00,4.15,4.17,3.85,3.85,11962600,unknown,vnstock_market_equity_ohlcv
VIX,2022-10-24 07:00:00,3.84,3.85,3.58,3.58,10960200,unknown,vnstock_market_equity_ohlcv
VIX,2022-10-25 07:00:00,3.39,3.83,3.33,3.51,10953000,unknown,vnstock_market_equity_ohlcv
VIX,2022-10-26 07:00:00,3.59,3.66,3.35,3.35,4443100,unknown,vnstock_market_equity_ohlcv
VIX,2022-10-27 07:00:00,3.43,3.58,3.4,3.58,9401800,unknown,vnstock_market_equity_ohlcv
VIX,2022-10-28 07:00:00,3.75,3.83,3.72,3.83,16794300,unknown,vnstock_market_equity_ohlcv
VIX,2022-10-31 07:00:00,3.83,4.04,3.68,3.99,10665400,unknown,vnstock_market_equity_ohlcv
VIX,2022-11-01 07:00:00,4.07,4.18,4.01,4.08,12930300,unknown,vnstock_market_equity_ohlcv
VIX,2022-11-02 07:00:00,4.08,4.12,3.98,4.01,8592900,unknown,vnstock_market_equity_ohlcv
VIX,2022-11-03 07:00:00,3.88,4.06,3.88,4.01,8329900,unknown,vnstock_market_equity_ohlcv
VIX,2022-11-04 07:00:00,3.99,3.99,3.73,3.73,13098100,unknown,vnstock_market_equity_ohlcv
VIX,2022-11-07 07:00:00,3.74,3.8,3.47,3.47,10233000,unknown,vnstock_market_equity_ohlcv
VIX,2022-11-08 07:00:00,3.35,3.7,3.32,3.7,7369700,unknown,vnstock_market_equity_ohlcv
VIX,2022-11-09 07:00:00,3.78,3.87,3.66,3.72,6035000,unknown,vnstock_market_equity_ohlcv
VIX,2022-11-10 07:00:00,3.62,3.68,3.46,3.46,5490700,unknown,vnstock_market_equity_ohlcv
VIX,2022-11-11 07:00:00,3.52,3.61,3.24,3.24,10411700,unknown,vnstock_market_equity_ohlcv
VIX,2022-11-14 07:00:00,3.14,3.15,3.02,3.02,13073600,unknown,vnstock_market_equity_ohlcv
VIX,2022-11-15 07:00:00,2.83,2.92,2.81,2.81,7867300,unknown,vnstock_market_equity_ohlcv
VIX,2022-11-16 07:00:00,2.62,3.01,2.62,3.01,15305400,unknown,vnstock_market_equity_ohlcv
VIX,2022-11-17 07:00:00,3.12,3.22,3.12,3.22,6042300,unknown,vnstock_market_equity_ohlcv
VIX,2022-11-18 07:00:00,3.24,3.44,3.04,3.44,19700600,unknown,vnstock_market_equity_ohlcv
VIX,2022-11-21 07:00:00,3.54,3.65,3.42,3.62,13185800,unknown,vnstock_market_equity_ohlcv
VIX,2022-11-22 07:00:00,3.56,3.87,3.5,3.64,18308600,unknown,vnstock_market_equity_ohlcv
VIX,2022-11-23 07:00:00,3.58,3.71,3.42,3.42,9753200,unknown,vnstock_market_equity_ohlcv
VIX,2022-11-24 07:00:00,3.39,3.66,3.32,3.66,10819900,unknown,vnstock_market_equity_ohlcv
VIX,2022-11-25 07:00:00,3.87,3.92,3.75,3.92,13102900,unknown,vnstock_market_equity_ohlcv
VIX,2022-11-28 07:00:00,3.99,4.13,3.73,4.04,34946500,unknown,vnstock_market_equity_ohlcv
VIX,2022-11-29 07:00:00,4.04,4.3,3.87,4.12,18053400,unknown,vnstock_market_equity_ohlcv
VIX,2022-11-30 07:00:00,4.13,4.27,3.99,4.18,15304300,unknown,vnstock_market_equity_ohlcv
VIX,2022-12-01 07:00:00,4.28,4.47,4.16,4.25,24992800,unknown,vnstock_market_equity_ohlcv
VIX,2022-12-02 07:00:00,4.18,4.55,4.08,4.55,19022500,unknown,vnstock_market_equity_ohlcv
VIX,2022-12-05 07:00:00,4.73,4.75,4.53,4.58,21778500,unknown,vnstock_market_equity_ohlcv
VIX,2022-12-06 07:00:00,4.5,4.58,4.26,4.26,24702700,unknown,vnstock_market_equity_ohlcv
VIX,2022-12-07 07:00:00,4.24,4.25,3.97,3.97,20636300,unknown,vnstock_market_equity_ohlcv
VIX,2022-12-08 07:00:00,4.07,4.24,4.06,4.24,18948700,unknown,vnstock_market_equity_ohlcv
VIX,2022-12-09 07:00:00,4.46,4.5,4.31,4.5,23665600,unknown,vnstock_market_equity_ohlcv
VIX,2022-12-12 07:00:00,4.57,4.72,4.2,4.2,21521500,unknown,vnstock_market_equity_ohlcv
VIX,2022-12-13 07:00:00,4.21,4.48,4.09,4.48,15955700,unknown,vnstock_market_equity_ohlcv
VIX,2022-12-14 07:00:00,4.6,4.62,4.41,4.48,14168900,unknown,vnstock_market_equity_ohlcv
VIX,2022-12-15 07:00:00,4.39,4.51,4.27,4.4,12745900,unknown,vnstock_market_equity_ohlcv
VIX,2022-12-16 07:00:00,4.32,4.46,4.28,4.41,14015800,unknown,vnstock_market_equity_ohlcv
VIX,2022-12-19 07:00:00,4.47,4.7,4.4,4.41,25340100,unknown,vnstock_market_equity_ohlcv
VIX,2022-12-20 07:00:00,4.41,4.46,4.11,4.11,25567600,unknown,vnstock_market_equity_ohlcv
VIX,2022-12-21 07:00:00,4.2,4.22,3.82,3.82,20827400,unknown,vnstock_market_equity_ohlcv
VIX,2022-12-22 07:00:00,3.88,3.91,3.62,3.83,13229000,unknown,vnstock_market_equity_ohlcv
VIX,2022-12-23 07:00:00,3.8,3.87,3.67,3.69,8404500,unknown,vnstock_market_equity_ohlcv
VIX,2022-12-26 07:00:00,3.68,3.69,3.44,3.44,14373000,unknown,vnstock_market_equity_ohlcv
VIX,2022-12-27 07:00:00,3.4,3.68,3.36,3.68,10954700,unknown,vnstock_market_equity_ohlcv
VIX,2022-12-28 07:00:00,3.67,3.71,3.58,3.62,6315900,unknown,vnstock_market_equity_ohlcv
VIX,2022-12-29 07:00:00,3.58,3.66,3.54,3.55,5500400,unknown,vnstock_market_equity_ohlcv
VIX,2022-12-30 07:00:00,3.59,3.6,3.46,3.46,6527000,unknown,vnstock_market_equity_ohlcv
VND,2022-05-04 07:00:00,24.05,24.52,23.5,23.5,7952900,unknown,vnstock_market_equity_ohlcv
VND,2022-05-05 07:00:00,23.86,23.97,22.44,22.72,10868100,unknown,vnstock_market_equity_ohlcv
VND,2022-05-06 07:00:00,21.86,22.44,21.15,21.15,14963500,unknown,vnstock_market_equity_ohlcv
VND,2022-05-09 07:00:00,20.21,20.68,19.7,19.7,14588800,unknown,vnstock_market_equity_ohlcv
VND,2022-05-10 07:00:00,18.57,20.25,18.49,20.02,11674300,unknown,vnstock_market_equity_ohlcv
VND,2022-05-11 07:00:00,20.06,20.29,19.47,19.82,4532300,unknown,vnstock_market_equity_ohlcv
VND,2022-05-12 07:00:00,19.19,19.58,18.45,18.45,8089900,unknown,vnstock_market_equity_ohlcv
VND,2022-05-13 07:00:00,18.41,18.57,17.2,17.2,17305000,unknown,vnstock_market_equity_ohlcv
VND,2022-05-16 07:00:00,18.02,18.37,17.24,17.74,8471400,unknown,vnstock_market_equity_ohlcv
VND,2022-05-17 07:00:00,17.59,18.96,17.16,18.96,8208600,unknown,vnstock_market_equity_ohlcv
VND,2022-05-18 07:00:00,19.58,20.21,19.11,19.39,10785800,unknown,vnstock_market_equity_ohlcv
VND,2022-05-19 07:00:00,18.8,19.9,18.72,19.74,8416700,unknown,vnstock_market_equity_ohlcv
VND,2022-05-20 07:00:00,19.98,20.13,19.19,19.27,9335800,unknown,vnstock_market_equity_ohlcv
VND,2022-05-23 07:00:00,19.43,19.47,17.94,18.25,10081200,unknown,vnstock_market_equity_ohlcv
VND,2022-05-24 07:00:00,18.25,18.8,17.0,18.8,13598900,unknown,vnstock_market_equity_ohlcv
VND,2022-05-25 07:00:00,18.8,19.74,18.72,19.43,9619600,unknown,vnstock_market_equity_ohlcv
VND,2022-05-26 07:00:00,19.59,20.39,19.35,19.47,7946200,unknown,vnstock_market_equity_ohlcv
VND,2022-05-27 07:00:00,19.47,19.95,19.19,19.55,8742300,unknown,vnstock_market_equity_ohlcv
VND,2022-05-30 07:00:00,19.71,20.23,19.55,19.95,10663400,unknown,vnstock_market_equity_ohlcv
VND,2022-05-31 07:00:00,19.99,20.55,19.67,20.19,10690200,unknown,vnstock_market_equity_ohlcv
VND,2022-06-01 07:00:00,19.99,20.71,19.67,20.35,9031300,unknown,vnstock_market_equity_ohlcv
VND,2022-06-02 07:00:00,20.39,20.75,19.67,19.87,10980100,unknown,vnstock_market_equity_ohlcv
VND,2022-06-03 07:00:00,19.71,19.91,19.23,19.47,8604500,unknown,vnstock_market_equity_ohlcv
VND,2022-06-06 07:00:00,19.39,19.99,19.15,19.27,6115400,unknown,vnstock_market_equity_ohlcv
VND,2022-06-07 07:00:00,19.15,19.23,17.99,19.11,9660700,unknown,vnstock_market_equity_ohlcv
VND,2022-06-08 07:00:00,19.47,20.15,19.07,19.75,8699500,unknown,vnstock_market_equity_ohlcv
VND,2022-06-09 07:00:00,19.99,20.31,19.75,19.95,6611000,unknown,vnstock_market_equity_ohlcv
VND,2022-06-10 07:00:00,19.67,19.91,19.19,19.19,6290000,unknown,vnstock_market_equity_ohlcv
VND,2022-06-13 07:00:00,18.07,18.63,17.87,17.87,10702200,unknown,vnstock_market_equity_ohlcv
VND,2022-06-14 07:00:00,17.19,17.83,16.63,16.71,10120400,unknown,vnstock_market_equity_ohlcv
VND,2022-06-15 07:00:00,16.39,17.03,15.55,15.55,30210800,unknown,vnstock_market_equity_ohlcv
VND,2022-06-16 07:00:00,15.95,15.99,14.47,14.51,26006500,unknown,vnstock_market_equity_ohlcv
VND,2022-06-17 07:00:00,13.67,13.99,13.51,13.51,28721800,unknown,vnstock_market_equity_ohlcv
VND,2022-06-20 07:00:00,13.95,14.11,12.59,12.59,29310800,unknown,vnstock_market_equity_ohlcv
VND,2022-06-21 07:00:00,12.23,13.43,11.87,12.71,28567700,unknown,vnstock_market_equity_ohlcv
VND,2022-06-22 07:00:00,13.23,13.59,13.11,13.59,25628400,unknown,vnstock_market_equity_ohlcv
VND,2022-06-23 07:00:00,13.35,13.59,12.79,13.55,16572500,unknown,vnstock_market_equity_ohlcv
VND,2022-06-24 07:00:00,13.47,14.27,13.31,13.75,26591800,unknown,vnstock_market_equity_ohlcv
VND,2022-06-27 07:00:00,13.99,14.71,13.75,14.71,25199600,unknown,vnstock_market_equity_ohlcv
VND,2022-06-28 07:00:00,14.71,15.11,14.47,14.63,23855900,unknown,vnstock_market_equity_ohlcv
VND,2022-06-29 07:00:00,14.43,15.35,14.35,14.83,30989500,unknown,vnstock_market_equity_ohlcv
VND,2022-06-30 07:00:00,14.87,15.27,13.91,13.91,32005300,unknown,vnstock_market_equity_ohlcv
VND,2022-07-01 07:00:00,14.07,14.87,13.35,14.87,35630900,unknown,vnstock_market_equity_ohlcv
VND,2022-07-04 07:00:00,15.23,15.75,15.07,15.35,27091500,unknown,vnstock_market_equity_ohlcv
VND,2022-07-05 07:00:00,15.31,15.47,14.87,14.87,24649200,unknown,vnstock_market_equity_ohlcv
VND,2022-07-06 07:00:00,14.39,14.91,14.07,14.07,29433800,unknown,vnstock_market_equity_ohlcv
VND,2022-07-07 07:00:00,14.03,14.39,13.71,14.15,21112600,unknown,vnstock_market_equity_ohlcv
VND,2022-07-08 07:00:00,14.43,14.87,14.39,14.67,23575000,unknown,vnstock_market_equity_ohlcv
VND,2022-07-11 07:00:00,14.59,15.11,13.99,14.27,19432000,unknown,vnstock_market_equity_ohlcv
VND,2022-07-12 07:00:00,14.27,14.79,14.15,14.63,20230500,unknown,vnstock_market_equity_ohlcv
VND,2022-07-13 07:00:00,14.71,15.07,14.55,14.79,22995300,unknown,vnstock_market_equity_ohlcv
VND,2022-07-14 07:00:00,14.55,15.59,14.47,15.43,30892100,unknown,vnstock_market_equity_ohlcv
VND,2022-07-15 07:00:00,15.55,15.71,15.11,15.11,22697400,unknown,vnstock_market_equity_ohlcv
VND,2022-07-18 07:00:00,15.31,15.47,15.11,15.19,19723900,unknown,vnstock_market_equity_ohlcv
VND,2022-07-19 07:00:00,15.03,15.27,14.71,14.99,22450900,unknown,vnstock_market_equity_ohlcv
VND,2022-07-20 07:00:00,15.31,15.71,15.19,15.35,23701000,unknown,vnstock_market_equity_ohlcv
VND,2022-07-21 07:00:00,15.35,15.63,15.27,15.31,16010200,unknown,vnstock_market_equity_ohlcv
VND,2022-07-22 07:00:00,15.39,15.51,15.15,15.15,15427200,unknown,vnstock_market_equity_ohlcv
VND,2022-07-25 07:00:00,14.95,15.35,14.71,14.99,14915300,unknown,vnstock_market_equity_ohlcv
VND,2022-07-26 07:00:00,15.11,15.15,14.55,14.55,14054700,unknown,vnstock_market_equity_ohlcv
VND,2022-07-27 07:00:00,14.43,14.63,14.23,14.55,18073000,unknown,vnstock_market_equity_ohlcv
VND,2022-07-28 07:00:00,14.95,15.31,14.71,15.07,17149900,unknown,vnstock_market_equity_ohlcv
VND,2022-07-29 07:00:00,15.19,15.51,15.03,15.27,26439400,unknown,vnstock_market_equity_ohlcv
VND,2022-08-01 07:00:00,15.39,16.31,15.35,16.31,42530300,unknown,vnstock_market_equity_ohlcv
VND,2022-08-02 07:00:00,16.39,17.03,16.35,16.59,31411800,unknown,vnstock_market_equity_ohlcv
VND,2022-08-03 07:00:00,16.39,16.95,16.35,16.91,26534700,unknown,vnstock_market_equity_ohlcv
VND,2022-08-04 07:00:00,17.11,17.27,16.67,16.95,29973600,unknown,vnstock_market_equity_ohlcv
VND,2022-08-05 07:00:00,16.79,17.87,16.71,17.59,28980600,unknown,vnstock_market_equity_ohlcv
VND,2022-08-08 07:00:00,17.67,17.83,17.47,17.71,23484200,unknown,vnstock_market_equity_ohlcv
VND,2022-08-09 07:00:00,17.67,18.15,17.43,18.03,21850200,unknown,vnstock_market_equity_ohlcv
VND,2022-08-10 07:00:00,17.79,18.15,17.71,17.75,21196600,unknown,vnstock_market_equity_ohlcv
VND,2022-08-11 07:00:00,17.99,18.31,17.31,17.55,37946100,unknown,vnstock_market_equity_ohlcv
VND,2022-08-12 07:00:00,17.47,18.07,17.35,17.99,21203000,unknown,vnstock_market_equity_ohlcv
VND,2022-08-15 07:00:00,18.23,18.27,17.83,17.95,14742400,unknown,vnstock_market_equity_ohlcv
VND,2022-08-16 07:00:00,17.91,18.15,17.71,17.95,18915800,unknown,vnstock_market_equity_ohlcv
VND,2022-08-17 07:00:00,18.07,18.19,17.67,17.79,20985900,unknown,vnstock_market_equity_ohlcv
VND,2022-08-18 07:00:00,17.67,18.35,17.67,17.99,22191200,unknown,vnstock_market_equity_ohlcv
VND,2022-08-19 07:00:00,17.95,18.31,17.83,18.11,15079100,unknown,vnstock_market_equity_ohlcv
VND,2022-08-22 07:00:00,18.07,18.35,17.67,17.75,19927200,unknown,vnstock_market_equity_ohlcv
VND,2022-08-23 07:00:00,17.59,18.19,17.35,18.19,25373000,unknown,vnstock_market_equity_ohlcv
VND,2022-08-24 07:00:00,18.27,18.31,17.99,18.07,12780900,unknown,vnstock_market_equity_ohlcv
VND,2022-08-25 07:00:00,18.15,18.63,18.15,18.35,20642700,unknown,vnstock_market_equity_ohlcv
VND,2022-08-26 07:00:00,18.35,18.39,17.79,17.91,20429200,unknown,vnstock_market_equity_ohlcv
VND,2022-08-29 07:00:00,17.47,17.75,16.71,17.75,37942300,unknown,vnstock_market_equity_ohlcv
VND,2022-08-30 07:00:00,17.95,18.03,17.35,17.35,13185700,unknown,vnstock_market_equity_ohlcv
VND,2022-08-31 07:00:00,17.19,17.51,17.07,17.35,11983700,unknown,vnstock_market_equity_ohlcv
VND,2022-09-05 07:00:00,17.27,17.47,17.11,17.11,12898200,unknown,vnstock_market_equity_ohlcv
VND,2022-09-06 07:00:00,17.31,17.39,17.07,17.11,10989800,unknown,vnstock_market_equity_ohlcv
VND,2022-09-07 07:00:00,17.11,17.27,15.99,15.99,28135800,unknown,vnstock_market_equity_ohlcv
VND,2022-09-08 07:00:00,16.31,16.39,15.87,15.99,14694200,unknown,vnstock_market_equity_ohlcv
VND,2022-09-09 07:00:00,16.27,16.31,15.47,16.31,17791400,unknown,vnstock_market_equity_ohlcv
VND,2022-09-12 07:00:00,16.63,16.67,16.03,16.07,10407100,unknown,vnstock_market_equity_ohlcv
VND,2022-09-13 07:00:00,16.11,16.19,15.63,15.87,14810300,unknown,vnstock_market_equity_ohlcv
VND,2022-09-14 07:00:00,15.27,16.07,15.27,15.99,22127700,unknown,vnstock_market_equity_ohlcv
VND,2022-09-15 07:00:00,16.15,16.19,15.79,15.83,7684400,unknown,vnstock_market_equity_ohlcv
VND,2022-09-16 07:00:00,15.75,15.83,15.19,15.19,23557600,unknown,vnstock_market_equity_ohlcv
VND,2022-09-19 07:00:00,15.27,15.27,14.27,14.27,20706900,unknown,vnstock_market_equity_ohlcv
VND,2022-09-20 07:00:00,14.39,15.03,14.27,15.03,16307400,unknown,vnstock_market_equity_ohlcv
VND,2022-09-21 07:00:00,14.79,15.11,14.63,14.79,10544400,unknown,vnstock_market_equity_ohlcv
VND,2022-09-22 07:00:00,14.59,15.27,14.55,15.19,17717300,unknown,vnstock_market_equity_ohlcv
VND,2022-09-23 07:00:00,15.15,15.35,14.79,14.83,15980400,unknown,vnstock_market_equity_ohlcv
VND,2022-09-26 07:00:00,14.43,14.63,13.83,13.95,28900100,unknown,vnstock_market_equity_ohlcv
VND,2022-09-27 07:00:00,14.07,14.19,13.87,13.99,13334400,unknown,vnstock_market_equity_ohlcv
VND,2022-09-28 07:00:00,13.99,14.55,13.91,14.23,19715300,unknown,vnstock_market_equity_ohlcv
VND,2022-09-29 07:00:00,14.63,14.63,13.91,13.91,12162200,unknown,vnstock_market_equity_ohlcv
VND,2022-09-30 07:00:00,13.91,14.15,13.11,13.99,21992300,unknown,vnstock_market_equity_ohlcv
VND,2022-10-03 07:00:00,13.75,13.87,13.03,13.03,15967100,unknown,vnstock_market_equity_ohlcv
VND,2022-10-04 07:00:00,13.35,13.43,12.31,12.31,20089800,unknown,vnstock_market_equity_ohlcv
VND,2022-10-05 07:00:00,12.63,13.15,12.63,13.11,12876800,unknown,vnstock_market_equity_ohlcv
VND,2022-10-06 07:00:00,13.07,13.11,12.23,12.23,14379500,unknown,vnstock_market_equity_ohlcv
VND,2022-10-07 07:00:00,11.67,12.07,11.39,11.39,30613400,unknown,vnstock_market_equity_ohlcv
VND,2022-10-10 07:00:00,11.11,11.87,10.75,11.71,19678300,unknown,vnstock_market_equity_ohlcv
VND,2022-10-11 07:00:00,11.59,11.67,10.91,10.91,15411100,unknown,vnstock_market_equity_ohlcv
VND,2022-10-12 07:00:00,10.83,11.59,10.63,11.15,25606000,unknown,vnstock_market_equity_ohlcv
VND,2022-10-13 07:00:00,11.07,11.43,11.03,11.11,10524700,unknown,vnstock_market_equity_ohlcv
VND,2022-10-14 07:00:00,11.51,11.87,11.35,11.59,26019100,unknown,vnstock_market_equity_ohlcv
VND,2022-10-17 07:00:00,11.43,11.59,11.03,11.59,15969600,unknown,vnstock_market_equity_ohlcv
VND,2022-10-18 07:00:00,11.87,12.11,11.67,11.67,20878500,unknown,vnstock_market_equity_ohlcv
VND,2022-10-19 07:00:00,11.67,11.91,11.51,11.63,12985000,unknown,vnstock_market_equity_ohlcv
VND,2022-10-20 07:00:00,11.59,11.67,11.23,11.31,11010800,unknown,vnstock_market_equity_ohlcv
VND,2022-10-21 07:00:00,11.23,11.35,10.55,10.55,25276000,unknown,vnstock_market_equity_ohlcv
VND,2022-10-24 07:00:00,10.27,10.39,9.83,9.83,11765700,unknown,vnstock_market_equity_ohlcv
VND,2022-10-25 07:00:00,9.15,10.15,9.15,9.15,65493700,unknown,vnstock_market_equity_ohlcv
VND,2022-10-26 07:00:00,9.28,9.59,8.52,8.52,28090600,unknown,vnstock_market_equity_ohlcv
VND,2022-10-27 07:00:00,8.4,9.07,8.4,9.07,37105200,unknown,vnstock_market_equity_ohlcv
VND,2022-10-28 07:00:00,9.35,9.67,9.24,9.35,24818000,unknown,vnstock_market_equity_ohlcv
VND,2022-10-31 07:00:00,9.51,9.51,8.72,9.2,25078200,unknown,vnstock_market_equity_ohlcv
VND,2022-11-01 07:00:00,9.35,9.47,8.99,9.43,18763400,unknown,vnstock_market_equity_ohlcv
VND,2022-11-02 07:00:00,9.43,9.87,9.24,9.67,22057400,unknown,vnstock_market_equity_ohlcv
VND,2022-11-03 07:00:00,9.35,9.67,9.32,9.55,17829600,unknown,vnstock_market_equity_ohlcv
VND,2022-11-04 07:00:00,9.39,9.43,8.91,8.96,22894900,unknown,vnstock_market_equity_ohlcv
VND,2022-11-07 07:00:00,8.96,9.04,8.36,8.36,27986600,unknown,vnstock_market_equity_ohlcv
VND,2022-11-08 07:00:00,7.83,8.52,7.83,8.52,16698900,unknown,vnstock_market_equity_ohlcv
VND,2022-11-09 07:00:00,8.6,8.8,8.32,8.36,8485700,unknown,vnstock_market_equity_ohlcv
VND,2022-11-10 07:00:00,8.12,8.24,7.77,7.77,17433600,unknown,vnstock_market_equity_ohlcv
VND,2022-11-11 07:00:00,8.0,8.15,7.73,7.84,20037800,unknown,vnstock_market_equity_ohlcv
VND,2022-11-14 07:00:00,7.29,8.28,7.29,8.28,24429700,unknown,vnstock_market_equity_ohlcv
VND,2022-11-15 07:00:00,8.04,8.32,7.7,7.92,20775900,unknown,vnstock_market_equity_ohlcv
VND,2022-11-16 07:00:00,7.45,8.44,7.38,8.44,22957500,unknown,vnstock_market_equity_ohlcv
VND,2022-11-17 07:00:00,8.64,8.99,8.56,8.88,18656400,unknown,vnstock_market_equity_ohlcv
VND,2022-11-18 07:00:00,8.8,9.2,8.28,8.88,30237700,unknown,vnstock_market_equity_ohlcv
VND,2022-11-21 07:00:00,8.88,9.2,8.76,9.04,17453900,unknown,vnstock_market_equity_ohlcv
VND,2022-11-22 07:00:00,8.84,9.59,8.76,9.04,35659800,unknown,vnstock_market_equity_ohlcv
VND,2022-11-23 07:00:00,8.96,9.15,8.48,8.48,13541100,unknown,vnstock_market_equity_ohlcv
VND,2022-11-24 07:00:00,8.32,8.64,8.07,8.44,14875700,unknown,vnstock_market_equity_ohlcv
VND,2022-11-25 07:00:00,8.68,8.99,8.56,8.99,23104500,unknown,vnstock_market_equity_ohlcv
VND,2022-11-28 07:00:00,9.35,9.59,9.28,9.59,34144600,unknown,vnstock_market_equity_ohlcv
VND,2022-11-29 07:00:00,9.91,10.23,9.63,10.23,47922700,unknown,vnstock_market_equity_ohlcv
VND,2022-11-30 07:00:00,10.39,10.87,10.03,10.87,36162100,unknown,vnstock_market_equity_ohlcv
VND,2022-12-01 07:00:00,11.23,11.35,10.31,10.39,46760300,unknown,vnstock_market_equity_ohlcv
VND,2022-12-02 07:00:00,10.39,11.11,10.23,11.11,35881900,unknown,vnstock_market_equity_ohlcv
VND,2022-12-05 07:00:00,11.83,11.87,11.51,11.87,43411600,unknown,vnstock_market_equity_ohlcv
VND,2022-12-06 07:00:00,11.75,12.35,11.23,11.43,63588900,unknown,vnstock_market_equity_ohlcv
VND,2022-12-07 07:00:00,11.59,11.83,11.07,11.43,38886000,unknown,vnstock_market_equity_ohlcv
VND,2022-12-08 07:00:00,11.83,12.23,11.75,12.23,33878400,unknown,vnstock_market_equity_ohlcv
VND,2022-12-09 07:00:00,12.51,12.63,12.19,12.39,33839700,unknown,vnstock_market_equity_ohlcv
VND,2022-12-12 07:00:00,12.39,12.67,11.55,11.55,54105100,unknown,vnstock_market_equity_ohlcv
VND,2022-12-13 07:00:00,11.51,12.35,11.11,12.35,45064400,unknown,vnstock_market_equity_ohlcv
VND,2022-12-14 07:00:00,12.79,13.07,12.31,12.47,40958500,unknown,vnstock_market_equity_ohlcv
VND,2022-12-15 07:00:00,12.31,12.75,12.15,12.71,29036700,unknown,vnstock_market_equity_ohlcv
VND,2022-12-16 07:00:00,12.47,13.07,12.39,12.83,34025500,unknown,vnstock_market_equity_ohlcv
VND,2022-12-19 07:00:00,12.87,13.51,12.23,12.39,46181200,unknown,vnstock_market_equity_ohlcv
VND,2022-12-20 07:00:00,12.35,12.55,11.67,12.15,40213600,unknown,vnstock_market_equity_ohlcv
VND,2022-12-21 07:00:00,12.39,12.43,11.31,11.71,37810900,unknown,vnstock_market_equity_ohlcv
VND,2022-12-22 07:00:00,11.91,11.99,11.27,11.63,26054800,unknown,vnstock_market_equity_ohlcv
VND,2022-12-23 07:00:00,11.59,11.59,11.11,11.19,20229500,unknown,vnstock_market_equity_ohlcv
VND,2022-12-26 07:00:00,11.07,11.19,10.43,10.43,28499900,unknown,vnstock_market_equity_ohlcv
VND,2022-12-27 07:00:00,10.39,11.15,10.39,11.15,22800600,unknown,vnstock_market_equity_ohlcv
VND,2022-12-28 07:00:00,11.27,11.47,10.95,11.27,15800300,unknown,vnstock_market_equity_ohlcv
VND,2022-12-29 07:00:00,11.15,11.31,10.79,10.79,13180200,unknown,vnstock_market_equity_ohlcv
VND,2022-12-30 07:00:00,10.91,11.07,10.79,10.79,12603500,unknown,vnstock_market_equity_ohlcv
VNM,2022-05-04 07:00:00,57.45,57.61,56.14,56.14,1763900,unknown,vnstock_market_equity_ohlcv
VNM,2022-05-05 07:00:00,56.68,56.68,55.36,55.83,1548200,unknown,vnstock_market_equity_ohlcv
VNM,2022-05-06 07:00:00,55.28,55.44,53.81,54.36,2109800,unknown,vnstock_market_equity_ohlcv
VNM,2022-05-09 07:00:00,54.36,55.36,53.89,54.2,2392100,unknown,vnstock_market_equity_ohlcv
VNM,2022-05-10 07:00:00,54.2,55.67,54.2,54.66,3106500,unknown,vnstock_market_equity_ohlcv
VNM,2022-05-11 07:00:00,54.66,55.05,53.81,53.81,1793700,unknown,vnstock_market_equity_ohlcv
VNM,2022-05-12 07:00:00,54.04,54.04,51.49,51.49,3189100,unknown,vnstock_market_equity_ohlcv
VNM,2022-05-13 07:00:00,51.88,52.5,51.02,51.18,4590600,unknown,vnstock_market_equity_ohlcv
VNM,2022-05-16 07:00:00,51.57,52.34,50.87,50.95,1977800,unknown,vnstock_market_equity_ohlcv
VNM,2022-05-17 07:00:00,50.79,54.2,50.48,54.2,2105100,unknown,vnstock_market_equity_ohlcv
VNM,2022-05-18 07:00:00,54.2,54.59,53.81,54.43,1983200,unknown,vnstock_market_equity_ohlcv
VNM,2022-05-19 07:00:00,53.81,54.2,53.42,53.42,1449400,unknown,vnstock_market_equity_ohlcv
VNM,2022-05-20 07:00:00,53.42,54.12,52.65,52.73,1296200,unknown,vnstock_market_equity_ohlcv
VNM,2022-05-23 07:00:00,53.04,53.19,51.26,51.34,2022200,unknown,vnstock_market_equity_ohlcv
VNM,2022-05-24 07:00:00,51.64,53.35,51.49,53.35,2033000,unknown,vnstock_market_equity_ohlcv
VNM,2022-05-25 07:00:00,53.35,55.98,53.35,55.67,2362100,unknown,vnstock_market_equity_ohlcv
VNM,2022-05-26 07:00:00,55.67,55.67,54.74,55.21,1530800,unknown,vnstock_market_equity_ohlcv
VNM,2022-05-27 07:00:00,55.21,56.76,54.74,56.52,3456900,unknown,vnstock_market_equity_ohlcv
VNM,2022-05-30 07:00:00,56.44,56.44,55.75,56.14,2124400,unknown,vnstock_market_equity_ohlcv
VNM,2022-05-31 07:00:00,55.83,56.06,55.52,55.52,2058700,unknown,vnstock_market_equity_ohlcv
VNM,2022-06-01 07:00:00,55.36,56.21,55.21,55.67,1229600,unknown,vnstock_market_equity_ohlcv
VNM,2022-06-02 07:00:00,55.75,55.75,54.82,55.05,1487800,unknown,vnstock_market_equity_ohlcv
VNM,2022-06-03 07:00:00,54.97,55.21,54.2,54.43,1052800,unknown,vnstock_market_equity_ohlcv
VNM,2022-06-06 07:00:00,54.36,55.13,54.2,54.82,1432000,unknown,vnstock_market_equity_ohlcv
VNM,2022-06-07 07:00:00,54.43,54.74,54.2,54.66,1322200,unknown,vnstock_market_equity_ohlcv
VNM,2022-06-08 07:00:00,54.74,55.28,54.74,54.97,1698600,unknown,vnstock_market_equity_ohlcv
VNM,2022-06-09 07:00:00,54.97,55.05,54.36,54.36,1045100,unknown,vnstock_market_equity_ohlcv
VNM,2022-06-10 07:00:00,54.2,54.36,53.81,53.81,1483300,unknown,vnstock_market_equity_ohlcv
VNM,2022-06-13 07:00:00,52.96,52.96,51.26,51.41,2379700,unknown,vnstock_market_equity_ohlcv
VNM,2022-06-14 07:00:00,50.72,52.26,50.64,51.18,1393200,unknown,vnstock_market_equity_ohlcv
VNM,2022-06-15 07:00:00,51.18,51.49,49.94,49.94,2680600,unknown,vnstock_market_equity_ohlcv
VNM,2022-06-16 07:00:00,50.41,52.88,50.33,52.65,2215500,unknown,vnstock_market_equity_ohlcv
VNM,2022-06-17 07:00:00,51.8,53.12,50.48,51.64,2502800,unknown,vnstock_market_equity_ohlcv
VNM,2022-06-20 07:00:00,51.41,53.97,51.41,53.42,2588200,unknown,vnstock_market_equity_ohlcv
VNM,2022-06-21 07:00:00,53.58,57.14,53.27,57.06,4839300,unknown,vnstock_market_equity_ohlcv
VNM,2022-06-22 07:00:00,56.6,56.83,54.66,54.66,2214000,unknown,vnstock_market_equity_ohlcv
VNM,2022-06-23 07:00:00,54.66,55.75,54.2,54.74,1103100,unknown,vnstock_market_equity_ohlcv
VNM,2022-06-24 07:00:00,54.97,56.44,54.9,55.36,1684400,unknown,vnstock_market_equity_ohlcv
VNM,2022-06-27 07:00:00,55.59,55.83,54.43,55.05,1804300,unknown,vnstock_market_equity_ohlcv
VNM,2022-06-28 07:00:00,54.66,56.29,54.28,54.82,3037200,unknown,vnstock_market_equity_ohlcv
VNM,2022-06-29 07:00:00,54.66,56.29,54.66,55.98,1941000,unknown,vnstock_market_equity_ohlcv
VNM,2022-06-30 07:00:00,55.98,57.92,55.9,55.9,3582600,unknown,vnstock_market_equity_ohlcv
VNM,2022-07-01 07:00:00,55.98,57.22,55.75,57.06,2859000,unknown,vnstock_market_equity_ohlcv
VNM,2022-07-04 07:00:00,57.3,58.69,57.14,58.15,3139300,unknown,vnstock_market_equity_ohlcv
VNM,2022-07-05 07:00:00,58.3,58.38,56.52,56.6,2590800,unknown,vnstock_market_equity_ohlcv
VNM,2022-07-06 07:00:00,56.84,57.24,55.64,56.6,2360100,unknown,vnstock_market_equity_ohlcv
VNM,2022-07-07 07:00:00,56.6,58.44,56.04,58.44,3049600,unknown,vnstock_market_equity_ohlcv
VNM,2022-07-08 07:00:00,58.44,58.68,58.04,58.44,1704200,unknown,vnstock_market_equity_ohlcv
VNM,2022-07-11 07:00:00,57.8,59.8,57.64,58.44,2556900,unknown,vnstock_market_equity_ohlcv
VNM,2022-07-12 07:00:00,58.44,59.16,58.12,58.68,976100,unknown,vnstock_market_equity_ohlcv
VNM,2022-07-13 07:00:00,58.6,58.92,57.96,58.04,1423500,unknown,vnstock_market_equity_ohlcv
VNM,2022-07-14 07:00:00,57.88,58.6,57.8,57.96,982300,unknown,vnstock_market_equity_ohlcv
VNM,2022-07-15 07:00:00,57.96,58.44,57.32,57.32,1475000,unknown,vnstock_market_equity_ohlcv
VNM,2022-07-18 07:00:00,57.64,57.8,57.24,57.4,1106700,unknown,vnstock_market_equity_ohlcv
VNM,2022-07-19 07:00:00,57.64,58.36,57.32,58.28,1530100,unknown,vnstock_market_equity_ohlcv
VNM,2022-07-20 07:00:00,58.6,58.92,58.28,58.44,1167800,unknown,vnstock_market_equity_ohlcv
VNM,2022-07-21 07:00:00,58.04,58.92,57.8,58.6,1720500,unknown,vnstock_market_equity_ohlcv
VNM,2022-07-22 07:00:00,58.6,58.6,57.64,57.64,712300,unknown,vnstock_market_equity_ohlcv
VNM,2022-07-25 07:00:00,57.64,58.36,57.48,58.36,1242600,unknown,vnstock_market_equity_ohlcv
VNM,2022-07-26 07:00:00,58.36,58.44,57.48,57.64,1154000,unknown,vnstock_market_equity_ohlcv
VNM,2022-07-27 07:00:00,57.64,58.12,57.48,57.8,789500,unknown,vnstock_market_equity_ohlcv
VNM,2022-07-28 07:00:00,58.04,58.28,57.88,58.12,1219400,unknown,vnstock_market_equity_ohlcv
VNM,2022-07-29 07:00:00,58.2,58.92,57.96,58.28,2582800,unknown,vnstock_market_equity_ohlcv
VNM,2022-08-01 07:00:00,58.28,58.84,57.8,58.84,2527600,unknown,vnstock_market_equity_ohlcv
VNM,2022-08-02 07:00:00,58.76,59.4,58.2,58.76,2600900,unknown,vnstock_market_equity_ohlcv
VNM,2022-08-03 07:00:00,58.28,58.84,58.04,58.76,3134700,unknown,vnstock_market_equity_ohlcv
VNM,2022-08-04 07:00:00,58.76,58.76,58.28,58.68,1720600,unknown,vnstock_market_equity_ohlcv
VNM,2022-08-05 07:00:00,58.68,58.76,58.12,58.12,2135400,unknown,vnstock_market_equity_ohlcv
VNM,2022-08-08 07:00:00,58.04,58.04,57.72,57.8,2795800,unknown,vnstock_market_equity_ohlcv
VNM,2022-08-09 07:00:00,57.8,57.96,57.64,57.64,2129800,unknown,vnstock_market_equity_ohlcv
VNM,2022-08-10 07:00:00,57.64,58.12,57.64,58.04,1544800,unknown,vnstock_market_equity_ohlcv
VNM,2022-08-11 07:00:00,58.12,58.12,56.6,56.92,3884600,unknown,vnstock_market_equity_ohlcv
VNM,2022-08-12 07:00:00,56.84,57.56,56.84,57.56,1796100,unknown,vnstock_market_equity_ohlcv
VNM,2022-08-15 07:00:00,57.64,57.64,57.08,57.24,2525800,unknown,vnstock_market_equity_ohlcv
VNM,2022-08-16 07:00:00,57.48,57.96,57.4,57.48,1688300,unknown,vnstock_market_equity_ohlcv
VNM,2022-08-17 07:00:00,57.48,58.12,57.4,58.12,1316400,unknown,vnstock_market_equity_ohlcv
VNM,2022-08-18 07:00:00,58.12,58.92,58.12,58.76,4230600,unknown,vnstock_market_equity_ohlcv
VNM,2022-08-19 07:00:00,58.76,59.64,58.36,59.32,5225600,unknown,vnstock_market_equity_ohlcv
VNM,2022-08-22 07:00:00,59.32,59.88,59.0,59.0,2071700,unknown,vnstock_market_equity_ohlcv
VNM,2022-08-23 07:00:00,59.0,60.76,58.92,60.68,4551200,unknown,vnstock_market_equity_ohlcv
VNM,2022-08-24 07:00:00,60.68,62.68,60.68,62.2,5443600,unknown,vnstock_market_equity_ohlcv
VNM,2022-08-25 07:00:00,62.36,62.68,61.64,62.36,2182100,unknown,vnstock_market_equity_ohlcv
VNM,2022-08-26 07:00:00,62.28,62.52,61.0,61.56,2463000,unknown,vnstock_market_equity_ohlcv
VNM,2022-08-29 07:00:00,60.92,61.08,60.36,60.44,3311500,unknown,vnstock_market_equity_ohlcv
VNM,2022-08-30 07:00:00,60.44,61.16,60.44,60.84,2234900,unknown,vnstock_market_equity_ohlcv
VNM,2022-08-31 07:00:00,60.76,61.16,60.44,60.44,1657100,unknown,vnstock_market_equity_ohlcv
VNM,2022-09-05 07:00:00,60.44,62.28,60.44,62.04,3169400,unknown,vnstock_market_equity_ohlcv
VNM,2022-09-06 07:00:00,62.04,63.24,61.88,62.28,2649000,unknown,vnstock_market_equity_ohlcv
VNM,2022-09-07 07:00:00,62.28,62.28,60.6,60.6,2916400,unknown,vnstock_market_equity_ohlcv
VNM,2022-09-08 07:00:00,60.84,61.24,60.2,60.6,1351100,unknown,vnstock_market_equity_ohlcv
VNM,2022-09-09 07:00:00,60.76,61.24,60.44,60.76,1188500,unknown,vnstock_market_equity_ohlcv
VNM,2022-09-12 07:00:00,60.84,61.0,60.28,60.28,1386100,unknown,vnstock_market_equity_ohlcv
VNM,2022-09-13 07:00:00,60.2,60.84,60.2,60.6,1556500,unknown,vnstock_market_equity_ohlcv
VNM,2022-09-14 07:00:00,59.96,60.04,59.08,59.24,2037900,unknown,vnstock_market_equity_ohlcv
VNM,2022-09-15 07:00:00,59.32,60.2,59.32,59.64,1207500,unknown,vnstock_market_equity_ohlcv
VNM,2022-09-16 07:00:00,59.8,60.84,59.56,60.84,2308600,unknown,vnstock_market_equity_ohlcv
VNM,2022-09-19 07:00:00,60.52,60.6,59.96,60.2,1418000,unknown,vnstock_market_equity_ohlcv
VNM,2022-09-20 07:00:00,60.28,61.0,60.28,60.68,1139700,unknown,vnstock_market_equity_ohlcv
VNM,2022-09-21 07:00:00,60.6,62.12,60.52,61.56,2477500,unknown,vnstock_market_equity_ohlcv
VNM,2022-09-22 07:00:00,61.32,61.72,60.84,61.56,1033500,unknown,vnstock_market_equity_ohlcv
VNM,2022-09-23 07:00:00,61.64,61.88,61.24,61.4,1398600,unknown,vnstock_market_equity_ohlcv
VNM,2022-09-26 07:00:00,60.68,61.0,59.0,59.24,3386000,unknown,vnstock_market_equity_ohlcv
VNM,2022-09-27 07:00:00,59.64,59.96,57.88,57.96,2415500,unknown,vnstock_market_equity_ohlcv
VNM,2022-09-28 07:00:00,57.64,58.44,56.76,57.48,2145700,unknown,vnstock_market_equity_ohlcv
VNM,2022-09-29 07:00:00,58.36,58.84,57.8,58.2,2033200,unknown,vnstock_market_equity_ohlcv
VNM,2022-09-30 07:00:00,57.56,58.68,57.56,57.88,2345100,unknown,vnstock_market_equity_ohlcv
VNM,2022-10-03 07:00:00,57.56,58.04,56.84,56.84,2039100,unknown,vnstock_market_equity_ohlcv
VNM,2022-10-04 07:00:00,57.48,57.48,56.04,56.76,1631300,unknown,vnstock_market_equity_ohlcv
VNM,2022-10-05 07:00:00,56.84,57.64,56.84,57.32,1493400,unknown,vnstock_market_equity_ohlcv
VNM,2022-10-06 07:00:00,57.08,57.16,56.04,56.04,1503000,unknown,vnstock_market_equity_ohlcv
VNM,2022-10-07 07:00:00,55.48,57.08,53.24,55.88,2685300,unknown,vnstock_market_equity_ohlcv
VNM,2022-10-10 07:00:00,54.84,57.24,53.96,56.44,1661900,unknown,vnstock_market_equity_ohlcv
VNM,2022-10-11 07:00:00,56.44,57.24,55.72,56.2,1718400,unknown,vnstock_market_equity_ohlcv
VNM,2022-10-12 07:00:00,56.44,57.4,56.12,57.32,1274000,unknown,vnstock_market_equity_ohlcv
VNM,2022-10-13 07:00:00,56.84,59.08,56.68,59.08,3171000,unknown,vnstock_market_equity_ohlcv
VNM,2022-10-14 07:00:00,59.24,59.64,59.0,59.24,1436500,unknown,vnstock_market_equity_ohlcv
VNM,2022-10-17 07:00:00,59.08,60.12,59.0,59.32,1679700,unknown,vnstock_market_equity_ohlcv
VNM,2022-10-18 07:00:00,60.04,61.64,59.8,61.24,3137000,unknown,vnstock_market_equity_ohlcv
VNM,2022-10-19 07:00:00,60.92,61.48,60.92,61.32,1038000,unknown,vnstock_market_equity_ohlcv
VNM,2022-10-20 07:00:00,61.32,62.04,60.68,62.04,2290400,unknown,vnstock_market_equity_ohlcv
VNM,2022-10-21 07:00:00,62.04,62.76,61.24,61.64,2097600,unknown,vnstock_market_equity_ohlcv
VNM,2022-10-24 07:00:00,61.8,61.8,59.24,59.24,1578600,unknown,vnstock_market_equity_ohlcv
VNM,2022-10-25 07:00:00,59.32,61.48,59.32,60.84,1657600,unknown,vnstock_market_equity_ohlcv
VNM,2022-10-26 07:00:00,60.84,61.16,60.52,60.84,824700,unknown,vnstock_market_equity_ohlcv
VNM,2022-10-27 07:00:00,60.84,62.84,60.84,62.84,2283600,unknown,vnstock_market_equity_ohlcv
VNM,2022-10-28 07:00:00,62.84,62.92,62.2,62.44,1438800,unknown,vnstock_market_equity_ohlcv
VNM,2022-10-31 07:00:00,62.2,62.84,61.88,62.84,1572200,unknown,vnstock_market_equity_ohlcv
VNM,2022-11-01 07:00:00,62.84,66.05,62.84,64.2,3180100,unknown,vnstock_market_equity_ohlcv
VNM,2022-11-02 07:00:00,64.2,64.28,62.68,62.68,1830500,unknown,vnstock_market_equity_ohlcv
VNM,2022-11-03 07:00:00,62.44,64.61,62.44,64.04,1278300,unknown,vnstock_market_equity_ohlcv
VNM,2022-11-04 07:00:00,63.96,64.85,62.44,64.04,2909200,unknown,vnstock_market_equity_ohlcv
VNM,2022-11-07 07:00:00,64.12,65.81,64.04,65.81,2638300,unknown,vnstock_market_equity_ohlcv
VNM,2022-11-08 07:00:00,65.81,65.97,63.72,65.97,2301400,unknown,vnstock_market_equity_ohlcv
VNM,2022-11-09 07:00:00,65.65,65.81,64.04,64.77,2701100,unknown,vnstock_market_equity_ohlcv
VNM,2022-11-10 07:00:00,64.77,64.85,61.64,62.76,2637600,unknown,vnstock_market_equity_ohlcv
VNM,2022-11-11 07:00:00,63.16,64.36,62.76,62.76,1564400,unknown,vnstock_market_equity_ohlcv
VNM,2022-11-14 07:00:00,62.44,65.65,60.92,63.24,2596800,unknown,vnstock_market_equity_ohlcv
VNM,2022-11-15 07:00:00,63.24,63.56,61.24,61.64,2089600,unknown,vnstock_market_equity_ohlcv
VNM,2022-11-16 07:00:00,60.44,63.08,59.08,59.64,3542600,unknown,vnstock_market_equity_ohlcv
VNM,2022-11-17 07:00:00,61.48,62.68,60.12,60.84,2599500,unknown,vnstock_market_equity_ohlcv
VNM,2022-11-18 07:00:00,61.64,62.28,60.6,61.64,2229300,unknown,vnstock_market_equity_ohlcv
VNM,2022-11-21 07:00:00,61.64,62.36,61.56,62.36,1787400,unknown,vnstock_market_equity_ohlcv
VNM,2022-11-22 07:00:00,62.04,64.2,61.96,63.64,2281200,unknown,vnstock_market_equity_ohlcv
VNM,2022-11-23 07:00:00,63.64,63.8,62.68,63.56,773100,unknown,vnstock_market_equity_ohlcv
VNM,2022-11-24 07:00:00,63.24,65.01,63.16,65.01,2881100,unknown,vnstock_market_equity_ohlcv
VNM,2022-11-25 07:00:00,65.09,66.21,64.85,65.81,2596100,unknown,vnstock_market_equity_ohlcv
VNM,2022-11-28 07:00:00,65.65,66.77,65.41,65.41,2299200,unknown,vnstock_market_equity_ohlcv
VNM,2022-11-29 07:00:00,65.09,66.69,64.44,66.45,2404200,unknown,vnstock_market_equity_ohlcv
VNM,2022-11-30 07:00:00,66.45,66.45,65.25,66.29,1995600,unknown,vnstock_market_equity_ohlcv
VNM,2022-12-01 07:00:00,65.33,66.37,65.33,65.97,2216800,unknown,vnstock_market_equity_ohlcv
VNM,2022-12-02 07:00:00,65.89,67.25,65.65,67.25,2521800,unknown,vnstock_market_equity_ohlcv
VNM,2022-12-05 07:00:00,67.33,68.53,67.33,68.05,2066000,unknown,vnstock_market_equity_ohlcv
VNM,2022-12-06 07:00:00,68.05,68.13,66.05,66.05,1395300,unknown,vnstock_market_equity_ohlcv
VNM,2022-12-07 07:00:00,66.45,67.49,65.49,66.05,1839600,unknown,vnstock_market_equity_ohlcv
VNM,2022-12-08 07:00:00,66.45,67.25,64.85,64.85,1597100,unknown,vnstock_market_equity_ohlcv
VNM,2022-12-09 07:00:00,64.85,65.49,64.04,64.04,2408500,unknown,vnstock_market_equity_ohlcv
VNM,2022-12-12 07:00:00,64.28,65.57,62.76,62.84,3142700,unknown,vnstock_market_equity_ohlcv
VNM,2022-12-13 07:00:00,62.92,63.56,61.8,62.44,3610400,unknown,vnstock_market_equity_ohlcv
VNM,2022-12-14 07:00:00,63.56,63.56,62.04,62.04,3522100,unknown,vnstock_market_equity_ohlcv
VNM,2022-12-15 07:00:00,62.04,63.4,61.88,62.12,2595300,unknown,vnstock_market_equity_ohlcv
VNM,2022-12-16 07:00:00,62.2,63.08,62.12,62.44,3002000,unknown,vnstock_market_equity_ohlcv
VNM,2022-12-19 07:00:00,62.84,62.84,61.64,61.64,2422700,unknown,vnstock_market_equity_ohlcv
VNM,2022-12-20 07:00:00,61.88,63.8,61.56,63.0,3030300,unknown,vnstock_market_equity_ohlcv
VNM,2022-12-21 07:00:00,63.8,64.53,63.64,63.8,2305500,unknown,vnstock_market_equity_ohlcv
VNM,2022-12-22 07:00:00,64.62,64.78,62.75,62.75,1587300,unknown,vnstock_market_equity_ohlcv
VNM,2022-12-23 07:00:00,62.83,63.72,62.09,62.09,1561800,unknown,vnstock_market_equity_ohlcv
VNM,2022-12-26 07:00:00,62.26,63.24,61.85,61.93,1657600,unknown,vnstock_market_equity_ohlcv
VNM,2022-12-27 07:00:00,62.58,63.56,61.93,62.42,1586800,unknown,vnstock_market_equity_ohlcv
VNM,2022-12-28 07:00:00,62.5,63.56,62.42,62.75,1188500,unknown,vnstock_market_equity_ohlcv
VNM,2022-12-29 07:00:00,63.07,63.72,62.75,62.75,1329700,unknown,vnstock_market_equity_ohlcv
VNM,2022-12-30 07:00:00,63.56,63.56,62.01,62.01,1199300,unknown,vnstock_market_equity_ohlcv
VPB,2022-05-04 07:00:00,21.19,21.19,20.64,20.64,12017800,unknown,vnstock_market_equity_ohlcv
VPB,2022-05-05 07:00:00,20.96,20.96,20.04,20.5,10625200,unknown,vnstock_market_equity_ohlcv
VPB,2022-05-06 07:00:00,20.18,20.27,19.69,19.69,12789500,unknown,vnstock_market_equity_ohlcv
VPB,2022-05-09 07:00:00,19.43,19.58,18.34,18.34,23931200,unknown,vnstock_market_equity_ohlcv
VPB,2022-05-10 07:00:00,17.96,19.2,17.96,19.2,15091000,unknown,vnstock_market_equity_ohlcv
VPB,2022-05-11 07:00:00,19.2,19.55,18.77,19.26,7613600,unknown,vnstock_market_equity_ohlcv
VPB,2022-05-12 07:00:00,19.0,19.03,17.93,17.93,17904700,unknown,vnstock_market_equity_ohlcv
VPB,2022-05-13 07:00:00,17.99,18.22,16.72,16.72,20466800,unknown,vnstock_market_equity_ohlcv
VPB,2022-05-16 07:00:00,17.3,17.61,16.72,16.72,12267800,unknown,vnstock_market_equity_ohlcv
VPB,2022-05-17 07:00:00,16.72,17.88,16.69,17.88,10387900,unknown,vnstock_market_equity_ohlcv
VPB,2022-05-18 07:00:00,18.16,18.54,17.7,17.85,11877200,unknown,vnstock_market_equity_ohlcv
VPB,2022-05-19 07:00:00,17.36,17.82,17.27,17.56,9190800,unknown,vnstock_market_equity_ohlcv
VPB,2022-05-20 07:00:00,17.64,17.85,17.47,17.64,7415500,unknown,vnstock_market_equity_ohlcv
VPB,2022-05-23 07:00:00,17.76,17.76,16.84,16.9,11050700,unknown,vnstock_market_equity_ohlcv
VPB,2022-05-24 07:00:00,17.07,17.41,16.84,17.3,9892000,unknown,vnstock_market_equity_ohlcv
VPB,2022-05-25 07:00:00,17.5,18.16,17.41,18.16,12839500,unknown,vnstock_market_equity_ohlcv
VPB,2022-05-26 07:00:00,18.28,18.31,17.9,17.9,8627400,unknown,vnstock_market_equity_ohlcv
VPB,2022-05-27 07:00:00,17.93,18.05,17.73,17.93,10558700,unknown,vnstock_market_equity_ohlcv
VPB,2022-05-30 07:00:00,18.13,18.22,17.9,18.22,11854000,unknown,vnstock_market_equity_ohlcv
VPB,2022-05-31 07:00:00,18.16,18.22,17.76,17.88,10284800,unknown,vnstock_market_equity_ohlcv
VPB,2022-06-01 07:00:00,17.82,17.99,17.53,17.79,10029300,unknown,vnstock_market_equity_ohlcv
VPB,2022-06-02 07:00:00,17.82,17.85,17.36,17.44,9005500,unknown,vnstock_market_equity_ohlcv
VPB,2022-06-03 07:00:00,17.41,17.73,17.39,17.73,7124300,unknown,vnstock_market_equity_ohlcv
VPB,2022-06-06 07:00:00,17.7,17.99,17.5,17.64,7703100,unknown,vnstock_market_equity_ohlcv
VPB,2022-06-07 07:00:00,17.61,17.7,17.18,17.56,7824600,unknown,vnstock_market_equity_ohlcv
VPB,2022-06-08 07:00:00,17.64,18.42,17.44,18.34,19013900,unknown,vnstock_market_equity_ohlcv
VPB,2022-06-09 07:00:00,18.39,18.42,18.16,18.16,9402900,unknown,vnstock_market_equity_ohlcv
VPB,2022-06-10 07:00:00,18.05,18.31,17.82,17.82,9656300,unknown,vnstock_market_equity_ohlcv
VPB,2022-06-13 07:00:00,17.3,17.56,16.58,16.58,20960500,unknown,vnstock_market_equity_ohlcv
VPB,2022-06-14 07:00:00,16.26,16.84,16.26,16.64,11517000,unknown,vnstock_market_equity_ohlcv
VPB,2022-06-15 07:00:00,16.64,16.95,15.91,16.64,12843800,unknown,vnstock_market_equity_ohlcv
VPB,2022-06-16 07:00:00,16.84,16.95,16.69,16.72,5252400,unknown,vnstock_market_equity_ohlcv
VPB,2022-06-17 07:00:00,16.32,16.43,15.74,16.09,12547400,unknown,vnstock_market_equity_ohlcv
VPB,2022-06-20 07:00:00,16.09,16.14,15.28,15.63,9859300,unknown,vnstock_market_equity_ohlcv
VPB,2022-06-21 07:00:00,15.77,16.12,15.45,15.68,7203800,unknown,vnstock_market_equity_ohlcv
VPB,2022-06-22 07:00:00,16.06,16.69,15.86,16.38,7054900,unknown,vnstock_market_equity_ohlcv
VPB,2022-06-23 07:00:00,16.14,16.46,16.12,16.4,4754900,unknown,vnstock_market_equity_ohlcv
VPB,2022-06-24 07:00:00,16.32,16.58,16.23,16.23,3607300,unknown,vnstock_market_equity_ohlcv
VPB,2022-06-27 07:00:00,16.32,16.78,16.29,16.66,5872800,unknown,vnstock_market_equity_ohlcv
VPB,2022-06-28 07:00:00,16.43,17.5,16.43,17.3,12179100,unknown,vnstock_market_equity_ohlcv
VPB,2022-06-29 07:00:00,17.07,17.44,17.01,17.3,8388900,unknown,vnstock_market_equity_ohlcv
VPB,2022-06-30 07:00:00,17.24,17.41,16.72,16.72,7880400,unknown,vnstock_market_equity_ohlcv
VPB,2022-07-01 07:00:00,16.78,16.92,16.2,16.78,7028900,unknown,vnstock_market_equity_ohlcv
VPB,2022-07-04 07:00:00,16.84,17.01,16.64,16.84,8848600,unknown,vnstock_market_equity_ohlcv
VPB,2022-07-05 07:00:00,16.87,17.21,16.84,17.01,11408500,unknown,vnstock_market_equity_ohlcv
VPB,2022-07-06 07:00:00,16.9,17.04,16.61,16.61,5589500,unknown,vnstock_market_equity_ohlcv
VPB,2022-07-07 07:00:00,16.64,16.75,16.4,16.66,7855100,unknown,vnstock_market_equity_ohlcv
VPB,2022-07-08 07:00:00,16.72,16.81,16.46,16.49,7340400,unknown,vnstock_market_equity_ohlcv
VPB,2022-07-11 07:00:00,16.38,16.43,15.86,15.86,8474400,unknown,vnstock_market_equity_ohlcv
VPB,2022-07-12 07:00:00,15.94,16.26,15.83,16.0,8383200,unknown,vnstock_market_equity_ohlcv
VPB,2022-07-13 07:00:00,16.03,16.26,15.89,16.0,10535300,unknown,vnstock_market_equity_ohlcv
VPB,2022-07-14 07:00:00,15.94,16.2,15.86,16.17,9794300,unknown,vnstock_market_equity_ohlcv
VPB,2022-07-15 07:00:00,16.2,16.35,16.17,16.29,8732200,unknown,vnstock_market_equity_ohlcv
VPB,2022-07-18 07:00:00,16.43,16.52,16.23,16.23,7537400,unknown,vnstock_market_equity_ohlcv
VPB,2022-07-19 07:00:00,16.23,16.23,16.0,16.14,6233900,unknown,vnstock_market_equity_ohlcv
VPB,2022-07-20 07:00:00,16.32,16.4,16.2,16.23,9698300,unknown,vnstock_market_equity_ohlcv
VPB,2022-07-21 07:00:00,16.26,16.35,16.14,16.26,9258800,unknown,vnstock_market_equity_ohlcv
VPB,2022-07-22 07:00:00,16.32,16.43,16.2,16.23,7270700,unknown,vnstock_market_equity_ohlcv
VPB,2022-07-25 07:00:00,16.23,16.23,15.94,15.94,7813800,unknown,vnstock_market_equity_ohlcv
VPB,2022-07-26 07:00:00,15.91,16.17,15.89,15.97,7418900,unknown,vnstock_market_equity_ohlcv
VPB,2022-07-27 07:00:00,15.91,16.0,15.83,15.97,6395800,unknown,vnstock_market_equity_ohlcv
VPB,2022-07-28 07:00:00,16.14,16.61,16.03,16.38,18936300,unknown,vnstock_market_equity_ohlcv
VPB,2022-07-29 07:00:00,16.43,16.55,16.32,16.55,12985400,unknown,vnstock_market_equity_ohlcv
VPB,2022-08-01 07:00:00,16.55,16.78,16.46,16.78,12729400,unknown,vnstock_market_equity_ohlcv
VPB,2022-08-02 07:00:00,16.9,16.9,16.58,16.75,11967000,unknown,vnstock_market_equity_ohlcv
VPB,2022-08-03 07:00:00,16.64,16.81,16.52,16.72,13033100,unknown,vnstock_market_equity_ohlcv
VPB,2022-08-04 07:00:00,16.87,17.27,16.75,16.95,18168400,unknown,vnstock_market_equity_ohlcv
VPB,2022-08-05 07:00:00,16.95,17.01,16.69,16.92,12186100,unknown,vnstock_market_equity_ohlcv
VPB,2022-08-08 07:00:00,16.95,17.3,16.84,17.3,17182600,unknown,vnstock_market_equity_ohlcv
VPB,2022-08-09 07:00:00,17.41,17.76,17.3,17.44,20344900,unknown,vnstock_market_equity_ohlcv
VPB,2022-08-10 07:00:00,17.47,17.5,17.27,17.36,10950100,unknown,vnstock_market_equity_ohlcv
VPB,2022-08-11 07:00:00,17.53,17.59,17.07,17.07,15022600,unknown,vnstock_market_equity_ohlcv
VPB,2022-08-12 07:00:00,17.1,17.24,16.95,17.24,8700500,unknown,vnstock_market_equity_ohlcv
VPB,2022-08-15 07:00:00,17.41,17.56,17.3,17.5,11208300,unknown,vnstock_market_equity_ohlcv
VPB,2022-08-16 07:00:00,17.5,17.5,17.27,17.39,10232300,unknown,vnstock_market_equity_ohlcv
VPB,2022-08-17 07:00:00,17.41,17.59,17.33,17.39,10393600,unknown,vnstock_market_equity_ohlcv
VPB,2022-08-18 07:00:00,17.47,17.5,17.27,17.33,11851100,unknown,vnstock_market_equity_ohlcv
VPB,2022-08-19 07:00:00,17.41,18.34,17.33,18.02,31776400,unknown,vnstock_market_equity_ohlcv
VPB,2022-08-22 07:00:00,18.02,18.22,17.85,18.02,13398800,unknown,vnstock_market_equity_ohlcv
VPB,2022-08-23 07:00:00,17.76,17.99,17.59,17.99,8849600,unknown,vnstock_market_equity_ohlcv
VPB,2022-08-24 07:00:00,17.99,18.22,17.9,18.11,12754800,unknown,vnstock_market_equity_ohlcv
VPB,2022-08-25 07:00:00,18.19,18.65,18.19,18.42,17456000,unknown,vnstock_market_equity_ohlcv
VPB,2022-08-26 07:00:00,18.57,18.8,18.05,18.22,15131200,unknown,vnstock_market_equity_ohlcv
VPB,2022-08-29 07:00:00,17.88,18.16,17.64,17.99,17970200,unknown,vnstock_market_equity_ohlcv
VPB,2022-08-30 07:00:00,18.11,18.45,17.99,18.08,9111400,unknown,vnstock_market_equity_ohlcv
VPB,2022-08-31 07:00:00,18.13,18.34,17.96,18.34,8456400,unknown,vnstock_market_equity_ohlcv
VPB,2022-09-05 07:00:00,18.28,18.34,18.02,18.05,11936400,unknown,vnstock_market_equity_ohlcv
VPB,2022-09-06 07:00:00,18.05,18.34,17.96,18.11,11575500,unknown,vnstock_market_equity_ohlcv
VPB,2022-09-07 07:00:00,18.11,18.11,17.47,17.47,18602000,unknown,vnstock_market_equity_ohlcv
VPB,2022-09-08 07:00:00,17.5,17.59,17.24,17.24,10654300,unknown,vnstock_market_equity_ohlcv
VPB,2022-09-09 07:00:00,17.44,17.76,17.24,17.59,17656800,unknown,vnstock_market_equity_ohlcv
VPB,2022-09-12 07:00:00,17.7,17.96,17.53,17.56,7759400,unknown,vnstock_market_equity_ohlcv
VPB,2022-09-13 07:00:00,17.56,17.7,17.5,17.59,6754100,unknown,vnstock_market_equity_ohlcv
VPB,2022-09-14 07:00:00,17.18,17.47,17.18,17.47,15232600,unknown,vnstock_market_equity_ohlcv
VPB,2022-09-15 07:00:00,17.56,17.73,17.47,17.47,9271800,unknown,vnstock_market_equity_ohlcv
VPB,2022-09-16 07:00:00,17.53,17.99,17.53,17.61,16945700,unknown,vnstock_market_equity_ohlcv
VPB,2022-09-19 07:00:00,17.7,17.88,17.18,17.24,14967200,unknown,vnstock_market_equity_ohlcv
VPB,2022-09-20 07:00:00,17.41,17.47,17.01,17.3,12528400,unknown,vnstock_market_equity_ohlcv
VPB,2022-09-21 07:00:00,17.18,17.3,16.78,17.01,12579500,unknown,vnstock_market_equity_ohlcv
VPB,2022-09-22 07:00:00,16.84,17.1,16.66,16.9,8541400,unknown,vnstock_market_equity_ohlcv
VPB,2022-09-23 07:00:00,16.92,17.07,16.55,16.58,9847300,unknown,vnstock_market_equity_ohlcv
VPB,2022-09-26 07:00:00,16.32,16.4,15.6,15.91,17753300,unknown,vnstock_market_equity_ohlcv
VPB,2022-09-27 07:00:00,16.03,16.14,15.66,15.8,12957000,unknown,vnstock_market_equity_ohlcv
VPB,2022-09-28 07:00:00,16.1,16.23,15.84,16.02,10527500,unknown,vnstock_market_equity_ohlcv
VPB,2022-09-29 07:00:00,16.23,16.27,15.58,15.58,5605100,unknown,vnstock_market_equity_ohlcv
VPB,2022-09-30 07:00:00,15.76,15.8,14.8,15.58,15853300,unknown,vnstock_market_equity_ohlcv
VPB,2022-10-03 07:00:00,15.45,15.45,14.5,14.72,24720900,unknown,vnstock_market_equity_ohlcv
VPB,2022-10-04 07:00:00,14.89,15.19,13.85,14.54,17447600,unknown,vnstock_market_equity_ohlcv
VPB,2022-10-05 07:00:00,15.06,15.11,14.54,14.72,13912600,unknown,vnstock_market_equity_ohlcv
VPB,2022-10-06 07:00:00,14.8,14.8,13.72,14.28,13937100,unknown,vnstock_market_equity_ohlcv
VPB,2022-10-07 07:00:00,13.85,14.2,13.29,13.29,19180300,unknown,vnstock_market_equity_ohlcv
VPB,2022-10-10 07:00:00,12.81,13.76,12.38,13.29,14888700,unknown,vnstock_market_equity_ohlcv
VPB,2022-10-11 07:00:00,12.99,13.29,12.38,13.29,19258200,unknown,vnstock_market_equity_ohlcv
VPB,2022-10-12 07:00:00,13.24,14.02,12.99,13.85,10409800,unknown,vnstock_market_equity_ohlcv
VPB,2022-10-13 07:00:00,13.94,14.02,13.33,13.85,11415600,unknown,vnstock_market_equity_ohlcv
VPB,2022-10-14 07:00:00,14.28,14.28,13.85,13.98,8932700,unknown,vnstock_market_equity_ohlcv
VPB,2022-10-17 07:00:00,13.68,13.98,13.24,13.81,7432900,unknown,vnstock_market_equity_ohlcv
VPB,2022-10-18 07:00:00,14.02,14.15,13.81,13.81,7378800,unknown,vnstock_market_equity_ohlcv
VPB,2022-10-19 07:00:00,13.94,13.94,13.59,13.81,9833500,unknown,vnstock_market_equity_ohlcv
VPB,2022-10-20 07:00:00,13.72,13.98,13.59,13.81,8684100,unknown,vnstock_market_equity_ohlcv
VPB,2022-10-21 07:00:00,13.85,13.85,13.07,13.46,13706600,unknown,vnstock_market_equity_ohlcv
VPB,2022-10-24 07:00:00,13.5,13.55,12.81,13.33,10493200,unknown,vnstock_market_equity_ohlcv
VPB,2022-10-25 07:00:00,13.2,13.9,12.9,13.38,15262300,unknown,vnstock_market_equity_ohlcv
VPB,2022-10-26 07:00:00,13.42,13.64,13.16,13.46,7060400,unknown,vnstock_market_equity_ohlcv
VPB,2022-10-27 07:00:00,13.42,14.33,13.03,14.33,20959900,unknown,vnstock_market_equity_ohlcv
VPB,2022-10-28 07:00:00,14.37,14.63,14.15,14.15,8111200,unknown,vnstock_market_equity_ohlcv
VPB,2022-10-31 07:00:00,14.28,14.37,13.55,14.15,11070200,unknown,vnstock_market_equity_ohlcv
VPB,2022-11-01 07:00:00,14.28,15.11,14.28,14.89,25628600,unknown,vnstock_market_equity_ohlcv
VPB,2022-11-02 07:00:00,14.89,15.41,14.63,15.15,21507900,unknown,vnstock_market_equity_ohlcv
VPB,2022-11-03 07:00:00,14.85,15.28,14.85,15.15,11402300,unknown,vnstock_market_equity_ohlcv
VPB,2022-11-04 07:00:00,14.85,15.06,14.33,14.67,32346400,unknown,vnstock_market_equity_ohlcv
VPB,2022-11-07 07:00:00,14.8,15.02,14.59,14.8,23171500,unknown,vnstock_market_equity_ohlcv
VPB,2022-11-08 07:00:00,14.54,14.93,14.41,14.89,22335400,unknown,vnstock_market_equity_ohlcv
VPB,2022-11-09 07:00:00,15.02,15.28,14.76,15.15,16395500,unknown,vnstock_market_equity_ohlcv
VPB,2022-11-10 07:00:00,15.06,15.06,14.11,14.11,23021600,unknown,vnstock_market_equity_ohlcv
VPB,2022-11-11 07:00:00,14.41,14.72,14.07,14.11,17937800,unknown,vnstock_market_equity_ohlcv
VPB,2022-11-14 07:00:00,13.85,13.98,13.16,13.59,16001400,unknown,vnstock_market_equity_ohlcv
VPB,2022-11-15 07:00:00,13.12,13.59,12.68,12.68,18164400,unknown,vnstock_market_equity_ohlcv
VPB,2022-11-16 07:00:00,11.82,13.55,11.82,13.42,29662500,unknown,vnstock_market_equity_ohlcv
VPB,2022-11-17 07:00:00,13.64,13.72,13.29,13.42,13169500,unknown,vnstock_market_equity_ohlcv
VPB,2022-11-18 07:00:00,12.99,13.64,12.73,13.42,16315900,unknown,vnstock_market_equity_ohlcv
VPB,2022-11-21 07:00:00,13.59,13.59,13.07,13.42,11391400,unknown,vnstock_market_equity_ohlcv
VPB,2022-11-22 07:00:00,13.2,14.24,13.07,13.42,16566500,unknown,vnstock_market_equity_ohlcv
VPB,2022-11-23 07:00:00,13.2,13.5,13.03,13.03,6000000,unknown,vnstock_market_equity_ohlcv
VPB,2022-11-24 07:00:00,12.86,13.2,12.6,13.07,10247900,unknown,vnstock_market_equity_ohlcv
VPB,2022-11-25 07:00:00,13.24,13.42,13.12,13.42,9694700,unknown,vnstock_market_equity_ohlcv
VPB,2022-11-28 07:00:00,13.5,14.02,13.5,13.94,16558000,unknown,vnstock_market_equity_ohlcv
VPB,2022-11-29 07:00:00,14.02,14.15,13.46,13.98,16820500,unknown,vnstock_market_equity_ohlcv
VPB,2022-11-30 07:00:00,14.07,14.72,13.76,14.54,23312200,unknown,vnstock_market_equity_ohlcv
VPB,2022-12-01 07:00:00,14.76,15.06,14.37,14.54,31045800,unknown,vnstock_market_equity_ohlcv
VPB,2022-12-02 07:00:00,14.54,15.06,14.33,14.98,25887700,unknown,vnstock_market_equity_ohlcv
VPB,2022-12-05 07:00:00,15.32,15.93,15.11,15.71,43389200,unknown,vnstock_market_equity_ohlcv
VPB,2022-12-06 07:00:00,15.71,16.1,14.63,14.63,34482600,unknown,vnstock_market_equity_ohlcv
VPB,2022-12-07 07:00:00,14.54,14.72,13.72,14.02,26221800,unknown,vnstock_market_equity_ohlcv
VPB,2022-12-08 07:00:00,14.24,14.98,14.2,14.72,29415300,unknown,vnstock_market_equity_ohlcv
VPB,2022-12-09 07:00:00,14.85,14.89,14.41,14.63,13749900,unknown,vnstock_market_equity_ohlcv
VPB,2022-12-12 07:00:00,14.67,15.11,14.41,14.41,23202300,unknown,vnstock_market_equity_ohlcv
VPB,2022-12-13 07:00:00,14.46,14.8,14.2,14.8,18048300,unknown,vnstock_market_equity_ohlcv
VPB,2022-12-14 07:00:00,14.93,15.02,14.72,14.76,18923500,unknown,vnstock_market_equity_ohlcv
VPB,2022-12-15 07:00:00,14.76,15.76,14.76,15.76,66731500,unknown,vnstock_market_equity_ohlcv
VPB,2022-12-16 07:00:00,15.97,16.32,15.84,16.02,27564100,unknown,vnstock_market_equity_ohlcv
VPB,2022-12-19 07:00:00,15.89,16.23,15.54,15.54,29429800,unknown,vnstock_market_equity_ohlcv
VPB,2022-12-20 07:00:00,15.5,15.5,14.63,14.98,26419500,unknown,vnstock_market_equity_ohlcv
VPB,2022-12-21 07:00:00,15.15,15.5,14.72,15.28,20499300,unknown,vnstock_market_equity_ohlcv
VPB,2022-12-22 07:00:00,15.58,16.32,15.54,15.97,52431700,unknown,vnstock_market_equity_ohlcv
VPB,2022-12-23 07:00:00,15.97,16.14,15.67,15.89,16849000,unknown,vnstock_market_equity_ohlcv
VPB,2022-12-26 07:00:00,15.89,16.02,14.89,14.89,26485700,unknown,vnstock_market_equity_ohlcv
VPB,2022-12-27 07:00:00,14.98,15.5,14.85,15.5,14921400,unknown,vnstock_market_equity_ohlcv
VPB,2022-12-28 07:00:00,15.5,16.02,15.15,15.71,17482100,unknown,vnstock_market_equity_ohlcv
VPB,2022-12-29 07:00:00,15.67,16.02,15.41,15.41,20198000,unknown,vnstock_market_equity_ohlcv
VPB,2022-12-30 07:00:00,15.5,15.67,15.24,15.5,10035400,unknown,vnstock_market_equity_ohlcv
VPS,2022-05-04 07:00:00,9.99,10.68,9.99,10.52,500,unknown,vnstock_market_equity_ohlcv
VPS,2022-05-06 07:00:00,9.87,10.49,9.87,10.45,600,unknown,vnstock_market_equity_ohlcv
VPS,2022-05-09 07:00:00,9.76,10.45,9.76,10.33,700,unknown,vnstock_market_equity_ohlcv
VPS,2022-05-10 07:00:00,9.68,10.33,9.64,10.26,900,unknown,vnstock_market_equity_ohlcv
VPS,2022-05-11 07:00:00,10.26,10.26,9.68,10.22,500,unknown,vnstock_market_equity_ohlcv
VPS,2022-05-12 07:00:00,10.33,10.33,9.68,10.18,3800,unknown,vnstock_market_equity_ohlcv
VPS,2022-05-13 07:00:00,10.18,10.37,9.56,9.99,1900,unknown,vnstock_market_equity_ohlcv
VPS,2022-05-16 07:00:00,9.99,10.6,9.37,9.99,4700,unknown,vnstock_market_equity_ohlcv
VPS,2022-05-17 07:00:00,10.22,10.22,9.49,10.22,1900,unknown,vnstock_market_equity_ohlcv
VPS,2022-05-18 07:00:00,9.68,10.52,9.68,10.26,600,unknown,vnstock_market_equity_ohlcv
VPS,2022-05-19 07:00:00,10.22,10.22,9.72,10.14,700,unknown,vnstock_market_equity_ohlcv
VPS,2022-05-20 07:00:00,10.1,10.14,9.68,9.99,1400,unknown,vnstock_market_equity_ohlcv
VPS,2022-05-23 07:00:00,9.53,9.99,9.53,9.99,400,unknown,vnstock_market_equity_ohlcv
VPS,2022-05-24 07:00:00,9.41,10.37,9.41,10.18,1100,unknown,vnstock_market_equity_ohlcv
VPS,2022-05-25 07:00:00,9.49,10.14,9.49,10.02,5700,unknown,vnstock_market_equity_ohlcv
VPS,2022-05-26 07:00:00,9.6,10.72,9.56,10.14,6200,unknown,vnstock_market_equity_ohlcv
VPS,2022-05-27 07:00:00,10.68,10.68,9.56,10.33,2500,unknown,vnstock_market_equity_ohlcv
VPS,2022-05-30 07:00:00,10.76,10.98,9.76,10.52,2200,unknown,vnstock_market_equity_ohlcv
VPS,2022-05-31 07:00:00,9.87,10.52,9.87,10.37,2000,unknown,vnstock_market_equity_ohlcv
VPS,2022-06-01 07:00:00,9.99,10.68,9.99,10.45,4800,unknown,vnstock_market_equity_ohlcv
VPS,2022-06-02 07:00:00,9.79,10.64,9.79,9.87,3700,unknown,vnstock_market_equity_ohlcv
VPS,2022-06-03 07:00:00,9.87,10.18,9.87,10.18,1000,unknown,vnstock_market_equity_ohlcv
VPS,2022-06-06 07:00:00,10.18,10.18,9.91,10.18,1200,unknown,vnstock_market_equity_ohlcv
VPS,2022-06-07 07:00:00,9.87,10.18,9.87,10.18,5500,unknown,vnstock_market_equity_ohlcv
VPS,2022-06-08 07:00:00,10.45,10.49,9.68,10.37,1200,unknown,vnstock_market_equity_ohlcv
VPS,2022-06-09 07:00:00,9.87,10.29,9.87,10.29,4500,unknown,vnstock_market_equity_ohlcv
VPS,2022-06-10 07:00:00,9.91,10.41,9.91,10.41,2200,unknown,vnstock_market_equity_ohlcv
VPS,2022-06-13 07:00:00,9.95,10.98,9.87,10.29,3200,unknown,vnstock_market_equity_ohlcv
VPS,2022-06-14 07:00:00,9.72,10.33,9.68,10.29,7100,unknown,vnstock_market_equity_ohlcv
VPS,2022-06-15 07:00:00,10.18,10.18,9.6,9.64,7300,unknown,vnstock_market_equity_ohlcv
VPS,2022-06-16 07:00:00,10.22,10.22,9.14,9.87,1300,unknown,vnstock_market_equity_ohlcv
VPS,2022-06-17 07:00:00,9.3,10.1,9.3,9.83,700,unknown,vnstock_market_equity_ohlcv
VPS,2022-06-20 07:00:00,9.22,10.22,9.22,9.91,3200,unknown,vnstock_market_equity_ohlcv
VPS,2022-06-21 07:00:00,9.3,9.87,9.22,9.76,2700,unknown,vnstock_market_equity_ohlcv
VPS,2022-06-22 07:00:00,9.68,9.76,9.68,9.76,1000,unknown,vnstock_market_equity_ohlcv
VPS,2022-06-23 07:00:00,9.26,9.72,9.1,9.68,6600,unknown,vnstock_market_equity_ohlcv
VPS,2022-06-24 07:00:00,9.6,9.68,9.6,9.68,5200,unknown,vnstock_market_equity_ohlcv
VPS,2022-06-28 07:00:00,9.95,9.95,9.41,9.68,3600,unknown,vnstock_market_equity_ohlcv
VPS,2022-06-29 07:00:00,9.6,9.88,9.04,9.88,2300,unknown,vnstock_market_equity_ohlcv
VPS,2022-06-30 07:00:00,9.6,9.8,9.56,9.76,700,unknown,vnstock_market_equity_ohlcv
VPS,2022-07-01 07:00:00,9.36,9.96,9.24,9.76,1200,unknown,vnstock_market_equity_ohlcv
VPS,2022-07-04 07:00:00,9.24,9.76,9.24,9.72,2400,unknown,vnstock_market_equity_ohlcv
VPS,2022-07-05 07:00:00,9.32,9.72,9.24,9.6,1500,unknown,vnstock_market_equity_ohlcv
VPS,2022-07-07 07:00:00,9.68,9.68,9.2,9.2,1400,unknown,vnstock_market_equity_ohlcv
VPS,2022-07-08 07:00:00,9.2,9.36,9.2,9.36,200,unknown,vnstock_market_equity_ohlcv
VPS,2022-07-11 07:00:00,8.92,9.4,8.92,9.4,300,unknown,vnstock_market_equity_ohlcv
VPS,2022-07-13 07:00:00,9.08,9.36,9.08,9.16,500,unknown,vnstock_market_equity_ohlcv
VPS,2022-07-14 07:00:00,9.12,9.32,9.12,9.32,200,unknown,vnstock_market_equity_ohlcv
VPS,2022-07-15 07:00:00,9.24,9.28,9.24,9.28,400,unknown,vnstock_market_equity_ohlcv
VPS,2022-07-18 07:00:00,9.28,9.36,9.28,9.36,1200,unknown,vnstock_market_equity_ohlcv
VPS,2022-07-20 07:00:00,9.32,9.52,9.32,9.52,5700,unknown,vnstock_market_equity_ohlcv
VPS,2022-07-21 07:00:00,9.48,9.6,9.48,9.6,9800,unknown,vnstock_market_equity_ohlcv
VPS,2022-07-25 07:00:00,9.6,9.6,9.6,9.6,5400,unknown,vnstock_market_equity_ohlcv
VPS,2022-07-26 07:00:00,9.2,9.84,9.2,9.84,1200,unknown,vnstock_market_equity_ohlcv
VPS,2022-07-27 07:00:00,9.24,9.6,9.2,9.6,1200,unknown,vnstock_market_equity_ohlcv
VPS,2022-07-28 07:00:00,9.24,9.56,8.96,9.28,3400,unknown,vnstock_market_equity_ohlcv
VPS,2022-07-29 07:00:00,9.2,9.52,9.2,9.52,600,unknown,vnstock_market_equity_ohlcv
VPS,2022-08-01 07:00:00,9.44,9.6,9.44,9.52,2900,unknown,vnstock_market_equity_ohlcv
VPS,2022-08-02 07:00:00,9.56,9.6,9.52,9.6,2800,unknown,vnstock_market_equity_ohlcv
VPS,2022-08-03 07:00:00,9.6,9.68,9.6,9.64,2500,unknown,vnstock_market_equity_ohlcv
VPS,2022-08-05 07:00:00,9.2,9.56,9.16,9.52,4600,unknown,vnstock_market_equity_ohlcv
VPS,2022-08-08 07:00:00,9.32,9.52,9.28,9.48,12600,unknown,vnstock_market_equity_ohlcv
VPS,2022-08-09 07:00:00,9.28,9.4,9.2,9.4,9700,unknown,vnstock_market_equity_ohlcv
VPS,2022-08-10 07:00:00,9.4,9.4,9.12,9.12,3600,unknown,vnstock_market_equity_ohlcv
VPS,2022-08-11 07:00:00,9.28,9.28,9.12,9.2,6800,unknown,vnstock_market_equity_ohlcv
VPS,2022-08-12 07:00:00,9.12,9.16,9.12,9.16,400,unknown,vnstock_market_equity_ohlcv
VPS,2022-08-15 07:00:00,9.32,9.36,9.32,9.32,1900,unknown,vnstock_market_equity_ohlcv
VPS,2022-08-16 07:00:00,9.28,9.28,9.28,9.28,1700,unknown,vnstock_market_equity_ohlcv
VPS,2022-08-17 07:00:00,9.28,9.28,9.28,9.28,600,unknown,vnstock_market_equity_ohlcv
VPS,2022-08-18 07:00:00,9.28,9.28,9.12,9.28,1300,unknown,vnstock_market_equity_ohlcv
VPS,2022-08-19 07:00:00,9.28,9.28,9.28,9.28,600,unknown,vnstock_market_equity_ohlcv
VPS,2022-08-22 07:00:00,9.08,9.24,9.04,9.24,2800,unknown,vnstock_market_equity_ohlcv
VPS,2022-08-23 07:00:00,9.0,9.24,8.96,9.24,5400,unknown,vnstock_market_equity_ohlcv
VPS,2022-08-24 07:00:00,9.24,9.24,9.2,9.2,3100,unknown,vnstock_market_equity_ohlcv
VPS,2022-08-25 07:00:00,9.24,9.28,9.12,9.12,6700,unknown,vnstock_market_equity_ohlcv
VPS,2022-08-26 07:00:00,9.16,9.2,9.12,9.2,400,unknown,vnstock_market_equity_ohlcv
VPS,2022-08-29 07:00:00,9.2,9.2,8.96,9.12,2100,unknown,vnstock_market_equity_ohlcv
VPS,2022-08-30 07:00:00,9.2,9.2,9.2,9.2,200,unknown,vnstock_market_equity_ohlcv
VPS,2022-08-31 07:00:00,9.04,9.16,9.04,9.16,300,unknown,vnstock_market_equity_ohlcv
VPS,2022-09-05 07:00:00,9.08,9.2,9.08,9.2,300,unknown,vnstock_market_equity_ohlcv
VPS,2022-09-07 07:00:00,9.2,9.2,9.0,9.16,500,unknown,vnstock_market_equity_ohlcv
VPS,2022-09-08 07:00:00,9.12,9.2,9.12,9.2,10000,unknown,vnstock_market_equity_ohlcv
VPS,2022-09-09 07:00:00,8.96,9.16,8.96,9.16,400,unknown,vnstock_market_equity_ohlcv
VPS,2022-09-14 07:00:00,8.84,9.6,8.8,9.08,2200,unknown,vnstock_market_equity_ohlcv
VPS,2022-09-15 07:00:00,9.08,9.08,8.92,8.92,8200,unknown,vnstock_market_equity_ohlcv
VPS,2022-09-19 07:00:00,8.92,8.92,8.88,8.88,2100,unknown,vnstock_market_equity_ohlcv
VPS,2022-09-20 07:00:00,8.8,9.0,8.8,9.0,4000,unknown,vnstock_market_equity_ohlcv
VPS,2022-09-22 07:00:00,9.0,9.0,8.68,8.68,2100,unknown,vnstock_market_equity_ohlcv
VPS,2022-09-23 07:00:00,8.68,9.16,8.64,9.16,300,unknown,vnstock_market_equity_ohlcv
VPS,2022-09-26 07:00:00,9.04,9.04,9.04,9.04,400,unknown,vnstock_market_equity_ohlcv
VPS,2022-09-30 07:00:00,9.64,9.64,9.64,9.64,30900,unknown,vnstock_market_equity_ohlcv
VPS,2022-10-03 07:00:00,9.64,9.88,9.0,9.84,2700,unknown,vnstock_market_equity_ohlcv
VPS,2022-10-04 07:00:00,9.84,9.84,9.16,9.72,700,unknown,vnstock_market_equity_ohlcv
VPS,2022-10-05 07:00:00,9.08,9.68,9.04,9.52,1800,unknown,vnstock_market_equity_ohlcv
VPS,2022-10-06 07:00:00,9.4,9.4,8.96,8.96,2300,unknown,vnstock_market_equity_ohlcv
VPS,2022-10-07 07:00:00,9.36,9.36,8.48,9.08,1400,unknown,vnstock_market_equity_ohlcv
VPS,2022-10-10 07:00:00,8.96,8.96,8.52,8.92,2700,unknown,vnstock_market_equity_ohlcv
VPS,2022-10-11 07:00:00,9.12,9.12,8.88,9.08,1500,unknown,vnstock_market_equity_ohlcv
VPS,2022-10-12 07:00:00,8.76,8.8,8.76,8.8,13300,unknown,vnstock_market_equity_ohlcv
VPS,2022-10-13 07:00:00,8.48,8.96,8.48,8.96,900,unknown,vnstock_market_equity_ohlcv
VPS,2022-10-14 07:00:00,8.96,9.56,8.96,9.56,1100,unknown,vnstock_market_equity_ohlcv
VPS,2022-10-17 07:00:00,9.44,9.44,9.36,9.36,200,unknown,vnstock_market_equity_ohlcv
VPS,2022-10-18 07:00:00,9.28,9.28,8.72,9.12,10800,unknown,vnstock_market_equity_ohlcv
VPS,2022-10-19 07:00:00,9.04,9.24,8.64,9.24,2000,unknown,vnstock_market_equity_ohlcv
VPS,2022-10-20 07:00:00,9.6,9.6,8.64,9.12,1900,unknown,vnstock_market_equity_ohlcv
VPS,2022-10-21 07:00:00,8.56,9.12,8.56,9.12,1300,unknown,vnstock_market_equity_ohlcv
VPS,2022-10-24 07:00:00,9.08,9.08,9.08,9.08,100,unknown,vnstock_market_equity_ohlcv
VPS,2022-10-25 07:00:00,8.64,8.72,8.64,8.64,3400,unknown,vnstock_market_equity_ohlcv
VPS,2022-10-26 07:00:00,8.48,8.48,8.48,8.48,900,unknown,vnstock_market_equity_ohlcv
VPS,2022-10-27 07:00:00,8.48,8.6,8.48,8.6,1300,unknown,vnstock_market_equity_ohlcv
VPS,2022-10-28 07:00:00,8.6,8.64,8.56,8.64,3200,unknown,vnstock_market_equity_ohlcv
VPS,2022-10-31 07:00:00,8.52,8.56,8.52,8.56,1000,unknown,vnstock_market_equity_ohlcv
VPS,2022-11-01 07:00:00,8.56,8.8,8.24,8.32,2500,unknown,vnstock_market_equity_ohlcv
VPS,2022-11-02 07:00:00,8.48,8.56,7.77,7.77,1600,unknown,vnstock_market_equity_ohlcv
VPS,2022-11-03 07:00:00,7.77,8.24,7.76,8.24,700,unknown,vnstock_market_equity_ohlcv
VPS,2022-11-07 07:00:00,7.68,7.68,7.66,7.66,1900,unknown,vnstock_market_equity_ohlcv
VPS,2022-11-08 07:00:00,7.66,7.68,7.59,7.68,1000,unknown,vnstock_market_equity_ohlcv
VPS,2022-11-09 07:00:00,7.68,7.8,7.68,7.8,3500,unknown,vnstock_market_equity_ohlcv
VPS,2022-11-10 07:00:00,7.8,7.84,7.28,7.28,600,unknown,vnstock_market_equity_ohlcv
VPS,2022-11-11 07:00:00,7.36,7.36,6.78,7.34,2000,unknown,vnstock_market_equity_ohlcv
VPS,2022-11-14 07:00:00,7.52,7.52,7.34,7.44,1300,unknown,vnstock_market_equity_ohlcv
VPS,2022-11-15 07:00:00,7.11,7.11,6.92,6.92,300,unknown,vnstock_market_equity_ohlcv
VPS,2022-11-16 07:00:00,7.36,7.36,7.34,7.34,500,unknown,vnstock_market_equity_ohlcv
VPS,2022-11-17 07:00:00,7.68,7.68,7.56,7.56,400,unknown,vnstock_market_equity_ohlcv
VPS,2022-11-18 07:00:00,7.52,7.52,7.03,7.51,1400,unknown,vnstock_market_equity_ohlcv
VPS,2022-11-21 07:00:00,7.58,7.58,7.52,7.56,800,unknown,vnstock_market_equity_ohlcv
VPS,2022-11-22 07:00:00,7.76,7.76,7.6,7.74,1000,unknown,vnstock_market_equity_ohlcv
VPS,2022-11-23 07:00:00,7.68,7.68,7.23,7.23,800,unknown,vnstock_market_equity_ohlcv
VPS,2022-11-24 07:00:00,7.66,7.66,7.66,7.66,100,unknown,vnstock_market_equity_ohlcv
VPS,2022-11-25 07:00:00,7.66,7.66,7.14,7.6,1100,unknown,vnstock_market_equity_ohlcv
VPS,2022-11-28 07:00:00,7.7,7.7,7.22,7.27,8300,unknown,vnstock_market_equity_ohlcv
VPS,2022-11-29 07:00:00,7.3,7.56,7.3,7.34,2100,unknown,vnstock_market_equity_ohlcv
VPS,2022-11-30 07:00:00,7.79,7.79,6.97,7.68,2100,unknown,vnstock_market_equity_ohlcv
VPS,2022-12-01 07:00:00,7.67,7.67,7.17,7.56,4900,unknown,vnstock_market_equity_ohlcv
VPS,2022-12-02 07:00:00,7.66,7.66,7.06,7.06,11500,unknown,vnstock_market_equity_ohlcv
VPS,2022-12-05 07:00:00,7.51,7.54,7.2,7.54,3700,unknown,vnstock_market_equity_ohlcv
VPS,2022-12-06 07:00:00,7.28,7.6,7.2,7.51,7500,unknown,vnstock_market_equity_ohlcv
VPS,2022-12-07 07:00:00,7.5,7.5,7.28,7.36,500,unknown,vnstock_market_equity_ohlcv
VPS,2022-12-08 07:00:00,7.52,7.52,6.85,7.46,6400,unknown,vnstock_market_equity_ohlcv
VPS,2022-12-09 07:00:00,7.42,7.42,7.42,7.42,300,unknown,vnstock_market_equity_ohlcv
VPS,2022-12-12 07:00:00,7.5,7.5,7.0,7.19,4400,unknown,vnstock_market_equity_ohlcv
VPS,2022-12-13 07:00:00,7.44,7.44,6.73,7.35,2400,unknown,vnstock_market_equity_ohlcv
VPS,2022-12-14 07:00:00,7.13,7.13,7.12,7.12,1000,unknown,vnstock_market_equity_ohlcv
VPS,2022-12-15 07:00:00,7.02,7.15,7.02,7.14,300,unknown,vnstock_market_equity_ohlcv
VPS,2022-12-16 07:00:00,7.13,7.25,7.08,7.25,6300,unknown,vnstock_market_equity_ohlcv
VPS,2022-12-19 07:00:00,7.34,7.34,7.02,7.22,2000,unknown,vnstock_market_equity_ohlcv
VPS,2022-12-20 07:00:00,6.96,7.07,6.93,7.07,1500,unknown,vnstock_market_equity_ohlcv
VPS,2022-12-21 07:00:00,7.46,7.46,6.96,7.07,2300,unknown,vnstock_market_equity_ohlcv
VPS,2022-12-22 07:00:00,7.2,7.2,7.19,7.19,300,unknown,vnstock_market_equity_ohlcv
VPS,2022-12-27 07:00:00,6.88,7.24,6.88,7.0,500,unknown,vnstock_market_equity_ohlcv
VPS,2022-12-28 07:00:00,7.26,7.26,6.72,7.22,8300,unknown,vnstock_market_equity_ohlcv
VPS,2022-12-29 07:00:00,6.72,7.2,6.71,6.72,16100,unknown,vnstock_market_equity_ohlcv
VPS,2022-12-30 07:00:00,6.72,6.72,6.71,6.71,200,unknown,vnstock_market_equity_ohlcv
VRE,2022-05-04 07:00:00,29.7,29.7,28.78,28.92,2433100,unknown,vnstock_market_equity_ohlcv
VRE,2022-05-05 07:00:00,29.07,29.36,28.59,29.26,2500200,unknown,vnstock_market_equity_ohlcv
VRE,2022-05-06 07:00:00,28.59,29.46,28.59,28.59,7483500,unknown,vnstock_market_equity_ohlcv
VRE,2022-05-09 07:00:00,28.78,28.88,26.94,27.23,7497200,unknown,vnstock_market_equity_ohlcv
VRE,2022-05-10 07:00:00,26.94,27.38,26.85,27.14,4226400,unknown,vnstock_market_equity_ohlcv
VRE,2022-05-11 07:00:00,27.52,28.68,27.23,27.91,4343100,unknown,vnstock_market_equity_ohlcv
VRE,2022-05-12 07:00:00,27.52,27.91,25.98,25.98,3703900,unknown,vnstock_market_equity_ohlcv
VRE,2022-05-13 07:00:00,25.83,26.36,24.24,24.43,6901900,unknown,vnstock_market_equity_ohlcv
VRE,2022-05-16 07:00:00,24.63,25.88,24.63,25.35,4649600,unknown,vnstock_market_equity_ohlcv
VRE,2022-05-17 07:00:00,25.11,26.56,24.92,26.46,4233100,unknown,vnstock_market_equity_ohlcv
VRE,2022-05-18 07:00:00,26.56,26.7,25.83,26.46,6037800,unknown,vnstock_market_equity_ohlcv
VRE,2022-05-19 07:00:00,25.59,26.94,25.59,26.46,2294100,unknown,vnstock_market_equity_ohlcv
VRE,2022-05-20 07:00:00,26.46,26.75,25.93,26.41,2127600,unknown,vnstock_market_equity_ohlcv
VRE,2022-05-23 07:00:00,26.17,26.9,25.5,26.41,2267400,unknown,vnstock_market_equity_ohlcv
VRE,2022-05-24 07:00:00,26.41,27.14,25.69,27.14,2611100,unknown,vnstock_market_equity_ohlcv
VRE,2022-05-25 07:00:00,27.09,28.44,26.7,28.44,4121200,unknown,vnstock_market_equity_ohlcv
VRE,2022-05-26 07:00:00,28.39,28.73,27.96,28.59,1976300,unknown,vnstock_market_equity_ohlcv
VRE,2022-05-27 07:00:00,28.2,28.78,28.01,28.78,2959400,unknown,vnstock_market_equity_ohlcv
VRE,2022-05-30 07:00:00,28.78,28.92,28.2,28.92,2849200,unknown,vnstock_market_equity_ohlcv
VRE,2022-05-31 07:00:00,28.83,29.26,28.39,29.12,2498300,unknown,vnstock_market_equity_ohlcv
VRE,2022-06-01 07:00:00,28.88,29.12,28.54,29.02,2301500,unknown,vnstock_market_equity_ohlcv
VRE,2022-06-02 07:00:00,28.78,29.17,28.59,28.92,1947800,unknown,vnstock_market_equity_ohlcv
VRE,2022-06-03 07:00:00,28.49,28.92,28.3,28.92,1491300,unknown,vnstock_market_equity_ohlcv
VRE,2022-06-06 07:00:00,28.92,28.97,28.49,28.92,1387000,unknown,vnstock_market_equity_ohlcv
VRE,2022-06-07 07:00:00,28.64,28.88,28.15,28.88,1839000,unknown,vnstock_market_equity_ohlcv
VRE,2022-06-08 07:00:00,28.68,29.46,28.68,29.36,2170300,unknown,vnstock_market_equity_ohlcv
VRE,2022-06-09 07:00:00,29.36,29.84,28.97,29.84,1442400,unknown,vnstock_market_equity_ohlcv
VRE,2022-06-10 07:00:00,29.55,29.55,28.92,29.46,1936600,unknown,vnstock_market_equity_ohlcv
VRE,2022-06-13 07:00:00,28.1,28.39,27.43,28.01,3179400,unknown,vnstock_market_equity_ohlcv
VRE,2022-06-14 07:00:00,26.22,28.15,26.22,28.15,2289700,unknown,vnstock_market_equity_ohlcv
VRE,2022-06-15 07:00:00,28.15,28.15,27.33,27.91,2498100,unknown,vnstock_market_equity_ohlcv
VRE,2022-06-16 07:00:00,27.91,29.46,27.67,28.2,3090500,unknown,vnstock_market_equity_ohlcv
VRE,2022-06-17 07:00:00,27.81,28.83,27.52,28.34,2350300,unknown,vnstock_market_equity_ohlcv
VRE,2022-06-20 07:00:00,28.3,28.3,27.14,27.72,2183100,unknown,vnstock_market_equity_ohlcv
VRE,2022-06-21 07:00:00,26.66,27.38,26.66,27.04,2572900,unknown,vnstock_market_equity_ohlcv
VRE,2022-06-22 07:00:00,27.52,27.91,27.14,27.52,1221700,unknown,vnstock_market_equity_ohlcv
VRE,2022-06-23 07:00:00,27.09,27.48,27.04,27.09,801400,unknown,vnstock_market_equity_ohlcv
VRE,2022-06-24 07:00:00,27.14,27.43,26.61,26.61,974300,unknown,vnstock_market_equity_ohlcv
VRE,2022-06-27 07:00:00,26.75,27.81,26.7,27.76,1271000,unknown,vnstock_market_equity_ohlcv
VRE,2022-06-28 07:00:00,27.43,28.44,27.43,27.86,1367000,unknown,vnstock_market_equity_ohlcv
VRE,2022-06-29 07:00:00,27.72,28.15,27.43,27.48,1095400,unknown,vnstock_market_equity_ohlcv
VRE,2022-06-30 07:00:00,27.52,27.86,27.04,27.57,1605000,unknown,vnstock_market_equity_ohlcv
VRE,2022-07-01 07:00:00,27.57,27.67,26.94,27.67,1806800,unknown,vnstock_market_equity_ohlcv
VRE,2022-07-04 07:00:00,27.96,27.96,27.38,27.52,969000,unknown,vnstock_market_equity_ohlcv
VRE,2022-07-05 07:00:00,27.52,27.81,26.99,26.99,1079500,unknown,vnstock_market_equity_ohlcv
VRE,2022-07-06 07:00:00,26.66,27.04,25.11,25.11,3210800,unknown,vnstock_market_equity_ohlcv
VRE,2022-07-07 07:00:00,25.3,26.08,25.3,26.08,2402600,unknown,vnstock_market_equity_ohlcv
VRE,2022-07-08 07:00:00,26.08,26.32,25.69,26.08,1037500,unknown,vnstock_market_equity_ohlcv
VRE,2022-07-11 07:00:00,25.11,25.59,24.29,25.11,3468900,unknown,vnstock_market_equity_ohlcv
VRE,2022-07-12 07:00:00,25.21,25.54,24.72,25.3,1087600,unknown,vnstock_market_equity_ohlcv
VRE,2022-07-13 07:00:00,25.3,25.69,24.92,25.35,806000,unknown,vnstock_market_equity_ohlcv
VRE,2022-07-14 07:00:00,25.59,25.59,25.01,25.16,1161000,unknown,vnstock_market_equity_ohlcv
VRE,2022-07-15 07:00:00,25.11,25.4,24.77,25.3,1215800,unknown,vnstock_market_equity_ohlcv
VRE,2022-07-18 07:00:00,25.4,25.54,25.11,25.16,508500,unknown,vnstock_market_equity_ohlcv
VRE,2022-07-19 07:00:00,24.92,25.16,24.87,25.11,937900,unknown,vnstock_market_equity_ohlcv
VRE,2022-07-20 07:00:00,25.21,25.35,25.11,25.16,1423900,unknown,vnstock_market_equity_ohlcv
VRE,2022-07-21 07:00:00,25.21,25.54,25.11,25.4,2005900,unknown,vnstock_market_equity_ohlcv
VRE,2022-07-22 07:00:00,25.45,25.79,25.11,25.11,1146000,unknown,vnstock_market_equity_ohlcv
VRE,2022-07-25 07:00:00,25.16,25.4,24.96,25.4,1173900,unknown,vnstock_market_equity_ohlcv
VRE,2022-07-26 07:00:00,25.21,25.5,25.11,25.16,550700,unknown,vnstock_market_equity_ohlcv
VRE,2022-07-27 07:00:00,25.3,25.4,25.11,25.4,676600,unknown,vnstock_market_equity_ohlcv
VRE,2022-07-28 07:00:00,25.5,27.14,25.45,27.14,4379900,unknown,vnstock_market_equity_ohlcv
VRE,2022-07-29 07:00:00,27.43,27.57,26.66,27.04,2024600,unknown,vnstock_market_equity_ohlcv
VRE,2022-08-01 07:00:00,27.04,28.01,26.85,28.01,2238700,unknown,vnstock_market_equity_ohlcv
VRE,2022-08-02 07:00:00,27.72,28.01,27.38,28.01,2183100,unknown,vnstock_market_equity_ohlcv
VRE,2022-08-03 07:00:00,27.52,28.06,27.33,28.06,1940500,unknown,vnstock_market_equity_ohlcv
VRE,2022-08-04 07:00:00,27.91,28.49,27.67,28.01,1213600,unknown,vnstock_market_equity_ohlcv
VRE,2022-08-05 07:00:00,27.52,28.1,27.52,27.96,1298600,unknown,vnstock_market_equity_ohlcv
VRE,2022-08-08 07:00:00,27.72,27.96,27.72,27.72,933200,unknown,vnstock_market_equity_ohlcv
VRE,2022-08-09 07:00:00,27.81,27.91,27.57,27.57,771900,unknown,vnstock_market_equity_ohlcv
VRE,2022-08-10 07:00:00,27.52,27.91,27.43,27.43,824100,unknown,vnstock_market_equity_ohlcv
VRE,2022-08-11 07:00:00,27.67,28.54,27.52,27.91,2321200,unknown,vnstock_market_equity_ohlcv
VRE,2022-08-12 07:00:00,27.57,28.44,27.57,28.34,979100,unknown,vnstock_market_equity_ohlcv
VRE,2022-08-15 07:00:00,28.39,28.68,28.34,28.54,1207700,unknown,vnstock_market_equity_ohlcv
VRE,2022-08-16 07:00:00,28.39,28.54,28.1,28.3,1098200,unknown,vnstock_market_equity_ohlcv
VRE,2022-08-17 07:00:00,28.3,28.64,28.25,28.49,1633100,unknown,vnstock_market_equity_ohlcv
VRE,2022-08-18 07:00:00,28.49,28.73,28.15,28.59,2271900,unknown,vnstock_market_equity_ohlcv
VRE,2022-08-19 07:00:00,28.1,28.59,27.67,28.3,2504000,unknown,vnstock_market_equity_ohlcv
VRE,2022-08-22 07:00:00,28.15,28.3,27.48,28.06,1382200,unknown,vnstock_market_equity_ohlcv
VRE,2022-08-23 07:00:00,27.52,28.01,27.38,27.86,1847800,unknown,vnstock_market_equity_ohlcv
VRE,2022-08-24 07:00:00,27.91,27.91,27.57,27.62,1569100,unknown,vnstock_market_equity_ohlcv
VRE,2022-08-25 07:00:00,27.52,28.2,27.52,28.2,1130400,unknown,vnstock_market_equity_ohlcv
VRE,2022-08-26 07:00:00,28.2,28.34,27.86,27.86,954300,unknown,vnstock_market_equity_ohlcv
VRE,2022-08-29 07:00:00,27.14,27.62,26.9,27.43,1941200,unknown,vnstock_market_equity_ohlcv
VRE,2022-08-30 07:00:00,27.43,27.81,27.33,27.43,885800,unknown,vnstock_market_equity_ohlcv
VRE,2022-08-31 07:00:00,27.14,27.43,26.75,26.75,2062000,unknown,vnstock_market_equity_ohlcv
VRE,2022-09-05 07:00:00,26.8,27.04,26.61,26.61,1465000,unknown,vnstock_market_equity_ohlcv
VRE,2022-09-06 07:00:00,26.66,27.09,26.51,27.09,1803100,unknown,vnstock_market_equity_ohlcv
VRE,2022-09-07 07:00:00,26.94,27.28,26.66,26.7,1875900,unknown,vnstock_market_equity_ohlcv
VRE,2022-09-08 07:00:00,26.7,26.99,26.46,26.46,1027300,unknown,vnstock_market_equity_ohlcv
VRE,2022-09-09 07:00:00,26.85,26.85,26.27,26.56,1270000,unknown,vnstock_market_equity_ohlcv
VRE,2022-09-12 07:00:00,26.7,27.81,26.7,27.76,1871600,unknown,vnstock_market_equity_ohlcv
VRE,2022-09-13 07:00:00,27.86,28.2,27.38,27.38,1872600,unknown,vnstock_market_equity_ohlcv
VRE,2022-09-14 07:00:00,27.38,27.72,26.99,27.52,1332600,unknown,vnstock_market_equity_ohlcv
VRE,2022-09-15 07:00:00,27.62,28.01,27.33,27.86,1092600,unknown,vnstock_market_equity_ohlcv
VRE,2022-09-16 07:00:00,27.86,28.83,27.23,28.83,2870500,unknown,vnstock_market_equity_ohlcv
VRE,2022-09-19 07:00:00,28.25,28.34,27.81,28.1,1602700,unknown,vnstock_market_equity_ohlcv
VRE,2022-09-20 07:00:00,28.1,28.15,27.62,28.06,1480700,unknown,vnstock_market_equity_ohlcv
VRE,2022-09-21 07:00:00,27.67,27.86,27.33,27.62,494100,unknown,vnstock_market_equity_ohlcv
VRE,2022-09-22 07:00:00,27.19,27.67,26.8,27.67,778800,unknown,vnstock_market_equity_ohlcv
VRE,2022-09-23 07:00:00,27.28,27.67,27.28,27.52,515200,unknown,vnstock_market_equity_ohlcv
VRE,2022-09-26 07:00:00,26.94,27.23,25.74,25.74,1764700,unknown,vnstock_market_equity_ohlcv
VRE,2022-09-27 07:00:00,26.22,26.46,25.69,25.74,1271100,unknown,vnstock_market_equity_ohlcv
VRE,2022-09-28 07:00:00,25.59,26.17,25.59,25.93,1118100,unknown,vnstock_market_equity_ohlcv
VRE,2022-09-29 07:00:00,26.27,26.85,26.03,26.27,1584800,unknown,vnstock_market_equity_ohlcv
VRE,2022-09-30 07:00:00,25.98,27.04,25.98,27.04,1800300,unknown,vnstock_market_equity_ohlcv
VRE,2022-10-03 07:00:00,26.61,26.94,25.21,25.21,1364000,unknown,vnstock_market_equity_ohlcv
VRE,2022-10-04 07:00:00,25.35,26.08,24.53,25.79,1744700,unknown,vnstock_market_equity_ohlcv
VRE,2022-10-05 07:00:00,25.83,26.94,25.64,26.08,922900,unknown,vnstock_market_equity_ohlcv
VRE,2022-10-06 07:00:00,26.12,26.56,25.59,25.59,1262900,unknown,vnstock_market_equity_ohlcv
VRE,2022-10-07 07:00:00,25.3,26.22,24.05,25.11,2464400,unknown,vnstock_market_equity_ohlcv
VRE,2022-10-10 07:00:00,24.43,26.27,24.14,24.53,1759700,unknown,vnstock_market_equity_ohlcv
VRE,2022-10-11 07:00:00,24.43,24.72,22.84,22.84,2576300,unknown,vnstock_market_equity_ohlcv
VRE,2022-10-12 07:00:00,21.54,24.0,21.25,23.37,2281600,unknown,vnstock_market_equity_ohlcv
VRE,2022-10-13 07:00:00,23.37,24.72,22.98,24.72,1584500,unknown,vnstock_market_equity_ohlcv
VRE,2022-10-14 07:00:00,25.11,25.11,24.19,24.34,670600,unknown,vnstock_market_equity_ohlcv
VRE,2022-10-17 07:00:00,23.47,24.05,23.08,24.05,1037800,unknown,vnstock_market_equity_ohlcv
VRE,2022-10-18 07:00:00,24.43,24.92,23.95,24.92,855200,unknown,vnstock_market_equity_ohlcv
VRE,2022-10-19 07:00:00,24.72,24.96,24.1,24.34,661800,unknown,vnstock_market_equity_ohlcv
VRE,2022-10-20 07:00:00,24.14,24.48,23.76,24.24,1365000,unknown,vnstock_market_equity_ohlcv
VRE,2022-10-21 07:00:00,24.05,24.14,23.18,23.18,720600,unknown,vnstock_market_equity_ohlcv
VRE,2022-10-24 07:00:00,23.81,23.81,21.58,21.58,1778100,unknown,vnstock_market_equity_ohlcv
VRE,2022-10-25 07:00:00,20.86,22.84,20.67,22.21,1369200,unknown,vnstock_market_equity_ohlcv
VRE,2022-10-26 07:00:00,22.26,22.4,21.44,21.44,667200,unknown,vnstock_market_equity_ohlcv
VRE,2022-10-27 07:00:00,22.12,22.94,21.73,22.94,1960900,unknown,vnstock_market_equity_ohlcv
VRE,2022-10-28 07:00:00,23.18,23.95,22.74,22.89,1603500,unknown,vnstock_market_equity_ohlcv
VRE,2022-10-31 07:00:00,23.37,23.76,22.21,23.76,1343000,unknown,vnstock_market_equity_ohlcv
VRE,2022-11-01 07:00:00,23.71,25.4,23.71,25.35,2023900,unknown,vnstock_market_equity_ohlcv
VRE,2022-11-02 07:00:00,25.16,25.4,24.24,24.92,1209300,unknown,vnstock_market_equity_ohlcv
VRE,2022-11-03 07:00:00,24.29,25.11,24.29,25.11,524600,unknown,vnstock_market_equity_ohlcv
VRE,2022-11-04 07:00:00,24.63,25.16,23.71,25.11,1786100,unknown,vnstock_market_equity_ohlcv
VRE,2022-11-07 07:00:00,25.11,25.54,24.38,24.63,1575200,unknown,vnstock_market_equity_ohlcv
VRE,2022-11-08 07:00:00,24.63,24.87,23.95,24.38,1798400,unknown,vnstock_market_equity_ohlcv
VRE,2022-11-09 07:00:00,24.43,25.25,23.95,24.53,1916000,unknown,vnstock_market_equity_ohlcv
VRE,2022-11-10 07:00:00,24.48,24.72,23.71,23.95,1447000,unknown,vnstock_market_equity_ohlcv
VRE,2022-11-11 07:00:00,24.24,24.53,23.85,24.43,1940400,unknown,vnstock_market_equity_ohlcv
VRE,2022-11-14 07:00:00,23.66,24.48,23.28,24.48,1701700,unknown,vnstock_market_equity_ohlcv
VRE,2022-11-15 07:00:00,24.48,24.53,23.66,24.1,1663100,unknown,vnstock_market_equity_ohlcv
VRE,2022-11-16 07:00:00,23.03,25.74,22.5,25.64,2283400,unknown,vnstock_market_equity_ohlcv
VRE,2022-11-17 07:00:00,25.64,27.43,25.11,27.43,3241400,unknown,vnstock_market_equity_ohlcv
VRE,2022-11-18 07:00:00,27.04,27.33,26.36,26.66,1936700,unknown,vnstock_market_equity_ohlcv
VRE,2022-11-21 07:00:00,26.56,26.56,25.21,25.4,1750000,unknown,vnstock_market_equity_ohlcv
VRE,2022-11-22 07:00:00,25.21,27.04,25.16,25.25,1870400,unknown,vnstock_market_equity_ohlcv
VRE,2022-11-23 07:00:00,25.16,25.93,25.01,25.25,661300,unknown,vnstock_market_equity_ohlcv
VRE,2022-11-24 07:00:00,25.11,26.61,25.11,26.17,1209600,unknown,vnstock_market_equity_ohlcv
VRE,2022-11-25 07:00:00,26.66,26.75,26.17,26.46,900300,unknown,vnstock_market_equity_ohlcv
VRE,2022-11-28 07:00:00,26.99,28.3,26.61,28.3,4231400,unknown,vnstock_market_equity_ohlcv
VRE,2022-11-29 07:00:00,28.3,29.46,27.91,29.46,3972000,unknown,vnstock_market_equity_ohlcv
VRE,2022-11-30 07:00:00,29.94,29.94,28.78,29.5,2894300,unknown,vnstock_market_equity_ohlcv
VRE,2022-12-01 07:00:00,29.02,29.74,28.54,28.97,2812500,unknown,vnstock_market_equity_ohlcv
VRE,2022-12-02 07:00:00,28.1,30.47,28.01,30.47,2864300,unknown,vnstock_market_equity_ohlcv
VRE,2022-12-05 07:00:00,30.57,30.57,29.94,30.47,2356100,unknown,vnstock_market_equity_ohlcv
VRE,2022-12-06 07:00:00,29.46,29.89,28.34,28.34,2883400,unknown,vnstock_market_equity_ohlcv
VRE,2022-12-07 07:00:00,28.49,29.17,27.62,28.49,2217500,unknown,vnstock_market_equity_ohlcv
VRE,2022-12-08 07:00:00,28.49,29.07,27.52,27.76,2497400,unknown,vnstock_market_equity_ohlcv
VRE,2022-12-09 07:00:00,27.86,28.49,27.09,27.91,3690300,unknown,vnstock_market_equity_ohlcv
VRE,2022-12-12 07:00:00,28.2,28.92,26.12,26.12,3231300,unknown,vnstock_market_equity_ohlcv
VRE,2022-12-13 07:00:00,26.46,27.04,26.12,27.04,2178600,unknown,vnstock_market_equity_ohlcv
VRE,2022-12-14 07:00:00,27.09,27.14,26.27,26.99,2533600,unknown,vnstock_market_equity_ohlcv
VRE,2022-12-15 07:00:00,26.99,27.09,26.56,26.94,2131800,unknown,vnstock_market_equity_ohlcv
VRE,2022-12-16 07:00:00,26.66,26.94,25.3,25.3,9287700,unknown,vnstock_market_equity_ohlcv
VRE,2022-12-19 07:00:00,26.08,26.85,25.35,26.36,2643000,unknown,vnstock_market_equity_ohlcv
VRE,2022-12-20 07:00:00,25.83,26.41,24.77,24.87,3321300,unknown,vnstock_market_equity_ohlcv
VRE,2022-12-21 07:00:00,25.25,25.79,24.72,25.11,3216500,unknown,vnstock_market_equity_ohlcv
VRE,2022-12-22 07:00:00,25.21,25.54,24.72,25.11,2054700,unknown,vnstock_market_equity_ohlcv
VRE,2022-12-23 07:00:00,25.25,25.25,24.68,24.92,1835700,unknown,vnstock_market_equity_ohlcv
VRE,2022-12-26 07:00:00,25.16,25.16,23.71,23.71,2460400,unknown,vnstock_market_equity_ohlcv
VRE,2022-12-27 07:00:00,24.14,25.35,23.9,24.92,1897200,unknown,vnstock_market_equity_ohlcv
VRE,2022-12-28 07:00:00,24.87,26.17,24.72,25.98,1813400,unknown,vnstock_market_equity_ohlcv
VRE,2022-12-29 07:00:00,25.88,26.22,25.59,25.59,1545900,unknown,vnstock_market_equity_ohlcv
VRE,2022-12-30 07:00:00,25.25,26.27,25.25,25.4,1792900,unknown,vnstock_market_equity_ohlcv
VVS,2022-10-07 07:00:00,10.49,11.83,10.49,11.83,12100,unknown,vnstock_market_equity_ohlcv
VVS,2022-10-10 07:00:00,12.82,13.4,12.82,13.4,11000,unknown,vnstock_market_equity_ohlcv
VVS,2022-10-11 07:00:00,14.86,15.03,12.82,12.82,7900,unknown,vnstock_market_equity_ohlcv
VVS,2022-10-12 07:00:00,12.82,13.4,12.82,13.4,3400,unknown,vnstock_market_equity_ohlcv
VVS,2022-10-13 07:00:00,13.4,13.4,11.65,11.65,1900,unknown,vnstock_market_equity_ohlcv
VVS,2022-10-14 07:00:00,11.65,13.75,11.65,13.58,1200,unknown,vnstock_market_equity_ohlcv
VVS,2022-10-17 07:00:00,11.71,11.71,11.6,11.6,2900,unknown,vnstock_market_equity_ohlcv
VVS,2022-10-18 07:00:00,13.28,13.28,13.28,13.28,100,unknown,vnstock_market_equity_ohlcv
VVS,2022-10-19 07:00:00,15.27,15.27,11.65,12.53,3200,unknown,vnstock_market_equity_ohlcv
VVS,2022-10-20 07:00:00,11.65,13.11,11.65,13.11,10700,unknown,vnstock_market_equity_ohlcv
VVS,2022-10-21 07:00:00,12.47,12.53,11.6,12.47,7900,unknown,vnstock_market_equity_ohlcv
VVS,2022-10-24 07:00:00,11.94,12.24,11.65,12.24,4900,unknown,vnstock_market_equity_ohlcv
VVS,2022-10-25 07:00:00,11.07,11.3,10.26,11.3,16400,unknown,vnstock_market_equity_ohlcv
VVS,2022-10-26 07:00:00,10.78,10.9,10.78,10.9,7500,unknown,vnstock_market_equity_ohlcv
VVS,2022-10-27 07:00:00,9.73,10.96,9.73,10.96,10000,unknown,vnstock_market_equity_ohlcv
VVS,2022-10-28 07:00:00,9.79,10.96,9.79,10.9,7000,unknown,vnstock_market_equity_ohlcv
VVS,2022-10-31 07:00:00,9.61,9.61,9.61,9.61,100,unknown,vnstock_market_equity_ohlcv
VVS,2022-11-01 07:00:00,9.91,10.78,9.91,10.78,2400,unknown,vnstock_market_equity_ohlcv
VVS,2022-11-02 07:00:00,9.38,9.38,9.32,9.32,800,unknown,vnstock_market_equity_ohlcv
VVS,2022-11-03 07:00:00,9.38,10.72,9.03,10.49,48100,unknown,vnstock_market_equity_ohlcv
VVS,2022-11-04 07:00:00,9.61,9.91,9.61,9.91,3200,unknown,vnstock_market_equity_ohlcv
VVS,2022-11-07 07:00:00,9.91,10.08,9.91,10.08,9100,unknown,vnstock_market_equity_ohlcv
VVS,2022-11-08 07:00:00,10.2,10.31,10.2,10.31,4400,unknown,vnstock_market_equity_ohlcv
VVS,2022-11-09 07:00:00,10.31,10.31,10.31,10.31,2100,unknown,vnstock_market_equity_ohlcv
VVS,2022-11-10 07:00:00,9.61,10.14,9.61,10.14,6600,unknown,vnstock_market_equity_ohlcv
VVS,2022-11-11 07:00:00,10.2,10.2,10.2,10.2,100,unknown,vnstock_market_equity_ohlcv
VVS,2022-11-14 07:00:00,10.2,10.2,10.2,10.2,2700,unknown,vnstock_market_equity_ohlcv
VVS,2022-11-15 07:00:00,10.26,10.26,10.26,10.26,900,unknown,vnstock_market_equity_ohlcv
VVS,2022-11-16 07:00:00,10.37,10.37,9.85,9.85,1800,unknown,vnstock_market_equity_ohlcv
VVS,2022-11-17 07:00:00,10.31,10.31,9.61,9.61,6100,unknown,vnstock_market_equity_ohlcv
VVS,2022-11-18 07:00:00,9.96,9.96,9.96,9.96,1000,unknown,vnstock_market_equity_ohlcv
VVS,2022-11-21 07:00:00,9.5,10.08,9.32,10.08,27200,unknown,vnstock_market_equity_ohlcv
VVS,2022-11-22 07:00:00,10.2,10.2,10.2,10.2,1900,unknown,vnstock_market_equity_ohlcv
VVS,2022-11-23 07:00:00,10.26,10.26,9.96,9.96,4300,unknown,vnstock_market_equity_ohlcv
VVS,2022-11-24 07:00:00,10.02,10.02,9.56,10.02,9000,unknown,vnstock_market_equity_ohlcv
VVS,2022-11-25 07:00:00,10.02,10.2,10.02,10.2,6600,unknown,vnstock_market_equity_ohlcv
VVS,2022-11-28 07:00:00,9.79,10.31,9.79,10.2,6400,unknown,vnstock_market_equity_ohlcv
VVS,2022-11-29 07:00:00,9.91,10.49,9.67,10.49,9400,unknown,vnstock_market_equity_ohlcv
VVS,2022-11-30 07:00:00,10.49,11.01,10.14,11.01,17000,unknown,vnstock_market_equity_ohlcv
VVS,2022-12-01 07:00:00,10.72,10.72,10.72,10.72,1500,unknown,vnstock_market_equity_ohlcv
VVS,2022-12-02 07:00:00,10.02,10.72,10.02,10.72,2300,unknown,vnstock_market_equity_ohlcv
VVS,2022-12-05 07:00:00,10.66,10.9,10.66,10.9,2000,unknown,vnstock_market_equity_ohlcv
VVS,2022-12-06 07:00:00,11.01,11.01,9.96,9.96,3100,unknown,vnstock_market_equity_ohlcv
VVS,2022-12-07 07:00:00,10.43,10.9,10.43,10.9,2200,unknown,vnstock_market_equity_ohlcv
VVS,2022-12-08 07:00:00,10.78,10.78,10.72,10.78,2900,unknown,vnstock_market_equity_ohlcv
VVS,2022-12-09 07:00:00,10.78,10.96,10.78,10.96,1500,unknown,vnstock_market_equity_ohlcv
VVS,2022-12-13 07:00:00,9.91,11.01,9.91,11.01,5800,unknown,vnstock_market_equity_ohlcv
VVS,2022-12-14 07:00:00,10.78,10.78,10.49,10.49,6500,unknown,vnstock_market_equity_ohlcv
VVS,2022-12-15 07:00:00,11.07,11.07,10.9,10.9,7700,unknown,vnstock_market_equity_ohlcv
VVS,2022-12-16 07:00:00,10.6,10.6,10.6,10.6,1000,unknown,vnstock_market_equity_ohlcv
VVS,2022-12-19 07:00:00,10.78,10.78,10.78,10.78,4600,unknown,vnstock_market_equity_ohlcv
VVS,2022-12-20 07:00:00,10.78,10.78,10.78,10.78,1000,unknown,vnstock_market_equity_ohlcv
VVS,2022-12-21 07:00:00,9.91,9.91,9.91,9.91,1100,unknown,vnstock_market_equity_ohlcv
VVS,2022-12-22 07:00:00,9.61,10.78,9.5,10.6,25900,unknown,vnstock_market_equity_ohlcv
VVS,2022-12-23 07:00:00,10.26,10.43,10.14,10.43,7700,unknown,vnstock_market_equity_ohlcv
VVS,2022-12-26 07:00:00,10.43,11.01,10.43,10.43,5500,unknown,vnstock_market_equity_ohlcv
VVS,2022-12-27 07:00:00,10.49,11.01,10.49,10.49,9700,unknown,vnstock_market_equity_ohlcv
VVS,2022-12-28 07:00:00,10.6,10.72,10.49,10.72,4200,unknown,vnstock_market_equity_ohlcv
VVS,2022-12-29 07:00:00,10.78,11.13,10.78,11.13,3300,unknown,vnstock_market_equity_ohlcv
VVS,2022-12-30 07:00:00,11.01,12.24,11.01,11.01,7400,unknown,vnstock_market_equity_ohlcv
VNINDEX,2022-05-04 07:00:00,1366.11,1366.39,1348.68,1348.68,498884800,unknown,vnstock_market_equity_ohlcv
VNINDEX,2022-05-05 07:00:00,1361.62,1362.18,1331.41,1360.68,510234300,unknown,vnstock_market_equity_ohlcv
VNINDEX,2022-05-06 07:00:00,1336.05,1350.09,1328.13,1329.26,510678900,unknown,vnstock_market_equity_ohlcv
VNINDEX,2022-05-09 07:00:00,1312.5,1314.52,1265.54,1269.62,627609200,unknown,vnstock_market_equity_ohlcv
VNINDEX,2022-05-10 07:00:00,1262.03,1293.56,1232.57,1293.56,600766800,unknown,vnstock_market_equity_ohlcv
VNINDEX,2022-05-11 07:00:00,1293.56,1305.17,1277.91,1301.53,380880400,unknown,vnstock_market_equity_ohlcv
VNINDEX,2022-05-12 07:00:00,1290.04,1291.65,1238.05,1238.84,516642600,unknown,vnstock_market_equity_ohlcv
VNINDEX,2022-05-13 07:00:00,1234.82,1237.8,1180.6,1182.77,736096200,unknown,vnstock_market_equity_ohlcv
VNINDEX,2022-05-16 07:00:00,1208.29,1215.96,1170.59,1171.95,551353400,unknown,vnstock_market_equity_ohlcv
VNINDEX,2022-05-17 07:00:00,1163.43,1228.37,1156.54,1228.37,542868100,unknown,vnstock_market_equity_ohlcv
VNINDEX,2022-05-18 07:00:00,1240.06,1249.84,1222.92,1240.76,514538800,unknown,vnstock_market_equity_ohlcv
VNINDEX,2022-05-19 07:00:00,1210.43,1246.66,1210.43,1241.64,459858400,unknown,vnstock_market_equity_ohlcv
VNINDEX,2022-05-20 07:00:00,1240.72,1252.96,1232.33,1240.71,465793600,unknown,vnstock_market_equity_ohlcv
VNINDEX,2022-05-23 07:00:00,1246.56,1246.58,1207.99,1218.81,488979100,unknown,vnstock_market_equity_ohlcv
VNINDEX,2022-05-24 07:00:00,1218.79,1233.38,1203.28,1233.38,479498700,unknown,vnstock_market_equity_ohlcv
VNINDEX,2022-05-25 07:00:00,1238.52,1268.43,1234.17,1268.43,616951500,unknown,vnstock_market_equity_ohlcv
VNINDEX,2022-05-26 07:00:00,1271.01,1278.11,1261.55,1268.57,514352700,unknown,vnstock_market_equity_ohlcv
VNINDEX,2022-05-27 07:00:00,1270.56,1286.99,1269.29,1285.45,578174500,unknown,vnstock_market_equity_ohlcv
VNINDEX,2022-05-30 07:00:00,1287.21,1296.22,1281.27,1293.92,499452600,unknown,vnstock_market_equity_ohlcv
VNINDEX,2022-05-31 07:00:00,1293.26,1297.64,1280.44,1292.68,543596100,unknown,vnstock_market_equity_ohlcv
VNINDEX,2022-06-01 07:00:00,1289.56,1302.25,1286.01,1299.52,505619500,unknown,vnstock_market_equity_ohlcv
VNINDEX,2022-06-02 07:00:00,1300.66,1302.66,1283.32,1288.62,527933000,unknown,vnstock_market_equity_ohlcv
VNINDEX,2022-06-03 07:00:00,1288.15,1292.78,1276.37,1287.98,393832200,unknown,vnstock_market_equity_ohlcv
VNINDEX,2022-06-06 07:00:00,1289.44,1302.14,1281.95,1290.01,541562900,unknown,vnstock_market_equity_ohlcv
VNINDEX,2022-06-07 07:00:00,1285.07,1291.35,1260.92,1291.35,625987600,unknown,vnstock_market_equity_ohlcv
VNINDEX,2022-06-08 07:00:00,1297.56,1316.78,1294.27,1307.91,543305900,unknown,vnstock_market_equity_ohlcv
VNINDEX,2022-06-09 07:00:00,1310.11,1312.44,1300.85,1307.8,436340700,unknown,vnstock_market_equity_ohlcv
VNINDEX,2022-06-10 07:00:00,1298.78,1309.59,1284.08,1284.08,561068400,unknown,vnstock_market_equity_ohlcv
VNINDEX,2022-06-13 07:00:00,1251.08,1261.54,1226.01,1227.04,709415500,unknown,vnstock_market_equity_ohlcv
VNINDEX,2022-06-14 07:00:00,1213.44,1239.36,1211.13,1230.31,519177100,unknown,vnstock_market_equity_ohlcv
VNINDEX,2022-06-15 07:00:00,1231.35,1235.56,1195.19,1213.93,626914600,unknown,vnstock_market_equity_ohlcv
VNINDEX,2022-06-16 07:00:00,1226.96,1246.32,1223.0,1236.63,522295400,unknown,vnstock_market_equity_ohlcv
VNINDEX,2022-06-17 07:00:00,1209.74,1220.41,1191.92,1217.3,684022500,unknown,vnstock_market_equity_ohlcv
VNINDEX,2022-06-20 07:00:00,1218.37,1221.6,1180.4,1180.4,620002900,unknown,vnstock_market_equity_ohlcv
VNINDEX,2022-06-21 07:00:00,1172.74,1189.97,1162.94,1172.47,607711900,unknown,vnstock_market_equity_ohlcv
VNINDEX,2022-06-22 07:00:00,1180.11,1185.86,1162.98,1169.27,529135300,unknown,vnstock_market_equity_ohlcv
VNINDEX,2022-06-23 07:00:00,1162.06,1188.88,1162.06,1188.88,380442900,unknown,vnstock_market_equity_ohlcv
VNINDEX,2022-06-24 07:00:00,1190.69,1196.85,1185.48,1185.48,410876800,unknown,vnstock_market_equity_ohlcv
VNINDEX,2022-06-27 07:00:00,1185.48,1203.51,1185.48,1202.82,429735700,unknown,vnstock_market_equity_ohlcv
VNINDEX,2022-06-28 07:00:00,1202.41,1221.74,1198.99,1218.1,534186600,unknown,vnstock_market_equity_ohlcv
VNINDEX,2022-06-29 07:00:00,1208.22,1219.58,1207.38,1218.09,519299900,unknown,vnstock_market_equity_ohlcv
VNINDEX,2022-06-30 07:00:00,1218.85,1220.51,1197.6,1197.6,471576000,unknown,vnstock_market_equity_ohlcv
VNINDEX,2022-07-01 07:00:00,1193.09,1202.41,1170.95,1198.9,498479000,unknown,vnstock_market_equity_ohlcv
VNINDEX,2022-07-04 07:00:00,1206.47,1208.96,1192.63,1195.53,403314600,unknown,vnstock_market_equity_ohlcv
VNINDEX,2022-07-05 07:00:00,1198.59,1200.99,1181.29,1181.29,559493000,unknown,vnstock_market_equity_ohlcv
VNINDEX,2022-07-06 07:00:00,1167.25,1175.26,1147.63,1149.61,511773800,unknown,vnstock_market_equity_ohlcv
VNINDEX,2022-07-07 07:00:00,1148.33,1166.48,1142.8,1166.48,362816600,unknown,vnstock_market_equity_ohlcv
VNINDEX,2022-07-08 07:00:00,1174.53,1177.18,1164.23,1171.31,437189300,unknown,vnstock_market_equity_ohlcv
VNINDEX,2022-07-11 07:00:00,1165.6,1165.6,1144.55,1155.29,488732000,unknown,vnstock_market_equity_ohlcv
VNINDEX,2022-07-12 07:00:00,1154.4,1174.82,1153.55,1174.82,475429100,unknown,vnstock_market_equity_ohlcv
VNINDEX,2022-07-13 07:00:00,1173.46,1182.21,1170.92,1173.92,522379700,unknown,vnstock_market_equity_ohlcv
VNINDEX,2022-07-14 07:00:00,1170.7,1182.17,1170.04,1182.17,490512400,unknown,vnstock_market_equity_ohlcv
VNINDEX,2022-07-15 07:00:00,1183.43,1189.66,1178.12,1179.25,543854200,unknown,vnstock_market_equity_ohlcv
VNINDEX,2022-07-18 07:00:00,1184.74,1184.93,1174.7,1176.49,480514500,unknown,vnstock_market_equity_ohlcv
VNINDEX,2022-07-19 07:00:00,1176.48,1180.46,1168.99,1178.33,479006800,unknown,vnstock_market_equity_ohlcv
VNINDEX,2022-07-20 07:00:00,1188.51,1198.63,1185.82,1194.14,601098600,unknown,vnstock_market_equity_ohlcv
VNINDEX,2022-07-21 07:00:00,1194.89,1201.91,1194.89,1198.47,500949000,unknown,vnstock_market_equity_ohlcv
VNINDEX,2022-07-22 07:00:00,1199.65,1202.69,1194.76,1194.76,448428100,unknown,vnstock_market_equity_ohlcv
VNINDEX,2022-07-25 07:00:00,1191.43,1198.16,1184.32,1188.5,410066000,unknown,vnstock_market_equity_ohlcv
VNINDEX,2022-07-26 07:00:00,1189.42,1194.15,1184.44,1185.07,388328300,unknown,vnstock_market_equity_ohlcv
VNINDEX,2022-07-27 07:00:00,1184.74,1191.04,1178.58,1191.04,387799200,unknown,vnstock_market_equity_ohlcv
VNINDEX,2022-07-28 07:00:00,1191.19,1214.03,1191.19,1208.12,620546700,unknown,vnstock_market_equity_ohlcv
VNINDEX,2022-07-29 07:00:00,1214.48,1217.84,1206.33,1206.33,537058300,unknown,vnstock_market_equity_ohlcv
VNINDEX,2022-08-01 07:00:00,1206.46,1231.35,1206.46,1231.35,681871300,unknown,vnstock_market_equity_ohlcv
VNINDEX,2022-08-02 07:00:00,1230.34,1241.91,1224.11,1241.62,734388200,unknown,vnstock_market_equity_ohlcv
VNINDEX,2022-08-03 07:00:00,1233.86,1250.2,1232.41,1249.76,702358600,unknown,vnstock_market_equity_ohlcv
VNINDEX,2022-08-04 07:00:00,1252.49,1257.38,1247.38,1254.15,655935800,unknown,vnstock_market_equity_ohlcv
VNINDEX,2022-08-05 07:00:00,1250.25,1253.75,1245.05,1252.74,604391400,unknown,vnstock_market_equity_ohlcv
VNINDEX,2022-08-08 07:00:00,1252.36,1258.84,1252.04,1256.75,634015600,unknown,vnstock_market_equity_ohlcv
VNINDEX,2022-08-09 07:00:00,1256.75,1263.14,1252.84,1258.85,655262300,unknown,vnstock_market_equity_ohlcv
VNINDEX,2022-08-10 07:00:00,1255.69,1260.36,1253.89,1256.5,584384800,unknown,vnstock_market_equity_ohlcv
VNINDEX,2022-08-11 07:00:00,1261.91,1268.03,1245.85,1252.07,765336500,unknown,vnstock_market_equity_ohlcv
VNINDEX,2022-08-12 07:00:00,1250.76,1262.33,1248.65,1262.33,508817800,unknown,vnstock_market_equity_ohlcv
VNINDEX,2022-08-15 07:00:00,1268.56,1274.24,1268.02,1274.2,585580500,unknown,vnstock_market_equity_ohlcv
VNINDEX,2022-08-16 07:00:00,1274.18,1275.93,1271.11,1274.69,572322300,unknown,vnstock_market_equity_ohlcv
VNINDEX,2022-08-17 07:00:00,1276.76,1280.61,1271.97,1275.28,644581600,unknown,vnstock_market_equity_ohlcv
VNINDEX,2022-08-18 07:00:00,1273.45,1283.15,1268.64,1273.66,558424300,unknown,vnstock_market_equity_ohlcv
VNINDEX,2022-08-19 07:00:00,1272.04,1280.0,1263.45,1269.18,568209800,unknown,vnstock_market_equity_ohlcv
VNINDEX,2022-08-22 07:00:00,1268.52,1270.57,1255.83,1260.43,566785900,unknown,vnstock_market_equity_ohlcv
VNINDEX,2022-08-23 07:00:00,1253.45,1270.81,1253.45,1270.81,520796300,unknown,vnstock_market_equity_ohlcv
VNINDEX,2022-08-24 07:00:00,1275.57,1280.36,1272.33,1277.16,519810800,unknown,vnstock_market_equity_ohlcv
VNINDEX,2022-08-25 07:00:00,1279.45,1289.18,1279.45,1288.88,562124700,unknown,vnstock_market_equity_ohlcv
VNINDEX,2022-08-26 07:00:00,1291.29,1295.12,1280.05,1282.57,614354500,unknown,vnstock_market_equity_ohlcv
VNINDEX,2022-08-29 07:00:00,1271.56,1271.56,1249.17,1270.8,793997300,unknown,vnstock_market_equity_ohlcv
VNINDEX,2022-08-30 07:00:00,1271.01,1287.65,1271.01,1279.39,473770000,unknown,vnstock_market_equity_ohlcv
VNINDEX,2022-08-31 07:00:00,1276.65,1285.29,1274.99,1280.51,462420100,unknown,vnstock_market_equity_ohlcv
VNINDEX,2022-09-05 07:00:00,1280.34,1285.7,1275.35,1277.35,466166300,unknown,vnstock_market_equity_ohlcv
VNINDEX,2022-09-06 07:00:00,1279.58,1286.92,1277.4,1277.4,537987600,unknown,vnstock_market_equity_ohlcv
VNINDEX,2022-09-07 07:00:00,1274.68,1275.07,1243.17,1243.17,796593600,unknown,vnstock_market_equity_ohlcv
VNINDEX,2022-09-08 07:00:00,1251.22,1251.36,1234.6,1234.6,557779800,unknown,vnstock_market_equity_ohlcv
VNINDEX,2022-09-09 07:00:00,1241.26,1248.78,1228.54,1248.78,542039800,unknown,vnstock_market_equity_ohlcv
VNINDEX,2022-09-12 07:00:00,1255.16,1257.8,1248.97,1249.62,390724400,unknown,vnstock_market_equity_ohlcv
VNINDEX,2022-09-13 07:00:00,1251.1,1252.35,1243.87,1248.4,410707400,unknown,vnstock_market_equity_ohlcv
VNINDEX,2022-09-14 07:00:00,1229.76,1242.17,1228.51,1240.77,574337900,unknown,vnstock_market_equity_ohlcv
VNINDEX,2022-09-15 07:00:00,1246.92,1250.93,1243.45,1245.66,385727500,unknown,vnstock_market_equity_ohlcv
VNINDEX,2022-09-16 07:00:00,1243.15,1246.17,1230.37,1234.03,594453000,unknown,vnstock_market_equity_ohlcv
VNINDEX,2022-09-19 07:00:00,1231.8,1233.46,1202.07,1205.43,641804000,unknown,vnstock_market_equity_ohlcv
VNINDEX,2022-09-20 07:00:00,1212.08,1218.93,1199.71,1218.93,412723400,unknown,vnstock_market_equity_ohlcv
VNINDEX,2022-09-21 07:00:00,1213.2,1217.28,1204.68,1210.55,325527500,unknown,vnstock_market_equity_ohlcv
VNINDEX,2022-09-22 07:00:00,1200.34,1214.7,1196.64,1214.7,435982100,unknown,vnstock_market_equity_ohlcv
VNINDEX,2022-09-23 07:00:00,1214.81,1216.59,1201.45,1203.28,443208000,unknown,vnstock_market_equity_ohlcv
VNINDEX,2022-09-26 07:00:00,1186.41,1190.27,1159.12,1174.35,701894100,unknown,vnstock_market_equity_ohlcv
VNINDEX,2022-09-27 07:00:00,1177.66,1180.75,1166.44,1166.54,415135800,unknown,vnstock_market_equity_ohlcv
VNINDEX,2022-09-28 07:00:00,1158.6,1162.6,1142.79,1143.62,496730000,unknown,vnstock_market_equity_ohlcv
VNINDEX,2022-09-29 07:00:00,1149.78,1159.49,1126.07,1126.07,415993300,unknown,vnstock_market_equity_ohlcv
VNINDEX,2022-09-30 07:00:00,1116.11,1135.47,1099.44,1132.11,612447100,unknown,vnstock_market_equity_ohlcv
VNINDEX,2022-10-03 07:00:00,1124.46,1126.46,1079.86,1086.44,501911900,unknown,vnstock_market_equity_ohlcv
VNINDEX,2022-10-04 07:00:00,1095.73,1100.42,1069.74,1078.14,513862500,unknown,vnstock_market_equity_ohlcv
VNINDEX,2022-10-05 07:00:00,1092.08,1110.21,1092.08,1104.26,396842100,unknown,vnstock_market_equity_ohlcv
VNINDEX,2022-10-06 07:00:00,1105.31,1106.97,1072.57,1074.52,499954800,unknown,vnstock_market_equity_ohlcv
VNINDEX,2022-10-07 07:00:00,1060.58,1062.23,1022.38,1035.91,788668100,unknown,vnstock_market_equity_ohlcv
VNINDEX,2022-10-10 07:00:00,1022.22,1051.02,1012.94,1042.48,541876100,unknown,vnstock_market_equity_ohlcv
VNINDEX,2022-10-11 07:00:00,1036.48,1036.48,998.64,1006.2,580908400,unknown,vnstock_market_equity_ohlcv
VNINDEX,2022-10-12 07:00:00,1006.74,1039.44,1002.89,1034.81,532825500,unknown,vnstock_market_equity_ohlcv
VNINDEX,2022-10-13 07:00:00,1034.48,1050.99,1025.04,1050.99,402643700,unknown,vnstock_market_equity_ohlcv
VNINDEX,2022-10-14 07:00:00,1063.07,1068.12,1055.29,1061.85,506303900,unknown,vnstock_market_equity_ohlcv
VNINDEX,2022-10-17 07:00:00,1053.64,1054.05,1033.59,1051.58,435723100,unknown,vnstock_market_equity_ohlcv
VNINDEX,2022-10-18 07:00:00,1065.6,1071.74,1057.71,1063.66,466433900,unknown,vnstock_market_equity_ohlcv
VNINDEX,2022-10-19 07:00:00,1065.24,1065.99,1052.29,1060.07,345418600,unknown,vnstock_market_equity_ohlcv
VNINDEX,2022-10-20 07:00:00,1056.14,1065.28,1048.21,1058.45,352502000,unknown,vnstock_market_equity_ohlcv
VNINDEX,2022-10-21 07:00:00,1059.09,1059.09,1013.69,1019.82,642204900,unknown,vnstock_market_equity_ohlcv
VNINDEX,2022-10-24 07:00:00,1019.84,1023.51,977.41,986.15,547149700,unknown,vnstock_market_equity_ohlcv
VNINDEX,2022-10-25 07:00:00,980.47,1011.39,962.45,997.7,670274300,unknown,vnstock_market_equity_ohlcv
VNINDEX,2022-10-26 07:00:00,1000.74,1004.55,984.71,993.36,352376800,unknown,vnstock_market_equity_ohlcv
VNINDEX,2022-10-27 07:00:00,994.82,1028.01,990.48,1028.01,572328800,unknown,vnstock_market_equity_ohlcv
VNINDEX,2022-10-28 07:00:00,1036.27,1044.57,1026.53,1027.36,515678600,unknown,vnstock_market_equity_ohlcv
VNINDEX,2022-10-31 07:00:00,1028.24,1030.32,1005.0,1027.94,581502900,unknown,vnstock_market_equity_ohlcv
VNINDEX,2022-11-01 07:00:00,1029.05,1043.53,1027.39,1033.75,575844000,unknown,vnstock_market_equity_ohlcv
VNINDEX,2022-11-02 07:00:00,1033.04,1034.73,1018.64,1023.19,488346900,unknown,vnstock_market_equity_ohlcv
VNINDEX,2022-11-03 07:00:00,1011.41,1023.95,1010.65,1019.81,404442900,unknown,vnstock_market_equity_ohlcv
VNINDEX,2022-11-04 07:00:00,1008.23,1009.96,974.61,997.15,694725300,unknown,vnstock_market_equity_ohlcv
VNINDEX,2022-11-07 07:00:00,991.01,996.18,969.61,975.19,534028100,unknown,vnstock_market_equity_ohlcv
VNINDEX,2022-11-08 07:00:00,960.93,981.86,956.97,981.65,542477500,unknown,vnstock_market_equity_ohlcv
VNINDEX,2022-11-09 07:00:00,983.36,994.79,977.93,985.59,466326400,unknown,vnstock_market_equity_ohlcv
VNINDEX,2022-11-10 07:00:00,975.97,976.31,935.78,947.24,637622500,unknown,vnstock_market_equity_ohlcv
VNINDEX,2022-11-11 07:00:00,954.95,966.7,949.49,954.53,646268900,unknown,vnstock_market_equity_ohlcv
VNINDEX,2022-11-14 07:00:00,939.94,945.29,923.53,941.04,599309300,unknown,vnstock_market_equity_ohlcv
VNINDEX,2022-11-15 07:00:00,925.86,929.06,900.17,911.9,589099000,unknown,vnstock_market_equity_ohlcv
VNINDEX,2022-11-16 07:00:00,883.65,945.42,873.78,942.9,934066100,unknown,vnstock_market_equity_ohlcv
VNINDEX,2022-11-17 07:00:00,952.91,972.88,950.9,969.26,589567300,unknown,vnstock_market_equity_ohlcv
VNINDEX,2022-11-18 07:00:00,968.05,971.77,939.73,969.33,833798300,unknown,vnstock_market_equity_ohlcv
VNINDEX,2022-11-21 07:00:00,972.17,973.19,956.77,960.65,522726700,unknown,vnstock_market_equity_ohlcv
VNINDEX,2022-11-22 07:00:00,953.78,985.28,948.52,952.12,978732600,unknown,vnstock_market_equity_ohlcv
VNINDEX,2022-11-23 07:00:00,947.44,958.61,942.02,946.0,488928200,unknown,vnstock_market_equity_ohlcv
VNINDEX,2022-11-24 07:00:00,942.86,950.03,934.31,947.71,482211800,unknown,vnstock_market_equity_ohlcv
VNINDEX,2022-11-25 07:00:00,955.58,971.46,955.53,971.46,554366400,unknown,vnstock_market_equity_ohlcv
VNINDEX,2022-11-28 07:00:00,979.68,1006.22,979.48,1005.69,872397100,unknown,vnstock_market_equity_ohlcv
VNINDEX,2022-11-29 07:00:00,1008.85,1032.16,998.56,1032.16,1101690200,unknown,vnstock_market_equity_ohlcv
VNINDEX,2022-11-30 07:00:00,1037.44,1048.42,1021.54,1048.42,956511200,unknown,vnstock_market_equity_ohlcv
VNINDEX,2022-12-01 07:00:00,1057.72,1066.28,1035.62,1036.28,1263330500,unknown,vnstock_market_equity_ohlcv
VNINDEX,2022-12-02 07:00:00,1032.75,1080.01,1030.81,1080.01,1014241900,unknown,vnstock_market_equity_ohlcv
VNINDEX,2022-12-05 07:00:00,1090.97,1099.45,1082.59,1093.67,1112166800,unknown,vnstock_market_equity_ohlcv
VNINDEX,2022-12-06 07:00:00,1090.64,1090.64,1048.69,1048.69,1356936200,unknown,vnstock_market_equity_ohlcv
VNINDEX,2022-12-07 07:00:00,1046.72,1059.79,1034.92,1041.02,827948300,unknown,vnstock_market_equity_ohlcv
VNINDEX,2022-12-08 07:00:00,1051.58,1078.09,1045.98,1050.53,873712400,unknown,vnstock_market_equity_ohlcv
VNINDEX,2022-12-09 07:00:00,1056.69,1061.21,1041.39,1051.81,725636400,unknown,vnstock_market_equity_ohlcv
VNINDEX,2022-12-12 07:00:00,1059.43,1065.16,1032.07,1032.07,808782100,unknown,vnstock_market_equity_ohlcv
VNINDEX,2022-12-13 07:00:00,1035.28,1047.45,1026.3,1047.45,735828900,unknown,vnstock_market_equity_ohlcv
VNINDEX,2022-12-14 07:00:00,1062.18,1062.18,1046.43,1050.43,667860400,unknown,vnstock_market_equity_ohlcv
VNINDEX,2022-12-15 07:00:00,1049.16,1062.61,1049.06,1055.32,665769400,unknown,vnstock_market_equity_ohlcv
VNINDEX,2022-12-16 07:00:00,1048.62,1064.79,1047.16,1052.48,790237300,unknown,vnstock_market_equity_ohlcv
VNINDEX,2022-12-19 07:00:00,1052.13,1065.59,1038.4,1038.4,852324700,unknown,vnstock_market_equity_ohlcv
VNINDEX,2022-12-20 07:00:00,1036.01,1038.74,1010.08,1023.13,954038800,unknown,vnstock_market_equity_ohlcv
VNINDEX,2022-12-21 07:00:00,1033.34,1033.84,1005.43,1018.88,703570400,unknown,vnstock_market_equity_ohlcv
VNINDEX,2022-12-22 07:00:00,1026.49,1033.18,1016.54,1022.61,531712600,unknown,vnstock_market_equity_ohlcv
VNINDEX,2022-12-23 07:00:00,1023.92,1027.34,1013.2,1020.34,423823400,unknown,vnstock_market_equity_ohlcv
VNINDEX,2022-12-26 07:00:00,1020.34,1021.89,985.21,985.21,566850100,unknown,vnstock_market_equity_ohlcv
VNINDEX,2022-12-27 07:00:00,986.07,1007.88,984.39,1004.57,507205800,unknown,vnstock_market_equity_ohlcv
VNINDEX,2022-12-28 07:00:00,1008.81,1020.52,998.97,1015.66,392271900,unknown,vnstock_market_equity_ohlcv
VNINDEX,2022-12-29 07:00:00,1015.39,1021.96,1009.29,1009.29,371300500,unknown,vnstock_market_equity_ohlcv
VNINDEX,2022-12-30 07:00:00,1017.25,1017.99,1007.09,1007.09,344378600,unknown,vnstock_market_equity_ohlcv
VN30,2022-05-04 07:00:00,1415.43,1415.45,1389.59,1389.59,114189600,unknown,vnstock_market_equity_ohlcv
VN30,2022-05-05 07:00:00,1402.6,1405.43,1373.42,1404.88,122134200,unknown,vnstock_market_equity_ohlcv
VN30,2022-05-06 07:00:00,1399.54,1399.54,1371.0,1373.21,129906600,unknown,vnstock_market_equity_ohlcv
VN30,2022-05-09 07:00:00,1358.56,1360.64,1308.34,1314.04,200878800,unknown,vnstock_market_equity_ohlcv
VN30,2022-05-10 07:00:00,1312.1,1345.46,1285.67,1345.46,157234400,unknown,vnstock_market_equity_ohlcv
VN30,2022-05-11 07:00:00,1344.14,1355.11,1324.2,1349.82,94773600,unknown,vnstock_market_equity_ohlcv
VN30,2022-05-12 07:00:00,1337.01,1339.25,1279.48,1279.76,163224300,unknown,vnstock_market_equity_ohlcv
VN30,2022-05-13 07:00:00,1281.28,1284.94,1219.52,1223.76,237555200,unknown,vnstock_market_equity_ohlcv
VN30,2022-05-16 07:00:00,1254.88,1258.25,1214.29,1215.08,172770300,unknown,vnstock_market_equity_ohlcv
VN30,2022-05-17 07:00:00,1211.88,1279.55,1203.51,1279.55,161817400,unknown,vnstock_market_equity_ohlcv
VN30,2022-05-18 07:00:00,1289.5,1298.69,1268.13,1286.41,159937700,unknown,vnstock_market_equity_ohlcv
VN30,2022-05-19 07:00:00,1259.59,1291.49,1255.63,1283.55,130077200,unknown,vnstock_market_equity_ohlcv
VN30,2022-05-20 07:00:00,1284.89,1296.0,1273.4,1282.51,110100400,unknown,vnstock_market_equity_ohlcv
VN30,2022-05-23 07:00:00,1287.49,1287.65,1245.41,1255.35,139331100,unknown,vnstock_market_equity_ohlcv
VN30,2022-05-24 07:00:00,1255.77,1272.71,1242.36,1272.71,146366400,unknown,vnstock_market_equity_ohlcv
VN30,2022-05-25 07:00:00,1277.54,1311.32,1273.29,1310.7,172697800,unknown,vnstock_market_equity_ohlcv
VN30,2022-05-26 07:00:00,1312.56,1319.21,1304.59,1309.5,127930000,unknown,vnstock_market_equity_ohlcv
VN30,2022-05-27 07:00:00,1311.78,1336.99,1310.64,1335.68,139406400,unknown,vnstock_market_equity_ohlcv
VN30,2022-05-30 07:00:00,1337.39,1342.87,1329.38,1342.87,121531100,unknown,vnstock_market_equity_ohlcv
VN30,2022-05-31 07:00:00,1342.08,1342.08,1324.46,1332.59,127915900,unknown,vnstock_market_equity_ohlcv
VN30,2022-06-01 07:00:00,1329.02,1341.47,1323.07,1335.49,127582100,unknown,vnstock_market_equity_ohlcv
VN30,2022-06-02 07:00:00,1339.12,1342.47,1319.85,1325.49,133902700,unknown,vnstock_market_equity_ohlcv
VN30,2022-06-03 07:00:00,1325.49,1329.9,1313.4,1327.4,100179800,unknown,vnstock_market_equity_ohlcv
VN30,2022-06-06 07:00:00,1328.73,1336.96,1320.97,1327.04,132834400,unknown,vnstock_market_equity_ohlcv
VN30,2022-06-07 07:00:00,1323.19,1324.37,1297.98,1324.37,153980900,unknown,vnstock_market_equity_ohlcv
VN30,2022-06-08 07:00:00,1328.95,1348.4,1325.65,1342.03,163072000,unknown,vnstock_market_equity_ohlcv
VN30,2022-06-09 07:00:00,1344.56,1346.13,1335.28,1342.92,126600400,unknown,vnstock_market_equity_ohlcv
VN30,2022-06-10 07:00:00,1332.93,1344.85,1325.69,1325.69,136585200,unknown,vnstock_market_equity_ohlcv
VN30,2022-06-13 07:00:00,1295.26,1300.45,1260.85,1260.85,199019600,unknown,vnstock_market_equity_ohlcv
VN30,2022-06-14 07:00:00,1247.39,1271.28,1245.26,1261.16,145640500,unknown,vnstock_market_equity_ohlcv
VN30,2022-06-15 07:00:00,1263.96,1268.33,1231.12,1253.09,167431200,unknown,vnstock_market_equity_ohlcv
VN30,2022-06-16 07:00:00,1266.87,1292.02,1263.56,1280.37,156455300,unknown,vnstock_market_equity_ohlcv
VN30,2022-06-17 07:00:00,1254.05,1259.39,1229.74,1258.03,187300200,unknown,vnstock_market_equity_ohlcv
VN30,2022-06-20 07:00:00,1258.3,1262.83,1223.03,1225.56,168768300,unknown,vnstock_market_equity_ohlcv
VN30,2022-06-21 07:00:00,1220.76,1240.8,1212.69,1224.54,172801800,unknown,vnstock_market_equity_ohlcv
VN30,2022-06-22 07:00:00,1233.28,1242.06,1222.86,1227.18,142695000,unknown,vnstock_market_equity_ohlcv
VN30,2022-06-23 07:00:00,1227.18,1240.58,1219.08,1240.58,105240000,unknown,vnstock_market_equity_ohlcv
VN30,2022-06-24 07:00:00,1239.54,1246.22,1234.72,1235.47,90437000,unknown,vnstock_market_equity_ohlcv
VN30,2022-06-27 07:00:00,1238.23,1256.67,1237.79,1256.67,110597100,unknown,vnstock_market_equity_ohlcv
VN30,2022-06-28 07:00:00,1254.35,1276.21,1249.57,1273.41,151571400,unknown,vnstock_market_equity_ohlcv
VN30,2022-06-29 07:00:00,1259.83,1274.73,1259.41,1273.4,113295900,unknown,vnstock_market_equity_ohlcv
VN30,2022-06-30 07:00:00,1273.99,1276.23,1248.92,1248.92,118013500,unknown,vnstock_market_equity_ohlcv
VN30,2022-07-01 07:00:00,1247.7,1255.67,1225.64,1252.24,118891000,unknown,vnstock_market_equity_ohlcv
VN30,2022-07-04 07:00:00,1256.2,1260.72,1244.5,1248.37,112840000,unknown,vnstock_market_equity_ohlcv
VN30,2022-07-05 07:00:00,1252.48,1256.47,1239.8,1242.05,162030600,unknown,vnstock_market_equity_ohlcv
VN30,2022-07-06 07:00:00,1241.19,1241.19,1211.94,1211.94,131179800,unknown,vnstock_market_equity_ohlcv
VN30,2022-07-07 07:00:00,1212.36,1229.23,1209.97,1229.23,98638500,unknown,vnstock_market_equity_ohlcv
VN30,2022-07-08 07:00:00,1235.65,1236.85,1225.04,1231.54,115987500,unknown,vnstock_market_equity_ohlcv
VN30,2022-07-11 07:00:00,1224.2,1224.2,1200.15,1209.02,131002300,unknown,vnstock_market_equity_ohlcv
VN30,2022-07-12 07:00:00,1208.06,1219.44,1204.84,1219.44,88675600,unknown,vnstock_market_equity_ohlcv
VN30,2022-07-13 07:00:00,1216.83,1225.85,1213.41,1216.94,117179900,unknown,vnstock_market_equity_ohlcv
VN30,2022-07-14 07:00:00,1213.73,1224.01,1211.14,1221.94,106757900,unknown,vnstock_market_equity_ohlcv
VN30,2022-07-15 07:00:00,1224.15,1228.48,1217.21,1220.14,147665700,unknown,vnstock_market_equity_ohlcv
VN30,2022-07-18 07:00:00,1225.4,1225.69,1213.28,1214.28,104038500,unknown,vnstock_market_equity_ohlcv
VN30,2022-07-19 07:00:00,1213.55,1213.64,1204.61,1211.7,100592900,unknown,vnstock_market_equity_ohlcv
VN30,2022-07-20 07:00:00,1220.25,1229.62,1217.45,1225.62,123377500,unknown,vnstock_market_equity_ohlcv
VN30,2022-07-21 07:00:00,1227.31,1240.91,1226.88,1235.25,127715400,unknown,vnstock_market_equity_ohlcv
VN30,2022-07-22 07:00:00,1238.46,1241.65,1228.84,1228.84,106142000,unknown,vnstock_market_equity_ohlcv
VN30,2022-07-25 07:00:00,1228.11,1231.84,1219.61,1222.6,94341400,unknown,vnstock_market_equity_ohlcv
VN30,2022-07-26 07:00:00,1221.43,1227.1,1218.11,1218.49,93438000,unknown,vnstock_market_equity_ohlcv
VN30,2022-07-27 07:00:00,1218.13,1219.43,1211.42,1219.43,95584100,unknown,vnstock_market_equity_ohlcv
VN30,2022-07-28 07:00:00,1228.73,1240.65,1226.95,1236.14,180062100,unknown,vnstock_market_equity_ohlcv
VN30,2022-07-29 07:00:00,1243.17,1243.17,1232.0,1232.0,142294000,unknown,vnstock_market_equity_ohlcv
VN30,2022-08-01 07:00:00,1233.85,1256.25,1233.64,1256.25,175842500,unknown,vnstock_market_equity_ohlcv
VN30,2022-08-02 07:00:00,1256.32,1266.14,1248.97,1265.97,172175300,unknown,vnstock_market_equity_ohlcv
VN30,2022-08-03 07:00:00,1259.26,1271.39,1256.39,1269.83,184352300,unknown,vnstock_market_equity_ohlcv
VN30,2022-08-04 07:00:00,1273.71,1281.46,1270.66,1277.73,164088200,unknown,vnstock_market_equity_ohlcv
VN30,2022-08-05 07:00:00,1274.48,1276.19,1265.93,1272.06,172672400,unknown,vnstock_market_equity_ohlcv
VN30,2022-08-08 07:00:00,1270.27,1280.13,1270.13,1276.7,141948100,unknown,vnstock_market_equity_ohlcv
VN30,2022-08-09 07:00:00,1281.38,1285.52,1275.12,1281.44,161794800,unknown,vnstock_market_equity_ohlcv
VN30,2022-08-10 07:00:00,1279.58,1283.06,1276.07,1277.15,117050500,unknown,vnstock_market_equity_ohlcv
VN30,2022-08-11 07:00:00,1282.09,1289.29,1267.04,1272.33,175275100,unknown,vnstock_market_equity_ohlcv
VN30,2022-08-12 07:00:00,1271.39,1280.96,1267.14,1280.96,113933600,unknown,vnstock_market_equity_ohlcv
VN30,2022-08-15 07:00:00,1287.13,1294.11,1285.52,1293.79,149048700,unknown,vnstock_market_equity_ohlcv
VN30,2022-08-16 07:00:00,1293.72,1297.38,1290.52,1295.1,155261200,unknown,vnstock_market_equity_ohlcv
VN30,2022-08-17 07:00:00,1297.25,1304.49,1296.58,1300.4,146611100,unknown,vnstock_market_equity_ohlcv
VN30,2022-08-18 07:00:00,1299.09,1311.73,1295.54,1299.93,162054000,unknown,vnstock_market_equity_ohlcv
VN30,2022-08-19 07:00:00,1297.97,1303.73,1289.57,1294.93,154225000,unknown,vnstock_market_equity_ohlcv
VN30,2022-08-22 07:00:00,1294.78,1295.69,1281.96,1285.45,128864900,unknown,vnstock_market_equity_ohlcv
VN30,2022-08-23 07:00:00,1276.09,1292.0,1275.57,1292.0,130485700,unknown,vnstock_market_equity_ohlcv
VN30,2022-08-24 07:00:00,1295.07,1300.4,1291.96,1296.41,113650300,unknown,vnstock_market_equity_ohlcv
VN30,2022-08-25 07:00:00,1299.26,1311.55,1299.26,1311.55,127468800,unknown,vnstock_market_equity_ohlcv
VN30,2022-08-26 07:00:00,1314.73,1320.16,1304.68,1306.81,152914600,unknown,vnstock_market_equity_ohlcv
VN30,2022-08-29 07:00:00,1296.03,1296.03,1275.4,1293.25,174325400,unknown,vnstock_market_equity_ohlcv
VN30,2022-08-30 07:00:00,1293.41,1307.12,1293.41,1298.14,112858600,unknown,vnstock_market_equity_ohlcv
VN30,2022-08-31 07:00:00,1295.71,1306.45,1294.34,1301.44,103562800,unknown,vnstock_market_equity_ohlcv
VN30,2022-09-05 07:00:00,1300.5,1305.62,1294.44,1298.15,110009200,unknown,vnstock_market_equity_ohlcv
VN30,2022-09-06 07:00:00,1298.74,1305.9,1296.58,1299.06,121911600,unknown,vnstock_market_equity_ohlcv
VN30,2022-09-07 07:00:00,1297.31,1298.17,1268.95,1268.95,187243100,unknown,vnstock_market_equity_ohlcv
VN30,2022-09-08 07:00:00,1277.63,1279.34,1265.57,1265.57,124239300,unknown,vnstock_market_equity_ohlcv
VN30,2022-09-09 07:00:00,1273.37,1275.64,1259.35,1275.64,161748700,unknown,vnstock_market_equity_ohlcv
VN30,2022-09-12 07:00:00,1283.41,1285.17,1275.45,1275.6,100037700,unknown,vnstock_market_equity_ohlcv
VN30,2022-09-13 07:00:00,1277.48,1279.55,1271.22,1272.48,94065400,unknown,vnstock_market_equity_ohlcv
VN30,2022-09-14 07:00:00,1254.44,1262.8,1250.98,1260.88,142289600,unknown,vnstock_market_equity_ohlcv
VN30,2022-09-15 07:00:00,1267.24,1269.54,1260.51,1262.82,101057100,unknown,vnstock_market_equity_ohlcv
VN30,2022-09-16 07:00:00,1259.9,1263.97,1248.13,1252.78,155329900,unknown,vnstock_market_equity_ohlcv
VN30,2022-09-19 07:00:00,1251.43,1253.45,1225.18,1229.88,152498300,unknown,vnstock_market_equity_ohlcv
VN30,2022-09-20 07:00:00,1235.93,1241.07,1224.96,1241.07,94432100,unknown,vnstock_market_equity_ohlcv
VN30,2022-09-21 07:00:00,1235.84,1236.05,1223.02,1228.2,76490900,unknown,vnstock_market_equity_ohlcv
VN30,2022-09-22 07:00:00,1217.63,1229.26,1210.65,1228.94,98659200,unknown,vnstock_market_equity_ohlcv
VN30,2022-09-23 07:00:00,1227.34,1230.72,1213.74,1215.41,88494000,unknown,vnstock_market_equity_ohlcv
VN30,2022-09-26 07:00:00,1199.39,1201.89,1172.37,1187.22,175236400,unknown,vnstock_market_equity_ohlcv
VN30,2022-09-27 07:00:00,1190.46,1193.79,1181.43,1182.46,85342600,unknown,vnstock_market_equity_ohlcv
VN30,2022-09-28 07:00:00,1173.82,1177.58,1160.66,1160.66,92268300,unknown,vnstock_market_equity_ohlcv
VN30,2022-09-29 07:00:00,1166.59,1177.21,1147.44,1147.44,88046900,unknown,vnstock_market_equity_ohlcv
VN30,2022-09-30 07:00:00,1140.18,1158.2,1128.57,1152.01,154777200,unknown,vnstock_market_equity_ohlcv
VN30,2022-10-03 07:00:00,1141.87,1144.95,1094.49,1102.0,159888000,unknown,vnstock_market_equity_ohlcv
VN30,2022-10-04 07:00:00,1113.8,1117.87,1088.41,1097.72,147867000,unknown,vnstock_market_equity_ohlcv
VN30,2022-10-05 07:00:00,1114.6,1128.94,1112.26,1117.38,114403700,unknown,vnstock_market_equity_ohlcv
VN30,2022-10-06 07:00:00,1117.7,1119.76,1079.75,1081.36,141259300,unknown,vnstock_market_equity_ohlcv
VN30,2022-10-07 07:00:00,1064.72,1067.03,1027.64,1039.54,261705900,unknown,vnstock_market_equity_ohlcv
VN30,2022-10-10 07:00:00,1025.48,1052.24,1011.44,1038.93,178313500,unknown,vnstock_market_equity_ohlcv
VN30,2022-10-11 07:00:00,1031.12,1031.12,987.27,1001.68,200927800,unknown,vnstock_market_equity_ohlcv
VN30,2022-10-12 07:00:00,1004.53,1039.33,999.0,1034.93,150966500,unknown,vnstock_market_equity_ohlcv
VN30,2022-10-13 07:00:00,1034.2,1051.24,1020.97,1051.24,127128600,unknown,vnstock_market_equity_ohlcv
VN30,2022-10-14 07:00:00,1068.63,1070.3,1054.82,1061.39,148450300,unknown,vnstock_market_equity_ohlcv
VN30,2022-10-17 07:00:00,1051.23,1051.42,1028.34,1047.2,117602900,unknown,vnstock_market_equity_ohlcv
VN30,2022-10-18 07:00:00,1061.06,1068.9,1051.85,1059.06,120839700,unknown,vnstock_market_equity_ohlcv
VN30,2022-10-19 07:00:00,1061.12,1062.27,1044.69,1053.65,102622000,unknown,vnstock_market_equity_ohlcv
VN30,2022-10-20 07:00:00,1049.96,1060.79,1041.08,1053.26,113705500,unknown,vnstock_market_equity_ohlcv
VN30,2022-10-21 07:00:00,1055.34,1055.34,1002.09,1010.57,193757000,unknown,vnstock_market_equity_ohlcv
VN30,2022-10-24 07:00:00,1011.54,1013.24,961.79,973.88,170993600,unknown,vnstock_market_equity_ohlcv
VN30,2022-10-25 07:00:00,971.29,1006.69,950.19,991.52,183292900,unknown,vnstock_market_equity_ohlcv
VN30,2022-10-26 07:00:00,995.73,999.59,979.4,990.41,77220600,unknown,vnstock_market_equity_ohlcv
VN30,2022-10-27 07:00:00,992.95,1028.5,986.54,1028.5,159809500,unknown,vnstock_market_equity_ohlcv
VN30,2022-10-28 07:00:00,1036.94,1046.04,1024.74,1029.49,147687400,unknown,vnstock_market_equity_ohlcv
VN30,2022-10-31 07:00:00,1027.57,1031.66,999.47,1026.84,188840700,unknown,vnstock_market_equity_ohlcv
VN30,2022-11-01 07:00:00,1028.23,1049.77,1028.23,1038.09,243894300,unknown,vnstock_market_equity_ohlcv
VN30,2022-11-02 07:00:00,1037.47,1039.42,1020.48,1025.18,167911600,unknown,vnstock_market_equity_ohlcv
VN30,2022-11-03 07:00:00,1012.9,1029.53,1010.57,1023.8,120449100,unknown,vnstock_market_equity_ohlcv
VN30,2022-11-04 07:00:00,1006.52,1009.0,971.72,997.92,256472300,unknown,vnstock_market_equity_ohlcv
VN30,2022-11-07 07:00:00,992.4,999.43,968.84,972.85,179097800,unknown,vnstock_market_equity_ohlcv
VN30,2022-11-08 07:00:00,957.88,981.51,950.81,980.09,185773700,unknown,vnstock_market_equity_ohlcv
VN30,2022-11-09 07:00:00,980.92,993.28,969.19,979.68,166478600,unknown,vnstock_market_equity_ohlcv
VN30,2022-11-10 07:00:00,969.79,969.79,925.02,936.8,252587000,unknown,vnstock_market_equity_ohlcv
VN30,2022-11-11 07:00:00,946.68,963.55,941.84,948.86,213492300,unknown,vnstock_market_equity_ohlcv
VN30,2022-11-14 07:00:00,945.97,945.97,913.5,936.31,211967900,unknown,vnstock_market_equity_ohlcv
VN30,2022-11-15 07:00:00,923.2,927.37,893.49,904.77,218103000,unknown,vnstock_market_equity_ohlcv
VN30,2022-11-16 07:00:00,878.24,942.56,863.31,940.29,249949000,unknown,vnstock_market_equity_ohlcv
VN30,2022-11-17 07:00:00,941.77,975.42,941.77,971.04,184689400,unknown,vnstock_market_equity_ohlcv
VN30,2022-11-18 07:00:00,967.82,977.19,941.18,971.2,264087200,unknown,vnstock_market_equity_ohlcv
VN30,2022-11-21 07:00:00,970.64,972.15,951.62,956.89,132087900,unknown,vnstock_market_equity_ohlcv
VN30,2022-11-22 07:00:00,956.31,985.18,941.85,945.54,368681000,unknown,vnstock_market_equity_ohlcv
VN30,2022-11-23 07:00:00,939.08,951.86,933.26,938.73,154603600,unknown,vnstock_market_equity_ohlcv
VN30,2022-11-24 07:00:00,932.69,941.69,925.55,940.76,136323900,unknown,vnstock_market_equity_ohlcv
VN30,2022-11-25 07:00:00,948.66,967.49,947.56,967.49,170888500,unknown,vnstock_market_equity_ohlcv
VN30,2022-11-28 07:00:00,974.42,1006.06,974.23,1004.34,398075900,unknown,vnstock_market_equity_ohlcv
VN30,2022-11-29 07:00:00,1007.58,1029.04,995.12,1029.04,366388700,unknown,vnstock_market_equity_ohlcv
VN30,2022-11-30 07:00:00,1034.78,1049.21,1018.59,1049.21,264696800,unknown,vnstock_market_equity_ohlcv
VN30,2022-12-01 07:00:00,1059.8,1073.32,1040.95,1042.64,434444200,unknown,vnstock_market_equity_ohlcv
VN30,2022-12-02 07:00:00,1038.11,1092.99,1037.08,1092.99,331170900,unknown,vnstock_market_equity_ohlcv
VN30,2022-12-05 07:00:00,1094.39,1120.56,1094.39,1110.94,375073300,unknown,vnstock_market_equity_ohlcv
VN30,2022-12-06 07:00:00,1109.5,1109.5,1054.06,1054.06,405650300,unknown,vnstock_market_equity_ohlcv
VN30,2022-12-07 07:00:00,1051.55,1064.73,1037.15,1047.58,242093400,unknown,vnstock_market_equity_ohlcv
VN30,2022-12-08 07:00:00,1061.99,1093.64,1055.63,1062.73,304556000,unknown,vnstock_market_equity_ohlcv
VN30,2022-12-09 07:00:00,1069.38,1076.67,1051.62,1065.08,236860100,unknown,vnstock_market_equity_ohlcv
VN30,2022-12-12 07:00:00,1071.27,1073.44,1037.42,1037.42,219916600,unknown,vnstock_market_equity_ohlcv
VN30,2022-12-13 07:00:00,1038.63,1056.43,1028.37,1056.43,241921600,unknown,vnstock_market_equity_ohlcv
VN30,2022-12-14 07:00:00,1056.76,1071.02,1052.25,1056.17,192525100,unknown,vnstock_market_equity_ohlcv
VN30,2022-12-15 07:00:00,1055.8,1076.03,1055.49,1068.08,248619400,unknown,vnstock_market_equity_ohlcv
VN30,2022-12-16 07:00:00,1061.58,1077.27,1058.88,1064.07,249610500,unknown,vnstock_market_equity_ohlcv
VN30,2022-12-19 07:00:00,1063.72,1081.55,1050.22,1050.22,258388700,unknown,vnstock_market_equity_ohlcv
VN30,2022-12-20 07:00:00,1048.17,1049.39,1015.66,1029.79,283476500,unknown,vnstock_market_equity_ohlcv
VN30,2022-12-21 07:00:00,1041.05,1041.65,1011.9,1033.1,212814200,unknown,vnstock_market_equity_ohlcv
VN30,2022-12-22 07:00:00,1033.72,1048.84,1031.29,1038.34,188500800,unknown,vnstock_market_equity_ohlcv
VN30,2022-12-23 07:00:00,1037.91,1041.37,1022.51,1034.13,129851000,unknown,vnstock_market_equity_ohlcv
VN30,2022-12-26 07:00:00,1032.42,1033.17,987.77,987.77,175227100,unknown,vnstock_market_equity_ohlcv
VN30,2022-12-27 07:00:00,988.87,1015.01,985.67,1007.36,153659700,unknown,vnstock_market_equity_ohlcv
VN30,2022-12-28 07:00:00,1009.19,1023.24,997.12,1013.95,123259200,unknown,vnstock_market_equity_ohlcv
VN30,2022-12-29 07:00:00,1013.95,1022.15,1008.3,1008.3,121025100,unknown,vnstock_market_equity_ohlcv
VN30,2022-12-30 07:00:00,1016.71,1017.45,1005.19,1005.19,95618200,unknown,vnstock_market_equity_ohlcv
