sample_id,article_id,url,published_at,updated_at,ticker,target_surface,raw_title,input_text,model_input_text,raw_model_output,classification_output,positive_prob,neutral_prob,negative_prob,sentiment_score,model_name,mask_style,inference_status
a46048f0a984fad8_00,a46048f0a984fad8,https://cafef.vn/co-phieu-bi-han-che-giao-dich-quan-ly-tai-san-flc-noi-gi-20221005231835903.chn,2022-10-05T23:18:47,,FLC,FLC,"Cổ phiếu bị hạn chế giao dịch, Quản lý Tài sản FLC nói gì?","Cổ phiếu bị hạn chế giao dịch, Quản lý Tài sản Target nói gì?","Cổ phiếu bị hạn chế giao dịch, Quản lý Tài sản Target nói gì?",The sentiment for[TGT] in the given sentence isNEUTRAL .,NEUTRAL,,,,,/home/huylkq/repos/nlp/FinABSA-Valid/MODEL/FinABSA,Target,ok
f5e0f65cb1e2dc3e_00,f5e0f65cb1e2dc3e,https://cafef.vn/phu-tho-thu-hoi-du-an-quan-the-du-lich-nghi-duong-sinh-thai-do-flc-lam-chu-dau-tu-20221005200353149.chn,2022-10-05T20:04:04,,FLC,FLC,Phú Thọ thu hồi dự án quần thể du lịch nghỉ dưỡng sinh thái do FLC làm chủ đầu tư,Phú Thọ thu hồi dự án quần thể du lịch nghỉ dưỡng sinh thái do Target làm chủ đầu tư,Phú Thọ thu hồi dự án quần thể du lịch nghỉ dưỡng sinh thái do Target làm chủ đầu tư,The sentiment for[TGT] in the given sentence isNEUTRAL .,NEUTRAL,,,,,/home/huylkq/repos/nlp/FinABSA-Valid/MODEL/FinABSA,Target,ok
ceedec260e0d832f_00,ceedec260e0d832f,https://cafef.vn/thi-phan-moi-gioi-hose-quy-3-vps-giu-vung-vi-tri-dau-bang-bo-doi-mbs-va-fpts-tang-toc-20221005180312287.chn,2022-10-05T18:03:48,2022-10-05T18:04:07+07:00,VPS,VPS,"Thị phần môi giới HoSE quý 3: VPS giữ vững vị trí đầu bảng, bộ đôi MBS và FPTS tăng tốc","Thị phần môi giới HoSE quý 3: Target giữ vững vị trí đầu bảng, bộ đôi Other và Other tăng tốc","Thị phần môi giới HoSE quý 3: Target giữ vững vị trí đầu bảng, bộ đôi Other và Other tăng tốc",The sentiment for[TGT] in the given sentence isNEUTRAL .,NEUTRAL,,,,,/home/huylkq/repos/nlp/FinABSA-Valid/MODEL/FinABSA,Target,ok
ceedec260e0d832f_01,ceedec260e0d832f,https://cafef.vn/thi-phan-moi-gioi-hose-quy-3-vps-giu-vung-vi-tri-dau-bang-bo-doi-mbs-va-fpts-tang-toc-20221005180312287.chn,2022-10-05T18:03:48,2022-10-05T18:04:07+07:00,MBS,MBS,"Thị phần môi giới HoSE quý 3: VPS giữ vững vị trí đầu bảng, bộ đôi MBS và FPTS tăng tốc","Thị phần môi giới HoSE quý 3: Other giữ vững vị trí đầu bảng, bộ đôi Target và Other tăng tốc","Thị phần môi giới HoSE quý 3: Other giữ vững vị trí đầu bảng, bộ đôi Target và Other tăng tốc",The sentiment for[TGT] in the given sentence isNEUTRAL .,NEUTRAL,,,,,/home/huylkq/repos/nlp/FinABSA-Valid/MODEL/FinABSA,Target,ok
ceedec260e0d832f_02,ceedec260e0d832f,https://cafef.vn/thi-phan-moi-gioi-hose-quy-3-vps-giu-vung-vi-tri-dau-bang-bo-doi-mbs-va-fpts-tang-toc-20221005180312287.chn,2022-10-05T18:03:48,2022-10-05T18:04:07+07:00,FTS,FPTS,"Thị phần môi giới HoSE quý 3: VPS giữ vững vị trí đầu bảng, bộ đôi MBS và FPTS tăng tốc","Thị phần môi giới HoSE quý 3: Other giữ vững vị trí đầu bảng, bộ đôi Other và Target tăng tốc","Thị phần môi giới HoSE quý 3: Other giữ vững vị trí đầu bảng, bộ đôi Other và Target tăng tốc",The sentiment for[TGT] in the given sentence isNEUTRAL .,NEUTRAL,,,,,/home/huylkq/repos/nlp/FinABSA-Valid/MODEL/FinABSA,Target,ok
376ea8fcae7e31d9_00,376ea8fcae7e31d9,https://cafef.vn/co-phieu-ngan-hang-tran-ngap-trong-sac-xanh-eib-tang-tran-khoi-ngoai-gom-manh-ctg-20221005171016497.chn,2022-10-05T17:10:00,2022-10-05T17:13:51+07:00,CTG,CTG,"Cổ phiếu ngân hàng tràn ngập trong sắc xanh: EIB tăng trần, khối ngoại gom mạnh CTG","Cổ phiếu ngân hàng tràn ngập trong sắc xanh: Other tăng trần, khối ngoại gom mạnh Target","Cổ phiếu ngân hàng tràn ngập trong sắc xanh: Other tăng trần, khối ngoại gom mạnh Target",The sentiment for[TGT] in the given sentence isNEUTRAL .,NEUTRAL,,,,,/home/huylkq/repos/nlp/FinABSA-Valid/MODEL/FinABSA,Target,ok
376ea8fcae7e31d9_01,376ea8fcae7e31d9,https://cafef.vn/co-phieu-ngan-hang-tran-ngap-trong-sac-xanh-eib-tang-tran-khoi-ngoai-gom-manh-ctg-20221005171016497.chn,2022-10-05T17:10:00,2022-10-05T17:13:51+07:00,EIB,EIB,"Cổ phiếu ngân hàng tràn ngập trong sắc xanh: EIB tăng trần, khối ngoại gom mạnh CTG","Cổ phiếu ngân hàng tràn ngập trong sắc xanh: Target tăng trần, khối ngoại gom mạnh Other","Cổ phiếu ngân hàng tràn ngập trong sắc xanh: Target tăng trần, khối ngoại gom mạnh Other",The sentiment for[TGT] in the given sentence isNEUTRAL .,NEUTRAL,,,,,/home/huylkq/repos/nlp/FinABSA-Valid/MODEL/FinABSA,Target,ok
bb09795ff00f202e_00,bb09795ff00f202e,https://cafef.vn/co-phieu-troi-ve-day-23-thang-hoa-phat-hpg-roi-khoi-top-10-doanh-nghiep-von-hoa-lon-nhat-san-chung-khoan-20221005155851256.chn,2022-10-05T15:59:02,,HPG,HPG,"Cổ phiếu “trôi” về đáy 23 tháng, Hòa Phát (HPG) rời khỏi top 10 doanh nghiệp vốn hóa lớn nhất sàn chứng khoán","Cổ phiếu “trôi” về đáy 23 tháng, Hòa Phát (Target) rời khỏi top 10 doanh nghiệp vốn hóa lớn nhất sàn chứng khoán","Cổ phiếu “trôi” về đáy 23 tháng, Hòa Phát (Target) rời khỏi top 10 doanh nghiệp vốn hóa lớn nhất sàn chứng khoán",The sentiment for[TGT] in the given sentence isNEUTRAL .,NEUTRAL,,,,,/home/huylkq/repos/nlp/FinABSA-Valid/MODEL/FinABSA,Target,ok
446a208de176eedb_00,446a208de176eedb,https://cafef.vn/thi-phan-moi-gioi-hnx-quy-3-vps-cung-co-vi-tri-so-1-hsc-va-shs-bat-ngo-bi-loai-khoi-top-10-20221005152910454.chn,2022-10-05T15:29:22,,VPS,VPS,"Thị phần môi giới HNX quý 3: VPS củng cố vị trí số 1, HSC và SHS bất ngờ bị loại khỏi top 10","Thị phần môi giới HNX quý 3: Target củng cố vị trí số 1, Other và Other bất ngờ bị loại khỏi top 10","Thị phần môi giới HNX quý 3: Target củng cố vị trí số 1, Other và Other bất ngờ bị loại khỏi top 10",The sentiment for[TGT] in the given sentence isNEUTRAL .,NEUTRAL,,,,,/home/huylkq/repos/nlp/FinABSA-Valid/MODEL/FinABSA,Target,ok
446a208de176eedb_01,446a208de176eedb,https://cafef.vn/thi-phan-moi-gioi-hnx-quy-3-vps-cung-co-vi-tri-so-1-hsc-va-shs-bat-ngo-bi-loai-khoi-top-10-20221005152910454.chn,2022-10-05T15:29:22,,HCM,HSC,"Thị phần môi giới HNX quý 3: VPS củng cố vị trí số 1, HSC và SHS bất ngờ bị loại khỏi top 10","Thị phần môi giới HNX quý 3: Other củng cố vị trí số 1, Target và Other bất ngờ bị loại khỏi top 10","Thị phần môi giới HNX quý 3: Other củng cố vị trí số 1, Target và Other bất ngờ bị loại khỏi top 10",The sentiment for[TGT] in the given sentence isNEUTRAL .,NEUTRAL,,,,,/home/huylkq/repos/nlp/FinABSA-Valid/MODEL/FinABSA,Target,ok
446a208de176eedb_02,446a208de176eedb,https://cafef.vn/thi-phan-moi-gioi-hnx-quy-3-vps-cung-co-vi-tri-so-1-hsc-va-shs-bat-ngo-bi-loai-khoi-top-10-20221005152910454.chn,2022-10-05T15:29:22,,SHS,SHS,"Thị phần môi giới HNX quý 3: VPS củng cố vị trí số 1, HSC và SHS bất ngờ bị loại khỏi top 10","Thị phần môi giới HNX quý 3: Other củng cố vị trí số 1, Other và Target bất ngờ bị loại khỏi top 10","Thị phần môi giới HNX quý 3: Other củng cố vị trí số 1, Other và Target bất ngờ bị loại khỏi top 10",The sentiment for[TGT] in the given sentence isNEUTRAL .,NEUTRAL,,,,,/home/huylkq/repos/nlp/FinABSA-Valid/MODEL/FinABSA,Target,ok
94c5d1839c34c1f9_00,94c5d1839c34c1f9,https://cafef.vn/chuyen-gia-chi-ra-con-duong-lam-giau-cho-doanh-nghiep-xuat-khau-viet-nam-di-my-nhat-chau-au-hay-asean-20221005120306539.chn,2022-10-05T12:03:19,,ASEAN,ASEAN,"Chuyên gia chỉ ra con đường làm giàu cho doanh nghiệp xuất khẩu Việt Nam: Đi Mỹ, Nhật, châu Âu hay ASEAN?","Chuyên gia chỉ ra con đường làm giàu cho doanh nghiệp xuất khẩu Việt Nam: Đi Mỹ, Nhật, châu Âu hay Target?","Chuyên gia chỉ ra con đường làm giàu cho doanh nghiệp xuất khẩu Việt Nam: Đi Mỹ, Nhật, châu Âu hay Target?",The sentiment for[TGT] in the given sentence isNEGATIVE .,NEGATIVE,,,,,/home/huylkq/repos/nlp/FinABSA-Valid/MODEL/FinABSA,Target,ok
1e4395565e6c168e_00,1e4395565e6c168e,https://cafef.vn/vo-mong-ga-de-trung-vang-vi-du-an-bot-chet-yeu-20221005070855958.chn,2022-10-05T10:01:39,2022-10-05T10:01:40+07:00,BOT,BOT,Vỡ mộng gà đẻ trứng vàng vì dự án BOT 'chết yểu',Vỡ mộng gà đẻ trứng vàng vì dự án Target 'chết yểu',Vỡ mộng gà đẻ trứng vàng vì dự án Target 'chết yểu',The sentiment for[TGT] in the given sentence isNEUTRAL .,NEUTRAL,,,,,/home/huylkq/repos/nlp/FinABSA-Valid/MODEL/FinABSA,Target,ok
65c0d5c6f82689f9_00,65c0d5c6f82689f9,https://cafef.vn/song-phang-canh-tranh-thi-truong-truyen-hinh-ott-20221005064243529.chn,2022-10-05T08:35:35,2022-10-05T08:36:04+07:00,OTT,OTT,Sòng phẳng cạnh tranh thị trường truyền hình OTT,Sòng phẳng cạnh tranh thị trường truyền hình Target,Sòng phẳng cạnh tranh thị trường truyền hình Target,The sentiment for[TGT] in the given sentence isNEUTRAL .,NEUTRAL,,,,,/home/huylkq/repos/nlp/FinABSA-Valid/MODEL/FinABSA,Target,ok
df981867521294e5_00,df981867521294e5,https://cafef.vn/tong-giam-doc-hdbank-tiep-tuc-dang-ky-mua-vao-1-trieu-co-phieu-hdb-20221005080147338.chn,2022-10-05T08:01:00,2022-10-05T08:09:09+07:00,HDB,HDB,Tổng Giám đốc HDBank tiếp tục đăng ký mua vào 1 triệu cổ phiếu HDB,Tổng Giám đốc Targetank tiếp tục đăng ký mua vào 1 triệu cổ phiếu HDB,Tổng Giám đốc Targetank tiếp tục đăng ký mua vào 1 triệu cổ phiếu HDB,The sentiment for[TGT] in the given sentence isNEUTRAL .,NEUTRAL,,,,,/home/huylkq/repos/nlp/FinABSA-Valid/MODEL/FinABSA,Target,ok
28265108562a732c_00,28265108562a732c,https://cafef.vn/cuoc-dua-ngam-lay-long-khach-vip-cua-cong-ty-chung-khoan-van-nong-20221004162616971.chn,2022-10-05T08:00:00,,VIP,VIP,Cuộc đua ngầm 'lấy lòng' khách VIP của công ty chứng khoán vẫn nóng?,Cuộc đua ngầm 'lấy lòng' khách Target của công ty chứng khoán vẫn nóng?,Cuộc đua ngầm 'lấy lòng' khách Target của công ty chứng khoán vẫn nóng?,The sentiment for[TGT] in the given sentence isNEUTRAL .,NEUTRAL,,,,,/home/huylkq/repos/nlp/FinABSA-Valid/MODEL/FinABSA,Target,ok
318c1ee4ac7e6050_00,318c1ee4ac7e6050,https://cafef.vn/quang-binh-nang-so-tien-cuong-che-thue-tai-flc-len-gan-458-ty-dong-20221005003709751.chn,2022-10-05T00:39:04,2022-10-05T00:39:27+07:00,FLC,FLC,Quảng Bình nâng số tiền cưỡng chế thuế tại FLC lên gần 458 tỷ đồng,Quảng Bình nâng số tiền cưỡng chế thuế tại Target lên gần 458 tỷ đồng,Quảng Bình nâng số tiền cưỡng chế thuế tại Target lên gần 458 tỷ đồng,The sentiment for[TGT] in the given sentence isNEUTRAL .,NEUTRAL,,,,,/home/huylkq/repos/nlp/FinABSA-Valid/MODEL/FinABSA,Target,ok
10241ff4efb08647_00,10241ff4efb08647,https://cafef.vn/tp-hcm-bat-3-nguoi-trong-duong-day-gia-ngan-hang-lua-hon-600-nguoi-20221004213535575.chn,2022-10-04T21:35:45,,TP,TP,TP HCM: Bắt 3 người trong đường dây giả ngân hàng lừa hơn 600 người,Target Other: Bắt 3 người trong đường dây giả ngân hàng lừa hơn 600 người,Target Other: Bắt 3 người trong đường dây giả ngân hàng lừa hơn 600 người,The sentiment for[TGT] in the given sentence isNEUTRAL .,NEUTRAL,,,,,/home/huylkq/repos/nlp/FinABSA-Valid/MODEL/FinABSA,Target,ok
10241ff4efb08647_01,10241ff4efb08647,https://cafef.vn/tp-hcm-bat-3-nguoi-trong-duong-day-gia-ngan-hang-lua-hon-600-nguoi-20221004213535575.chn,2022-10-04T21:35:45,,HCM,HCM,TP HCM: Bắt 3 người trong đường dây giả ngân hàng lừa hơn 600 người,Other Target: Bắt 3 người trong đường dây giả ngân hàng lừa hơn 600 người,Other Target: Bắt 3 người trong đường dây giả ngân hàng lừa hơn 600 người,The sentiment for[TGT] in the given sentence isNEUTRAL .,NEUTRAL,,,,,/home/huylkq/repos/nlp/FinABSA-Valid/MODEL/FinABSA,Target,ok
384c14104b04db10_00,384c14104b04db10,https://cafef.vn/nhom-tap-doan-thanh-cong-se-ban-hon-117-trieu-co-phieu-eib-20221004184601894.chn,2022-10-04T18:46:09,,EIB,EIB,Nhóm Tập đoàn Thành Công sẽ bán hơn 117 triệu cổ phiếu EIB,Nhóm Tập đoàn Thành Công sẽ bán hơn 117 triệu cổ phiếu Target,Nhóm Tập đoàn Thành Công sẽ bán hơn 117 triệu cổ phiếu Target,The sentiment for[TGT] in the given sentence isNEUTRAL .,NEUTRAL,,,,,/home/huylkq/repos/nlp/FinABSA-Valid/MODEL/FinABSA,Target,ok
173cfe41ef451ed8_00,173cfe41ef451ed8,https://cafef.vn/hose-cat-margin-voi-62-ma-chung-khoan-trong-quy-4-2022-bao-gom-flc-hag-hvn-lhg-tgg-tdh-ita-20221004182026565.chn,2022-10-04T18:20:00,2022-10-05T12:10:15+07:00,VIC,VIC,"HoSE cắt margin với 62 mã chứng khoán trong quý 4/2022, VIC không có tên trong danh sách","HoSE cắt margin với 62 mã chứng khoán trong quý 4/2022, Target không có tên trong danh sách","HoSE cắt margin với 62 mã chứng khoán trong quý 4/2022, Target không có tên trong danh sách",The sentiment for[TGT] in the given sentence isNEUTRAL .,NEUTRAL,,,,,/home/huylkq/repos/nlp/FinABSA-Valid/MODEL/FinABSA,Target,ok
ced259a9572f425f_00,ced259a9572f425f,https://cafef.vn/2-pho-tong-giam-doc-moi-duoc-bo-nhiem-cua-flc-la-ai-20221004143230212.chn,2022-10-04T14:33:10,,FLC,FLC,2 Phó Tổng giám đốc mới được bổ nhiệm của FLC là ai?,2 Phó Tổng giám đốc mới được bổ nhiệm của Target là ai?,2 Phó Tổng giám đốc mới được bổ nhiệm của Target là ai?,The sentiment for[TGT] in the given sentence isNEUTRAL .,NEUTRAL,,,,,/home/huylkq/repos/nlp/FinABSA-Valid/MODEL/FinABSA,Target,ok
f4180ebfed4d1c9b_00,f4180ebfed4d1c9b,https://cafef.vn/thi-gia-truot-dai-pho-chu-tich-dic-corp-dang-ky-mua-20-trieu-co-phieu-dig-20221004142724033.chn,2022-10-04T14:30:01,,DIC,DIC,"Thị giá trượt dài, Phó Chủ tịch DIC Corp đăng ký mua 20 triệu cổ phiếu DIG","Thị giá trượt dài, Phó Chủ tịch Target Corp đăng ký mua 20 triệu cổ phiếu Other","Thị giá trượt dài, Phó Chủ tịch Target Corp đăng ký mua 20 triệu cổ phiếu Other",The sentiment for[TGT] in the given sentence isNEUTRAL .,NEUTRAL,,,,,/home/huylkq/repos/nlp/FinABSA-Valid/MODEL/FinABSA,Target,ok
f4180ebfed4d1c9b_01,f4180ebfed4d1c9b,https://cafef.vn/thi-gia-truot-dai-pho-chu-tich-dic-corp-dang-ky-mua-20-trieu-co-phieu-dig-20221004142724033.chn,2022-10-04T14:30:01,,DIG,DIG,"Thị giá trượt dài, Phó Chủ tịch DIC Corp đăng ký mua 20 triệu cổ phiếu DIG","Thị giá trượt dài, Phó Chủ tịch Other Corp đăng ký mua 20 triệu cổ phiếu Target","Thị giá trượt dài, Phó Chủ tịch Other Corp đăng ký mua 20 triệu cổ phiếu Target",The sentiment for[TGT] in the given sentence isNEUTRAL .,NEUTRAL,,,,,/home/huylkq/repos/nlp/FinABSA-Valid/MODEL/FinABSA,Target,ok
a1f1f5575046fa1c_00,a1f1f5575046fa1c,https://cafef.vn/du-bao-moi-nhat-cua-iea-ve-thi-truong-khi-dot-the-gioi-anh-huong-nhu-the-nao-den-gia-gas-trong-nuoc-20221004133833796.chn,2022-10-04T14:09:29,,GAS,gas,Dự báo mới nhất của IEA về thị trường khí đốt thế giới ảnh hưởng như thế nào đến giá gas trong nước?,Dự báo mới nhất của Other về thị trường khí đốt thế giới ảnh hưởng như thế nào đến giá Target trong nước?,Dự báo mới nhất của Other về thị trường khí đốt thế giới ảnh hưởng như thế nào đến giá Target trong nước?,The sentiment for[TGT] in the given sentence isNEUTRAL .,NEUTRAL,,,,,/home/huylkq/repos/nlp/FinABSA-Valid/MODEL/FinABSA,Target,ok
a1f1f5575046fa1c_01,a1f1f5575046fa1c,https://cafef.vn/du-bao-moi-nhat-cua-iea-ve-thi-truong-khi-dot-the-gioi-anh-huong-nhu-the-nao-den-gia-gas-trong-nuoc-20221004133833796.chn,2022-10-04T14:09:29,,IEA,IEA,Dự báo mới nhất của IEA về thị trường khí đốt thế giới ảnh hưởng như thế nào đến giá gas trong nước?,Dự báo mới nhất của Target về thị trường khí đốt thế giới ảnh hưởng như thế nào đến giá Other trong nước?,Dự báo mới nhất của Target về thị trường khí đốt thế giới ảnh hưởng như thế nào đến giá Other trong nước?,The sentiment for[TGT] in the given sentence isNEUTRAL .,NEUTRAL,,,,,/home/huylkq/repos/nlp/FinABSA-Valid/MODEL/FinABSA,Target,ok
8d1ba34f09bd7440_00,8d1ba34f09bd7440,https://cafef.vn/hose-thanh-khoan-ttck-giam-14-trong-thang-9-2022-khoi-ngoai-quay-dau-ban-rong-hon-2600-ty-dong-20221004134044726.chn,2022-10-04T13:44:32,,TTCK,TTCK,"HoSE: Thanh khoản TTCK giảm 14% trong tháng 9/2022, khối ngoại quay đầu bán ròng hơn 2.600 tỷ đồng","HoSE: Thanh khoản Target giảm 14% trong tháng 9/2022, khối ngoại quay đầu bán ròng hơn 2.600 tỷ đồng","HoSE: Thanh khoản Target giảm 14% trong tháng 9/2022, khối ngoại quay đầu bán ròng hơn 2.600 tỷ đồng",The sentiment for[TGT] in the given sentence isNEUTRAL .,NEUTRAL,,,,,/home/huylkq/repos/nlp/FinABSA-Valid/MODEL/FinABSA,Target,ok
4c0d4c09f32c5100_00,4c0d4c09f32c5100,https://cafef.vn/eu-du-dinh-ap-doanh-thu-tran-nang-tay-thu-thue-nhung-cong-ty-dien-lam-giau-trong-khung-hoang-20221004090518537.chn,2022-10-04T10:50:00,,EU,EU,"EU dự định áp doanh thu trần, nặng tay thu thuế những công ty điện làm giàu trong khủng hoảng","Target dự định áp doanh thu trần, nặng tay thu thuế những công ty điện làm giàu trong khủng hoảng","Target dự định áp doanh thu trần, nặng tay thu thuế những công ty điện làm giàu trong khủng hoảng",The sentiment for[TGT] in the given sentence isNEUTRAL .,NEUTRAL,,,,,/home/huylkq/repos/nlp/FinABSA-Valid/MODEL/FinABSA,Target,ok
3696289160cb1e58_00,3696289160cb1e58,https://cafef.vn/trai-nguoc-voi-noi-that-vong-cua-cac-quy-dau-tu-lon-passion-investment-cua-ong-la-giang-trung-van-song-khoe-nho-om-tien-20221004103404682.chn,2022-10-04T10:34:00,2022-10-04T11:02:40+07:00,SSI,ssi,"Trái ngược với nỗi thất vọng của các quỹ đầu tư lớn, Passion Investment của ông Lã Giang Trung vẫn sống khỏe nhờ “ôm” tiền","Trái ngược với nỗi thất vọng của các quỹ đầu tư lớn, PaTargeton Investment của ông Lã Giang Trung vẫn sống khỏe nhờ “ôm” tiền","Trái ngược với nỗi thất vọng của các quỹ đầu tư lớn, PaTargeton Investment của ông Lã Giang Trung vẫn sống khỏe nhờ “ôm” tiền",The sentiment for[TGT] in the given sentence isPOSITIVE .,POSITIVE,,,,,/home/huylkq/repos/nlp/FinABSA-Valid/MODEL/FinABSA,Target,ok
5912d8961ae34e33_00,5912d8961ae34e33,https://cafef.vn/ssi-khong-loai-tru-kha-nang-nhnn-tiep-tuc-tang-lai-suat-dieu-hanh-de-giam-ap-luc-ty-gia-2022100409190087.chn,2022-10-04T09:19:06,,SSI,SSI,SSI: Không loại trừ khả năng NHNN tiếp tục tăng lãi suất điều hành để giảm áp lực tỷ giá,Target: Không loại trừ khả năng NHNN tiếp tục tăng lãi suất điều hành để giảm áp lực tỷ giá,Target: Không loại trừ khả năng NHNN tiếp tục tăng lãi suất điều hành để giảm áp lực tỷ giá,The sentiment for[TGT] in the given sentence isNEUTRAL .,NEUTRAL,,,,,/home/huylkq/repos/nlp/FinABSA-Valid/MODEL/FinABSA,Target,ok
2cfc5d65a9eca91d_00,2cfc5d65a9eca91d,https://cafef.vn/sau-gan-30-thang-co-phieu-quoc-dan-hoa-phat-hpg-lai-co-gia-1x-20221004012804809.chn,2022-10-04T01:29:32,2022-10-04T01:29:48+07:00,HPG,HPG,"Sau gần 30 tháng, cổ phiếu “quốc dân” Hòa Phát (HPG) lại có giá 1x","Sau gần 30 tháng, cổ phiếu “quốc dân” Hòa Phát (Target) lại có giá 1x","Sau gần 30 tháng, cổ phiếu “quốc dân” Hòa Phát (Target) lại có giá 1x",The sentiment for[TGT] in the given sentence isNEUTRAL .,NEUTRAL,,,,,/home/huylkq/repos/nlp/FinABSA-Valid/MODEL/FinABSA,Target,ok
47689916af0bba6e_00,47689916af0bba6e,https://cafef.vn/co-phieu-giam-san-5-phien-lien-tuc-gia-tri-bay-gan-3000-ty-dat-xanh-services-dxs-noi-gi-20221003194942525.chn,2022-10-03T19:55:21,,VIC,vic,"Cổ phiếu giảm sàn 5 phiên liên tục, giá trị ""bay"" gần 3.000 tỷ, Đất Xanh Services (DXS) nói gì?","Cổ phiếu giảm sàn 5 phiên liên tục, giá trị ""bay"" gần 3.000 tỷ, Đất Xanh SerTargetes (Other) nói gì?","Cổ phiếu giảm sàn 5 phiên liên tục, giá trị ""bay"" gần 3.000 tỷ, Đất Xanh SerTargetes (Other) nói gì?",The sentiment for[TGT] in the given sentence isNEUTRAL .,NEUTRAL,,,,,/home/huylkq/repos/nlp/FinABSA-Valid/MODEL/FinABSA,Target,ok
47689916af0bba6e_01,47689916af0bba6e,https://cafef.vn/co-phieu-giam-san-5-phien-lien-tuc-gia-tri-bay-gan-3000-ty-dat-xanh-services-dxs-noi-gi-20221003194942525.chn,2022-10-03T19:55:21,,DXS,DXS,"Cổ phiếu giảm sàn 5 phiên liên tục, giá trị ""bay"" gần 3.000 tỷ, Đất Xanh Services (DXS) nói gì?","Cổ phiếu giảm sàn 5 phiên liên tục, giá trị ""bay"" gần 3.000 tỷ, Đất Xanh SerOtheres (Target) nói gì?","Cổ phiếu giảm sàn 5 phiên liên tục, giá trị ""bay"" gần 3.000 tỷ, Đất Xanh SerOtheres (Target) nói gì?",The sentiment for[TGT] in the given sentence isNEUTRAL .,NEUTRAL,,,,,/home/huylkq/repos/nlp/FinABSA-Valid/MODEL/FinABSA,Target,ok
811ff35e950af972_00,811ff35e950af972,https://cafef.vn/ty-gia-ngay-3-10-tiep-tuc-tang-vnd-da-mat-gia-bao-nhieu-so-voi-usd-tu-dau-nam-den-nay-20221003140449373.chn,2022-10-03T14:04:51,,VND,VND,"Tỷ giá ngày 3/10 tiếp tục tăng, VND đã mất giá bao nhiêu so với USD từ đầu năm đến nay?","Tỷ giá ngày 3/10 tiếp tục tăng, Target đã mất giá bao nhiêu so với USD từ đầu năm đến nay?","Tỷ giá ngày 3/10 tiếp tục tăng, Target đã mất giá bao nhiêu so với USD từ đầu năm đến nay?",The sentiment for[TGT] in the given sentence isNEGATIVE .,NEGATIVE,,,,,/home/huylkq/repos/nlp/FinABSA-Valid/MODEL/FinABSA,Target,ok
d9a57c942059b5ef_00,d9a57c942059b5ef,https://cafef.vn/doanh-nghiep-nuoc-ngoai-cung-cap-dich-vu-ott-vao-viet-nam-phai-duoc-cap-phep-20221003133854815.chn,2022-10-03T13:42:51,,OTT,OTT,Doanh nghiệp nước ngoài cung cấp dịch vụ OTT vào Việt Nam phải được cấp phép,Doanh nghiệp nước ngoài cung cấp dịch vụ Target vào Việt Nam phải được cấp phép,Doanh nghiệp nước ngoài cung cấp dịch vụ Target vào Việt Nam phải được cấp phép,The sentiment for[TGT] in the given sentence isNEUTRAL .,NEUTRAL,,,,,/home/huylkq/repos/nlp/FinABSA-Valid/MODEL/FinABSA,Target,ok
a8808db8db4765d3_00,a8808db8db4765d3,https://cafef.vn/can-ho-co-ban-cong-rong-o-feliz-homes-cua-klb-chiem-linh-thi-truong-20221001132619621.chn,2022-10-03T13:30:00,,KLB,KLB,Căn hộ có ban công rộng ở Feliz Homes của KLB chiếm lĩnh thị trường,Căn hộ có ban công rộng ở Feliz Homes của Target chiếm lĩnh thị trường,Căn hộ có ban công rộng ở Feliz Homes của Target chiếm lĩnh thị trường,The sentiment for[TGT] in the given sentence isNEUTRAL .,NEUTRAL,,,,,/home/huylkq/repos/nlp/FinABSA-Valid/MODEL/FinABSA,Target,ok
69c75daf78dacd2b_00,69c75daf78dacd2b,https://cafef.vn/loc-dau-binh-son-bsr-uoc-dat-doanh-thu-hon-125000-ty-dong-sau-9-thang-hoan-thanh-vuot-xa-ke-hoach-nam-20221003103354858.chn,2022-10-03T10:44:47,,BSR,BSR,"Lọc dầu Bình Sơn (BSR) ước đạt doanh thu hơn 125.000 tỷ đồng sau 9 tháng, hoàn thành vượt xa kế hoạch năm","Lọc dầu Bình Sơn (Target) ước đạt doanh thu hơn 125.000 tỷ đồng sau 9 tháng, hoàn thành vượt xa kế hoạch năm","Lọc dầu Bình Sơn (Target) ước đạt doanh thu hơn 125.000 tỷ đồng sau 9 tháng, hoàn thành vượt xa kế hoạch năm",The sentiment for[TGT] in the given sentence isNEUTRAL .,NEUTRAL,,,,,/home/huylkq/repos/nlp/FinABSA-Valid/MODEL/FinABSA,Target,ok
097d00d1fecf7273_00,097d00d1fecf7273,https://cafef.vn/bsc-nhan-giai-thuong-nha-moi-gioi-chung-khoan-tot-nhat-viet-nam-2022-20221001122050439.chn,2022-10-03T10:00:00,2022-10-03T11:05:22+07:00,BSC,BSC,BSC nhận giải thưởng 'Nhà môi giới chứng khoán tốt nhất Việt Nam 2022',Target nhận giải thưởng 'Nhà môi giới chứng khoán tốt nhất Việt Nam 2022',Target nhận giải thưởng 'Nhà môi giới chứng khoán tốt nhất Việt Nam 2022',The sentiment for[TGT] in the given sentence isNEUTRAL .,NEUTRAL,,,,,/home/huylkq/repos/nlp/FinABSA-Valid/MODEL/FinABSA,Target,ok
30f4ef599340c5f6_00,30f4ef599340c5f6,https://cafef.vn/ssi-research-diamond-etf-co-the-them-moi-nlg-va-loai-tcm-du-kien-ban-ban-manh-co-phieu-vpb-20221003094222619.chn,2022-10-03T09:43:11,2022-10-03T09:43:24+07:00,SSI,SSI,"SSI Research: Diamond ETF có thể thêm mới NLG và loại TCM, dự kiến bán bán mạnh cổ phiếu VPB","Target Research: Diamond ETF có thể thêm mới Other và loại Other, dự kiến bán bán mạnh cổ phiếu Other","Target Research: Diamond ETF có thể thêm mới Other và loại Other, dự kiến bán bán mạnh cổ phiếu Other",The sentiment for[TGT] in the given sentence isNEUTRAL .,NEUTRAL,,,,,/home/huylkq/repos/nlp/FinABSA-Valid/MODEL/FinABSA,Target,ok
30f4ef599340c5f6_01,30f4ef599340c5f6,https://cafef.vn/ssi-research-diamond-etf-co-the-them-moi-nlg-va-loai-tcm-du-kien-ban-ban-manh-co-phieu-vpb-20221003094222619.chn,2022-10-03T09:43:11,2022-10-03T09:43:24+07:00,NLG,NLG,"SSI Research: Diamond ETF có thể thêm mới NLG và loại TCM, dự kiến bán bán mạnh cổ phiếu VPB","Other Research: Diamond ETF có thể thêm mới Target và loại Other, dự kiến bán bán mạnh cổ phiếu Other","Other Research: Diamond ETF có thể thêm mới Target và loại Other, dự kiến bán bán mạnh cổ phiếu Other",The sentiment for[TGT] in the given sentence isNEUTRAL .,NEUTRAL,,,,,/home/huylkq/repos/nlp/FinABSA-Valid/MODEL/FinABSA,Target,ok
30f4ef599340c5f6_02,30f4ef599340c5f6,https://cafef.vn/ssi-research-diamond-etf-co-the-them-moi-nlg-va-loai-tcm-du-kien-ban-ban-manh-co-phieu-vpb-20221003094222619.chn,2022-10-03T09:43:11,2022-10-03T09:43:24+07:00,TCM,TCM,"SSI Research: Diamond ETF có thể thêm mới NLG và loại TCM, dự kiến bán bán mạnh cổ phiếu VPB","Other Research: Diamond ETF có thể thêm mới Other và loại Target, dự kiến bán bán mạnh cổ phiếu Other","Other Research: Diamond ETF có thể thêm mới Other và loại Target, dự kiến bán bán mạnh cổ phiếu Other",The sentiment for[TGT] in the given sentence isNEUTRAL .,NEUTRAL,,,,,/home/huylkq/repos/nlp/FinABSA-Valid/MODEL/FinABSA,Target,ok
30f4ef599340c5f6_03,30f4ef599340c5f6,https://cafef.vn/ssi-research-diamond-etf-co-the-them-moi-nlg-va-loai-tcm-du-kien-ban-ban-manh-co-phieu-vpb-20221003094222619.chn,2022-10-03T09:43:11,2022-10-03T09:43:24+07:00,VPB,VPB,"SSI Research: Diamond ETF có thể thêm mới NLG và loại TCM, dự kiến bán bán mạnh cổ phiếu VPB","Other Research: Diamond ETF có thể thêm mới Other và loại Other, dự kiến bán bán mạnh cổ phiếu Target","Other Research: Diamond ETF có thể thêm mới Other và loại Other, dự kiến bán bán mạnh cổ phiếu Target",The sentiment for[TGT] in the given sentence isNEUTRAL .,NEUTRAL,,,,,/home/huylkq/repos/nlp/FinABSA-Valid/MODEL/FinABSA,Target,ok
23296b2f311c5e2c_00,23296b2f311c5e2c,https://cafef.vn/chuyen-gia-hsc-bat-mi-nguyen-nhan-nha-dau-tu-cang-cham-chi-cang-lo-trong-boi-canh-thi-truong-di-xuong-20221003094102123.chn,2022-10-03T09:42:17,2022-10-03T09:42:41+07:00,HCM,HSC,Chuyên gia HSC bật mí nguyên nhân nhà đầu tư càng chăm chỉ càng lỗ trong bối cảnh thị trường đi xuống,Chuyên gia Target bật mí nguyên nhân nhà đầu tư càng chăm chỉ càng lỗ trong bối cảnh thị trường đi xuống,Chuyên gia Target bật mí nguyên nhân nhà đầu tư càng chăm chỉ càng lỗ trong bối cảnh thị trường đi xuống,The sentiment for[TGT] in the given sentence isNEUTRAL .,NEUTRAL,,,,,/home/huylkq/repos/nlp/FinABSA-Valid/MODEL/FinABSA,Target,ok
0cd31c366d79eda7_00,0cd31c366d79eda7,https://cafef.vn/vdsc-co-phieu-vao-dien-canh-bao-long-hau-lhg-doi-dien-rui-ro-do-khoan-no-phai-tra-cho-co-dong-lon-ipc-20221003071438288.chn,2022-10-03T07:44:22,2022-10-03T07:44:38+07:00,LHG,LHG,"VDSC: Cổ phiếu vào diện cảnh báo, Long Hậu (LHG) đối diện rủi ro do khoản nợ phải trả cho cổ đông lớn IPC","Other: Cổ phiếu vào diện cảnh báo, Long Hậu (Target) đối diện rủi ro do khoản nợ phải trả cho cổ đông lớn Other","Other: Cổ phiếu vào diện cảnh báo, Long Hậu (Target) đối diện rủi ro do khoản nợ phải trả cho cổ đông lớn Other",The sentiment for[TGT] in the given sentence isNEUTRAL .,NEUTRAL,,,,,/home/huylkq/repos/nlp/FinABSA-Valid/MODEL/FinABSA,Target,ok
0cd31c366d79eda7_01,0cd31c366d79eda7,https://cafef.vn/vdsc-co-phieu-vao-dien-canh-bao-long-hau-lhg-doi-dien-rui-ro-do-khoan-no-phai-tra-cho-co-dong-lon-ipc-20221003071438288.chn,2022-10-03T07:44:22,2022-10-03T07:44:38+07:00,VDSC,VDSC,"VDSC: Cổ phiếu vào diện cảnh báo, Long Hậu (LHG) đối diện rủi ro do khoản nợ phải trả cho cổ đông lớn IPC","Target: Cổ phiếu vào diện cảnh báo, Long Hậu (Other) đối diện rủi ro do khoản nợ phải trả cho cổ đông lớn Other","Target: Cổ phiếu vào diện cảnh báo, Long Hậu (Other) đối diện rủi ro do khoản nợ phải trả cho cổ đông lớn Other",The sentiment for[TGT] in the given sentence isNEUTRAL .,NEUTRAL,,,,,/home/huylkq/repos/nlp/FinABSA-Valid/MODEL/FinABSA,Target,ok
0cd31c366d79eda7_02,0cd31c366d79eda7,https://cafef.vn/vdsc-co-phieu-vao-dien-canh-bao-long-hau-lhg-doi-dien-rui-ro-do-khoan-no-phai-tra-cho-co-dong-lon-ipc-20221003071438288.chn,2022-10-03T07:44:22,2022-10-03T07:44:38+07:00,IPC,IPC,"VDSC: Cổ phiếu vào diện cảnh báo, Long Hậu (LHG) đối diện rủi ro do khoản nợ phải trả cho cổ đông lớn IPC","Other: Cổ phiếu vào diện cảnh báo, Long Hậu (Other) đối diện rủi ro do khoản nợ phải trả cho cổ đông lớn Target","Other: Cổ phiếu vào diện cảnh báo, Long Hậu (Other) đối diện rủi ro do khoản nợ phải trả cho cổ đông lớn Target",The sentiment for[TGT] in the given sentence isNEUTRAL .,NEUTRAL,,,,,/home/huylkq/repos/nlp/FinABSA-Valid/MODEL/FinABSA,Target,ok
c578cab13a6dde74_00,c578cab13a6dde74,https://cafef.vn/ttck-viet-nam-thieu-nhung-tieu-chi-nao-de-duoc-nang-hang-20221002204353367.chn,2022-10-02T23:27:12,,TTCK,TTCK,TTCK Việt Nam thiếu những tiêu chí nào để được nâng hạng?,Target Việt Nam thiếu những tiêu chí nào để được nâng hạng?,Target Việt Nam thiếu những tiêu chí nào để được nâng hạng?,The sentiment for[TGT] in the given sentence isNEUTRAL .,NEUTRAL,,,,,/home/huylkq/repos/nlp/FinABSA-Valid/MODEL/FinABSA,Target,ok
4ff9bd70d63ff8c5_00,4ff9bd70d63ff8c5,https://cafef.vn/them-1-pho-tong-giam-doc-cua-flc-tu-chuc-trong-vong-3-thang-cong-ty-mat-3-pho-tong-20221002131827305.chn,2022-10-02T13:18:59,2022-10-02T13:19:42+07:00,FLC,FLC,"Thêm 1 Phó Tổng giám đốc của FLC từ chức, trong vòng 3 tháng công ty mất 3 phó Tổng","Thêm 1 Phó Tổng giám đốc của Target từ chức, trong vòng 3 tháng công ty mất 3 phó Tổng","Thêm 1 Phó Tổng giám đốc của Target từ chức, trong vòng 3 tháng công ty mất 3 phó Tổng",The sentiment for[TGT] in the given sentence isNEUTRAL .,NEUTRAL,,,,,/home/huylkq/repos/nlp/FinABSA-Valid/MODEL/FinABSA,Target,ok
b3b6ebfbf18a0598_00,b3b6ebfbf18a0598,https://cafef.vn/von-fdi-lien-tiep-sut-giam-nha-dau-tu-than-trong-20221002094817542.chn,2022-10-02T10:57:00,,FDI,FDI,Vốn FDI liên tiếp sụt giảm: Nhà đầu tư thận trọng?,Vốn Target liên tiếp sụt giảm: Nhà đầu tư thận trọng?,Vốn Target liên tiếp sụt giảm: Nhà đầu tư thận trọng?,The sentiment for[TGT] in the given sentence isNEUTRAL .,NEUTRAL,,,,,/home/huylkq/repos/nlp/FinABSA-Valid/MODEL/FinABSA,Target,ok
5b94004754b216d3_00,5b94004754b216d3,https://cafef.vn/can-canh-mau-suv-hang-b-vua-ra-mat-thi-truong-duoc-chot-voi-gia-re-nhu-cho-chi-188-trieu-dong-20221002095000666.chn,2022-10-02T10:30:00,,SUV,SUV,"Cận cảnh mẫu SUV hạng B vừa ra mắt thị trường được chốt với giá ""rẻ như cho"" chỉ 188 triệu đồng","Cận cảnh mẫu Target hạng B vừa ra mắt thị trường được chốt với giá ""rẻ như cho"" chỉ 188 triệu đồng","Cận cảnh mẫu Target hạng B vừa ra mắt thị trường được chốt với giá ""rẻ như cho"" chỉ 188 triệu đồng",The sentiment for[TGT] in the given sentence isNEGATIVE .,NEGATIVE,,,,,/home/huylkq/repos/nlp/FinABSA-Valid/MODEL/FinABSA,Target,ok
23c5fe97a5daf896_00,23c5fe97a5daf896,https://cafef.vn/ts-le-xuan-nghia-phat-hanh-trai-phieu-doanh-nghiep-rieng-le-la-phat-hanh-dang-cap-thap-20221001223159985.chn,2022-10-02T06:20:30,,TS,TS,"TS. Lê Xuân Nghĩa: Phát hành trái phiếu doanh nghiệp riêng lẻ là phát hành ""đẳng cấp thấp""","Target. Lê Xuân Nghĩa: Phát hành trái phiếu doanh nghiệp riêng lẻ là phát hành ""đẳng cấp thấp""","Target. Lê Xuân Nghĩa: Phát hành trái phiếu doanh nghiệp riêng lẻ là phát hành ""đẳng cấp thấp""",The sentiment for[TGT] in the given sentence isNEUTRAL .,NEUTRAL,,,,,/home/huylkq/repos/nlp/FinABSA-Valid/MODEL/FinABSA,Target,ok
3034c2415cff6538_00,3034c2415cff6538,https://cafef.vn/ttck-viet-nam-thanh-cong-giu-moc-1100-diem-khoi-ngoai-quay-dau-ban-rong-hon-3500-ty-dong-trong-quy-3-20221001163244618.chn,2022-10-02T00:06:00,,TTCK,TTCK,"TTCK Việt Nam thành công giữ mốc 1.100 điểm, khối ngoại quay đầu bán ròng hơn 3.500 tỷ đồng trong quý 3","Target Việt Nam thành công giữ mốc 1.100 điểm, khối ngoại quay đầu bán ròng hơn 3.500 tỷ đồng trong quý 3","Target Việt Nam thành công giữ mốc 1.100 điểm, khối ngoại quay đầu bán ròng hơn 3.500 tỷ đồng trong quý 3",The sentiment for[TGT] in the given sentence isNEUTRAL .,NEUTRAL,,,,,/home/huylkq/repos/nlp/FinABSA-Valid/MODEL/FinABSA,Target,ok
fae545d4f5a64c2b_00,fae545d4f5a64c2b,https://cafef.vn/acbs-vn-index-co-the-quay-lai-muc-dinh-lich-su-vao-nam-2023-20221001153118462.chn,2022-10-02T00:02:26,,ACB,ACB,ACBS: VN-Index có thể quay lại mức đỉnh lịch sử vào năm 2023,TargetS: VN-Index có thể quay lại mức đỉnh lịch sử vào năm 2023,TargetS: VN-Index có thể quay lại mức đỉnh lịch sử vào năm 2023,The sentiment for[TGT] in the given sentence isNEUTRAL .,NEUTRAL,,,,,/home/huylkq/repos/nlp/FinABSA-Valid/MODEL/FinABSA,Target,ok
fae545d4f5a64c2b_01,fae545d4f5a64c2b,https://cafef.vn/acbs-vn-index-co-the-quay-lai-muc-dinh-lich-su-vao-nam-2023-20221001153118462.chn,2022-10-02T00:02:26,,ACBS,ACBS,ACBS: VN-Index có thể quay lại mức đỉnh lịch sử vào năm 2023,Target: VN-Index có thể quay lại mức đỉnh lịch sử vào năm 2023,Target: VN-Index có thể quay lại mức đỉnh lịch sử vào năm 2023,The sentiment for[TGT] in the given sentence isNEUTRAL .,NEUTRAL,,,,,/home/huylkq/repos/nlp/FinABSA-Valid/MODEL/FinABSA,Target,ok
cb8b4f29b3873b8a_00,cb8b4f29b3873b8a,https://cafef.vn/acbs-nhnn-tang-lai-suat-dieu-hanh-de-doi-pho-voi-ty-gia-chu-khong-phai-lam-phat-20221001225221507.chn,2022-10-01T22:52:45,,ACB,ACB,"ACBS: NHNN tăng lãi suất điều hành để đối phó với tỷ giá, chứ không phải lạm phát","TargetS: NHNN tăng lãi suất điều hành để đối phó với tỷ giá, chứ không phải lạm phát","TargetS: NHNN tăng lãi suất điều hành để đối phó với tỷ giá, chứ không phải lạm phát",The sentiment for[TGT] in the given sentence isNEUTRAL .,NEUTRAL,,,,,/home/huylkq/repos/nlp/FinABSA-Valid/MODEL/FinABSA,Target,ok
cb8b4f29b3873b8a_01,cb8b4f29b3873b8a,https://cafef.vn/acbs-nhnn-tang-lai-suat-dieu-hanh-de-doi-pho-voi-ty-gia-chu-khong-phai-lam-phat-20221001225221507.chn,2022-10-01T22:52:45,,ACBS,ACBS,"ACBS: NHNN tăng lãi suất điều hành để đối phó với tỷ giá, chứ không phải lạm phát","Target: NHNN tăng lãi suất điều hành để đối phó với tỷ giá, chứ không phải lạm phát","Target: NHNN tăng lãi suất điều hành để đối phó với tỷ giá, chứ không phải lạm phát",The sentiment for[TGT] in the given sentence isNEUTRAL .,NEUTRAL,,,,,/home/huylkq/repos/nlp/FinABSA-Valid/MODEL/FinABSA,Target,ok
ca94de0c710e7775_00,ca94de0c710e7775,https://cafef.vn/kinh-te-truong-mbs-vn-index-kho-giam-sau-tren-30-so-voi-dinh-nha-dau-tu-nen-can-nhac-ky-truoc-khi-ban-co-phieu-20221001152647858.chn,2022-10-01T16:20:09,2022-10-01T16:20:43+07:00,MBS,MBS,"Kinh tế trưởng MBS: VN-Index khó giảm sâu trên 30% so với đỉnh, nhà đầu tư nên cân nhắc kỹ trước khi bán cổ phiếu","Kinh tế trưởng Target: VN-Index khó giảm sâu trên 30% so với đỉnh, nhà đầu tư nên cân nhắc kỹ trước khi bán cổ phiếu","Kinh tế trưởng Target: VN-Index khó giảm sâu trên 30% so với đỉnh, nhà đầu tư nên cân nhắc kỹ trước khi bán cổ phiếu",The sentiment for[TGT] in the given sentence isNEUTRAL .,NEUTRAL,,,,,/home/huylkq/repos/nlp/FinABSA-Valid/MODEL/FinABSA,Target,ok
54b78d8e0e994f09_00,54b78d8e0e994f09,https://cafef.vn/eximbank-hop-tac-voi-vnpay-ra-mat-ngan-hang-so-hop-kenh-20221001121231918.chn,2022-10-01T13:30:00,2022-10-02T14:37:48+07:00,VNPAY,VNPAY,Eximbank hợp tác với VNPAY ra mắt ngân hàng số hợp kênh,Eximbank hợp tác với Target ra mắt ngân hàng số hợp kênh,Eximbank hợp tác với Target ra mắt ngân hàng số hợp kênh,The sentiment for[TGT] in the given sentence isNEUTRAL .,NEUTRAL,,,,,/home/huylkq/repos/nlp/FinABSA-Valid/MODEL/FinABSA,Target,ok
75749f7fa8a8ef81_00,75749f7fa8a8ef81,https://cafef.vn/vndirect-heo-an-chuoi-khong-co-qua-nhieu-khac-biet-so-voi-nhung-san-pham-thit-sach-dang-co-tren-thi-truong-20221001123906336.chn,2022-10-01T12:41:44,,VND,Vnd,Vndirect: “Heo ăn chuối” không có quá nhiều khác biệt so với những sản phẩm thịt sạch đang có trên thị trường,Targetirect: “Heo ăn chuối” không có quá nhiều khác biệt so với những sản phẩm thịt sạch đang có trên thị trường,Targetirect: “Heo ăn chuối” không có quá nhiều khác biệt so với những sản phẩm thịt sạch đang có trên thị trường,The sentiment for[TGT] in the given sentence isNEUTRAL .,NEUTRAL,,,,,/home/huylkq/repos/nlp/FinABSA-Valid/MODEL/FinABSA,Target,ok
858a3b0a4303bd91_00,858a3b0a4303bd91,https://cafef.vn/shb-chuan-bi-chia-co-tuc-va-chao-ban-co-phieu-voi-gia-12500-dong-cp-20221001102723379.chn,2022-10-01T10:27:45,,SHB,SHB,SHB chuẩn bị chia cổ tức và chào bán cổ phiếu với giá 12.500 đồng/cp,Target chuẩn bị chia cổ tức và chào bán cổ phiếu với giá 12.500 đồng/cp,Target chuẩn bị chia cổ tức và chào bán cổ phiếu với giá 12.500 đồng/cp,The sentiment for[TGT] in the given sentence isNEUTRAL .,NEUTRAL,,,,,/home/huylkq/repos/nlp/FinABSA-Valid/MODEL/FinABSA,Target,ok
57cb249105aeaf01_00,57cb249105aeaf01,https://cafef.vn/hose-tiep-tuc-yeu-cau-ita-giai-trinh-chi-tiet-vu-uy-thac-cho-chu-tich-20221001101028178.chn,2022-10-01T10:17:31,2022-10-01T10:18:16+07:00,ITA,ITA,HoSE tiếp tục yêu cầu ITA giải trình chi tiết vụ uỷ thác cho Chủ tịch,HoSE tiếp tục yêu cầu Target giải trình chi tiết vụ uỷ thác cho Chủ tịch,HoSE tiếp tục yêu cầu Target giải trình chi tiết vụ uỷ thác cho Chủ tịch,The sentiment for[TGT] in the given sentence isNEUTRAL .,NEUTRAL,,,,,/home/huylkq/repos/nlp/FinABSA-Valid/MODEL/FinABSA,Target,ok
ed1538bcec092d17_00,ed1538bcec092d17,https://cafef.vn/dieu-gi-khien-mt-eastmark-city-noi-bat-tai-thi-truong-cuoi-nam-2022-20221001094820763.chn,2022-10-01T10:00:00,,MT,MT,Điều gì khiến MT Eastmark City nổi bật tại thị trường cuối năm 2022,Điều gì khiến Target Eastmark City nổi bật tại thị trường cuối năm 2022,Điều gì khiến Target Eastmark City nổi bật tại thị trường cuối năm 2022,The sentiment for[TGT] in the given sentence isNEUTRAL .,NEUTRAL,,,,,/home/huylkq/repos/nlp/FinABSA-Valid/MODEL/FinABSA,Target,ok
67847e06b0a5ff1a_00,67847e06b0a5ff1a,https://cafef.vn/ocb-trien-khai-phat-hanh-co-phieu-thuong-cho-co-dong-hien-huu-20221001082759755.chn,2022-10-01T08:49:36,,OCB,OCB,OCB triển khai phát hành cổ phiếu thưởng cho cổ đông hiện hữu,Target triển khai phát hành cổ phiếu thưởng cho cổ đông hiện hữu,Target triển khai phát hành cổ phiếu thưởng cho cổ đông hiện hữu,The sentiment for[TGT] in the given sentence isNEGATIVE .,NEGATIVE,,,,,/home/huylkq/repos/nlp/FinABSA-Valid/MODEL/FinABSA,Target,ok
785428cffa8c8c8d_00,785428cffa8c8c8d,https://cafef.vn/bamboo-capital-bcg-sap-phat-hanh-co-phieu-gia-10000-dong-cp-bom-von-cho-cong-ty-bao-hiem-20221001074522138.chn,2022-10-01T07:45:00,2022-10-03T10:28:41+07:00,ITA,ita,"Bamboo Capital sắp phát hành gần 520 triệu cổ phiếu, trong vòng 3 năm huy động gần 10.000 tỷ từ TTCK","Bamboo CapTargetl sắp phát hành gần 520 triệu cổ phiếu, trong vòng 3 năm huy động gần 10.000 tỷ từ Other","Bamboo CapTargetl sắp phát hành gần 520 triệu cổ phiếu, trong vòng 3 năm huy động gần 10.000 tỷ từ Other",The sentiment for[TGT] in the given sentence isNEUTRAL .,NEUTRAL,,,,,/home/huylkq/repos/nlp/FinABSA-Valid/MODEL/FinABSA,Target,ok
785428cffa8c8c8d_01,785428cffa8c8c8d,https://cafef.vn/bamboo-capital-bcg-sap-phat-hanh-co-phieu-gia-10000-dong-cp-bom-von-cho-cong-ty-bao-hiem-20221001074522138.chn,2022-10-01T07:45:00,2022-10-03T10:28:41+07:00,TTCK,TTCK,"Bamboo Capital sắp phát hành gần 520 triệu cổ phiếu, trong vòng 3 năm huy động gần 10.000 tỷ từ TTCK","Bamboo CapOtherl sắp phát hành gần 520 triệu cổ phiếu, trong vòng 3 năm huy động gần 10.000 tỷ từ Target","Bamboo CapOtherl sắp phát hành gần 520 triệu cổ phiếu, trong vòng 3 năm huy động gần 10.000 tỷ từ Target",The sentiment for[TGT] in the given sentence isNEUTRAL .,NEUTRAL,,,,,/home/huylkq/repos/nlp/FinABSA-Valid/MODEL/FinABSA,Target,ok
36a45a96055df1bd_00,36a45a96055df1bd,https://cafef.vn/chu-tich-hiep-hoi-bds-tphcm-tiep-tuc-kien-nghi-cho-phep-chu-dau-tu-xay-truong-hoc-cong-vien-trong-khu-do-thi-20220930210448272.chn,2022-10-01T06:11:17,2022-10-01T06:11:18+07:00,HCM,HCM,"Chủ tịch Hiệp hội BĐS Tp.HCM tiếp tục kiến nghị cho phép chủ đầu tư xây trường học, công viên trong khu đô thị","Chủ tịch Hiệp hội BĐS Tp.Target tiếp tục kiến nghị cho phép chủ đầu tư xây trường học, công viên trong khu đô thị","Chủ tịch Hiệp hội BĐS Tp.Target tiếp tục kiến nghị cho phép chủ đầu tư xây trường học, công viên trong khu đô thị",The sentiment for[TGT] in the given sentence isNEGATIVE .,NEGATIVE,,,,,/home/huylkq/repos/nlp/FinABSA-Valid/MODEL/FinABSA,Target,ok
2810b9f50e6ee55d_00,2810b9f50e6ee55d,https://cafef.vn/lienvietpostbank-nhan-giai-thuong-doanh-nghiep-xuat-sac-chau-a-2022-20221010163508264.chn,2022-10-10T17:30:00,,STB,stB,"LienVietPostBank nhận giải thưởng ""Doanh nghiệp xuất sắc Châu Á 2022""","LienVietPoTargetank nhận giải thưởng ""Doanh nghiệp xuất sắc Châu Á 2022""","LienVietPoTargetank nhận giải thưởng ""Doanh nghiệp xuất sắc Châu Á 2022""",The sentiment for[TGT] in the given sentence isNEUTRAL .,NEUTRAL,,,,,/home/huylkq/repos/nlp/FinABSA-Valid/MODEL/FinABSA,Target,ok
01b25fd6ae420cab_00,01b25fd6ae420cab,https://cafef.vn/mb-duoc-vinh-danh-doanh-nghiep-xuat-sac-chau-a-2022-20221010163121288.chn,2022-10-10T17:30:00,,MB,MB,MB được vinh danh Doanh nghiệp  xuất sắc châu Á 2022,Target được vinh danh Doanh nghiệp  xuất sắc châu Á 2022,Target được vinh danh Doanh nghiệp  xuất sắc châu Á 2022,The sentiment for[TGT] in the given sentence isNEUTRAL .,NEUTRAL,,,,,/home/huylkq/repos/nlp/FinABSA-Valid/MODEL/FinABSA,Target,ok
d53c9b11964be563_00,d53c9b11964be563,https://cafef.vn/co-phieu-ngan-hang-phien-10-10-vpb-hoi-phuc-manh-tu-gia-san-shb-va-lpb-suyt-roi-xuong-duoi-menh-gia-20221010162547055.chn,2022-10-10T16:25:48,,SHB,SHB,"Cổ phiếu ngân hàng phiên 10/10: VPB hồi phục mạnh từ giá sàn, SHB và LPB suýt rơi xuống dưới mệnh giá","Cổ phiếu ngân hàng phiên 10/10: Other hồi phục mạnh từ giá sàn, Target và Other suýt rơi xuống dưới mệnh giá","Cổ phiếu ngân hàng phiên 10/10: Other hồi phục mạnh từ giá sàn, Target và Other suýt rơi xuống dưới mệnh giá",The sentiment for[TGT] in the given sentence isNEUTRAL .,NEUTRAL,,,,,/home/huylkq/repos/nlp/FinABSA-Valid/MODEL/FinABSA,Target,ok
d53c9b11964be563_01,d53c9b11964be563,https://cafef.vn/co-phieu-ngan-hang-phien-10-10-vpb-hoi-phuc-manh-tu-gia-san-shb-va-lpb-suyt-roi-xuong-duoi-menh-gia-20221010162547055.chn,2022-10-10T16:25:48,,LPB,LPB,"Cổ phiếu ngân hàng phiên 10/10: VPB hồi phục mạnh từ giá sàn, SHB và LPB suýt rơi xuống dưới mệnh giá","Cổ phiếu ngân hàng phiên 10/10: Other hồi phục mạnh từ giá sàn, Other và Target suýt rơi xuống dưới mệnh giá","Cổ phiếu ngân hàng phiên 10/10: Other hồi phục mạnh từ giá sàn, Other và Target suýt rơi xuống dưới mệnh giá",The sentiment for[TGT] in the given sentence isNEUTRAL .,NEUTRAL,,,,,/home/huylkq/repos/nlp/FinABSA-Valid/MODEL/FinABSA,Target,ok
d53c9b11964be563_02,d53c9b11964be563,https://cafef.vn/co-phieu-ngan-hang-phien-10-10-vpb-hoi-phuc-manh-tu-gia-san-shb-va-lpb-suyt-roi-xuong-duoi-menh-gia-20221010162547055.chn,2022-10-10T16:25:48,,VPB,VPB,"Cổ phiếu ngân hàng phiên 10/10: VPB hồi phục mạnh từ giá sàn, SHB và LPB suýt rơi xuống dưới mệnh giá","Cổ phiếu ngân hàng phiên 10/10: Target hồi phục mạnh từ giá sàn, Other và Other suýt rơi xuống dưới mệnh giá","Cổ phiếu ngân hàng phiên 10/10: Target hồi phục mạnh từ giá sàn, Other và Other suýt rơi xuống dưới mệnh giá",The sentiment for[TGT] in the given sentence isNEUTRAL .,NEUTRAL,,,,,/home/huylkq/repos/nlp/FinABSA-Valid/MODEL/FinABSA,Target,ok
528713747c3d3f29_00,528713747c3d3f29,https://cafef.vn/tps-day-la-thoi-diem-hop-ly-de-tich-luy-nhung-co-phieu-co-noi-tai-tot-ket-qua-kinh-doanh-tich-cuc-20221010143624004.chn,2022-10-10T15:12:03,,TPS,TPS,"TPS: ""Đây là thời điểm hợp lý để tích lũy những cổ phiếu có nội tại tốt, kết quả kinh doanh tích cực""","Target: ""Đây là thời điểm hợp lý để tích lũy những cổ phiếu có nội tại tốt, kết quả kinh doanh tích cực""","Target: ""Đây là thời điểm hợp lý để tích lũy những cổ phiếu có nội tại tốt, kết quả kinh doanh tích cực""",The sentiment for[TGT] in the given sentence isNEUTRAL .,NEUTRAL,,,,,/home/huylkq/repos/nlp/FinABSA-Valid/MODEL/FinABSA,Target,ok
5d2b367e0b2c984a_00,5d2b367e0b2c984a,https://cafef.vn/pv-power-pow-uoc-dat-tong-doanh-thu-gan-21-nghin-ty-dong-trong-9-thang-dau-nam-20221010150808129.chn,2022-10-10T15:08:11,,POW,Pow,PV Power (POW) ước đạt tổng doanh thu gần 21 nghìn tỷ đồng trong 9 tháng đầu năm,PV Targeter (POW) ước đạt tổng doanh thu gần 21 nghìn tỷ đồng trong 9 tháng đầu năm,PV Targeter (POW) ước đạt tổng doanh thu gần 21 nghìn tỷ đồng trong 9 tháng đầu năm,The sentiment for[TGT] in the given sentence isNEUTRAL .,NEUTRAL,,,,,/home/huylkq/repos/nlp/FinABSA-Valid/MODEL/FinABSA,Target,ok
19a2022b48facf02_00,19a2022b48facf02,https://cafef.vn/vmark-2022-thu-hut-su-quan-tam-cua-nhieu-nha-thiet-ke-kien-truc-su-doanh-nghiep-20221010142135203.chn,2022-10-10T14:30:00,,VMARK,VMARK,"VMARK 2022 thu hút sự quan tâm của nhiều nhà thiết kế, kiến trúc sư, doanh nghiệp","Target 2022 thu hút sự quan tâm của nhiều nhà thiết kế, kiến trúc sư, doanh nghiệp","Target 2022 thu hút sự quan tâm của nhiều nhà thiết kế, kiến trúc sư, doanh nghiệp",The sentiment for[TGT] in the given sentence isNEUTRAL .,NEUTRAL,,,,,/home/huylkq/repos/nlp/FinABSA-Valid/MODEL/FinABSA,Target,ok
e43dfbb2bb93d2b1_00,e43dfbb2bb93d2b1,https://cafef.vn/thong-doc-nguoi-gui-tien-duoc-nha-nuoc-dam-bao-trong-moi-truong-hop-20221010092005359.chn,2022-10-10T09:32:00,2022-10-10T09:56:36+07:00,SCB,SCB,"Thống đốc NHNN: Những khoản tiền gửi của người dân tại ngân hàng, trong đó có ngân hàng SCB, đều được nhà nước đảm bảo trong mọi trường hợp","Thống đốc NHNN: Những khoản tiền gửi của người dân tại ngân hàng, trong đó có ngân hàng Target, đều được nhà nước đảm bảo trong mọi trường hợp","Thống đốc NHNN: Những khoản tiền gửi của người dân tại ngân hàng, trong đó có ngân hàng Target, đều được nhà nước đảm bảo trong mọi trường hợp",The sentiment for[TGT] in the given sentence isNEUTRAL .,NEUTRAL,,,,,/home/huylkq/repos/nlp/FinABSA-Valid/MODEL/FinABSA,Target,ok
c520f96cd19771ee_00,c520f96cd19771ee,https://cafef.vn/cac-doanh-nghiep-cong-nghe-truyen-thong-giai-tri-troi-day-tai-apea-2022-2022100910395515.chn,2022-10-10T08:00:00,,APEA,APEA,Các doanh nghiệp công nghệ truyền thông giải trí trỗi dậy tại APEA 2022,Các doanh nghiệp công nghệ truyền thông giải trí trỗi dậy tại Target 2022,Các doanh nghiệp công nghệ truyền thông giải trí trỗi dậy tại Target 2022,The sentiment for[TGT] in the given sentence isNEUTRAL .,NEUTRAL,,,,,/home/huylkq/repos/nlp/FinABSA-Valid/MODEL/FinABSA,Target,ok
fb049c11c2e5fb07_00,fb049c11c2e5fb07,https://cafef.vn/wata-corp-doanh-nghiep-phan-mem-dua-tri-tue-viet-vuon-ra-the-gioi-20221004140526639.chn,2022-10-10T08:00:00,,WATA,WATA,WATA CORP – Doanh nghiệp phần mềm đưa trí tuệ Việt vươn ra thế giới,Target Other – Doanh nghiệp phần mềm đưa trí tuệ Việt vươn ra thế giới,Target Other – Doanh nghiệp phần mềm đưa trí tuệ Việt vươn ra thế giới,The sentiment for[TGT] in the given sentence isNEUTRAL .,NEUTRAL,,,,,/home/huylkq/repos/nlp/FinABSA-Valid/MODEL/FinABSA,Target,ok
fb049c11c2e5fb07_01,fb049c11c2e5fb07,https://cafef.vn/wata-corp-doanh-nghiep-phan-mem-dua-tri-tue-viet-vuon-ra-the-gioi-20221004140526639.chn,2022-10-10T08:00:00,,CORP,CORP,WATA CORP – Doanh nghiệp phần mềm đưa trí tuệ Việt vươn ra thế giới,Other Target – Doanh nghiệp phần mềm đưa trí tuệ Việt vươn ra thế giới,Other Target – Doanh nghiệp phần mềm đưa trí tuệ Việt vươn ra thế giới,The sentiment for[TGT] in the given sentence isNEUTRAL .,NEUTRAL,,,,,/home/huylkq/repos/nlp/FinABSA-Valid/MODEL/FinABSA,Target,ok
c185747e81282249_00,c185747e81282249,https://cafef.vn/chung-khoan-tan-viet-tvsi-va-cac-to-chuc-phat-hanh-len-phuong-an-thanh-toan-trai-phieu-cho-nha-dau-tu-20221009193225302.chn,2022-10-09T19:32:52,2022-10-09T20:26:22+07:00,TVSI,TVSI,Chứng khoán Tân Việt (TVSI) và các tổ chức phát hành lên phương án thanh toán trái phiếu cho nhà đầu tư,Chứng khoán Tân Việt (Target) và các tổ chức phát hành lên phương án thanh toán trái phiếu cho nhà đầu tư,Chứng khoán Tân Việt (Target) và các tổ chức phát hành lên phương án thanh toán trái phiếu cho nhà đầu tư,The sentiment for[TGT] in the given sentence isNEUTRAL .,NEUTRAL,,,,,/home/huylkq/repos/nlp/FinABSA-Valid/MODEL/FinABSA,Target,ok
b9549517b42e036c_00,b9549517b42e036c,https://cafef.vn/cuoc-dua-moi-tren-thi-truong-dau-mo-nuoc-di-tao-bao-cua-opec-co-the-thay-doi-trat-tu-nang-luong-toan-cau-20221009180616839.chn,2022-10-09T19:30:00,,OPEC,OPEC,Cuộc đua mới trên thị trường dầu mỏ: Nước đi táo bạo của OPEC+ có thể thay đổi trật tự năng lượng toàn cầu,Cuộc đua mới trên thị trường dầu mỏ: Nước đi táo bạo của Target+ có thể thay đổi trật tự năng lượng toàn cầu,Cuộc đua mới trên thị trường dầu mỏ: Nước đi táo bạo của Target+ có thể thay đổi trật tự năng lượng toàn cầu,The sentiment for[TGT] in the given sentence isNEUTRAL .,NEUTRAL,,,,,/home/huylkq/repos/nlp/FinABSA-Valid/MODEL/FinABSA,Target,ok
ce46ed70ac6fe91b_00,ce46ed70ac6fe91b,https://cafef.vn/scb-dieu-chinh-lai-suat-cao-nhat-len-890-chi-tra-quyen-loi-khach-hang-binh-thuong-dien-dan-tai-chinh-20221009145340985.chn,2022-10-09T14:54:07,2022-10-09T15:02:10+07:00,SCB,SCB,"SCB điều chỉnh lãi suất cao nhất lên 8,90%, chi trả quyền lợi khách hàng bình thường","Target điều chỉnh lãi suất cao nhất lên 8,90%, chi trả quyền lợi khách hàng bình thường","Target điều chỉnh lãi suất cao nhất lên 8,90%, chi trả quyền lợi khách hàng bình thường",The sentiment for[TGT] in the given sentence isNEUTRAL .,NEUTRAL,,,,,/home/huylkq/repos/nlp/FinABSA-Valid/MODEL/FinABSA,Target,ok
1d614b79f7d4d3a9_00,1d614b79f7d4d3a9,https://cafef.vn/mbs-nam-2022-doanh-thu-cua-petrolimex-plx-co-the-dat-291000-ty-tang-72-chuan-bi-thoai-von-pg-bank-vao-quy-4-20221009143140504.chn,2022-10-09T14:32:06,,MBS,MBS,"MBS: Năm 2022, doanh thu của Petrolimex (PLX) có thể đạt 291.000 tỷ - tăng 72%, chuẩn bị thoái vốn PG Bank vào quý 4","Target: Năm 2022, doanh thu của Petrolimex (Other) có thể đạt 291.000 tỷ - tăng 72%, chuẩn bị thoái vốn Other Bank vào quý 4","Target: Năm 2022, doanh thu của Petrolimex (Other) có thể đạt 291.000 tỷ - tăng 72%, chuẩn bị thoái vốn Other Bank vào quý 4",The sentiment for[TGT] in the given sentence isPOSITIVE .,POSITIVE,,,,,/home/huylkq/repos/nlp/FinABSA-Valid/MODEL/FinABSA,Target,ok
1d614b79f7d4d3a9_01,1d614b79f7d4d3a9,https://cafef.vn/mbs-nam-2022-doanh-thu-cua-petrolimex-plx-co-the-dat-291000-ty-tang-72-chuan-bi-thoai-von-pg-bank-vao-quy-4-20221009143140504.chn,2022-10-09T14:32:06,,PLX,PLX,"MBS: Năm 2022, doanh thu của Petrolimex (PLX) có thể đạt 291.000 tỷ - tăng 72%, chuẩn bị thoái vốn PG Bank vào quý 4","Other: Năm 2022, doanh thu của Petrolimex (Target) có thể đạt 291.000 tỷ - tăng 72%, chuẩn bị thoái vốn Other Bank vào quý 4","Other: Năm 2022, doanh thu của Petrolimex (Target) có thể đạt 291.000 tỷ - tăng 72%, chuẩn bị thoái vốn Other Bank vào quý 4",The sentiment for[TGT] in the given sentence isNEUTRAL .,NEUTRAL,,,,,/home/huylkq/repos/nlp/FinABSA-Valid/MODEL/FinABSA,Target,ok
1d614b79f7d4d3a9_02,1d614b79f7d4d3a9,https://cafef.vn/mbs-nam-2022-doanh-thu-cua-petrolimex-plx-co-the-dat-291000-ty-tang-72-chuan-bi-thoai-von-pg-bank-vao-quy-4-20221009143140504.chn,2022-10-09T14:32:06,,PG,PG,"MBS: Năm 2022, doanh thu của Petrolimex (PLX) có thể đạt 291.000 tỷ - tăng 72%, chuẩn bị thoái vốn PG Bank vào quý 4","Other: Năm 2022, doanh thu của Petrolimex (Other) có thể đạt 291.000 tỷ - tăng 72%, chuẩn bị thoái vốn Target Bank vào quý 4","Other: Năm 2022, doanh thu của Petrolimex (Other) có thể đạt 291.000 tỷ - tăng 72%, chuẩn bị thoái vốn Target Bank vào quý 4",The sentiment for[TGT] in the given sentence isNEUTRAL .,NEUTRAL,,,,,/home/huylkq/repos/nlp/FinABSA-Valid/MODEL/FinABSA,Target,ok
b2868097b7e87c3d_00,b2868097b7e87c3d,https://cafef.vn/hose-niem-yet-bo-sung-200000-chung-chi-quy-etf-dcvfm-vnmidcap-fuedcmid-ke-tu-10-10-20221009133709684.chn,2022-10-09T13:37:36,,VNM,VNM,HoSE niêm yết bổ sung 200.000 chứng chỉ quỹ ETF DCVFM VNMIDCAP (FUEDCMID) kể từ 10/10,HoSE niêm yết bổ sung 200.000 chứng chỉ quỹ ETF Other TargetIDCAP (FUEDCMID) kể từ 10/10,HoSE niêm yết bổ sung 200.000 chứng chỉ quỹ ETF Other TargetIDCAP (FUEDCMID) kể từ 10/10,The sentiment for[TGT] in the given sentence isNEUTRAL .,NEUTRAL,,,,,/home/huylkq/repos/nlp/FinABSA-Valid/MODEL/FinABSA,Target,ok
b2868097b7e87c3d_01,b2868097b7e87c3d,https://cafef.vn/hose-niem-yet-bo-sung-200000-chung-chi-quy-etf-dcvfm-vnmidcap-fuedcmid-ke-tu-10-10-20221009133709684.chn,2022-10-09T13:37:36,,DCVFM,DCVFM,HoSE niêm yết bổ sung 200.000 chứng chỉ quỹ ETF DCVFM VNMIDCAP (FUEDCMID) kể từ 10/10,HoSE niêm yết bổ sung 200.000 chứng chỉ quỹ ETF Target OtherIDCAP (FUEDCMID) kể từ 10/10,HoSE niêm yết bổ sung 200.000 chứng chỉ quỹ ETF Target OtherIDCAP (FUEDCMID) kể từ 10/10,The sentiment for[TGT] in the given sentence isNEUTRAL .,NEUTRAL,,,,,/home/huylkq/repos/nlp/FinABSA-Valid/MODEL/FinABSA,Target,ok
56d4488c0c13c481_00,56d4488c0c13c481,https://cafef.vn/3-mau-suv-co-c-giam-gia-manh-nhat-thi-truong-cr-v-kich-san-150-trieu-forester-xa-kho-cho-mau-moi-20221009083454446.chn,2022-10-09T08:45:00,,SUV,SUV,"3 mẫu SUV cỡ C giảm giá mạnh nhất thị trường: CR-V kịch sàn 150 triệu, Forester xả kho chờ mẫu mới","3 mẫu Target cỡ C giảm giá mạnh nhất thị trường: Other-V kịch sàn 150 triệu, Forester xả kho chờ mẫu mới","3 mẫu Target cỡ C giảm giá mạnh nhất thị trường: Other-V kịch sàn 150 triệu, Forester xả kho chờ mẫu mới",The sentiment for[TGT] in the given sentence isNEUTRAL .,NEUTRAL,,,,,/home/huylkq/repos/nlp/FinABSA-Valid/MODEL/FinABSA,Target,ok
56d4488c0c13c481_01,56d4488c0c13c481,https://cafef.vn/3-mau-suv-co-c-giam-gia-manh-nhat-thi-truong-cr-v-kich-san-150-trieu-forester-xa-kho-cho-mau-moi-20221009083454446.chn,2022-10-09T08:45:00,,CR,CR,"3 mẫu SUV cỡ C giảm giá mạnh nhất thị trường: CR-V kịch sàn 150 triệu, Forester xả kho chờ mẫu mới","3 mẫu Other cỡ C giảm giá mạnh nhất thị trường: Target-V kịch sàn 150 triệu, Forester xả kho chờ mẫu mới","3 mẫu Other cỡ C giảm giá mạnh nhất thị trường: Target-V kịch sàn 150 triệu, Forester xả kho chờ mẫu mới",The sentiment for[TGT] in the given sentence isNEUTRAL .,NEUTRAL,,,,,/home/huylkq/repos/nlp/FinABSA-Valid/MODEL/FinABSA,Target,ok
cd8bf9ca9ee2e744_00,cd8bf9ca9ee2e744,https://cafef.vn/kinh-te-truong-vinacapital-chi-ra-yeu-to-giup-viet-nam-tro-thanh-vung-an-toan-kinh-te-trong-cac-thi-truong-moi-noi-20221009080853705.chn,2022-10-09T08:09:19,,ITA,ita,Kinh tế trưởng VinaCapital chỉ ra yếu tố giúp Việt Nam trở thành 'vùng an toàn kinh tế' trong các thị trường mới nổi,Kinh tế trưởng VinaCapTargetl chỉ ra yếu tố giúp Việt Nam trở thành 'vùng an toàn kinh tế' trong các thị trường mới nổi,Kinh tế trưởng VinaCapTargetl chỉ ra yếu tố giúp Việt Nam trở thành 'vùng an toàn kinh tế' trong các thị trường mới nổi,The sentiment for[TGT] in the given sentence isNEUTRAL .,NEUTRAL,,,,,/home/huylkq/repos/nlp/FinABSA-Valid/MODEL/FinABSA,Target,ok
33628f77d5605777_00,33628f77d5605777,https://cafef.vn/tap-doan-thai-lan-dau-tu-kcn-3500-ty-tai-quang-ninh-nang-tong-quy-mo-cac-du-an-tai-viet-nam-len-2500-ha-20221009002121283.chn,2022-10-09T07:43:11,2022-10-09T07:43:50+07:00,KCN,KCN,"Tập đoàn Thái Lan đầu tư KCN 3.500 tỷ tại Quảng Ninh, nâng tổng quy mô các dự án tại Việt Nam lên 2.500 ha","Tập đoàn Thái Lan đầu tư Target 3.500 tỷ tại Quảng Ninh, nâng tổng quy mô các dự án tại Việt Nam lên 2.500 ha","Tập đoàn Thái Lan đầu tư Target 3.500 tỷ tại Quảng Ninh, nâng tổng quy mô các dự án tại Việt Nam lên 2.500 ha",The sentiment for[TGT] in the given sentence isNEUTRAL .,NEUTRAL,,,,,/home/huylkq/repos/nlp/FinABSA-Valid/MODEL/FinABSA,Target,ok
a431e11a134aa5f2_00,a431e11a134aa5f2,https://cafef.vn/chung-khoan-vndirect-bi-xu-phat-do-cho-vay-margin-co-phieu-thaiholdings-thd-20221008225459612.chn,2022-10-09T06:02:00,,VND,VND,Chứng khoán VNDIRECT bị xử phạt do cho vay margin cổ phiếu Thaiholdings (THD),Chứng khoán TargetIRECT bị xử phạt do cho vay margin cổ phiếu Thaiholdings (Other),Chứng khoán TargetIRECT bị xử phạt do cho vay margin cổ phiếu Thaiholdings (Other),The sentiment for[TGT] in the given sentence isNEUTRAL .,NEUTRAL,,,,,/home/huylkq/repos/nlp/FinABSA-Valid/MODEL/FinABSA,Target,ok
a431e11a134aa5f2_01,a431e11a134aa5f2,https://cafef.vn/chung-khoan-vndirect-bi-xu-phat-do-cho-vay-margin-co-phieu-thaiholdings-thd-20221008225459612.chn,2022-10-09T06:02:00,,THD,THD,Chứng khoán VNDIRECT bị xử phạt do cho vay margin cổ phiếu Thaiholdings (THD),Chứng khoán OtherIRECT bị xử phạt do cho vay margin cổ phiếu Thaiholdings (Target),Chứng khoán OtherIRECT bị xử phạt do cho vay margin cổ phiếu Thaiholdings (Target),The sentiment for[TGT] in the given sentence isNEUTRAL .,NEUTRAL,,,,,/home/huylkq/repos/nlp/FinABSA-Valid/MODEL/FinABSA,Target,ok
a9ef2bc310b9a126_00,a9ef2bc310b9a126,https://cafef.vn/vua-bi-cong-ty-chung-khoan-ban-giai-chap-co-phieu-pho-tong-drc-lap-tuc-dang-ky-mua-lai-luong-tuong-tu-20221008225258493.chn,2022-10-09T00:04:00,,DRC,DRC,"Vừa bị công ty chứng khoán bán giải chấp cổ phiếu, Phó Tổng DRC lập tức đăng ký mua lại lượng tương tự","Vừa bị công ty chứng khoán bán giải chấp cổ phiếu, Phó Tổng Target lập tức đăng ký mua lại lượng tương tự","Vừa bị công ty chứng khoán bán giải chấp cổ phiếu, Phó Tổng Target lập tức đăng ký mua lại lượng tương tự",The sentiment for[TGT] in the given sentence isNEUTRAL .,NEUTRAL,,,,,/home/huylkq/repos/nlp/FinABSA-Valid/MODEL/FinABSA,Target,ok
97e4dbe6fca3fe97_00,97e4dbe6fca3fe97,https://cafef.vn/ca-phe-chanh-leo-cua-gia-lai-da-vao-duoc-thi-truong-nhat-eu-20221008184724404.chn,2022-10-08T22:00:00,,EU,EU,"Cà phê, chanh leo của Gia Lai đã vào được thị trường Nhật, EU","Cà phê, chanh leo của Gia Lai đã vào được thị trường Nhật, Target","Cà phê, chanh leo của Gia Lai đã vào được thị trường Nhật, Target",The sentiment for[TGT] in the given sentence isNEUTRAL .,NEUTRAL,,,,,/home/huylkq/repos/nlp/FinABSA-Valid/MODEL/FinABSA,Target,ok
c28bceea2f4da1c4_00,c28bceea2f4da1c4,https://cafef.vn/lanh-dao-scb-chung-toi-da-kiem-soat-tinh-hinh-thanh-khoan-on-dinh-20221008184545119.chn,2022-10-08T18:46:08,,SCB,SCB,"Lãnh đạo SCB: Chúng tôi đã kiểm soát tình hình, thanh khoản ổn định","Lãnh đạo Target: Chúng tôi đã kiểm soát tình hình, thanh khoản ổn định","Lãnh đạo Target: Chúng tôi đã kiểm soát tình hình, thanh khoản ổn định",The sentiment for[TGT] in the given sentence isNEUTRAL .,NEUTRAL,,,,,/home/huylkq/repos/nlp/FinABSA-Valid/MODEL/FinABSA,Target,ok
d687270addbfcc82_00,d687270addbfcc82,https://cafef.vn/scb-khang-dinh-cong-ty-an-dong-khong-phai-co-dong-ba-truong-my-lan-khong-giu-chuc-vu-quan-ly-dieu-hanh-tai-scb-20221008134447608.chn,2022-10-08T13:45:10,,SCB,SCB,"SCB khẳng định Công ty An Đông không phải cổ đông, bà Trương Mỹ Lan không giữ chức vụ quản lý, điều hành tại SCB","Target khẳng định Công ty An Đông không phải cổ đông, bà Trương Mỹ Lan không giữ chức vụ quản lý, điều hành tại SCB","Target khẳng định Công ty An Đông không phải cổ đông, bà Trương Mỹ Lan không giữ chức vụ quản lý, điều hành tại SCB",The sentiment for[TGT] in the given sentence isNEUTRAL .,NEUTRAL,,,,,/home/huylkq/repos/nlp/FinABSA-Valid/MODEL/FinABSA,Target,ok
1c5c9097166bb255_00,1c5c9097166bb255,https://cafef.vn/nhnn-ra-cong-dien-chan-chinh-viec-nhan-vien-ngan-hang-khac-loi-keo-khach-hang-cua-scb-ve-gui-tien-o-ngan-hang-minh-20221008132334563.chn,2022-10-08T13:23:58,,SCB,SCB,NHNN ra công điện chấn chỉnh việc nhân viên ngân hàng khác lôi kéo khách hàng của SCB về gửi tiền ở ngân hàng mình,NHNN ra công điện chấn chỉnh việc nhân viên ngân hàng khác lôi kéo khách hàng của Target về gửi tiền ở ngân hàng mình,NHNN ra công điện chấn chỉnh việc nhân viên ngân hàng khác lôi kéo khách hàng của Target về gửi tiền ở ngân hàng mình,The sentiment for[TGT] in the given sentence isNEUTRAL .,NEUTRAL,,,,,/home/huylkq/repos/nlp/FinABSA-Valid/MODEL/FinABSA,Target,ok
824de35ce4faa85e_00,824de35ce4faa85e,https://cafef.vn/kinh-nghiem-chinh-phuc-thi-truong-cntt-quoc-te-tu-vmo-holdings-20221008093415681.chn,2022-10-08T10:00:00,,CNTT,CNTT,Kinh nghiệm chinh phục thị trường CNTT quốc tế từ VMO Holdings,Kinh nghiệm chinh phục thị trường Target quốc tế từ Other Holdings,Kinh nghiệm chinh phục thị trường Target quốc tế từ Other Holdings,The sentiment for[TGT] in the given sentence isNEUTRAL .,NEUTRAL,,,,,/home/huylkq/repos/nlp/FinABSA-Valid/MODEL/FinABSA,Target,ok
824de35ce4faa85e_01,824de35ce4faa85e,https://cafef.vn/kinh-nghiem-chinh-phuc-thi-truong-cntt-quoc-te-tu-vmo-holdings-20221008093415681.chn,2022-10-08T10:00:00,,VMO,VMO,Kinh nghiệm chinh phục thị trường CNTT quốc tế từ VMO Holdings,Kinh nghiệm chinh phục thị trường Other quốc tế từ Target Holdings,Kinh nghiệm chinh phục thị trường Other quốc tế từ Target Holdings,The sentiment for[TGT] in the given sentence isNEUTRAL .,NEUTRAL,,,,,/home/huylkq/repos/nlp/FinABSA-Valid/MODEL/FinABSA,Target,ok
45ee2cd1a41cfbba_00,45ee2cd1a41cfbba,https://cafef.vn/green-daily-doanh-nghiep-lam-nong-va-hanh-trinh-theo-duoi-su-nguyen-ban-20221008084454977.chn,2022-10-08T10:00:00,,REE,ree,"Green Daily: Doanh nghiệp ""làm nông"" và hành trình theo đuổi sự nguyên bản","GTargetn Daily: Doanh nghiệp ""làm nông"" và hành trình theo đuổi sự nguyên bản","GTargetn Daily: Doanh nghiệp ""làm nông"" và hành trình theo đuổi sự nguyên bản",The sentiment for[TGT] in the given sentence isNEUTRAL .,NEUTRAL,,,,,/home/huylkq/repos/nlp/FinABSA-Valid/MODEL/FinABSA,Target,ok
90ad76aec6160a67_00,90ad76aec6160a67,https://cafef.vn/ssi-research-tang-truong-loi-nhuan-co-the-dat-dinh-trong-quy-3-ap-luc-len-thi-truong-se-tang-dan-20221008094006745.chn,2022-10-08T09:40:30,,SSI,SSI,"SSI Research: Tăng trưởng lợi nhuận có thể đạt đỉnh trong quý 3, áp lực lên thị trường sẽ tăng dần","Target Research: Tăng trưởng lợi nhuận có thể đạt đỉnh trong quý 3, áp lực lên thị trường sẽ tăng dần","Target Research: Tăng trưởng lợi nhuận có thể đạt đỉnh trong quý 3, áp lực lên thị trường sẽ tăng dần",The sentiment for[TGT] in the given sentence isNEUTRAL .,NEUTRAL,,,,,/home/huylkq/repos/nlp/FinABSA-Valid/MODEL/FinABSA,Target,ok
95454bf0d75c4091_00,95454bf0d75c4091,https://cafef.vn/ruc-rich-thoai-von-eximbank-dai-gia-thanh-cong-bat-tay-nha-san-xuat-o-to-lon-nhat-ch-sec-nham-dich-thi-truong-7-ty-dan-20221008093751799.chn,2022-10-08T09:38:15,,CH,CH,"Rục rịch thoái vốn Eximbank, đại gia  Thành Công bắt tay nhà sản xuất ô tô lớn nhất CH Séc, nhắm 'đích' thị trường 7 tỷ dân","Rục rịch thoái vốn Eximbank, đại gia  Thành Công bắt tay nhà sản xuất ô tô lớn nhất Target Séc, nhắm 'đích' thị trường 7 tỷ dân","Rục rịch thoái vốn Eximbank, đại gia  Thành Công bắt tay nhà sản xuất ô tô lớn nhất Target Séc, nhắm 'đích' thị trường 7 tỷ dân",The sentiment for[TGT] in the given sentence isNEUTRAL .,NEUTRAL,,,,,/home/huylkq/repos/nlp/FinABSA-Valid/MODEL/FinABSA,Target,ok
3eb4eb30c43727a0_00,3eb4eb30c43727a0,https://cafef.vn/wsj-doanh-nghiep-trung-quoc-lai-dam-khi-mua-khi-dot-tu-my-nga-ban-cho-chau-au-20221008090149811.chn,2022-10-08T09:02:13,,WSJ,WSJ,"WSJ: Doanh nghiệp Trung Quốc lãi đậm khi mua khí đốt từ Mỹ, Nga bán cho châu Âu","Target: Doanh nghiệp Trung Quốc lãi đậm khi mua khí đốt từ Mỹ, Nga bán cho châu Âu","Target: Doanh nghiệp Trung Quốc lãi đậm khi mua khí đốt từ Mỹ, Nga bán cho châu Âu",The sentiment for[TGT] in the given sentence isNEUTRAL .,NEUTRAL,,,,,/home/huylkq/repos/nlp/FinABSA-Valid/MODEL/FinABSA,Target,ok
7bbe766f9f01b538_00,7bbe766f9f01b538,https://cafef.vn/nhnn-se-dam-bao-quyen-va-loi-ich-cua-nguoi-gui-tien-giu-vung-on-dinh-cua-scb-noi-rieng-va-he-thong-ngan-hang-noi-chung-2022100807202808.chn,2022-10-08T07:20:50,,SCB,SCB,"NHNN: Sẽ đảm bảo quyền và lợi ích của người gửi tiền, giữ vững ổn định của SCB nói riêng và hệ thống ngân hàng nói chung","NHNN: Sẽ đảm bảo quyền và lợi ích của người gửi tiền, giữ vững ổn định của Target nói riêng và hệ thống ngân hàng nói chung","NHNN: Sẽ đảm bảo quyền và lợi ích của người gửi tiền, giữ vững ổn định của Target nói riêng và hệ thống ngân hàng nói chung",The sentiment for[TGT] in the given sentence isNEUTRAL .,NEUTRAL,,,,,/home/huylkq/repos/nlp/FinABSA-Valid/MODEL/FinABSA,Target,ok
2f056b2b482254d9_00,2f056b2b482254d9,https://cafef.vn/louis-holdings-bi-xu-phat-do-giao-dich-chui-co-phieu-tgg-20221007232741466.chn,2022-10-08T05:00:00,,TGG,TGG,"Louis Holdings bị xử phạt do giao dịch ""chui"" cổ phiếu TGG","Louis Holdings bị xử phạt do giao dịch ""chui"" cổ phiếu Target","Louis Holdings bị xử phạt do giao dịch ""chui"" cổ phiếu Target",The sentiment for[TGT] in the given sentence isNEUTRAL .,NEUTRAL,,,,,/home/huylkq/repos/nlp/FinABSA-Valid/MODEL/FinABSA,Target,ok
60f485c00df4b254_00,60f485c00df4b254,https://cafef.vn/dragon-capital-ban-manh-hah-khong-con-la-co-dong-lon-tai-hai-an-khi-thi-gia-giam-gan-55-20221007220203758.chn,2022-10-08T00:10:00,,ITA,ita,"Dragon Capital bán mạnh HAH, không còn là cổ đông lớn tại Hải An khi thị giá giảm gần 55%","Dragon CapTargetl bán mạnh Other, không còn là cổ đông lớn tại Hải An khi thị giá giảm gần 55%","Dragon CapTargetl bán mạnh Other, không còn là cổ đông lớn tại Hải An khi thị giá giảm gần 55%",The sentiment for[TGT] in the given sentence isNEUTRAL .,NEUTRAL,,,,,/home/huylkq/repos/nlp/FinABSA-Valid/MODEL/FinABSA,Target,ok
60f485c00df4b254_01,60f485c00df4b254,https://cafef.vn/dragon-capital-ban-manh-hah-khong-con-la-co-dong-lon-tai-hai-an-khi-thi-gia-giam-gan-55-20221007220203758.chn,2022-10-08T00:10:00,,HAH,HAH,"Dragon Capital bán mạnh HAH, không còn là cổ đông lớn tại Hải An khi thị giá giảm gần 55%","Dragon CapOtherl bán mạnh Target, không còn là cổ đông lớn tại Hải An khi thị giá giảm gần 55%","Dragon CapOtherl bán mạnh Target, không còn là cổ đông lớn tại Hải An khi thị giá giảm gần 55%",The sentiment for[TGT] in the given sentence isNEUTRAL .,NEUTRAL,,,,,/home/huylkq/repos/nlp/FinABSA-Valid/MODEL/FinABSA,Target,ok
d85d7e478892d981_00,d85d7e478892d981,https://cafef.vn/co-phieu-hag-chuyen-tu-kiem-soat-sang-dien-canh-bao-tu-ngay-11-10-20221007202938756.chn,2022-10-07T20:36:26,2022-10-07T20:36:58+07:00,HAG,HAG,Cổ phiếu HAG chuyển từ kiểm soát sang diện cảnh báo từ ngày 11/10,Cổ phiếu Target chuyển từ kiểm soát sang diện cảnh báo từ ngày 11/10,Cổ phiếu Target chuyển từ kiểm soát sang diện cảnh báo từ ngày 11/10,The sentiment for[TGT] in the given sentence isNEUTRAL .,NEUTRAL,,,,,/home/huylkq/repos/nlp/FinABSA-Valid/MODEL/FinABSA,Target,ok
f197a255de04d774_00,f197a255de04d774,https://cafef.vn/co-phieu-vvs-chao-san-chung-khoan-doanh-nghiep-vimid-co-gi-hap-dan-20221007174422889.chn,2022-10-07T17:30:00,2022-10-07T17:45:11+07:00,VVS,VVS,"Cổ phiếu VVS chào sàn chứng khoán, doanh nghiệp VIMID có gì hấp dẫn?","Cổ phiếu Target chào sàn chứng khoán, doanh nghiệp Other có gì hấp dẫn?","Cổ phiếu Target chào sàn chứng khoán, doanh nghiệp Other có gì hấp dẫn?",The sentiment for[TGT] in the given sentence isNEUTRAL .,NEUTRAL,,,,,/home/huylkq/repos/nlp/FinABSA-Valid/MODEL/FinABSA,Target,ok
f197a255de04d774_01,f197a255de04d774,https://cafef.vn/co-phieu-vvs-chao-san-chung-khoan-doanh-nghiep-vimid-co-gi-hap-dan-20221007174422889.chn,2022-10-07T17:30:00,2022-10-07T17:45:11+07:00,VIMID,VIMID,"Cổ phiếu VVS chào sàn chứng khoán, doanh nghiệp VIMID có gì hấp dẫn?","Cổ phiếu Other chào sàn chứng khoán, doanh nghiệp Target có gì hấp dẫn?","Cổ phiếu Other chào sàn chứng khoán, doanh nghiệp Target có gì hấp dẫn?",The sentiment for[TGT] in the given sentence isNEUTRAL .,NEUTRAL,,,,,/home/huylkq/repos/nlp/FinABSA-Valid/MODEL/FinABSA,Target,ok
5544247a95d524d9_00,5544247a95d524d9,https://cafef.vn/viet-nam-la-ung-vien-sang-gia-cho-dau-tu-nuoc-ngoai-tu-asean-trong-nam-2022-2022100715380029.chn,2022-10-07T15:38:20,,ASEAN,ASEAN,Việt Nam là ứng viên sáng giá cho đầu tư nước ngoài từ ASEAN trong năm 2022,Việt Nam là ứng viên sáng giá cho đầu tư nước ngoài từ Target trong năm 2022,Việt Nam là ứng viên sáng giá cho đầu tư nước ngoài từ Target trong năm 2022,The sentiment for[TGT] in the given sentence isNEUTRAL .,NEUTRAL,,,,,/home/huylkq/repos/nlp/FinABSA-Valid/MODEL/FinABSA,Target,ok
6f0e35717925aaba_00,6f0e35717925aaba,https://cafef.vn/mot-tinh-lan-dau-tien-lot-top-10-dia-phuong-thu-hut-dau-tu-fdi-lon-nhat-ca-nuoc-trong-9-thang-dau-nam-20221007152833964.chn,2022-10-07T15:33:16,,FDI,FDI,Một tỉnh lần đầu tiên lọt top 10 địa phương thu hút đầu tư FDI lớn nhất cả nước trong 9 tháng đầu năm,Một tỉnh lần đầu tiên lọt top 10 địa phương thu hút đầu tư Target lớn nhất cả nước trong 9 tháng đầu năm,Một tỉnh lần đầu tiên lọt top 10 địa phương thu hút đầu tư Target lớn nhất cả nước trong 9 tháng đầu năm,The sentiment for[TGT] in the given sentence isNEUTRAL .,NEUTRAL,,,,,/home/huylkq/repos/nlp/FinABSA-Valid/MODEL/FinABSA,Target,ok
7e1f188534f8156f_00,7e1f188534f8156f,https://cafef.vn/ga-khong-lo-lego-tu-xuong-moc-nho-pha-san-den-doanh-nghiep-duoc-vi-nhu-apple-cua-the-gioi-do-choi-moi-ngay-ban-600000-bo-xep-hinh-2022100714364167.chn,2022-10-07T14:37:01,,LEGO,LEGO,"Gã khổng lồ LEGO: Từ xưởng mộc nhỏ phá sản đến doanh nghiệp được ví như ""Apple của thế giới đồ chơi"", mỗi ngày bán 600.000 bộ xếp hình","Gã khổng lồ Target: Từ xưởng mộc nhỏ phá sản đến doanh nghiệp được ví như ""Apple của thế giới đồ chơi"", mỗi ngày bán 600.000 bộ xếp hình","Gã khổng lồ Target: Từ xưởng mộc nhỏ phá sản đến doanh nghiệp được ví như ""Apple của thế giới đồ chơi"", mỗi ngày bán 600.000 bộ xếp hình",The sentiment for[TGT] in the given sentence isNEUTRAL .,NEUTRAL,,,,,/home/huylkq/repos/nlp/FinABSA-Valid/MODEL/FinABSA,Target,ok
3cd934e7f963059d_00,3cd934e7f963059d,https://cafef.vn/vi-sao-ty-phu-pham-nhat-vuong-co-the-gop-von-bang-co-phieu-vic-vao-cong-ty-mua-chung-bat-dong-san-vmi-20221007122434141.chn,2022-10-07T12:24:00,2022-10-07T13:42:54+07:00,VIC,VIC,"Vì sao tỷ phú Phạm Nhật Vượng có thể góp vốn bằng cổ phiếu VIC vào công ty ""mua chung"" bất động sản VMI?","Vì sao tỷ phú Phạm Nhật Vượng có thể góp vốn bằng cổ phiếu Target vào công ty ""mua chung"" bất động sản Other?","Vì sao tỷ phú Phạm Nhật Vượng có thể góp vốn bằng cổ phiếu Target vào công ty ""mua chung"" bất động sản Other?",The sentiment for[TGT] in the given sentence isNEUTRAL .,NEUTRAL,,,,,/home/huylkq/repos/nlp/FinABSA-Valid/MODEL/FinABSA,Target,ok
3cd934e7f963059d_01,3cd934e7f963059d,https://cafef.vn/vi-sao-ty-phu-pham-nhat-vuong-co-the-gop-von-bang-co-phieu-vic-vao-cong-ty-mua-chung-bat-dong-san-vmi-20221007122434141.chn,2022-10-07T12:24:00,2022-10-07T13:42:54+07:00,VMI,VMI,"Vì sao tỷ phú Phạm Nhật Vượng có thể góp vốn bằng cổ phiếu VIC vào công ty ""mua chung"" bất động sản VMI?","Vì sao tỷ phú Phạm Nhật Vượng có thể góp vốn bằng cổ phiếu Other vào công ty ""mua chung"" bất động sản Target?","Vì sao tỷ phú Phạm Nhật Vượng có thể góp vốn bằng cổ phiếu Other vào công ty ""mua chung"" bất động sản Target?",The sentiment for[TGT] in the given sentence isNEUTRAL .,NEUTRAL,,,,,/home/huylkq/repos/nlp/FinABSA-Valid/MODEL/FinABSA,Target,ok
12a81a74bbbfa81d_00,12a81a74bbbfa81d,https://cafef.vn/tp-ho-chi-minh-khong-co-viec-doanh-nghiep-kinh-doanh-xang-dau-thieu-hang-xin-nghi-ban-20221007093513844.chn,2022-10-07T10:01:00,,TP,TP,TP. Hồ Chí Minh: Không có việc doanh nghiệp kinh doanh xăng dầu thiếu hàng xin nghỉ bán,Target. Hồ Chí Minh: Không có việc doanh nghiệp kinh doanh xăng dầu thiếu hàng xin nghỉ bán,Target. Hồ Chí Minh: Không có việc doanh nghiệp kinh doanh xăng dầu thiếu hàng xin nghỉ bán,The sentiment for[TGT] in the given sentence isNEUTRAL .,NEUTRAL,,,,,/home/huylkq/repos/nlp/FinABSA-Valid/MODEL/FinABSA,Target,ok
4f4465fe92341901_00,4f4465fe92341901,https://cafef.vn/dn-vua-cong-bo-mat-kha-nang-tra-lai-trai-phieu-quy-2-2022-lo-nang-vi-trich-lap-du-phong-kiem-toan-ngoai-tru-loat-van-de-20221007092414562.chn,2022-10-07T09:36:48,,DN,DN,"DN vừa công bố mất khả năng trả lãi trái phiếu: Quý 2/2022 lỗ nặng vì trích lập dự phòng, kiểm toán ngoại trừ loạt vấn đề","Target vừa công bố mất khả năng trả lãi trái phiếu: Quý 2/2022 lỗ nặng vì trích lập dự phòng, kiểm toán ngoại trừ loạt vấn đề","Target vừa công bố mất khả năng trả lãi trái phiếu: Quý 2/2022 lỗ nặng vì trích lập dự phòng, kiểm toán ngoại trừ loạt vấn đề",The sentiment for[TGT] in the given sentence isNEUTRAL .,NEUTRAL,,,,,/home/huylkq/repos/nlp/FinABSA-Valid/MODEL/FinABSA,Target,ok
eb92fed846e7da67_00,eb92fed846e7da67,https://cafef.vn/cong-ty-bds-mua-chung-moi-lap-cua-ong-pham-nhat-vuong-co-giong-quy-tin-thac-dau-tu-bds-reit-20221007084653179.chn,2022-10-07T08:47:00,2022-10-07T10:38:57+07:00,REIT,REIT,Công ty BĐS mới lập của ông Phạm Nhật Vượng có giống quỹ tín thác đầu tư BĐS (REIT)?,Công ty BĐS mới lập của ông Phạm Nhật Vượng có giống quỹ tín thác đầu tư BĐS (Target)?,Công ty BĐS mới lập của ông Phạm Nhật Vượng có giống quỹ tín thác đầu tư BĐS (Target)?,The sentiment for[TGT] in the given sentence isNEUTRAL .,NEUTRAL,,,,,/home/huylkq/repos/nlp/FinABSA-Valid/MODEL/FinABSA,Target,ok
77e3b9f61ae2cd5c_00,77e3b9f61ae2cd5c,https://cafef.vn/co-iq-200-issac-newton-van-lo-sap-mat-vi-chung-khoan-khong-phai-cu-thong-minh-la-dau-tu-gioi-muon-thanh-cong-can-nam-chac-2-dieu-nay-20221006162734462.chn,2022-10-06T18:27:00,2022-10-07T10:53:50+07:00,IQ,IQ,"Có IQ 200, Issac Newton vẫn ""lỗ sấp mặt"" vì chứng khoán: Không phải cứ thông minh là đầu tư giỏi, muốn thành công cần nắm chắc 2 điều này","Có Target 200, Issac Newton vẫn ""lỗ sấp mặt"" vì chứng khoán: Không phải cứ thông minh là đầu tư giỏi, muốn thành công cần nắm chắc 2 điều này","Có Target 200, Issac Newton vẫn ""lỗ sấp mặt"" vì chứng khoán: Không phải cứ thông minh là đầu tư giỏi, muốn thành công cần nắm chắc 2 điều này",The sentiment for[TGT] in the given sentence isNEUTRAL .,NEUTRAL,,,,,/home/huylkq/repos/nlp/FinABSA-Valid/MODEL/FinABSA,Target,ok
0010ae71f397c89c_00,0010ae71f397c89c,https://cafef.vn/novagroup-nhan-chuyen-nhuong-gan-95-trieu-co-phieu-novaland-nvl-tri-gia-hon-7700-ty-dong-20221006162913265.chn,2022-10-06T17:41:29,2022-10-06T17:41:30+07:00,NVL,NVL,Novagroup nhận chuyển nhượng gần 95 triệu cổ phiếu Novaland (NVL) trị giá hơn 7.700 tỷ đồng,Novagroup nhận chuyển nhượng gần 95 triệu cổ phiếu Novaland (Target) trị giá hơn 7.700 tỷ đồng,Novagroup nhận chuyển nhượng gần 95 triệu cổ phiếu Novaland (Target) trị giá hơn 7.700 tỷ đồng,The sentiment for[TGT] in the given sentence isNEUTRAL .,NEUTRAL,,,,,/home/huylkq/repos/nlp/FinABSA-Valid/MODEL/FinABSA,Target,ok
6f035ce706692975_00,6f035ce706692975,https://cafef.vn/nhom-dragon-capital-khong-con-la-co-dong-lon-tai-fpt-20221006161900606.chn,2022-10-06T16:20:58,,ITA,ita,Nhóm Dragon Capital không còn là cổ đông lớn tại FPT,Nhóm Dragon CapTargetl không còn là cổ đông lớn tại Other,Nhóm Dragon CapTargetl không còn là cổ đông lớn tại Other,The sentiment for[TGT] in the given sentence isNEUTRAL .,NEUTRAL,,,,,/home/huylkq/repos/nlp/FinABSA-Valid/MODEL/FinABSA,Target,ok
6f035ce706692975_01,6f035ce706692975,https://cafef.vn/nhom-dragon-capital-khong-con-la-co-dong-lon-tai-fpt-20221006161900606.chn,2022-10-06T16:20:58,,FPT,FPT,Nhóm Dragon Capital không còn là cổ đông lớn tại FPT,Nhóm Dragon CapOtherl không còn là cổ đông lớn tại Target,Nhóm Dragon CapOtherl không còn là cổ đông lớn tại Target,The sentiment for[TGT] in the given sentence isNEUTRAL .,NEUTRAL,,,,,/home/huylkq/repos/nlp/FinABSA-Valid/MODEL/FinABSA,Target,ok
df5a1f398be224e6_00,df5a1f398be224e6,https://cafef.vn/sgi-capital-da-giam-cua-thi-truong-dang-mang-lai-nhieu-hon-cac-co-hoi-voi-muc-sinh-loi-tren-20-nam-cho-ky-dau-tu-1-3-nam-toi-20221006141416411.chn,2022-10-06T14:16:43,2022-10-06T14:17:08+07:00,ITA,ita,SGI Capital: Đà giảm của thị trường đang mang lại nhiều hơn các cơ hội với mức sinh lời trên 20%/năm cho kỳ đầu tư 1-3 năm tới,Other CapTargetl: Đà giảm của thị trường đang mang lại nhiều hơn các cơ hội với mức sinh lời trên 20%/năm cho kỳ đầu tư 1-3 năm tới,Other CapTargetl: Đà giảm của thị trường đang mang lại nhiều hơn các cơ hội với mức sinh lời trên 20%/năm cho kỳ đầu tư 1-3 năm tới,The sentiment for[TGT] in the given sentence isNEUTRAL .,NEUTRAL,,,,,/home/huylkq/repos/nlp/FinABSA-Valid/MODEL/FinABSA,Target,ok
df5a1f398be224e6_01,df5a1f398be224e6,https://cafef.vn/sgi-capital-da-giam-cua-thi-truong-dang-mang-lai-nhieu-hon-cac-co-hoi-voi-muc-sinh-loi-tren-20-nam-cho-ky-dau-tu-1-3-nam-toi-20221006141416411.chn,2022-10-06T14:16:43,2022-10-06T14:17:08+07:00,SGI,SGI,SGI Capital: Đà giảm của thị trường đang mang lại nhiều hơn các cơ hội với mức sinh lời trên 20%/năm cho kỳ đầu tư 1-3 năm tới,Target CapOtherl: Đà giảm của thị trường đang mang lại nhiều hơn các cơ hội với mức sinh lời trên 20%/năm cho kỳ đầu tư 1-3 năm tới,Target CapOtherl: Đà giảm của thị trường đang mang lại nhiều hơn các cơ hội với mức sinh lời trên 20%/năm cho kỳ đầu tư 1-3 năm tới,The sentiment for[TGT] in the given sentence isNEUTRAL .,NEUTRAL,,,,,/home/huylkq/repos/nlp/FinABSA-Valid/MODEL/FinABSA,Target,ok
8034b7d5e65c9cbb_00,8034b7d5e65c9cbb,https://cafef.vn/vdsc-vn-index-se-dao-dong-trong-vung-1050-1150-co-hoi-tai-nhom-co-phieu-giam-gia-sau-va-co-trien-vong-kqkd-cuoi-nam-kha-quan-20221006140526884.chn,2022-10-06T14:07:44,,VDSC,VDSC,"VDSC: VN-Index sẽ dao động trong vùng 1.050-1.150, cơ hội tại nhóm cổ phiếu giảm giá sâu và có triển vọng KQKD cuối năm khả quan","Target: VN-Index sẽ dao động trong vùng 1.050-1.150, cơ hội tại nhóm cổ phiếu giảm giá sâu và có triển vọng Other cuối năm khả quan","Target: VN-Index sẽ dao động trong vùng 1.050-1.150, cơ hội tại nhóm cổ phiếu giảm giá sâu và có triển vọng Other cuối năm khả quan",The sentiment for[TGT] in the given sentence isNEUTRAL .,NEUTRAL,,,,,/home/huylkq/repos/nlp/FinABSA-Valid/MODEL/FinABSA,Target,ok
8034b7d5e65c9cbb_01,8034b7d5e65c9cbb,https://cafef.vn/vdsc-vn-index-se-dao-dong-trong-vung-1050-1150-co-hoi-tai-nhom-co-phieu-giam-gia-sau-va-co-trien-vong-kqkd-cuoi-nam-kha-quan-20221006140526884.chn,2022-10-06T14:07:44,,KQKD,KQKD,"VDSC: VN-Index sẽ dao động trong vùng 1.050-1.150, cơ hội tại nhóm cổ phiếu giảm giá sâu và có triển vọng KQKD cuối năm khả quan","Other: VN-Index sẽ dao động trong vùng 1.050-1.150, cơ hội tại nhóm cổ phiếu giảm giá sâu và có triển vọng Target cuối năm khả quan","Other: VN-Index sẽ dao động trong vùng 1.050-1.150, cơ hội tại nhóm cổ phiếu giảm giá sâu và có triển vọng Target cuối năm khả quan",The sentiment for[TGT] in the given sentence isNEUTRAL .,NEUTRAL,,,,,/home/huylkq/repos/nlp/FinABSA-Valid/MODEL/FinABSA,Target,ok
6eb44ff8eb1a02ed_00,6eb44ff8eb1a02ed,https://cafef.vn/con-gai-chu-tich-tap-doan-thanh-cong-muon-ban-het-co-phieu-eib-gia-tri-hon-380-ty-dong-20221006140458579.chn,2022-10-06T14:05:12,,EIB,EIB,"Con gái Chủ tịch Tập đoàn Thành Công muốn bán hết cổ phiếu EIB, giá trị hơn 380 tỷ đồng","Con gái Chủ tịch Tập đoàn Thành Công muốn bán hết cổ phiếu Target, giá trị hơn 380 tỷ đồng","Con gái Chủ tịch Tập đoàn Thành Công muốn bán hết cổ phiếu Target, giá trị hơn 380 tỷ đồng",The sentiment for[TGT] in the given sentence isNEUTRAL .,NEUTRAL,,,,,/home/huylkq/repos/nlp/FinABSA-Valid/MODEL/FinABSA,Target,ok
aec4ff6f8d9c3c1e_00,aec4ff6f8d9c3c1e,https://cafef.vn/ty-gia-usd-vnd-vua-giam-manh-tren-thi-truong-tu-do-20221006134645189.chn,2022-10-06T13:46:59,,VND,VND,Tỷ giá USD/VND vừa giảm mạnh trên thị trường tự do,Tỷ giá USD/Target vừa giảm mạnh trên thị trường tự do,Tỷ giá USD/Target vừa giảm mạnh trên thị trường tự do,The sentiment for[TGT] in the given sentence isNEUTRAL .,NEUTRAL,,,,,/home/huylkq/repos/nlp/FinABSA-Valid/MODEL/FinABSA,Target,ok
19907c964b8ebaba_00,19907c964b8ebaba,https://cafef.vn/ctcp-dau-tu-ha-tang-giao-thong-deo-ca-hhv-de-nghi-lam-ro-viec-co-phieu-bi-xep-vao-nhom-day-gia-20221006122828396.chn,2022-10-06T12:29:59,2022-10-06T12:30:34+07:00,CTCP,CTCP,CTCP Đầu tư hạ tầng giao thông Đèo Cả (HHV) đề nghị làm rõ việc cổ phiếu bị xếp vào nhóm “đẩy giá”,Target Đầu tư hạ tầng giao thông Đèo Cả (Other) đề nghị làm rõ việc cổ phiếu bị xếp vào nhóm “đẩy giá”,Target Đầu tư hạ tầng giao thông Đèo Cả (Other) đề nghị làm rõ việc cổ phiếu bị xếp vào nhóm “đẩy giá”,The sentiment for[TGT] in the given sentence isNEUTRAL .,NEUTRAL,,,,,/home/huylkq/repos/nlp/FinABSA-Valid/MODEL/FinABSA,Target,ok
19907c964b8ebaba_01,19907c964b8ebaba,https://cafef.vn/ctcp-dau-tu-ha-tang-giao-thong-deo-ca-hhv-de-nghi-lam-ro-viec-co-phieu-bi-xep-vao-nhom-day-gia-20221006122828396.chn,2022-10-06T12:29:59,2022-10-06T12:30:34+07:00,HHV,HHV,CTCP Đầu tư hạ tầng giao thông Đèo Cả (HHV) đề nghị làm rõ việc cổ phiếu bị xếp vào nhóm “đẩy giá”,Other Đầu tư hạ tầng giao thông Đèo Cả (Target) đề nghị làm rõ việc cổ phiếu bị xếp vào nhóm “đẩy giá”,Other Đầu tư hạ tầng giao thông Đèo Cả (Target) đề nghị làm rõ việc cổ phiếu bị xếp vào nhóm “đẩy giá”,The sentiment for[TGT] in the given sentence isNEUTRAL .,NEUTRAL,,,,,/home/huylkq/repos/nlp/FinABSA-Valid/MODEL/FinABSA,Target,ok
0a03e79b9c9905f5_00,0a03e79b9c9905f5,https://cafef.vn/quy-dau-tu-cua-sgi-capital-bat-truot-day-gan-nua-trieu-co-phieu-hoa-phat-hpg-20221006114422429.chn,2022-10-06T11:44:00,2022-10-06T14:24:29+07:00,ITA,ita,Quỹ đầu tư của SGI Capital bắt đầu giải ngân mua cổ phiếu trong tháng 9,Quỹ đầu tư của Other CapTargetl bắt đầu giải ngân mua cổ phiếu trong tháng 9,Quỹ đầu tư của Other CapTargetl bắt đầu giải ngân mua cổ phiếu trong tháng 9,The sentiment for[TGT] in the given sentence isNEUTRAL .,NEUTRAL,,,,,/home/huylkq/repos/nlp/FinABSA-Valid/MODEL/FinABSA,Target,ok
0a03e79b9c9905f5_01,0a03e79b9c9905f5,https://cafef.vn/quy-dau-tu-cua-sgi-capital-bat-truot-day-gan-nua-trieu-co-phieu-hoa-phat-hpg-20221006114422429.chn,2022-10-06T11:44:00,2022-10-06T14:24:29+07:00,SGI,SGI,Quỹ đầu tư của SGI Capital bắt đầu giải ngân mua cổ phiếu trong tháng 9,Quỹ đầu tư của Target CapOtherl bắt đầu giải ngân mua cổ phiếu trong tháng 9,Quỹ đầu tư của Target CapOtherl bắt đầu giải ngân mua cổ phiếu trong tháng 9,The sentiment for[TGT] in the given sentence isNEUTRAL .,NEUTRAL,,,,,/home/huylkq/repos/nlp/FinABSA-Valid/MODEL/FinABSA,Target,ok
e5a32690a0f89cb6_00,e5a32690a0f89cb6,https://cafef.vn/bsc-da-ban-rong-cua-khoi-ngoai-chua-cham-dut-vn-index-co-the-ve-1000-diem-trong-thang-10-20221006074028742.chn,2022-10-06T07:40:42,,BSC,BSC,"BSC: Đà bán ròng của khối ngoại chưa chấm dứt, VN-Index có thể về 1.000 điểm trong tháng 10","Target: Đà bán ròng của khối ngoại chưa chấm dứt, VN-Index có thể về 1.000 điểm trong tháng 10","Target: Đà bán ròng của khối ngoại chưa chấm dứt, VN-Index có thể về 1.000 điểm trong tháng 10",The sentiment for[TGT] in the given sentence isNEUTRAL .,NEUTRAL,,,,,/home/huylkq/repos/nlp/FinABSA-Valid/MODEL/FinABSA,Target,ok
e504b37018977c26_00,e504b37018977c26,https://cafef.vn/vndirect-loi-suat-thu-nhap-chung-khoan-luc-nay-hap-dan-hon-muc-lai-suat-tien-gui-cua-cac-ngan-hang-thuong-mai-20221005224356329.chn,2022-10-06T06:06:41,,VND,VND,VNDirect: Lợi suất thu nhập chứng khoán lúc này hấp dẫn hơn mức lãi suất tiền gửi của các ngân hàng thương mại,Targetirect: Lợi suất thu nhập chứng khoán lúc này hấp dẫn hơn mức lãi suất tiền gửi của các ngân hàng thương mại,Targetirect: Lợi suất thu nhập chứng khoán lúc này hấp dẫn hơn mức lãi suất tiền gửi của các ngân hàng thương mại,The sentiment for[TGT] in the given sentence isNEUTRAL .,NEUTRAL,,,,,/home/huylkq/repos/nlp/FinABSA-Valid/MODEL/FinABSA,Target,ok
408f8c45538b5bce_00,408f8c45538b5bce,https://cafef.vn/tung-ho-thi-truong-co-the-len-1832-diem-acbs-ha-du-bao-vn-index-xuong-1351-diem-vao-cuoi-nam-20221015203243371.chn,2022-10-15T20:33:07,,ACB,ACB,"Từng ""hô"" thị trường có thể lên 1.832 điểm, ACBS hạ dự báo VN-Index xuống 1.351 điểm vào cuối năm","Từng ""hô"" thị trường có thể lên 1.832 điểm, TargetS hạ dự báo VN-Index xuống 1.351 điểm vào cuối năm","Từng ""hô"" thị trường có thể lên 1.832 điểm, TargetS hạ dự báo VN-Index xuống 1.351 điểm vào cuối năm",The sentiment for[TGT] in the given sentence isNEUTRAL .,NEUTRAL,,,,,/home/huylkq/repos/nlp/FinABSA-Valid/MODEL/FinABSA,Target,ok
408f8c45538b5bce_01,408f8c45538b5bce,https://cafef.vn/tung-ho-thi-truong-co-the-len-1832-diem-acbs-ha-du-bao-vn-index-xuong-1351-diem-vao-cuoi-nam-20221015203243371.chn,2022-10-15T20:33:07,,ACBS,ACBS,"Từng ""hô"" thị trường có thể lên 1.832 điểm, ACBS hạ dự báo VN-Index xuống 1.351 điểm vào cuối năm","Từng ""hô"" thị trường có thể lên 1.832 điểm, Target hạ dự báo VN-Index xuống 1.351 điểm vào cuối năm","Từng ""hô"" thị trường có thể lên 1.832 điểm, Target hạ dự báo VN-Index xuống 1.351 điểm vào cuối năm",The sentiment for[TGT] in the given sentence isNEUTRAL .,NEUTRAL,,,,,/home/huylkq/repos/nlp/FinABSA-Valid/MODEL/FinABSA,Target,ok
1bb342a7430f9d11_00,1bb342a7430f9d11,https://cafef.vn/tap-doan-flc-thong-bao-ngay-chot-danh-sach-co-dong-tham-du-dhdcd-thuong-nien-2022-20221015202056085.chn,2022-10-15T20:21:20,,FLC,FLC,Tập đoàn FLC thông báo ngày chốt danh sách cổ đông tham dự ĐHĐCĐ thường niên 2022,Tập đoàn Target thông báo ngày chốt danh sách cổ đông tham dự ĐHĐCĐ thường niên 2022,Tập đoàn Target thông báo ngày chốt danh sách cổ đông tham dự ĐHĐCĐ thường niên 2022,The sentiment for[TGT] in the given sentence isNEUTRAL .,NEUTRAL,,,,,/home/huylkq/repos/nlp/FinABSA-Valid/MODEL/FinABSA,Target,ok
789286c8f37f24e5_00,789286c8f37f24e5,https://cafef.vn/hoang-anh-gia-lai-hagl-dung-2505-trieu-co-phieu-gia-suc-lo-pang-bao-lanh-cho-khoan-vay-moi-tai-tpbank-20221015193745313.chn,2022-10-15T19:49:08,2022-10-15T19:49:49+07:00,HAG,HAG,"Hoàng Anh Gia Lai (HAGL) dùng 25,05 triệu cổ phiếu Gia súc Lơ Pang bảo lãnh cho khoản vay mới tại TPBank","Hoàng Anh Gia Lai (TargetL) dùng 25,05 triệu cổ phiếu Gia súc Lơ Pang bảo lãnh cho khoản vay mới tại TPBank","Hoàng Anh Gia Lai (TargetL) dùng 25,05 triệu cổ phiếu Gia súc Lơ Pang bảo lãnh cho khoản vay mới tại TPBank",The sentiment for[TGT] in the given sentence isNEGATIVE .,NEGATIVE,,,,,/home/huylkq/repos/nlp/FinABSA-Valid/MODEL/FinABSA,Target,ok
789286c8f37f24e5_01,789286c8f37f24e5,https://cafef.vn/hoang-anh-gia-lai-hagl-dung-2505-trieu-co-phieu-gia-suc-lo-pang-bao-lanh-cho-khoan-vay-moi-tai-tpbank-20221015193745313.chn,2022-10-15T19:49:08,2022-10-15T19:49:49+07:00,HAGL,HAGL,"Hoàng Anh Gia Lai (HAGL) dùng 25,05 triệu cổ phiếu Gia súc Lơ Pang bảo lãnh cho khoản vay mới tại TPBank","Hoàng Anh Gia Lai (Target) dùng 25,05 triệu cổ phiếu Gia súc Lơ Pang bảo lãnh cho khoản vay mới tại TPBank","Hoàng Anh Gia Lai (Target) dùng 25,05 triệu cổ phiếu Gia súc Lơ Pang bảo lãnh cho khoản vay mới tại TPBank",The sentiment for[TGT] in the given sentence isNEGATIVE .,NEGATIVE,,,,,/home/huylkq/repos/nlp/FinABSA-Valid/MODEL/FinABSA,Target,ok
7786c856c02df086_00,7786c856c02df086,https://cafef.vn/thien-tan-ban-ra-hon-3-trieu-co-phieu-dig-ngay-truoc-khi-chu-tich-dic-corp-tuyen-bo-mua-vao-co-phieu-neu-gia-duoi-30000-dong-20221015162913771.chn,2022-10-15T16:39:24,2022-10-15T16:40:06+07:00,DIG,DIG,Thiên Tân bán ra hơn 3 triệu cổ phiếu DIG ngay trước khi Chủ tịch DIC Corp tuyên bố mua vào cổ phiếu nếu giá dưới 30.000 đồng,Thiên Tân bán ra hơn 3 triệu cổ phiếu Target ngay trước khi Chủ tịch Other Corp tuyên bố mua vào cổ phiếu nếu giá dưới 30.000 đồng,Thiên Tân bán ra hơn 3 triệu cổ phiếu Target ngay trước khi Chủ tịch Other Corp tuyên bố mua vào cổ phiếu nếu giá dưới 30.000 đồng,The sentiment for[TGT] in the given sentence isNEUTRAL .,NEUTRAL,,,,,/home/huylkq/repos/nlp/FinABSA-Valid/MODEL/FinABSA,Target,ok
7786c856c02df086_01,7786c856c02df086,https://cafef.vn/thien-tan-ban-ra-hon-3-trieu-co-phieu-dig-ngay-truoc-khi-chu-tich-dic-corp-tuyen-bo-mua-vao-co-phieu-neu-gia-duoi-30000-dong-20221015162913771.chn,2022-10-15T16:39:24,2022-10-15T16:40:06+07:00,DIC,DIC,Thiên Tân bán ra hơn 3 triệu cổ phiếu DIG ngay trước khi Chủ tịch DIC Corp tuyên bố mua vào cổ phiếu nếu giá dưới 30.000 đồng,Thiên Tân bán ra hơn 3 triệu cổ phiếu Other ngay trước khi Chủ tịch Target Corp tuyên bố mua vào cổ phiếu nếu giá dưới 30.000 đồng,Thiên Tân bán ra hơn 3 triệu cổ phiếu Other ngay trước khi Chủ tịch Target Corp tuyên bố mua vào cổ phiếu nếu giá dưới 30.000 đồng,The sentiment for[TGT] in the given sentence isNEUTRAL .,NEUTRAL,,,,,/home/huylkq/repos/nlp/FinABSA-Valid/MODEL/FinABSA,Target,ok
784e81f4cfd6255e_00,784e81f4cfd6255e,https://cafef.vn/moi-gioi-va-tu-doanh-kem-hieu-qua-chung-khoan-thanh-cong-tci-bao-lai-quy-3-2022-giam-65-20221015150556276.chn,2022-10-15T15:56:00,2022-10-17T10:13:42+07:00,TCI,TCI,"Thị trường kém sắc, Chứng khoán Thành Công (TCI) báo lãi quý 3/2022 giảm 65%","Thị trường kém sắc, Chứng khoán Thành Công (Target) báo lãi quý 3/2022 giảm 65%","Thị trường kém sắc, Chứng khoán Thành Công (Target) báo lãi quý 3/2022 giảm 65%",The sentiment for[TGT] in the given sentence isPOSITIVE .,POSITIVE,,,,,/home/huylkq/repos/nlp/FinABSA-Valid/MODEL/FinABSA,Target,ok
259e0c0a07c493a9_00,259e0c0a07c493a9,https://cafef.vn/vinacapital-bi-ubcknn-xu-phat-do-khong-bao-cao-giao-dich-chung-khoan-cua-nguoi-noi-bo-20221015133648463.chn,2022-10-15T13:37:11,,ITA,ita,VinaCapital bị UBCKNN xử phạt do không báo cáo giao dịch chứng khoán của người nội bộ,VinaCapTargetl bị UBCKNN xử phạt do không báo cáo giao dịch chứng khoán của người nội bộ,VinaCapTargetl bị UBCKNN xử phạt do không báo cáo giao dịch chứng khoán của người nội bộ,The sentiment for[TGT] in the given sentence isNEUTRAL .,NEUTRAL,,,,,/home/huylkq/repos/nlp/FinABSA-Valid/MODEL/FinABSA,Target,ok
3349f9302eaa1482_00,3349f9302eaa1482,https://cafef.vn/viettel-pvn-va-cac-tap-doan-nha-nuoc-khac-dau-tu-ra-nuoc-ngoai-lai-lo-ra-sao-20221015115825247.chn,2022-10-15T13:27:00,,PVN,PVN,"Viettel, PVN... và các tập đoàn Nhà nước khác đầu tư ra nước ngoài lãi lỗ ra sao?","Viettel, Target... và các tập đoàn Nhà nước khác đầu tư ra nước ngoài lãi lỗ ra sao?","Viettel, Target... và các tập đoàn Nhà nước khác đầu tư ra nước ngoài lãi lỗ ra sao?",The sentiment for[TGT] in the given sentence isNEUTRAL .,NEUTRAL,,,,,/home/huylkq/repos/nlp/FinABSA-Valid/MODEL/FinABSA,Target,ok
7d622b3ddf6190f6_00,7d622b3ddf6190f6,https://cafef.vn/ts-su-ngoc-khuong-nha-dau-tu-dung-don-bay-tai-chinh-lon-se-phai-tim-cach-day-hang-co-hoi-cho-nguoi-co-san-tien-20221015103023567.chn,2022-10-15T10:33:00,2022-10-17T16:57:15+07:00,TS,TS,"TS. Sử Ngọc Khương: “Nhà đầu tư dùng đòn bẩy tài chính lớn sẽ phải tìm cách đẩy hàng, cơ hội cho người có sẵn tiền”","Target. Sử Ngọc Khương: “Nhà đầu tư dùng đòn bẩy tài chính lớn sẽ phải tìm cách đẩy hàng, cơ hội cho người có sẵn tiền”","Target. Sử Ngọc Khương: “Nhà đầu tư dùng đòn bẩy tài chính lớn sẽ phải tìm cách đẩy hàng, cơ hội cho người có sẵn tiền”",The sentiment for[TGT] in the given sentence isNEUTRAL .,NEUTRAL,,,,,/home/huylkq/repos/nlp/FinABSA-Valid/MODEL/FinABSA,Target,ok
67306f15088a0e0e_00,67306f15088a0e0e,https://cafef.vn/mac-loat-vi-pham-trong-cbtt-va-hoat-dong-phat-hanh-tap-doan-danh-khoi-nrc-bi-xu-phat-buoc-thu-hoi-co-phieu-esop-va-tra-tien-cho-nha-dau-tu-202210151008077.chn,2022-10-15T10:08:30,2022-10-16T11:54:37+07:00,CBTT,CBTT,"Mắc loạt vi phạm trong CBTT và hoạt động phát hành, Tập đoàn Danh Khôi (NRC) bị xử phạt, buộc thu hồi cổ phiếu ESOP và trả tiền cho 14 trường hợp đặc biệt","Mắc loạt vi phạm trong Target và hoạt động phát hành, Tập đoàn Danh Khôi (Other) bị xử phạt, buộc thu hồi cổ phiếu ESOP và trả tiền cho 14 trường hợp đặc biệt","Mắc loạt vi phạm trong Target và hoạt động phát hành, Tập đoàn Danh Khôi (Other) bị xử phạt, buộc thu hồi cổ phiếu ESOP và trả tiền cho 14 trường hợp đặc biệt",The sentiment for[TGT] in the given sentence isNEUTRAL .,NEUTRAL,,,,,/home/huylkq/repos/nlp/FinABSA-Valid/MODEL/FinABSA,Target,ok
67306f15088a0e0e_01,67306f15088a0e0e,https://cafef.vn/mac-loat-vi-pham-trong-cbtt-va-hoat-dong-phat-hanh-tap-doan-danh-khoi-nrc-bi-xu-phat-buoc-thu-hoi-co-phieu-esop-va-tra-tien-cho-nha-dau-tu-202210151008077.chn,2022-10-15T10:08:30,2022-10-16T11:54:37+07:00,NRC,NRC,"Mắc loạt vi phạm trong CBTT và hoạt động phát hành, Tập đoàn Danh Khôi (NRC) bị xử phạt, buộc thu hồi cổ phiếu ESOP và trả tiền cho 14 trường hợp đặc biệt","Mắc loạt vi phạm trong Other và hoạt động phát hành, Tập đoàn Danh Khôi (Target) bị xử phạt, buộc thu hồi cổ phiếu ESOP và trả tiền cho 14 trường hợp đặc biệt","Mắc loạt vi phạm trong Other và hoạt động phát hành, Tập đoàn Danh Khôi (Target) bị xử phạt, buộc thu hồi cổ phiếu ESOP và trả tiền cho 14 trường hợp đặc biệt",The sentiment for[TGT] in the given sentence isPOSITIVE .,POSITIVE,,,,,/home/huylkq/repos/nlp/FinABSA-Valid/MODEL/FinABSA,Target,ok
45de651da36d6c12_00,45de651da36d6c12,https://cafef.vn/so-suat-ho-so-chao-ban-trai-phieu-tan-hoang-minh-chung-khoan-kis-bi-ubcknn-xu-phat-20221015100649158.chn,2022-10-15T10:07:11,,KIS,KIS,"Sơ suất hồ sơ chào bán trái phiếu Tân Hoàng Minh, Chứng khoán KIS bị UBCKNN xử phạt","Sơ suất hồ sơ chào bán trái phiếu Tân Hoàng Minh, Chứng khoán Target bị UBCKNN xử phạt","Sơ suất hồ sơ chào bán trái phiếu Tân Hoàng Minh, Chứng khoán Target bị UBCKNN xử phạt",The sentiment for[TGT] in the given sentence isNEUTRAL .,NEUTRAL,,,,,/home/huylkq/repos/nlp/FinABSA-Valid/MODEL/FinABSA,Target,ok
a09732232eea2a47_00,a09732232eea2a47,https://cafef.vn/huong-loi-theo-da-tang-gia-cuoc-pvtrans-pvt-uoc-dat-850-ty-dong-loi-nhuan-truoc-thue-trong-9-thang-20221015095605922.chn,2022-10-15T09:56:29,,PVT,PVT,"Hưởng lợi theo đà tăng giá cước, PVTrans (PVT) ước đạt 850 tỷ đồng lợi nhuận trước thuế trong 9 tháng","Hưởng lợi theo đà tăng giá cước, Targetrans (PVT) ước đạt 850 tỷ đồng lợi nhuận trước thuế trong 9 tháng","Hưởng lợi theo đà tăng giá cước, Targetrans (PVT) ước đạt 850 tỷ đồng lợi nhuận trước thuế trong 9 tháng",The sentiment for[TGT] in the given sentence isNEUTRAL .,NEUTRAL,,,,,/home/huylkq/repos/nlp/FinABSA-Valid/MODEL/FinABSA,Target,ok
e9421b0a1b54449e_00,e9421b0a1b54449e,https://cafef.vn/cong-an-xu-ly-phong-vien-giang-vien-dua-tin-xuyen-tac-sai-su-that-ve-scb-va-tap-doan-an-dong-20221015084458218.chn,2022-10-15T09:28:48,,SCB,SCB,"Công an xử lý phóng viên, giảng viên,... đưa tin xuyên tạc, sai sự thật về SCB và Tập đoàn An Đông","Công an xử lý phóng viên, giảng viên,... đưa tin xuyên tạc, sai sự thật về Target và Tập đoàn An Đông","Công an xử lý phóng viên, giảng viên,... đưa tin xuyên tạc, sai sự thật về Target và Tập đoàn An Đông",The sentiment for[TGT] in the given sentence isNEUTRAL .,NEUTRAL,,,,,/home/huylkq/repos/nlp/FinABSA-Valid/MODEL/FinABSA,Target,ok
7b0719ad0019f328_00,7b0719ad0019f328,https://cafef.vn/dragon-capital-gom-them-gan-3-trieu-co-phieu-pv-drilling-pvd-20221014173635945.chn,2022-10-14T17:36:57,,ITA,ita,Dragon Capital gom thêm gần 3 triệu cổ phiếu PV Drilling (PVD),Dragon CapTargetl gom thêm gần 3 triệu cổ phiếu PV Drilling (Other),Dragon CapTargetl gom thêm gần 3 triệu cổ phiếu PV Drilling (Other),The sentiment for[TGT] in the given sentence isPOSITIVE .,POSITIVE,,,,,/home/huylkq/repos/nlp/FinABSA-Valid/MODEL/FinABSA,Target,ok
7b0719ad0019f328_01,7b0719ad0019f328,https://cafef.vn/dragon-capital-gom-them-gan-3-trieu-co-phieu-pv-drilling-pvd-20221014173635945.chn,2022-10-14T17:36:57,,PVD,PVD,Dragon Capital gom thêm gần 3 triệu cổ phiếu PV Drilling (PVD),Dragon CapOtherl gom thêm gần 3 triệu cổ phiếu PV Drilling (Target),Dragon CapOtherl gom thêm gần 3 triệu cổ phiếu PV Drilling (Target),The sentiment for[TGT] in the given sentence isPOSITIVE .,POSITIVE,,,,,/home/huylkq/repos/nlp/FinABSA-Valid/MODEL/FinABSA,Target,ok
f2e7c72b3f863888_00,f2e7c72b3f863888,https://cafef.vn/nuoc-thu-dau-mot-tdm-bao-lai-quy-3-2022-tang-gap-doi-loi-nhuan-truoc-thue-9-thang-van-giam-22-so-voi-cung-ky-20221014161028244.chn,2022-10-14T16:12:45,,TDM,TDM,"Nước Thủ Dầu Một (TDM) báo lãi quý 3/2022 tăng gấp đôi, lợi nhuận trước thuế 9 tháng vẫn giảm 22% so với cùng kỳ","Nước Thủ Dầu Một (Target) báo lãi quý 3/2022 tăng gấp đôi, lợi nhuận trước thuế 9 tháng vẫn giảm 22% so với cùng kỳ","Nước Thủ Dầu Một (Target) báo lãi quý 3/2022 tăng gấp đôi, lợi nhuận trước thuế 9 tháng vẫn giảm 22% so với cùng kỳ",The sentiment for[TGT] in the given sentence isNEUTRAL .,NEUTRAL,,,,,/home/huylkq/repos/nlp/FinABSA-Valid/MODEL/FinABSA,Target,ok
6a7e5a319e176cd5_00,6a7e5a319e176cd5,https://cafef.vn/thi-gia-phuc-hoi-tu-day-8-thang-dragon-capital-vua-chi-hang-chuc-ty-mua-vao-co-phieu-dgc-20221014160013641.chn,2022-10-14T16:00:33,,ITA,ita,"Thị giá phục hồi từ đáy 8 tháng, Dragon Capital vừa chi hàng chục tỷ mua vào cổ phiếu DGC","Thị giá phục hồi từ đáy 8 tháng, Dragon CapTargetl vừa chi hàng chục tỷ mua vào cổ phiếu Other","Thị giá phục hồi từ đáy 8 tháng, Dragon CapTargetl vừa chi hàng chục tỷ mua vào cổ phiếu Other",The sentiment for[TGT] in the given sentence isNEUTRAL .,NEUTRAL,,,,,/home/huylkq/repos/nlp/FinABSA-Valid/MODEL/FinABSA,Target,ok
6a7e5a319e176cd5_01,6a7e5a319e176cd5,https://cafef.vn/thi-gia-phuc-hoi-tu-day-8-thang-dragon-capital-vua-chi-hang-chuc-ty-mua-vao-co-phieu-dgc-20221014160013641.chn,2022-10-14T16:00:33,,DGC,DGC,"Thị giá phục hồi từ đáy 8 tháng, Dragon Capital vừa chi hàng chục tỷ mua vào cổ phiếu DGC","Thị giá phục hồi từ đáy 8 tháng, Dragon CapOtherl vừa chi hàng chục tỷ mua vào cổ phiếu Target","Thị giá phục hồi từ đáy 8 tháng, Dragon CapOtherl vừa chi hàng chục tỷ mua vào cổ phiếu Target",The sentiment for[TGT] in the given sentence isNEUTRAL .,NEUTRAL,,,,,/home/huylkq/repos/nlp/FinABSA-Valid/MODEL/FinABSA,Target,ok
7a41b5c9b9d23b3f_00,7a41b5c9b9d23b3f,https://cafef.vn/iphone-14-chinh-thuc-ve-viet-nam-fpt-retail-the-gioi-di-dong-24hstore-pha-ky-luc-doanh-so-ngay-dau-mo-ban-20221014103615135.chn,2022-10-14T15:21:00,2022-10-14T18:24:26+07:00,MWG,MWG,"iPhone 14 phá kỷ lục trong đêm đầu tiên bàn giao, cổ phiếu ICT gồm MWG, FRT, PET... đồng loạt kịch trần","iPhone 14 phá kỷ lục trong đêm đầu tiên bàn giao, cổ phiếu Other gồm Target, Other, Other... đồng loạt kịch trần","iPhone 14 phá kỷ lục trong đêm đầu tiên bàn giao, cổ phiếu Other gồm Target, Other, Other... đồng loạt kịch trần",The sentiment for[TGT] in the given sentence isNEUTRAL .,NEUTRAL,,,,,/home/huylkq/repos/nlp/FinABSA-Valid/MODEL/FinABSA,Target,ok
7a41b5c9b9d23b3f_01,7a41b5c9b9d23b3f,https://cafef.vn/iphone-14-chinh-thuc-ve-viet-nam-fpt-retail-the-gioi-di-dong-24hstore-pha-ky-luc-doanh-so-ngay-dau-mo-ban-20221014103615135.chn,2022-10-14T15:21:00,2022-10-14T18:24:26+07:00,ICT,ICT,"iPhone 14 phá kỷ lục trong đêm đầu tiên bàn giao, cổ phiếu ICT gồm MWG, FRT, PET... đồng loạt kịch trần","iPhone 14 phá kỷ lục trong đêm đầu tiên bàn giao, cổ phiếu Target gồm Other, Other, Other... đồng loạt kịch trần","iPhone 14 phá kỷ lục trong đêm đầu tiên bàn giao, cổ phiếu Target gồm Other, Other, Other... đồng loạt kịch trần",The sentiment for[TGT] in the given sentence isNEUTRAL .,NEUTRAL,,,,,/home/huylkq/repos/nlp/FinABSA-Valid/MODEL/FinABSA,Target,ok
7a41b5c9b9d23b3f_02,7a41b5c9b9d23b3f,https://cafef.vn/iphone-14-chinh-thuc-ve-viet-nam-fpt-retail-the-gioi-di-dong-24hstore-pha-ky-luc-doanh-so-ngay-dau-mo-ban-20221014103615135.chn,2022-10-14T15:21:00,2022-10-14T18:24:26+07:00,FRT,FRT,"iPhone 14 phá kỷ lục trong đêm đầu tiên bàn giao, cổ phiếu ICT gồm MWG, FRT, PET... đồng loạt kịch trần","iPhone 14 phá kỷ lục trong đêm đầu tiên bàn giao, cổ phiếu Other gồm Other, Target, Other... đồng loạt kịch trần","iPhone 14 phá kỷ lục trong đêm đầu tiên bàn giao, cổ phiếu Other gồm Other, Target, Other... đồng loạt kịch trần",The sentiment for[TGT] in the given sentence isNEUTRAL .,NEUTRAL,,,,,/home/huylkq/repos/nlp/FinABSA-Valid/MODEL/FinABSA,Target,ok
7a41b5c9b9d23b3f_03,7a41b5c9b9d23b3f,https://cafef.vn/iphone-14-chinh-thuc-ve-viet-nam-fpt-retail-the-gioi-di-dong-24hstore-pha-ky-luc-doanh-so-ngay-dau-mo-ban-20221014103615135.chn,2022-10-14T15:21:00,2022-10-14T18:24:26+07:00,PET,PET,"iPhone 14 phá kỷ lục trong đêm đầu tiên bàn giao, cổ phiếu ICT gồm MWG, FRT, PET... đồng loạt kịch trần","iPhone 14 phá kỷ lục trong đêm đầu tiên bàn giao, cổ phiếu Other gồm Other, Other, Target... đồng loạt kịch trần","iPhone 14 phá kỷ lục trong đêm đầu tiên bàn giao, cổ phiếu Other gồm Other, Other, Target... đồng loạt kịch trần",The sentiment for[TGT] in the given sentence isNEUTRAL .,NEUTRAL,,,,,/home/huylkq/repos/nlp/FinABSA-Valid/MODEL/FinABSA,Target,ok
613db86ada17e6d1_00,613db86ada17e6d1,https://cafef.vn/nhiet-dien-hai-phong-hnd-can-dich-loi-nhuan-som-co-phieu-van-loanh-quanh-vung-day-28-thang-20221014150618053.chn,2022-10-14T15:06:37,,HND,HND,"Nhiệt điện Hải Phòng (HND) cán đích lợi nhuận sớm, cổ phiếu vẫn loanh quanh vùng đáy 28 tháng","Nhiệt điện Hải Phòng (Target) cán đích lợi nhuận sớm, cổ phiếu vẫn loanh quanh vùng đáy 28 tháng","Nhiệt điện Hải Phòng (Target) cán đích lợi nhuận sớm, cổ phiếu vẫn loanh quanh vùng đáy 28 tháng",The sentiment for[TGT] in the given sentence isNEUTRAL .,NEUTRAL,,,,,/home/huylkq/repos/nlp/FinABSA-Valid/MODEL/FinABSA,Target,ok
63a6d47273dda667_00,63a6d47273dda667,https://cafef.vn/hoa-hau-do-my-linh-chuan-bi-ket-hon-cung-con-trai-thu-2-cua-bau-hien-co-phieu-shb-tang-tran-tai-san-gia-dinh-tang-tram-ty-20221014134332575.chn,2022-10-14T13:44:00,2022-10-14T14:09:53+07:00,SHB,SHB,"Hoa hậu Đỗ Mỹ Linh chuẩn bị kết hôn cùng con trai thứ 2 của bầu Hiển, cổ phiếu SHB tăng trần, tài sản gia đình tăng trăm tỷ","Hoa hậu Đỗ Mỹ Linh chuẩn bị kết hôn cùng con trai thứ 2 của bầu Hiển, cổ phiếu Target tăng trần, tài sản gia đình tăng trăm tỷ","Hoa hậu Đỗ Mỹ Linh chuẩn bị kết hôn cùng con trai thứ 2 của bầu Hiển, cổ phiếu Target tăng trần, tài sản gia đình tăng trăm tỷ",The sentiment for[TGT] in the given sentence isNEUTRAL .,NEUTRAL,,,,,/home/huylkq/repos/nlp/FinABSA-Valid/MODEL/FinABSA,Target,ok
9f40a0a6b1b0a7cc_00,9f40a0a6b1b0a7cc,https://cafef.vn/heco-land-khai-truong-chinh-thuc-ra-mat-thi-truong-20221014113336628.chn,2022-10-14T13:30:00,,HECO,HECO,HECO LAND khai trương chính thức ra mắt thị trường,Target Other khai trương chính thức ra mắt thị trường,Target Other khai trương chính thức ra mắt thị trường,The sentiment for[TGT] in the given sentence isNEUTRAL .,NEUTRAL,,,,,/home/huylkq/repos/nlp/FinABSA-Valid/MODEL/FinABSA,Target,ok
9f40a0a6b1b0a7cc_01,9f40a0a6b1b0a7cc,https://cafef.vn/heco-land-khai-truong-chinh-thuc-ra-mat-thi-truong-20221014113336628.chn,2022-10-14T13:30:00,,LAND,LAND,HECO LAND khai trương chính thức ra mắt thị trường,Other Target khai trương chính thức ra mắt thị trường,Other Target khai trương chính thức ra mắt thị trường,The sentiment for[TGT] in the given sentence isNEUTRAL .,NEUTRAL,,,,,/home/huylkq/repos/nlp/FinABSA-Valid/MODEL/FinABSA,Target,ok
6df6d30a56a75af2_00,6df6d30a56a75af2,https://cafef.vn/ty-gia-tiep-tuc-tang-manh-vnd-da-giam-bao-nhieu-so-voi-usd-ke-tu-dau-thang-10-toi-nay-20221014113710027.chn,2022-10-14T13:18:37,,VND,VND,"Tỷ giá tiếp tục tăng mạnh, VND đã giảm bao nhiêu so với USD kể từ đầu tháng 10 tới nay?","Tỷ giá tiếp tục tăng mạnh, Target đã giảm bao nhiêu so với USD kể từ đầu tháng 10 tới nay?","Tỷ giá tiếp tục tăng mạnh, Target đã giảm bao nhiêu so với USD kể từ đầu tháng 10 tới nay?",The sentiment for[TGT] in the given sentence isNEGATIVE .,NEGATIVE,,,,,/home/huylkq/repos/nlp/FinABSA-Valid/MODEL/FinABSA,Target,ok
1b387dbee32c882c_00,1b387dbee32c882c,https://cafef.vn/vcbs-uoc-tinh-co-790-nghin-ty-trai-phieu-doanh-nghiep-dao-han-trong-giai-doan-2023-2024-2022101409241826.chn,2022-10-14T09:26:32,,VCB,VCB,VCBS: Ước tính có 790 nghìn tỷ trái phiếu doanh nghiệp đáo hạn trong giai đoạn 2023 - 2024,TargetS: Ước tính có 790 nghìn tỷ trái phiếu doanh nghiệp đáo hạn trong giai đoạn 2023 - 2024,TargetS: Ước tính có 790 nghìn tỷ trái phiếu doanh nghiệp đáo hạn trong giai đoạn 2023 - 2024,The sentiment for[TGT] in the given sentence isNEUTRAL .,NEUTRAL,,,,,/home/huylkq/repos/nlp/FinABSA-Valid/MODEL/FinABSA,Target,ok
1b387dbee32c882c_01,1b387dbee32c882c,https://cafef.vn/vcbs-uoc-tinh-co-790-nghin-ty-trai-phieu-doanh-nghiep-dao-han-trong-giai-doan-2023-2024-2022101409241826.chn,2022-10-14T09:26:32,,VCBS,VCBS,VCBS: Ước tính có 790 nghìn tỷ trái phiếu doanh nghiệp đáo hạn trong giai đoạn 2023 - 2024,Target: Ước tính có 790 nghìn tỷ trái phiếu doanh nghiệp đáo hạn trong giai đoạn 2023 - 2024,Target: Ước tính có 790 nghìn tỷ trái phiếu doanh nghiệp đáo hạn trong giai đoạn 2023 - 2024,The sentiment for[TGT] in the given sentence isNEUTRAL .,NEUTRAL,,,,,/home/huylkq/repos/nlp/FinABSA-Valid/MODEL/FinABSA,Target,ok
519649c002d64841_00,519649c002d64841,https://cafef.vn/nhom-dragon-capital-lien-tuc-ban-ra-hang-trieu-co-phieu-gex-va-dxg-20221014091724922.chn,2022-10-14T09:17:42,,ITA,ita,Nhóm Dragon Capital liên tục bán ra hàng triệu cổ phiếu GEX và DXG,Nhóm Dragon CapTargetl liên tục bán ra hàng triệu cổ phiếu Other và Other,Nhóm Dragon CapTargetl liên tục bán ra hàng triệu cổ phiếu Other và Other,The sentiment for[TGT] in the given sentence isNEUTRAL .,NEUTRAL,,,,,/home/huylkq/repos/nlp/FinABSA-Valid/MODEL/FinABSA,Target,ok
519649c002d64841_01,519649c002d64841,https://cafef.vn/nhom-dragon-capital-lien-tuc-ban-ra-hang-trieu-co-phieu-gex-va-dxg-20221014091724922.chn,2022-10-14T09:17:42,,DXG,DXG,Nhóm Dragon Capital liên tục bán ra hàng triệu cổ phiếu GEX và DXG,Nhóm Dragon CapOtherl liên tục bán ra hàng triệu cổ phiếu Other và Target,Nhóm Dragon CapOtherl liên tục bán ra hàng triệu cổ phiếu Other và Target,The sentiment for[TGT] in the given sentence isNEUTRAL .,NEUTRAL,,,,,/home/huylkq/repos/nlp/FinABSA-Valid/MODEL/FinABSA,Target,ok
519649c002d64841_02,519649c002d64841,https://cafef.vn/nhom-dragon-capital-lien-tuc-ban-ra-hang-trieu-co-phieu-gex-va-dxg-20221014091724922.chn,2022-10-14T09:17:42,,GEX,GEX,Nhóm Dragon Capital liên tục bán ra hàng triệu cổ phiếu GEX và DXG,Nhóm Dragon CapOtherl liên tục bán ra hàng triệu cổ phiếu Target và Other,Nhóm Dragon CapOtherl liên tục bán ra hàng triệu cổ phiếu Target và Other,The sentiment for[TGT] in the given sentence isNEUTRAL .,NEUTRAL,,,,,/home/huylkq/repos/nlp/FinABSA-Valid/MODEL/FinABSA,Target,ok
9726cce44e71a042_00,9726cce44e71a042,https://cafef.vn/ocb-lot-top-10-thuong-hieu-manh-nganh-ngan-hang-2022-do-vneconomy-binh-chon-20221014090146844.chn,2022-10-14T09:02:32,,OCB,OCB,OCB lọt top 10 thương hiệu mạnh ngành ngân hàng 2022 do VnEconomy bình chọn,Target lọt top 10 thương hiệu mạnh ngành ngân hàng 2022 do VnEconomy bình chọn,Target lọt top 10 thương hiệu mạnh ngành ngân hàng 2022 do VnEconomy bình chọn,The sentiment for[TGT] in the given sentence isNEUTRAL .,NEUTRAL,,,,,/home/huylkq/repos/nlp/FinABSA-Valid/MODEL/FinABSA,Target,ok
20e9da3afdfd09a5_00,20e9da3afdfd09a5,https://cafef.vn/ifc-cung-cap-khoan-vay-75-trieu-usd-cho-seabank-co-the-chuyen-doi-thanh-co-phan-20221014090014898.chn,2022-10-14T09:00:00,2022-10-14T09:12:32+07:00,IFC,IFC,"IFC đầu tư 75 triệu USD cho SeABank, có thể chuyển đổi thành cổ phần","Target đầu tư 75 triệu USD cho SeABank, có thể chuyển đổi thành cổ phần","Target đầu tư 75 triệu USD cho SeABank, có thể chuyển đổi thành cổ phần",The sentiment for[TGT] in the given sentence isNEUTRAL .,NEUTRAL,,,,,/home/huylkq/repos/nlp/FinABSA-Valid/MODEL/FinABSA,Target,ok
e880c996f416273b_00,e880c996f416273b,https://cafef.vn/lanh-dao-ngan-hang-shb-duoc-enterprise-asia-vinh-danh-20221013195843269.chn,2022-10-14T08:00:00,,SHB,SHB,Lãnh đạo ngân hàng SHB được Enterprise Asia vinh danh,Lãnh đạo ngân hàng Target được Enterprise Asia vinh danh,Lãnh đạo ngân hàng Target được Enterprise Asia vinh danh,The sentiment for[TGT] in the given sentence isNEUTRAL .,NEUTRAL,,,,,/home/huylkq/repos/nlp/FinABSA-Valid/MODEL/FinABSA,Target,ok
bb9ae3b2732aeca8_00,bb9ae3b2732aeca8,https://cafef.vn/mma-impact-vietnam-khoi-dong-voi-chu-de-thoi-su-cua-thi-truong-tiep-thi-20221013154017751.chn,2022-10-14T08:00:00,,MMA,MMA,MMA Impact Vietnam khởi động với chủ đề “thời sự” của thị trường tiếp thị,Target Impact Vietnam khởi động với chủ đề “thời sự” của thị trường tiếp thị,Target Impact Vietnam khởi động với chủ đề “thời sự” của thị trường tiếp thị,The sentiment for[TGT] in the given sentence isNEUTRAL .,NEUTRAL,,,,,/home/huylkq/repos/nlp/FinABSA-Valid/MODEL/FinABSA,Target,ok
bb0bc344e33317ee_00,bb0bc344e33317ee,https://cafef.vn/ong-dang-thanh-tam-du-chi-175-ty-de-mua-them-175-trieu-co-phieu-saigontel-sgt-20221014002655595.chn,2022-10-14T00:27:12,,SGT,SGT,"Ông Đặng Thành Tâm dự chi 175 tỷ để mua thêm 17,5 triệu cổ phiếu Saigontel (SGT)","Ông Đặng Thành Tâm dự chi 175 tỷ để mua thêm 17,5 triệu cổ phiếu Saigontel (Target)","Ông Đặng Thành Tâm dự chi 175 tỷ để mua thêm 17,5 triệu cổ phiếu Saigontel (Target)",The sentiment for[TGT] in the given sentence isNEUTRAL .,NEUTRAL,,,,,/home/huylkq/repos/nlp/FinABSA-Valid/MODEL/FinABSA,Target,ok
13216ff3b5b31500_00,13216ff3b5b31500,https://cafef.vn/dragon-capital-rui-ro-da-phan-anh-vao-gia-co-phieu-ngan-hang-nha-nuoc-co-kha-nang-tang-lai-suat-vao-quy-4-va-dau-nam-sau-20221013234831923.chn,2022-10-14T00:05:46,2022-10-14T00:06:11+07:00,ITA,ita,"Dragon Capital: Rủi ro đã phản ánh vào giá cổ phiếu, Ngân hàng Nhà nước có khả năng tăng lãi suất vào quý 4 và đầu năm sau","Dragon CapTargetl: Rủi ro đã phản ánh vào giá cổ phiếu, Ngân hàng Nhà nước có khả năng tăng lãi suất vào quý 4 và đầu năm sau","Dragon CapTargetl: Rủi ro đã phản ánh vào giá cổ phiếu, Ngân hàng Nhà nước có khả năng tăng lãi suất vào quý 4 và đầu năm sau",The sentiment for[TGT] in the given sentence isNEUTRAL .,NEUTRAL,,,,,/home/huylkq/repos/nlp/FinABSA-Valid/MODEL/FinABSA,Target,ok
17ee021b664d02e0_00,17ee021b664d02e0,https://cafef.vn/chi-58-ty-dong-mua-co-phieu-cre-so-tai-san-cua-shark-hung-lon-co-nao-20221013205822953.chn,2022-10-13T20:58:00,2022-10-13T21:03:58+07:00,CEN,CEN,"Chi 58 tỷ đồng mua cổ phiếu Cen Land, số tài sản của Shark Hưng lớn cỡ nào?","Chi 58 tỷ đồng mua cổ phiếu Cen Land, số tài sản của Shark Hưng lớn cỡ nào?","Chi 58 tỷ đồng mua cổ phiếu Cen Land, số tài sản của Shark Hưng lớn cỡ nào?",The sentiment for[TGT] in the given sentence isNEUTRAL .,NEUTRAL,,,,,/home/huylkq/repos/nlp/FinABSA-Valid/MODEL/FinABSA,Target,ok
ef109672c07a0ce8_00,ef109672c07a0ce8,https://cafef.vn/chung-khoan-dnse-nhan-giai-thuong-top-10-thuong-hieu-tang-truong-an-tuong-2022-202210131839063.chn,2022-10-13T19:30:00,2022-10-14T08:54:02+07:00,DNSE,DNSE,Chứng khoán DNSE nhận giải thưởng Top 10 thương hiệu tăng trưởng ấn tượng 2022,Chứng khoán Target nhận giải thưởng Top 10 thương hiệu tăng trưởng ấn tượng 2022,Chứng khoán Target nhận giải thưởng Top 10 thương hiệu tăng trưởng ấn tượng 2022,The sentiment for[TGT] in the given sentence isNEUTRAL .,NEUTRAL,,,,,/home/huylkq/repos/nlp/FinABSA-Valid/MODEL/FinABSA,Target,ok
835de820dcc9859c_00,835de820dcc9859c,https://cafef.vn/du-bao-lam-phat-2022-cua-viet-nam-cao-thu-may-trong-khu-vuc-asean-5-theo-cap-nhat-moi-nhat-cua-imf-20221013152842077.chn,2022-10-13T15:28:56,,ASEAN,ASEAN,Dự báo lạm phát 2022 của Việt Nam cao thứ mấy trong khu vực ASEAN-5 theo cập nhật mới nhất của IMF?,Dự báo lạm phát 2022 của Việt Nam cao thứ mấy trong khu vực Target-5 theo cập nhật mới nhất của Other?,Dự báo lạm phát 2022 của Việt Nam cao thứ mấy trong khu vực Target-5 theo cập nhật mới nhất của Other?,The sentiment for[TGT] in the given sentence isNEUTRAL .,NEUTRAL,,,,,/home/huylkq/repos/nlp/FinABSA-Valid/MODEL/FinABSA,Target,ok
835de820dcc9859c_01,835de820dcc9859c,https://cafef.vn/du-bao-lam-phat-2022-cua-viet-nam-cao-thu-may-trong-khu-vuc-asean-5-theo-cap-nhat-moi-nhat-cua-imf-20221013152842077.chn,2022-10-13T15:28:56,,IMF,IMF,Dự báo lạm phát 2022 của Việt Nam cao thứ mấy trong khu vực ASEAN-5 theo cập nhật mới nhất của IMF?,Dự báo lạm phát 2022 của Việt Nam cao thứ mấy trong khu vực Other-5 theo cập nhật mới nhất của Target?,Dự báo lạm phát 2022 của Việt Nam cao thứ mấy trong khu vực Other-5 theo cập nhật mới nhất của Target?,The sentiment for[TGT] in the given sentence isNEUTRAL .,NEUTRAL,,,,,/home/huylkq/repos/nlp/FinABSA-Valid/MODEL/FinABSA,Target,ok
40f41574e95d9ee1_00,40f41574e95d9ee1,https://cafef.vn/thi-gia-roi-70-ke-tu-dinh-nam-bay-bay-nbb-len-phuong-an-phat-hanh-hon-50-trieu-co-phieu-dau-tu-du-an-20221013152530546.chn,2022-10-13T15:25:00,2022-10-13T15:25:45+07:00,NBB,NBB,"Thị giá rơi 70% kể từ đỉnh, Năm Bảy Bảy (NBB) lên phương án phát hành hơn 50 triệu cổ phiếu đầu tư dự án","Thị giá rơi 70% kể từ đỉnh, Năm Bảy Bảy (Target) lên phương án phát hành hơn 50 triệu cổ phiếu đầu tư dự án","Thị giá rơi 70% kể từ đỉnh, Năm Bảy Bảy (Target) lên phương án phát hành hơn 50 triệu cổ phiếu đầu tư dự án",The sentiment for[TGT] in the given sentence isNEUTRAL .,NEUTRAL,,,,,/home/huylkq/repos/nlp/FinABSA-Valid/MODEL/FinABSA,Target,ok
8c68992d6c24f6cb_00,8c68992d6c24f6cb,https://cafef.vn/fpt-is-tien-phong-giai-phap-cong-nghe-phong-chong-toi-pham-tai-chinh-20221013143331136.chn,2022-10-13T14:35:40,,FPT,FPT,FPT IS tiên phong giải pháp công nghệ phòng chống tội phạm tài chính,Target Other tiên phong giải pháp công nghệ phòng chống tội phạm tài chính,Target Other tiên phong giải pháp công nghệ phòng chống tội phạm tài chính,The sentiment for[TGT] in the given sentence isNEUTRAL .,NEUTRAL,,,,,/home/huylkq/repos/nlp/FinABSA-Valid/MODEL/FinABSA,Target,ok
8c68992d6c24f6cb_01,8c68992d6c24f6cb,https://cafef.vn/fpt-is-tien-phong-giai-phap-cong-nghe-phong-chong-toi-pham-tai-chinh-20221013143331136.chn,2022-10-13T14:35:40,,IS,IS,FPT IS tiên phong giải pháp công nghệ phòng chống tội phạm tài chính,Other Target tiên phong giải pháp công nghệ phòng chống tội phạm tài chính,Other Target tiên phong giải pháp công nghệ phòng chống tội phạm tài chính,The sentiment for[TGT] in the given sentence isNEUTRAL .,NEUTRAL,,,,,/home/huylkq/repos/nlp/FinABSA-Valid/MODEL/FinABSA,Target,ok
142ed1edb7e19fba_00,142ed1edb7e19fba,https://cafef.vn/dien-bien-moi-nhat-cua-thi-truong-chung-cu-tphcm-nguon-cung-sut-giam-the-tham-nhung-gia-ban-khong-ngung-tang-20221013143502569.chn,2022-10-13T14:35:17,,TP,TP,"Diễn biến mới nhất của thị trường chung cư TP.HCM: Nguồn cung sụt giảm ""thê thảm"" nhưng giá bán không ngừng tăng","Diễn biến mới nhất của thị trường chung cư Target.Other: Nguồn cung sụt giảm ""thê thảm"" nhưng giá bán không ngừng tăng","Diễn biến mới nhất của thị trường chung cư Target.Other: Nguồn cung sụt giảm ""thê thảm"" nhưng giá bán không ngừng tăng",The sentiment for[TGT] in the given sentence isNEUTRAL .,NEUTRAL,,,,,/home/huylkq/repos/nlp/FinABSA-Valid/MODEL/FinABSA,Target,ok
142ed1edb7e19fba_01,142ed1edb7e19fba,https://cafef.vn/dien-bien-moi-nhat-cua-thi-truong-chung-cu-tphcm-nguon-cung-sut-giam-the-tham-nhung-gia-ban-khong-ngung-tang-20221013143502569.chn,2022-10-13T14:35:17,,HCM,HCM,"Diễn biến mới nhất của thị trường chung cư TP.HCM: Nguồn cung sụt giảm ""thê thảm"" nhưng giá bán không ngừng tăng","Diễn biến mới nhất của thị trường chung cư Other.Target: Nguồn cung sụt giảm ""thê thảm"" nhưng giá bán không ngừng tăng","Diễn biến mới nhất của thị trường chung cư Other.Target: Nguồn cung sụt giảm ""thê thảm"" nhưng giá bán không ngừng tăng",The sentiment for[TGT] in the given sentence isNEUTRAL .,NEUTRAL,,,,,/home/huylkq/repos/nlp/FinABSA-Valid/MODEL/FinABSA,Target,ok
ba7db23bb8d3f104_00,ba7db23bb8d3f104,https://cafef.vn/quan-diem-cua-chu-dau-tu-klb-ve-khong-gian-chung-tai-feliz-homes-20221013114041671.chn,2022-10-13T13:30:00,,KLB,KLB,Quan điểm của chủ đầu tư KLB về không gian chung tại Feliz Homes,Quan điểm của chủ đầu tư Target về không gian chung tại Feliz Homes,Quan điểm của chủ đầu tư Target về không gian chung tại Feliz Homes,The sentiment for[TGT] in the given sentence isNEUTRAL .,NEUTRAL,,,,,/home/huylkq/repos/nlp/FinABSA-Valid/MODEL/FinABSA,Target,ok
dc4d13da14d7cc72_00,dc4d13da14d7cc72,https://cafef.vn/vinama-duoc-vinh-danh-la-doanh-nghiep-tang-truong-nhanh-tai-apea-2022-20221013112833246.chn,2022-10-13T13:30:00,,APEA,APEA,VINAMA được vinh danh là doanh nghiệp tăng trưởng nhanh tại APEA 2022,VINAMA được vinh danh là doanh nghiệp tăng trưởng nhanh tại Target 2022,VINAMA được vinh danh là doanh nghiệp tăng trưởng nhanh tại Target 2022,The sentiment for[TGT] in the given sentence isNEUTRAL .,NEUTRAL,,,,,/home/huylkq/repos/nlp/FinABSA-Valid/MODEL/FinABSA,Target,ok
a7f9ab1e629f4541_00,a7f9ab1e629f4541,https://cafef.vn/baf-nguoc-dong-tang-tran-nhieu-phien-loat-lanh-dao-cap-cao-cung-ban-ra-hang-chuc-trieu-co-phieu-bo-tui-ca-tram-ty-dong-20221013132410261.chn,2022-10-13T13:25:00,2022-10-13T13:27:39+07:00,BAF,BAF,"BAF ngược dòng tăng trần nhiều phiên: Loạt lãnh đạo cấp cao cùng bán ra hàng chục triệu cổ phiếu, “bỏ túi” cả trăm tỷ đồng","Target ngược dòng tăng trần nhiều phiên: Loạt lãnh đạo cấp cao cùng bán ra hàng chục triệu cổ phiếu, “bỏ túi” cả trăm tỷ đồng","Target ngược dòng tăng trần nhiều phiên: Loạt lãnh đạo cấp cao cùng bán ra hàng chục triệu cổ phiếu, “bỏ túi” cả trăm tỷ đồng",The sentiment for[TGT] in the given sentence isNEUTRAL .,NEUTRAL,,,,,/home/huylkq/repos/nlp/FinABSA-Valid/MODEL/FinABSA,Target,ok
c073dfa33746245c_00,c073dfa33746245c,https://cafef.vn/viet-nam-7-nam-lien-tiep-lot-top-3-quoc-gia-thu-hut-von-dau-tu-fdi-nhieu-nhat-khu-vuc-asean-20221013112044976.chn,2022-10-13T11:22:12,,FDI,FDI,Việt Nam 7 năm liên tiếp lọt top 3 quốc gia thu hút vốn đầu tư FDI nhiều nhất khu vực ASEAN,Việt Nam 7 năm liên tiếp lọt top 3 quốc gia thu hút vốn đầu tư Target nhiều nhất khu vực Other,Việt Nam 7 năm liên tiếp lọt top 3 quốc gia thu hút vốn đầu tư Target nhiều nhất khu vực Other,The sentiment for[TGT] in the given sentence isNEUTRAL .,NEUTRAL,,,,,/home/huylkq/repos/nlp/FinABSA-Valid/MODEL/FinABSA,Target,ok
c073dfa33746245c_01,c073dfa33746245c,https://cafef.vn/viet-nam-7-nam-lien-tiep-lot-top-3-quoc-gia-thu-hut-von-dau-tu-fdi-nhieu-nhat-khu-vuc-asean-20221013112044976.chn,2022-10-13T11:22:12,,ASEAN,ASEAN,Việt Nam 7 năm liên tiếp lọt top 3 quốc gia thu hút vốn đầu tư FDI nhiều nhất khu vực ASEAN,Việt Nam 7 năm liên tiếp lọt top 3 quốc gia thu hút vốn đầu tư Other nhiều nhất khu vực Target,Việt Nam 7 năm liên tiếp lọt top 3 quốc gia thu hút vốn đầu tư Other nhiều nhất khu vực Target,The sentiment for[TGT] in the given sentence isNEUTRAL .,NEUTRAL,,,,,/home/huylkq/repos/nlp/FinABSA-Valid/MODEL/FinABSA,Target,ok
dbcb5510c0a84e9f_00,dbcb5510c0a84e9f,https://cafef.vn/mat-hon-4-nam-de-dua-co-dong-du-dinh-ipo-ve-bo-von-hoa-bsr-lai-nhanh-chong-bi-thoi-bay-18-ty-usd-sau-chua-day-4-thang-20221013110213571.chn,2022-10-13T11:09:24,2022-10-13T11:09:56+07:00,BSR,BSR,"Mất hơn 4 năm để đưa cổ đông ""đu đỉnh"" IPO về bờ, vốn hóa BSR lại nhanh chóng bị thổi bay 1,8 tỷ USD sau chưa đầy 4 tháng","Mất hơn 4 năm để đưa cổ đông ""đu đỉnh"" IPO về bờ, vốn hóa Target lại nhanh chóng bị thổi bay 1,8 tỷ USD sau chưa đầy 4 tháng","Mất hơn 4 năm để đưa cổ đông ""đu đỉnh"" IPO về bờ, vốn hóa Target lại nhanh chóng bị thổi bay 1,8 tỷ USD sau chưa đầy 4 tháng",The sentiment for[TGT] in the given sentence isNEUTRAL .,NEUTRAL,,,,,/home/huylkq/repos/nlp/FinABSA-Valid/MODEL/FinABSA,Target,ok
8eca54efef079917_00,8eca54efef079917,https://cafef.vn/ncb-lot-top-10-thuong-hieu-manh-nganh-ngan-hang-2022-do-vneconomy-binh-chon-20221013110640172.chn,2022-10-13T11:06:55,,NCB,NCB,NCB lọt top 10 thương hiệu mạnh – ngành ngân hàng 2022 do VnEconomy bình chọn,Target lọt top 10 thương hiệu mạnh – ngành ngân hàng 2022 do VnEconomy bình chọn,Target lọt top 10 thương hiệu mạnh – ngành ngân hàng 2022 do VnEconomy bình chọn,The sentiment for[TGT] in the given sentence isNEUTRAL .,NEUTRAL,,,,,/home/huylkq/repos/nlp/FinABSA-Valid/MODEL/FinABSA,Target,ok
065ff60ec805c4d6_00,065ff60ec805c4d6,https://cafef.vn/bien-ban-cuoc-hop-thang-9-cua-fed-duoc-cong-bo-nhtw-co-the-tiep-tuc-tang-lai-suat-them-075-20221013105033832.chn,2022-10-13T10:50:49,,NHTW,NHTW,"Biên bản cuộc họp tháng 9 của Fed được công bố: NHTW có thể tiếp tục tăng lãi suất thêm 0,75%","Biên bản cuộc họp tháng 9 của Fed được công bố: Target có thể tiếp tục tăng lãi suất thêm 0,75%","Biên bản cuộc họp tháng 9 của Fed được công bố: Target có thể tiếp tục tăng lãi suất thêm 0,75%",The sentiment for[TGT] in the given sentence isNEUTRAL .,NEUTRAL,,,,,/home/huylkq/repos/nlp/FinABSA-Valid/MODEL/FinABSA,Target,ok
329ae0103c096ce4_00,329ae0103c096ce4,https://cafef.vn/vndirect-ra-mat-ung-dung-dau-tu-chung-khoan-chuyen-biet-moi-dstock-20221013084549005.chn,2022-10-13T08:00:00,2022-10-13T08:46:55+07:00,VND,VND,VNDIRECT ra mắt ứng dụng đầu tư chứng khoán chuyên biệt mới: DStock,TargetIRECT ra mắt ứng dụng đầu tư chứng khoán chuyên biệt mới: DStock,TargetIRECT ra mắt ứng dụng đầu tư chứng khoán chuyên biệt mới: DStock,The sentiment for[TGT] in the given sentence isNEUTRAL .,NEUTRAL,,,,,/home/huylkq/repos/nlp/FinABSA-Valid/MODEL/FinABSA,Target,ok
23eea1a14416a02b_00,23eea1a14416a02b,https://cafef.vn/thi-truong-mo-ra-co-hoi-lon-voi-muc-dinh-gia-hap-dan-nhat-trong-vong-10-nam-chuyen-gia-csi-khuyen-nghi-nhung-nhom-co-phieu-tiem-nang-20221012222821378.chn,2022-10-13T08:00:00,2022-10-13T14:33:06+07:00,CSI,CSI,"Thị trường mở ra cơ hội lớn với mức định giá hấp dẫn nhất trong vòng 10 năm, chuyên gia CSI khuyến nghị những nhóm cổ phiếu tiềm năng","Thị trường mở ra cơ hội lớn với mức định giá hấp dẫn nhất trong vòng 10 năm, chuyên gia Target khuyến nghị những nhóm cổ phiếu tiềm năng","Thị trường mở ra cơ hội lớn với mức định giá hấp dẫn nhất trong vòng 10 năm, chuyên gia Target khuyến nghị những nhóm cổ phiếu tiềm năng",The sentiment for[TGT] in the given sentence isNEUTRAL .,NEUTRAL,,,,,/home/huylkq/repos/nlp/FinABSA-Valid/MODEL/FinABSA,Target,ok
567a08c565479290_00,567a08c565479290,https://cafef.vn/giam-doc-cbre-hon-50-nha-dau-tu-dang-mac-ket-luc-nay-20221013063430983.chn,2022-10-13T06:34:00,2022-10-13T09:51:54+07:00,CBRE,CBRE,Giám đốc CBRE: Hơn 50% nhà đầu tư đang “mắc kẹt” lúc này,Giám đốc Target: Hơn 50% nhà đầu tư đang “mắc kẹt” lúc này,Giám đốc Target: Hơn 50% nhà đầu tư đang “mắc kẹt” lúc này,The sentiment for[TGT] in the given sentence isNEUTRAL .,NEUTRAL,,,,,/home/huylkq/repos/nlp/FinABSA-Valid/MODEL/FinABSA,Target,ok
9ed923ac23f4593b_00,9ed923ac23f4593b,https://cafef.vn/vcbs-vn-index-se-kho-roi-xuong-duoi-vung-1000-diem-trong-quy-4-20221012214529323.chn,2022-10-13T05:02:00,,VCB,VCB,VCBS: VN-Index sẽ khó rơi xuống dưới vùng 1.000 điểm trong quý 4,TargetS: VN-Index sẽ khó rơi xuống dưới vùng 1.000 điểm trong quý 4,TargetS: VN-Index sẽ khó rơi xuống dưới vùng 1.000 điểm trong quý 4,The sentiment for[TGT] in the given sentence isNEUTRAL .,NEUTRAL,,,,,/home/huylkq/repos/nlp/FinABSA-Valid/MODEL/FinABSA,Target,ok
9ed923ac23f4593b_01,9ed923ac23f4593b,https://cafef.vn/vcbs-vn-index-se-kho-roi-xuong-duoi-vung-1000-diem-trong-quy-4-20221012214529323.chn,2022-10-13T05:02:00,,VCBS,VCBS,VCBS: VN-Index sẽ khó rơi xuống dưới vùng 1.000 điểm trong quý 4,Target: VN-Index sẽ khó rơi xuống dưới vùng 1.000 điểm trong quý 4,Target: VN-Index sẽ khó rơi xuống dưới vùng 1.000 điểm trong quý 4,The sentiment for[TGT] in the given sentence isNEUTRAL .,NEUTRAL,,,,,/home/huylkq/repos/nlp/FinABSA-Valid/MODEL/FinABSA,Target,ok
1656c1502300636c_00,1656c1502300636c,https://cafef.vn/chu-tich-dig-2-nam-toi-tang-von-len-10000-ty-se-mua-vao-co-phieu-neu-duoi-30000-dong-2022101221403113.chn,2022-10-12T21:43:11,,DIG,DIG,"Chủ tịch DIG: 2 năm tới tăng vốn lên 10.000 tỷ, sẽ mua vào cổ phiếu nếu dưới 30.000 đồng","Chủ tịch Target: 2 năm tới tăng vốn lên 10.000 tỷ, sẽ mua vào cổ phiếu nếu dưới 30.000 đồng","Chủ tịch Target: 2 năm tới tăng vốn lên 10.000 tỷ, sẽ mua vào cổ phiếu nếu dưới 30.000 đồng",The sentiment for[TGT] in the given sentence isNEUTRAL .,NEUTRAL,,,,,/home/huylkq/repos/nlp/FinABSA-Valid/MODEL/FinABSA,Target,ok
cff0dcaaa91ceaa9_00,cff0dcaaa91ceaa9,https://cafef.vn/hagl-bac-bo-tin-don-tieu-cuc-truoc-da-ban-thao-ai-nu-doan-hoang-anh-dang-ky-mua-1-trieu-co-phieu-20221012205345991.chn,2022-10-12T20:54:35,2022-10-12T21:20:36+07:00,HAG,HAG,"HAGL bác bỏ tin đồn tiêu cực trước đà bán tháo, con gái bầu Đức đăng ký mua 1 triệu cổ phiếu","TargetL bác bỏ tin đồn tiêu cực trước đà bán tháo, con gái bầu Đức đăng ký mua 1 triệu cổ phiếu","TargetL bác bỏ tin đồn tiêu cực trước đà bán tháo, con gái bầu Đức đăng ký mua 1 triệu cổ phiếu",The sentiment for[TGT] in the given sentence isNEUTRAL .,NEUTRAL,,,,,/home/huylkq/repos/nlp/FinABSA-Valid/MODEL/FinABSA,Target,ok
cff0dcaaa91ceaa9_01,cff0dcaaa91ceaa9,https://cafef.vn/hagl-bac-bo-tin-don-tieu-cuc-truoc-da-ban-thao-ai-nu-doan-hoang-anh-dang-ky-mua-1-trieu-co-phieu-20221012205345991.chn,2022-10-12T20:54:35,2022-10-12T21:20:36+07:00,HAGL,HAGL,"HAGL bác bỏ tin đồn tiêu cực trước đà bán tháo, con gái bầu Đức đăng ký mua 1 triệu cổ phiếu","Target bác bỏ tin đồn tiêu cực trước đà bán tháo, con gái bầu Đức đăng ký mua 1 triệu cổ phiếu","Target bác bỏ tin đồn tiêu cực trước đà bán tháo, con gái bầu Đức đăng ký mua 1 triệu cổ phiếu",The sentiment for[TGT] in the given sentence isNEUTRAL .,NEUTRAL,,,,,/home/huylkq/repos/nlp/FinABSA-Valid/MODEL/FinABSA,Target,ok
b76b06de9e313e05_00,b76b06de9e313e05,https://cafef.vn/tkv-dat-doanh-thu-ky-luc-122000-ti-dong-trong-9-thang-nam-2022-20221012202505322.chn,2022-10-12T20:25:17,,TKV,TKV,TKV đạt doanh thu kỷ lục 122.000 tỉ đồng trong 9 tháng năm 2022,Target đạt doanh thu kỷ lục 122.000 tỉ đồng trong 9 tháng năm 2022,Target đạt doanh thu kỷ lục 122.000 tỉ đồng trong 9 tháng năm 2022,The sentiment for[TGT] in the given sentence isNEUTRAL .,NEUTRAL,,,,,/home/huylkq/repos/nlp/FinABSA-Valid/MODEL/FinABSA,Target,ok
90504e187f50abbf_00,90504e187f50abbf,https://cafef.vn/chu-nhiem-uy-ban-kiem-tra-tu-xu-ly-nghiem-dang-vien-vi-pham-trong-vu-an-viet-a-flc-aic-20221012202305858.chn,2022-10-12T20:23:17,,FLC,FLC,"Chủ nhiệm Ủy ban Kiểm tra TƯ: Xử lý nghiêm đảng viên vi phạm trong vụ án Việt Á, FLC, AIC","Chủ nhiệm Ủy ban Kiểm tra TƯ: Xử lý nghiêm đảng viên vi phạm trong vụ án Việt Á, Target, Other","Chủ nhiệm Ủy ban Kiểm tra TƯ: Xử lý nghiêm đảng viên vi phạm trong vụ án Việt Á, Target, Other",The sentiment for[TGT] in the given sentence isNEUTRAL .,NEUTRAL,,,,,/home/huylkq/repos/nlp/FinABSA-Valid/MODEL/FinABSA,Target,ok
90504e187f50abbf_01,90504e187f50abbf,https://cafef.vn/chu-nhiem-uy-ban-kiem-tra-tu-xu-ly-nghiem-dang-vien-vi-pham-trong-vu-an-viet-a-flc-aic-20221012202305858.chn,2022-10-12T20:23:17,,AIC,AIC,"Chủ nhiệm Ủy ban Kiểm tra TƯ: Xử lý nghiêm đảng viên vi phạm trong vụ án Việt Á, FLC, AIC","Chủ nhiệm Ủy ban Kiểm tra TƯ: Xử lý nghiêm đảng viên vi phạm trong vụ án Việt Á, Other, Target","Chủ nhiệm Ủy ban Kiểm tra TƯ: Xử lý nghiêm đảng viên vi phạm trong vụ án Việt Á, Other, Target",The sentiment for[TGT] in the given sentence isNEGATIVE .,NEGATIVE,,,,,/home/huylkq/repos/nlp/FinABSA-Valid/MODEL/FinABSA,Target,ok
7d1ae42d5ae7be5e_00,7d1ae42d5ae7be5e,https://cafef.vn/mat-kha-nang-thanh-toan-lai-cho-nguoi-mua-trai-phieu-dn-niem-yet-lien-quan-nhom-louis-giai-trinh-gi-20221012182228435.chn,2022-10-12T18:26:01,2022-10-12T18:26:30+07:00,DN,DN,"Mất khả năng thanh toán lãi cho người mua trái phiếu, DN niêm yết liên quan nhóm Louis giải trình gì?","Mất khả năng thanh toán lãi cho người mua trái phiếu, Target niêm yết liên quan nhóm Louis giải trình gì?","Mất khả năng thanh toán lãi cho người mua trái phiếu, Target niêm yết liên quan nhóm Louis giải trình gì?",The sentiment for[TGT] in the given sentence isNEUTRAL .,NEUTRAL,,,,,/home/huylkq/repos/nlp/FinABSA-Valid/MODEL/FinABSA,Target,ok
5e33ad89deb4ab70_00,5e33ad89deb4ab70,https://cafef.vn/webinar-ung-dung-hop-dong-lao-dong-dien-tu-cho-doanh-nghiep-cung-fptecontract-20221012153651953.chn,2022-10-12T17:30:00,,FPT,FPT,Webinar ứng dụng hợp đồng lao động điện tử cho doanh nghiệp cùng FPT.eContract,Webinar ứng dụng hợp đồng lao động điện tử cho doanh nghiệp cùng Target.eContract,Webinar ứng dụng hợp đồng lao động điện tử cho doanh nghiệp cùng Target.eContract,The sentiment for[TGT] in the given sentence isNEUTRAL .,NEUTRAL,,,,,/home/huylkq/repos/nlp/FinABSA-Valid/MODEL/FinABSA,Target,ok
bd64b119ca450bc7_00,bd64b119ca450bc7,https://cafef.vn/flc-se-phat-hanh-bao-cao-tai-chinh-kiem-toan-nam-2021-vao-cuoi-thang-10-2022-20221012141613927.chn,2022-10-12T14:16:59,,FLC,FLC,FLC sẽ phát hành báo cáo tài chính kiểm toán năm 2021 vào cuối tháng 10/2022,Target sẽ phát hành báo cáo tài chính kiểm toán năm 2021 vào cuối tháng 10/2022,Target sẽ phát hành báo cáo tài chính kiểm toán năm 2021 vào cuối tháng 10/2022,The sentiment for[TGT] in the given sentence isNEUTRAL .,NEUTRAL,,,,,/home/huylkq/repos/nlp/FinABSA-Valid/MODEL/FinABSA,Target,ok
4dc9ac5d25270b61_00,4dc9ac5d25270b61,https://cafef.vn/scb-cong-them-05-lai-suat-cho-nguoi-dan-den-gui-tien-tai-quay-lai-suat-cao-nhat-toi-gan-94-nam-20221012141001723.chn,2022-10-12T14:10:00,2022-10-12T20:35:59+07:00,SCB,SCB,"SCB cộng thêm 0,5% lãi suất cho người dân đến gửi tiền tại quầy, lãi suất cao nhất tới gần 9%/năm","Target cộng thêm 0,5% lãi suất cho người dân đến gửi tiền tại quầy, lãi suất cao nhất tới gần 9%/năm","Target cộng thêm 0,5% lãi suất cho người dân đến gửi tiền tại quầy, lãi suất cao nhất tới gần 9%/năm",The sentiment for[TGT] in the given sentence isNEUTRAL .,NEUTRAL,,,,,/home/huylkq/repos/nlp/FinABSA-Valid/MODEL/FinABSA,Target,ok
cbfc2d6885f003be_00,cbfc2d6885f003be,https://cafef.vn/nghich-ly-nganh-thep-loi-nhuan-bi-tham-mot-dn-lon-dung-lo-cao-va-cho-cong-nhan-nghi-viec-co-phieu-lai-bat-ngo-suyt-tran-20221012124514707.chn,2022-10-12T12:45:54,2022-10-12T12:46:28+07:00,DN,DN,"Nghịch lý ngành thép: Lợi nhuận bi thảm, một DN lớn dừng lò cao và cho công nhân nghỉ việc, cổ phiếu lại bất ngờ ""suýt"" trần","Nghịch lý ngành thép: Lợi nhuận bi thảm, một Target lớn dừng lò cao và cho công nhân nghỉ việc, cổ phiếu lại bất ngờ ""suýt"" trần","Nghịch lý ngành thép: Lợi nhuận bi thảm, một Target lớn dừng lò cao và cho công nhân nghỉ việc, cổ phiếu lại bất ngờ ""suýt"" trần",The sentiment for[TGT] in the given sentence isNEGATIVE .,NEGATIVE,,,,,/home/huylkq/repos/nlp/FinABSA-Valid/MODEL/FinABSA,Target,ok
92c3efdfbb6bba55_00,92c3efdfbb6bba55,https://cafef.vn/bat-chap-su-so-hai-bao-trum-thi-truong-ong-biden-van-khong-tin-suy-thoai-xay-ra-noi-nguoi-dan-my-khong-can-chuan-bi-20221012113521195.chn,2022-10-12T11:35:32,,BID,Bid,"Bất chấp sự sợ hãi bao trùm thị trường, ông Biden vẫn không tin suy thoái xảy ra, nói người dân Mỹ không cần chuẩn bị","Bất chấp sự sợ hãi bao trùm thị trường, ông Targeten vẫn không tin suy thoái xảy ra, nói người dân Mỹ không cần chuẩn bị","Bất chấp sự sợ hãi bao trùm thị trường, ông Targeten vẫn không tin suy thoái xảy ra, nói người dân Mỹ không cần chuẩn bị",The sentiment for[TGT] in the given sentence isNEGATIVE .,NEGATIVE,,,,,/home/huylkq/repos/nlp/FinABSA-Valid/MODEL/FinABSA,Target,ok
d30810f5846cb1f8_00,d30810f5846cb1f8,https://cafef.vn/scb-phu-nhan-tin-don-sai-su-that-ve-cac-thanh-vien-ban-kiem-soat-ban-dieu-hanh-cua-ngan-hang-20221012105736727.chn,2022-10-12T10:57:00,2022-10-12T15:27:17+07:00,SCB,SCB,SCB phủ nhận tin đồn sai sự thật về các thành viên Ban Kiểm soát & Ban Điều hành của Ngân hàng,Target phủ nhận tin đồn sai sự thật về các thành viên Ban Kiểm soát & Ban Điều hành của Ngân hàng,Target phủ nhận tin đồn sai sự thật về các thành viên Ban Kiểm soát & Ban Điều hành của Ngân hàng,The sentiment for[TGT] in the given sentence isNEUTRAL .,NEUTRAL,,,,,/home/huylkq/repos/nlp/FinABSA-Valid/MODEL/FinABSA,Target,ok
b8df25c2cd3a8bb0_00,b8df25c2cd3a8bb0,https://cafef.vn/doi-thu-cua-bau-duc-chu-tich-baf-vua-khoe-heo-an-chay-doc-quyen-co-phieu-tang-tran-lien-tuc-bat-chap-thi-truong-chung-do-lua-20221012105117574.chn,2022-10-12T10:52:53,,BAF,BAF,"""Đối thủ"" của bầu Đức - Chủ tịch BAF vừa khoe “heo ăn chay” độc quyền, cổ phiếu tăng trần liên tục bất chấp thị trường chung đỏ lửa","""Đối thủ"" của bầu Đức - Chủ tịch Target vừa khoe “heo ăn chay” độc quyền, cổ phiếu tăng trần liên tục bất chấp thị trường chung đỏ lửa","""Đối thủ"" của bầu Đức - Chủ tịch Target vừa khoe “heo ăn chay” độc quyền, cổ phiếu tăng trần liên tục bất chấp thị trường chung đỏ lửa",The sentiment for[TGT] in the given sentence isNEUTRAL .,NEUTRAL,,,,,/home/huylkq/repos/nlp/FinABSA-Valid/MODEL/FinABSA,Target,ok
405cb798ca89188d_00,405cb798ca89188d,https://cafef.vn/vib-giam-lai-suat-den-15-nam-cho-khach-hang-vay-kinh-doanh-20221012102912301.chn,2022-10-12T10:29:22,,VIB,VIB,"VIB giảm lãi suất đến 1,5%/năm cho khách hàng vay kinh doanh","Target giảm lãi suất đến 1,5%/năm cho khách hàng vay kinh doanh","Target giảm lãi suất đến 1,5%/năm cho khách hàng vay kinh doanh",The sentiment for[TGT] in the given sentence isNEGATIVE .,NEGATIVE,,,,,/home/huylkq/repos/nlp/FinABSA-Valid/MODEL/FinABSA,Target,ok
cb620ce306f69a80_00,cb620ce306f69a80,https://cafef.vn/co-phieu-cong-nghe-gap-kho-truoc-xu-huong-tang-lai-suat-fpt-lieu-co-ngoai-le-20221012095834552.chn,2022-10-12T10:00:52,2022-10-12T10:01:16+07:00,FPT,FPT,"Cổ phiếu công nghệ gặp khó trước xu hướng tăng lãi suất, FPT liệu có ngoại lệ?","Cổ phiếu công nghệ gặp khó trước xu hướng tăng lãi suất, Target liệu có ngoại lệ?","Cổ phiếu công nghệ gặp khó trước xu hướng tăng lãi suất, Target liệu có ngoại lệ?",The sentiment for[TGT] in the given sentence isNEUTRAL .,NEUTRAL,,,,,/home/huylkq/repos/nlp/FinABSA-Valid/MODEL/FinABSA,Target,ok
fe6f6f4806cd5ebd_00,fe6f6f4806cd5ebd,https://cafef.vn/vndirect-gan-60000-ty-dong-trai-phieu-doanh-nghiep-se-dao-han-trong-quy-4-nhom-bat-dong-san-chiem-hon-1-3-20221012093600298.chn,2022-10-12T09:36:00,2022-10-14T15:43:57+07:00,VND,VND,"VNDIRECT: Gần 60.000 tỷ đồng trái phiếu doanh nghiệp sẽ đáo hạn trong quý 4, nhóm Bất động sản chiếm hơn 1/3","TargetIRECT: Gần 60.000 tỷ đồng trái phiếu doanh nghiệp sẽ đáo hạn trong quý 4, nhóm Bất động sản chiếm hơn 1/3","TargetIRECT: Gần 60.000 tỷ đồng trái phiếu doanh nghiệp sẽ đáo hạn trong quý 4, nhóm Bất động sản chiếm hơn 1/3",The sentiment for[TGT] in the given sentence isNEUTRAL .,NEUTRAL,,,,,/home/huylkq/repos/nlp/FinABSA-Valid/MODEL/FinABSA,Target,ok
69072f7be50de6a4_00,69072f7be50de6a4,https://cafef.vn/nhung-loi-the-dau-tu-hap-dan-tai-shophouse-dic-victory-city-hau-giang-20221011203724111.chn,2022-10-12T08:00:00,,VIC,Vic,Những lợi thế đầu tư hấp dẫn tại Shophouse DIC Victory City Hậu Giang,Những lợi thế đầu tư hấp dẫn tại Shophouse Other Targettory City Hậu Giang,Những lợi thế đầu tư hấp dẫn tại Shophouse Other Targettory City Hậu Giang,The sentiment for[TGT] in the given sentence isNEUTRAL .,NEUTRAL,,,,,/home/huylkq/repos/nlp/FinABSA-Valid/MODEL/FinABSA,Target,ok
69072f7be50de6a4_01,69072f7be50de6a4,https://cafef.vn/nhung-loi-the-dau-tu-hap-dan-tai-shophouse-dic-victory-city-hau-giang-20221011203724111.chn,2022-10-12T08:00:00,,DIC,DIC,Những lợi thế đầu tư hấp dẫn tại Shophouse DIC Victory City Hậu Giang,Những lợi thế đầu tư hấp dẫn tại Shophouse Target Othertory City Hậu Giang,Những lợi thế đầu tư hấp dẫn tại Shophouse Target Othertory City Hậu Giang,The sentiment for[TGT] in the given sentence isNEUTRAL .,NEUTRAL,,,,,/home/huylkq/repos/nlp/FinABSA-Valid/MODEL/FinABSA,Target,ok
991a3caa2223cb9c_00,991a3caa2223cb9c,https://cafef.vn/vinacapital-loi-nhuan-dn-viet-nam-vuot-troi-so-voi-khu-vuc-sap-co-mot-so-thuong-vu-lon-20221011215542943.chn,2022-10-12T00:02:00,2022-10-12T10:05:21+07:00,ITA,ita,"VinaCapital: Lợi nhuận DN Việt Nam vượt trội so với khu vực, sắp có một số thương vụ lớn","VinaCapTargetl: Lợi nhuận Other Việt Nam vượt trội so với khu vực, sắp có một số thương vụ lớn","VinaCapTargetl: Lợi nhuận Other Việt Nam vượt trội so với khu vực, sắp có một số thương vụ lớn",The sentiment for[TGT] in the given sentence isNEUTRAL .,NEUTRAL,,,,,/home/huylkq/repos/nlp/FinABSA-Valid/MODEL/FinABSA,Target,ok
991a3caa2223cb9c_01,991a3caa2223cb9c,https://cafef.vn/vinacapital-loi-nhuan-dn-viet-nam-vuot-troi-so-voi-khu-vuc-sap-co-mot-so-thuong-vu-lon-20221011215542943.chn,2022-10-12T00:02:00,2022-10-12T10:05:21+07:00,DN,DN,"VinaCapital: Lợi nhuận DN Việt Nam vượt trội so với khu vực, sắp có một số thương vụ lớn","VinaCapOtherl: Lợi nhuận Target Việt Nam vượt trội so với khu vực, sắp có một số thương vụ lớn","VinaCapOtherl: Lợi nhuận Target Việt Nam vượt trội so với khu vực, sắp có một số thương vụ lớn",The sentiment for[TGT] in the given sentence isNEUTRAL .,NEUTRAL,,,,,/home/huylkq/repos/nlp/FinABSA-Valid/MODEL/FinABSA,Target,ok
6dba9f209979bde5_00,6dba9f209979bde5,https://cafef.vn/ssi-du-bao-loi-nhuan-ngan-hang-tang-manh-trong-quy-iii-co-nha-bang-lai-gap-doi-cung-ky-20221011215841985.chn,2022-10-11T21:58:00,2022-10-11T23:14:27+07:00,SSI,SSI,"SSI dự báo lợi nhuận nhiều ngân hàng tăng mạnh trong quý III, có nhà băng lãi gấp đôi cùng kỳ","Target dự báo lợi nhuận nhiều ngân hàng tăng mạnh trong quý Other, có nhà băng lãi gấp đôi cùng kỳ","Target dự báo lợi nhuận nhiều ngân hàng tăng mạnh trong quý Other, có nhà băng lãi gấp đôi cùng kỳ",The sentiment for[TGT] in the given sentence isNEUTRAL .,NEUTRAL,,,,,/home/huylkq/repos/nlp/FinABSA-Valid/MODEL/FinABSA,Target,ok
6dba9f209979bde5_01,6dba9f209979bde5,https://cafef.vn/ssi-du-bao-loi-nhuan-ngan-hang-tang-manh-trong-quy-iii-co-nha-bang-lai-gap-doi-cung-ky-20221011215841985.chn,2022-10-11T21:58:00,2022-10-11T23:14:27+07:00,III,III,"SSI dự báo lợi nhuận nhiều ngân hàng tăng mạnh trong quý III, có nhà băng lãi gấp đôi cùng kỳ","Other dự báo lợi nhuận nhiều ngân hàng tăng mạnh trong quý Target, có nhà băng lãi gấp đôi cùng kỳ","Other dự báo lợi nhuận nhiều ngân hàng tăng mạnh trong quý Target, có nhà băng lãi gấp đôi cùng kỳ",The sentiment for[TGT] in the given sentence isNEUTRAL .,NEUTRAL,,,,,/home/huylkq/repos/nlp/FinABSA-Valid/MODEL/FinABSA,Target,ok
dea87d77623c1935_00,dea87d77623c1935,https://cafef.vn/novagroup-dang-ky-mua-8-trieu-co-phieu-nvl-2022101120043611.chn,2022-10-11T20:04:44,,NVL,NVL,NovaGroup đăng ký mua 8 triệu cổ phiếu NVL,NovaGroup đăng ký mua 8 triệu cổ phiếu Target,NovaGroup đăng ký mua 8 triệu cổ phiếu Target,The sentiment for[TGT] in the given sentence isNEUTRAL .,NEUTRAL,,,,,/home/huylkq/repos/nlp/FinABSA-Valid/MODEL/FinABSA,Target,ok
57cbd6e720fba7a4_00,57cbd6e720fba7a4,https://cafef.vn/thi-truong-trai-phieu-lai-bien-dong-bat-thuong-nhtw-anh-phai-ra-tay-can-thiep-2022101115265803.chn,2022-10-11T19:22:50,2022-10-11T19:23:30+07:00,NHTW,NHTW,"Thị trường trái phiếu lại biến động bất thường, NHTW Anh phải ra tay can thiệp","Thị trường trái phiếu lại biến động bất thường, Target Anh phải ra tay can thiệp","Thị trường trái phiếu lại biến động bất thường, Target Anh phải ra tay can thiệp",The sentiment for[TGT] in the given sentence isNEUTRAL .,NEUTRAL,,,,,/home/huylkq/repos/nlp/FinABSA-Valid/MODEL/FinABSA,Target,ok
639a9cc52d97943d_00,639a9cc52d97943d,https://cafef.vn/chuyen-gia-vdsc-lich-su-chung-minh-du-mua-tai-dinh-hay-day-neu-dau-tu-co-phieu-deu-dan-moi-thang-se-co-loi-suat-vuot-troi-trong-dai-han-20221011154126254.chn,2022-10-11T19:05:00,,VDSC,VDSC,"Chuyên gia VDSC: Lịch sử chứng minh dù mua tại đỉnh hay đáy, nếu đầu tư cổ phiếu đều đặn mỗi tháng sẽ có lợi suất vượt trội trong dài hạn","Chuyên gia Target: Lịch sử chứng minh dù mua tại đỉnh hay đáy, nếu đầu tư cổ phiếu đều đặn mỗi tháng sẽ có lợi suất vượt trội trong dài hạn","Chuyên gia Target: Lịch sử chứng minh dù mua tại đỉnh hay đáy, nếu đầu tư cổ phiếu đều đặn mỗi tháng sẽ có lợi suất vượt trội trong dài hạn",The sentiment for[TGT] in the given sentence isNEUTRAL .,NEUTRAL,,,,,/home/huylkq/repos/nlp/FinABSA-Valid/MODEL/FinABSA,Target,ok
c15bb89bd9e806ed_00,c15bb89bd9e806ed,https://cafef.vn/sau-khi-giai-trinh-ly-do-tang-tran-5-phien-lec-lai-bi-hose-yeu-cau-giai-trinh-ly-do-giam-san-5-phien-20221011161823261.chn,2022-10-11T16:40:24,2022-10-11T16:40:45+07:00,LEC,LEC,"Sau khi giải trình lý do tăng trần 5 phiên, LEC lại bị HoSE yêu cầu giải trình lý do giảm sàn 5 phiên","Sau khi giải trình lý do tăng trần 5 phiên, Target lại bị HoSE yêu cầu giải trình lý do giảm sàn 5 phiên","Sau khi giải trình lý do tăng trần 5 phiên, Target lại bị HoSE yêu cầu giải trình lý do giảm sàn 5 phiên",The sentiment for[TGT] in the given sentence isNEUTRAL .,NEUTRAL,,,,,/home/huylkq/repos/nlp/FinABSA-Valid/MODEL/FinABSA,Target,ok
799877cbe627c596_00,799877cbe627c596,https://cafef.vn/evn-muon-tham-gia-con-sot-dien-gio-ngoai-khoi-2022101113483082.chn,2022-10-11T15:42:00,,EVN,EVN,"EVN muốn tham gia ""cơn sốt"" điện gió ngoài khơi","Target muốn tham gia ""cơn sốt"" điện gió ngoài khơi","Target muốn tham gia ""cơn sốt"" điện gió ngoài khơi",The sentiment for[TGT] in the given sentence isNEUTRAL .,NEUTRAL,,,,,/home/huylkq/repos/nlp/FinABSA-Valid/MODEL/FinABSA,Target,ok
91b896e46f1dc69f_00,91b896e46f1dc69f,https://cafef.vn/kbsv-tiep-nhan-giai-thuong-enterprise-asia-va-lot-top-10-thi-phan-hnx-20221011121320933.chn,2022-10-11T15:30:00,,KBSV,KBSV,KBSV tiếp nhận giải thưởng Enterprise Asia và lọt Top 10 thị phần HNX,Target tiếp nhận giải thưởng Enterprise Asia và lọt Top 10 thị phần HNX,Target tiếp nhận giải thưởng Enterprise Asia và lọt Top 10 thị phần HNX,The sentiment for[TGT] in the given sentence isNEUTRAL .,NEUTRAL,,,,,/home/huylkq/repos/nlp/FinABSA-Valid/MODEL/FinABSA,Target,ok
44dff334b1d15e48_00,44dff334b1d15e48,https://cafef.vn/opec-cat-giam-san-luong-se-anh-huong-nhu-the-nao-den-gia-xang-dau-lam-phat-20221011143948101.chn,2022-10-11T15:27:24,,OPEC,OPEC,"OPEC+ cắt giảm sản lượng sẽ ảnh hưởng như thế nào đến giá xăng dầu, lạm phát?","Target+ cắt giảm sản lượng sẽ ảnh hưởng như thế nào đến giá xăng dầu, lạm phát?","Target+ cắt giảm sản lượng sẽ ảnh hưởng như thế nào đến giá xăng dầu, lạm phát?",The sentiment for[TGT] in the given sentence isNEUTRAL .,NEUTRAL,,,,,/home/huylkq/repos/nlp/FinABSA-Valid/MODEL/FinABSA,Target,ok
b39f7e985acceecd_00,b39f7e985acceecd,https://cafef.vn/gia-xang-dau-giam-ve-muc-thap-nhat-tu-dau-nam-pv-oil-uoc-tinh-doanh-thu-quy-3-van-tang-81-so-voi-cung-ky-20221011135030269.chn,2022-10-11T14:00:48,,OIL,OIL,"Giá xăng dầu giảm về mức thấp nhất từ đầu năm, PV OIL ước tính doanh thu quý 3 vẫn tăng 81% so với cùng kỳ","Giá xăng dầu giảm về mức thấp nhất từ đầu năm, PV Target ước tính doanh thu quý 3 vẫn tăng 81% so với cùng kỳ","Giá xăng dầu giảm về mức thấp nhất từ đầu năm, PV Target ước tính doanh thu quý 3 vẫn tăng 81% so với cùng kỳ",The sentiment for[TGT] in the given sentence isNEUTRAL .,NEUTRAL,,,,,/home/huylkq/repos/nlp/FinABSA-Valid/MODEL/FinABSA,Target,ok
f07abe7a8911e7fa_00,f07abe7a8911e7fa,https://cafef.vn/doanh-nghiep-xuat-sac-chau-a-2022-goi-ten-nova-service-20221011111215646.chn,2022-10-11T13:30:00,,VIC,vic,“Doanh nghiệp xuất sắc châu Á” 2022 gọi tên Nova Service,“Doanh nghiệp xuất sắc châu Á” 2022 gọi tên Nova SerTargete,“Doanh nghiệp xuất sắc châu Á” 2022 gọi tên Nova SerTargete,The sentiment for[TGT] in the given sentence isNEUTRAL .,NEUTRAL,,,,,/home/huylkq/repos/nlp/FinABSA-Valid/MODEL/FinABSA,Target,ok
4e9f70603b3e5d57_00,4e9f70603b3e5d57,https://cafef.vn/bo-khdt-de-xuat-8-giai-phap-day-nhanh-giai-ngan-von-dau-tu-cong-20221011063420506.chn,2022-10-11T11:30:00,,KH,KH,Bộ KH&ĐT đề xuất 8 giải pháp đẩy nhanh giải ngân vốn đầu tư công,Bộ Target&ĐT đề xuất 8 giải pháp đẩy nhanh giải ngân vốn đầu tư công,Bộ Target&ĐT đề xuất 8 giải pháp đẩy nhanh giải ngân vốn đầu tư công,The sentiment for[TGT] in the given sentence isNEUTRAL .,NEUTRAL,,,,,/home/huylkq/repos/nlp/FinABSA-Valid/MODEL/FinABSA,Target,ok
e2d77f9d568f21a7_00,e2d77f9d568f21a7,https://cafef.vn/doanh-nghiep-ban-gas-lai-quy-3-gap-125-lan-cung-ky-co-phieu-van-troi-ve-vung-day-14-thang-2022101111014441.chn,2022-10-11T11:03:24,2022-10-11T11:03:51+07:00,GAS,gas,"Doanh nghiệp bán gas lãi quý 3 gấp 12,5 lần cùng kỳ, cổ phiếu vẫn ""trôi"" về vùng đáy 14 tháng","Doanh nghiệp bán Target lãi quý 3 gấp 12,5 lần cùng kỳ, cổ phiếu vẫn ""trôi"" về vùng đáy 14 tháng","Doanh nghiệp bán Target lãi quý 3 gấp 12,5 lần cùng kỳ, cổ phiếu vẫn ""trôi"" về vùng đáy 14 tháng",The sentiment for[TGT] in the given sentence isNEUTRAL .,NEUTRAL,,,,,/home/huylkq/repos/nlp/FinABSA-Valid/MODEL/FinABSA,Target,ok
99597cb9ad60c55f_00,99597cb9ad60c55f,https://cafef.vn/ssi-du-bao-kqkd-quy-3-2022-hau-het-dn-tang-truong-manh-tu-muc-nen-thap-rieng-hoa-phat-du-giam-80-va-cham-day-loi-nhuan-20221011090446526.chn,2022-10-11T09:05:40,,SSI,SSI,"SSI dự báo KQKD quý 3/2022: Hầu hết DN tăng trưởng mạnh từ mức nền thấp, riêng Hoà Phát dự giảm 80% và chạm đáy lợi nhuận","Target dự báo Other quý 3/2022: Hầu hết Other tăng trưởng mạnh từ mức nền thấp, riêng Hoà Phát dự giảm 80% và chạm đáy lợi nhuận","Target dự báo Other quý 3/2022: Hầu hết Other tăng trưởng mạnh từ mức nền thấp, riêng Hoà Phát dự giảm 80% và chạm đáy lợi nhuận",The sentiment for[TGT] in the given sentence isNEUTRAL .,NEUTRAL,,,,,/home/huylkq/repos/nlp/FinABSA-Valid/MODEL/FinABSA,Target,ok
99597cb9ad60c55f_01,99597cb9ad60c55f,https://cafef.vn/ssi-du-bao-kqkd-quy-3-2022-hau-het-dn-tang-truong-manh-tu-muc-nen-thap-rieng-hoa-phat-du-giam-80-va-cham-day-loi-nhuan-20221011090446526.chn,2022-10-11T09:05:40,,KQKD,KQKD,"SSI dự báo KQKD quý 3/2022: Hầu hết DN tăng trưởng mạnh từ mức nền thấp, riêng Hoà Phát dự giảm 80% và chạm đáy lợi nhuận","Other dự báo Target quý 3/2022: Hầu hết Other tăng trưởng mạnh từ mức nền thấp, riêng Hoà Phát dự giảm 80% và chạm đáy lợi nhuận","Other dự báo Target quý 3/2022: Hầu hết Other tăng trưởng mạnh từ mức nền thấp, riêng Hoà Phát dự giảm 80% và chạm đáy lợi nhuận",The sentiment for[TGT] in the given sentence isNEUTRAL .,NEUTRAL,,,,,/home/huylkq/repos/nlp/FinABSA-Valid/MODEL/FinABSA,Target,ok
99597cb9ad60c55f_02,99597cb9ad60c55f,https://cafef.vn/ssi-du-bao-kqkd-quy-3-2022-hau-het-dn-tang-truong-manh-tu-muc-nen-thap-rieng-hoa-phat-du-giam-80-va-cham-day-loi-nhuan-20221011090446526.chn,2022-10-11T09:05:40,,DN,DN,"SSI dự báo KQKD quý 3/2022: Hầu hết DN tăng trưởng mạnh từ mức nền thấp, riêng Hoà Phát dự giảm 80% và chạm đáy lợi nhuận","Other dự báo Other quý 3/2022: Hầu hết Target tăng trưởng mạnh từ mức nền thấp, riêng Hoà Phát dự giảm 80% và chạm đáy lợi nhuận","Other dự báo Other quý 3/2022: Hầu hết Target tăng trưởng mạnh từ mức nền thấp, riêng Hoà Phát dự giảm 80% và chạm đáy lợi nhuận",The sentiment for[TGT] in the given sentence isNEUTRAL .,NEUTRAL,,,,,/home/huylkq/repos/nlp/FinABSA-Valid/MODEL/FinABSA,Target,ok
f55d3843633de3c1_00,f55d3843633de3c1,https://cafef.vn/cau-hon-500-ty-dong-noi-lien-2-quan-o-tphcm-truoc-ngay-thong-xe-20221011070205751.chn,2022-10-11T08:42:34,,TPHCM,TPHCM,Cầu hơn 500 tỷ đồng nối liền 2 quận ở TPHCM trước ngày thông xe,Cầu hơn 500 tỷ đồng nối liền 2 quận ở Target trước ngày thông xe,Cầu hơn 500 tỷ đồng nối liền 2 quận ở Target trước ngày thông xe,The sentiment for[TGT] in the given sentence isNEUTRAL .,NEUTRAL,,,,,/home/huylkq/repos/nlp/FinABSA-Valid/MODEL/FinABSA,Target,ok
423358b3820ac6b4_00,423358b3820ac6b4,https://cafef.vn/doanh-thu-von-ven-11-ty-vi-sao-phat-dat-pdr-van-lai-rong-hang-tram-ty-dong-quy-3-20221020201636385.chn,2022-10-20T22:20:21,,PDR,PDR,"Doanh thu vỏn vẹn 11 tỷ, vì sao Phát Đạt (PDR) vẫn lãi ròng hàng trăm tỷ đồng quý 3?","Doanh thu vỏn vẹn 11 tỷ, vì sao Phát Đạt (Target) vẫn lãi ròng hàng trăm tỷ đồng quý 3?","Doanh thu vỏn vẹn 11 tỷ, vì sao Phát Đạt (Target) vẫn lãi ròng hàng trăm tỷ đồng quý 3?",The sentiment for[TGT] in the given sentence isNEUTRAL .,NEUTRAL,,,,,/home/huylkq/repos/nlp/FinABSA-Valid/MODEL/FinABSA,Target,ok
f828105ff818e8e1_00,f828105ff818e8e1,https://cafef.vn/giai-ngan-manh-vao-chung-khoan-niem-yet-loi-nhuan-sau-thue-quy-3-cua-vcsc-giam-63-20221020221253783.chn,2022-10-20T22:15:31,,VCSC,VCSC,"Giải ngân mạnh vào chứng khoán niêm yết, lợi nhuận sau thuế quý 3 của VCSC giảm 63%","Giải ngân mạnh vào chứng khoán niêm yết, lợi nhuận sau thuế quý 3 của Target giảm 63%","Giải ngân mạnh vào chứng khoán niêm yết, lợi nhuận sau thuế quý 3 của Target giảm 63%",The sentiment for[TGT] in the given sentence isNEUTRAL .,NEUTRAL,,,,,/home/huylkq/repos/nlp/FinABSA-Valid/MODEL/FinABSA,Target,ok
8e73dd3d36c45fc0_00,8e73dd3d36c45fc0,https://cafef.vn/scb-cam-ket-phoi-hop-voi-cac-don-vi-lien-quan-bao-dam-quyen-loi-hop-phap-cua-nguoi-mua-trai-phieu-20221020212626457.chn,2022-10-20T21:30:00,2022-10-22T15:44:26+07:00,SCB,SCB,"SCB cam kết phối hợp với các đơn vị liên quan, bảo đảm quyền lợi hợp pháp của người mua trái phiếu","Target cam kết phối hợp với các đơn vị liên quan, bảo đảm quyền lợi hợp pháp của người mua trái phiếu","Target cam kết phối hợp với các đơn vị liên quan, bảo đảm quyền lợi hợp pháp của người mua trái phiếu",The sentiment for[TGT] in the given sentence isNEUTRAL .,NEUTRAL,,,,,/home/huylkq/repos/nlp/FinABSA-Valid/MODEL/FinABSA,Target,ok
7b22e854e5153277_00,7b22e854e5153277,https://cafef.vn/vcsc-ky-hop-dong-vay-von-105-trieu-usd-tu-cac-dinh-che-tai-chinh-ngoai-20221020210951057.chn,2022-10-20T21:09:00,2022-10-20T21:10:06+07:00,VCSC,VCSC,VCSC ký hợp đồng vay vốn 105 triệu USD từ các định chế tài chính ngoại,Target ký hợp đồng vay vốn 105 triệu USD từ các định chế tài chính ngoại,Target ký hợp đồng vay vốn 105 triệu USD từ các định chế tài chính ngoại,The sentiment for[TGT] in the given sentence isNEUTRAL .,NEUTRAL,,,,,/home/huylkq/repos/nlp/FinABSA-Valid/MODEL/FinABSA,Target,ok
9c4d0f671eacd607_00,9c4d0f671eacd607,https://cafef.vn/cap-nhat-bctc-quy-3-chieu-20-10-techcombank-vpbank-tiep-tuc-lai-lon-nhieu-dn-sut-giam-sau-so-voi-quy-2-them-ctck-bao-giam-lai-20221020203823049.chn,2022-10-20T20:38:00,2022-10-21T09:42:06+07:00,SAB,Sab,"Hàng chục doanh nghiệp ồ ạt công bố BCTC chiều ngày 20/10: Loạt doanh nghiệp lớn TPB, LPB, Sabeco, hầu hết các công ty chứng khoán…","Hàng chục doanh nghiệp ồ ạt công bố BCTC chiều ngày 20/10: Loạt doanh nghiệp lớn Other, Other, Targeteco, hầu hết các công ty chứng khoán…","Hàng chục doanh nghiệp ồ ạt công bố BCTC chiều ngày 20/10: Loạt doanh nghiệp lớn Other, Other, Targeteco, hầu hết các công ty chứng khoán…",The sentiment for[TGT] in the given sentence isNEUTRAL .,NEUTRAL,,,,,/home/huylkq/repos/nlp/FinABSA-Valid/MODEL/FinABSA,Target,ok
9c4d0f671eacd607_01,9c4d0f671eacd607,https://cafef.vn/cap-nhat-bctc-quy-3-chieu-20-10-techcombank-vpbank-tiep-tuc-lai-lon-nhieu-dn-sut-giam-sau-so-voi-quy-2-them-ctck-bao-giam-lai-20221020203823049.chn,2022-10-20T20:38:00,2022-10-21T09:42:06+07:00,LPB,LPB,"Hàng chục doanh nghiệp ồ ạt công bố BCTC chiều ngày 20/10: Loạt doanh nghiệp lớn TPB, LPB, Sabeco, hầu hết các công ty chứng khoán…","Hàng chục doanh nghiệp ồ ạt công bố BCTC chiều ngày 20/10: Loạt doanh nghiệp lớn Other, Target, Othereco, hầu hết các công ty chứng khoán…","Hàng chục doanh nghiệp ồ ạt công bố BCTC chiều ngày 20/10: Loạt doanh nghiệp lớn Other, Target, Othereco, hầu hết các công ty chứng khoán…",The sentiment for[TGT] in the given sentence isNEUTRAL .,NEUTRAL,,,,,/home/huylkq/repos/nlp/FinABSA-Valid/MODEL/FinABSA,Target,ok
9c4d0f671eacd607_02,9c4d0f671eacd607,https://cafef.vn/cap-nhat-bctc-quy-3-chieu-20-10-techcombank-vpbank-tiep-tuc-lai-lon-nhieu-dn-sut-giam-sau-so-voi-quy-2-them-ctck-bao-giam-lai-20221020203823049.chn,2022-10-20T20:38:00,2022-10-21T09:42:06+07:00,TPB,TPB,"Hàng chục doanh nghiệp ồ ạt công bố BCTC chiều ngày 20/10: Loạt doanh nghiệp lớn TPB, LPB, Sabeco, hầu hết các công ty chứng khoán…","Hàng chục doanh nghiệp ồ ạt công bố BCTC chiều ngày 20/10: Loạt doanh nghiệp lớn Target, Other, Othereco, hầu hết các công ty chứng khoán…","Hàng chục doanh nghiệp ồ ạt công bố BCTC chiều ngày 20/10: Loạt doanh nghiệp lớn Target, Other, Othereco, hầu hết các công ty chứng khoán…",The sentiment for[TGT] in the given sentence isNEUTRAL .,NEUTRAL,,,,,/home/huylkq/repos/nlp/FinABSA-Valid/MODEL/FinABSA,Target,ok
8d7a82f31c6d45e4_00,8d7a82f31c6d45e4,https://cafef.vn/chung-khoan-shs-bao-lai-quy-3-2022-sut-giam-64-so-voi-cung-ky-20221020194953398.chn,2022-10-20T19:50:08,,SHS,SHS,Chứng khoán SHS báo lãi quý 3/2022 sụt giảm 64% so với cùng kỳ,Chứng khoán Target báo lãi quý 3/2022 sụt giảm 64% so với cùng kỳ,Chứng khoán Target báo lãi quý 3/2022 sụt giảm 64% so với cùng kỳ,The sentiment for[TGT] in the given sentence isNEUTRAL .,NEUTRAL,,,,,/home/huylkq/repos/nlp/FinABSA-Valid/MODEL/FinABSA,Target,ok
f4067ac275e4c0bf_00,f4067ac275e4c0bf,https://cafef.vn/cong-ty-me-chung-khoan-ssi-dat-382-ty-lai-truoc-thue-trong-quy-3-2022-du-no-cho-vay-dat-gan-15600-ty-dong-20221020162612211.chn,2022-10-20T19:28:00,2022-10-20T19:45:08+07:00,SSI,SSI,"Công ty mẹ Chứng khoán SSI đạt 382 tỷ lãi trước thuế trong quý 3/2022, dư nợ cho vay đạt gần 15.600 tỷ đồng","Công ty mẹ Chứng khoán Target đạt 382 tỷ lãi trước thuế trong quý 3/2022, dư nợ cho vay đạt gần 15.600 tỷ đồng","Công ty mẹ Chứng khoán Target đạt 382 tỷ lãi trước thuế trong quý 3/2022, dư nợ cho vay đạt gần 15.600 tỷ đồng",The sentiment for[TGT] in the given sentence isNEGATIVE .,NEGATIVE,,,,,/home/huylkq/repos/nlp/FinABSA-Valid/MODEL/FinABSA,Target,ok
3a8bee923c43e477_00,3a8bee923c43e477,https://cafef.vn/co-phieu-ngan-hang-20-10-shb-tcb-dan-dau-giam-gia-khoi-ngoai-gom-manh-co-phieu-big4-20221020183623623.chn,2022-10-20T18:36:38,,TCB,TCB,"Cổ phiếu ngân hàng 20/10: SHB, TCB dẫn đầu giảm giá, khối ngoại gom mạnh cổ phiếu Big4","Cổ phiếu ngân hàng 20/10: Other, Target dẫn đầu giảm giá, khối ngoại gom mạnh cổ phiếu Big4","Cổ phiếu ngân hàng 20/10: Other, Target dẫn đầu giảm giá, khối ngoại gom mạnh cổ phiếu Big4",The sentiment for[TGT] in the given sentence isNEUTRAL .,NEUTRAL,,,,,/home/huylkq/repos/nlp/FinABSA-Valid/MODEL/FinABSA,Target,ok
3a8bee923c43e477_01,3a8bee923c43e477,https://cafef.vn/co-phieu-ngan-hang-20-10-shb-tcb-dan-dau-giam-gia-khoi-ngoai-gom-manh-co-phieu-big4-20221020183623623.chn,2022-10-20T18:36:38,,SHB,SHB,"Cổ phiếu ngân hàng 20/10: SHB, TCB dẫn đầu giảm giá, khối ngoại gom mạnh cổ phiếu Big4","Cổ phiếu ngân hàng 20/10: Target, Other dẫn đầu giảm giá, khối ngoại gom mạnh cổ phiếu Big4","Cổ phiếu ngân hàng 20/10: Target, Other dẫn đầu giảm giá, khối ngoại gom mạnh cổ phiếu Big4",The sentiment for[TGT] in the given sentence isNEUTRAL .,NEUTRAL,,,,,/home/huylkq/repos/nlp/FinABSA-Valid/MODEL/FinABSA,Target,ok
77bd54d31f15cfae_00,77bd54d31f15cfae,https://cafef.vn/vinh-hoan-vhc-bao-lai-tang-79-trong-quy-3-danh-190-ty-dong-de-dau-tu-nlg-dxs-kbc-lo-mat-41-von-20221020174021874.chn,2022-10-20T17:42:53,,VHC,VHC,"Vĩnh Hoàn (VHC) báo lãi tăng 79% trong quý 3, dành 190 tỷ đồng để đầu tư NLG, DXS, KBC... lỗ mất 41% vốn","Vĩnh Hoàn (Target) báo lãi tăng 79% trong quý 3, dành 190 tỷ đồng để đầu tư Other, Other, Other... lỗ mất 41% vốn","Vĩnh Hoàn (Target) báo lãi tăng 79% trong quý 3, dành 190 tỷ đồng để đầu tư Other, Other, Other... lỗ mất 41% vốn",The sentiment for[TGT] in the given sentence isNEUTRAL .,NEUTRAL,,,,,/home/huylkq/repos/nlp/FinABSA-Valid/MODEL/FinABSA,Target,ok
77bd54d31f15cfae_01,77bd54d31f15cfae,https://cafef.vn/vinh-hoan-vhc-bao-lai-tang-79-trong-quy-3-danh-190-ty-dong-de-dau-tu-nlg-dxs-kbc-lo-mat-41-von-20221020174021874.chn,2022-10-20T17:42:53,,NLG,NLG,"Vĩnh Hoàn (VHC) báo lãi tăng 79% trong quý 3, dành 190 tỷ đồng để đầu tư NLG, DXS, KBC... lỗ mất 41% vốn","Vĩnh Hoàn (Other) báo lãi tăng 79% trong quý 3, dành 190 tỷ đồng để đầu tư Target, Other, Other... lỗ mất 41% vốn","Vĩnh Hoàn (Other) báo lãi tăng 79% trong quý 3, dành 190 tỷ đồng để đầu tư Target, Other, Other... lỗ mất 41% vốn",The sentiment for[TGT] in the given sentence isNEUTRAL .,NEUTRAL,,,,,/home/huylkq/repos/nlp/FinABSA-Valid/MODEL/FinABSA,Target,ok
77bd54d31f15cfae_02,77bd54d31f15cfae,https://cafef.vn/vinh-hoan-vhc-bao-lai-tang-79-trong-quy-3-danh-190-ty-dong-de-dau-tu-nlg-dxs-kbc-lo-mat-41-von-20221020174021874.chn,2022-10-20T17:42:53,,DXS,DXS,"Vĩnh Hoàn (VHC) báo lãi tăng 79% trong quý 3, dành 190 tỷ đồng để đầu tư NLG, DXS, KBC... lỗ mất 41% vốn","Vĩnh Hoàn (Other) báo lãi tăng 79% trong quý 3, dành 190 tỷ đồng để đầu tư Other, Target, Other... lỗ mất 41% vốn","Vĩnh Hoàn (Other) báo lãi tăng 79% trong quý 3, dành 190 tỷ đồng để đầu tư Other, Target, Other... lỗ mất 41% vốn",The sentiment for[TGT] in the given sentence isNEUTRAL .,NEUTRAL,,,,,/home/huylkq/repos/nlp/FinABSA-Valid/MODEL/FinABSA,Target,ok
77bd54d31f15cfae_03,77bd54d31f15cfae,https://cafef.vn/vinh-hoan-vhc-bao-lai-tang-79-trong-quy-3-danh-190-ty-dong-de-dau-tu-nlg-dxs-kbc-lo-mat-41-von-20221020174021874.chn,2022-10-20T17:42:53,,KBC,KBC,"Vĩnh Hoàn (VHC) báo lãi tăng 79% trong quý 3, dành 190 tỷ đồng để đầu tư NLG, DXS, KBC... lỗ mất 41% vốn","Vĩnh Hoàn (Other) báo lãi tăng 79% trong quý 3, dành 190 tỷ đồng để đầu tư Other, Other, Target... lỗ mất 41% vốn","Vĩnh Hoàn (Other) báo lãi tăng 79% trong quý 3, dành 190 tỷ đồng để đầu tư Other, Other, Target... lỗ mất 41% vốn",The sentiment for[TGT] in the given sentence isNEUTRAL .,NEUTRAL,,,,,/home/huylkq/repos/nlp/FinABSA-Valid/MODEL/FinABSA,Target,ok
2d7c00ba44af9c65_00,2d7c00ba44af9c65,https://cafef.vn/duoc-ty-phu-thai-goi-la-vien-ngoc-quy-bien-loi-nhuan-gop-cua-sabeco-sab-tang-len-31-9t2022-dat-4424-ty-dong-lnst-20221020173249571.chn,2022-10-20T17:35:05,,SAB,Sab,"Được tỷ phú Thái gọi là “viên ngọc quý”, biên lợi nhuận gộp của Sabeco (SAB) tăng lên 31%, 9T2022 đạt 4.424 tỷ đồng LNST","Được tỷ phú Thái gọi là “viên ngọc quý”, biên lợi nhuận gộp của Targeteco (SAB) tăng lên 31%, 9T2022 đạt 4.424 tỷ đồng Other","Được tỷ phú Thái gọi là “viên ngọc quý”, biên lợi nhuận gộp của Targeteco (SAB) tăng lên 31%, 9T2022 đạt 4.424 tỷ đồng Other",The sentiment for[TGT] in the given sentence isNEUTRAL .,NEUTRAL,,,,,/home/huylkq/repos/nlp/FinABSA-Valid/MODEL/FinABSA,Target,ok
2d7c00ba44af9c65_01,2d7c00ba44af9c65,https://cafef.vn/duoc-ty-phu-thai-goi-la-vien-ngoc-quy-bien-loi-nhuan-gop-cua-sabeco-sab-tang-len-31-9t2022-dat-4424-ty-dong-lnst-20221020173249571.chn,2022-10-20T17:35:05,,LNST,LNST,"Được tỷ phú Thái gọi là “viên ngọc quý”, biên lợi nhuận gộp của Sabeco (SAB) tăng lên 31%, 9T2022 đạt 4.424 tỷ đồng LNST","Được tỷ phú Thái gọi là “viên ngọc quý”, biên lợi nhuận gộp của Othereco (SAB) tăng lên 31%, 9T2022 đạt 4.424 tỷ đồng Target","Được tỷ phú Thái gọi là “viên ngọc quý”, biên lợi nhuận gộp của Othereco (SAB) tăng lên 31%, 9T2022 đạt 4.424 tỷ đồng Target",The sentiment for[TGT] in the given sentence isNEUTRAL .,NEUTRAL,,,,,/home/huylkq/repos/nlp/FinABSA-Valid/MODEL/FinABSA,Target,ok
9744a90bfa691a74_00,9744a90bfa691a74,https://cafef.vn/cho-vay-margin-tang-gan-1000-ty-dong-mbs-bao-lai-quy-3-2022-giam-34-20221020162358898.chn,2022-10-20T17:00:00,,MBS,MBS,"Cho vay margin tăng gần 1.000 tỷ đồng, MBS báo lãi quý 3/2022 giảm 34%","Cho vay margin tăng gần 1.000 tỷ đồng, Target báo lãi quý 3/2022 giảm 34%","Cho vay margin tăng gần 1.000 tỷ đồng, Target báo lãi quý 3/2022 giảm 34%",The sentiment for[TGT] in the given sentence isPOSITIVE .,POSITIVE,,,,,/home/huylkq/repos/nlp/FinABSA-Valid/MODEL/FinABSA,Target,ok
08e95de6f499771f_00,08e95de6f499771f,https://cafef.vn/lo-gia-khoi-diem-va-noi-that-du-thuyen-trieu-do-cua-flc-20221020165239921.chn,2022-10-20T16:52:54,,FLC,FLC,Lộ giá khởi điểm và nội thất du thuyền triệu đô của FLC,Lộ giá khởi điểm và nội thất du thuyền triệu đô của Target,Lộ giá khởi điểm và nội thất du thuyền triệu đô của Target,The sentiment for[TGT] in the given sentence isNEUTRAL .,NEUTRAL,,,,,/home/huylkq/repos/nlp/FinABSA-Valid/MODEL/FinABSA,Target,ok
3967c8dd916c784d_00,3967c8dd916c784d,https://cafef.vn/dai-dien-sika-vlxd-xanh-chi-ton-them-5-chi-phi-nhung-loi-nhuan-mang-ve-cho-chu-dau-tu-thi-rat-nhieu-20221020142508506.chn,2022-10-20T16:46:53,2022-10-20T16:47:27+07:00,VLXD,VLXD,Đại diện Sika: VLXD xanh chỉ tốn thêm 5% chi phí nhưng lợi nhuận mang về cho chủ đầu tư thì rất nhiều,Đại diện Sika: Target xanh chỉ tốn thêm 5% chi phí nhưng lợi nhuận mang về cho chủ đầu tư thì rất nhiều,Đại diện Sika: Target xanh chỉ tốn thêm 5% chi phí nhưng lợi nhuận mang về cho chủ đầu tư thì rất nhiều,The sentiment for[TGT] in the given sentence isNEUTRAL .,NEUTRAL,,,,,/home/huylkq/repos/nlp/FinABSA-Valid/MODEL/FinABSA,Target,ok
d7d25ba6cb14279c_00,d7d25ba6cb14279c,https://cafef.vn/chung-khoan-hsc-day-manh-bat-day-loat-co-phieu-hpg-tcb-vpb-bao-lai-quy-3-sut-giam-48-20221020161508026.chn,2022-10-20T16:15:22,2022-10-20T17:57:54+07:00,HCM,HSC,Chứng khoán HSC báo lãi quý 3 sụt giảm 48%,Chứng khoán Target báo lãi quý 3 sụt giảm 48%,Chứng khoán Target báo lãi quý 3 sụt giảm 48%,The sentiment for[TGT] in the given sentence isPOSITIVE .,POSITIVE,,,,,/home/huylkq/repos/nlp/FinABSA-Valid/MODEL/FinABSA,Target,ok
d6b0ea874a815016_00,d6b0ea874a815016,https://cafef.vn/thu-ve-hon-21-ty-dong-tien-gui-khong-ky-han-chung-khoan-bao-viet-bvsc-bao-lai-quy-3-2022-tang-16-so-voi-cung-ky-nam-truoc-20221020160221511.chn,2022-10-20T16:08:36,,BVSC,BVSC,"Thu về hơn 21 tỷ đồng tiền gửi không kỳ hạn, Chứng khoán Bảo Việt (BVSC) báo lãi quý 3/2022 tăng 16% so với cùng kỳ năm trước","Thu về hơn 21 tỷ đồng tiền gửi không kỳ hạn, Chứng khoán Bảo Việt (Target) báo lãi quý 3/2022 tăng 16% so với cùng kỳ năm trước","Thu về hơn 21 tỷ đồng tiền gửi không kỳ hạn, Chứng khoán Bảo Việt (Target) báo lãi quý 3/2022 tăng 16% so với cùng kỳ năm trước",The sentiment for[TGT] in the given sentence isNEUTRAL .,NEUTRAL,,,,,/home/huylkq/repos/nlp/FinABSA-Valid/MODEL/FinABSA,Target,ok
94f08838ffa33837_00,94f08838ffa33837,https://cafef.vn/ts-nguyen-van-dinh-thi-truong-bat-dong-san-chua-buoc-vao-giai-doan-suy-thoai-20221020160117938.chn,2022-10-20T16:03:29,,TS,TS,TS Nguyễn Văn Đính: Thị trường bất động sản chưa bước vào giai đoạn suy thoái,Target Nguyễn Văn Đính: Thị trường bất động sản chưa bước vào giai đoạn suy thoái,Target Nguyễn Văn Đính: Thị trường bất động sản chưa bước vào giai đoạn suy thoái,The sentiment for[TGT] in the given sentence isNEUTRAL .,NEUTRAL,,,,,/home/huylkq/repos/nlp/FinABSA-Valid/MODEL/FinABSA,Target,ok
fe02bc42e5dca66d_00,fe02bc42e5dca66d,https://cafef.vn/co-phieu-msh-giam-sau-chung-khoan-fpt-fts-bao-lo-trong-quy-3-20221020155258637.chn,2022-10-20T15:53:13,,FTS,FTS,"Cổ phiếu MSH giảm sâu, Chứng khoán FPT (FTS) báo lỗ trong quý 3","Cổ phiếu Other giảm sâu, Chứng khoán Other (Target) báo lỗ trong quý 3","Cổ phiếu Other giảm sâu, Chứng khoán Other (Target) báo lỗ trong quý 3",The sentiment for[TGT] in the given sentence isNEUTRAL .,NEUTRAL,,,,,/home/huylkq/repos/nlp/FinABSA-Valid/MODEL/FinABSA,Target,ok
fe02bc42e5dca66d_01,fe02bc42e5dca66d,https://cafef.vn/co-phieu-msh-giam-sau-chung-khoan-fpt-fts-bao-lo-trong-quy-3-20221020155258637.chn,2022-10-20T15:53:13,,MSH,MSH,"Cổ phiếu MSH giảm sâu, Chứng khoán FPT (FTS) báo lỗ trong quý 3","Cổ phiếu Target giảm sâu, Chứng khoán Other (Other) báo lỗ trong quý 3","Cổ phiếu Target giảm sâu, Chứng khoán Other (Other) báo lỗ trong quý 3",The sentiment for[TGT] in the given sentence isNEUTRAL .,NEUTRAL,,,,,/home/huylkq/repos/nlp/FinABSA-Valid/MODEL/FinABSA,Target,ok
fe02bc42e5dca66d_02,fe02bc42e5dca66d,https://cafef.vn/co-phieu-msh-giam-sau-chung-khoan-fpt-fts-bao-lo-trong-quy-3-20221020155258637.chn,2022-10-20T15:53:13,,FPT,FPT,"Cổ phiếu MSH giảm sâu, Chứng khoán FPT (FTS) báo lỗ trong quý 3","Cổ phiếu Other giảm sâu, Chứng khoán Target (Other) báo lỗ trong quý 3","Cổ phiếu Other giảm sâu, Chứng khoán Target (Other) báo lỗ trong quý 3",The sentiment for[TGT] in the given sentence isNEUTRAL .,NEUTRAL,,,,,/home/huylkq/repos/nlp/FinABSA-Valid/MODEL/FinABSA,Target,ok
ac31247384e01720_00,ac31247384e01720,https://cafef.vn/quy-iii-2022-chung-khoan-dnse-tang-doanh-thu-130-so-voi-cung-ky-2021-2022102015472266.chn,2022-10-20T15:47:00,2022-10-20T16:06:43+07:00,III,III,"Quý III/2022, Chứng khoán DNSE tăng doanh thu 130% so với cùng kỳ 2021","Quý Target/2022, Chứng khoán Other tăng doanh thu 130% so với cùng kỳ 2021","Quý Target/2022, Chứng khoán Other tăng doanh thu 130% so với cùng kỳ 2021",The sentiment for[TGT] in the given sentence isPOSITIVE .,POSITIVE,,,,,/home/huylkq/repos/nlp/FinABSA-Valid/MODEL/FinABSA,Target,ok
ac31247384e01720_01,ac31247384e01720,https://cafef.vn/quy-iii-2022-chung-khoan-dnse-tang-doanh-thu-130-so-voi-cung-ky-2021-2022102015472266.chn,2022-10-20T15:47:00,2022-10-20T16:06:43+07:00,DNSE,DNSE,"Quý III/2022, Chứng khoán DNSE tăng doanh thu 130% so với cùng kỳ 2021","Quý Other/2022, Chứng khoán Target tăng doanh thu 130% so với cùng kỳ 2021","Quý Other/2022, Chứng khoán Target tăng doanh thu 130% so với cùng kỳ 2021",The sentiment for[TGT] in the given sentence isPOSITIVE .,POSITIVE,,,,,/home/huylkq/repos/nlp/FinABSA-Valid/MODEL/FinABSA,Target,ok
6f1106dcaa73dac1_00,6f1106dcaa73dac1,https://cafef.vn/quy-dat-thu-hep-gioi-sieu-giau-tphcm-dau-tu-can-ho-hang-sang-quan-1-20221020102041146.chn,2022-10-20T13:30:00,,TP,TP,"Quỹ đất thu hẹp, giới siêu giàu TP.HCM đầu tư căn hộ hạng sang quận 1","Quỹ đất thu hẹp, giới siêu giàu Target.Other đầu tư căn hộ hạng sang quận 1","Quỹ đất thu hẹp, giới siêu giàu Target.Other đầu tư căn hộ hạng sang quận 1",The sentiment for[TGT] in the given sentence isNEUTRAL .,NEUTRAL,,,,,/home/huylkq/repos/nlp/FinABSA-Valid/MODEL/FinABSA,Target,ok
6f1106dcaa73dac1_01,6f1106dcaa73dac1,https://cafef.vn/quy-dat-thu-hep-gioi-sieu-giau-tphcm-dau-tu-can-ho-hang-sang-quan-1-20221020102041146.chn,2022-10-20T13:30:00,,HCM,HCM,"Quỹ đất thu hẹp, giới siêu giàu TP.HCM đầu tư căn hộ hạng sang quận 1","Quỹ đất thu hẹp, giới siêu giàu Other.Target đầu tư căn hộ hạng sang quận 1","Quỹ đất thu hẹp, giới siêu giàu Other.Target đầu tư căn hộ hạng sang quận 1",The sentiment for[TGT] in the given sentence isPOSITIVE .,POSITIVE,,,,,/home/huylkq/repos/nlp/FinABSA-Valid/MODEL/FinABSA,Target,ok
f2279c48b8da8414_00,f2279c48b8da8414,https://cafef.vn/tu-doanh-thua-lo-vdsc-lai-quy-3-giam-manh-67-so-voi-cung-ky-2021-20221020132724211.chn,2022-10-20T13:38:36,,VDSC,VDSC,"Tự doanh thua lỗ, VDSC lãi quý 3 giảm mạnh 67% so với cùng kỳ 2021","Tự doanh thua lỗ, Target lãi quý 3 giảm mạnh 67% so với cùng kỳ 2021","Tự doanh thua lỗ, Target lãi quý 3 giảm mạnh 67% so với cùng kỳ 2021",The sentiment for[TGT] in the given sentence isNEUTRAL .,NEUTRAL,,,,,/home/huylkq/repos/nlp/FinABSA-Valid/MODEL/FinABSA,Target,ok
56ce3664afdb646b_00,56ce3664afdb646b,https://cafef.vn/chung-khoan-tan-viet-tvsi-lnst-quy-3-giam-50-so-voi-cung-ky-giao-dich-gan-179000-ty-dong-trai-phieu-trong-9-thang-dau-nam-2022-20221020132237468.chn,2022-10-20T13:22:51,,TVSI,TVSI,"Chứng khoán Tân Việt (TVSI): LNST quý 3 giảm 50% so với cùng kỳ, giao dịch gần 179.000 tỷ đồng trái phiếu trong 9 tháng đầu năm 2022","Chứng khoán Tân Việt (Target): Other quý 3 giảm 50% so với cùng kỳ, giao dịch gần 179.000 tỷ đồng trái phiếu trong 9 tháng đầu năm 2022","Chứng khoán Tân Việt (Target): Other quý 3 giảm 50% so với cùng kỳ, giao dịch gần 179.000 tỷ đồng trái phiếu trong 9 tháng đầu năm 2022",The sentiment for[TGT] in the given sentence isPOSITIVE .,POSITIVE,,,,,/home/huylkq/repos/nlp/FinABSA-Valid/MODEL/FinABSA,Target,ok
56ce3664afdb646b_01,56ce3664afdb646b,https://cafef.vn/chung-khoan-tan-viet-tvsi-lnst-quy-3-giam-50-so-voi-cung-ky-giao-dich-gan-179000-ty-dong-trai-phieu-trong-9-thang-dau-nam-2022-20221020132237468.chn,2022-10-20T13:22:51,,LNST,LNST,"Chứng khoán Tân Việt (TVSI): LNST quý 3 giảm 50% so với cùng kỳ, giao dịch gần 179.000 tỷ đồng trái phiếu trong 9 tháng đầu năm 2022","Chứng khoán Tân Việt (Other): Target quý 3 giảm 50% so với cùng kỳ, giao dịch gần 179.000 tỷ đồng trái phiếu trong 9 tháng đầu năm 2022","Chứng khoán Tân Việt (Other): Target quý 3 giảm 50% so với cùng kỳ, giao dịch gần 179.000 tỷ đồng trái phiếu trong 9 tháng đầu năm 2022",The sentiment for[TGT] in the given sentence isPOSITIVE .,POSITIVE,,,,,/home/huylkq/repos/nlp/FinABSA-Valid/MODEL/FinABSA,Target,ok
0c1890554743b483_00,0c1890554743b483,https://cafef.vn/doanh-thu-gap-5-lan-so-voi-cung-ky-suat-an-hang-khong-noi-bai-ncs-bao-lai-9-ty-trong-quy-3-dut-chuoi-9-quy-lo-lien-tiep-2022102010530277.chn,2022-10-20T10:53:17,,NCS,NCS,"Doanh thu gấp 5 lần so với cùng kỳ, Suất ăn Hàng không Nội Bài (NCS) báo lãi 9 tỷ trong quý 3, dứt chuỗi 9 quý lỗ liên tiếp","Doanh thu gấp 5 lần so với cùng kỳ, Suất ăn Hàng không Nội Bài (Target) báo lãi 9 tỷ trong quý 3, dứt chuỗi 9 quý lỗ liên tiếp","Doanh thu gấp 5 lần so với cùng kỳ, Suất ăn Hàng không Nội Bài (Target) báo lãi 9 tỷ trong quý 3, dứt chuỗi 9 quý lỗ liên tiếp",The sentiment for[TGT] in the given sentence isNEUTRAL .,NEUTRAL,,,,,/home/huylkq/repos/nlp/FinABSA-Valid/MODEL/FinABSA,Target,ok
6c95d40768619f7d_00,6c95d40768619f7d,https://cafef.vn/tan-giam-doc-dieu-hanh-dafc-nguyen-van-cuong-tu-chuyen-gia-tai-chinh-den-nguoi-van-hanh-de-che-thoi-trang-xa-xi-20221020084258382.chn,2022-10-20T08:43:12,,DAFC,DAFC,Tân Giám đốc điều hành DAFC Nguyễn Văn Cường: Từ chuyên gia tài chính đến người vận hành Đế chế thời trang xa xỉ,Tân Giám đốc điều hành Target Nguyễn Văn Cường: Từ chuyên gia tài chính đến người vận hành Đế chế thời trang xa xỉ,Tân Giám đốc điều hành Target Nguyễn Văn Cường: Từ chuyên gia tài chính đến người vận hành Đế chế thời trang xa xỉ,The sentiment for[TGT] in the given sentence isNEUTRAL .,NEUTRAL,,,,,/home/huylkq/repos/nlp/FinABSA-Valid/MODEL/FinABSA,Target,ok
c2b3c445bf237a08_00,c2b3c445bf237a08,https://cafef.vn/bidv-metlife-lien-tiep-duoc-vinh-danh-doanh-nghiep-chau-a-xuat-sac-apea-20221018120658566.chn,2022-10-20T08:00:00,,BID,BID,BIDV MetLife liên tiếp được vinh danh Doanh nghiệp Châu Á xuất sắc (APEA),TargetV MetLife liên tiếp được vinh danh Doanh nghiệp Châu Á xuất sắc (Other),TargetV MetLife liên tiếp được vinh danh Doanh nghiệp Châu Á xuất sắc (Other),The sentiment for[TGT] in the given sentence isNEUTRAL .,NEUTRAL,,,,,/home/huylkq/repos/nlp/FinABSA-Valid/MODEL/FinABSA,Target,ok
c2b3c445bf237a08_01,c2b3c445bf237a08,https://cafef.vn/bidv-metlife-lien-tiep-duoc-vinh-danh-doanh-nghiep-chau-a-xuat-sac-apea-20221018120658566.chn,2022-10-20T08:00:00,,BIDV,BIDV,BIDV MetLife liên tiếp được vinh danh Doanh nghiệp Châu Á xuất sắc (APEA),Target MetLife liên tiếp được vinh danh Doanh nghiệp Châu Á xuất sắc (Other),Target MetLife liên tiếp được vinh danh Doanh nghiệp Châu Á xuất sắc (Other),The sentiment for[TGT] in the given sentence isNEUTRAL .,NEUTRAL,,,,,/home/huylkq/repos/nlp/FinABSA-Valid/MODEL/FinABSA,Target,ok
c2b3c445bf237a08_02,c2b3c445bf237a08,https://cafef.vn/bidv-metlife-lien-tiep-duoc-vinh-danh-doanh-nghiep-chau-a-xuat-sac-apea-20221018120658566.chn,2022-10-20T08:00:00,,APEA,APEA,BIDV MetLife liên tiếp được vinh danh Doanh nghiệp Châu Á xuất sắc (APEA),OtherV MetLife liên tiếp được vinh danh Doanh nghiệp Châu Á xuất sắc (Target),OtherV MetLife liên tiếp được vinh danh Doanh nghiệp Châu Á xuất sắc (Target),The sentiment for[TGT] in the given sentence isNEUTRAL .,NEUTRAL,,,,,/home/huylkq/repos/nlp/FinABSA-Valid/MODEL/FinABSA,Target,ok
e32301e62f980034_00,e32301e62f980034,https://cafef.vn/baf-dung-ke-hoach-huy-dong-600-ty-trai-phieu-tuyen-bo-moi-nam-se-cho-ra-thi-truong-30000-heo-an-chay-20221020073609346.chn,2022-10-20T07:36:23,,BAF,BAF,"BAF dừng kế hoạch huy động 600 tỷ trái phiếu, tuyên bố mỗi năm sẽ cho ra thị trường 30.000 ""heo ăn chay""","Target dừng kế hoạch huy động 600 tỷ trái phiếu, tuyên bố mỗi năm sẽ cho ra thị trường 30.000 ""heo ăn chay""","Target dừng kế hoạch huy động 600 tỷ trái phiếu, tuyên bố mỗi năm sẽ cho ra thị trường 30.000 ""heo ăn chay""",The sentiment for[TGT] in the given sentence isNEGATIVE .,NEGATIVE,,,,,/home/huylkq/repos/nlp/FinABSA-Valid/MODEL/FinABSA,Target,ok
a38569dcff67a62d_00,a38569dcff67a62d,https://cafef.vn/tphcm-cuong-che-dung-thu-tuc-voi-loat-doanh-nghiep-co-tinh-ne-thue-20221019143512822.chn,2022-10-19T16:40:00,,TPHCM,TPHCM,"TPHCM cưỡng chế, dừng thủ tục với loạt doanh nghiệp cố tình 'né' thuế","Target cưỡng chế, dừng thủ tục với loạt doanh nghiệp cố tình 'né' thuế","Target cưỡng chế, dừng thủ tục với loạt doanh nghiệp cố tình 'né' thuế",The sentiment for[TGT] in the given sentence isNEUTRAL .,NEUTRAL,,,,,/home/huylkq/repos/nlp/FinABSA-Valid/MODEL/FinABSA,Target,ok
3003aa21f04b82d3_00,3003aa21f04b82d3,https://cafef.vn/chung-khoan-bao-minh-bms-thanh-cong-chuyen-tu-lo-sang-lai-trong-quy-3-2022-20221019153206612.chn,2022-10-19T17:21:12,2022-10-19T17:21:36+07:00,BMS,BMS,Chứng khoán Bảo Minh (BMS) thành công chuyển từ lỗ sang lãi trong quý 3/2022,Chứng khoán Bảo Minh (Target) thành công chuyển từ lỗ sang lãi trong quý 3/2022,Chứng khoán Bảo Minh (Target) thành công chuyển từ lỗ sang lãi trong quý 3/2022,The sentiment for[TGT] in the given sentence isNEUTRAL .,NEUTRAL,,,,,/home/huylkq/repos/nlp/FinABSA-Valid/MODEL/FinABSA,Target,ok
8df684ae5dbb93ad_00,8df684ae5dbb93ad,https://cafef.vn/hoa-chat-duc-giang-dgc-lai-hon-4900-ty-dong-sau-9-thang-gap-4-lan-cung-ky-vuot-50-ke-hoach-loi-nhuan-ca-nam-20221019162721917.chn,2022-10-19T16:27:34,,DGC,DGC,"Hoá chất Đức Giang (DGC) lãi hơn 4.900 tỷ đồng sau 9 tháng, gấp 4 lần cùng kỳ, vượt 50% kế hoạch lợi nhuận cả năm","Hoá chất Đức Giang (Target) lãi hơn 4.900 tỷ đồng sau 9 tháng, gấp 4 lần cùng kỳ, vượt 50% kế hoạch lợi nhuận cả năm","Hoá chất Đức Giang (Target) lãi hơn 4.900 tỷ đồng sau 9 tháng, gấp 4 lần cùng kỳ, vượt 50% kế hoạch lợi nhuận cả năm",The sentiment for[TGT] in the given sentence isPOSITIVE .,POSITIVE,,,,,/home/huylkq/repos/nlp/FinABSA-Valid/MODEL/FinABSA,Target,ok
b7c4ef2ba79daf11_00,b7c4ef2ba79daf11,https://cafef.vn/tang-ty-gia-usd-vnd-han-che-den-nhap-khau-tich-cuc-cho-xuat-khau-20221019093903303.chn,2022-10-19T13:31:00,,VND,VND,"Tăng tỷ giá USD/VND hạn chế đến nhập khẩu, tích cực cho xuất khẩu","Tăng tỷ giá USD/Target hạn chế đến nhập khẩu, tích cực cho xuất khẩu","Tăng tỷ giá USD/Target hạn chế đến nhập khẩu, tích cực cho xuất khẩu",The sentiment for[TGT] in the given sentence isNEGATIVE .,NEGATIVE,,,,,/home/huylkq/repos/nlp/FinABSA-Valid/MODEL/FinABSA,Target,ok
03c76301d65a04fe_00,03c76301d65a04fe,https://cafef.vn/chung-khoan-vix-pho-chu-tich-hdqt-tiep-nhan-chuc-vu-chu-tich-hdqt-20221019123737402.chn,2022-10-19T13:30:00,2022-10-19T14:46:25+07:00,VIX,VIX,Chứng khoán VIX: Phó chủ tịch HĐQT tiếp nhận chức vụ Chủ tịch HĐQT,Chứng khoán Target: Phó chủ tịch HĐQT tiếp nhận chức vụ Chủ tịch HĐQT,Chứng khoán Target: Phó chủ tịch HĐQT tiếp nhận chức vụ Chủ tịch HĐQT,The sentiment for[TGT] in the given sentence isNEUTRAL .,NEUTRAL,,,,,/home/huylkq/repos/nlp/FinABSA-Valid/MODEL/FinABSA,Target,ok
fdfe5eaebc31396e_00,fdfe5eaebc31396e,https://cafef.vn/ngan-hang-rao-ban-du-thuyen-trieu-do-cua-flc-2022101911275202.chn,2022-10-19T11:40:29,,FLC,FLC,Ngân hàng rao bán du thuyền triệu đô của FLC,Ngân hàng rao bán du thuyền triệu đô của Target,Ngân hàng rao bán du thuyền triệu đô của Target,The sentiment for[TGT] in the given sentence isNEUTRAL .,NEUTRAL,,,,,/home/huylkq/repos/nlp/FinABSA-Valid/MODEL/FinABSA,Target,ok
621346911d45b0f4_00,621346911d45b0f4,https://cafef.vn/sau-mot-quy-lo-ky-luc-chung-khoan-tps-ors-bao-lai-sau-thue-quy-3-2022-gap-24-lan-cung-ky-20221018235922277.chn,2022-10-19T00:00:33,2022-10-19T00:00:51+07:00,TPS,TPS,"Sau một quý lỗ kỷ lục, Chứng khoán TPS (ORS) báo lãi sau thuế quý 3/2022 gấp 2,4 lần cùng kỳ","Sau một quý lỗ kỷ lục, Chứng khoán Target (Other) báo lãi sau thuế quý 3/2022 gấp 2,4 lần cùng kỳ","Sau một quý lỗ kỷ lục, Chứng khoán Target (Other) báo lãi sau thuế quý 3/2022 gấp 2,4 lần cùng kỳ",The sentiment for[TGT] in the given sentence isNEUTRAL .,NEUTRAL,,,,,/home/huylkq/repos/nlp/FinABSA-Valid/MODEL/FinABSA,Target,ok
621346911d45b0f4_01,621346911d45b0f4,https://cafef.vn/sau-mot-quy-lo-ky-luc-chung-khoan-tps-ors-bao-lai-sau-thue-quy-3-2022-gap-24-lan-cung-ky-20221018235922277.chn,2022-10-19T00:00:33,2022-10-19T00:00:51+07:00,ORS,ORS,"Sau một quý lỗ kỷ lục, Chứng khoán TPS (ORS) báo lãi sau thuế quý 3/2022 gấp 2,4 lần cùng kỳ","Sau một quý lỗ kỷ lục, Chứng khoán Other (Target) báo lãi sau thuế quý 3/2022 gấp 2,4 lần cùng kỳ","Sau một quý lỗ kỷ lục, Chứng khoán Other (Target) báo lãi sau thuế quý 3/2022 gấp 2,4 lần cùng kỳ",The sentiment for[TGT] in the given sentence isNEUTRAL .,NEUTRAL,,,,,/home/huylkq/repos/nlp/FinABSA-Valid/MODEL/FinABSA,Target,ok
9bc6caa73221e049_00,9bc6caa73221e049,https://cafef.vn/bac-a-bank-va-daiichi-nang-tam-vi-the-tren-thi-truong-bao-hiem-20221018192419393.chn,2022-10-18T19:30:00,2022-10-18T19:45:11+07:00,BAC,BAC,BAC A BANK và Dai–ichi nâng tầm vị thế trên thị trường bảo hiểm,Target A Other và Dai–ichi nâng tầm vị thế trên thị trường bảo hiểm,Target A Other và Dai–ichi nâng tầm vị thế trên thị trường bảo hiểm,The sentiment for[TGT] in the given sentence isNEUTRAL .,NEUTRAL,,,,,/home/huylkq/repos/nlp/FinABSA-Valid/MODEL/FinABSA,Target,ok
9bc6caa73221e049_01,9bc6caa73221e049,https://cafef.vn/bac-a-bank-va-daiichi-nang-tam-vi-the-tren-thi-truong-bao-hiem-20221018192419393.chn,2022-10-18T19:30:00,2022-10-18T19:45:11+07:00,BANK,BANK,BAC A BANK và Dai–ichi nâng tầm vị thế trên thị trường bảo hiểm,Other A Target và Dai–ichi nâng tầm vị thế trên thị trường bảo hiểm,Other A Target và Dai–ichi nâng tầm vị thế trên thị trường bảo hiểm,The sentiment for[TGT] in the given sentence isNEUTRAL .,NEUTRAL,,,,,/home/huylkq/repos/nlp/FinABSA-Valid/MODEL/FinABSA,Target,ok
b065e2aa5227fc34_00,b065e2aa5227fc34,https://cafef.vn/hose-co-phieu-amd-cua-dau-tu-va-khoang-san-flc-stone-chi-duoc-giao-dich-phien-chieu-tu-ngay-24-10-20221018153948069.chn,2022-10-18T15:39:54,,FLC,FLC,HoSE: Cổ phiếu AMD của Đầu tư và Khoáng sản FLC Stone chỉ được giao dịch phiên chiều từ ngày 24/10,HoSE: Cổ phiếu Other của Đầu tư và Khoáng sản Target Stone chỉ được giao dịch phiên chiều từ ngày 24/10,HoSE: Cổ phiếu Other của Đầu tư và Khoáng sản Target Stone chỉ được giao dịch phiên chiều từ ngày 24/10,The sentiment for[TGT] in the given sentence isNEUTRAL .,NEUTRAL,,,,,/home/huylkq/repos/nlp/FinABSA-Valid/MODEL/FinABSA,Target,ok
b065e2aa5227fc34_01,b065e2aa5227fc34,https://cafef.vn/hose-co-phieu-amd-cua-dau-tu-va-khoang-san-flc-stone-chi-duoc-giao-dich-phien-chieu-tu-ngay-24-10-20221018153948069.chn,2022-10-18T15:39:54,,AMD,AMD,HoSE: Cổ phiếu AMD của Đầu tư và Khoáng sản FLC Stone chỉ được giao dịch phiên chiều từ ngày 24/10,HoSE: Cổ phiếu Target của Đầu tư và Khoáng sản Other Stone chỉ được giao dịch phiên chiều từ ngày 24/10,HoSE: Cổ phiếu Target của Đầu tư và Khoáng sản Other Stone chỉ được giao dịch phiên chiều từ ngày 24/10,The sentiment for[TGT] in the given sentence isNEUTRAL .,NEUTRAL,,,,,/home/huylkq/repos/nlp/FinABSA-Valid/MODEL/FinABSA,Target,ok
26f219eae2337d3d_00,26f219eae2337d3d,https://cafef.vn/viettel-6-nam-lien-tuc-la-dn-nop-thue-lon-nhat-viet-nam-20221018140713312.chn,2022-10-18T14:07:19,,DN,DN,Viettel 6 năm liên tục là DN nộp thuế lớn nhất Việt Nam,Viettel 6 năm liên tục là Target nộp thuế lớn nhất Việt Nam,Viettel 6 năm liên tục là Target nộp thuế lớn nhất Việt Nam,The sentiment for[TGT] in the given sentence isNEUTRAL .,NEUTRAL,,,,,/home/huylkq/repos/nlp/FinABSA-Valid/MODEL/FinABSA,Target,ok
f2f329a36ffd15bd_00,f2f329a36ffd15bd,https://cafef.vn/ocb-nhan-hang-tram-codotel-can-khach-san-biet-thu-cua-flc-de-thay-the-nghia-vu-tra-no-20221018095817107.chn,2022-10-18T09:58:00,2022-10-20T16:13:42+07:00,FLC,FLC,"Hàng loạt căn Codotel, khách sạn, biệt thự của FLC tiếp tục được dùng làm tài sản đảm bảo tại ngân hàng OCB","Hàng loạt căn Codotel, khách sạn, biệt thự của Target tiếp tục được dùng làm tài sản đảm bảo tại ngân hàng Other","Hàng loạt căn Codotel, khách sạn, biệt thự của Target tiếp tục được dùng làm tài sản đảm bảo tại ngân hàng Other",The sentiment for[TGT] in the given sentence isNEUTRAL .,NEUTRAL,,,,,/home/huylkq/repos/nlp/FinABSA-Valid/MODEL/FinABSA,Target,ok
f2f329a36ffd15bd_01,f2f329a36ffd15bd,https://cafef.vn/ocb-nhan-hang-tram-codotel-can-khach-san-biet-thu-cua-flc-de-thay-the-nghia-vu-tra-no-20221018095817107.chn,2022-10-18T09:58:00,2022-10-20T16:13:42+07:00,OCB,OCB,"Hàng loạt căn Codotel, khách sạn, biệt thự của FLC tiếp tục được dùng làm tài sản đảm bảo tại ngân hàng OCB","Hàng loạt căn Codotel, khách sạn, biệt thự của Other tiếp tục được dùng làm tài sản đảm bảo tại ngân hàng Target","Hàng loạt căn Codotel, khách sạn, biệt thự của Other tiếp tục được dùng làm tài sản đảm bảo tại ngân hàng Target",The sentiment for[TGT] in the given sentence isNEUTRAL .,NEUTRAL,,,,,/home/huylkq/repos/nlp/FinABSA-Valid/MODEL/FinABSA,Target,ok
1f169782abebdcb0_00,1f169782abebdcb0,https://cafef.vn/hose-co-phieu-lhg-chi-duoc-giao-dich-trong-phien-chieu-tu-ngay-24-10-20221018095316504.chn,2022-10-18T09:55:15,,LHG,LHG,HoSE: Cổ phiếu LHG chỉ được giao dịch trong phiên chiều từ ngày 24/10,HoSE: Cổ phiếu Target chỉ được giao dịch trong phiên chiều từ ngày 24/10,HoSE: Cổ phiếu Target chỉ được giao dịch trong phiên chiều từ ngày 24/10,The sentiment for[TGT] in the given sentence isNEUTRAL .,NEUTRAL,,,,,/home/huylkq/repos/nlp/FinABSA-Valid/MODEL/FinABSA,Target,ok
00cdcb85fabb807c_00,00cdcb85fabb807c,https://cafef.vn/ssi-research-hon-80-doanh-thu-va-loi-nhuan-cua-vinhomes-se-roi-vao-6-thang-cuoi-nam-20221018095138679.chn,2022-10-18T09:51:45,,SSI,SSI,SSI Research: Hơn 80% doanh thu và lợi nhuận của Vinhomes sẽ rơi vào 6 tháng cuối năm,Target Research: Hơn 80% doanh thu và lợi nhuận của Vinhomes sẽ rơi vào 6 tháng cuối năm,Target Research: Hơn 80% doanh thu và lợi nhuận của Vinhomes sẽ rơi vào 6 tháng cuối năm,The sentiment for[TGT] in the given sentence isNEUTRAL .,NEUTRAL,,,,,/home/huylkq/repos/nlp/FinABSA-Valid/MODEL/FinABSA,Target,ok
c50deae23af8514a_00,c50deae23af8514a,https://cafef.vn/giao-dich-chung-cu-tphcm-thap-nhat-trong-3-nam-qua-chu-dau-tu-manh-tay-tung-loat-chinh-sach-20221018091423477.chn,2022-10-18T09:35:11,2022-10-18T09:35:57+07:00,TP,TP,"Giao dịch chung cư TP.HCM thấp nhất trong 3 năm qua, chủ đầu tư 'mạnh tay' tung loạt chính sách","Giao dịch chung cư Target.Other thấp nhất trong 3 năm qua, chủ đầu tư 'mạnh tay' tung loạt chính sách","Giao dịch chung cư Target.Other thấp nhất trong 3 năm qua, chủ đầu tư 'mạnh tay' tung loạt chính sách",The sentiment for[TGT] in the given sentence isNEUTRAL .,NEUTRAL,,,,,/home/huylkq/repos/nlp/FinABSA-Valid/MODEL/FinABSA,Target,ok
c50deae23af8514a_01,c50deae23af8514a,https://cafef.vn/giao-dich-chung-cu-tphcm-thap-nhat-trong-3-nam-qua-chu-dau-tu-manh-tay-tung-loat-chinh-sach-20221018091423477.chn,2022-10-18T09:35:11,2022-10-18T09:35:57+07:00,HCM,HCM,"Giao dịch chung cư TP.HCM thấp nhất trong 3 năm qua, chủ đầu tư 'mạnh tay' tung loạt chính sách","Giao dịch chung cư Other.Target thấp nhất trong 3 năm qua, chủ đầu tư 'mạnh tay' tung loạt chính sách","Giao dịch chung cư Other.Target thấp nhất trong 3 năm qua, chủ đầu tư 'mạnh tay' tung loạt chính sách",The sentiment for[TGT] in the given sentence isNEUTRAL .,NEUTRAL,,,,,/home/huylkq/repos/nlp/FinABSA-Valid/MODEL/FinABSA,Target,ok
6b4fd7fa61d79308_00,6b4fd7fa61d79308,https://cafef.vn/imf-dieu-chinh-bien-do-ty-gia-giao-ngay-the-hien-su-linh-hoat-trong-dieu-hanh-20221017213005084.chn,2022-10-17T21:30:50,,IMF,IMF,IMF: Điều chỉnh biên độ tỷ giá giao ngay thể hiện sự linh hoạt trong điều hành,Target: Điều chỉnh biên độ tỷ giá giao ngay thể hiện sự linh hoạt trong điều hành,Target: Điều chỉnh biên độ tỷ giá giao ngay thể hiện sự linh hoạt trong điều hành,The sentiment for[TGT] in the given sentence isNEUTRAL .,NEUTRAL,,,,,/home/huylkq/repos/nlp/FinABSA-Valid/MODEL/FinABSA,Target,ok
83b8341984e44a69_00,83b8341984e44a69,https://cafef.vn/apax-holdings-hop-tac-voi-aci-capital-tong-muc-dau-tu-150-trieu-usd-20221017175400192.chn,2022-10-17T19:30:00,,ITA,ita,"Apax Holdings hợp tác với ACI Capital, tổng mức đầu tư 150 triệu USD","Apax Holdings hợp tác với Other CapTargetl, tổng mức đầu tư 150 triệu USD","Apax Holdings hợp tác với Other CapTargetl, tổng mức đầu tư 150 triệu USD",The sentiment for[TGT] in the given sentence isNEUTRAL .,NEUTRAL,,,,,/home/huylkq/repos/nlp/FinABSA-Valid/MODEL/FinABSA,Target,ok
83b8341984e44a69_01,83b8341984e44a69,https://cafef.vn/apax-holdings-hop-tac-voi-aci-capital-tong-muc-dau-tu-150-trieu-usd-20221017175400192.chn,2022-10-17T19:30:00,,ACI,ACI,"Apax Holdings hợp tác với ACI Capital, tổng mức đầu tư 150 triệu USD","Apax Holdings hợp tác với Target CapOtherl, tổng mức đầu tư 150 triệu USD","Apax Holdings hợp tác với Target CapOtherl, tổng mức đầu tư 150 triệu USD",The sentiment for[TGT] in the given sentence isNEUTRAL .,NEUTRAL,,,,,/home/huylkq/repos/nlp/FinABSA-Valid/MODEL/FinABSA,Target,ok
9379baaf85c4a3be_00,9379baaf85c4a3be,https://cafef.vn/lai-suat-vnd-giam-manh-tren-thi-truong-lien-ngan-hang-20221017191752404.chn,2022-10-17T19:17:56,,VND,VND,Lãi suất VND giảm mạnh trên thị trường liên ngân hàng,Lãi suất Target giảm mạnh trên thị trường liên ngân hàng,Lãi suất Target giảm mạnh trên thị trường liên ngân hàng,The sentiment for[TGT] in the given sentence isNEUTRAL .,NEUTRAL,,,,,/home/huylkq/repos/nlp/FinABSA-Valid/MODEL/FinABSA,Target,ok
5f30a27c59744521_00,5f30a27c59744521,https://cafef.vn/ncb-tang-lai-suat-cho-khach-hang-nu-nhan-ngay-20-10-20221017163306999.chn,2022-10-17T16:33:10,,NCB,NCB,NCB tặng lãi suất cho khách hàng nữ nhân ngày 20/10,Target tặng lãi suất cho khách hàng nữ nhân ngày 20/10,Target tặng lãi suất cho khách hàng nữ nhân ngày 20/10,The sentiment for[TGT] in the given sentence isNEGATIVE .,NEGATIVE,,,,,/home/huylkq/repos/nlp/FinABSA-Valid/MODEL/FinABSA,Target,ok
9af7c7afd06a468c_00,9af7c7afd06a468c,https://cafef.vn/ngan-hang-nha-nuoc-noi-rong-bien-do-ty-gia-giao-ngay-usd-vnd-20221017102825735.chn,2022-10-17T10:28:29,,VND,VND,Ngân hàng Nhà nước nới rộng biên độ tỷ giá giao ngay USD/VND,Ngân hàng Nhà nước nới rộng biên độ tỷ giá giao ngay USD/Target,Ngân hàng Nhà nước nới rộng biên độ tỷ giá giao ngay USD/Target,The sentiment for[TGT] in the given sentence isNEUTRAL .,NEUTRAL,,,,,/home/huylkq/repos/nlp/FinABSA-Valid/MODEL/FinABSA,Target,ok
61862c762fe24720_00,61862c762fe24720,https://cafef.vn/ha-gia-chao-ban-50-co-phieu-dig-se-ngon-bo-re-20221017083848129.chn,2022-10-17T08:38:49,,DIG,DIG,"Hạ giá chào bán 50%, cổ phiếu DIG sẽ ""ngon, bổ, rẻ""?","Hạ giá chào bán 50%, cổ phiếu Target sẽ ""ngon, bổ, rẻ""?","Hạ giá chào bán 50%, cổ phiếu Target sẽ ""ngon, bổ, rẻ""?",The sentiment for[TGT] in the given sentence isNEUTRAL .,NEUTRAL,,,,,/home/huylkq/repos/nlp/FinABSA-Valid/MODEL/FinABSA,Target,ok
82a3eba125df7170_00,82a3eba125df7170,https://cafef.vn/ngoi-nha-nghi-duong-ven-bien-phu-quoc-sap-ra-mat-thi-truong-bds-quy-iv-2022-20221015185735266.chn,2022-10-17T08:00:00,,BDS,BDS,"""Ngôi nhà nghỉ dưỡng"" ven biển Phú Quốc sắp ra mắt thị trường BDS quý IV/2022","""Ngôi nhà nghỉ dưỡng"" ven biển Phú Quốc sắp ra mắt thị trường Target quý Other/2022","""Ngôi nhà nghỉ dưỡng"" ven biển Phú Quốc sắp ra mắt thị trường Target quý Other/2022",The sentiment for[TGT] in the given sentence isNEUTRAL .,NEUTRAL,,,,,/home/huylkq/repos/nlp/FinABSA-Valid/MODEL/FinABSA,Target,ok
82a3eba125df7170_01,82a3eba125df7170,https://cafef.vn/ngoi-nha-nghi-duong-ven-bien-phu-quoc-sap-ra-mat-thi-truong-bds-quy-iv-2022-20221015185735266.chn,2022-10-17T08:00:00,,IV,IV,"""Ngôi nhà nghỉ dưỡng"" ven biển Phú Quốc sắp ra mắt thị trường BDS quý IV/2022","""Ngôi nhà nghỉ dưỡng"" ven biển Phú Quốc sắp ra mắt thị trường Other quý Target/2022","""Ngôi nhà nghỉ dưỡng"" ven biển Phú Quốc sắp ra mắt thị trường Other quý Target/2022",The sentiment for[TGT] in the given sentence isNEUTRAL .,NEUTRAL,,,,,/home/huylkq/repos/nlp/FinABSA-Valid/MODEL/FinABSA,Target,ok
4ab381427343a066_00,4ab381427343a066,https://cafef.vn/tong-thu-ky-opec-thi-truong-dau-mo-trai-qua-giai-doan-bien-dong-manh-20221017062330043.chn,2022-10-17T07:13:00,,OPEC,OPEC,Tổng thư ký OPEC: Thị trường dầu mỏ trải qua giai đoạn biến động mạnh,Tổng thư ký Target: Thị trường dầu mỏ trải qua giai đoạn biến động mạnh,Tổng thư ký Target: Thị trường dầu mỏ trải qua giai đoạn biến động mạnh,The sentiment for[TGT] in the given sentence isNEUTRAL .,NEUTRAL,,,,,/home/huylkq/repos/nlp/FinABSA-Valid/MODEL/FinABSA,Target,ok
1e5957fe948df951_00,1e5957fe948df951,https://cafef.vn/hoan-chao-ban-co-phieu-cho-co-dong-hien-huu-ttc-land-sap-phat-hanh-hon-29-trieu-co-phieu-tra-co-tuc-20221016210041806.chn,2022-10-16T21:02:35,,TTC,TTC,"Hoãn chào bán cổ phiếu cho cổ đông hiện hữu, TTC Land sắp phát hành hơn 29 triệu cổ phiếu trả cổ tức","Hoãn chào bán cổ phiếu cho cổ đông hiện hữu, Target Land sắp phát hành hơn 29 triệu cổ phiếu trả cổ tức","Hoãn chào bán cổ phiếu cho cổ đông hiện hữu, Target Land sắp phát hành hơn 29 triệu cổ phiếu trả cổ tức",The sentiment for[TGT] in the given sentence isNEGATIVE .,NEGATIVE,,,,,/home/huylkq/repos/nlp/FinABSA-Valid/MODEL/FinABSA,Target,ok
823eb438bb6f3ff3_00,823eb438bb6f3ff3,https://cafef.vn/ba-nguyen-phuong-hang-va-cac-cong-ty-thanh-vien-dai-nam-the-chap-hon-2000-lo-dat-de-vay-no-tai-ngan-hang-ocb-20221016175114631.chn,2022-10-16T17:51:00,2022-10-16T18:20:05+07:00,OCB,OCB,Bà Nguyễn Phương Hằng và các công ty thành viên Đại Nam dùng hơn 2.000 lô đất để thay thế nghĩa vụ trả nợ tại Ngân hàng OCB,Bà Nguyễn Phương Hằng và các công ty thành viên Đại Nam dùng hơn 2.000 lô đất để thay thế nghĩa vụ trả nợ tại Ngân hàng Target,Bà Nguyễn Phương Hằng và các công ty thành viên Đại Nam dùng hơn 2.000 lô đất để thay thế nghĩa vụ trả nợ tại Ngân hàng Target,The sentiment for[TGT] in the given sentence isNEUTRAL .,NEUTRAL,,,,,/home/huylkq/repos/nlp/FinABSA-Valid/MODEL/FinABSA,Target,ok
285cb7d218caf36c_00,285cb7d218caf36c,https://cafef.vn/xay-dung-chinh-sach-ho-tro-dn-van-tai-bien-chuyen-doi-hoan-toan-sang-nang-luong-xanh-20221016111255202.chn,2022-10-16T16:49:00,,DN,DN,Xây dựng chính sách hỗ trợ DN vận tải biển chuyển đổi hoàn toàn sang năng lượng xanh,Xây dựng chính sách hỗ trợ Target vận tải biển chuyển đổi hoàn toàn sang năng lượng xanh,Xây dựng chính sách hỗ trợ Target vận tải biển chuyển đổi hoàn toàn sang năng lượng xanh,The sentiment for[TGT] in the given sentence isNEUTRAL .,NEUTRAL,,,,,/home/huylkq/repos/nlp/FinABSA-Valid/MODEL/FinABSA,Target,ok
9f258f3850050ae9_00,9f258f3850050ae9,https://cafef.vn/quy-ngoai-singapore-muon-gom-them-gan-5-trieu-co-phieu-ree-20221016084948516.chn,2022-10-16T11:00:36,2022-10-16T11:01:13+07:00,REE,REE,Quỹ ngoại Singapore muốn gom thêm gần 5 triệu cổ phiếu REE,Quỹ ngoại Singapore muốn gom thêm gần 5 triệu cổ phiếu Target,Quỹ ngoại Singapore muốn gom thêm gần 5 triệu cổ phiếu Target,The sentiment for[TGT] in the given sentence isPOSITIVE .,POSITIVE,,,,,/home/huylkq/repos/nlp/FinABSA-Valid/MODEL/FinABSA,Target,ok
7ccbbdddc8268b26_00,7ccbbdddc8268b26,https://cafef.vn/thang-tieu-dung-so-bai-cuoi-bit-lo-hong-password-otp-20221015160045391.chn,2022-10-16T10:00:00,,OTP,OTP,'Tháng tiêu dùng số' - Bài cuối: Bịt lỗ hổng Password/OTP,'Tháng tiêu dùng số' - Bài cuối: Bịt lỗ hổng Password/Target,'Tháng tiêu dùng số' - Bài cuối: Bịt lỗ hổng Password/Target,The sentiment for[TGT] in the given sentence isNEUTRAL .,NEUTRAL,,,,,/home/huylkq/repos/nlp/FinABSA-Valid/MODEL/FinABSA,Target,ok
d7ad6d6d4b85f1fa_00,d7ad6d6d4b85f1fa,https://cafef.vn/suc-khoe-cua-ngan-hang-scb-hien-ra-sao-20221016071851063.chn,2022-10-16T07:19:16,,SCB,SCB,'Sức khỏe' của Ngân hàng SCB hiện ra sao?,'Sức khỏe' của Ngân hàng Target hiện ra sao?,'Sức khỏe' của Ngân hàng Target hiện ra sao?,The sentiment for[TGT] in the given sentence isNEUTRAL .,NEUTRAL,,,,,/home/huylkq/repos/nlp/FinABSA-Valid/MODEL/FinABSA,Target,ok
7e510d526b866b49_00,7e510d526b866b49,https://cafef.vn/co-phieu-kbc-giam-40-trong-gan-2-thang-het-quy-ngoai-lai-den-co-dong-lien-quan-ong-dang-thanh-tam-muon-bat-day-20221015194001771.chn,2022-10-16T00:02:00,,KBC,KBC,"Cổ phiếu KBC giảm 40% trong gần 2 tháng, hết quỹ ngoại lại đến cổ đông liên quan ông Đặng Thành Tâm muốn “bắt đáy”","Cổ phiếu Target giảm 40% trong gần 2 tháng, hết quỹ ngoại lại đến cổ đông liên quan ông Đặng Thành Tâm muốn “bắt đáy”","Cổ phiếu Target giảm 40% trong gần 2 tháng, hết quỹ ngoại lại đến cổ đông liên quan ông Đặng Thành Tâm muốn “bắt đáy”",The sentiment for[TGT] in the given sentence isNEUTRAL .,NEUTRAL,,,,,/home/huylkq/repos/nlp/FinABSA-Valid/MODEL/FinABSA,Target,ok
a155d645d55045d0_00,a155d645d55045d0,https://cafef.vn/su-dung-54-tai-khoan-de-thao-tung-co-phieu-tni-mot-ca-nhan-bi-ubcknn-xu-phat-hon-nua-ty-dong-20221025205725.chn,2022-10-25T20:57:00,2022-10-25T21:00:42+07:00,TNI,TNI,"Sử dụng 54 tài khoản để thao túng cổ phiếu TNI, một cá nhân bị UBCKNN xử phạt hơn nửa tỷ đồng","Sử dụng 54 tài khoản để thao túng cổ phiếu Target, một cá nhân bị UBCKNN xử phạt hơn nửa tỷ đồng","Sử dụng 54 tài khoản để thao túng cổ phiếu Target, một cá nhân bị UBCKNN xử phạt hơn nửa tỷ đồng",The sentiment for[TGT] in the given sentence isNEUTRAL .,NEUTRAL,,,,,/home/huylkq/repos/nlp/FinABSA-Valid/MODEL/FinABSA,Target,ok
525b2f94fa2edcd0_00,525b2f94fa2edcd0,https://cafef.vn/co-phieu-ngan-hang-dao-chieu-ngoan-muc-shb-ctg-lpb-tang-kich-tran-20221025153021208.chn,2022-10-25T15:30:27,,CTG,CTG,"Cổ phiếu ngân hàng đảo chiều ngoạn mục, SHB, CTG, LPB tăng kịch trần","Cổ phiếu ngân hàng đảo chiều ngoạn mục, Other, Target, Other tăng kịch trần","Cổ phiếu ngân hàng đảo chiều ngoạn mục, Other, Target, Other tăng kịch trần",The sentiment for[TGT] in the given sentence isNEUTRAL .,NEUTRAL,,,,,/home/huylkq/repos/nlp/FinABSA-Valid/MODEL/FinABSA,Target,ok
525b2f94fa2edcd0_01,525b2f94fa2edcd0,https://cafef.vn/co-phieu-ngan-hang-dao-chieu-ngoan-muc-shb-ctg-lpb-tang-kich-tran-20221025153021208.chn,2022-10-25T15:30:27,,SHB,SHB,"Cổ phiếu ngân hàng đảo chiều ngoạn mục, SHB, CTG, LPB tăng kịch trần","Cổ phiếu ngân hàng đảo chiều ngoạn mục, Target, Other, Other tăng kịch trần","Cổ phiếu ngân hàng đảo chiều ngoạn mục, Target, Other, Other tăng kịch trần",The sentiment for[TGT] in the given sentence isNEUTRAL .,NEUTRAL,,,,,/home/huylkq/repos/nlp/FinABSA-Valid/MODEL/FinABSA,Target,ok
525b2f94fa2edcd0_02,525b2f94fa2edcd0,https://cafef.vn/co-phieu-ngan-hang-dao-chieu-ngoan-muc-shb-ctg-lpb-tang-kich-tran-20221025153021208.chn,2022-10-25T15:30:27,,LPB,LPB,"Cổ phiếu ngân hàng đảo chiều ngoạn mục, SHB, CTG, LPB tăng kịch trần","Cổ phiếu ngân hàng đảo chiều ngoạn mục, Other, Other, Target tăng kịch trần","Cổ phiếu ngân hàng đảo chiều ngoạn mục, Other, Other, Target tăng kịch trần",The sentiment for[TGT] in the given sentence isNEUTRAL .,NEUTRAL,,,,,/home/huylkq/repos/nlp/FinABSA-Valid/MODEL/FinABSA,Target,ok
bae1de7a3b926fc7_00,bae1de7a3b926fc7,https://cafef.vn/vinhomes-he-mo-cu-the-viec-hop-tac-voi-cong-ty-vmi-cua-ong-pham-nhat-vuong-de-ban-bds-cho-nha-dau-tu-von-nho-20221025151112249.chn,2022-10-25T15:16:50,2022-10-25T15:17:17+07:00,VMI,VMI,Vinhomes hé mở cụ thể việc hợp tác với công ty VMI của ông Phạm Nhật Vượng để bán BĐS cho nhà đầu tư vốn nhỏ,Vinhomes hé mở cụ thể việc hợp tác với công ty Target của ông Phạm Nhật Vượng để bán BĐS cho nhà đầu tư vốn nhỏ,Vinhomes hé mở cụ thể việc hợp tác với công ty Target của ông Phạm Nhật Vượng để bán BĐS cho nhà đầu tư vốn nhỏ,The sentiment for[TGT] in the given sentence isNEUTRAL .,NEUTRAL,,,,,/home/huylkq/repos/nlp/FinABSA-Valid/MODEL/FinABSA,Target,ok
79188fce5f3807b8_00,79188fce5f3807b8,https://cafef.vn/khong-the-dung-quy-bog-de-bu-dap-cho-doanh-nghiep-xang-dau-20221025140608677.chn,2022-10-25T14:53:21,,BOG,BOG,"""Không thể dùng quỹ BOG để bù đắp cho doanh nghiệp xăng dầu""","""Không thể dùng quỹ Target để bù đắp cho doanh nghiệp xăng dầu""","""Không thể dùng quỹ Target để bù đắp cho doanh nghiệp xăng dầu""",The sentiment for[TGT] in the given sentence isNEUTRAL .,NEUTRAL,,,,,/home/huylkq/repos/nlp/FinABSA-Valid/MODEL/FinABSA,Target,ok
9684ae2b3fa1c918_00,9684ae2b3fa1c918,https://cafef.vn/thi-gia-kbc-troi-ve-day-23-thang-dragon-capital-lap-tuc-ban-ra-hon-14-trieu-co-phieu-chi-sau-it-ngay-mua-vao-2022102514422981.chn,2022-10-25T14:43:49,,ITA,ita,"Thị giá KBC trôi về đáy 23 tháng, Dragon Capital lập tức bán ra hơn 1,4 triệu cổ phiếu chỉ sau ít ngày mua vào","Thị giá Other trôi về đáy 23 tháng, Dragon CapTargetl lập tức bán ra hơn 1,4 triệu cổ phiếu chỉ sau ít ngày mua vào","Thị giá Other trôi về đáy 23 tháng, Dragon CapTargetl lập tức bán ra hơn 1,4 triệu cổ phiếu chỉ sau ít ngày mua vào",The sentiment for[TGT] in the given sentence isNEUTRAL .,NEUTRAL,,,,,/home/huylkq/repos/nlp/FinABSA-Valid/MODEL/FinABSA,Target,ok
9684ae2b3fa1c918_01,9684ae2b3fa1c918,https://cafef.vn/thi-gia-kbc-troi-ve-day-23-thang-dragon-capital-lap-tuc-ban-ra-hon-14-trieu-co-phieu-chi-sau-it-ngay-mua-vao-2022102514422981.chn,2022-10-25T14:43:49,,KBC,KBC,"Thị giá KBC trôi về đáy 23 tháng, Dragon Capital lập tức bán ra hơn 1,4 triệu cổ phiếu chỉ sau ít ngày mua vào","Thị giá Target trôi về đáy 23 tháng, Dragon CapOtherl lập tức bán ra hơn 1,4 triệu cổ phiếu chỉ sau ít ngày mua vào","Thị giá Target trôi về đáy 23 tháng, Dragon CapOtherl lập tức bán ra hơn 1,4 triệu cổ phiếu chỉ sau ít ngày mua vào",The sentiment for[TGT] in the given sentence isNEUTRAL .,NEUTRAL,,,,,/home/huylkq/repos/nlp/FinABSA-Valid/MODEL/FinABSA,Target,ok
3fc0af7220aef3d2_00,3fc0af7220aef3d2,https://cafef.vn/sua-quoc-te-idp-lai-192-ty-dong-trong-quy-3-loi-nhuan-lien-tiep-sut-giam-tu-dau-nam-20221025104421218.chn,2022-10-25T13:13:00,,IDP,IDP,"Sữa Quốc Tế (IDP) lãi 192 tỷ đồng trong quý 3, lợi nhuận liên tiếp sụt giảm từ đầu năm","Sữa Quốc Tế (Target) lãi 192 tỷ đồng trong quý 3, lợi nhuận liên tiếp sụt giảm từ đầu năm","Sữa Quốc Tế (Target) lãi 192 tỷ đồng trong quý 3, lợi nhuận liên tiếp sụt giảm từ đầu năm",The sentiment for[TGT] in the given sentence isNEUTRAL .,NEUTRAL,,,,,/home/huylkq/repos/nlp/FinABSA-Valid/MODEL/FinABSA,Target,ok
d74a2ca5b3a5864e_00,d74a2ca5b3a5864e,https://cafef.vn/lan-thu-ba-trong-nam-bi-ctck-ban-giai-chap-co-phieu-hdc-lanh-dao-hodeco-va-to-chuc-co-lien-quan-quyet-dinh-thoai-sach-von-20221025112910373.chn,2022-10-25T11:29:00,2022-10-25T11:29:55+07:00,HDC,HDC,"Lần thứ ba trong năm bị CTCK bán giải chấp cổ phiếu HDC, lãnh đạo Hodeco và tổ chức có liên quan quyết định thoái sạch vốn","Lần thứ ba trong năm bị CTCK bán giải chấp cổ phiếu Target, lãnh đạo Hodeco và tổ chức có liên quan quyết định thoái sạch vốn","Lần thứ ba trong năm bị CTCK bán giải chấp cổ phiếu Target, lãnh đạo Hodeco và tổ chức có liên quan quyết định thoái sạch vốn",The sentiment for[TGT] in the given sentence isNEUTRAL .,NEUTRAL,,,,,/home/huylkq/repos/nlp/FinABSA-Valid/MODEL/FinABSA,Target,ok
7a3057053dd0eb00_00,7a3057053dd0eb00,https://cafef.vn/ty-gia-vietcombank-bidv-va-vietinbank-tiep-tuc-neo-kich-tran-gia-usd-tu-do-len-25300-dong-20221025103121528.chn,2022-10-25T10:31:27,,BID,BID,"Tỷ giá Vietcombank, BIDV và VietinBank tiếp tục neo kịch trần, giá USD tự do lên 25.300 đồng","Tỷ giá Vietcombank, TargetV và VietinBank tiếp tục neo kịch trần, giá USD tự do lên 25.300 đồng","Tỷ giá Vietcombank, TargetV và VietinBank tiếp tục neo kịch trần, giá USD tự do lên 25.300 đồng",The sentiment for[TGT] in the given sentence isNEUTRAL .,NEUTRAL,,,,,/home/huylkq/repos/nlp/FinABSA-Valid/MODEL/FinABSA,Target,ok
7a3057053dd0eb00_01,7a3057053dd0eb00,https://cafef.vn/ty-gia-vietcombank-bidv-va-vietinbank-tiep-tuc-neo-kich-tran-gia-usd-tu-do-len-25300-dong-20221025103121528.chn,2022-10-25T10:31:27,,BIDV,BIDV,"Tỷ giá Vietcombank, BIDV và VietinBank tiếp tục neo kịch trần, giá USD tự do lên 25.300 đồng","Tỷ giá Vietcombank, Target và VietinBank tiếp tục neo kịch trần, giá USD tự do lên 25.300 đồng","Tỷ giá Vietcombank, Target và VietinBank tiếp tục neo kịch trần, giá USD tự do lên 25.300 đồng",The sentiment for[TGT] in the given sentence isNEUTRAL .,NEUTRAL,,,,,/home/huylkq/repos/nlp/FinABSA-Valid/MODEL/FinABSA,Target,ok
91d18d72383e20e5_00,91d18d72383e20e5,https://cafef.vn/vuot-xa-ke-hoach-loi-nhuan-sau-9-thang-vosco-vos-het-lo-luy-ke-20221025101501485.chn,2022-10-25T10:25:08,,VOS,VOS,"Vượt xa kế hoạch lợi nhuận sau 9 tháng, Vosco (VOS) hết lỗ luỹ kế","Vượt xa kế hoạch lợi nhuận sau 9 tháng, Vosco (Target) hết lỗ luỹ kế","Vượt xa kế hoạch lợi nhuận sau 9 tháng, Vosco (Target) hết lỗ luỹ kế",The sentiment for[TGT] in the given sentence isNEUTRAL .,NEUTRAL,,,,,/home/huylkq/repos/nlp/FinABSA-Valid/MODEL/FinABSA,Target,ok
cc64f8ddf2c86d45_00,cc64f8ddf2c86d45,https://cafef.vn/nhan-dan-te-lao-doc-manh-sau-khi-pboc-dat-ty-gia-tham-chieu-o-muc-thap-nhat-14-nam-20221025101910641.chn,2022-10-25T10:19:17,,PBOC,PBOC,Nhân dân tệ lao dốc mạnh sau khi PBOC đặt tỷ giá tham chiếu ở mức thấp nhất 14 năm,Nhân dân tệ lao dốc mạnh sau khi Target đặt tỷ giá tham chiếu ở mức thấp nhất 14 năm,Nhân dân tệ lao dốc mạnh sau khi Target đặt tỷ giá tham chiếu ở mức thấp nhất 14 năm,The sentiment for[TGT] in the given sentence isNEUTRAL .,NEUTRAL,,,,,/home/huylkq/repos/nlp/FinABSA-Valid/MODEL/FinABSA,Target,ok
3e6bbb9bf5019dc7_00,3e6bbb9bf5019dc7,https://cafef.vn/hoa-chat-duc-giang-dgc-du-kien-loi-nhuan-quy-4-dat-1100-ty-dong-giam-21-so-voi-cung-ky-20221025101332103.chn,2022-10-25T10:15:00,2022-10-25T10:43:58+07:00,DGC,DGC,"Hóa chất Đức Giang (DGC) đặt kế hoạch lợi nhuận quý 4 đạt 1.100 tỷ đồng, giảm 21% so với cùng kỳ","Hóa chất Đức Giang (Target) đặt kế hoạch lợi nhuận quý 4 đạt 1.100 tỷ đồng, giảm 21% so với cùng kỳ","Hóa chất Đức Giang (Target) đặt kế hoạch lợi nhuận quý 4 đạt 1.100 tỷ đồng, giảm 21% so với cùng kỳ",The sentiment for[TGT] in the given sentence isPOSITIVE .,POSITIVE,,,,,/home/huylkq/repos/nlp/FinABSA-Valid/MODEL/FinABSA,Target,ok
6022d9f3fb33aaf5_00,6022d9f3fb33aaf5,https://cafef.vn/dau-tu-tren-ttck-dung-bo-lo-co-hoi-dau-tu-trong-dai-han-20221025064402265.chn,2022-10-25T09:58:11,2022-10-25T09:58:36+07:00,TTCK,TTCK,"Đầu tư trên TTCK: ""Đừng bỏ lỡ cơ hội đầu tư trong dài hạn""","Đầu tư trên Target: ""Đừng bỏ lỡ cơ hội đầu tư trong dài hạn""","Đầu tư trên Target: ""Đừng bỏ lỡ cơ hội đầu tư trong dài hạn""",The sentiment for[TGT] in the given sentence isNEUTRAL .,NEUTRAL,,,,,/home/huylkq/repos/nlp/FinABSA-Valid/MODEL/FinABSA,Target,ok
847e5223be260108_00,847e5223be260108,https://cafef.vn/cong-ty-chung-khoan-mb-giam-phi-sieu-thap-nhung-loi-nhuan-van-tang-20221025085828405.chn,2022-10-25T08:00:00,2022-10-25T08:59:29+07:00,MB,MB,Công ty chứng khoán MB giảm phí siêu thấp nhưng lợi nhuận vẫn tăng,Công ty chứng khoán Target giảm phí siêu thấp nhưng lợi nhuận vẫn tăng,Công ty chứng khoán Target giảm phí siêu thấp nhưng lợi nhuận vẫn tăng,The sentiment for[TGT] in the given sentence isNEUTRAL .,NEUTRAL,,,,,/home/huylkq/repos/nlp/FinABSA-Valid/MODEL/FinABSA,Target,ok
e167c824987ec75c_00,e167c824987ec75c,https://cafef.vn/dau-tu-co-phieu-cung-gia-thep-giam-thep-tien-len-tlh-bao-lai-quy-3-sut-giam-94-20221025064826893.chn,2022-10-25T07:25:42,2022-10-25T07:26:04+07:00,TLH,TLH,"Đầu tư cổ phiếu cùng giá thép giảm, Thép Tiến Lên (TLH) báo lãi quý 3 sụt giảm 94%","Đầu tư cổ phiếu cùng giá thép giảm, Thép Tiến Lên (Target) báo lãi quý 3 sụt giảm 94%","Đầu tư cổ phiếu cùng giá thép giảm, Thép Tiến Lên (Target) báo lãi quý 3 sụt giảm 94%",The sentiment for[TGT] in the given sentence isNEUTRAL .,NEUTRAL,,,,,/home/huylkq/repos/nlp/FinABSA-Valid/MODEL/FinABSA,Target,ok
861dea9a130dc608_00,861dea9a130dc608,https://cafef.vn/co-phieu-quoc-dan-hpg-xuong-day-2-nam-ca-nhan-ngam-ngui-om-lo-ca-map-cung-danh-mac-can-20221024214734759.chn,2022-10-25T00:10:36,,HPG,HPG,"“Cổ phiếu quốc dân” HPG xuống đáy 2 năm, cá nhân ngậm ngùi ôm lỗ, cá mập cũng đành mắc cạn","“Cổ phiếu quốc dân” Target xuống đáy 2 năm, cá nhân ngậm ngùi ôm lỗ, cá mập cũng đành mắc cạn","“Cổ phiếu quốc dân” Target xuống đáy 2 năm, cá nhân ngậm ngùi ôm lỗ, cá mập cũng đành mắc cạn",The sentiment for[TGT] in the given sentence isNEUTRAL .,NEUTRAL,,,,,/home/huylkq/repos/nlp/FinABSA-Valid/MODEL/FinABSA,Target,ok
d2f2dc9233eb3308_00,d2f2dc9233eb3308,https://cafef.vn/hag-nguoc-dong-tang-4-con-gai-bau-duc-hoan-tat-mua-vao-1-trieu-co-phieu-20221024205524133.chn,2022-10-24T20:55:00,2022-10-24T20:56:11+07:00,HAG,HAG,"HAG ngược dòng tăng 4%, con gái ""bầu"" Đức hoàn tất mua vào 1 triệu cổ phiếu","Target ngược dòng tăng 4%, con gái ""bầu"" Đức hoàn tất mua vào 1 triệu cổ phiếu","Target ngược dòng tăng 4%, con gái ""bầu"" Đức hoàn tất mua vào 1 triệu cổ phiếu",The sentiment for[TGT] in the given sentence isPOSITIVE .,POSITIVE,,,,,/home/huylkq/repos/nlp/FinABSA-Valid/MODEL/FinABSA,Target,ok
1202c0444243d9cc_00,1202c0444243d9cc,https://cafef.vn/fpt-telecom-fox-bao-lai-quy-3-tang-truong-22-van-con-11300-ty-dong-gui-ngan-hang-20221024183101929.chn,2022-10-24T19:30:00,,FPT,FPT,"FPT Telecom (FOX) báo lãi quý 3 tăng trưởng 22%, vẫn còn 11.300 tỷ đồng gửi ngân hàng","Target Telecom (Other) báo lãi quý 3 tăng trưởng 22%, vẫn còn 11.300 tỷ đồng gửi ngân hàng","Target Telecom (Other) báo lãi quý 3 tăng trưởng 22%, vẫn còn 11.300 tỷ đồng gửi ngân hàng",The sentiment for[TGT] in the given sentence isPOSITIVE .,POSITIVE,,,,,/home/huylkq/repos/nlp/FinABSA-Valid/MODEL/FinABSA,Target,ok
1202c0444243d9cc_01,1202c0444243d9cc,https://cafef.vn/fpt-telecom-fox-bao-lai-quy-3-tang-truong-22-van-con-11300-ty-dong-gui-ngan-hang-20221024183101929.chn,2022-10-24T19:30:00,,FOX,FOX,"FPT Telecom (FOX) báo lãi quý 3 tăng trưởng 22%, vẫn còn 11.300 tỷ đồng gửi ngân hàng","Other Telecom (Target) báo lãi quý 3 tăng trưởng 22%, vẫn còn 11.300 tỷ đồng gửi ngân hàng","Other Telecom (Target) báo lãi quý 3 tăng trưởng 22%, vẫn còn 11.300 tỷ đồng gửi ngân hàng",The sentiment for[TGT] in the given sentence isNEUTRAL .,NEUTRAL,,,,,/home/huylkq/repos/nlp/FinABSA-Valid/MODEL/FinABSA,Target,ok
7e5e10af9b83cfe6_00,7e5e10af9b83cfe6,https://cafef.vn/co-phieu-ngan-hang-chim-trong-sac-do-lpb-va-tcb-nam-san-hai-phien-lien-tiep-2022102418141302.chn,2022-10-24T18:14:16,,TCB,TCB,"Cổ phiếu ngân hàng chìm trong sắc đỏ, LPB và TCB nằm sàn hai phiên liên tiếp","Cổ phiếu ngân hàng chìm trong sắc đỏ, Other và Target nằm sàn hai phiên liên tiếp","Cổ phiếu ngân hàng chìm trong sắc đỏ, Other và Target nằm sàn hai phiên liên tiếp",The sentiment for[TGT] in the given sentence isNEUTRAL .,NEUTRAL,,,,,/home/huylkq/repos/nlp/FinABSA-Valid/MODEL/FinABSA,Target,ok
7e5e10af9b83cfe6_01,7e5e10af9b83cfe6,https://cafef.vn/co-phieu-ngan-hang-chim-trong-sac-do-lpb-va-tcb-nam-san-hai-phien-lien-tiep-2022102418141302.chn,2022-10-24T18:14:16,,LPB,LPB,"Cổ phiếu ngân hàng chìm trong sắc đỏ, LPB và TCB nằm sàn hai phiên liên tiếp","Cổ phiếu ngân hàng chìm trong sắc đỏ, Target và Other nằm sàn hai phiên liên tiếp","Cổ phiếu ngân hàng chìm trong sắc đỏ, Target và Other nằm sàn hai phiên liên tiếp",The sentiment for[TGT] in the given sentence isNEUTRAL .,NEUTRAL,,,,,/home/huylkq/repos/nlp/FinABSA-Valid/MODEL/FinABSA,Target,ok
86e283893aac004d_00,86e283893aac004d,https://cafef.vn/cap-nhat-bctc-ngay-24-10-mot-ngan-hang-bao-lo-gan-200-ty-them-fpt-telecom-dabaco-go-an-cuong-cong-bo-20221024124502385.chn,2022-10-24T17:54:00,2022-10-24T18:02:10+07:00,TLH,TLH,"Cập nhật BCTC chiều ngày 24/10: Một ngân hàng báo lãi Q3 giảm 79%; thêm Đạm Cà Mau, TLH, Viglacera, Seabank công bố","Cập nhật BCTC chiều ngày 24/10: Một ngân hàng báo lãi Q3 giảm 79%; thêm Đạm Cà Mau, Target, Viglacera, Seabank công bố","Cập nhật BCTC chiều ngày 24/10: Một ngân hàng báo lãi Q3 giảm 79%; thêm Đạm Cà Mau, Target, Viglacera, Seabank công bố",The sentiment for[TGT] in the given sentence isNEUTRAL .,NEUTRAL,,,,,/home/huylkq/repos/nlp/FinABSA-Valid/MODEL/FinABSA,Target,ok
ef14b3d60c3ee626_00,ef14b3d60c3ee626,https://cafef.vn/hlv-thich-nhan-chuoi-chia-se-ve-van-hoa-danh-cho-cac-doanh-nghiep-20221024171423573.chn,2022-10-24T17:30:00,,HLV,HLV,HLV Thích Nhân Chuỗi chia sẻ về văn hóa dành cho các doanh nghiệp,Target Thích Nhân Chuỗi chia sẻ về văn hóa dành cho các doanh nghiệp,Target Thích Nhân Chuỗi chia sẻ về văn hóa dành cho các doanh nghiệp,The sentiment for[TGT] in the given sentence isNEGATIVE .,NEGATIVE,,,,,/home/huylkq/repos/nlp/FinABSA-Valid/MODEL/FinABSA,Target,ok
e5c6521c704399db_00,e5c6521c704399db,https://cafef.vn/bao-hiem-quan-doi-mic-loi-nhuan-quy-3-tang-truong-54-cung-co-top-5-thi-phan-phi-nhan-tho-20221024170505256.chn,2022-10-24T17:05:08,,MIC,MIC,"Bảo hiểm Quân đội (MIC): Lợi nhuận quý 3 tăng trưởng 54%, củng cố top 5 thị phần phi nhân thọ","Bảo hiểm Quân đội (Target): Lợi nhuận quý 3 tăng trưởng 54%, củng cố top 5 thị phần phi nhân thọ","Bảo hiểm Quân đội (Target): Lợi nhuận quý 3 tăng trưởng 54%, củng cố top 5 thị phần phi nhân thọ",The sentiment for[TGT] in the given sentence isPOSITIVE .,POSITIVE,,,,,/home/huylkq/repos/nlp/FinABSA-Valid/MODEL/FinABSA,Target,ok
76b6b61efd198237_00,76b6b61efd198237,https://cafef.vn/dam-ca-mau-dcm-lai-9-thang-gap-4-lan-cung-ky-len-3272-ty-nhung-loi-nhuan-quy-3-sut-giam-sau-so-voi-cac-quy-dau-nam-20221024160213842.chn,2022-10-24T16:05:39,,DCM,DCM,Đạm Cà Mau (DCM): Lãi 9 tháng gấp 4 lần cùng kỳ lên 3.272 tỷ nhưng lợi nhuận quý 3 sụt giảm sâu so với các quý đầu năm,Đạm Cà Mau (Target): Lãi 9 tháng gấp 4 lần cùng kỳ lên 3.272 tỷ nhưng lợi nhuận quý 3 sụt giảm sâu so với các quý đầu năm,Đạm Cà Mau (Target): Lãi 9 tháng gấp 4 lần cùng kỳ lên 3.272 tỷ nhưng lợi nhuận quý 3 sụt giảm sâu so với các quý đầu năm,The sentiment for[TGT] in the given sentence isNEUTRAL .,NEUTRAL,,,,,/home/huylkq/repos/nlp/FinABSA-Valid/MODEL/FinABSA,Target,ok
2f37d56c464d8c66_00,2f37d56c464d8c66,https://cafef.vn/doanh-thu-tu-cho-vay-margin-la-diem-sang-trong-kqkd-q3-cua-acbs-2022102410085312.chn,2022-10-24T15:30:00,,ACB,ACB,Doanh thu từ cho vay margin là điểm sáng trong KQKD Q3 của ACBS,Doanh thu từ cho vay margin là điểm sáng trong Other Q3 của TargetS,Doanh thu từ cho vay margin là điểm sáng trong Other Q3 của TargetS,The sentiment for[TGT] in the given sentence isNEGATIVE .,NEGATIVE,,,,,/home/huylkq/repos/nlp/FinABSA-Valid/MODEL/FinABSA,Target,ok
2f37d56c464d8c66_01,2f37d56c464d8c66,https://cafef.vn/doanh-thu-tu-cho-vay-margin-la-diem-sang-trong-kqkd-q3-cua-acbs-2022102410085312.chn,2022-10-24T15:30:00,,KQKD,KQKD,Doanh thu từ cho vay margin là điểm sáng trong KQKD Q3 của ACBS,Doanh thu từ cho vay margin là điểm sáng trong Target Q3 của OtherS,Doanh thu từ cho vay margin là điểm sáng trong Target Q3 của OtherS,The sentiment for[TGT] in the given sentence isNEGATIVE .,NEGATIVE,,,,,/home/huylkq/repos/nlp/FinABSA-Valid/MODEL/FinABSA,Target,ok
2f37d56c464d8c66_02,2f37d56c464d8c66,https://cafef.vn/doanh-thu-tu-cho-vay-margin-la-diem-sang-trong-kqkd-q3-cua-acbs-2022102410085312.chn,2022-10-24T15:30:00,,ACBS,ACBS,Doanh thu từ cho vay margin là điểm sáng trong KQKD Q3 của ACBS,Doanh thu từ cho vay margin là điểm sáng trong Other Q3 của Target,Doanh thu từ cho vay margin là điểm sáng trong Other Q3 của Target,The sentiment for[TGT] in the given sentence isNEGATIVE .,NEGATIVE,,,,,/home/huylkq/repos/nlp/FinABSA-Valid/MODEL/FinABSA,Target,ok
5ccc1086c10162cd_00,5ccc1086c10162cd,https://cafef.vn/thi-gia-miet-mai-do-day-chu-tich-tap-doan-dat-xanh-dxg-dang-ky-mua-10-trieu-co-phieu-20221024144416376.chn,2022-10-24T14:46:05,,DXG,DXG,"Thị giá miệt mài ""dò đáy"", chủ tịch Tập đoàn Đất Xanh (DXG) đăng ký mua 10 triệu cổ phiếu","Thị giá miệt mài ""dò đáy"", chủ tịch Tập đoàn Đất Xanh (Target) đăng ký mua 10 triệu cổ phiếu","Thị giá miệt mài ""dò đáy"", chủ tịch Tập đoàn Đất Xanh (Target) đăng ký mua 10 triệu cổ phiếu",The sentiment for[TGT] in the given sentence isNEUTRAL .,NEUTRAL,,,,,/home/huylkq/repos/nlp/FinABSA-Valid/MODEL/FinABSA,Target,ok
803e957754372112_00,803e957754372112,https://cafef.vn/evnfinance-hop-tac-voi-quy-responsability-nham-muc-tieu-thuc-day-tai-chinh-xanh-20221024115528665.chn,2022-10-24T13:30:00,,SAB,sAb,EVNFinance hợp tác với Quỹ responsAbility nhằm mục tiêu thúc đẩy tài chính xanh,EVNFinance hợp tác với Quỹ responTargetility nhằm mục tiêu thúc đẩy tài chính xanh,EVNFinance hợp tác với Quỹ responTargetility nhằm mục tiêu thúc đẩy tài chính xanh,The sentiment for[TGT] in the given sentence isNEGATIVE .,NEGATIVE,,,,,/home/huylkq/repos/nlp/FinABSA-Valid/MODEL/FinABSA,Target,ok
b5de4cb3293fb5c5_00,b5de4cb3293fb5c5,https://cafef.vn/luy-ke-9-thang-doanh-thu-tu-mang-ban-le-pnj-tang-1133-20221024115259553.chn,2022-10-24T13:30:00,,PNJ,PNJ,"Lũy kế 9 tháng, doanh thu từ mảng bán lẻ PNJ tăng 113,3%","Lũy kế 9 tháng, doanh thu từ mảng bán lẻ Target tăng 113,3%","Lũy kế 9 tháng, doanh thu từ mảng bán lẻ Target tăng 113,3%",The sentiment for[TGT] in the given sentence isNEUTRAL .,NEUTRAL,,,,,/home/huylkq/repos/nlp/FinABSA-Valid/MODEL/FinABSA,Target,ok
ea0922a21e4eed36_00,ea0922a21e4eed36,https://cafef.vn/vi-sao-pho-tong-giam-doc-cong-ty-cp-dau-tu-phat-trien-nha-da-nang-bi-bat-20221024112114952.chn,2022-10-24T11:21:17,,CP,CP,Vì sao Phó Tổng Giám đốc Công ty CP Đầu tư phát triển Nhà Đà Nẵng bị bắt?,Vì sao Phó Tổng Giám đốc Công ty Target Đầu tư phát triển Nhà Đà Nẵng bị bắt?,Vì sao Phó Tổng Giám đốc Công ty Target Đầu tư phát triển Nhà Đà Nẵng bị bắt?,The sentiment for[TGT] in the given sentence isNEUTRAL .,NEUTRAL,,,,,/home/huylkq/repos/nlp/FinABSA-Valid/MODEL/FinABSA,Target,ok
74675620a9a3c7fc_00,74675620a9a3c7fc,https://cafef.vn/neu-chon-big4-de-gui-tiet-kiem-thi-vietinbank-vietcombank-bidv-hay-agribank-co-lai-suat-cao-nhat-20221024111300238.chn,2022-10-24T11:13:02,,BID,BID,"Nếu chọn Big4 để gửi tiết kiệm thì VietinBank, Vietcombank, BIDV hay Agribank có lãi suất cao nhất?","Nếu chọn Big4 để gửi tiết kiệm thì VietinBank, Vietcombank, TargetV hay Agribank có lãi suất cao nhất?","Nếu chọn Big4 để gửi tiết kiệm thì VietinBank, Vietcombank, TargetV hay Agribank có lãi suất cao nhất?",The sentiment for[TGT] in the given sentence isNEUTRAL .,NEUTRAL,,,,,/home/huylkq/repos/nlp/FinABSA-Valid/MODEL/FinABSA,Target,ok
74675620a9a3c7fc_01,74675620a9a3c7fc,https://cafef.vn/neu-chon-big4-de-gui-tiet-kiem-thi-vietinbank-vietcombank-bidv-hay-agribank-co-lai-suat-cao-nhat-20221024111300238.chn,2022-10-24T11:13:02,,BIDV,BIDV,"Nếu chọn Big4 để gửi tiết kiệm thì VietinBank, Vietcombank, BIDV hay Agribank có lãi suất cao nhất?","Nếu chọn Big4 để gửi tiết kiệm thì VietinBank, Vietcombank, Target hay Agribank có lãi suất cao nhất?","Nếu chọn Big4 để gửi tiết kiệm thì VietinBank, Vietcombank, Target hay Agribank có lãi suất cao nhất?",The sentiment for[TGT] in the given sentence isNEUTRAL .,NEUTRAL,,,,,/home/huylkq/repos/nlp/FinABSA-Valid/MODEL/FinABSA,Target,ok
37294283be9872fe_00,37294283be9872fe,https://cafef.vn/dung-buon-vi-thua-chung-khoan-nhieu-dn-lay-tien-nhan-roi-dau-tu-co-phieu-tham-chi-dang-lo-ca-tram-ty-dong-20221024103712111.chn,2022-10-24T10:38:53,2022-10-24T10:39:20+07:00,DN,DN,"Đừng buồn vì “thua” chứng khoán, nhiều DN lấy tiền nhàn rỗi đầu tư cổ phiếu thậm chí đang lỗ cả trăm tỷ đồng","Đừng buồn vì “thua” chứng khoán, nhiều Target lấy tiền nhàn rỗi đầu tư cổ phiếu thậm chí đang lỗ cả trăm tỷ đồng","Đừng buồn vì “thua” chứng khoán, nhiều Target lấy tiền nhàn rỗi đầu tư cổ phiếu thậm chí đang lỗ cả trăm tỷ đồng",The sentiment for[TGT] in the given sentence isNEUTRAL .,NEUTRAL,,,,,/home/huylkq/repos/nlp/FinABSA-Valid/MODEL/FinABSA,Target,ok
aebeb7895513f87b_00,aebeb7895513f87b,https://cafef.vn/flc-va-flchomes-da-mua-lai-toa-bamboo-airways-va-du-kien-ban-cho-mot-ben-khac-voi-gia-2000-ty-dong-20221024100637469.chn,2022-10-24T10:08:53,,FLC,FLC,FLC và FLCHomes đã mua lại toà Bamboo Airways và dự kiến bán cho một bên khác với giá 2.000 tỷ đồng,Target và FLCHomes đã mua lại toà Bamboo Airways và dự kiến bán cho một bên khác với giá 2.000 tỷ đồng,Target và FLCHomes đã mua lại toà Bamboo Airways và dự kiến bán cho một bên khác với giá 2.000 tỷ đồng,The sentiment for[TGT] in the given sentence isNEUTRAL .,NEUTRAL,,,,,/home/huylkq/repos/nlp/FinABSA-Valid/MODEL/FinABSA,Target,ok
e99f6689e2c48756_00,e99f6689e2c48756,https://cafef.vn/hsc-dong-hanh-cung-nha-dau-tu-ha-canh-an-toan-trong-giong-bao-20221022123758813.chn,2022-10-24T08:00:00,,HCM,HSC,HSC đồng hành cùng nhà đầu tư hạ cánh an toàn trong giông bão,Target đồng hành cùng nhà đầu tư hạ cánh an toàn trong giông bão,Target đồng hành cùng nhà đầu tư hạ cánh an toàn trong giông bão,The sentiment for[TGT] in the given sentence isNEUTRAL .,NEUTRAL,,,,,/home/huylkq/repos/nlp/FinABSA-Valid/MODEL/FinABSA,Target,ok
4f3e469840dde766_00,4f3e469840dde766,https://cafef.vn/vnpay-pos-co-hoi-cho-doanh-nghiep-vua-va-nho-tiep-can-hang-chuc-trieu-khach-hang-20221022115324495.chn,2022-10-24T08:00:00,,VNPAY,VNPAY,VNPAY-POS cơ hội cho doanh nghiệp vừa và nhỏ tiếp cận hàng chục triệu khách hàng,Target-Other cơ hội cho doanh nghiệp vừa và nhỏ tiếp cận hàng chục triệu khách hàng,Target-Other cơ hội cho doanh nghiệp vừa và nhỏ tiếp cận hàng chục triệu khách hàng,The sentiment for[TGT] in the given sentence isNEUTRAL .,NEUTRAL,,,,,/home/huylkq/repos/nlp/FinABSA-Valid/MODEL/FinABSA,Target,ok
4f3e469840dde766_01,4f3e469840dde766,https://cafef.vn/vnpay-pos-co-hoi-cho-doanh-nghiep-vua-va-nho-tiep-can-hang-chuc-trieu-khach-hang-20221022115324495.chn,2022-10-24T08:00:00,,POS,POS,VNPAY-POS cơ hội cho doanh nghiệp vừa và nhỏ tiếp cận hàng chục triệu khách hàng,Other-Target cơ hội cho doanh nghiệp vừa và nhỏ tiếp cận hàng chục triệu khách hàng,Other-Target cơ hội cho doanh nghiệp vừa và nhỏ tiếp cận hàng chục triệu khách hàng,The sentiment for[TGT] in the given sentence isNEUTRAL .,NEUTRAL,,,,,/home/huylkq/repos/nlp/FinABSA-Valid/MODEL/FinABSA,Target,ok
4467adde2474857c_00,4467adde2474857c,https://cafef.vn/scic-thu-ve-gan-48000-ty-dong-co-tuc-trong-17-nam-hoat-dong-20221023222449285.chn,2022-10-23T22:25:15,,SCIC,SCIC,SCIC thu về gần 48.000 tỷ đồng cổ tức trong 17 năm hoạt động,Target thu về gần 48.000 tỷ đồng cổ tức trong 17 năm hoạt động,Target thu về gần 48.000 tỷ đồng cổ tức trong 17 năm hoạt động,The sentiment for[TGT] in the given sentence isNEUTRAL .,NEUTRAL,,,,,/home/huylkq/repos/nlp/FinABSA-Valid/MODEL/FinABSA,Target,ok
676c3fce76be7b48_00,676c3fce76be7b48,https://cafef.vn/lam-phat-va-gia-nang-luong-cao-dang-de-doa-su-on-dinh-chinh-tri-o-eu-20221023094504943.chn,2022-10-23T11:02:00,,EU,EU,Lạm phát và giá năng lượng cao đang đe dọa sự ổn định chính trị ở EU,Lạm phát và giá năng lượng cao đang đe dọa sự ổn định chính trị ở Target,Lạm phát và giá năng lượng cao đang đe dọa sự ổn định chính trị ở Target,The sentiment for[TGT] in the given sentence isNEUTRAL .,NEUTRAL,,,,,/home/huylkq/repos/nlp/FinABSA-Valid/MODEL/FinABSA,Target,ok
b7bee92e8b26c596_00,b7bee92e8b26c596,https://cafef.vn/khong-phai-samsung-thai-nguyen-day-moi-la-doanh-nghiep-nuoc-ngoai-dong-thue-tndn-lon-nhat-viet-nam-nam-2021-20221023095536349.chn,2022-10-23T09:56:01,,TNDN,TNDN,"Không phải Samsung Thái Nguyên, đây mới là doanh nghiệp nước ngoài đóng thuế TNDN lớn nhất Việt Nam năm 2021","Không phải Samsung Thái Nguyên, đây mới là doanh nghiệp nước ngoài đóng thuế Target lớn nhất Việt Nam năm 2021","Không phải Samsung Thái Nguyên, đây mới là doanh nghiệp nước ngoài đóng thuế Target lớn nhất Việt Nam năm 2021",The sentiment for[TGT] in the given sentence isNEUTRAL .,NEUTRAL,,,,,/home/huylkq/repos/nlp/FinABSA-Valid/MODEL/FinABSA,Target,ok
a40a207ddee08df1_00,a40a207ddee08df1,https://cafef.vn/co-phieu-hoa-phat-hpg-troi-xuong-day-2-nam-thi-gia-ve-vung-16x-20221023093207103.chn,2022-10-23T09:32:32,,HPG,HPG,"Cổ phiếu Hoà Phát (HPG) ""trôi"" xuống đáy 2 năm, thị giá về vùng 16.x","Cổ phiếu Hoà Phát (Target) ""trôi"" xuống đáy 2 năm, thị giá về vùng 16.x","Cổ phiếu Hoà Phát (Target) ""trôi"" xuống đáy 2 năm, thị giá về vùng 16.x",The sentiment for[TGT] in the given sentence isNEUTRAL .,NEUTRAL,,,,,/home/huylkq/repos/nlp/FinABSA-Valid/MODEL/FinABSA,Target,ok
bfc7b463d9d6708c_00,bfc7b463d9d6708c,https://cafef.vn/kinh-te-truong-mbs-nha-dau-tu-khong-nen-qua-hoang-loan-va-quan-sat-ky-vung-1000-diem-20221022202002765.chn,2022-10-23T09:05:25,,MBS,MBS,Kinh tế trưởng MBS: Nhà đầu tư không nên quá hoảng loạn và quan sát kỹ vùng 1.000 điểm,Kinh tế trưởng Target: Nhà đầu tư không nên quá hoảng loạn và quan sát kỹ vùng 1.000 điểm,Kinh tế trưởng Target: Nhà đầu tư không nên quá hoảng loạn và quan sát kỹ vùng 1.000 điểm,The sentiment for[TGT] in the given sentence isNEUTRAL .,NEUTRAL,,,,,/home/huylkq/repos/nlp/FinABSA-Valid/MODEL/FinABSA,Target,ok
b2f83fd4b56adecb_00,b2f83fd4b56adecb,https://cafef.vn/tps-chung-khoan-viet-nam-van-dang-trong-giai-doan-tang-gia-cho-den-nam-2027-20221022203558743.chn,2022-10-23T00:07:58,,TPS,TPS,TPS: Chứng khoán Việt Nam vẫn đang trong giai đoạn tăng giá cho đến năm 2027,Target: Chứng khoán Việt Nam vẫn đang trong giai đoạn tăng giá cho đến năm 2027,Target: Chứng khoán Việt Nam vẫn đang trong giai đoạn tăng giá cho đến năm 2027,The sentiment for[TGT] in the given sentence isNEGATIVE .,NEGATIVE,,,,,/home/huylkq/repos/nlp/FinABSA-Valid/MODEL/FinABSA,Target,ok
0089279298d464b4_00,0089279298d464b4,https://cafef.vn/flc-stone-amd-da-tim-duoc-don-vi-kiem-toan-bctc-sau-khi-co-phieu-bi-han-che-giao-dich-20221022112200343.chn,2022-10-23T00:05:00,,FLC,FLC,FLC Stone (AMD) đã tìm được đơn vị kiểm toán BCTC sau khi cổ phiếu bị hạn chế giao dịch,Target Stone (Other) đã tìm được đơn vị kiểm toán BCTC sau khi cổ phiếu bị hạn chế giao dịch,Target Stone (Other) đã tìm được đơn vị kiểm toán BCTC sau khi cổ phiếu bị hạn chế giao dịch,The sentiment for[TGT] in the given sentence isNEUTRAL .,NEUTRAL,,,,,/home/huylkq/repos/nlp/FinABSA-Valid/MODEL/FinABSA,Target,ok
0089279298d464b4_01,0089279298d464b4,https://cafef.vn/flc-stone-amd-da-tim-duoc-don-vi-kiem-toan-bctc-sau-khi-co-phieu-bi-han-che-giao-dich-20221022112200343.chn,2022-10-23T00:05:00,,AMD,AMD,FLC Stone (AMD) đã tìm được đơn vị kiểm toán BCTC sau khi cổ phiếu bị hạn chế giao dịch,Other Stone (Target) đã tìm được đơn vị kiểm toán BCTC sau khi cổ phiếu bị hạn chế giao dịch,Other Stone (Target) đã tìm được đơn vị kiểm toán BCTC sau khi cổ phiếu bị hạn chế giao dịch,The sentiment for[TGT] in the given sentence isNEUTRAL .,NEUTRAL,,,,,/home/huylkq/repos/nlp/FinABSA-Valid/MODEL/FinABSA,Target,ok
ea8c3fe53bb1b1b6_00,ea8c3fe53bb1b1b6,https://cafef.vn/chu-tich-tphcm-noi-ve-van-de-ngan-hang-scb-thieu-xang-o-dau-tau-kinh-te-20221022154031913.chn,2022-10-22T17:28:59,2022-10-22T17:29:00+07:00,TP,TP,"Chủ tịch TP.HCM nói về vấn đề Ngân hàng SCB, thiếu xăng ở ‘đầu tàu kinh tế’","Chủ tịch Target.Other nói về vấn đề Ngân hàng Other, thiếu xăng ở ‘đầu tàu kinh tế’","Chủ tịch Target.Other nói về vấn đề Ngân hàng Other, thiếu xăng ở ‘đầu tàu kinh tế’",The sentiment for[TGT] in the given sentence isNEUTRAL .,NEUTRAL,,,,,/home/huylkq/repos/nlp/FinABSA-Valid/MODEL/FinABSA,Target,ok
ea8c3fe53bb1b1b6_01,ea8c3fe53bb1b1b6,https://cafef.vn/chu-tich-tphcm-noi-ve-van-de-ngan-hang-scb-thieu-xang-o-dau-tau-kinh-te-20221022154031913.chn,2022-10-22T17:28:59,2022-10-22T17:29:00+07:00,HCM,HCM,"Chủ tịch TP.HCM nói về vấn đề Ngân hàng SCB, thiếu xăng ở ‘đầu tàu kinh tế’","Chủ tịch Other.Target nói về vấn đề Ngân hàng Other, thiếu xăng ở ‘đầu tàu kinh tế’","Chủ tịch Other.Target nói về vấn đề Ngân hàng Other, thiếu xăng ở ‘đầu tàu kinh tế’",The sentiment for[TGT] in the given sentence isNEUTRAL .,NEUTRAL,,,,,/home/huylkq/repos/nlp/FinABSA-Valid/MODEL/FinABSA,Target,ok
ea8c3fe53bb1b1b6_02,ea8c3fe53bb1b1b6,https://cafef.vn/chu-tich-tphcm-noi-ve-van-de-ngan-hang-scb-thieu-xang-o-dau-tau-kinh-te-20221022154031913.chn,2022-10-22T17:28:59,2022-10-22T17:29:00+07:00,SCB,SCB,"Chủ tịch TP.HCM nói về vấn đề Ngân hàng SCB, thiếu xăng ở ‘đầu tàu kinh tế’","Chủ tịch Other.Other nói về vấn đề Ngân hàng Target, thiếu xăng ở ‘đầu tàu kinh tế’","Chủ tịch Other.Other nói về vấn đề Ngân hàng Target, thiếu xăng ở ‘đầu tàu kinh tế’",The sentiment for[TGT] in the given sentence isNEUTRAL .,NEUTRAL,,,,,/home/huylkq/repos/nlp/FinABSA-Valid/MODEL/FinABSA,Target,ok
4c5b0c87bb917d27_00,4c5b0c87bb917d27,https://cafef.vn/khong-cong-bo-thong-tin-ve-thanh-toan-lai-trai-phieu-va-chuyen-nhuong-co-phan-dia-oc-sai-gon-thuong-tin-scr-bi-ubcknn-xu-phat-20221022111816516.chn,2022-10-22T16:00:00,,SCR,SCR,"Không công bố thông tin về thanh toán lãi trái phiếu và chuyển nhượng cổ phần, Địa ốc Sài Gòn Thương Tín (SCR) bị UBCKNN xử phạt","Không công bố thông tin về thanh toán lãi trái phiếu và chuyển nhượng cổ phần, Địa ốc Sài Gòn Thương Tín (Target) bị UBCKNN xử phạt","Không công bố thông tin về thanh toán lãi trái phiếu và chuyển nhượng cổ phần, Địa ốc Sài Gòn Thương Tín (Target) bị UBCKNN xử phạt",The sentiment for[TGT] in the given sentence isNEUTRAL .,NEUTRAL,,,,,/home/huylkq/repos/nlp/FinABSA-Valid/MODEL/FinABSA,Target,ok
770a9e719328eb55_00,770a9e719328eb55,https://cafef.vn/thi-truong-dieu-chinh-manh-trong-tuan-17-21-10-khoi-ngoai-thu-hep-dang-ke-da-mua-rong-tap-trung-ban-manh-hpg-20221022110555375.chn,2022-10-22T11:06:16,,HPG,HPG,"Thị trường điều chỉnh mạnh trong tuần 17-21/10, khối ngoại thu hẹp đáng kể đà mua ròng, tập trung bán mạnh HPG","Thị trường điều chỉnh mạnh trong tuần 17-21/10, khối ngoại thu hẹp đáng kể đà mua ròng, tập trung bán mạnh Target","Thị trường điều chỉnh mạnh trong tuần 17-21/10, khối ngoại thu hẹp đáng kể đà mua ròng, tập trung bán mạnh Target",The sentiment for[TGT] in the given sentence isNEUTRAL .,NEUTRAL,,,,,/home/huylkq/repos/nlp/FinABSA-Valid/MODEL/FinABSA,Target,ok
6cd1591e6a67c77c_00,6cd1591e6a67c77c,https://cafef.vn/cap-nhat-bctc-ngay-22-10-them-nhieu-ngan-hang-cong-bo-ket-qua-kinh-doanh-shb-acb-tang-hon-50-so-voi-cung-ky-202210221019435.chn,2022-10-22T10:28:21,2022-10-22T10:28:58+07:00,ACB,ACB,"Cập nhật BCTC ngày 22/10: Thêm nhiều ngân hàng công bố kết quả kinh doanh, SHB, ACB tăng hơn 50% so với cùng kỳ","Cập nhật BCTC ngày 22/10: Thêm nhiều ngân hàng công bố kết quả kinh doanh, Other, Target tăng hơn 50% so với cùng kỳ","Cập nhật BCTC ngày 22/10: Thêm nhiều ngân hàng công bố kết quả kinh doanh, Other, Target tăng hơn 50% so với cùng kỳ",The sentiment for[TGT] in the given sentence isNEUTRAL .,NEUTRAL,,,,,/home/huylkq/repos/nlp/FinABSA-Valid/MODEL/FinABSA,Target,ok
6cd1591e6a67c77c_01,6cd1591e6a67c77c,https://cafef.vn/cap-nhat-bctc-ngay-22-10-them-nhieu-ngan-hang-cong-bo-ket-qua-kinh-doanh-shb-acb-tang-hon-50-so-voi-cung-ky-202210221019435.chn,2022-10-22T10:28:21,2022-10-22T10:28:58+07:00,SHB,SHB,"Cập nhật BCTC ngày 22/10: Thêm nhiều ngân hàng công bố kết quả kinh doanh, SHB, ACB tăng hơn 50% so với cùng kỳ","Cập nhật BCTC ngày 22/10: Thêm nhiều ngân hàng công bố kết quả kinh doanh, Target, Other tăng hơn 50% so với cùng kỳ","Cập nhật BCTC ngày 22/10: Thêm nhiều ngân hàng công bố kết quả kinh doanh, Target, Other tăng hơn 50% so với cùng kỳ",The sentiment for[TGT] in the given sentence isNEUTRAL .,NEUTRAL,,,,,/home/huylkq/repos/nlp/FinABSA-Valid/MODEL/FinABSA,Target,ok
534b5703a5cb02b1_00,534b5703a5cb02b1,https://cafef.vn/thi-truong-bat-dong-san-va-tpdn-dieu-chinh-ngan-hang-nao-se-bi-anh-huong-nhieu-nhat-20221022094931898.chn,2022-10-22T09:49:00,2022-10-23T17:52:25+07:00,TPDN,TPDN,"Thị trường bất động sản và TPDN điều chỉnh, ngân hàng nào sẽ bị ảnh hưởng nhiều nhất?","Thị trường bất động sản và Target điều chỉnh, ngân hàng nào sẽ bị ảnh hưởng nhiều nhất?","Thị trường bất động sản và Target điều chỉnh, ngân hàng nào sẽ bị ảnh hưởng nhiều nhất?",The sentiment for[TGT] in the given sentence isNEUTRAL .,NEUTRAL,,,,,/home/huylkq/repos/nlp/FinABSA-Valid/MODEL/FinABSA,Target,ok
ec3ab633a3a46161_00,ec3ab633a3a46161,https://cafef.vn/dich-vu-hang-khong-san-bay-tan-son-nhat-sasco-lai-quy-3-cao-gap-17-lan-cung-ky-vuot-hon-50-ke-hoach-loi-nhuan-chi-sau-9-thang-20221019102001698.chn,2022-10-22T06:03:00,,SASCO,SASCO,"Dịch vụ Hàng không Sân bay Tân Sơn Nhất (SASCO): Lãi quý 3 cao gấp 17 lần cùng kỳ, vượt hơn 50% kế hoạch lợi nhuận chỉ sau 9 tháng","Dịch vụ Hàng không Sân bay Tân Sơn Nhất (Target): Lãi quý 3 cao gấp 17 lần cùng kỳ, vượt hơn 50% kế hoạch lợi nhuận chỉ sau 9 tháng","Dịch vụ Hàng không Sân bay Tân Sơn Nhất (Target): Lãi quý 3 cao gấp 17 lần cùng kỳ, vượt hơn 50% kế hoạch lợi nhuận chỉ sau 9 tháng",The sentiment for[TGT] in the given sentence isNEGATIVE .,NEGATIVE,,,,,/home/huylkq/repos/nlp/FinABSA-Valid/MODEL/FinABSA,Target,ok
5af925867c5cb61e_00,5af925867c5cb61e,https://cafef.vn/tcbs-cung-chien-luoc-wealthtech-9-thang-2022-loi-nhuan-vuot-2700-ty-dong-dat-81-ke-hoach-nam-20221021145842669.chn,2022-10-21T19:30:00,,TCB,TCB,"TCBS cùng chiến lược Wealthtech: 9 tháng 2022 lợi nhuận vượt 2.700 tỷ đồng, đạt 81% kế hoạch năm","TargetS cùng chiến lược Wealthtech: 9 tháng 2022 lợi nhuận vượt 2.700 tỷ đồng, đạt 81% kế hoạch năm","TargetS cùng chiến lược Wealthtech: 9 tháng 2022 lợi nhuận vượt 2.700 tỷ đồng, đạt 81% kế hoạch năm",The sentiment for[TGT] in the given sentence isPOSITIVE .,POSITIVE,,,,,/home/huylkq/repos/nlp/FinABSA-Valid/MODEL/FinABSA,Target,ok
5af925867c5cb61e_01,5af925867c5cb61e,https://cafef.vn/tcbs-cung-chien-luoc-wealthtech-9-thang-2022-loi-nhuan-vuot-2700-ty-dong-dat-81-ke-hoach-nam-20221021145842669.chn,2022-10-21T19:30:00,,TCBS,TCBS,"TCBS cùng chiến lược Wealthtech: 9 tháng 2022 lợi nhuận vượt 2.700 tỷ đồng, đạt 81% kế hoạch năm","Target cùng chiến lược Wealthtech: 9 tháng 2022 lợi nhuận vượt 2.700 tỷ đồng, đạt 81% kế hoạch năm","Target cùng chiến lược Wealthtech: 9 tháng 2022 lợi nhuận vượt 2.700 tỷ đồng, đạt 81% kế hoạch năm",The sentiment for[TGT] in the given sentence isPOSITIVE .,POSITIVE,,,,,/home/huylkq/repos/nlp/FinABSA-Valid/MODEL/FinABSA,Target,ok
ddb978c4fd2812af_00,ddb978c4fd2812af,https://cafef.vn/them-3-ngan-hang-cong-bo-kqkd-ngay-21-10-mot-nha-bang-bao-lai-quy-3-2022-gap-doi-cung-ky-20221021192517409.chn,2022-10-21T19:25:36,,KQKD,KQKD,Thêm 3 ngân hàng công bố KQKD ngày 21/10: Một nhà băng báo lãi quý 3/2022 gấp đôi cùng kỳ,Thêm 3 ngân hàng công bố Target ngày 21/10: Một nhà băng báo lãi quý 3/2022 gấp đôi cùng kỳ,Thêm 3 ngân hàng công bố Target ngày 21/10: Một nhà băng báo lãi quý 3/2022 gấp đôi cùng kỳ,The sentiment for[TGT] in the given sentence isNEUTRAL .,NEUTRAL,,,,,/home/huylkq/repos/nlp/FinABSA-Valid/MODEL/FinABSA,Target,ok
c29ad333556ce4d0_00,c29ad333556ce4d0,https://cafef.vn/du-no-margin-tang-gap-doi-loi-nhuan-sau-thue-cua-vix-giam-40-trong-quy-3-20221021161829344.chn,2022-10-21T18:19:28,2022-10-21T18:20:12+07:00,VIX,VIX,"Dư nợ margin tăng gấp đôi, lợi nhuận sau thuế của VIX giảm 40% trong quý 3","Dư nợ margin tăng gấp đôi, lợi nhuận sau thuế của Target giảm 40% trong quý 3","Dư nợ margin tăng gấp đôi, lợi nhuận sau thuế của Target giảm 40% trong quý 3",The sentiment for[TGT] in the given sentence isPOSITIVE .,POSITIVE,,,,,/home/huylkq/repos/nlp/FinABSA-Valid/MODEL/FinABSA,Target,ok
5900a8e9c28d6d6d_00,5900a8e9c28d6d6d,https://cafef.vn/duong-day-nong-tiep-nhan-thong-tin-lien-quan-den-ngan-hang-scb-da-ha-nhiet-20221021085605226.chn,2022-10-21T17:28:08,,SCB,SCB,Đường dây nóng tiếp nhận thông tin liên quan đến Ngân hàng SCB đã 'hạ nhiệt',Đường dây nóng tiếp nhận thông tin liên quan đến Ngân hàng Target đã 'hạ nhiệt',Đường dây nóng tiếp nhận thông tin liên quan đến Ngân hàng Target đã 'hạ nhiệt',The sentiment for[TGT] in the given sentence isNEUTRAL .,NEUTRAL,,,,,/home/huylkq/repos/nlp/FinABSA-Valid/MODEL/FinABSA,Target,ok
b0a7078eee0a2ec5_00,b0a7078eee0a2ec5,https://cafef.vn/chung-khoan-agribank-agr-bao-lai-quy-3-tang-32-so-voi-cung-ky-nam-truoc-20221021160646189.chn,2022-10-21T17:06:00,,AGR,AGR,Chứng khoán Agribank (AGR) báo lãi quý 3 tăng 32% so với cùng kỳ năm trước,Chứng khoán Agribank (Target) báo lãi quý 3 tăng 32% so với cùng kỳ năm trước,Chứng khoán Agribank (Target) báo lãi quý 3 tăng 32% so với cùng kỳ năm trước,The sentiment for[TGT] in the given sentence isPOSITIVE .,POSITIVE,,,,,/home/huylkq/repos/nlp/FinABSA-Valid/MODEL/FinABSA,Target,ok
9b27085c74fd485a_00,9b27085c74fd485a,https://cafef.vn/cap-nhat-tinh-hinh-thua-lo-quy-3-2022-thep-chung-khoan-dau-vi-thi-truong-nhieu-dn-lao-dao-vi-dau-tu-co-phieu-20221021151647519.chn,2022-10-21T15:18:22,,DN,DN,"Cập nhật tình hình thua lỗ quý 3/2022: Thép, chứng khoán ""đau"" vì thị trường, nhiều DN lao đao vì đầu tư cổ phiếu","Cập nhật tình hình thua lỗ quý 3/2022: Thép, chứng khoán ""đau"" vì thị trường, nhiều Target lao đao vì đầu tư cổ phiếu","Cập nhật tình hình thua lỗ quý 3/2022: Thép, chứng khoán ""đau"" vì thị trường, nhiều Target lao đao vì đầu tư cổ phiếu",The sentiment for[TGT] in the given sentence isNEUTRAL .,NEUTRAL,,,,,/home/huylkq/repos/nlp/FinABSA-Valid/MODEL/FinABSA,Target,ok
81845d17df72f09f_00,81845d17df72f09f,https://cafef.vn/veam-vea-chot-quyen-chi-tra-co-tuc-gan-45-bo-cong-thuong-sap-nhan-ve-gan-5300-ty-dong-20221021142944317.chn,2022-10-21T14:35:41,,VEAM,VEAM,"VEAM (VEA) chốt quyền chi trả cổ tức gần 45%, Bộ Công thương sắp nhận về gần 5.300 tỷ đồng","Target (Other) chốt quyền chi trả cổ tức gần 45%, Bộ Công thương sắp nhận về gần 5.300 tỷ đồng","Target (Other) chốt quyền chi trả cổ tức gần 45%, Bộ Công thương sắp nhận về gần 5.300 tỷ đồng",The sentiment for[TGT] in the given sentence isNEUTRAL .,NEUTRAL,,,,,/home/huylkq/repos/nlp/FinABSA-Valid/MODEL/FinABSA,Target,ok
81845d17df72f09f_01,81845d17df72f09f,https://cafef.vn/veam-vea-chot-quyen-chi-tra-co-tuc-gan-45-bo-cong-thuong-sap-nhan-ve-gan-5300-ty-dong-20221021142944317.chn,2022-10-21T14:35:41,,VEA,VEA,"VEAM (VEA) chốt quyền chi trả cổ tức gần 45%, Bộ Công thương sắp nhận về gần 5.300 tỷ đồng","TargetM (VEA) chốt quyền chi trả cổ tức gần 45%, Bộ Công thương sắp nhận về gần 5.300 tỷ đồng","TargetM (VEA) chốt quyền chi trả cổ tức gần 45%, Bộ Công thương sắp nhận về gần 5.300 tỷ đồng",The sentiment for[TGT] in the given sentence isNEUTRAL .,NEUTRAL,,,,,/home/huylkq/repos/nlp/FinABSA-Valid/MODEL/FinABSA,Target,ok
212dd0cf59ea212b_00,212dd0cf59ea212b,https://cafef.vn/om-hang-trieu-co-phieu-hpg-mot-doanh-nghiep-bao-lai-9-thang-giam-29-do-trich-lap-du-phong-20221021111108067.chn,2022-10-21T13:58:59,,HPG,HPG,"Ôm hàng triệu cổ phiếu HPG, một doanh nghiệp báo lãi 9 tháng giảm 29% do trích lập dự phòng","Ôm hàng triệu cổ phiếu Target, một doanh nghiệp báo lãi 9 tháng giảm 29% do trích lập dự phòng","Ôm hàng triệu cổ phiếu Target, một doanh nghiệp báo lãi 9 tháng giảm 29% do trích lập dự phòng",The sentiment for[TGT] in the given sentence isNEUTRAL .,NEUTRAL,,,,,/home/huylkq/repos/nlp/FinABSA-Valid/MODEL/FinABSA,Target,ok
a0dc68d496d8f697_00,a0dc68d496d8f697,https://cafef.vn/messi-choi-lon-dau-tu-vao-thung-lung-silicon-20221021103409909.chn,2022-10-21T10:55:00,,SSI,ssi,"Messi chơi lớn, đầu tư vào thung lũng Silicon","MeTarget chơi lớn, đầu tư vào thung lũng Silicon","MeTarget chơi lớn, đầu tư vào thung lũng Silicon",The sentiment for[TGT] in the given sentence isNEUTRAL .,NEUTRAL,,,,,/home/huylkq/repos/nlp/FinABSA-Valid/MODEL/FinABSA,Target,ok
70779cad196dd97b_00,70779cad196dd97b,https://cafef.vn/doanh-nghiep-dau-tien-ho-flc-bao-lo-trong-mua-bctc-quy-3-20221021102723558.chn,2022-10-21T10:28:02,,FLC,FLC,"Doanh nghiệp đầu tiên ""họ FLC"" báo lỗ trong mùa BCTC quý 3","Doanh nghiệp đầu tiên ""họ Target"" báo lỗ trong mùa BCTC quý 3","Doanh nghiệp đầu tiên ""họ Target"" báo lỗ trong mùa BCTC quý 3",The sentiment for[TGT] in the given sentence isNEUTRAL .,NEUTRAL,,,,,/home/huylkq/repos/nlp/FinABSA-Valid/MODEL/FinABSA,Target,ok
36faf18948ce1fbc_00,36faf18948ce1fbc,https://cafef.vn/chung-khoan-vps-bao-lai-9-thang-tang-21-tien-nam-cho-giam-hon-3200-ty-dong-trong-quy-3-2022102109264107.chn,2022-10-21T10:25:38,,VPS,VPS,"Chứng khoán VPS báo lãi 9 tháng tăng 21%, tiền ""nằm chờ"" giảm hơn 3.200 tỷ đồng trong quý 3","Chứng khoán Target báo lãi 9 tháng tăng 21%, tiền ""nằm chờ"" giảm hơn 3.200 tỷ đồng trong quý 3","Chứng khoán Target báo lãi 9 tháng tăng 21%, tiền ""nằm chờ"" giảm hơn 3.200 tỷ đồng trong quý 3",The sentiment for[TGT] in the given sentence isPOSITIVE .,POSITIVE,,,,,/home/huylkq/repos/nlp/FinABSA-Valid/MODEL/FinABSA,Target,ok
68d26578b12077a0_00,68d26578b12077a0,https://cafef.vn/chung-khoan-tri-viet-tvb-gong-lo-gan-tram-ty-dong-co-phieu-hpg-nhung-chua-ghi-nhan-vao-kqkd-20221021085819237.chn,2022-10-21T08:59:33,2022-10-21T09:00:07+07:00,HPG,HPG,Chứng khoán Trí Việt (TVB) “gồng lỗ” gần trăm tỷ đồng cổ phiếu HPG nhưng chưa ghi nhận vào KQKD,Chứng khoán Trí Việt (Other) “gồng lỗ” gần trăm tỷ đồng cổ phiếu Target nhưng chưa ghi nhận vào Other,Chứng khoán Trí Việt (Other) “gồng lỗ” gần trăm tỷ đồng cổ phiếu Target nhưng chưa ghi nhận vào Other,The sentiment for[TGT] in the given sentence isNEUTRAL .,NEUTRAL,,,,,/home/huylkq/repos/nlp/FinABSA-Valid/MODEL/FinABSA,Target,ok
68d26578b12077a0_01,68d26578b12077a0,https://cafef.vn/chung-khoan-tri-viet-tvb-gong-lo-gan-tram-ty-dong-co-phieu-hpg-nhung-chua-ghi-nhan-vao-kqkd-20221021085819237.chn,2022-10-21T08:59:33,2022-10-21T09:00:07+07:00,TVB,TVB,Chứng khoán Trí Việt (TVB) “gồng lỗ” gần trăm tỷ đồng cổ phiếu HPG nhưng chưa ghi nhận vào KQKD,Chứng khoán Trí Việt (Target) “gồng lỗ” gần trăm tỷ đồng cổ phiếu Other nhưng chưa ghi nhận vào Other,Chứng khoán Trí Việt (Target) “gồng lỗ” gần trăm tỷ đồng cổ phiếu Other nhưng chưa ghi nhận vào Other,The sentiment for[TGT] in the given sentence isNEUTRAL .,NEUTRAL,,,,,/home/huylkq/repos/nlp/FinABSA-Valid/MODEL/FinABSA,Target,ok
68d26578b12077a0_02,68d26578b12077a0,https://cafef.vn/chung-khoan-tri-viet-tvb-gong-lo-gan-tram-ty-dong-co-phieu-hpg-nhung-chua-ghi-nhan-vao-kqkd-20221021085819237.chn,2022-10-21T08:59:33,2022-10-21T09:00:07+07:00,KQKD,KQKD,Chứng khoán Trí Việt (TVB) “gồng lỗ” gần trăm tỷ đồng cổ phiếu HPG nhưng chưa ghi nhận vào KQKD,Chứng khoán Trí Việt (Other) “gồng lỗ” gần trăm tỷ đồng cổ phiếu Other nhưng chưa ghi nhận vào Target,Chứng khoán Trí Việt (Other) “gồng lỗ” gần trăm tỷ đồng cổ phiếu Other nhưng chưa ghi nhận vào Target,The sentiment for[TGT] in the given sentence isNEUTRAL .,NEUTRAL,,,,,/home/huylkq/repos/nlp/FinABSA-Valid/MODEL/FinABSA,Target,ok
15dd03cfb5b96de6_00,15dd03cfb5b96de6,https://cafef.vn/thi-truong-can-ho-tphcm-dien-bien-kho-hieu-sau-nhieu-bien-dong-20221021082431513.chn,2022-10-21T08:44:05,2022-10-21T08:44:37+07:00,HCM,HCM,Thị trường căn hộ Tp.HCM diễn biến khó hiểu sau nhiều biến động?,Thị trường căn hộ Tp.Target diễn biến khó hiểu sau nhiều biến động?,Thị trường căn hộ Tp.Target diễn biến khó hiểu sau nhiều biến động?,The sentiment for[TGT] in the given sentence isNEUTRAL .,NEUTRAL,,,,,/home/huylkq/repos/nlp/FinABSA-Valid/MODEL/FinABSA,Target,ok
1d82470cd42659c7_00,1d82470cd42659c7,https://cafef.vn/vinacapital-dinh-gia-co-phieu-ngan-hang-viet-nam-dang-re-20221021083953162.chn,2022-10-21T08:40:10,,ITA,ita,VinaCapital: Định giá cổ phiếu ngân hàng Việt Nam đang rẻ,VinaCapTargetl: Định giá cổ phiếu ngân hàng Việt Nam đang rẻ,VinaCapTargetl: Định giá cổ phiếu ngân hàng Việt Nam đang rẻ,The sentiment for[TGT] in the given sentence isNEUTRAL .,NEUTRAL,,,,,/home/huylkq/repos/nlp/FinABSA-Valid/MODEL/FinABSA,Target,ok
08848f339a0d0496_00,08848f339a0d0496,https://cafef.vn/thi-truong-ngay-21-10-gia-ca-phe-cham-day-13-thang-khi-gas-thap-nhat-7-thang-quang-sat-cao-su-cung-giam-2022102108352072.chn,2022-10-21T08:35:37,,GAS,gas,"Thị trường ngày 21/10: Giá cà phê chạm đáy 13 tháng, khí gas thấp nhất 7 tháng, quặng sắt, cao su cũng giảm","Thị trường ngày 21/10: Giá cà phê chạm đáy 13 tháng, khí Target thấp nhất 7 tháng, quặng sắt, cao su cũng giảm","Thị trường ngày 21/10: Giá cà phê chạm đáy 13 tháng, khí Target thấp nhất 7 tháng, quặng sắt, cao su cũng giảm",The sentiment for[TGT] in the given sentence isNEUTRAL .,NEUTRAL,,,,,/home/huylkq/repos/nlp/FinABSA-Valid/MODEL/FinABSA,Target,ok
95bb729eff2aeb27_00,95bb729eff2aeb27,https://cafef.vn/trai-nghiem-ngan-hang-so-muot-ma-voi-giai-phap-tu-hpe-red-hat-2022102020041213.chn,2022-10-21T08:00:00,,HPE,HPE,Trải nghiệm ngân hàng số mượt mà với giải pháp từ HPE & Red Hat,Trải nghiệm ngân hàng số mượt mà với giải pháp từ Target & Red Hat,Trải nghiệm ngân hàng số mượt mà với giải pháp từ Target & Red Hat,The sentiment for[TGT] in the given sentence isNEUTRAL .,NEUTRAL,,,,,/home/huylkq/repos/nlp/FinABSA-Valid/MODEL/FinABSA,Target,ok
a85ff692708939fa_00,a85ff692708939fa,https://cafef.vn/mot-dn-bat-dong-san-bao-lai-sut-giam-83-trong-quy-3-trong-khi-doanh-thu-tang-dot-bien-484-20221021074356479.chn,2022-10-21T07:44:13,,DN,DN,Một DN bất động sản báo lãi sụt giảm 83% trong quý 3 trong khi doanh thu tăng đột biến 484%,Một Target bất động sản báo lãi sụt giảm 83% trong quý 3 trong khi doanh thu tăng đột biến 484%,Một Target bất động sản báo lãi sụt giảm 83% trong quý 3 trong khi doanh thu tăng đột biến 484%,The sentiment for[TGT] in the given sentence isNEUTRAL .,NEUTRAL,,,,,/home/huylkq/repos/nlp/FinABSA-Valid/MODEL/FinABSA,Target,ok
8efce4128c5ab573_00,8efce4128c5ab573,https://cafef.vn/nhung-doanh-nghiep-lo-cang-them-lo-vi-bat-day-co-phieu-hpg-20221031204322548.chn,2022-10-31T20:43:25,,HPG,HPG,"Những doanh nghiệp ""lỗ càng thêm lỗ"" vì ""bắt đáy"" cổ phiếu HPG","Những doanh nghiệp ""lỗ càng thêm lỗ"" vì ""bắt đáy"" cổ phiếu Target","Những doanh nghiệp ""lỗ càng thêm lỗ"" vì ""bắt đáy"" cổ phiếu Target",The sentiment for[TGT] in the given sentence isNEUTRAL .,NEUTRAL,,,,,/home/huylkq/repos/nlp/FinABSA-Valid/MODEL/FinABSA,Target,ok
1be04b34e3d320d9_00,1be04b34e3d320d9,https://cafef.vn/cap-nhat-bctc-quy-3-ngay-31-10-mot-doanh-nghiep-bat-dong-san-tang-lai-gan-18-lan-loat-doanh-nghiep-hang-khong-da-cong-bo-20221031114830615.chn,2022-10-31T20:01:00,2022-10-31T20:02:17+07:00,VEAM,VEAM,"Hàng loạt doanh nghiệp lớn công bố BCTC quý 3 trước hạn chót: Vinaconex, VEAM, Viettel Global, Petrolimex... với nhiều kết quả bất ngờ","Hàng loạt doanh nghiệp lớn công bố BCTC quý 3 trước hạn chót: Vinaconex, Target, Viettel Global, Petrolimex... với nhiều kết quả bất ngờ","Hàng loạt doanh nghiệp lớn công bố BCTC quý 3 trước hạn chót: Vinaconex, Target, Viettel Global, Petrolimex... với nhiều kết quả bất ngờ",The sentiment for[TGT] in the given sentence isNEGATIVE .,NEGATIVE,,,,,/home/huylkq/repos/nlp/FinABSA-Valid/MODEL/FinABSA,Target,ok
4f8e91d52efaf8b3_00,4f8e91d52efaf8b3,https://cafef.vn/crm-giai-quyet-bai-toan-kho-cua-nhung-doanh-nghiep-thieu-nang-luc-phan-tich-du-lieu-khach-hang-20221031172559295.chn,2022-10-31T19:30:00,,CRM,CRM,CRM - Giải quyết bài toán khó của những doanh nghiệp thiếu năng lực phân tích dữ liệu khách hàng,Target - Giải quyết bài toán khó của những doanh nghiệp thiếu năng lực phân tích dữ liệu khách hàng,Target - Giải quyết bài toán khó của những doanh nghiệp thiếu năng lực phân tích dữ liệu khách hàng,The sentiment for[TGT] in the given sentence isNEUTRAL .,NEUTRAL,,,,,/home/huylkq/repos/nlp/FinABSA-Valid/MODEL/FinABSA,Target,ok
43730913eea2c4c3_00,43730913eea2c4c3,https://cafef.vn/ty-gia-usd-vnd-tiep-tuc-giao-dich-o-muc-cao-20221031192317563.chn,2022-10-31T19:23:20,,VND,VND,Tỷ giá USD/VND tiếp tục giao dịch ở mức cao,Tỷ giá USD/Target tiếp tục giao dịch ở mức cao,Tỷ giá USD/Target tiếp tục giao dịch ở mức cao,The sentiment for[TGT] in the given sentence isNEUTRAL .,NEUTRAL,,,,,/home/huylkq/repos/nlp/FinABSA-Valid/MODEL/FinABSA,Target,ok
ae2678252c5051e8_00,ae2678252c5051e8,https://cafef.vn/halloween-cua-co-dong-thep-co-phieu-hoa-sen-hsg-hoa-phat-hpg-bi-ban-thao-sau-khi-doanh-nghiep-dong-loat-bao-lo-ly-luc-20221031165425985.chn,2022-10-31T16:55:06,2022-10-31T16:55:43+07:00,HPG,HPG,"Halloween của cổ đông thép: cổ phiếu Hoa Sen (HSG), Hoà Phát (HPG)… bị bán tháo sau khi doanh nghiệp đồng loạt báo lỗ lỷ lục","Halloween của cổ đông thép: cổ phiếu Hoa Sen (Other), Hoà Phát (Target)… bị bán tháo sau khi doanh nghiệp đồng loạt báo lỗ lỷ lục","Halloween của cổ đông thép: cổ phiếu Hoa Sen (Other), Hoà Phát (Target)… bị bán tháo sau khi doanh nghiệp đồng loạt báo lỗ lỷ lục",The sentiment for[TGT] in the given sentence isNEUTRAL .,NEUTRAL,,,,,/home/huylkq/repos/nlp/FinABSA-Valid/MODEL/FinABSA,Target,ok
ae2678252c5051e8_01,ae2678252c5051e8,https://cafef.vn/halloween-cua-co-dong-thep-co-phieu-hoa-sen-hsg-hoa-phat-hpg-bi-ban-thao-sau-khi-doanh-nghiep-dong-loat-bao-lo-ly-luc-20221031165425985.chn,2022-10-31T16:55:06,2022-10-31T16:55:43+07:00,HSG,HSG,"Halloween của cổ đông thép: cổ phiếu Hoa Sen (HSG), Hoà Phát (HPG)… bị bán tháo sau khi doanh nghiệp đồng loạt báo lỗ lỷ lục","Halloween của cổ đông thép: cổ phiếu Hoa Sen (Target), Hoà Phát (Other)… bị bán tháo sau khi doanh nghiệp đồng loạt báo lỗ lỷ lục","Halloween của cổ đông thép: cổ phiếu Hoa Sen (Target), Hoà Phát (Other)… bị bán tháo sau khi doanh nghiệp đồng loạt báo lỗ lỷ lục",The sentiment for[TGT] in the given sentence isNEUTRAL .,NEUTRAL,,,,,/home/huylkq/repos/nlp/FinABSA-Valid/MODEL/FinABSA,Target,ok
0a60846ceceeedff_00,0a60846ceceeedff,https://cafef.vn/phu-nhan-nen-kinh-te-suy-thoai-bo-truong-tai-chinh-my-ke-ve-no-luc-to-lon-cua-tt-biden-20221031155737127.chn,2022-10-31T15:57:38,,BID,Bid,"Phủ nhận nền kinh tế suy thoái, Bộ trưởng Tài chính Mỹ kể về nỗ lực "" to lớn"" của TT Biden","Phủ nhận nền kinh tế suy thoái, Bộ trưởng Tài chính Mỹ kể về nỗ lực "" to lớn"" của Other Targeten","Phủ nhận nền kinh tế suy thoái, Bộ trưởng Tài chính Mỹ kể về nỗ lực "" to lớn"" của Other Targeten",The sentiment for[TGT] in the given sentence isNEUTRAL .,NEUTRAL,,,,,/home/huylkq/repos/nlp/FinABSA-Valid/MODEL/FinABSA,Target,ok
0a60846ceceeedff_01,0a60846ceceeedff,https://cafef.vn/phu-nhan-nen-kinh-te-suy-thoai-bo-truong-tai-chinh-my-ke-ve-no-luc-to-lon-cua-tt-biden-20221031155737127.chn,2022-10-31T15:57:38,,TT,TT,"Phủ nhận nền kinh tế suy thoái, Bộ trưởng Tài chính Mỹ kể về nỗ lực "" to lớn"" của TT Biden","Phủ nhận nền kinh tế suy thoái, Bộ trưởng Tài chính Mỹ kể về nỗ lực "" to lớn"" của Target Otheren","Phủ nhận nền kinh tế suy thoái, Bộ trưởng Tài chính Mỹ kể về nỗ lực "" to lớn"" của Target Otheren",The sentiment for[TGT] in the given sentence isNEUTRAL .,NEUTRAL,,,,,/home/huylkq/repos/nlp/FinABSA-Valid/MODEL/FinABSA,Target,ok
cda39b886639e2c1_00,cda39b886639e2c1,https://cafef.vn/ghi-nhan-hon-2000-ty-lai-hut-hoi-quy-2-kinh-bac-kbc-bao-lai-dot-bien-du-doanh-thu-giam-37-20221031153820515.chn,2022-10-31T15:42:00,2022-10-31T16:05:41+07:00,KBC,KBC,"Chính thức ghi nhận khoản lãi đầu tư vào công ty liên kết, Kinh Bắc City (KBC) lãi đột biến gần 2.000 tỷ đồng trong quý 3","Chính thức ghi nhận khoản lãi đầu tư vào công ty liên kết, Kinh Bắc City (Target) lãi đột biến gần 2.000 tỷ đồng trong quý 3","Chính thức ghi nhận khoản lãi đầu tư vào công ty liên kết, Kinh Bắc City (Target) lãi đột biến gần 2.000 tỷ đồng trong quý 3",The sentiment for[TGT] in the given sentence isNEUTRAL .,NEUTRAL,,,,,/home/huylkq/repos/nlp/FinABSA-Valid/MODEL/FinABSA,Target,ok
16bb719ad63654c9_00,16bb719ad63654c9,https://cafef.vn/muc-do-san-sang-thuc-hanh-esg-cua-doanh-nghiep-viet-nam-dang-ra-sao-20221031151203568.chn,2022-10-31T15:12:56,,ESG,ESG,Mức độ sẵn sàng thực hành ESG của doanh nghiệp Việt Nam đang ra sao?,Mức độ sẵn sàng thực hành Target của doanh nghiệp Việt Nam đang ra sao?,Mức độ sẵn sàng thực hành Target của doanh nghiệp Việt Nam đang ra sao?,The sentiment for[TGT] in the given sentence isNEUTRAL .,NEUTRAL,,,,,/home/huylkq/repos/nlp/FinABSA-Valid/MODEL/FinABSA,Target,ok
5e015f607dcf1cd8_00,5e015f607dcf1cd8,https://cafef.vn/bat-chap-nam-day-bien-dong-fir-tang-truong-doanh-thu-gap-doi-nam-2021-20221031154149764.chn,2022-10-31T15:30:00,2022-10-31T15:43:03+07:00,FIR,FIR,"Bất chấp năm đầy biến động, FIR tăng trưởng doanh thu gấp đôi năm 2021","Bất chấp năm đầy biến động, Target tăng trưởng doanh thu gấp đôi năm 2021","Bất chấp năm đầy biến động, Target tăng trưởng doanh thu gấp đôi năm 2021",The sentiment for[TGT] in the given sentence isNEUTRAL .,NEUTRAL,,,,,/home/huylkq/repos/nlp/FinABSA-Valid/MODEL/FinABSA,Target,ok
5bc10ec1a8dfc5be_00,5bc10ec1a8dfc5be,https://cafef.vn/hut-thu-tu-mang-o-to-va-bat-dong-san-tai-chinh-hoang-huy-tch-lan-dau-bao-lo-ke-tu-khi-niem-yet-van-con-hon-7500-ty-dong-tien-gui-ngan-hang-20221031105951238.chn,2022-10-31T10:59:58,,TCH,TCH,"Hụt thu từ mảng ô tô và bất động sản, Tài chính Hoàng Huy (TCH) lần đầu báo lỗ kể từ khi niêm yết, vẫn còn hơn 7.500 tỷ đồng tiền gửi ngân hàng","Hụt thu từ mảng ô tô và bất động sản, Tài chính Hoàng Huy (Target) lần đầu báo lỗ kể từ khi niêm yết, vẫn còn hơn 7.500 tỷ đồng tiền gửi ngân hàng","Hụt thu từ mảng ô tô và bất động sản, Tài chính Hoàng Huy (Target) lần đầu báo lỗ kể từ khi niêm yết, vẫn còn hơn 7.500 tỷ đồng tiền gửi ngân hàng",The sentiment for[TGT] in the given sentence isNEUTRAL .,NEUTRAL,,,,,/home/huylkq/repos/nlp/FinABSA-Valid/MODEL/FinABSA,Target,ok
f2c5adae92210567_00,f2c5adae92210567,https://cafef.vn/mot-nguoi-bi-khoi-to-va-tam-giam-mot-nguoi-vua-tu-nhiem-hdqt-cua-flc-faros-chi-con-lai-chu-tich-20221031105857667.chn,2022-10-31T10:59:30,,FLC,FLC,"Một người bị khởi tố và tạm giam, một người vừa từ nhiệm, HĐQT của FLC Faros chỉ còn lại Chủ tịch","Một người bị khởi tố và tạm giam, một người vừa từ nhiệm, HĐQT của Target Faros chỉ còn lại Chủ tịch","Một người bị khởi tố và tạm giam, một người vừa từ nhiệm, HĐQT của Target Faros chỉ còn lại Chủ tịch",The sentiment for[TGT] in the given sentence isNEUTRAL .,NEUTRAL,,,,,/home/huylkq/repos/nlp/FinABSA-Valid/MODEL/FinABSA,Target,ok
0a49f41e7da4d29b_00,0a49f41e7da4d29b,https://cafef.vn/bat-chap-doanh-thu-giam-mot-nua-heo-an-chay-baf-lai-gap-3-lan-moi-ngay-bo-tui-hon-175-ty-loi-nhuan-trong-quy-3-2022-20221031101220912.chn,2022-10-31T10:13:50,,BAF,BAF,"Bất chấp doanh thu giảm một nửa, “Heo ăn chay” BAF lãi gấp 3 lần, mỗi ngày “bỏ túi” hơn 1,75 tỷ lợi nhuận trong quý 3/2022","Bất chấp doanh thu giảm một nửa, “Heo ăn chay” Target lãi gấp 3 lần, mỗi ngày “bỏ túi” hơn 1,75 tỷ lợi nhuận trong quý 3/2022","Bất chấp doanh thu giảm một nửa, “Heo ăn chay” Target lãi gấp 3 lần, mỗi ngày “bỏ túi” hơn 1,75 tỷ lợi nhuận trong quý 3/2022",The sentiment for[TGT] in the given sentence isNEUTRAL .,NEUTRAL,,,,,/home/huylkq/repos/nlp/FinABSA-Valid/MODEL/FinABSA,Target,ok
0fd2de139deeddb7_00,0fd2de139deeddb7,https://cafef.vn/nghe-an-co-them-2-du-an-fdi-275-trieu-do-2022103108595672.chn,2022-10-31T09:05:46,,FDI,FDI,Nghệ An có thêm 2 dự án FDI 275 triệu đô,Nghệ An có thêm 2 dự án Target 275 triệu đô,Nghệ An có thêm 2 dự án Target 275 triệu đô,The sentiment for[TGT] in the given sentence isNEUTRAL .,NEUTRAL,,,,,/home/huylkq/repos/nlp/FinABSA-Valid/MODEL/FinABSA,Target,ok
b70d536a955edb03_00,b70d536a955edb03,https://cafef.vn/flc-lo-785-ty-dong-trong-quy-3-20221031082821057.chn,2022-10-31T08:28:23,,FLC,FLC,FLC lỗ 785 tỷ đồng trong quý 3,Target lỗ 785 tỷ đồng trong quý 3,Target lỗ 785 tỷ đồng trong quý 3,The sentiment for[TGT] in the given sentence isNEUTRAL .,NEUTRAL,,,,,/home/huylkq/repos/nlp/FinABSA-Valid/MODEL/FinABSA,Target,ok
d5ac313dc7e49c53_00,d5ac313dc7e49c53,https://cafef.vn/giua-luc-co-phieu-big-tech-dang-bi-tan-sat-day-la-diem-sang-duy-nhat-20221031062000914.chn,2022-10-31T08:07:00,,BIG,BIG,"Giữa lúc cổ phiếu Big Tech đang bị ""tàn sát"", đây là điểm sáng duy nhất","Giữa lúc cổ phiếu Big Tech đang bị ""tàn sát"", đây là điểm sáng duy nhất","Giữa lúc cổ phiếu Big Tech đang bị ""tàn sát"", đây là điểm sáng duy nhất",The sentiment for[TGT] in the given sentence isNEUTRAL .,NEUTRAL,,,,,/home/huylkq/repos/nlp/FinABSA-Valid/MODEL/FinABSA,Target,ok
4295a2def0cb7e9e_00,4295a2def0cb7e9e,https://cafef.vn/chuyen-gia-hsc-lua-chon-doanh-nghiep-dau-tu-giong-nhu-di-tim-vo-dung-dua-ra-nguyen-tac-va-roi-pha-vo-no-20221030173955975.chn,2022-10-30T21:52:37,2022-10-30T21:53:12+07:00,HCM,HSC,"Chuyên gia HSC: ""Lựa chọn doanh nghiệp đầu tư giống như đi tìm vợ, đừng đưa ra nguyên tắc và rồi phá vỡ nó""","Chuyên gia Target: ""Lựa chọn doanh nghiệp đầu tư giống như đi tìm vợ, đừng đưa ra nguyên tắc và rồi phá vỡ nó""","Chuyên gia Target: ""Lựa chọn doanh nghiệp đầu tư giống như đi tìm vợ, đừng đưa ra nguyên tắc và rồi phá vỡ nó""",The sentiment for[TGT] in the given sentence isNEUTRAL .,NEUTRAL,,,,,/home/huylkq/repos/nlp/FinABSA-Valid/MODEL/FinABSA,Target,ok
588ada0672dc3afa_00,588ada0672dc3afa,https://cafef.vn/cap-nhat-bctc-ngay-30-10-them-mot-doanh-nghiep-nganh-thep-bao-lo-hang-tram-ty-dong-baf-idico-bao-lai-quy-3-tang-3-chu-so-20221030100847101.chn,2022-10-30T18:47:00,2022-10-30T22:06:57+07:00,FLC,FLC,"Cập nhật BCTC đến tối 30/10: ""Heo ăn chay"" tăng lãi 252%, FLC lỗ 785 tỷ đồng,  Vingroup và một loạt DN BĐS báo lãi, thêm DN thép lỗ trăm tỷ","Cập nhật BCTC đến tối 30/10: ""Heo ăn chay"" tăng lãi 252%, Target lỗ 785 tỷ đồng,  Vingroup và một loạt Other BĐS báo lãi, thêm DN thép lỗ trăm tỷ","Cập nhật BCTC đến tối 30/10: ""Heo ăn chay"" tăng lãi 252%, Target lỗ 785 tỷ đồng,  Vingroup và một loạt Other BĐS báo lãi, thêm DN thép lỗ trăm tỷ",The sentiment for[TGT] in the given sentence isNEUTRAL .,NEUTRAL,,,,,/home/huylkq/repos/nlp/FinABSA-Valid/MODEL/FinABSA,Target,ok
588ada0672dc3afa_01,588ada0672dc3afa,https://cafef.vn/cap-nhat-bctc-ngay-30-10-them-mot-doanh-nghiep-nganh-thep-bao-lo-hang-tram-ty-dong-baf-idico-bao-lai-quy-3-tang-3-chu-so-20221030100847101.chn,2022-10-30T18:47:00,2022-10-30T22:06:57+07:00,DN,DN,"Cập nhật BCTC đến tối 30/10: ""Heo ăn chay"" tăng lãi 252%, FLC lỗ 785 tỷ đồng,  Vingroup và một loạt DN BĐS báo lãi, thêm DN thép lỗ trăm tỷ","Cập nhật BCTC đến tối 30/10: ""Heo ăn chay"" tăng lãi 252%, Other lỗ 785 tỷ đồng,  Vingroup và một loạt Target BĐS báo lãi, thêm DN thép lỗ trăm tỷ","Cập nhật BCTC đến tối 30/10: ""Heo ăn chay"" tăng lãi 252%, Other lỗ 785 tỷ đồng,  Vingroup và một loạt Target BĐS báo lãi, thêm DN thép lỗ trăm tỷ",The sentiment for[TGT] in the given sentence isNEUTRAL .,NEUTRAL,,,,,/home/huylkq/repos/nlp/FinABSA-Valid/MODEL/FinABSA,Target,ok
96dc1f40976ee1e1_00,96dc1f40976ee1e1,https://cafef.vn/flchomes-lo-sau-thue-63-ty-dong-trong-quy-3-con-phai-thu-flc-hon-2000-ty-tra-het-no-ocb-ncb-va-sacombank-20221030095204287.chn,2022-10-30T09:52:27,,FLC,FLC,"FLCHomes lỗ sau thuế 63 tỷ đồng trong quý 3, còn phải thu FLC hơn 2.000 tỷ, trả hết nợ OCB, NCB và Sacombank","TargetHomes lỗ sau thuế 63 tỷ đồng trong quý 3, còn phải thu FLC hơn 2.000 tỷ, trả hết nợ Other, Other và Sacombank","TargetHomes lỗ sau thuế 63 tỷ đồng trong quý 3, còn phải thu FLC hơn 2.000 tỷ, trả hết nợ Other, Other và Sacombank",The sentiment for[TGT] in the given sentence isNEUTRAL .,NEUTRAL,,,,,/home/huylkq/repos/nlp/FinABSA-Valid/MODEL/FinABSA,Target,ok
96dc1f40976ee1e1_01,96dc1f40976ee1e1,https://cafef.vn/flchomes-lo-sau-thue-63-ty-dong-trong-quy-3-con-phai-thu-flc-hon-2000-ty-tra-het-no-ocb-ncb-va-sacombank-20221030095204287.chn,2022-10-30T09:52:27,,OCB,OCB,"FLCHomes lỗ sau thuế 63 tỷ đồng trong quý 3, còn phải thu FLC hơn 2.000 tỷ, trả hết nợ OCB, NCB và Sacombank","OtherHomes lỗ sau thuế 63 tỷ đồng trong quý 3, còn phải thu FLC hơn 2.000 tỷ, trả hết nợ Target, Other và Sacombank","OtherHomes lỗ sau thuế 63 tỷ đồng trong quý 3, còn phải thu FLC hơn 2.000 tỷ, trả hết nợ Target, Other và Sacombank",The sentiment for[TGT] in the given sentence isNEUTRAL .,NEUTRAL,,,,,/home/huylkq/repos/nlp/FinABSA-Valid/MODEL/FinABSA,Target,ok
96dc1f40976ee1e1_02,96dc1f40976ee1e1,https://cafef.vn/flchomes-lo-sau-thue-63-ty-dong-trong-quy-3-con-phai-thu-flc-hon-2000-ty-tra-het-no-ocb-ncb-va-sacombank-20221030095204287.chn,2022-10-30T09:52:27,,NCB,NCB,"FLCHomes lỗ sau thuế 63 tỷ đồng trong quý 3, còn phải thu FLC hơn 2.000 tỷ, trả hết nợ OCB, NCB và Sacombank","OtherHomes lỗ sau thuế 63 tỷ đồng trong quý 3, còn phải thu FLC hơn 2.000 tỷ, trả hết nợ Other, Target và Sacombank","OtherHomes lỗ sau thuế 63 tỷ đồng trong quý 3, còn phải thu FLC hơn 2.000 tỷ, trả hết nợ Other, Target và Sacombank",The sentiment for[TGT] in the given sentence isNEUTRAL .,NEUTRAL,,,,,/home/huylkq/repos/nlp/FinABSA-Valid/MODEL/FinABSA,Target,ok
14a69a2130c0c489_00,14a69a2130c0c489,https://cafef.vn/chuyen-gia-mbs-chung-khoan-viet-nam-xung-dang-co-muc-dinh-gia-cao-hon-nhieu-nhom-co-phieu-ve-muc-hap-dan-de-dau-tu-20221029220010437.chn,2022-10-30T07:06:22,2022-10-30T07:06:59+07:00,MBS,MBS,"Chuyên gia MBS: Chứng khoán Việt Nam xứng đáng có mức định giá cao hơn, nhiều nhóm cổ phiếu về mức hấp dẫn để đầu tư","Chuyên gia Target: Chứng khoán Việt Nam xứng đáng có mức định giá cao hơn, nhiều nhóm cổ phiếu về mức hấp dẫn để đầu tư","Chuyên gia Target: Chứng khoán Việt Nam xứng đáng có mức định giá cao hơn, nhiều nhóm cổ phiếu về mức hấp dẫn để đầu tư",The sentiment for[TGT] in the given sentence isNEUTRAL .,NEUTRAL,,,,,/home/huylkq/repos/nlp/FinABSA-Valid/MODEL/FinABSA,Target,ok
fe0ac45a7bd9bb4c_00,fe0ac45a7bd9bb4c,https://cafef.vn/so-sanh-lai-suat-tiet-kiem-vietinbank-vietcombank-bidv-gui-ngan-hang-nao-loi-nhat-20221030072139215.chn,2022-10-30T07:22:01,,BID,BID,"So sánh lãi suất tiết kiệm VietinBank, Vietcombank, BIDV: Gửi ngân hàng nào lợi nhất?","So sánh lãi suất tiết kiệm VietinBank, Vietcombank, TargetV: Gửi ngân hàng nào lợi nhất?","So sánh lãi suất tiết kiệm VietinBank, Vietcombank, TargetV: Gửi ngân hàng nào lợi nhất?",The sentiment for[TGT] in the given sentence isNEUTRAL .,NEUTRAL,,,,,/home/huylkq/repos/nlp/FinABSA-Valid/MODEL/FinABSA,Target,ok
fe0ac45a7bd9bb4c_01,fe0ac45a7bd9bb4c,https://cafef.vn/so-sanh-lai-suat-tiet-kiem-vietinbank-vietcombank-bidv-gui-ngan-hang-nao-loi-nhat-20221030072139215.chn,2022-10-30T07:22:01,,BIDV,BIDV,"So sánh lãi suất tiết kiệm VietinBank, Vietcombank, BIDV: Gửi ngân hàng nào lợi nhất?","So sánh lãi suất tiết kiệm VietinBank, Vietcombank, Target: Gửi ngân hàng nào lợi nhất?","So sánh lãi suất tiết kiệm VietinBank, Vietcombank, Target: Gửi ngân hàng nào lợi nhất?",The sentiment for[TGT] in the given sentence isNEUTRAL .,NEUTRAL,,,,,/home/huylkq/repos/nlp/FinABSA-Valid/MODEL/FinABSA,Target,ok
333bb4923b7d578e_00,333bb4923b7d578e,https://cafef.vn/vdsc-nam-long-lui-lich-mo-ban-hai-du-an-o-dong-nai-cho-tin-hieu-tot-hon-tu-thi-truong-20221030072119306.chn,2022-10-30T07:21:41,,VDSC,VDSC,VDSC: Nam Long lùi lịch mở bán hai dự án ở Đồng Nai chờ tín hiệu tốt hơn từ thị trường,Target: Nam Long lùi lịch mở bán hai dự án ở Đồng Nai chờ tín hiệu tốt hơn từ thị trường,Target: Nam Long lùi lịch mở bán hai dự án ở Đồng Nai chờ tín hiệu tốt hơn từ thị trường,The sentiment for[TGT] in the given sentence isNEUTRAL .,NEUTRAL,,,,,/home/huylkq/repos/nlp/FinABSA-Valid/MODEL/FinABSA,Target,ok
1c8aa1c0a54de9c8_00,1c8aa1c0a54de9c8,https://cafef.vn/coteccons-lai-gan-2-ty-trong-9t2022-dong-tien-kinh-doanh-am-2000-ty-dau-tu-co-phieu-tcb-fpt-20221029205416736.chn,2022-10-29T20:54:38,,TCB,TCB,"Coteccons lãi gần 2 tỷ trong 9T2022, dòng tiền kinh doanh âm 2.000 tỷ, đầu tư cổ phiếu TCB, FPT","Coteccons lãi gần 2 tỷ trong 9T2022, dòng tiền kinh doanh âm 2.000 tỷ, đầu tư cổ phiếu Target, Other","Coteccons lãi gần 2 tỷ trong 9T2022, dòng tiền kinh doanh âm 2.000 tỷ, đầu tư cổ phiếu Target, Other",The sentiment for[TGT] in the given sentence isNEUTRAL .,NEUTRAL,,,,,/home/huylkq/repos/nlp/FinABSA-Valid/MODEL/FinABSA,Target,ok
1c8aa1c0a54de9c8_01,1c8aa1c0a54de9c8,https://cafef.vn/coteccons-lai-gan-2-ty-trong-9t2022-dong-tien-kinh-doanh-am-2000-ty-dau-tu-co-phieu-tcb-fpt-20221029205416736.chn,2022-10-29T20:54:38,,FPT,FPT,"Coteccons lãi gần 2 tỷ trong 9T2022, dòng tiền kinh doanh âm 2.000 tỷ, đầu tư cổ phiếu TCB, FPT","Coteccons lãi gần 2 tỷ trong 9T2022, dòng tiền kinh doanh âm 2.000 tỷ, đầu tư cổ phiếu Other, Target","Coteccons lãi gần 2 tỷ trong 9T2022, dòng tiền kinh doanh âm 2.000 tỷ, đầu tư cổ phiếu Other, Target",The sentiment for[TGT] in the given sentence isNEUTRAL .,NEUTRAL,,,,,/home/huylkq/repos/nlp/FinABSA-Valid/MODEL/FinABSA,Target,ok
a04e07cd7f7371d9_00,a04e07cd7f7371d9,https://cafef.vn/imf-viet-nam-la-mot-nen-kinh-te-nang-dong-20221029142040381.chn,2022-10-29T17:32:42,,IMF,IMF,IMF: Việt Nam là một nền kinh tế năng động,Target: Việt Nam là một nền kinh tế năng động,Target: Việt Nam là một nền kinh tế năng động,The sentiment for[TGT] in the given sentence isNEUTRAL .,NEUTRAL,,,,,/home/huylkq/repos/nlp/FinABSA-Valid/MODEL/FinABSA,Target,ok
f737d549450d144b_00,f737d549450d144b,https://cafef.vn/fpt-retail-frt-giam-so-tien-cho-fpt-vay-con-hon-4000-ty-tang-toc-tra-no-goc-khi-lai-suat-co-xu-huong-tang-20221029162429807.chn,2022-10-29T16:24:49,,FPT,FPT,"FPT Retail (FRT) giảm số tiền cho FPT vay còn hơn 4.000 tỷ, tăng tốc trả nợ gốc khi lãi suất có xu hướng tăng","Target Retail (Other) giảm số tiền cho FPT vay còn hơn 4.000 tỷ, tăng tốc trả nợ gốc khi lãi suất có xu hướng tăng","Target Retail (Other) giảm số tiền cho FPT vay còn hơn 4.000 tỷ, tăng tốc trả nợ gốc khi lãi suất có xu hướng tăng",The sentiment for[TGT] in the given sentence isNEUTRAL .,NEUTRAL,,,,,/home/huylkq/repos/nlp/FinABSA-Valid/MODEL/FinABSA,Target,ok
f737d549450d144b_01,f737d549450d144b,https://cafef.vn/fpt-retail-frt-giam-so-tien-cho-fpt-vay-con-hon-4000-ty-tang-toc-tra-no-goc-khi-lai-suat-co-xu-huong-tang-20221029162429807.chn,2022-10-29T16:24:49,,FRT,FRT,"FPT Retail (FRT) giảm số tiền cho FPT vay còn hơn 4.000 tỷ, tăng tốc trả nợ gốc khi lãi suất có xu hướng tăng","Other Retail (Target) giảm số tiền cho FPT vay còn hơn 4.000 tỷ, tăng tốc trả nợ gốc khi lãi suất có xu hướng tăng","Other Retail (Target) giảm số tiền cho FPT vay còn hơn 4.000 tỷ, tăng tốc trả nợ gốc khi lãi suất có xu hướng tăng",The sentiment for[TGT] in the given sentence isNEUTRAL .,NEUTRAL,,,,,/home/huylkq/repos/nlp/FinABSA-Valid/MODEL/FinABSA,Target,ok
ad39cb93f1dec879_00,ad39cb93f1dec879,https://cafef.vn/thanh-pho-truc-thuoc-tw-duy-nhat-giai-ngan-von-dau-tu-cong-tren-50-trong-10-thang-dau-nam-2022-20221029135729728.chn,2022-10-29T14:07:00,2022-10-29T14:08:04+07:00,TW,TW,Thành phố trực thuộc TW duy nhất giải ngân vốn đầu tư công trên 50% trong 10 tháng đầu năm 2022,Thành phố trực thuộc Target duy nhất giải ngân vốn đầu tư công trên 50% trong 10 tháng đầu năm 2022,Thành phố trực thuộc Target duy nhất giải ngân vốn đầu tư công trên 50% trong 10 tháng đầu năm 2022,The sentiment for[TGT] in the given sentence isPOSITIVE .,POSITIVE,,,,,/home/huylkq/repos/nlp/FinABSA-Valid/MODEL/FinABSA,Target,ok
ebf890a560bea0c0_00,ebf890a560bea0c0,https://cafef.vn/vmi-mo-rong-quy-can-va-gia-tang-so-luong-suat-dau-tu-20221029131006145.chn,2022-10-29T13:30:00,,VMI,VMI,VMI mở rộng quỹ căn và gia tăng số lượng suất đầu tư,Target mở rộng quỹ căn và gia tăng số lượng suất đầu tư,Target mở rộng quỹ căn và gia tăng số lượng suất đầu tư,The sentiment for[TGT] in the given sentence isNEUTRAL .,NEUTRAL,,,,,/home/huylkq/repos/nlp/FinABSA-Valid/MODEL/FinABSA,Target,ok
70e3a7e965017df4_00,70e3a7e965017df4,https://cafef.vn/cap-nhat-bctc-quy-3-sang-29-10-ocb-pv-power-gelex-giam-lai-2-con-so-ky-lan-vng-lo-hon-180-ty-dong-20221029114616419.chn,2022-10-29T11:48:46,,POW,Pow,"Cập nhật BCTC quý 3 sáng 29/10: OCB, PV Power, Gelex giảm lãi 2 con số, ""kỳ lân"" VNG lỗ hơn 180 tỷ đồng","Cập nhật BCTC quý 3 sáng 29/10: Other, PV Targeter, Other giảm lãi 2 con số, ""kỳ lân"" Other lỗ hơn 180 tỷ đồng","Cập nhật BCTC quý 3 sáng 29/10: Other, PV Targeter, Other giảm lãi 2 con số, ""kỳ lân"" Other lỗ hơn 180 tỷ đồng",The sentiment for[TGT] in the given sentence isNEUTRAL .,NEUTRAL,,,,,/home/huylkq/repos/nlp/FinABSA-Valid/MODEL/FinABSA,Target,ok
70e3a7e965017df4_01,70e3a7e965017df4,https://cafef.vn/cap-nhat-bctc-quy-3-sang-29-10-ocb-pv-power-gelex-giam-lai-2-con-so-ky-lan-vng-lo-hon-180-ty-dong-20221029114616419.chn,2022-10-29T11:48:46,,OCB,OCB,"Cập nhật BCTC quý 3 sáng 29/10: OCB, PV Power, Gelex giảm lãi 2 con số, ""kỳ lân"" VNG lỗ hơn 180 tỷ đồng","Cập nhật BCTC quý 3 sáng 29/10: Target, PV Otherer, Other giảm lãi 2 con số, ""kỳ lân"" Other lỗ hơn 180 tỷ đồng","Cập nhật BCTC quý 3 sáng 29/10: Target, PV Otherer, Other giảm lãi 2 con số, ""kỳ lân"" Other lỗ hơn 180 tỷ đồng",The sentiment for[TGT] in the given sentence isNEUTRAL .,NEUTRAL,,,,,/home/huylkq/repos/nlp/FinABSA-Valid/MODEL/FinABSA,Target,ok
70e3a7e965017df4_02,70e3a7e965017df4,https://cafef.vn/cap-nhat-bctc-quy-3-sang-29-10-ocb-pv-power-gelex-giam-lai-2-con-so-ky-lan-vng-lo-hon-180-ty-dong-20221029114616419.chn,2022-10-29T11:48:46,,GEX,Gelex,"Cập nhật BCTC quý 3 sáng 29/10: OCB, PV Power, Gelex giảm lãi 2 con số, ""kỳ lân"" VNG lỗ hơn 180 tỷ đồng","Cập nhật BCTC quý 3 sáng 29/10: Other, PV Otherer, Target giảm lãi 2 con số, ""kỳ lân"" Other lỗ hơn 180 tỷ đồng","Cập nhật BCTC quý 3 sáng 29/10: Other, PV Otherer, Target giảm lãi 2 con số, ""kỳ lân"" Other lỗ hơn 180 tỷ đồng",The sentiment for[TGT] in the given sentence isNEUTRAL .,NEUTRAL,,,,,/home/huylkq/repos/nlp/FinABSA-Valid/MODEL/FinABSA,Target,ok
70e3a7e965017df4_03,70e3a7e965017df4,https://cafef.vn/cap-nhat-bctc-quy-3-sang-29-10-ocb-pv-power-gelex-giam-lai-2-con-so-ky-lan-vng-lo-hon-180-ty-dong-20221029114616419.chn,2022-10-29T11:48:46,,VNG,VNG,"Cập nhật BCTC quý 3 sáng 29/10: OCB, PV Power, Gelex giảm lãi 2 con số, ""kỳ lân"" VNG lỗ hơn 180 tỷ đồng","Cập nhật BCTC quý 3 sáng 29/10: Other, PV Otherer, Other giảm lãi 2 con số, ""kỳ lân"" Target lỗ hơn 180 tỷ đồng","Cập nhật BCTC quý 3 sáng 29/10: Other, PV Otherer, Other giảm lãi 2 con số, ""kỳ lân"" Target lỗ hơn 180 tỷ đồng",The sentiment for[TGT] in the given sentence isNEUTRAL .,NEUTRAL,,,,,/home/huylkq/repos/nlp/FinABSA-Valid/MODEL/FinABSA,Target,ok
0182152115eca22a_00,0182152115eca22a,https://cafef.vn/hang-loat-lanh-dao-bi-ban-giai-chap-co-phieu-force-sell-tiep-tuc-goi-ten-chu-tich-ldg-nguyen-khanh-hung-20221029111612699.chn,2022-10-29T11:19:54,2022-10-29T11:41:49+07:00,LDG,LDG,Hàng loạt lãnh đạo bị bán giải chấp cổ phiếu: “Force Sell” tiếp tục gọi tên Chủ tịch LDG Nguyễn Khánh Hưng,Hàng loạt lãnh đạo bị bán giải chấp cổ phiếu: “Force Sell” tiếp tục gọi tên Chủ tịch Target Nguyễn Khánh Hưng,Hàng loạt lãnh đạo bị bán giải chấp cổ phiếu: “Force Sell” tiếp tục gọi tên Chủ tịch Target Nguyễn Khánh Hưng,The sentiment for[TGT] in the given sentence isNEGATIVE .,NEGATIVE,,,,,/home/huylkq/repos/nlp/FinABSA-Valid/MODEL/FinABSA,Target,ok
14410591380ca71c_00,14410591380ca71c,https://cafef.vn/khoi-ngoai-ban-rong-dot-bien-gan-3600-ty-dong-trong-tuan-cuoi-thang-10-tam-diem-thoa-thuan-co-phieu-ngan-hang-eib-20221029111531178.chn,2022-10-29T11:15:51,,EIB,EIB,"Khối ngoại bán ròng đột biến gần 3.600 tỷ đồng trong tuần cuối tháng 10, tâm điểm thỏa thuận cổ phiếu ngân hàng EIB","Khối ngoại bán ròng đột biến gần 3.600 tỷ đồng trong tuần cuối tháng 10, tâm điểm thỏa thuận cổ phiếu ngân hàng Target","Khối ngoại bán ròng đột biến gần 3.600 tỷ đồng trong tuần cuối tháng 10, tâm điểm thỏa thuận cổ phiếu ngân hàng Target",The sentiment for[TGT] in the given sentence isNEUTRAL .,NEUTRAL,,,,,/home/huylkq/repos/nlp/FinABSA-Valid/MODEL/FinABSA,Target,ok
22bac17183de51bb_00,22bac17183de51bb,https://cafef.vn/chung-khoan-tri-viet-tvb-bi-phat-do-cho-phep-khach-hang-dat-lenh-mua-chung-khoan-khi-khong-co-du-tien-20221029110457777.chn,2022-10-29T11:05:17,,TVB,TVB,Chứng khoán Trí Việt (TVB) bị phạt do cho phép khách hàng đặt lệnh mua chứng khoán khi không có đủ tiền,Chứng khoán Trí Việt (Target) bị phạt do cho phép khách hàng đặt lệnh mua chứng khoán khi không có đủ tiền,Chứng khoán Trí Việt (Target) bị phạt do cho phép khách hàng đặt lệnh mua chứng khoán khi không có đủ tiền,The sentiment for[TGT] in the given sentence isNEGATIVE .,NEGATIVE,,,,,/home/huylkq/repos/nlp/FinABSA-Valid/MODEL/FinABSA,Target,ok
d5ad23c225241952_00,d5ad23c225241952,https://cafef.vn/bien-loi-nhuan-gop-tang-dot-bien-ttc-land-scr-bao-lai-145-ty-dong-trong-9-thang-dau-nam-20221029101203251.chn,2022-10-29T10:13:32,,TTC,TTC,"Biên lợi nhuận gộp tăng đột biến, TTC Land (SCR) báo lãi 145 tỷ đồng trong 9 tháng đầu năm","Biên lợi nhuận gộp tăng đột biến, Target Land (Other) báo lãi 145 tỷ đồng trong 9 tháng đầu năm","Biên lợi nhuận gộp tăng đột biến, Target Land (Other) báo lãi 145 tỷ đồng trong 9 tháng đầu năm",The sentiment for[TGT] in the given sentence isNEUTRAL .,NEUTRAL,,,,,/home/huylkq/repos/nlp/FinABSA-Valid/MODEL/FinABSA,Target,ok
d5ad23c225241952_01,d5ad23c225241952,https://cafef.vn/bien-loi-nhuan-gop-tang-dot-bien-ttc-land-scr-bao-lai-145-ty-dong-trong-9-thang-dau-nam-20221029101203251.chn,2022-10-29T10:13:32,,SCR,SCR,"Biên lợi nhuận gộp tăng đột biến, TTC Land (SCR) báo lãi 145 tỷ đồng trong 9 tháng đầu năm","Biên lợi nhuận gộp tăng đột biến, Other Land (Target) báo lãi 145 tỷ đồng trong 9 tháng đầu năm","Biên lợi nhuận gộp tăng đột biến, Other Land (Target) báo lãi 145 tỷ đồng trong 9 tháng đầu năm",The sentiment for[TGT] in the given sentence isNEUTRAL .,NEUTRAL,,,,,/home/huylkq/repos/nlp/FinABSA-Valid/MODEL/FinABSA,Target,ok
a96346ccf4edd45c_00,a96346ccf4edd45c,https://cafef.vn/hsg-loi-nhuan-sau-thue-hop-nhat-ndtc-2021-2022-dat-251-ty-dong-20221029091807759.chn,2022-10-29T10:00:00,2022-10-29T10:48:46+07:00,HSG,HSG,HSG: Lợi nhuận sau thuế hợp nhất NĐTC 2021-2022 đạt 251 tỷ đồng,Target: Lợi nhuận sau thuế hợp nhất NĐTC 2021-2022 đạt 251 tỷ đồng,Target: Lợi nhuận sau thuế hợp nhất NĐTC 2021-2022 đạt 251 tỷ đồng,The sentiment for[TGT] in the given sentence isNEUTRAL .,NEUTRAL,,,,,/home/huylkq/repos/nlp/FinABSA-Valid/MODEL/FinABSA,Target,ok
dec245e96c78cd06_00,dec245e96c78cd06,https://cafef.vn/bamboo-capital-bcg-ma-dong-bang-khien-loi-nhuan-quy-3-2022-chi-con-39-ty-dong-du-doanh-thu-tang-vot-20221029073911679.chn,2022-10-29T07:39:30,,ITA,ita,"Bamboo Capital (BCG): M&A ""đóng băng"" khiến lợi nhuận quý 3/2022 chỉ còn 39 tỷ đồng dù doanh thu tăng vọt","Bamboo CapTargetl (Other): M&A ""đóng băng"" khiến lợi nhuận quý 3/2022 chỉ còn 39 tỷ đồng dù doanh thu tăng vọt","Bamboo CapTargetl (Other): M&A ""đóng băng"" khiến lợi nhuận quý 3/2022 chỉ còn 39 tỷ đồng dù doanh thu tăng vọt",The sentiment for[TGT] in the given sentence isNEUTRAL .,NEUTRAL,,,,,/home/huylkq/repos/nlp/FinABSA-Valid/MODEL/FinABSA,Target,ok
dec245e96c78cd06_01,dec245e96c78cd06,https://cafef.vn/bamboo-capital-bcg-ma-dong-bang-khien-loi-nhuan-quy-3-2022-chi-con-39-ty-dong-du-doanh-thu-tang-vot-20221029073911679.chn,2022-10-29T07:39:30,,BCG,BCG,"Bamboo Capital (BCG): M&A ""đóng băng"" khiến lợi nhuận quý 3/2022 chỉ còn 39 tỷ đồng dù doanh thu tăng vọt","Bamboo CapOtherl (Target): M&A ""đóng băng"" khiến lợi nhuận quý 3/2022 chỉ còn 39 tỷ đồng dù doanh thu tăng vọt","Bamboo CapOtherl (Target): M&A ""đóng băng"" khiến lợi nhuận quý 3/2022 chỉ còn 39 tỷ đồng dù doanh thu tăng vọt",The sentiment for[TGT] in the given sentence isNEUTRAL .,NEUTRAL,,,,,/home/huylkq/repos/nlp/FinABSA-Valid/MODEL/FinABSA,Target,ok
de8a307a39a9f62e_00,de8a307a39a9f62e,https://cafef.vn/nova-consumer-nhan-tai-tro-von-175-trieu-usd-tu-quy-deg-thuoc-ngan-hang-tai-thiet-chlb-duc-20221028220843227.chn,2022-10-28T22:10:49,,DEG,DEG,"Nova Consumer nhận tài trợ vốn 17,5 triệu USD từ quỹ DEG thuộc Ngân hàng Tái thiết CHLB Đức","Nova Consumer nhận tài trợ vốn 17,5 triệu USD từ quỹ Target thuộc Ngân hàng Tái thiết Other Đức","Nova Consumer nhận tài trợ vốn 17,5 triệu USD từ quỹ Target thuộc Ngân hàng Tái thiết Other Đức",The sentiment for[TGT] in the given sentence isNEUTRAL .,NEUTRAL,,,,,/home/huylkq/repos/nlp/FinABSA-Valid/MODEL/FinABSA,Target,ok
de8a307a39a9f62e_01,de8a307a39a9f62e,https://cafef.vn/nova-consumer-nhan-tai-tro-von-175-trieu-usd-tu-quy-deg-thuoc-ngan-hang-tai-thiet-chlb-duc-20221028220843227.chn,2022-10-28T22:10:49,,CHLB,CHLB,"Nova Consumer nhận tài trợ vốn 17,5 triệu USD từ quỹ DEG thuộc Ngân hàng Tái thiết CHLB Đức","Nova Consumer nhận tài trợ vốn 17,5 triệu USD từ quỹ Other thuộc Ngân hàng Tái thiết Target Đức","Nova Consumer nhận tài trợ vốn 17,5 triệu USD từ quỹ Other thuộc Ngân hàng Tái thiết Target Đức",The sentiment for[TGT] in the given sentence isNEUTRAL .,NEUTRAL,,,,,/home/huylkq/repos/nlp/FinABSA-Valid/MODEL/FinABSA,Target,ok
c62f285b053691d1_00,c62f285b053691d1,https://cafef.vn/trong-khi-nhieu-lanh-dao-chi-tien-mua-co-phieu-cong-ty-chu-tich-hdqt-nguyen-nhu-so-sap-ban-ra-10-trieu-cp-dabaco-dbc-du-da-mat-60-thi-gia-2022102821165502.chn,2022-10-28T21:18:14,,DBC,DBC,"Trong khi nhiều lãnh đạo chi tiền mua cổ phiếu công ty, Chủ tịch HĐQT Nguyễn Như So sắp bán ra 10 triệu cp Dabaco (DBC) dù đã mất 60% thị giá","Trong khi nhiều lãnh đạo chi tiền mua cổ phiếu công ty, Chủ tịch HĐQT Nguyễn Như So sắp bán ra 10 triệu cp Dabaco (Target) dù đã mất 60% thị giá","Trong khi nhiều lãnh đạo chi tiền mua cổ phiếu công ty, Chủ tịch HĐQT Nguyễn Như So sắp bán ra 10 triệu cp Dabaco (Target) dù đã mất 60% thị giá",The sentiment for[TGT] in the given sentence isNEUTRAL .,NEUTRAL,,,,,/home/huylkq/repos/nlp/FinABSA-Valid/MODEL/FinABSA,Target,ok
1b0cd6d22b3a15aa_00,1b0cd6d22b3a15aa,https://cafef.vn/giam-lien-tiep-loi-nhuan-the-gioi-di-dong-mwg-quy-3-dat-hon-900-ty-dong-nhan-manh-da-chuan-bi-san-tien-tra-no-den-han-20221028202725454.chn,2022-10-28T20:29:32,,MWG,MWG,"Giảm liên tiếp, lợi nhuận Thế giới Di động (MWG) quý 3 đạt hơn 900 tỷ đồng, nhấn mạnh đã chuẩn bị sẵn tiền trả nợ đến hạn","Giảm liên tiếp, lợi nhuận Thế giới Di động (Target) quý 3 đạt hơn 900 tỷ đồng, nhấn mạnh đã chuẩn bị sẵn tiền trả nợ đến hạn","Giảm liên tiếp, lợi nhuận Thế giới Di động (Target) quý 3 đạt hơn 900 tỷ đồng, nhấn mạnh đã chuẩn bị sẵn tiền trả nợ đến hạn",The sentiment for[TGT] in the given sentence isNEUTRAL .,NEUTRAL,,,,,/home/huylkq/repos/nlp/FinABSA-Valid/MODEL/FinABSA,Target,ok
f081ca98624d50dc_00,f081ca98624d50dc,https://cafef.vn/vinamilk-doanh-thu-quy-iii-2022-on-dinh-o-muc-cao-chi-nhanh-nuoc-ngoai-tang-truong-an-tuong-2022102819414978.chn,2022-10-28T19:43:00,2022-10-28T21:43:14+07:00,III,III,"Vinamilk: Doanh thu quý III/2022 ổn định ở mức cao, chi nhánh nước ngoài tăng trưởng ấn tượng","Vinamilk: Doanh thu quý Target/2022 ổn định ở mức cao, chi nhánh nước ngoài tăng trưởng ấn tượng","Vinamilk: Doanh thu quý Target/2022 ổn định ở mức cao, chi nhánh nước ngoài tăng trưởng ấn tượng",The sentiment for[TGT] in the given sentence isNEUTRAL .,NEUTRAL,,,,,/home/huylkq/repos/nlp/FinABSA-Valid/MODEL/FinABSA,Target,ok
53c8baec97ea4583_00,53c8baec97ea4583,https://cafef.vn/thong-doc-ngan-hang-nha-nuoc-neu-ly-do-ty-gia-usd-vnd-tang-cao-20221028184517483.chn,2022-10-28T18:45:00,2022-10-28T18:47:04+07:00,VND,VND,Thống đốc Ngân hàng Nhà nước nêu lý do tỷ giá USD/VND tăng cao,Thống đốc Ngân hàng Nhà nước nêu lý do tỷ giá USD/Target tăng cao,Thống đốc Ngân hàng Nhà nước nêu lý do tỷ giá USD/Target tăng cao,The sentiment for[TGT] in the given sentence isNEUTRAL .,NEUTRAL,,,,,/home/huylkq/repos/nlp/FinABSA-Valid/MODEL/FinABSA,Target,ok
4c971b6c5ccb9df2_00,4c971b6c5ccb9df2,https://cafef.vn/co-phieu-ngan-hang-28-10-tcb-tim-tran-hai-phien-lien-tiep-mot-ma-tang-135-20221028183847778.chn,2022-10-28T18:39:03,,TCB,TCB,"Cổ phiếu ngân hàng 28/10: TCB tím trần hai phiên liên tiếp, một mã tăng 13,5%","Cổ phiếu ngân hàng 28/10: Target tím trần hai phiên liên tiếp, một mã tăng 13,5%","Cổ phiếu ngân hàng 28/10: Target tím trần hai phiên liên tiếp, một mã tăng 13,5%",The sentiment for[TGT] in the given sentence isPOSITIVE .,POSITIVE,,,,,/home/huylkq/repos/nlp/FinABSA-Valid/MODEL/FinABSA,Target,ok
a8ecae0235685f11_00,a8ecae0235685f11,https://cafef.vn/hai-an-hah-bao-lai-9-thang-gap-15-lan-ke-hoach-ca-nam-moi-thang-thu-ve-gan-tram-ty-loi-nhuan-20221028154938601.chn,2022-10-28T15:49:54,2022-10-28T15:49:55+07:00,HAH,HAH,"Hải An (HAH) báo lãi 9 tháng gấp 1,5 lần kế hoạch cả năm, mỗi tháng thu về gần trăm tỷ lợi nhuận","Hải An (Target) báo lãi 9 tháng gấp 1,5 lần kế hoạch cả năm, mỗi tháng thu về gần trăm tỷ lợi nhuận","Hải An (Target) báo lãi 9 tháng gấp 1,5 lần kế hoạch cả năm, mỗi tháng thu về gần trăm tỷ lợi nhuận",The sentiment for[TGT] in the given sentence isNEUTRAL .,NEUTRAL,,,,,/home/huylkq/repos/nlp/FinABSA-Valid/MODEL/FinABSA,Target,ok
f4d6194c92c4f709_00,f4d6194c92c4f709,https://cafef.vn/cap-nhat-kqkd-ngan-hang-quy-3-mb-hdbank-vietcapitalbank-namabank-vietabank-cong-bo-bctc-20221028154749579.chn,2022-10-28T15:48:06,,ITA,ita,"Cập nhật KQKD ngân hàng quý 3: MB, HDBank, VietCapitalBank, NamABank, VietABank công bố BCTC","Cập nhật Other ngân hàng quý 3: Other, HDBank, VietCapTargetlBank, NamABank, VietABank công bố BCTC","Cập nhật Other ngân hàng quý 3: Other, HDBank, VietCapTargetlBank, NamABank, VietABank công bố BCTC",The sentiment for[TGT] in the given sentence isNEUTRAL .,NEUTRAL,,,,,/home/huylkq/repos/nlp/FinABSA-Valid/MODEL/FinABSA,Target,ok
f4d6194c92c4f709_01,f4d6194c92c4f709,https://cafef.vn/cap-nhat-kqkd-ngan-hang-quy-3-mb-hdbank-vietcapitalbank-namabank-vietabank-cong-bo-bctc-20221028154749579.chn,2022-10-28T15:48:06,,KQKD,KQKD,"Cập nhật KQKD ngân hàng quý 3: MB, HDBank, VietCapitalBank, NamABank, VietABank công bố BCTC","Cập nhật Target ngân hàng quý 3: Other, HDBank, VietCapOtherlBank, NamABank, VietABank công bố BCTC","Cập nhật Target ngân hàng quý 3: Other, HDBank, VietCapOtherlBank, NamABank, VietABank công bố BCTC",The sentiment for[TGT] in the given sentence isNEUTRAL .,NEUTRAL,,,,,/home/huylkq/repos/nlp/FinABSA-Valid/MODEL/FinABSA,Target,ok
f4d6194c92c4f709_02,f4d6194c92c4f709,https://cafef.vn/cap-nhat-kqkd-ngan-hang-quy-3-mb-hdbank-vietcapitalbank-namabank-vietabank-cong-bo-bctc-20221028154749579.chn,2022-10-28T15:48:06,,MB,MB,"Cập nhật KQKD ngân hàng quý 3: MB, HDBank, VietCapitalBank, NamABank, VietABank công bố BCTC","Cập nhật Other ngân hàng quý 3: Target, HDBank, VietCapOtherlBank, NamABank, VietABank công bố BCTC","Cập nhật Other ngân hàng quý 3: Target, HDBank, VietCapOtherlBank, NamABank, VietABank công bố BCTC",The sentiment for[TGT] in the given sentence isNEUTRAL .,NEUTRAL,,,,,/home/huylkq/repos/nlp/FinABSA-Valid/MODEL/FinABSA,Target,ok
babed8c5ca0e0e2d_00,babed8c5ca0e0e2d,https://cafef.vn/thep-nam-kim-nkg-lo-ky-luc-hon-400-ty-dong-quy-3-2022-co-phieu-giam-san-20221028150414262.chn,2022-10-28T15:05:22,,NKG,NKG,"Thép Nam Kim (NKG) lỗ kỷ lục hơn 400 tỷ đồng quý 3/2022, cổ phiếu giảm sàn","Thép Nam Kim (Target) lỗ kỷ lục hơn 400 tỷ đồng quý 3/2022, cổ phiếu giảm sàn","Thép Nam Kim (Target) lỗ kỷ lục hơn 400 tỷ đồng quý 3/2022, cổ phiếu giảm sàn",The sentiment for[TGT] in the given sentence isNEUTRAL .,NEUTRAL,,,,,/home/huylkq/repos/nlp/FinABSA-Valid/MODEL/FinABSA,Target,ok
33b08adce0ad4c8c_00,33b08adce0ad4c8c,https://cafef.vn/usd-tang-tro-lai-euro-giam-sau-khi-ecb-tang-lai-suat-vang-giam-theo-20221028133643819.chn,2022-10-28T15:01:42,,ECB,ECB,"USD tăng trở lại, Euro giảm sau khi ECB tăng lãi suất, vàng giảm theo","USD tăng trở lại, Euro giảm sau khi Target tăng lãi suất, vàng giảm theo","USD tăng trở lại, Euro giảm sau khi Target tăng lãi suất, vàng giảm theo",The sentiment for[TGT] in the given sentence isNEUTRAL .,NEUTRAL,,,,,/home/huylkq/repos/nlp/FinABSA-Valid/MODEL/FinABSA,Target,ok
e6fe1185c682a212_00,e6fe1185c682a212,https://cafef.vn/gelex-dat-1767-ty-dong-loi-nhuan-truoc-thue-trong-9-thang-tang-25-so-voi-cung-ky-20221028114624617.chn,2022-10-28T13:30:00,,GEX,GELEX,"GELEX đạt 1.767 tỷ đồng lợi nhuận trước thuế trong 9 tháng, tăng 25% so với cùng kỳ","Target đạt 1.767 tỷ đồng lợi nhuận trước thuế trong 9 tháng, tăng 25% so với cùng kỳ","Target đạt 1.767 tỷ đồng lợi nhuận trước thuế trong 9 tháng, tăng 25% so với cùng kỳ",The sentiment for[TGT] in the given sentence isPOSITIVE .,POSITIVE,,,,,/home/huylkq/repos/nlp/FinABSA-Valid/MODEL/FinABSA,Target,ok
5856fbc082581624_00,5856fbc082581624,https://cafef.vn/doanh-thu-lap-ky-luc-viettel-construction-ctr-bao-lai-quy-3-tang-truong-gan-40-20221028103203454.chn,2022-10-28T10:35:41,,CTR,CTR,"Doanh thu lập kỷ lục, Viettel Construction (CTR) báo lãi quý 3 tăng trưởng gần 40%","Doanh thu lập kỷ lục, Viettel Construction (Target) báo lãi quý 3 tăng trưởng gần 40%","Doanh thu lập kỷ lục, Viettel Construction (Target) báo lãi quý 3 tăng trưởng gần 40%",The sentiment for[TGT] in the given sentence isNEUTRAL .,NEUTRAL,,,,,/home/huylkq/repos/nlp/FinABSA-Valid/MODEL/FinABSA,Target,ok
22e8b8b2ee0eac43_00,22e8b8b2ee0eac43,https://cafef.vn/mot-doanh-nghiep-vui-choi-giai-tri-bao-lai-quy-3-tang-truong-242-dem-21-ty-dong-dau-tu-co-phieu-dnp-20221028100108099.chn,2022-10-28T10:13:01,,DNP,DNP,"Một doanh nghiệp vui chơi giải trí báo lãi quý 3 tăng trưởng 242%, đem 21 tỷ đồng đầu tư cổ phiếu DNP","Một doanh nghiệp vui chơi giải trí báo lãi quý 3 tăng trưởng 242%, đem 21 tỷ đồng đầu tư cổ phiếu Target","Một doanh nghiệp vui chơi giải trí báo lãi quý 3 tăng trưởng 242%, đem 21 tỷ đồng đầu tư cổ phiếu Target",The sentiment for[TGT] in the given sentence isPOSITIVE .,POSITIVE,,,,,/home/huylkq/repos/nlp/FinABSA-Valid/MODEL/FinABSA,Target,ok
e275fc0555fe9e51_00,e275fc0555fe9e51,https://cafef.vn/ssi-research-no-nuoc-ngoai-giam-nho-ty-gia-20221028100801366.chn,2022-10-28T10:08:18,,SSI,SSI,SSI Research: Nợ nước ngoài giảm nhờ tỷ giá,Target Research: Nợ nước ngoài giảm nhờ tỷ giá,Target Research: Nợ nước ngoài giảm nhờ tỷ giá,The sentiment for[TGT] in the given sentence isNEUTRAL .,NEUTRAL,,,,,/home/huylkq/repos/nlp/FinABSA-Valid/MODEL/FinABSA,Target,ok
f1d0a7428f107b9b_00,f1d0a7428f107b9b,https://cafef.vn/nguoi-nha-lanh-dao-msb-dang-ky-mua-5-trieu-co-phieu-20221028085008828.chn,2022-10-28T08:50:00,2022-10-28T08:57:51+07:00,MSB,MSB,Người nhà lãnh đạo MSB đăng ký mua 5 triệu cổ phiếu,Người nhà lãnh đạo Target đăng ký mua 5 triệu cổ phiếu,Người nhà lãnh đạo Target đăng ký mua 5 triệu cổ phiếu,The sentiment for[TGT] in the given sentence isNEUTRAL .,NEUTRAL,,,,,/home/huylkq/repos/nlp/FinABSA-Valid/MODEL/FinABSA,Target,ok
98d32a5cc65418cd_00,98d32a5cc65418cd,https://cafef.vn/ban-chuoi-ban-heo-nhung-khong-du-bu-chi-phi-tai-chinh-vi-sao-hoang-anh-gia-lai-hagl-van-lai-lon-2022102808301702.chn,2022-10-28T08:34:17,,HAG,HAG,"Bán chuối, bán heo nhưng không đủ bù chi phí tài chính, vì sao Hoàng Anh Gia Lai (HAGL) vẫn lãi lớn?","Bán chuối, bán heo nhưng không đủ bù chi phí tài chính, vì sao Hoàng Anh Gia Lai (TargetL) vẫn lãi lớn?","Bán chuối, bán heo nhưng không đủ bù chi phí tài chính, vì sao Hoàng Anh Gia Lai (TargetL) vẫn lãi lớn?",The sentiment for[TGT] in the given sentence isNEUTRAL .,NEUTRAL,,,,,/home/huylkq/repos/nlp/FinABSA-Valid/MODEL/FinABSA,Target,ok
98d32a5cc65418cd_01,98d32a5cc65418cd,https://cafef.vn/ban-chuoi-ban-heo-nhung-khong-du-bu-chi-phi-tai-chinh-vi-sao-hoang-anh-gia-lai-hagl-van-lai-lon-2022102808301702.chn,2022-10-28T08:34:17,,HAGL,HAGL,"Bán chuối, bán heo nhưng không đủ bù chi phí tài chính, vì sao Hoàng Anh Gia Lai (HAGL) vẫn lãi lớn?","Bán chuối, bán heo nhưng không đủ bù chi phí tài chính, vì sao Hoàng Anh Gia Lai (Target) vẫn lãi lớn?","Bán chuối, bán heo nhưng không đủ bù chi phí tài chính, vì sao Hoàng Anh Gia Lai (Target) vẫn lãi lớn?",The sentiment for[TGT] in the given sentence isNEUTRAL .,NEUTRAL,,,,,/home/huylkq/repos/nlp/FinABSA-Valid/MODEL/FinABSA,Target,ok
90e22c8eb2b5c529_00,90e22c8eb2b5c529,https://cafef.vn/wego-uniform-tung-bst-ao-gio-cozyfree-tinh-than-doanh-nghiep-hoa-nhip-song-2022102716194144.chn,2022-10-28T08:00:00,,REE,ree,Wego Uniform tung BST áo gió Cozyfree - tinh thần doanh nghiệp hoà nhịp sống,Wego Uniform tung Other áo gió CozyfTarget - tinh thần doanh nghiệp hoà nhịp sống,Wego Uniform tung Other áo gió CozyfTarget - tinh thần doanh nghiệp hoà nhịp sống,The sentiment for[TGT] in the given sentence isNEUTRAL .,NEUTRAL,,,,,/home/huylkq/repos/nlp/FinABSA-Valid/MODEL/FinABSA,Target,ok
90e22c8eb2b5c529_01,90e22c8eb2b5c529,https://cafef.vn/wego-uniform-tung-bst-ao-gio-cozyfree-tinh-than-doanh-nghiep-hoa-nhip-song-2022102716194144.chn,2022-10-28T08:00:00,,BST,BST,Wego Uniform tung BST áo gió Cozyfree - tinh thần doanh nghiệp hoà nhịp sống,Wego Uniform tung Target áo gió CozyfOther - tinh thần doanh nghiệp hoà nhịp sống,Wego Uniform tung Target áo gió CozyfOther - tinh thần doanh nghiệp hoà nhịp sống,The sentiment for[TGT] in the given sentence isPOSITIVE .,POSITIVE,,,,,/home/huylkq/repos/nlp/FinABSA-Valid/MODEL/FinABSA,Target,ok
53d43c6231cb6a82_00,53d43c6231cb6a82,https://cafef.vn/vnd-mat-gia-86-tu-dau-nam-doanh-nghiep-nao-huong-loi-nhat-20221028010306486.chn,2022-10-28T06:10:54,,VND,VND,"VND mất giá 8,6% từ đầu năm, doanh nghiệp nào hưởng lợi nhất?","Target mất giá 8,6% từ đầu năm, doanh nghiệp nào hưởng lợi nhất?","Target mất giá 8,6% từ đầu năm, doanh nghiệp nào hưởng lợi nhất?",The sentiment for[TGT] in the given sentence isNEUTRAL .,NEUTRAL,,,,,/home/huylkq/repos/nlp/FinABSA-Valid/MODEL/FinABSA,Target,ok
e008f49abd62ec43_00,e008f49abd62ec43,https://cafef.vn/kinh-te-truong-ssi-nha-dau-tu-khong-nen-phan-ung-thai-qua-can-can-bang-hon-khi-nhin-nhan-cac-van-de-cua-thi-truong-20221027172451734.chn,2022-10-27T21:46:07,,SSI,SSI,"Kinh tế trưởng SSI: ""Nhà đầu tư không nên phản ứng thái quá, cần cân bằng hơn khi nhìn nhận các vấn đề của thị trường""","Kinh tế trưởng Target: ""Nhà đầu tư không nên phản ứng thái quá, cần cân bằng hơn khi nhìn nhận các vấn đề của thị trường""","Kinh tế trưởng Target: ""Nhà đầu tư không nên phản ứng thái quá, cần cân bằng hơn khi nhìn nhận các vấn đề của thị trường""",The sentiment for[TGT] in the given sentence isNEUTRAL .,NEUTRAL,,,,,/home/huylkq/repos/nlp/FinABSA-Valid/MODEL/FinABSA,Target,ok
f19740ba04311221_00,f19740ba04311221,https://cafef.vn/sabeco-sab-chot-ngay-tra-co-tuc-25-bang-tien-hon-850-ty-sap-ve-tui-thaibev-20221027165452453.chn,2022-10-27T21:44:21,,SAB,Sab,"Sabeco (SAB) chốt ngày trả cổ tức 25% bằng tiền, hơn 850 tỷ sắp về ""túi"" ThaiBev","Targeteco (SAB) chốt ngày trả cổ tức 25% bằng tiền, hơn 850 tỷ sắp về ""túi"" ThaiBev","Targeteco (SAB) chốt ngày trả cổ tức 25% bằng tiền, hơn 850 tỷ sắp về ""túi"" ThaiBev",The sentiment for[TGT] in the given sentence isNEUTRAL .,NEUTRAL,,,,,/home/huylkq/repos/nlp/FinABSA-Valid/MODEL/FinABSA,Target,ok
426d3797410bb2fd_00,426d3797410bb2fd,https://cafef.vn/cong-ty-con-cua-dau-tu-ha-tang-ky-thuat-tp-hcm-cii-muon-tro-thanh-co-dong-lon-nam-bay-bay-nbb-20221027201402405.chn,2022-10-27T21:42:15,,TP,TP,Công ty con của Đầu tư Hạ tầng Kỹ thuật TP. HCM (CII) muốn trở thành cổ đông lớn Năm Bảy Bảy (NBB),Công ty con của Đầu tư Hạ tầng Kỹ thuật Target. Other (Other) muốn trở thành cổ đông lớn Năm Bảy Bảy (Other),Công ty con của Đầu tư Hạ tầng Kỹ thuật Target. Other (Other) muốn trở thành cổ đông lớn Năm Bảy Bảy (Other),The sentiment for[TGT] in the given sentence isNEUTRAL .,NEUTRAL,,,,,/home/huylkq/repos/nlp/FinABSA-Valid/MODEL/FinABSA,Target,ok
426d3797410bb2fd_01,426d3797410bb2fd,https://cafef.vn/cong-ty-con-cua-dau-tu-ha-tang-ky-thuat-tp-hcm-cii-muon-tro-thanh-co-dong-lon-nam-bay-bay-nbb-20221027201402405.chn,2022-10-27T21:42:15,,HCM,HCM,Công ty con của Đầu tư Hạ tầng Kỹ thuật TP. HCM (CII) muốn trở thành cổ đông lớn Năm Bảy Bảy (NBB),Công ty con của Đầu tư Hạ tầng Kỹ thuật Other. Target (Other) muốn trở thành cổ đông lớn Năm Bảy Bảy (Other),Công ty con của Đầu tư Hạ tầng Kỹ thuật Other. Target (Other) muốn trở thành cổ đông lớn Năm Bảy Bảy (Other),The sentiment for[TGT] in the given sentence isNEUTRAL .,NEUTRAL,,,,,/home/huylkq/repos/nlp/FinABSA-Valid/MODEL/FinABSA,Target,ok
426d3797410bb2fd_02,426d3797410bb2fd,https://cafef.vn/cong-ty-con-cua-dau-tu-ha-tang-ky-thuat-tp-hcm-cii-muon-tro-thanh-co-dong-lon-nam-bay-bay-nbb-20221027201402405.chn,2022-10-27T21:42:15,,CII,CII,Công ty con của Đầu tư Hạ tầng Kỹ thuật TP. HCM (CII) muốn trở thành cổ đông lớn Năm Bảy Bảy (NBB),Công ty con của Đầu tư Hạ tầng Kỹ thuật Other. Other (Target) muốn trở thành cổ đông lớn Năm Bảy Bảy (Other),Công ty con của Đầu tư Hạ tầng Kỹ thuật Other. Other (Target) muốn trở thành cổ đông lớn Năm Bảy Bảy (Other),The sentiment for[TGT] in the given sentence isPOSITIVE .,POSITIVE,,,,,/home/huylkq/repos/nlp/FinABSA-Valid/MODEL/FinABSA,Target,ok
426d3797410bb2fd_03,426d3797410bb2fd,https://cafef.vn/cong-ty-con-cua-dau-tu-ha-tang-ky-thuat-tp-hcm-cii-muon-tro-thanh-co-dong-lon-nam-bay-bay-nbb-20221027201402405.chn,2022-10-27T21:42:15,,NBB,NBB,Công ty con của Đầu tư Hạ tầng Kỹ thuật TP. HCM (CII) muốn trở thành cổ đông lớn Năm Bảy Bảy (NBB),Công ty con của Đầu tư Hạ tầng Kỹ thuật Other. Other (Other) muốn trở thành cổ đông lớn Năm Bảy Bảy (Target),Công ty con của Đầu tư Hạ tầng Kỹ thuật Other. Other (Other) muốn trở thành cổ đông lớn Năm Bảy Bảy (Target),The sentiment for[TGT] in the given sentence isNEUTRAL .,NEUTRAL,,,,,/home/huylkq/repos/nlp/FinABSA-Valid/MODEL/FinABSA,Target,ok
b0e2fc4314c17c37_00,b0e2fc4314c17c37,https://cafef.vn/gee-loi-nhuan-truoc-thue-hop-nhat-9-thang-dat-6632-ty-dong-20221027182429763.chn,2022-10-27T19:30:00,,GEE,GEE,"GEE: Lợi nhuận trước thuế hợp nhất 9 tháng đạt 663,2 tỷ đồng","Target: Lợi nhuận trước thuế hợp nhất 9 tháng đạt 663,2 tỷ đồng","Target: Lợi nhuận trước thuế hợp nhất 9 tháng đạt 663,2 tỷ đồng",The sentiment for[TGT] in the given sentence isNEUTRAL .,NEUTRAL,,,,,/home/huylkq/repos/nlp/FinABSA-Valid/MODEL/FinABSA,Target,ok
bbf5359c102ba8e4_00,bbf5359c102ba8e4,https://cafef.vn/chung-khoan-vps-tu-nhiem-vai-tro-dai-ly-mot-loat-lo-trai-phieu-doanh-nghiep-20221027180126317.chn,2022-10-27T18:26:00,2022-10-28T11:45:24+07:00,VPS,VPS,Chứng khoán VPS từ nhiệm vai trò đại lý một loạt lô trái phiếu doanh nghiệp,Chứng khoán Target từ nhiệm vai trò đại lý một loạt lô trái phiếu doanh nghiệp,Chứng khoán Target từ nhiệm vai trò đại lý một loạt lô trái phiếu doanh nghiệp,The sentiment for[TGT] in the given sentence isNEUTRAL .,NEUTRAL,,,,,/home/huylkq/repos/nlp/FinABSA-Valid/MODEL/FinABSA,Target,ok
c9acdc31dd5f1e35_00,c9acdc31dd5f1e35,https://cafef.vn/pho-tong-giam-doc-techcombank-dang-ky-mua-co-phieu-tcb-2022102717331079.chn,2022-10-27T17:33:24,,TCB,TCB,Phó Tổng Giám đốc Techcombank đăng ký mua cổ phiếu TCB,Phó Tổng Giám đốc Techcombank đăng ký mua cổ phiếu Target,Phó Tổng Giám đốc Techcombank đăng ký mua cổ phiếu Target,The sentiment for[TGT] in the given sentence isNEUTRAL .,NEUTRAL,,,,,/home/huylkq/repos/nlp/FinABSA-Valid/MODEL/FinABSA,Target,ok
99a3213a3a988417_00,99a3213a3a988417,https://cafef.vn/dat-xanh-mien-trung-6-nam-lien-tiep-lot-top-dn-loi-nhuan-xuat-sac-20221027162826634.chn,2022-10-27T17:30:00,,DN,DN,Đất Xanh Miền Trung 6 năm liên tiếp lọt top DN lợi nhuận xuất sắc,Đất Xanh Miền Trung 6 năm liên tiếp lọt top Target lợi nhuận xuất sắc,Đất Xanh Miền Trung 6 năm liên tiếp lọt top Target lợi nhuận xuất sắc,The sentiment for[TGT] in the given sentence isPOSITIVE .,POSITIVE,,,,,/home/huylkq/repos/nlp/FinABSA-Valid/MODEL/FinABSA,Target,ok
0b0158ef977079ee_00,0b0158ef977079ee,https://cafef.vn/cnt-group-2-nam-lien-lot-top-doanh-nghiep-loi-nhuan-tot-nhat-viet-nam-20221027161855206.chn,2022-10-27T17:30:00,2022-10-28T11:29:19+07:00,CNT,CNT,CNT Group 2 năm liền lọt top doanh nghiệp lợi nhuận tốt nhất Việt Nam,Target Group 2 năm liền lọt top doanh nghiệp lợi nhuận tốt nhất Việt Nam,Target Group 2 năm liền lọt top doanh nghiệp lợi nhuận tốt nhất Việt Nam,The sentiment for[TGT] in the given sentence isNEUTRAL .,NEUTRAL,,,,,/home/huylkq/repos/nlp/FinABSA-Valid/MODEL/FinABSA,Target,ok
65b547ac41dc46c6_00,65b547ac41dc46c6,https://cafef.vn/hagl-agrico-hng-cong-bo-lo-trinh-khac-phuc-chung-khoan-bi-canh-bao-chuyen-hach-toan-cong-ty-con-sang-tien-lao-20221027165923448.chn,2022-10-27T16:59:37,,HAG,HAG,"HAGL Agrico (HNG) công bố lộ trình khắc phục chứng khoán bị cảnh báo, chuyển hạch toán công ty con sang tiền Lào","TargetL Agrico (Other) công bố lộ trình khắc phục chứng khoán bị cảnh báo, chuyển hạch toán công ty con sang tiền Lào","TargetL Agrico (Other) công bố lộ trình khắc phục chứng khoán bị cảnh báo, chuyển hạch toán công ty con sang tiền Lào",The sentiment for[TGT] in the given sentence isNEUTRAL .,NEUTRAL,,,,,/home/huylkq/repos/nlp/FinABSA-Valid/MODEL/FinABSA,Target,ok
65b547ac41dc46c6_01,65b547ac41dc46c6,https://cafef.vn/hagl-agrico-hng-cong-bo-lo-trinh-khac-phuc-chung-khoan-bi-canh-bao-chuyen-hach-toan-cong-ty-con-sang-tien-lao-20221027165923448.chn,2022-10-27T16:59:37,,HAGL,HAGL,"HAGL Agrico (HNG) công bố lộ trình khắc phục chứng khoán bị cảnh báo, chuyển hạch toán công ty con sang tiền Lào","Target Agrico (Other) công bố lộ trình khắc phục chứng khoán bị cảnh báo, chuyển hạch toán công ty con sang tiền Lào","Target Agrico (Other) công bố lộ trình khắc phục chứng khoán bị cảnh báo, chuyển hạch toán công ty con sang tiền Lào",The sentiment for[TGT] in the given sentence isNEUTRAL .,NEUTRAL,,,,,/home/huylkq/repos/nlp/FinABSA-Valid/MODEL/FinABSA,Target,ok
65b547ac41dc46c6_02,65b547ac41dc46c6,https://cafef.vn/hagl-agrico-hng-cong-bo-lo-trinh-khac-phuc-chung-khoan-bi-canh-bao-chuyen-hach-toan-cong-ty-con-sang-tien-lao-20221027165923448.chn,2022-10-27T16:59:37,,HNG,HNG,"HAGL Agrico (HNG) công bố lộ trình khắc phục chứng khoán bị cảnh báo, chuyển hạch toán công ty con sang tiền Lào","OtherL Agrico (Target) công bố lộ trình khắc phục chứng khoán bị cảnh báo, chuyển hạch toán công ty con sang tiền Lào","OtherL Agrico (Target) công bố lộ trình khắc phục chứng khoán bị cảnh báo, chuyển hạch toán công ty con sang tiền Lào",The sentiment for[TGT] in the given sentence isNEUTRAL .,NEUTRAL,,,,,/home/huylkq/repos/nlp/FinABSA-Valid/MODEL/FinABSA,Target,ok
2fa556ed1c902f84_00,2fa556ed1c902f84,https://cafef.vn/mb-tang-manh-lai-suat-tien-gui-len-87-nam-20221027164627946.chn,2022-10-27T16:46:41,,MB,MB,"MB tăng mạnh lãi suất tiền gửi lên 8,7%/năm","Target tăng mạnh lãi suất tiền gửi lên 8,7%/năm","Target tăng mạnh lãi suất tiền gửi lên 8,7%/năm",The sentiment for[TGT] in the given sentence isNEUTRAL .,NEUTRAL,,,,,/home/huylkq/repos/nlp/FinABSA-Valid/MODEL/FinABSA,Target,ok
b8401775ba093a9b_00,b8401775ba093a9b,https://cafef.vn/bat-dong-san-an-gia-agg-sap-dung-tien-tu-hoat-dong-kinh-doanh-de-mua-lai-300-ty-dong-trai-phieu-20221027163124756.chn,2022-10-27T16:36:54,,AGG,AGG,Bất động sản An Gia (AGG) sắp dùng tiền từ hoạt động kinh doanh để mua lại 300 tỷ đồng trái phiếu,Bất động sản An Gia (Target) sắp dùng tiền từ hoạt động kinh doanh để mua lại 300 tỷ đồng trái phiếu,Bất động sản An Gia (Target) sắp dùng tiền từ hoạt động kinh doanh để mua lại 300 tỷ đồng trái phiếu,The sentiment for[TGT] in the given sentence isPOSITIVE .,POSITIVE,,,,,/home/huylkq/repos/nlp/FinABSA-Valid/MODEL/FinABSA,Target,ok
42b52515946044fb_00,42b52515946044fb,https://cafef.vn/ocb-duoc-vinh-danh-trong-top-thuong-hieu-tai-chinh-dan-dau-viet-nam-20221027163324053.chn,2022-10-27T16:33:38,,OCB,OCB,OCB được vinh danh trong Top thương hiệu tài chính dẫn đầu Việt Nam,Target được vinh danh trong Top thương hiệu tài chính dẫn đầu Việt Nam,Target được vinh danh trong Top thương hiệu tài chính dẫn đầu Việt Nam,The sentiment for[TGT] in the given sentence isNEUTRAL .,NEUTRAL,,,,,/home/huylkq/repos/nlp/FinABSA-Valid/MODEL/FinABSA,Target,ok
dcd03f8fc5e2f208_00,dcd03f8fc5e2f208,https://cafef.vn/chung-khoan-everest-evs-sap-huy-dong-500-ty-dong-trai-phieu-khong-tai-san-dam-bao-lai-suat-len-toi-115-nam-20221027162640697.chn,2022-10-27T16:26:54,,EVS,EVS,"Chứng khoán Everest (EVS) sắp huy động 500 tỷ đồng trái phiếu không tài sản đảm bảo, lãi suất lên tới 11,5%/năm","Chứng khoán Everest (Target) sắp huy động 500 tỷ đồng trái phiếu không tài sản đảm bảo, lãi suất lên tới 11,5%/năm","Chứng khoán Everest (Target) sắp huy động 500 tỷ đồng trái phiếu không tài sản đảm bảo, lãi suất lên tới 11,5%/năm",The sentiment for[TGT] in the given sentence isNEUTRAL .,NEUTRAL,,,,,/home/huylkq/repos/nlp/FinABSA-Valid/MODEL/FinABSA,Target,ok
01fb30d70b0fa63d_00,01fb30d70b0fa63d,https://cafef.vn/nguoi-dan-ong-dang-tin-sai-su-that-ve-ngan-hang-scb-bi-phat-75-trieu-dong-20221027155623634.chn,2022-10-27T16:06:30,,SCB,SCB,"Người đàn ông đăng tin sai sự thật về ngân hàng SCB bị phạt 7,5 triệu đồng","Người đàn ông đăng tin sai sự thật về ngân hàng Target bị phạt 7,5 triệu đồng","Người đàn ông đăng tin sai sự thật về ngân hàng Target bị phạt 7,5 triệu đồng",The sentiment for[TGT] in the given sentence isNEUTRAL .,NEUTRAL,,,,,/home/huylkq/repos/nlp/FinABSA-Valid/MODEL/FinABSA,Target,ok
40299d69b7cf6e0e_00,40299d69b7cf6e0e,https://cafef.vn/giai-ma-muc-tang-truong-loi-nhuan-quy-iii-len-den-2-con-so-cua-vinhomes-20221027133357353.chn,2022-10-27T13:34:10,,III,III,Giải mã mức tăng trưởng lợi nhuận quý III lên đến 2 con số của Vinhomes,Giải mã mức tăng trưởng lợi nhuận quý Target lên đến 2 con số của Vinhomes,Giải mã mức tăng trưởng lợi nhuận quý Target lên đến 2 con số của Vinhomes,The sentiment for[TGT] in the given sentence isNEUTRAL .,NEUTRAL,,,,,/home/huylkq/repos/nlp/FinABSA-Valid/MODEL/FinABSA,Target,ok
3fdd87ffa5adf6b9_00,3fdd87ffa5adf6b9,https://cafef.vn/agribank-vietinbank-bidv-tang-lai-suat-huy-dong-them-hon-1-tu-27-10-20221027121804553.chn,2022-10-27T12:18:17,,BID,BID,"Agribank, VietinBank, BIDV tăng lãi suất huy động thêm hơn 1% từ 27/10","Agribank, VietinBank, TargetV tăng lãi suất huy động thêm hơn 1% từ 27/10","Agribank, VietinBank, TargetV tăng lãi suất huy động thêm hơn 1% từ 27/10",The sentiment for[TGT] in the given sentence isNEUTRAL .,NEUTRAL,,,,,/home/huylkq/repos/nlp/FinABSA-Valid/MODEL/FinABSA,Target,ok
3fdd87ffa5adf6b9_01,3fdd87ffa5adf6b9,https://cafef.vn/agribank-vietinbank-bidv-tang-lai-suat-huy-dong-them-hon-1-tu-27-10-20221027121804553.chn,2022-10-27T12:18:17,,BIDV,BIDV,"Agribank, VietinBank, BIDV tăng lãi suất huy động thêm hơn 1% từ 27/10","Agribank, VietinBank, Target tăng lãi suất huy động thêm hơn 1% từ 27/10","Agribank, VietinBank, Target tăng lãi suất huy động thêm hơn 1% từ 27/10",The sentiment for[TGT] in the given sentence isNEUTRAL .,NEUTRAL,,,,,/home/huylkq/repos/nlp/FinABSA-Valid/MODEL/FinABSA,Target,ok
fe2a27f6bd4f17a6_00,fe2a27f6bd4f17a6,https://cafef.vn/cap-nhat-bctc-ngay-27-10-vinhomes-lai-ky-luc-vincom-retail-tang-hon-19-lan-hng-lo-416-ty-them-hdbank-viconship-cong-bo-20221027110631366.chn,2022-10-27T11:08:00,2022-10-27T15:41:18+07:00,DN,DN,"Cập nhật BCTC chiều ngày 27/10: Hàng loạt DN ồ ạt công bố, LNTT Đạm Phú Mỹ tăng 200%, Becamex TDC tăng 270%...","Cập nhật BCTC chiều ngày 27/10: Hàng loạt Target ồ ạt công bố, Other Đạm Phú Mỹ tăng 200%, Becamex Other tăng 270%...","Cập nhật BCTC chiều ngày 27/10: Hàng loạt Target ồ ạt công bố, Other Đạm Phú Mỹ tăng 200%, Becamex Other tăng 270%...",The sentiment for[TGT] in the given sentence isPOSITIVE .,POSITIVE,,,,,/home/huylkq/repos/nlp/FinABSA-Valid/MODEL/FinABSA,Target,ok
fe2a27f6bd4f17a6_01,fe2a27f6bd4f17a6,https://cafef.vn/cap-nhat-bctc-ngay-27-10-vinhomes-lai-ky-luc-vincom-retail-tang-hon-19-lan-hng-lo-416-ty-them-hdbank-viconship-cong-bo-20221027110631366.chn,2022-10-27T11:08:00,2022-10-27T15:41:18+07:00,LNTT,LNTT,"Cập nhật BCTC chiều ngày 27/10: Hàng loạt DN ồ ạt công bố, LNTT Đạm Phú Mỹ tăng 200%, Becamex TDC tăng 270%...","Cập nhật BCTC chiều ngày 27/10: Hàng loạt Other ồ ạt công bố, Target Đạm Phú Mỹ tăng 200%, Becamex Other tăng 270%...","Cập nhật BCTC chiều ngày 27/10: Hàng loạt Other ồ ạt công bố, Target Đạm Phú Mỹ tăng 200%, Becamex Other tăng 270%...",The sentiment for[TGT] in the given sentence isPOSITIVE .,POSITIVE,,,,,/home/huylkq/repos/nlp/FinABSA-Valid/MODEL/FinABSA,Target,ok
fe2a27f6bd4f17a6_02,fe2a27f6bd4f17a6,https://cafef.vn/cap-nhat-bctc-ngay-27-10-vinhomes-lai-ky-luc-vincom-retail-tang-hon-19-lan-hng-lo-416-ty-them-hdbank-viconship-cong-bo-20221027110631366.chn,2022-10-27T11:08:00,2022-10-27T15:41:18+07:00,TDC,TDC,"Cập nhật BCTC chiều ngày 27/10: Hàng loạt DN ồ ạt công bố, LNTT Đạm Phú Mỹ tăng 200%, Becamex TDC tăng 270%...","Cập nhật BCTC chiều ngày 27/10: Hàng loạt Other ồ ạt công bố, Other Đạm Phú Mỹ tăng 200%, Becamex Target tăng 270%...","Cập nhật BCTC chiều ngày 27/10: Hàng loạt Other ồ ạt công bố, Other Đạm Phú Mỹ tăng 200%, Becamex Target tăng 270%...",The sentiment for[TGT] in the given sentence isPOSITIVE .,POSITIVE,,,,,/home/huylkq/repos/nlp/FinABSA-Valid/MODEL/FinABSA,Target,ok
02bd80ee2b412e7f_00,02bd80ee2b412e7f,https://cafef.vn/chu-tich-powell-lai-bi-chi-trich-vi-tang-lai-suat-lan-truoc-la-ong-trump-lan-nay-do-dang-dan-chu-20221027105013064.chn,2022-10-27T10:50:25,,POW,Pow,"Chủ tịch Powell lại bị chỉ trích vì tăng lãi suất, lần trước là ông Trump, lần này do đảng Dân chủ","Chủ tịch Targetell lại bị chỉ trích vì tăng lãi suất, lần trước là ông Trump, lần này do đảng Dân chủ","Chủ tịch Targetell lại bị chỉ trích vì tăng lãi suất, lần trước là ông Trump, lần này do đảng Dân chủ",The sentiment for[TGT] in the given sentence isNEUTRAL .,NEUTRAL,,,,,/home/huylkq/repos/nlp/FinABSA-Valid/MODEL/FinABSA,Target,ok
3443eab37aa7a1f1_00,3443eab37aa7a1f1,https://cafef.vn/lanh-dao-xay-dung-hoa-binh-bi-chung-khoan-vps-ban-giai-chap-co-phieu-hbc-20221027103116279.chn,2022-10-27T10:31:36,,VPS,VPS,Lãnh đạo Xây dựng Hòa Bình bị Chứng khoán VPS bán giải chấp cổ phiếu HBC,Lãnh đạo Xây dựng Hòa Bình bị Chứng khoán Target bán giải chấp cổ phiếu Other,Lãnh đạo Xây dựng Hòa Bình bị Chứng khoán Target bán giải chấp cổ phiếu Other,The sentiment for[TGT] in the given sentence isNEUTRAL .,NEUTRAL,,,,,/home/huylkq/repos/nlp/FinABSA-Valid/MODEL/FinABSA,Target,ok
3443eab37aa7a1f1_01,3443eab37aa7a1f1,https://cafef.vn/lanh-dao-xay-dung-hoa-binh-bi-chung-khoan-vps-ban-giai-chap-co-phieu-hbc-20221027103116279.chn,2022-10-27T10:31:36,,HBC,HBC,Lãnh đạo Xây dựng Hòa Bình bị Chứng khoán VPS bán giải chấp cổ phiếu HBC,Lãnh đạo Xây dựng Hòa Bình bị Chứng khoán Other bán giải chấp cổ phiếu Target,Lãnh đạo Xây dựng Hòa Bình bị Chứng khoán Other bán giải chấp cổ phiếu Target,The sentiment for[TGT] in the given sentence isNEUTRAL .,NEUTRAL,,,,,/home/huylkq/repos/nlp/FinABSA-Valid/MODEL/FinABSA,Target,ok
c753f5b02f839cba_00,c753f5b02f839cba,https://cafef.vn/dxs-chien-luoc-kinh-doanh-linh-hoat-doanh-thu-on-dinh-9-thang-dau-nam-20221027075711544.chn,2022-10-27T10:00:00,,DXS,DXS,"DXS: Chiến lược kinh doanh linh hoạt, doanh thu ổn định 9 tháng đầu năm","Target: Chiến lược kinh doanh linh hoạt, doanh thu ổn định 9 tháng đầu năm","Target: Chiến lược kinh doanh linh hoạt, doanh thu ổn định 9 tháng đầu năm",The sentiment for[TGT] in the given sentence isNEUTRAL .,NEUTRAL,,,,,/home/huylkq/repos/nlp/FinABSA-Valid/MODEL/FinABSA,Target,ok
2028e7d2f093ce7d_00,2028e7d2f093ce7d,https://cafef.vn/thi-truong-nuoc-ngoai-tiep-tuc-la-dong-luc-tang-truong-cua-fpt-trong-dai-han-20221026232206805.chn,2022-10-27T08:17:02,2022-10-27T08:17:36+07:00,FPT,FPT,Thị trường nước ngoài tiếp tục là động lực tăng trưởng của FPT trong dài hạn,Thị trường nước ngoài tiếp tục là động lực tăng trưởng của Target trong dài hạn,Thị trường nước ngoài tiếp tục là động lực tăng trưởng của Target trong dài hạn,The sentiment for[TGT] in the given sentence isNEUTRAL .,NEUTRAL,,,,,/home/huylkq/repos/nlp/FinABSA-Valid/MODEL/FinABSA,Target,ok
99e41addf23d5438_00,99e41addf23d5438,https://cafef.vn/shb-trien-khai-chuong-trinh-khuyen-mai-hap-dan-danh-cho-khach-hang-doanh-nghiep-20221027072709042.chn,2022-10-27T08:00:00,,SHB,SHB,SHB triển khai chương trình khuyến mãi hấp dẫn dành cho khách hàng doanh nghiệp,Target triển khai chương trình khuyến mãi hấp dẫn dành cho khách hàng doanh nghiệp,Target triển khai chương trình khuyến mãi hấp dẫn dành cho khách hàng doanh nghiệp,The sentiment for[TGT] in the given sentence isNEGATIVE .,NEGATIVE,,,,,/home/huylkq/repos/nlp/FinABSA-Valid/MODEL/FinABSA,Target,ok
4394a4ebba0bd603_00,4394a4ebba0bd603,https://cafef.vn/loat-suv-dien-hang-sang-noi-bat-tai-thi-truong-viet-20221027061138932.chn,2022-10-27T06:11:51,,SUV,SUV,Loạt SUV điện hạng sang nổi bật tại thị trường Việt,Loạt Target điện hạng sang nổi bật tại thị trường Việt,Loạt Target điện hạng sang nổi bật tại thị trường Việt,The sentiment for[TGT] in the given sentence isNEUTRAL .,NEUTRAL,,,,,/home/huylkq/repos/nlp/FinABSA-Valid/MODEL/FinABSA,Target,ok
101c0444b8e09a4e_00,101c0444b8e09a4e,https://cafef.vn/vincom-retail-vre-dat-794-ty-dong-loi-nhuan-trong-quy-3-2022-20221026214835337.chn,2022-10-26T21:54:00,2022-10-26T21:54:36+07:00,VRE,VRE,Vincom Retail (VRE) đạt 794 tỷ đồng lợi nhuận trong quý 3/2022,Vincom Retail (Target) đạt 794 tỷ đồng lợi nhuận trong quý 3/2022,Vincom Retail (Target) đạt 794 tỷ đồng lợi nhuận trong quý 3/2022,The sentiment for[TGT] in the given sentence isNEUTRAL .,NEUTRAL,,,,,/home/huylkq/repos/nlp/FinABSA-Valid/MODEL/FinABSA,Target,ok
8e47ef867a1ac9aa_00,8e47ef867a1ac9aa,https://cafef.vn/thi-gia-gex-mat-76-ke-tu-dinh-dragon-capital-ban-rong-gan-12-trieu-co-phieu-gelex-trong-vong-chua-day-1-thang-khong-con-la-co-dong-lon-20221026195125343.chn,2022-10-26T21:05:00,,ITA,ita,"Thị giá GEX mất 76% kể từ đỉnh, Dragon Capital bán ròng gần 12 triệu cổ phiếu Gelex trong vòng chưa đầy 1 tháng, không còn là cổ đông lớn","Thị giá Other mất 76% kể từ đỉnh, Dragon CapTargetl bán ròng gần 12 triệu cổ phiếu Other trong vòng chưa đầy 1 tháng, không còn là cổ đông lớn","Thị giá Other mất 76% kể từ đỉnh, Dragon CapTargetl bán ròng gần 12 triệu cổ phiếu Other trong vòng chưa đầy 1 tháng, không còn là cổ đông lớn",The sentiment for[TGT] in the given sentence isPOSITIVE .,POSITIVE,,,,,/home/huylkq/repos/nlp/FinABSA-Valid/MODEL/FinABSA,Target,ok
8e47ef867a1ac9aa_01,8e47ef867a1ac9aa,https://cafef.vn/thi-gia-gex-mat-76-ke-tu-dinh-dragon-capital-ban-rong-gan-12-trieu-co-phieu-gelex-trong-vong-chua-day-1-thang-khong-con-la-co-dong-lon-20221026195125343.chn,2022-10-26T21:05:00,,GEX,GEX,"Thị giá GEX mất 76% kể từ đỉnh, Dragon Capital bán ròng gần 12 triệu cổ phiếu Gelex trong vòng chưa đầy 1 tháng, không còn là cổ đông lớn","Thị giá Target mất 76% kể từ đỉnh, Dragon CapOtherl bán ròng gần 12 triệu cổ phiếu Other trong vòng chưa đầy 1 tháng, không còn là cổ đông lớn","Thị giá Target mất 76% kể từ đỉnh, Dragon CapOtherl bán ròng gần 12 triệu cổ phiếu Other trong vòng chưa đầy 1 tháng, không còn là cổ đông lớn",The sentiment for[TGT] in the given sentence isNEUTRAL .,NEUTRAL,,,,,/home/huylkq/repos/nlp/FinABSA-Valid/MODEL/FinABSA,Target,ok
8e47ef867a1ac9aa_02,8e47ef867a1ac9aa,https://cafef.vn/thi-gia-gex-mat-76-ke-tu-dinh-dragon-capital-ban-rong-gan-12-trieu-co-phieu-gelex-trong-vong-chua-day-1-thang-khong-con-la-co-dong-lon-20221026195125343.chn,2022-10-26T21:05:00,,GEX,Gelex,"Thị giá GEX mất 76% kể từ đỉnh, Dragon Capital bán ròng gần 12 triệu cổ phiếu Gelex trong vòng chưa đầy 1 tháng, không còn là cổ đông lớn","Thị giá Other mất 76% kể từ đỉnh, Dragon CapOtherl bán ròng gần 12 triệu cổ phiếu Target trong vòng chưa đầy 1 tháng, không còn là cổ đông lớn","Thị giá Other mất 76% kể từ đỉnh, Dragon CapOtherl bán ròng gần 12 triệu cổ phiếu Target trong vòng chưa đầy 1 tháng, không còn là cổ đông lớn",The sentiment for[TGT] in the given sentence isNEUTRAL .,NEUTRAL,,,,,/home/huylkq/repos/nlp/FinABSA-Valid/MODEL/FinABSA,Target,ok
7b83f1fe0e1615c6_00,7b83f1fe0e1615c6,https://cafef.vn/von-hoa-boc-hoi-4300-ty-dong-sau-5-phien-giam-san-chu-tich-vndirect-noi-gi-ve-tin-don-lien-quan-den-trai-phieu-trung-nam-20221026205827457.chn,2022-10-26T20:58:38,,VND,VND,"Vốn hoá “bốc hơi” 4.300 tỷ đồng sau 5 phiên giảm sàn, Chủ tịch VNDirect nói gì về “tin đồn” liên quan đến trái phiếu Trung Nam?","Vốn hoá “bốc hơi” 4.300 tỷ đồng sau 5 phiên giảm sàn, Chủ tịch Targetirect nói gì về “tin đồn” liên quan đến trái phiếu Trung Nam?","Vốn hoá “bốc hơi” 4.300 tỷ đồng sau 5 phiên giảm sàn, Chủ tịch Targetirect nói gì về “tin đồn” liên quan đến trái phiếu Trung Nam?",The sentiment for[TGT] in the given sentence isNEUTRAL .,NEUTRAL,,,,,/home/huylkq/repos/nlp/FinABSA-Valid/MODEL/FinABSA,Target,ok
6a4c574bc7cd9999_00,6a4c574bc7cd9999,https://cafef.vn/pvi-doanh-thu-hop-nhat-9-thang-dau-nam-tang-gan-30-len-10600-ty-dong-hoan-thanh-hon-90-ke-hoach-nam-20221026205305559.chn,2022-10-26T20:53:16,,PVI,PVI,"PVI: Doanh thu hợp nhất 9 tháng đầu năm tăng gần 30% lên 10.600 tỷ đồng, hoàn thành hơn 90% kế hoạch năm","Target: Doanh thu hợp nhất 9 tháng đầu năm tăng gần 30% lên 10.600 tỷ đồng, hoàn thành hơn 90% kế hoạch năm","Target: Doanh thu hợp nhất 9 tháng đầu năm tăng gần 30% lên 10.600 tỷ đồng, hoàn thành hơn 90% kế hoạch năm",The sentiment for[TGT] in the given sentence isPOSITIVE .,POSITIVE,,,,,/home/huylkq/repos/nlp/FinABSA-Valid/MODEL/FinABSA,Target,ok
33416628a489399e_00,33416628a489399e,https://cafef.vn/traphaco-tra-thu-hon-1800-ty-dong-sau-9-thang-hoan-thanh-88-muc-tieu-loi-nhuan-nam-2022102619495399.chn,2022-10-26T20:10:00,,TRA,TRA,"Traphaco (TRA) thu hơn 1.800 tỷ đồng sau 9 tháng, hoàn thành 88% mục tiêu lợi nhuận năm","Traphaco (Target) thu hơn 1.800 tỷ đồng sau 9 tháng, hoàn thành 88% mục tiêu lợi nhuận năm","Traphaco (Target) thu hơn 1.800 tỷ đồng sau 9 tháng, hoàn thành 88% mục tiêu lợi nhuận năm",The sentiment for[TGT] in the given sentence isPOSITIVE .,POSITIVE,,,,,/home/huylkq/repos/nlp/FinABSA-Valid/MODEL/FinABSA,Target,ok
f8400441c0ae455c_00,f8400441c0ae455c,https://cafef.vn/gelex-lot-top-50-doanh-nghiep-loi-nhuan-xuat-sac-nhat-viet-nam-2022-20221026173729434.chn,2022-10-26T19:30:00,,GEX,GELEX,GELEX lọt Top 50 Doanh nghiệp lợi nhuận xuất sắc nhất Việt Nam 2022,Target lọt Top 50 Doanh nghiệp lợi nhuận xuất sắc nhất Việt Nam 2022,Target lọt Top 50 Doanh nghiệp lợi nhuận xuất sắc nhất Việt Nam 2022,The sentiment for[TGT] in the given sentence isNEUTRAL .,NEUTRAL,,,,,/home/huylkq/repos/nlp/FinABSA-Valid/MODEL/FinABSA,Target,ok
a2e7f601551d76d3_00,a2e7f601551d76d3,https://cafef.vn/doanh-thu-ban-thit-heo-tang-200-hoang-anh-gia-lai-hag-bao-lai-quy-3-2022-gap-17-lan-so-voi-cung-ky-20221026190701892.chn,2022-10-26T19:07:36,2022-10-26T19:08:48+07:00,HAG,HAG,"Doanh thu bán thịt heo tăng 200%, Hoàng Anh Gia Lai (HAG) báo lãi quý 3/2022 gấp 17 lần so với cùng kỳ","Doanh thu bán thịt heo tăng 200%, Hoàng Anh Gia Lai (Target) báo lãi quý 3/2022 gấp 17 lần so với cùng kỳ","Doanh thu bán thịt heo tăng 200%, Hoàng Anh Gia Lai (Target) báo lãi quý 3/2022 gấp 17 lần so với cùng kỳ",The sentiment for[TGT] in the given sentence isPOSITIVE .,POSITIVE,,,,,/home/huylkq/repos/nlp/FinABSA-Valid/MODEL/FinABSA,Target,ok
b1c7b33c8ac65fad_00,b1c7b33c8ac65fad,https://cafef.vn/cap-nhat-bctc-chieu-ngay-26-10-hagl-lai-gap-16-lan-cung-ky-them-bsr-cii-habeco-cong-bo-20221026175520795.chn,2022-10-26T17:55:32,,HAG,HAG,"Cập nhật BCTC chiều ngày 26/10: HAGL lãi gấp 16 lần cùng kỳ, thêm BSR, CII, Habeco công bố","Cập nhật BCTC chiều ngày 26/10: TargetL lãi gấp 16 lần cùng kỳ, thêm Other, Other, Habeco công bố","Cập nhật BCTC chiều ngày 26/10: TargetL lãi gấp 16 lần cùng kỳ, thêm Other, Other, Habeco công bố",The sentiment for[TGT] in the given sentence isNEUTRAL .,NEUTRAL,,,,,/home/huylkq/repos/nlp/FinABSA-Valid/MODEL/FinABSA,Target,ok
b1c7b33c8ac65fad_01,b1c7b33c8ac65fad,https://cafef.vn/cap-nhat-bctc-chieu-ngay-26-10-hagl-lai-gap-16-lan-cung-ky-them-bsr-cii-habeco-cong-bo-20221026175520795.chn,2022-10-26T17:55:32,,HAGL,HAGL,"Cập nhật BCTC chiều ngày 26/10: HAGL lãi gấp 16 lần cùng kỳ, thêm BSR, CII, Habeco công bố","Cập nhật BCTC chiều ngày 26/10: Target lãi gấp 16 lần cùng kỳ, thêm Other, Other, Habeco công bố","Cập nhật BCTC chiều ngày 26/10: Target lãi gấp 16 lần cùng kỳ, thêm Other, Other, Habeco công bố",The sentiment for[TGT] in the given sentence isNEUTRAL .,NEUTRAL,,,,,/home/huylkq/repos/nlp/FinABSA-Valid/MODEL/FinABSA,Target,ok
b1c7b33c8ac65fad_02,b1c7b33c8ac65fad,https://cafef.vn/cap-nhat-bctc-chieu-ngay-26-10-hagl-lai-gap-16-lan-cung-ky-them-bsr-cii-habeco-cong-bo-20221026175520795.chn,2022-10-26T17:55:32,,BSR,BSR,"Cập nhật BCTC chiều ngày 26/10: HAGL lãi gấp 16 lần cùng kỳ, thêm BSR, CII, Habeco công bố","Cập nhật BCTC chiều ngày 26/10: OtherL lãi gấp 16 lần cùng kỳ, thêm Target, Other, Habeco công bố","Cập nhật BCTC chiều ngày 26/10: OtherL lãi gấp 16 lần cùng kỳ, thêm Target, Other, Habeco công bố",The sentiment for[TGT] in the given sentence isNEUTRAL .,NEUTRAL,,,,,/home/huylkq/repos/nlp/FinABSA-Valid/MODEL/FinABSA,Target,ok
b1c7b33c8ac65fad_03,b1c7b33c8ac65fad,https://cafef.vn/cap-nhat-bctc-chieu-ngay-26-10-hagl-lai-gap-16-lan-cung-ky-them-bsr-cii-habeco-cong-bo-20221026175520795.chn,2022-10-26T17:55:32,,CII,CII,"Cập nhật BCTC chiều ngày 26/10: HAGL lãi gấp 16 lần cùng kỳ, thêm BSR, CII, Habeco công bố","Cập nhật BCTC chiều ngày 26/10: OtherL lãi gấp 16 lần cùng kỳ, thêm Other, Target, Habeco công bố","Cập nhật BCTC chiều ngày 26/10: OtherL lãi gấp 16 lần cùng kỳ, thêm Other, Target, Habeco công bố",The sentiment for[TGT] in the given sentence isNEUTRAL .,NEUTRAL,,,,,/home/huylkq/repos/nlp/FinABSA-Valid/MODEL/FinABSA,Target,ok
5054e72a31e9c3f5_00,5054e72a31e9c3f5,https://cafef.vn/scb-tiep-tuc-dan-dau-cuoc-dua-tang-lai-suat-cao-nhat-len-toi-93-nam-20221026155855507.chn,2022-10-26T15:59:00,2022-10-26T16:18:55+07:00,SCB,SCB,"SCB tiếp tục dẫn đầu cuộc đua tăng lãi suất, lên tới 9,3%/năm","Target tiếp tục dẫn đầu cuộc đua tăng lãi suất, lên tới 9,3%/năm","Target tiếp tục dẫn đầu cuộc đua tăng lãi suất, lên tới 9,3%/năm",The sentiment for[TGT] in the given sentence isNEUTRAL .,NEUTRAL,,,,,/home/huylkq/repos/nlp/FinABSA-Valid/MODEL/FinABSA,Target,ok
b5132d975d74df60_00,b5132d975d74df60,https://cafef.vn/nhin-tu-cau-chuyen-dau-gia-lan-2-rolls-royce-cua-flchomes-nhan-the-chap-sieu-xe-du-thuyen-co-gi-dang-vui-20221026151443425.chn,2022-10-26T15:20:00,,FLC,FLC,"Nhìn từ câu chuyện đấu giá lần 2 Rolls-Royce của FLCHomes: Nhận thế chấp siêu xe, du thuyền có gì đáng vui?","Nhìn từ câu chuyện đấu giá lần 2 Rolls-Royce của TargetHomes: Nhận thế chấp siêu xe, du thuyền có gì đáng vui?","Nhìn từ câu chuyện đấu giá lần 2 Rolls-Royce của TargetHomes: Nhận thế chấp siêu xe, du thuyền có gì đáng vui?",The sentiment for[TGT] in the given sentence isNEUTRAL .,NEUTRAL,,,,,/home/huylkq/repos/nlp/FinABSA-Valid/MODEL/FinABSA,Target,ok
7103fd39b3fe6d90_00,7103fd39b3fe6d90,https://cafef.vn/cach-dau-tu-de-tang-lai-theo-cap-so-nhan-tu-warren-buffett-khong-phai-cu-co-iq-cao-la-chac-thang-muon-di-duong-dai-phai-dau-tu-vao-linh-vuc-nay-dau-tien-20221026142248364.chn,2022-10-26T14:29:41,,IQ,IQ,"Cách đầu tư để tăng lãi theo cấp số nhân từ Warren Buffett: Không phải cứ có IQ cao là chắc thắng, muốn đi đường dài phải đầu tư vào lĩnh vực này đầu tiên","Cách đầu tư để tăng lãi theo cấp số nhân từ Warren Buffett: Không phải cứ có Target cao là chắc thắng, muốn đi đường dài phải đầu tư vào lĩnh vực này đầu tiên","Cách đầu tư để tăng lãi theo cấp số nhân từ Warren Buffett: Không phải cứ có Target cao là chắc thắng, muốn đi đường dài phải đầu tư vào lĩnh vực này đầu tiên",The sentiment for[TGT] in the given sentence isNEUTRAL .,NEUTRAL,,,,,/home/huylkq/repos/nlp/FinABSA-Valid/MODEL/FinABSA,Target,ok
457da0d3de5342fb_00,457da0d3de5342fb,https://cafef.vn/hhv-lai-rong-9-thang-dau-nam-dat-213-ty-dong-diem-roi-loi-nhuan-du-vao-quy-cuoi-nam-2022-20221026113851055.chn,2022-10-26T12:20:00,,HHV,HHV,"HHV: Lãi ròng 9 tháng đầu năm đạt 213 tỷ đồng, điểm rơi lợi nhuận dự vào quý cuối năm 2022","Target: Lãi ròng 9 tháng đầu năm đạt 213 tỷ đồng, điểm rơi lợi nhuận dự vào quý cuối năm 2022","Target: Lãi ròng 9 tháng đầu năm đạt 213 tỷ đồng, điểm rơi lợi nhuận dự vào quý cuối năm 2022",The sentiment for[TGT] in the given sentence isNEUTRAL .,NEUTRAL,,,,,/home/huylkq/repos/nlp/FinABSA-Valid/MODEL/FinABSA,Target,ok
194e321410728efb_00,194e321410728efb,https://cafef.vn/ban-rong-hon-1-trieu-co-phieu-tu-dau-thang-10-dragon-capital-khong-con-la-co-dong-lon-cua-fpt-20221026101448122.chn,2022-10-26T10:17:00,2022-10-26T19:02:46+07:00,ITA,ita,"Bán ròng hơn 1 triệu cổ phiếu từ đầu tháng 10, Dragon Capital không còn là cổ đông lớn của FPT","Bán ròng hơn 1 triệu cổ phiếu từ đầu tháng 10, Dragon CapTargetl không còn là cổ đông lớn của Other","Bán ròng hơn 1 triệu cổ phiếu từ đầu tháng 10, Dragon CapTargetl không còn là cổ đông lớn của Other",The sentiment for[TGT] in the given sentence isNEUTRAL .,NEUTRAL,,,,,/home/huylkq/repos/nlp/FinABSA-Valid/MODEL/FinABSA,Target,ok
194e321410728efb_01,194e321410728efb,https://cafef.vn/ban-rong-hon-1-trieu-co-phieu-tu-dau-thang-10-dragon-capital-khong-con-la-co-dong-lon-cua-fpt-20221026101448122.chn,2022-10-26T10:17:00,2022-10-26T19:02:46+07:00,FPT,FPT,"Bán ròng hơn 1 triệu cổ phiếu từ đầu tháng 10, Dragon Capital không còn là cổ đông lớn của FPT","Bán ròng hơn 1 triệu cổ phiếu từ đầu tháng 10, Dragon CapOtherl không còn là cổ đông lớn của Target","Bán ròng hơn 1 triệu cổ phiếu từ đầu tháng 10, Dragon CapOtherl không còn là cổ đông lớn của Target",The sentiment for[TGT] in the given sentence isNEUTRAL .,NEUTRAL,,,,,/home/huylkq/repos/nlp/FinABSA-Valid/MODEL/FinABSA,Target,ok
edd90b8abdbcaa53_00,edd90b8abdbcaa53,https://cafef.vn/ts-can-van-luc-moi-nam-viet-nam-can-den-1-trieu-ty-dong-cho-bat-dong-san-trong-do-von-ngan-hang-chiem-24-20221026082257853.chn,2022-10-26T08:23:06,,TS,TS,"TS. Cấn Văn Lực: Mỗi năm Việt Nam cần đến 1 triệu tỷ đồng cho bất động sản, trong đó vốn ngân hàng chiếm 24%","Target. Cấn Văn Lực: Mỗi năm Việt Nam cần đến 1 triệu tỷ đồng cho bất động sản, trong đó vốn ngân hàng chiếm 24%","Target. Cấn Văn Lực: Mỗi năm Việt Nam cần đến 1 triệu tỷ đồng cho bất động sản, trong đó vốn ngân hàng chiếm 24%",The sentiment for[TGT] in the given sentence isNEGATIVE .,NEGATIVE,,,,,/home/huylkq/repos/nlp/FinABSA-Valid/MODEL/FinABSA,Target,ok
b1fefb970d3d7244_00,b1fefb970d3d7244,https://cafef.vn/nhieu-doanh-nghiep-chuyen-huong-xuat-khau-manh-vao-asean-20221025155758099.chn,2022-10-26T07:48:00,,ASEAN,ASEAN,Nhiều doanh nghiệp chuyển hướng xuất khẩu mạnh vào ASEAN,Nhiều doanh nghiệp chuyển hướng xuất khẩu mạnh vào Target,Nhiều doanh nghiệp chuyển hướng xuất khẩu mạnh vào Target,The sentiment for[TGT] in the given sentence isNEUTRAL .,NEUTRAL,,,,,/home/huylkq/repos/nlp/FinABSA-Valid/MODEL/FinABSA,Target,ok
