sample_id,article_id,url,published_at,updated_at,category,raw_title,summary,body,target_surface,ticker,canonical_entity,entity_method,entity_confidence,entity_review_status,sentence,input_text,model_contract,target_index,model_input_text,raw_model_output,classification_output,positive_prob,neutral_prob,negative_prob,sentiment_score,model_name,mask_style,inference_status,label,published_at_dt,published_date
a46048f0a984fad8_00,a46048f0a984fad8,https://cafef.vn/co-phieu-bi-han-che-giao-dich-quan-ly-tai-san-flc-noi-gi-20221005231835903.chn,2022-10-05T23:18:47,,,"Cổ phiếu bị hạn chế giao dịch, Quản lý Tài sản FLC nói gì?","Về vấn đề chậm nộp BCTC soát xét bán niên 2022, GAB cho biết đã nhiều lần liên hệ các đơn vị kiểm toán tuy nhiên vẫn không nhận được phản hồi tích cực.","GAB: Giá hiện tại Thay đổi Xem hồ sơ doanh nghiệp TIN MỚI Theo thông báo mới nhất, Sở Giao dịch Chứng khoán Thành phố Hồ Chí Minh (HOSE) đã quyết định chuyển cổ phiếu GAB của Công ty Cổ phần Đầu tư Khai khoáng và Quản lý tài sản FLC từ diện kiểm soát sang diện hạn chế giao dịch kể từ ngày 7/10/2022. Lý do đưa ra là GAB chậm nộp BCTC soát xét bán niên năm 2022 quá 45 ngày so với thời hạn quy định. Theo đó, cổ phiếu GAB sẽ chỉ được giao dịch phiên chiều của ngày giao dịch theo phương thức khớp lệnh tập trung và phương thức giao dịch thoả thuận kể từ ngày 7/10/2022. Quản lý Tài sản FLC mới đây đã có công văn giải trình và biện pháp khắc phục tình trạng chứng khoán trên. Cụ thể, doanh nghiệp cho biết, trong thời gian 6 tháng qua, cổ phiếu GAB không phát sinh giao dịch hoàn toàn do ý chí, nhu cầu của nhà đầu tư khi tham gia đầu tư trên thị trường chứng khoán . Công ty GAB khẳng định không có can thiệp, tác động đến hoạt động giao dịch của nhà đầu tư. Hoạt động giao dịch trên sàn chứng khoán là hoạt động công khai, minh bạch và công ty GAB luôn tôn trọng quyền sở hữu, quyền khác đối với tài sản trong hoạt động về chứng khoán và thị trường chứng khoán; quyền tự do giao dịch, đầu tư của các nhà đầu tư. Nếu có bất cứ phát sinh giao dịch nào, GAB sẽ nhanh chóng báo cáo và công bố thông tin để khắc phục tình trạng chứng khoán nêu trên. Về vấn đề chậm nộp báo cáo tài chính soát xét bán niên năm 2022 quá 45 ngày so với thời hạn quy định, GAB cho biết đã nhiều lần liên hệ các đơn vị kiểm toán tuy nhiên vẫn không nhận được phản hồi tích cực. GAB cho rằng đây là khó khăn mang tính thời điểm, sự việc bất khả kháng do bị ảnh hưởng uy tín, niềm tin từ việc cổ đông Trịnh Văn Quyết đang bị cơ quan điều tra về hành vi thao túng thị trường chứng khoán và lừa đảo chiếm đoạt tài sản. Sau khi phối hợp cùng đơn vị kiểm toán đủ điều kiện theo quy định pháp luật, GAB sẽ nhanh chóng hoàn thiện báo cáo tài chính soát xét bán niên năm 2022. Trên cơ sở phát hành được báo cáo tài chính soát xét bán niên năm 2022, công ty GAB sẽ công bố thông tin theo quy định để khắc phục tình trạng chứng khoán bị hạn chế giao dịch. Trên thị trường, cổ phiếu GAB ""đóng băng"" thanh khoản kể từ phiên 25/3/2022, thị giá đi ngang ở mức 196.400 đồng/cp.",FLC,FLC,FLC Group,alias,0.98,auto_high_confidence,"Cổ phiếu bị hạn chế giao dịch, Quản lý Tài sản Target nói gì?","Cổ phiếu bị hạn chế giao dịch, Quản lý Tài sản Target nói gì?",FinABSA_target_masked_headline_v1,0,"Cổ phiếu bị hạn chế giao dịch, Quản lý Tài sản Target nói gì?",The sentiment for Target in the given sentence is NEUTRAL.,neutral,,,,0.0,/home/huylkq/repos/nlp/FinABSA-Valid/MODEL/finabsa-other-masked-final_3epoch,Target,ok,neutral,2022-10-05 23:18:47+00:00,2022-10-05
f5e0f65cb1e2dc3e_00,f5e0f65cb1e2dc3e,https://cafef.vn/phu-tho-thu-hoi-du-an-quan-the-du-lich-nghi-duong-sinh-thai-do-flc-lam-chu-dau-tu-20221005200353149.chn,2022-10-05T20:04:04,,,Phú Thọ thu hồi dự án quần thể du lịch nghỉ dưỡng sinh thái do FLC làm chủ đầu tư,Tỉnh Phú Thọ chấm dứt dự án khu đô thị sinh thái và thể thao Việt Trì (quần thể du lịch nghỉ dưỡng sinh thái FLC Phú Thọ) do chủ đầu tư là Công ty cổ phần Tập đoàn FLC gặp một số khó khăn trong quá trình triển khai.,"TIN MỚI UBND tỉnh Phú Thọ đã tiến hành chấm dứt hoạt động dự án và thu hồi quyết định chấp thuận chủ trương đầu tư dự án khu đô thị sinh thái và thể thao Việt Trì, giai đoạn 1 (phân khu D, E, F). Lý do chấm dứt hoạt động của dự án và thu hồi quyết định chấp thuận chủ trương đầu tư là do nhà đầu tư gặp khó khăn, vướng mắc trong quá trình triển khai dự án. Nhà đầu tư là Công ty cổ phần Tập đoàn FLC đã có thông báo và hồ sơ đề nghị chấm dứt hoạt động dự án theo quy định tại nghị định số 31-2021 của Chính phủ. Quyết định cũng yêu cầu nhà đầu tư có trách nhiệm hoàn thành các thủ tục thanh lý dự án đầu tư và các nghĩa vụ với Nhà nước liên quan đến dự án (nếu có). Trước đó vào cuối năm 2021, UBND tỉnh Phú Thọ có quyết định về việc chuyển mục đích và giao 111ha đất cho Công ty cổ phần Tập đoàn FLC để thực hiện dự án khu đô thị sinh thái và thể thao Việt Trì giai đoạn 1, tổng vốn đầu tư hơn 4.400 tỉ đồng. Đến đầu tháng 1-2022, Tập đoàn FLC tổ chức lễ động thổ dự án. Quần thể du lịch nghỉ dưỡng sinh thái FLC Phú Thọ (giai đoạn 1) tọa lạc tại phường Vân Phú và các xã Thụy Vân, Chu Hóa, thành phố Việt Trì, Phú Thọ. Dự án nằm tại giao điểm hai tuyến đường huyết mạch Nguyễn Tất Thành và Trường Chinh, cách trung tâm hành chính của thành phố Việt Trì 2km, cách khu du lịch quốc gia Đền Hùng hơn 1km, kết nối trực tiếp với trục giao thương kinh tế - du lịch huyết mạch của tỉnh. Với tổng vốn các giai đoạn ước tính 10.000 tỉ đồng trên quy hoạch gần 250 ha (trong đó giai đoạn 1 quy mô 111 ha, vốn đầu tư khoảng 4.400 tỉ đồng), mục tiêu của dự án là kiến tạo một quần thể đồng bộ với những tiện ích lưu trú - nghỉ dưỡng - thể thao cao cấp lần đầu tiên xuất hiện tại Phú Thọ như: khách sạn 5 sao 15 tầng, sân golf 18 hố tiêu chuẩn quốc tế, khu đô thị phức hợp thương mại nghỉ dưỡng cao cấp, trung tâm hội nghị quốc tế… Nghệ An thống nhất dừng thực hiện 'siêu' dự án 16.000 tỷ của FLC",FLC,FLC,FLC Group,alias,0.98,auto_high_confidence,Phú Thọ thu hồi dự án quần thể du lịch nghỉ dưỡng sinh thái do Target làm chủ đầu tư,Phú Thọ thu hồi dự án quần thể du lịch nghỉ dưỡng sinh thái do Target làm chủ đầu tư,FinABSA_target_masked_headline_v1,0,Phú Thọ thu hồi dự án quần thể du lịch nghỉ dưỡng sinh thái do Target làm chủ đầu tư,The sentiment for Target in the given sentence is NEUTRAL.,neutral,,,,0.0,/home/huylkq/repos/nlp/FinABSA-Valid/MODEL/finabsa-other-masked-final_3epoch,Target,ok,neutral,2022-10-05 20:04:04+00:00,2022-10-05
ceedec260e0d832f_00,ceedec260e0d832f,https://cafef.vn/thi-phan-moi-gioi-hose-quy-3-vps-giu-vung-vi-tri-dau-bang-bo-doi-mbs-va-fpts-tang-toc-20221005180312287.chn,2022-10-05T18:03:48,2022-10-05T18:04:07+07:00,,"Thị phần môi giới HoSE quý 3: VPS giữ vững vị trí đầu bảng, bộ đôi MBS và FPTS tăng tốc","Trong quý 3, Chứng khoán VPS củng cố thêm vị trí số 1 về thị phần môi giới cổ phiếu, chứng chỉ quỹ và chứng quyền có bảo đảm, đạt 18,71% tăng so với con số 17,1% của quý trước đó.","TIN MỚI Sở GDCK TP.HCM (HoSE) vừa công bố thị phần giao dịch môi giới quý 3/2022 của 10 CTCK lớn nhất. Theo công bố, Chứng khoán VPS tiếp tục giữ vững vị trí số 1 về thị phần môi giới cổ phiếu, chứng chỉ quỹ và chứng quyền có bảo đảm với thị phần quý 3 đạt 18,71%. Đây cũng là quý thứ 7 liên tiếp VPS đạt vị trí thị phần số 1 sàn HoSE, đáng chú ý con số này cao hơn mức 17,1% trong quý 2/2022. Trong khi đó, SSI và VND tiếp tục giữ vững vị trí số 2 và số 3 về thị phần môi giới cổ phiếu, chứng chỉ quỹ và chứng quyền có bảo đảm. Tuy nhiên, bộ đôi CTCK SSI và VND đều có sự sụt giảm nhẹ so với quý trước đó, cụ thể SSI giảm từ 9,81% xuống còn 9,6%; VND giảm từ 7,99% xuống còn 7,72%. Thị phần của Chứng khoán MB và Chứng khoán FPT trong quý 3 ghi nhận sự cải thiện và được gia tăng 1 bậc so với quý trước. Cụ thể, Chứng khoán MB từ vị trí thứ 8 trong quý 2 tăng tốc lên vị trí thứ 7 thế chỗ của Chứng khoán Bản Việt với thị phần tăng lên mức 4,73%. Ngoài ra, thị phần Chứng khoán FPT cũng nâng lên từ vị trí thứ 10 lên vị trí thứ 9, tuy nhiên thị phần lại sụt giảm từ 3,29% xuống 2,99%. Top 10 CTCK có thị phần môi giới cổ phiếu, chứng chỉ quỹ và chứng quyền có bảo đảm quý 3 năm 2022 còn có những gương mặt khác như MAS với thị phần 5,85%, HSC với thị phần 5,58%, TCBS với thị phần 5,23%,… Thị phần giao dịch môi giới quý 3 năm 2022 của 10 CTCK lớn nhất sàn HoSE",VPS,VPS,VPS Securities,alias,0.98,auto_high_confidence,"Thị phần môi giới HoSE quý 3: Target giữ vững vị trí đầu bảng, bộ đôi Other và Other tăng tốc","Thị phần môi giới HoSE quý 3: Target giữ vững vị trí đầu bảng, bộ đôi Other và Other tăng tốc",FinABSA_target_masked_headline_v1,0,"Thị phần môi giới HoSE quý 3: Target giữ vững vị trí đầu bảng, bộ đôi Other và Other tăng tốc",The sentiment for Target in the given sentence is NEUTRAL.,neutral,,,,0.0,/home/huylkq/repos/nlp/FinABSA-Valid/MODEL/finabsa-other-masked-final_3epoch,Target,ok,neutral,2022-10-05 18:03:48+00:00,2022-10-05
ceedec260e0d832f_01,ceedec260e0d832f,https://cafef.vn/thi-phan-moi-gioi-hose-quy-3-vps-giu-vung-vi-tri-dau-bang-bo-doi-mbs-va-fpts-tang-toc-20221005180312287.chn,2022-10-05T18:03:48,2022-10-05T18:04:07+07:00,,"Thị phần môi giới HoSE quý 3: VPS giữ vững vị trí đầu bảng, bộ đôi MBS và FPTS tăng tốc","Trong quý 3, Chứng khoán VPS củng cố thêm vị trí số 1 về thị phần môi giới cổ phiếu, chứng chỉ quỹ và chứng quyền có bảo đảm, đạt 18,71% tăng so với con số 17,1% của quý trước đó.","TIN MỚI Sở GDCK TP.HCM (HoSE) vừa công bố thị phần giao dịch môi giới quý 3/2022 của 10 CTCK lớn nhất. Theo công bố, Chứng khoán VPS tiếp tục giữ vững vị trí số 1 về thị phần môi giới cổ phiếu, chứng chỉ quỹ và chứng quyền có bảo đảm với thị phần quý 3 đạt 18,71%. Đây cũng là quý thứ 7 liên tiếp VPS đạt vị trí thị phần số 1 sàn HoSE, đáng chú ý con số này cao hơn mức 17,1% trong quý 2/2022. Trong khi đó, SSI và VND tiếp tục giữ vững vị trí số 2 và số 3 về thị phần môi giới cổ phiếu, chứng chỉ quỹ và chứng quyền có bảo đảm. Tuy nhiên, bộ đôi CTCK SSI và VND đều có sự sụt giảm nhẹ so với quý trước đó, cụ thể SSI giảm từ 9,81% xuống còn 9,6%; VND giảm từ 7,99% xuống còn 7,72%. Thị phần của Chứng khoán MB và Chứng khoán FPT trong quý 3 ghi nhận sự cải thiện và được gia tăng 1 bậc so với quý trước. Cụ thể, Chứng khoán MB từ vị trí thứ 8 trong quý 2 tăng tốc lên vị trí thứ 7 thế chỗ của Chứng khoán Bản Việt với thị phần tăng lên mức 4,73%. Ngoài ra, thị phần Chứng khoán FPT cũng nâng lên từ vị trí thứ 10 lên vị trí thứ 9, tuy nhiên thị phần lại sụt giảm từ 3,29% xuống 2,99%. Top 10 CTCK có thị phần môi giới cổ phiếu, chứng chỉ quỹ và chứng quyền có bảo đảm quý 3 năm 2022 còn có những gương mặt khác như MAS với thị phần 5,85%, HSC với thị phần 5,58%, TCBS với thị phần 5,23%,… Thị phần giao dịch môi giới quý 3 năm 2022 của 10 CTCK lớn nhất sàn HoSE",MBS,MBS,MBS Securities,alias,0.98,auto_high_confidence,"Thị phần môi giới HoSE quý 3: Other giữ vững vị trí đầu bảng, bộ đôi Target và Other tăng tốc","Thị phần môi giới HoSE quý 3: Other giữ vững vị trí đầu bảng, bộ đôi Target và Other tăng tốc",FinABSA_target_masked_headline_v1,1,"Thị phần môi giới HoSE quý 3: Other giữ vững vị trí đầu bảng, bộ đôi Target và Other tăng tốc",The sentiment for Target in the given sentence is NEUTRAL.,neutral,,,,0.0,/home/huylkq/repos/nlp/FinABSA-Valid/MODEL/finabsa-other-masked-final_3epoch,Target,ok,neutral,2022-10-05 18:03:48+00:00,2022-10-05
ceedec260e0d832f_02,ceedec260e0d832f,https://cafef.vn/thi-phan-moi-gioi-hose-quy-3-vps-giu-vung-vi-tri-dau-bang-bo-doi-mbs-va-fpts-tang-toc-20221005180312287.chn,2022-10-05T18:03:48,2022-10-05T18:04:07+07:00,,"Thị phần môi giới HoSE quý 3: VPS giữ vững vị trí đầu bảng, bộ đôi MBS và FPTS tăng tốc","Trong quý 3, Chứng khoán VPS củng cố thêm vị trí số 1 về thị phần môi giới cổ phiếu, chứng chỉ quỹ và chứng quyền có bảo đảm, đạt 18,71% tăng so với con số 17,1% của quý trước đó.","TIN MỚI Sở GDCK TP.HCM (HoSE) vừa công bố thị phần giao dịch môi giới quý 3/2022 của 10 CTCK lớn nhất. Theo công bố, Chứng khoán VPS tiếp tục giữ vững vị trí số 1 về thị phần môi giới cổ phiếu, chứng chỉ quỹ và chứng quyền có bảo đảm với thị phần quý 3 đạt 18,71%. Đây cũng là quý thứ 7 liên tiếp VPS đạt vị trí thị phần số 1 sàn HoSE, đáng chú ý con số này cao hơn mức 17,1% trong quý 2/2022. Trong khi đó, SSI và VND tiếp tục giữ vững vị trí số 2 và số 3 về thị phần môi giới cổ phiếu, chứng chỉ quỹ và chứng quyền có bảo đảm. Tuy nhiên, bộ đôi CTCK SSI và VND đều có sự sụt giảm nhẹ so với quý trước đó, cụ thể SSI giảm từ 9,81% xuống còn 9,6%; VND giảm từ 7,99% xuống còn 7,72%. Thị phần của Chứng khoán MB và Chứng khoán FPT trong quý 3 ghi nhận sự cải thiện và được gia tăng 1 bậc so với quý trước. Cụ thể, Chứng khoán MB từ vị trí thứ 8 trong quý 2 tăng tốc lên vị trí thứ 7 thế chỗ của Chứng khoán Bản Việt với thị phần tăng lên mức 4,73%. Ngoài ra, thị phần Chứng khoán FPT cũng nâng lên từ vị trí thứ 10 lên vị trí thứ 9, tuy nhiên thị phần lại sụt giảm từ 3,29% xuống 2,99%. Top 10 CTCK có thị phần môi giới cổ phiếu, chứng chỉ quỹ và chứng quyền có bảo đảm quý 3 năm 2022 còn có những gương mặt khác như MAS với thị phần 5,85%, HSC với thị phần 5,58%, TCBS với thị phần 5,23%,… Thị phần giao dịch môi giới quý 3 năm 2022 của 10 CTCK lớn nhất sàn HoSE",FPTS,FTS,FPT Securities,alias,0.98,auto_high_confidence,"Thị phần môi giới HoSE quý 3: Other giữ vững vị trí đầu bảng, bộ đôi Other và Target tăng tốc","Thị phần môi giới HoSE quý 3: Other giữ vững vị trí đầu bảng, bộ đôi Other và Target tăng tốc",FinABSA_target_masked_headline_v1,2,"Thị phần môi giới HoSE quý 3: Other giữ vững vị trí đầu bảng, bộ đôi Other và Target tăng tốc",The sentiment for Target in the given sentence is NEUTRAL.,neutral,,,,0.0,/home/huylkq/repos/nlp/FinABSA-Valid/MODEL/finabsa-other-masked-final_3epoch,Target,ok,neutral,2022-10-05 18:03:48+00:00,2022-10-05
376ea8fcae7e31d9_00,376ea8fcae7e31d9,https://cafef.vn/co-phieu-ngan-hang-tran-ngap-trong-sac-xanh-eib-tang-tran-khoi-ngoai-gom-manh-ctg-20221005171016497.chn,2022-10-05T17:10:00,2022-10-05T17:13:51+07:00,,"Cổ phiếu ngân hàng tràn ngập trong sắc xanh: EIB tăng trần, khối ngoại gom mạnh CTG","Đóng cửa phiên 5/10, toàn ngành ghi nhận 24/27 mã tăng giá. Trong đó, EIB của Eximbank tăng trần đi cùng hoạt động giao dịch thỏa thuận lớn sau khi nhóm cổ đông liên quan đến Tập đoàn Thành Công thông báo thoái vốn.","TIN MỚI Sau hai phiên chìm trong sắc đỏ, thị trường chứng khoán Việt Nam đã hồi phục trong phiên giao dịch hôm nay (5/10). Kết thúc phiên chiều, VN-Index tăng 26,12 điểm (2,42%) lên 1.104,26 điểm, HNX-Index tăng 6,51 điểm (2,76%) lên 242,12 điểm, UPCoM-Index tăng 1,41 điểm (1,71%) lên 83,79 điểm. Là nhóm trụ cột, đà khởi sắc của các cổ phiếu ngân hàng là một trong những lực kéo chính giúp thị trường tăng điểm. Đóng cửa, toàn ngành ghi nhận 24/27 mã tăng giá, 1 mã giảm và 2 mã đứng giá tham chiếu. Bật tăng mạnh nhất hôm nay là PGB của PGBank khi xanh 7,9% lên đóng cửa ở mức 20.600 đồng/cp. Tuy nhiên cả phiên giao dịch chỉ có 22.700 cổ phiếu PGB được các nhà đầu tư trao tay, giá trị chưa đầy 500 triệu đồng. Chỉ đứng sau PGB, EIB của Eximbank tăng trần trong phiên hôm nay với khối lượng giao dịch gần 434.000 đơn vị. Kết phiên, mã này vẫn còn dư mua 22.900 cổ phiếu tại giá trần 34.750 đồng. Cổ phiếu EIB hồi phục mạnh mẽ sau 3 phiên giảm liên tiếp trong bối cảnh nhóm cổ đông liên quan đến Tập đoàn Thành Công thông báo bán hơn 117 triệu cổ phiếu EIB theo phương thức thỏa thuận từ ngày 7/10 đến ngày 31/10. Giới đầu tư kỳ vọng diễn biến này sẽ có tác động tích cực cho Eximbank khi sự chia rẽ giữa các nhóm cổ đông có thể chính thức khép lại sau thương vụ chuyển nhượng cổ phần này. CTG của VietinBank cũng bật tăng 6% sau khi giảm xuống mức thấp nhất kể từ tháng 11/2021. Tính từ đầu năm, cổ phiếu này vẫn mất gần 35% và là mã giảm sâu nhất trong nhóm 3 ngân hàng thương mại cổ phần có vốn nhà nước. Ngoài những mã kể trên, một loạt cổ phiếu ngân hàng khác cũng ghi nhận mức tăng trên 2% như VBB (+4,5%), NVB (+3,4%), BAB, STB, BVB (cùng tăng 2,7%), BID, LPB, NAB (cùng tăng 2,6%), MBB (2,1%). Sắc xanh cũng trở lại cổ phiếu﻿ OCB khi lực cầu ổn định giúp mã này tăng trên 2%, đóng cửa ở mức 14.400 đồng/cp. Bên cạnh đó, khối ngoại cũng bước sang phiên mua ròng thứ tư liên tiếp tại mã này với tổng khối lượng hơn 275 nghìn đơn vị. Ở chiều ngược lại, ACB là mã ngân hàng duy nhất đóng cửa trong sắc đỏ khi giảm 0,95% xuống còn 20.800 đồng/cp. Trong khi HDB và SGB kết phiên ở giá tham chiếu. Xét về thanh khoản, khối lượng giao dịch của hầu hết các mã ngân hàng đều giảm so với phiên trước. Trong đó, VPB dẫn đầu toàn ngành với 13,9 triệu cổ phiếu được trao tay theo phương thức khớp lệnh trực tiếp. Đứng kế sau là STB (10,6 triệu cp), SHB (6,7 triệu cp), MBB (5 triệu cp), LPB (4,9 triệu cp). Mặt khác, EIB tiếp tục ghi nhận giao dịch thỏa thuận khủng với 10,5 triệu đơn vị được sang tay theo hình thức này tại giá tham chiếu 32.500 đồng, giá trị hơn 341 tỷ đồng. Hoạt động thỏa thuận cũng được ghi nhận tại LPB, STB và MBB với khối lượng từ vài trăm nghìn đến gần 1 triệu đơn vị. Về giao dịch của khối ngoại, nhóm này đã mua ròng hơn 2,4 triệu cổ phiếu CTG và là nhân tố chính kéo mã này tăng mạnh trong phiên hôm nay. Nhà đầu tư nước ngoài cũng gom mua tại HDB, SHB và MBB trong khi bán mạnh STB (hơn 2,6 triệu cp) và VCB (hơn 237.000 cổ phiếu), TPB (188.000 cổ phiếu). Nhiều cổ phiếu ngân hàng đã mất nửa giá trị kể từ đầu năm, ba mã xuống dưới mệnh giá",CTG,CTG,VietinBank,alias,0.98,auto_high_confidence,"Cổ phiếu ngân hàng tràn ngập trong sắc xanh: Other tăng trần, khối ngoại gom mạnh Target","Cổ phiếu ngân hàng tràn ngập trong sắc xanh: Other tăng trần, khối ngoại gom mạnh Target",FinABSA_target_masked_headline_v1,0,"Cổ phiếu ngân hàng tràn ngập trong sắc xanh: Other tăng trần, khối ngoại gom mạnh Target",The sentiment for Target in the given sentence is NEUTRAL.,neutral,,,,0.0,/home/huylkq/repos/nlp/FinABSA-Valid/MODEL/finabsa-other-masked-final_3epoch,Target,ok,neutral,2022-10-05 17:10:00+00:00,2022-10-05
376ea8fcae7e31d9_01,376ea8fcae7e31d9,https://cafef.vn/co-phieu-ngan-hang-tran-ngap-trong-sac-xanh-eib-tang-tran-khoi-ngoai-gom-manh-ctg-20221005171016497.chn,2022-10-05T17:10:00,2022-10-05T17:13:51+07:00,,"Cổ phiếu ngân hàng tràn ngập trong sắc xanh: EIB tăng trần, khối ngoại gom mạnh CTG","Đóng cửa phiên 5/10, toàn ngành ghi nhận 24/27 mã tăng giá. Trong đó, EIB của Eximbank tăng trần đi cùng hoạt động giao dịch thỏa thuận lớn sau khi nhóm cổ đông liên quan đến Tập đoàn Thành Công thông báo thoái vốn.","TIN MỚI Sau hai phiên chìm trong sắc đỏ, thị trường chứng khoán Việt Nam đã hồi phục trong phiên giao dịch hôm nay (5/10). Kết thúc phiên chiều, VN-Index tăng 26,12 điểm (2,42%) lên 1.104,26 điểm, HNX-Index tăng 6,51 điểm (2,76%) lên 242,12 điểm, UPCoM-Index tăng 1,41 điểm (1,71%) lên 83,79 điểm. Là nhóm trụ cột, đà khởi sắc của các cổ phiếu ngân hàng là một trong những lực kéo chính giúp thị trường tăng điểm. Đóng cửa, toàn ngành ghi nhận 24/27 mã tăng giá, 1 mã giảm và 2 mã đứng giá tham chiếu. Bật tăng mạnh nhất hôm nay là PGB của PGBank khi xanh 7,9% lên đóng cửa ở mức 20.600 đồng/cp. Tuy nhiên cả phiên giao dịch chỉ có 22.700 cổ phiếu PGB được các nhà đầu tư trao tay, giá trị chưa đầy 500 triệu đồng. Chỉ đứng sau PGB, EIB của Eximbank tăng trần trong phiên hôm nay với khối lượng giao dịch gần 434.000 đơn vị. Kết phiên, mã này vẫn còn dư mua 22.900 cổ phiếu tại giá trần 34.750 đồng. Cổ phiếu EIB hồi phục mạnh mẽ sau 3 phiên giảm liên tiếp trong bối cảnh nhóm cổ đông liên quan đến Tập đoàn Thành Công thông báo bán hơn 117 triệu cổ phiếu EIB theo phương thức thỏa thuận từ ngày 7/10 đến ngày 31/10. Giới đầu tư kỳ vọng diễn biến này sẽ có tác động tích cực cho Eximbank khi sự chia rẽ giữa các nhóm cổ đông có thể chính thức khép lại sau thương vụ chuyển nhượng cổ phần này. CTG của VietinBank cũng bật tăng 6% sau khi giảm xuống mức thấp nhất kể từ tháng 11/2021. Tính từ đầu năm, cổ phiếu này vẫn mất gần 35% và là mã giảm sâu nhất trong nhóm 3 ngân hàng thương mại cổ phần có vốn nhà nước. Ngoài những mã kể trên, một loạt cổ phiếu ngân hàng khác cũng ghi nhận mức tăng trên 2% như VBB (+4,5%), NVB (+3,4%), BAB, STB, BVB (cùng tăng 2,7%), BID, LPB, NAB (cùng tăng 2,6%), MBB (2,1%). Sắc xanh cũng trở lại cổ phiếu﻿ OCB khi lực cầu ổn định giúp mã này tăng trên 2%, đóng cửa ở mức 14.400 đồng/cp. Bên cạnh đó, khối ngoại cũng bước sang phiên mua ròng thứ tư liên tiếp tại mã này với tổng khối lượng hơn 275 nghìn đơn vị. Ở chiều ngược lại, ACB là mã ngân hàng duy nhất đóng cửa trong sắc đỏ khi giảm 0,95% xuống còn 20.800 đồng/cp. Trong khi HDB và SGB kết phiên ở giá tham chiếu. Xét về thanh khoản, khối lượng giao dịch của hầu hết các mã ngân hàng đều giảm so với phiên trước. Trong đó, VPB dẫn đầu toàn ngành với 13,9 triệu cổ phiếu được trao tay theo phương thức khớp lệnh trực tiếp. Đứng kế sau là STB (10,6 triệu cp), SHB (6,7 triệu cp), MBB (5 triệu cp), LPB (4,9 triệu cp). Mặt khác, EIB tiếp tục ghi nhận giao dịch thỏa thuận khủng với 10,5 triệu đơn vị được sang tay theo hình thức này tại giá tham chiếu 32.500 đồng, giá trị hơn 341 tỷ đồng. Hoạt động thỏa thuận cũng được ghi nhận tại LPB, STB và MBB với khối lượng từ vài trăm nghìn đến gần 1 triệu đơn vị. Về giao dịch của khối ngoại, nhóm này đã mua ròng hơn 2,4 triệu cổ phiếu CTG và là nhân tố chính kéo mã này tăng mạnh trong phiên hôm nay. Nhà đầu tư nước ngoài cũng gom mua tại HDB, SHB và MBB trong khi bán mạnh STB (hơn 2,6 triệu cp) và VCB (hơn 237.000 cổ phiếu), TPB (188.000 cổ phiếu). Nhiều cổ phiếu ngân hàng đã mất nửa giá trị kể từ đầu năm, ba mã xuống dưới mệnh giá",EIB,EIB,Eximbank,alias,0.98,auto_high_confidence,"Cổ phiếu ngân hàng tràn ngập trong sắc xanh: Target tăng trần, khối ngoại gom mạnh Other","Cổ phiếu ngân hàng tràn ngập trong sắc xanh: Target tăng trần, khối ngoại gom mạnh Other",FinABSA_target_masked_headline_v1,1,"Cổ phiếu ngân hàng tràn ngập trong sắc xanh: Target tăng trần, khối ngoại gom mạnh Other",The sentiment for Target in the given sentence is NEUTRAL.,neutral,,,,0.0,/home/huylkq/repos/nlp/FinABSA-Valid/MODEL/finabsa-other-masked-final_3epoch,Target,ok,neutral,2022-10-05 17:10:00+00:00,2022-10-05
bb09795ff00f202e_00,bb09795ff00f202e,https://cafef.vn/co-phieu-troi-ve-day-23-thang-hoa-phat-hpg-roi-khoi-top-10-doanh-nghiep-von-hoa-lon-nhat-san-chung-khoan-20221005155851256.chn,2022-10-05T15:59:02,,,"Cổ phiếu “trôi” về đáy 23 tháng, Hòa Phát (HPG) rời khỏi top 10 doanh nghiệp vốn hóa lớn nhất sàn chứng khoán","Thời đỉnh cao, Hòa Phát là doanh nghiệp giá trị lớn thứ 4 sàn chứng khoán nhưng việc vốn hóa mất đến hơn 143.000 tỷ đồng trong gần 1 năm qua đã khiến “vua thép” rớt đài.","HPG: Giá hiện tại Thay đổi Xem hồ sơ doanh nghiệp TIN MỚI Thị trường chứng khoán đang trong nhịp điều chỉnh mạnh khi các mốc điểm quan trọng lần lượt bị xuyên thủng dưới áp lực bán mạnh tại hầu hết các nhóm cổ phiếu. Trong bối cảnh đó, cổ phiếu HPG của Tập đoàn Hòa Phát không tránh khỏi tình cảnh giảm giá mạnh. Thị giá HPG liên tục giảm sâu, ""trôi"" tận xuống vùng giá 1x - điều mà chỉ vài tháng trước ít ai nghĩ tới. Thực tế, thời điểm cổ phiếu này trải qua vùng giá 1x là khoảng 30 tháng về trước (tháng 4/2020). Sau đó 3 lần điều chỉnh giá do chia cổ tức (ngày 29/7/2020, 31/5/2021 và 17/6/2022), thị giá có giảm song nhưng chưa từng một lần trở lại vùng giá này. Tại mức thị giá kết phiên 5/10 là 19.200 đồng/cp, vốn hóa của Hòa Phát tương ứng còn khoảng 111.600 tỷ đồng. Con số này hiện đã không đủ để doanh nghiệp đầu ngành thép giữ được một vị trí trong top 10 vốn hóa trên sàn chứng khoán. Chỉ gần một năm trước, giai đoạn cuối tháng 10/2021, Hòa Phát vẫn còn ở đỉnh cao và là doanh nghiệp giá trị lớn thứ 4 sàn chứng khoán chỉ sau Vietcombank (mã VCB), Vingroup (mã VIC) và Vinhomes (VHM). So với đỉnh, vốn hóa của Hòa Phát đã mất đi gần 143.000 tỷ đồng (~6,2 tỷ USD), “rớt đài” nhóm vốn hóa lớn nhất thị trường chứng khoán Việt Nam trong khi đứng thứ 10 trong top vốn hóa lớn nhất sàn HOSE. Sự tụt hạng của Hòa Phát khiến top 10 vốn hóa trên thị trường không còn bóng dáng của ngành công nghiệp nặng. Nhóm này hiện tại chủ yếu gồm ngân hàng và bất động sản bên cạnh một vài doanh nghiệp đầu ngành bán lẻ hàng tiêu dùng, thực phẩm đồ uống, dầu khí như Vinamilk (mã VNM), Masan (mã MSN), PV Gas (mã GAS). Cổ phiếu sàn HoSE (Xanh dương). Cổ phiếu sàn UPCoM (Xanh lá) Dù không còn trong top 10 vốn hóa nhưng Hòa Phát vẫn đang trong top đầu trên cả 3 sàn về vốn điều lệ với hơn 58.000 tỷ đồng, vượt qua cả các nhà băng lớn nhất nhất thị trường và chỉ đứng sau VPB (hơn 67.000 tỷ đồng). Đồng thời, số lượng cổ phiếu trôi nổi tự do (free float) của HPG cũng nhiều thứ hai sàn với gần 3,2 tỷ đơn vị. Song, chính điều này hiện lại khiến giá cổ phiếu HPG chịu nhiều áp lực trong bối cảnh dòng tiền hiện đã không còn đủ dồi dào để hấp thụ lượng cổ phiếu trôi nổi tự do (freefloat) “khổng lồ”. Điều này hoàn toàn trái ngược với giai đoạn bùng nổ cuối năm 2021 khi giá trị giao dịch của mã chứng khoán này có phiên lên đến hàng nghìn tỷ đồng nhờ lực cầu vô cùng lớn, gánh thanh khoản của cả thị trường Hòa Phát vẫn trong top đầu toàn sàn về vốn điều lệ Đồng thời, cổ phiếu HPG sụt giảm trong bối cảnh nhiều yếu tố không thuận lợi ảnh hưởng đáng kể đến kết quả kinh doanh, điển hình là giá thép. Theo đó, quý 2/2022 vừa qua có thể xem là một trong những giai đoạn khó khăn nhất trong hơn 2 năm trở lại đây đối với ngành thép và cả Hòa Phát. Giá thép giảm trong khi chi phí nguyên liệu đầu vào vẫn cao khiến lợi nhuận ròng của doanh nghiệp đầu ngành thép giảm 59% so với cùng kỳ, xuống còn khoảng 4.000 tỷ đồng. Hiện, sau giai đoạn giảm mạnh liên tục trong quý 2 và quý 3, giá thép xây dựng của Hòa Phát tại thị trường nội địa đã tăng trong những tuần gần đây nhưng tiềm năng tăng giá trong các tháng còn lại của năm có thể ở mức khiêm tốn. Mức tăng giá nhỏ giọt chỉ từ 100 – 200 đồng/kg mỗi lần của Hòa Phát phần nào cho thấy nhu cầu của người tiêu dùng cuối cùng vẫn đang tăng chậm. Trong khi đó, giá thép cây thế giới hiện chỉ còn 1/3 so với đỉnh. Không chỉ có áp lực từ kết quả kinh doanh, cổ phiếu HPG còn liên tục chịu áp lực bán ra mạnh từ phía nhà đầu tư nước ngoài trong thời gian gần đây.﻿ Ngay trong phiên 5/10, khối ngoại cũng mạnh tay bán ròng gần 141 tỷ đồng cổ phiếu HPG, đóng góp thêm nguyên nhân khiến thị giá giảm sâu. Tổng cộng, HPG đã bị khối ngoại bán ròng gần 5.600 tỷ đồng từ đầu năm tới nay với tâm điểm trong khoảng nửa đầu năm. Ngoài ra, mặt bằng lãi suất có xu hướng tăng cũng là yếu tố gây bất lợi khi cơ cấu tài chính của Hòa Phát ghi nhận nợ vay chiếm tỷ trọng lớn. Tính đến cuối quý 2/2022, doanh nghiệp đầu ngành thép đang vay nợ hơn 70.000 tỷ đồng, gần gấp đôi so với các tài sản được hưởng lãi suất. Hòa Phát ước tính mỗi thay đổi 100 điểm cơ bản của lãi suất sẽ làm tăng hoặc giảm 12,43 tỷ đồng lợi nhuận thuần hợp nhất cho kỳ 6 tháng. Con số này không lớn so với lợi nhuận của Hòa Phát tuy nhiên còn có thể tăng thêm khi tập đoàn chuẩn bị đầu tư cho dự án Dung Quất 2 với tổng mức đầu tư lên đến 85.000 tỷ đồng trong đó nguồn vốn vay chiếm khoảng 35.000 tỷ đồng. Mặt khác, doanh nghiệp ngành thép này còn chịu thêm nỗi lo tỷ giá leo thang. Riêng trong quý 2, đồng USD không ngừng tăng khiến doanh nghiệp lỗ tỷ giá 1.100 tỷ đồng. Báo cáo mới đây của Chứng khoán Rồng Việt (VDSC) cho rằng giá nguyên liệu có thể giảm tiếp trong quý 4 năm nay. Trong bối cảnh như vậy, VDSC đánh giá chi phí sản xuất thép thô của Tập đoàn Hòa Phát sẽ chỉ thấp hơn một chút trong quý 3 so với quý 2 và sau đó sẽ giảm tiếp trong quý 4 khi mà HPG đã chủ động hạn chế dự trữ nguyên liệu và cắt giảm sản xuất trong tháng 7-8. Như vậy, một phần lớn thép bán ra trong quý 3 có thể được sản xuất từ nguyên liệu giá cao. Trong những tháng tới và năm 2023, VDSC kỳ vọng doanh số bán thép xây dựng sẽ phục hồi nhanh hơn so với thép dẹt. Tiêu thụ thép xây dựng hàng tháng trong quý 4 có khả năng bình thường trở lại sau khi tăng đột biến vào tháng 9 trong khi HRC và tôn mạ vẫn yếu do nhu cầu thấp từ các thị trường lớn (Mỹ và EU). Sang năm 2023, VDSC cũng kỳ vọng thép xây dựng sẽ tăng trưởng mạnh hơn thép dẹt trên cơ sở triển vọng giải ngân đầu tư công của Chính phủ Việt Nam sẽ tăng tốc trong khi lạm phát sẽ vẫn ở mức cao trên toàn cầu cho đến giữa năm. Về dự án Dung Quất 2, sau khi khởi công vào tháng 5/2022, dự án đang trong giai đoạn giải phóng mặt bằng. Giai đoạn 1 sẽ đi vào hoạt động từ giữa năm 2024 và giai đoạn 2 từ cuối năm 2024. Với Dung Quất 2, tổng công suất của Hòa Phát sẽ tăng 66% so với cuối năm 2021 lên 14,6 triệu tấn/năm.",HPG,HPG,Hoa Phat Group,alias,0.98,auto_high_confidence,"Cổ phiếu “trôi” về đáy 23 tháng, Hòa Phát (Target) rời khỏi top 10 doanh nghiệp vốn hóa lớn nhất sàn chứng khoán","Cổ phiếu “trôi” về đáy 23 tháng, Hòa Phát (Target) rời khỏi top 10 doanh nghiệp vốn hóa lớn nhất sàn chứng khoán",FinABSA_target_masked_headline_v1,0,"Cổ phiếu “trôi” về đáy 23 tháng, Hòa Phát (Target) rời khỏi top 10 doanh nghiệp vốn hóa lớn nhất sàn chứng khoán",The sentiment for Target in the given sentence is NEUTRAL.,neutral,,,,0.0,/home/huylkq/repos/nlp/FinABSA-Valid/MODEL/finabsa-other-masked-final_3epoch,Target,ok,neutral,2022-10-05 15:59:02+00:00,2022-10-05
446a208de176eedb_00,446a208de176eedb,https://cafef.vn/thi-phan-moi-gioi-hnx-quy-3-vps-cung-co-vi-tri-so-1-hsc-va-shs-bat-ngo-bi-loai-khoi-top-10-20221005152910454.chn,2022-10-05T15:29:22,,,"Thị phần môi giới HNX quý 3: VPS củng cố vị trí số 1, HSC và SHS bất ngờ bị loại khỏi top 10","VPS tiếp tục giữ vững vị trí số 1 về thị phần môi giới cổ phiếu niêm yết quý 3/2022 với 23,01%.","TIN MỚI Sở GDCK Hà Nội (HNX) vừa công bố thị phần môi giới cổ phiếu niêm yết quý 3/2022. Theo đó, VPS tiếp tục giữ vững vị trí số 1 về thị phần với 23,01%. Trước đó trong quý 2, VPS cũng giữ vị trí số 1 về thị phần môi giới cổ phiếu HNX với 19,39%. Như vậy trong quý 3/2022, thị phần môi giới HNX của VPS đã tăng mạnh 3,62%. VNDirect giữ vững vị trí số 2 về thị phần môi giới cổ phiếu HNX với 9%, giảm hơn 1% so với quý trước. Tương tự, SSI đứng vị trí thứ 3 với thị phần môi giới HNX với 6,33%. Thị phần của SSI cũng sụt giảm 1,11%, qua đó thu hẹp khoảng cách với VNDirect. Top 10 CTCK có thị phần môi giới lớn nhất HNX quý 3/2022 có sự xuất hiện những gương mặt mới so với quý trước gồm Chứng khoán BSC (thị phần 2,79%), Chứng khoán VCBS (2,69%) và Chứng khoán KB Việt Nam (3,83%). Ngược lại, cái tên mới mẻ DNSE hay chứng khoán HSC và Chứng khoán SHS đã bị loại. Thị phần môi giới cổ phiếu quý 3/2022 trên HNX Về thị phần môi giới UPCom, VPS củng cố vững chắc vị trí số 1 với thị phần 24,13% trong quý 3/2022, tăng gần 1% so với quý trước. Khoảng cách thị phần UPCom của VPS cũng được nới rộng hơn với các CTCK xếp sau như VNDirect (8,74%), SSI (6,08%), TCBS (4,85%), MBS (4,7%)… Thị phần môi giới cổ phiếu quý 3/2022 trên UpCOM Về thị phần môi giới phái sinh quý 3/2022, VPS cũng giữ vị trí số 1 với 60,98%, bỏ xa Công ty chứng khoán đứng thứ 2 là HSC với thị phần 9,6%. Thị phần môi giới phái sinh quý 3/2022 trên HNX",VPS,VPS,VPS Securities,alias,0.98,auto_high_confidence,"Thị phần môi giới HNX quý 3: Target củng cố vị trí số 1, Other và Other bất ngờ bị loại khỏi top 10","Thị phần môi giới HNX quý 3: Target củng cố vị trí số 1, Other và Other bất ngờ bị loại khỏi top 10",FinABSA_target_masked_headline_v1,0,"Thị phần môi giới HNX quý 3: Target củng cố vị trí số 1, Other và Other bất ngờ bị loại khỏi top 10",The sentiment for Target in the given sentence is NEUTRAL.,neutral,,,,0.0,/home/huylkq/repos/nlp/FinABSA-Valid/MODEL/finabsa-other-masked-final_3epoch,Target,ok,neutral,2022-10-05 15:29:22+00:00,2022-10-05
446a208de176eedb_01,446a208de176eedb,https://cafef.vn/thi-phan-moi-gioi-hnx-quy-3-vps-cung-co-vi-tri-so-1-hsc-va-shs-bat-ngo-bi-loai-khoi-top-10-20221005152910454.chn,2022-10-05T15:29:22,,,"Thị phần môi giới HNX quý 3: VPS củng cố vị trí số 1, HSC và SHS bất ngờ bị loại khỏi top 10","VPS tiếp tục giữ vững vị trí số 1 về thị phần môi giới cổ phiếu niêm yết quý 3/2022 với 23,01%.","TIN MỚI Sở GDCK Hà Nội (HNX) vừa công bố thị phần môi giới cổ phiếu niêm yết quý 3/2022. Theo đó, VPS tiếp tục giữ vững vị trí số 1 về thị phần với 23,01%. Trước đó trong quý 2, VPS cũng giữ vị trí số 1 về thị phần môi giới cổ phiếu HNX với 19,39%. Như vậy trong quý 3/2022, thị phần môi giới HNX của VPS đã tăng mạnh 3,62%. VNDirect giữ vững vị trí số 2 về thị phần môi giới cổ phiếu HNX với 9%, giảm hơn 1% so với quý trước. Tương tự, SSI đứng vị trí thứ 3 với thị phần môi giới HNX với 6,33%. Thị phần của SSI cũng sụt giảm 1,11%, qua đó thu hẹp khoảng cách với VNDirect. Top 10 CTCK có thị phần môi giới lớn nhất HNX quý 3/2022 có sự xuất hiện những gương mặt mới so với quý trước gồm Chứng khoán BSC (thị phần 2,79%), Chứng khoán VCBS (2,69%) và Chứng khoán KB Việt Nam (3,83%). Ngược lại, cái tên mới mẻ DNSE hay chứng khoán HSC và Chứng khoán SHS đã bị loại. Thị phần môi giới cổ phiếu quý 3/2022 trên HNX Về thị phần môi giới UPCom, VPS củng cố vững chắc vị trí số 1 với thị phần 24,13% trong quý 3/2022, tăng gần 1% so với quý trước. Khoảng cách thị phần UPCom của VPS cũng được nới rộng hơn với các CTCK xếp sau như VNDirect (8,74%), SSI (6,08%), TCBS (4,85%), MBS (4,7%)… Thị phần môi giới cổ phiếu quý 3/2022 trên UpCOM Về thị phần môi giới phái sinh quý 3/2022, VPS cũng giữ vị trí số 1 với 60,98%, bỏ xa Công ty chứng khoán đứng thứ 2 là HSC với thị phần 9,6%. Thị phần môi giới phái sinh quý 3/2022 trên HNX",HSC,HCM,Ho Chi Minh City Securities,alias,0.98,auto_high_confidence,"Thị phần môi giới HNX quý 3: Other củng cố vị trí số 1, Target và Other bất ngờ bị loại khỏi top 10","Thị phần môi giới HNX quý 3: Other củng cố vị trí số 1, Target và Other bất ngờ bị loại khỏi top 10",FinABSA_target_masked_headline_v1,1,"Thị phần môi giới HNX quý 3: Other củng cố vị trí số 1, Target và Other bất ngờ bị loại khỏi top 10",The sentiment for Target in the given sentence is NEUTRAL.,neutral,,,,0.0,/home/huylkq/repos/nlp/FinABSA-Valid/MODEL/finabsa-other-masked-final_3epoch,Target,ok,neutral,2022-10-05 15:29:22+00:00,2022-10-05
df981867521294e5_00,df981867521294e5,https://cafef.vn/tong-giam-doc-hdbank-tiep-tuc-dang-ky-mua-vao-1-trieu-co-phieu-hdb-20221005080147338.chn,2022-10-05T08:01:00,2022-10-05T08:09:09+07:00,,Tổng Giám đốc HDBank tiếp tục đăng ký mua vào 1 triệu cổ phiếu HDB,"Hồi tháng 3/2022, ông Phạm Quốc Thanh cũng đã hoàn tất mua vào 1 triệu cổ phiếu HDB.","hdb: Giá hiện tại Thay đổi Xem hồ sơ doanh nghiệp TIN MỚI Theo tin từ Sở Giao dịch Chứng khoán TP Hồ Chí Minh (HoSE), ông Phạm Quốc Thanh – Tổng Giám đốc Ngân hàng TMCP Phát triển TP HCM đăng ký mua vào 1 triệu cổ phiếu HDB, dự kiến giao dịch từ 07/10/2022. Mục đích giao dịch nhằm để đầu tư và sẽ được thực hiện theo phương thức khớp lệnh và thỏa thuận. Đây là lần thứ hai trong năm nay vị Tổng Giám đốc HDBank đăng ký mua vào. Trước đó hồi tháng 3/2022, ông Thanh đã hoàn tất mua vào 1 triệu cổ phiếu HDB. Ông Phạm Quốc Thanh được bổ nhiệm giữ chức Tổng Giám đốc HDBank từ tháng 3/2020, và trong hơn 2 năm qua đã dẫn dắt HDBank ứng phó linh hoạt và hiệu quả trước tác động của đại dịch để tăng trưởng cao, chất lượng tài sản và các chỉ tiêu an toàn được đảm bảo tốt so với ngành. HDBank cũng đang có những bước tiến mạnh mẽ trong các mảng kinh doanh bảo hiểm, thẻ, thanh toán không dùng tiền mặt, tín dụng xanh, nông nghiệp nông thôn, tài trợ chuỗi. 6 tháng đầu năm 2022, HDBank ghi nhận lợi nhuận trước thuế đạt 5.304 tỷ đồng, tăng 26,5% so với cùng kỳ và hoàn thành 54% kế hoạch năm. Thu thuần từ dịch vụ riêng lẻ tăng trên 113% so với cùng kỳ, tỷ lệ nợ xấu riêng lẻ chỉ 0,93%. Tỷ lệ lãi ròng trên vốn chủ sở hữu (ROAE) và lãi ròng trên tài sản (ROAA) đạt lần lượt 25,6% và 2,24%, đều cao hơn cùng kỳ năm trước. Kết quả kinh doanh tích cực, dư địa phát triển còn nhiều trong khi định giá cổ phiếu chưa phản ánh hết giá trị thực khiến cổ phiếu HDB thời gian qua luôn được giới nhà đầu tư, đặc biệt các quỹ ngoại tranh mua. Từ đầu năm 2022 tới nay, nhà đầu tư nước ngoài đã mua ròng hơn 20 triệu cổ phiếu HDB và “room ngoại” thường xuyên được lấp đầy.",HDB,HDB,,ticker_context_rule,0.95,auto_high_confidence,Tổng Giám đốc Targetank tiếp tục đăng ký mua vào 1 triệu cổ phiếu HDB,Tổng Giám đốc Targetank tiếp tục đăng ký mua vào 1 triệu cổ phiếu HDB,FinABSA_target_masked_headline_v1,0,Tổng Giám đốc Targetank tiếp tục đăng ký mua vào 1 triệu cổ phiếu HDB,The sentiment for Target in the given sentence is NEGATIVE.,negative,,,,-1.0,/home/huylkq/repos/nlp/FinABSA-Valid/MODEL/finabsa-other-masked-final_3epoch,Target,ok,negative,2022-10-05 08:01:00+00:00,2022-10-05
318c1ee4ac7e6050_00,318c1ee4ac7e6050,https://cafef.vn/quang-binh-nang-so-tien-cuong-che-thue-tai-flc-len-gan-458-ty-dong-20221005003709751.chn,2022-10-05T00:39:04,2022-10-05T00:39:27+07:00,,Quảng Bình nâng số tiền cưỡng chế thuế tại FLC lên gần 458 tỷ đồng,"So với số tiền cưỡng chế thuế tại các quyết định Cục thuế tỉnh Quảng Bình gửi FLC công bố hồi cuối tháng 7 là hơn 223 tỷ đồng, chỉ sau 2 tháng số tiền này đã tăng lên gấp đôi.","FLC: Giá hiện tại Thay đổi Xem hồ sơ doanh nghiệp TIN MỚI Bà Bùi Hải Huyền, Tổng giám đốc Công ty CP Tập đoàn FLC (mã: FLC) vừa gửi thông tin đến Ủy ban Chứng khoán Nhà nước và Sở Giao dịch chứng khoán TP.HCM, về việc công ty nhận được 3 quyết định từ Cục Thuế tỉnh Quảng Bình. Theo đó, Cục Thuế tỉnh Quảng Bình đã ban hành 3 quyết định vào ngày 28/9/2022 về việc cưỡng chế thi hành quyết định hành chính về quản lý thuế bằng biện pháp trích tiền từ tài khoản, yêu cầu phong tỏa tài khoản của Công ty CP Tập đoàn FLC mở tại Ngân hàng TMCP Phương Đông - chi nhánh Hà Nội, Ngân hàng TMCP Quốc tế Việt Nam - chi nhánh Quận 1, Ngân hàng TMCP Đầu tư và Phát triển Việt Nam - chi nhánh Thanh Xuân. Lý do cưỡng chế là do công ty có số tiền quá hạn nộp phải thực hiện cưỡng chế theo quy định tại Luật quản lý thuế. Số tiền bị cưỡng chế hơn 457,7 tỷ đồng . Đây không phải lần đầu FLC nhận được quyết định cưỡng chế thuế của Cục thuế tỉnh Quảng Bình. Trước đó, Cục thuế tỉnh Quảng Bình đã nhiều lần yêu cầu thi hành quyết định hành chính về quản lý thuế bằng biện pháp trích tiền từ tài khoản, yêu cầu phong tỏa tài khoản của FLC. Cụ thể, đầu tháng 8, có 3 thông báo về quyết định cưỡng chế thuế của Cục Thuế tỉnh Quảng Bình gửi tới FLC với số tiền 223,6 tỷ đồng . Thời điểm này, FLC nợ địa phương khoảng 450 tỷ đồng tiền thuê đất, trong đó hơn 220 tỷ nợ quá hạn của dự án trung tâm hội nghị, khách sạn, nghỉ dưỡng FLC Quảng Bình. Đến ngày 5/9, FLC tiếp tục nhận được 3 quyết định cưỡng chế thuế của Cục Thuế tỉnh Quảng Bình. Số tiền bị cưỡng chế là 448,4 tỷ đồng . Như vậy với 3 quyết định vừa nhận được, chỉ sau 2 tháng, FLC đã bị tỉnh này cưỡng chế số tiền thuế cao gấp đôi. Tính đến 30/6, FLC ghi nhận trên BCTC hợp nhất các khoản tiền và tương đương tiền xấp xỉ 300 tỷ đồng, trong đó khoảng 224 tỷ tiền gửi ngân hàng không kỳ hạn. Quy mô nợ vay ngắn và dài hạn của FLC tới cuối quý II là hơn 5.100 tỷ đồng, giảm hơn 1.000 tỷ đồng so với đầu năm. Trong đó, vay dài hạn giảm từ 4.169 tỷ xuống 2.450 tỷ đồng, còn vay ngắn hạn tăng thêm hơn 600 tỷ đồng lên 2.676 tỷ đồng. Quảng Bình nâng số tiền cưỡng chế thuế tại FLC lên gần 458 tỷ đồng",FLC,FLC,FLC Group,alias,0.98,auto_high_confidence,Quảng Bình nâng số tiền cưỡng chế thuế tại Target lên gần 458 tỷ đồng,Quảng Bình nâng số tiền cưỡng chế thuế tại Target lên gần 458 tỷ đồng,FinABSA_target_masked_headline_v1,0,Quảng Bình nâng số tiền cưỡng chế thuế tại Target lên gần 458 tỷ đồng,The sentiment for Target in the given sentence is NEUTRAL.,neutral,,,,0.0,/home/huylkq/repos/nlp/FinABSA-Valid/MODEL/finabsa-other-masked-final_3epoch,Target,ok,neutral,2022-10-05 00:39:04+00:00,2022-10-05
384c14104b04db10_00,384c14104b04db10,https://cafef.vn/nhom-tap-doan-thanh-cong-se-ban-hon-117-trieu-co-phieu-eib-20221004184601894.chn,2022-10-04T18:46:09,,,Nhóm Tập đoàn Thành Công sẽ bán hơn 117 triệu cổ phiếu EIB,"Trên thị trường chứng khoán, đóng cửa phiên giao dịch 4/10, giá cổ phiếu EIB đứng ở mức 32.500 đồng/cp. Tạm tính theo vùng giá này, nhóm cổ đông có thể thu về hơn 3.800 tỷ đồng.","EIB: Giá hiện tại Thay đổi Xem hồ sơ doanh nghiệp TIN MỚI Ngân hàng TMCP Xuất Nhập Khẩu (Eximbank – EIB) vừa thông báo về giao dịch cổ phiếu liên quan đến người nội bộ ngân hàng. Cụ thể, Công ty Cổ phần Tập đoàn Thành Công đăng ký bán toàn bộ hơn 60,5 triệu cổ phiếu EIB (tỷ lệ 4,924%). Hợp Tác xã Cổ phần Thành Công cũng muốn bán sạch hơn 44,7 triệu cp EIB (tỷ lệ 3,637%), Công ty Cổ phần Phúc Thịnh đăng ký bán hơn 12,2 triệu cp EIB (tỷ lệ 1,005%). Các giao dịch trên dự kiến thực hiện theo phương thức thoả thuận, thực hiện từ 7/10-31/10/2022. Bà Lê Hồng Anh, Thành viên HĐQT Eximbank là người liên quan đến các cổ đông trên. Hiện bà đồng thời là Phó Chủ tịch HĐQT Công ty CP Tập đoàn Thành Công, chị dâu của người quản lý Công ty Cổ phần Phúc Thịnh, em chồng của người quản lý Hợp tác xã Cổ phần Thành Công. Sự tham gia của nhóm cổ đông này vào Eximbank khá kín kẽ. Phải đến tháng 4/2021, khi bà Lê Hồng Anh được đề cử vào HĐQT, thương vụ đầu tư này mới chính thức được hé lộ. Sau hơn 1 năm lộ diện, nay nhóm cổ đông Tập đoàn Thành công dự kiến sẽ bán hơn 117 triệu cp EIB, tương đương với hơn 9,5% vốn cổ phần ngân hàng. Trên thị trường chứng khoán, đóng cửa phiên giao dịch 4/10, giá cổ phiếu EIB đứng ở mức 32.500 đồng/cp. Ước tính theo vùng giá này, nhóm cổ đông trên có thể thu về hơn 3.800 tỷ đồng. Cổ phiếu Eximbank là một trong những mã ngân hàng hiếm hoi thoát khỏi bị lao dốc kể từ tháng 9 đến nay. Bên cạnh đó, cổ phiếu này liên tục ghi nhận giao dịch “khủng”. Chỉ từ đầu tháng 9, đã có hơn 135 triệu cp được trao tay giữa các nhà đầu tư theo phương thức thoả thuận, giá trị gần 5.000 tỷ đồng. Số cổ phiếu này chiếm khoảng 11% vốn cổ phần ngân hàng. Với những giao dịch như trên, cơ cấu cổ đông của Eximbank có thể đã xáo trộn đáng kể trong thời gian qua và sẽ còn tiếp tục thay đổi lớn sau khi nhóm Thành Công hoàn tất giao dịch. Trong cuộc họp cổ đông thường niên hồi tháng 4/2022, lãnh đạo Eximbank khẳng định tình trạng “đấu đá nội bộ” đã kết thúc. Rất có thể, sau nhiều năm mâu thuẫn sâu sắc giữa các nhóm cổ đông lớn, “cuộc chiến quyền lực” tại Eximbank đã đến hồi kết với một nhóm cổ đông sở hữu số cổ phần vượt trội. Eximbank cũng gây bất ngờ cho thị trường với nhiều kế hoạch lớn trong thời gian gần đây. Sắp tới, Eximbank sẽ phát hành 245,9 triệu cổ phiếu để trả cổ tức theo tỷ lệ 20%, tức cổ đông sở hữu 100 cổ phiếu EIB sẽ nhận được số cổ phần mới tối đa là 20 cổ phần. Đây là lần đầu tiên Eximbank chia cổ tức kể từ năm 2014 đến nay. Sau khi hoàn tất phát hành cổ phiếu chia cổ tức, vốn điều lệ của ngân hàng dự kiến tăng lên mức 14.814 tỷ đồng, là lần đầu tiên Eximbank thực hiện tăng vốn điều lệ sau hơn một thập kỷ. Vốn điều lệ của nhà băng này đã đứng yên ở mức 12.355 tỷ đồng kể từ năm 2012. Về hoạt động kinh doanh, theo báo cáo tài chính, Eximbank là ngân hàng có mức tăng trưởng lợi nhuận cao nhất trong quý 2/2022 khi báo lãi trước thuế đạt 1.094 tỷ đồng, gấp 3 lần cùng kỳ. Lũy kế 6 tháng đầu năm, lợi nhuận trước thuế của ngân hàng đạt 1.902 tỷ đồng, tăng 243% so với cùng kỳ, là mức tăng trưởng cao nhất trong hệ thống. Tại ngày 30/6/2022, tổng tài sản Eximbank đạt 174.583 tỷ đồng, tăng 5,3% so với đầu năm. Dư nợ cho vay khách hàng tăng 8,6% lên 124.528 tỷ đồng. Tiền gửi khách hàng tăng 3% lên 141.495 tỷ đồng. Nợ xấu của Eximbank tăng 4,3% trong 6 tháng đầu năm lên 2.344 tỷ, mức tăng thấp hơn so với toàn danh mục cho vay. Theo đó, tỷ lệ nợ xấu/dư nợ cho vay giảm từ 1,96% xuống 1,88%. Eximbank xuất hiện thỏa thuận ""khủng"" hơn 2.700 tỷ đồng",EIB,EIB,Eximbank,alias,0.98,auto_high_confidence,Nhóm Tập đoàn Thành Công sẽ bán hơn 117 triệu cổ phiếu Target,Nhóm Tập đoàn Thành Công sẽ bán hơn 117 triệu cổ phiếu Target,FinABSA_target_masked_headline_v1,0,Nhóm Tập đoàn Thành Công sẽ bán hơn 117 triệu cổ phiếu Target,The sentiment for Target in the given sentence is NEUTRAL.,neutral,,,,0.0,/home/huylkq/repos/nlp/FinABSA-Valid/MODEL/finabsa-other-masked-final_3epoch,Target,ok,neutral,2022-10-04 18:46:09+00:00,2022-10-04
173cfe41ef451ed8_00,173cfe41ef451ed8,https://cafef.vn/hose-cat-margin-voi-62-ma-chung-khoan-trong-quy-4-2022-bao-gom-flc-hag-hvn-lhg-tgg-tdh-ita-20221004182026565.chn,2022-10-04T18:20:00,2022-10-05T12:10:15+07:00,,"HoSE cắt margin với 62 mã chứng khoán trong quý 4/2022, VIC không có tên trong danh sách",Đây chủ yếu là những cổ phiếu quen thuộc nằm trong diện bị cảnh báo; kiểm soát hoặc do doanh nghiệp có lợi nhuận của cổ đông công ty mẹ/LNST trên BCTC hợp nhất soát xét 6 tháng năm 2022 là số âm.,"FLC&GAB&HAG&HNG&HAI&TDH&LHG: Giá hiện tại Thay đổi Xem hồ sơ doanh nghiệp TIN MỚI Mới đây, Sở Giao dịch Chứng khoán TP HCM (HOSE) đã công bố danh sách 62 mã chứng khoán không đủ điều kiện giao dịch ký quỹ trong quý 4/2022. Đây chủ yếu là những cổ phiếu quen thuộc nằm trong diện bị cảnh báo hoặc kiểm soát như CIG, DLG, DXV, HNG, HOT, HU1, HU3, ITA, MCG, OGC, PMG, PTL, RDP, SCD, SII, SJD, TCR, TNI, TTF, VFG, VOS,... Xuất hiện trong danh sách còn thêm nhóm cổ phiếu hệ sinh thái FLC như FLC, GAB, HAI. Mã chứng khoán ROS không còn có tên trong danh sách do đã bị huỷ niêm yết bắt buộc từ 5/9. Về nguyên nhân bị cắt margin trong quý 4, cổ phiếu GAB thì trong danh sách hạn chế giao dịch kể từ 5/10 còn FLC và HAI đang thuộc diện đình chỉ giao dịch, chưa rõ thời gian trở lại sàn. Một số cổ phiếu ""nóng"" trong giai đoạn trước cũng thuộc diện bị cắt margin trong quý 3 như TGG của nhóm Louis; mã JVC, NVT của nhóm ""DNP-Tasco""... Cổ phiếu HVN của Vietnam Airlines, HAG của Hoàng Anh Gia Lai cũng tiếp tục bị cắt margin quý 4 do đang trong diện kiểm soát của HoSE. Với việc bị đưa vào diện cảnh báo do chậm nộp báo cáo tài chính soát xét bán niên 2022, mã chứng khoán ngành bất động sản khu công nghiệp LHG - Long Hậu cũng bị HoSE cắt margin trong quý 4 này. Bên cạnh đó, danh sách 62 cổ phiếu không được giao dịch ký quỹ quý 4 còn một số mã có thời gian niêm yết dưới 6 tháng nên chưa thể tham gia giao dịch margin như FIR, hay chứng chỉ quỹ FUEVTVGF4 của Quỹ đầu tư tăng trưởng Thiên Việt 4, FUEDCMID của Quỹ ETF DCVFMVNMIDCAP. Một vài nguyên nhân dẫn đến việc cắt margin còn là việc doanh nghiệp có lợi nhuận của cổ đông công ty mẹ/LNST trên BCTC hợp nhất soát xét 6 tháng năm 2022 là số âm như AGM, ASP, BCE, HAS, KHP, MHC, POM, PSH, PTC, SBV, SJF... hoặc Công ty nhận được kết luận của cơ quan thuế về việc vi phạm thuế như SCS, TDW. Hai mã chứng chỉ quỹ FUEIP100 của Quỹ ETF IPAAM VN100 và FUEKIV30 của Quỹ ETF KIM Growth VN30 cũng không được phép giao dịch ký quỹ trên HoSE trong quý 4 do quỹ đầu tư đại chúng có tối thiểu một tháng có giá trị tài sản ròng (NAV) tính trên một đơn vị chứng chỉ quỹ nhỏ hơn mệnh giá căn cứ trên báo cáo thay đổi giá trị tài sản ròng hàng tháng xét trong 3 tháng liên tiếp. Một điểm đáng chú ý, cổ phiếu VIC của Vingroup đã không có tên trong danh sách các mã chứng khoán không đủ điều kiện giao dịch ký quỹ . Trước đó, Vingroup đã công bố báo cáo kiểm toán bán niên với lợi nhuận sau thuế cổ đông công ty mẹ đạt 5.846 tỷ đồng, tăng 63,8% so với cùng kỳ. Việc có lãi trong 6 tháng đầu năm đã giúp VIC đủ điều kiện để được giao dịch ký quỹ trở lại. Trước đó, VIC đã bị cắt margin từ ngày 5/4 vì ghi nhận lỗ 7.558 tỷ đồng năm 2021. Nguyên nhân lỗ do tài trợ 6.072 tỷ đồng cho các hoạt động phòng chống Covid-19 và trích lập dự phòng 4.494 tỷ đồng để thanh toán cho các khoản phí trả cho các nhà cung cấp do kết thúc hợp đồng liên quan đến quyết định ngừng sản xuất xe để tập trung sang xe điện. Theo quy định, cổ phiếu của một công ty sẽ bị cắt margin khi ghi nhận lỗ trên BCTC bán niên hoặc BCTC năm.",VIC,VIC,Vingroup,alias,0.98,auto_high_confidence,"HoSE cắt margin với 62 mã chứng khoán trong quý 4/2022, Target không có tên trong danh sách","HoSE cắt margin với 62 mã chứng khoán trong quý 4/2022, Target không có tên trong danh sách",FinABSA_target_masked_headline_v1,0,"HoSE cắt margin với 62 mã chứng khoán trong quý 4/2022, Target không có tên trong danh sách",The sentiment for Target in the given sentence is NEUTRAL.,neutral,,,,0.0,/home/huylkq/repos/nlp/FinABSA-Valid/MODEL/finabsa-other-masked-final_3epoch,Target,ok,neutral,2022-10-04 18:20:00+00:00,2022-10-04
ced259a9572f425f_00,ced259a9572f425f,https://cafef.vn/2-pho-tong-giam-doc-moi-duoc-bo-nhiem-cua-flc-la-ai-20221004143230212.chn,2022-10-04T14:33:10,,,2 Phó Tổng giám đốc mới được bổ nhiệm của FLC là ai?,FLC công bố bổ nhiệm 2 Phó Tổng giám đốc mới sau khi đã có 3 Phó Tổng giám đốc từ chức từ tháng 7 đến nay.,"FLC: Giá hiện tại Thay đổi Xem hồ sơ doanh nghiệp TIN MỚI Ngày 4/10, CTCP Tập đoàn FLC (FLC) công bố thông tin về việc bổ nhiệm ông Lê Doãn Linh và ông Nguyễn Chí Công giữ chức vụ Phó Tổng giám đốc Công ty kể từ ngày 5/10/2022. Trước khi được bổ nhiệm làm Phó Tổng giám đốc, ông Lê Doãn Linh (sinh năm 1980) đang giữ chức vụ Trưởng ban đầu tư 2 của Tập đoàn FLC còn ông Nguyễn Chí Công (sinh năm 1985) giữ chức vụ Trưởng ban tài chính Công ty. FLC bổ nhiệm 2 Phó Tổng giám đốc mới sau khi đã có 3 Phó Tổng giám đốc từ chức từ tháng 7 đến nay. Người đầu tiên là bà Vũ Đặng Hải Yến vào ngày 14/7. Bà Yến là người thay mặt và đại diện thực hiện toàn bộ các quyền liên quan đến tài sản, quyền tài sản thuộc sở hữu của ông Trịnh Văn Quyết và từng giữ nhiều vị trí lãnh đạo cấp cao của tập đoàn và một số công ty thuộc hệ sinh thái FLC. Bà cũng là người thay mặt ông Quyết thực hiện quyền Chủ tịch FLC và Bamboo Airways trong hai ngày sau khi ông Quyết bị khởi tố trước khi HĐQT của FLC đã bầu ông Đặng Tất Thắng làm Chủ tịch mới. Sau đó đến ông Lã Quý Hiển vào ngày 15/9. Ông Hiển từng làm Trưởng Ban Tài chính – Kế toán của Tập đoàn FLC, Thành viên HĐQT Công ty cổ phần Đầu tư và Khoáng sản FLC Stone (Mã: AMD), Chủ tịch HĐQT Công ty cổ phần Quản lý quỹ Hợp lực (Unicap). Trước đó, ngày 22/6, ông Hiển cũng nộp đơn từ nhiệm vị trí Thành viên HĐQT của Tập đoàn FLC. Và mới đây, vào ngày 1/10, HĐQT đã chấp nhận đơn đề nghị thôi giữ chức vụ Phó Tổng giám đốc của bà Võ Thị Thùy Dương. Bà Dương được bổ nhiệm làm Phó Tổng Giám đốc FLC vào ngày 11/5/2017 và từng làm thành viên HĐQT CTCP Đầu tư và khoáng sản FLC Stone (tên cũ CTCP Đầu tư và khoáng sản AMD Group) trong 1 năm. Với sự bổ sung 2 Phó Tổng giám đốc mới, Tập đoàn FLC nâng số lượng Phó Tổng giám đốc lên 7 người, bên cạnh 2 Phó Tổng mới, 5 Phó tổng giám đốc cũ gồm bà Đàm Ngọc Bích, ông Trần Thế Anh, bà Lê Thị Trúc Quỳnh, bà Đặng Thị Lưu Vân và ông Đỗ Việt Hùng. Bà Bùi Hải Huyền đang là Phó chủ tịch thường trực HĐQT kiêm nhiệm chức danh Tổng giám đốc công ty.",FLC,FLC,FLC Group,alias,0.98,auto_high_confidence,2 Phó Tổng giám đốc mới được bổ nhiệm của Target là ai?,2 Phó Tổng giám đốc mới được bổ nhiệm của Target là ai?,FinABSA_target_masked_headline_v1,0,2 Phó Tổng giám đốc mới được bổ nhiệm của Target là ai?,The sentiment for Target in the given sentence is NEUTRAL.,neutral,,,,0.0,/home/huylkq/repos/nlp/FinABSA-Valid/MODEL/finabsa-other-masked-final_3epoch,Target,ok,neutral,2022-10-04 14:33:10+00:00,2022-10-04
f4180ebfed4d1c9b_01,f4180ebfed4d1c9b,https://cafef.vn/thi-gia-truot-dai-pho-chu-tich-dic-corp-dang-ky-mua-20-trieu-co-phieu-dig-20221004142724033.chn,2022-10-04T14:30:01,,,"Thị giá trượt dài, Phó Chủ tịch DIC Corp đăng ký mua 20 triệu cổ phiếu DIG","Nếu giao dịch thành công, bà Nguyễn Thị Thanh Huyền sẽ nâng sở hữu tại DIG Corp lên 42 triệu cổ phiếu, tương đương 6,89% vốn và trở thành cổ đông lớn.","DIG: Giá hiện tại Thay đổi Xem hồ sơ doanh nghiệp TIN MỚI Thông tin mới cập nhật, bà Nguyễn Thị Thanh Huyền, Phó Chủ tịch HĐQT Tổng Công ty CP Đầu tư Phát triển Xây dựng (DIC Corp, mã CK: DIG) đăng ký mua thêm 20 triệu cổ phiếu DIG để nâng tỷ lệ sở hữu theo phương thức khớp lệnh hoặc thỏa thuận. Thời gian giao dịch dự kiến thực hiện từ 7/10/2022 đến 4/11/2022. Nếu giao dịch thành công, bà Huyền sẽ nâng sở hữu tại DIG Corp từ 22 triệu cổ phiếu, tương ứng 3,61% vốn lên 42 triệu cổ phiếu, tương ứng 6,89% vốn điều lệ và trở thành cổ đông lớn doanh nghiệp này. Trước đó không lâu, Ông Nguyễn Hùng Cường, Phó Chủ tịch HĐQT DIG đồng thời là con trai chủ tịch HĐQT Nguyễn Thiện Tuấn thông báo không mua được cổ phiếu nào trên tổng số 10 triệu đơn vị đăng ký trước đó. Thời gian giao dịch từ 30/6 – 29/7, nguyên nhân không hoàn thành giao dịch được đưa ra là do không thu xếp kịp tài chính. Trong khi đó, bà Lê Thị Hà Thành, vợ ông Nguyễn Thiện Tuấn cũng không mua đủ lượng cổ phiếu đăng ký với lý do tương tự ông Cường. Cụ thể, trong thời gian từ 28/6 – 27/7, bà Thành chỉ mua được 793.000 cổ phiếu trên tổng số 1 triệu đơn vị đăng ký qua đó nâng sở hữu lên 800.166 đơn vị (tỷ lệ 0,16%). Trên thị trường, cổ phiếu DIG đã “trượt dài” hơn 73% so với đỉnh đạt được hồi tháng 1/2022 và đang trôi dần về vùng đáy 1 năm. Hiện, thị giá DIG xoay quanh mức 26.450 đồng/cp. Tính theo giá này, bà Huyền dự chi khoảng 530 tỷ đồng để mua hết 20 triệu cổ phiếu như đã đăng ký. Về kết quả kinh doanh , lũy kế 6 tháng đầu năm, DIC Corp ghi nhận doanh thu 1.094 tỷ đồng và lợi nhuận trước thuế đạt hơn 183 tỷ đồng, lần lượt giảm 2% và tăng 53,5% so với cùng kỳ năm trước. Lợi nhuận sau thuế thuộc về cổ đông công ty mẹ đạt 142,8 tỷ đồng, tăng 51% so với nửa đầu năm ngoái. Tuy nhiên, dòng tiền kinh doanh trong kỳ của DIC Corp lại âm nặng hơn 1.900 tỷ trong khi con số này cùng kỳ âm 353,5 tỷ đồng. Năm 2022, DIG lên kế hoạch kinh doanh với mục tiêu tổng doanh thu đạt 5.000 tỷ đồng và lợi nhuận trước thuế đạt 1.900 tỷ đồng. Với kết quả đạt được, công ty mới thực hiện 22% kế hoạch doanh thu và chưa đến 10% mục tiêu lợi nhuận sau nửa năm. Lý giải về việc tỷ lệ hoàn thành kế hoạch còn thấp, lãnh đạo DIC Corp cho rằng kết quả này là tình hình chung của các doanh nghiệp bất động sản do lợi nhuận thường được ghi nhận vào các quý cuối năm. Bên cạnh đó, công ty cũng cho rằng một trong những nguyên nhân khiến kết quả kinh doanh bị ảnh hưởng là do những chính sách kinh tế vĩ mô trong 6 tháng đầu năm, chủ yếu đến từ xung đột giữa Nga – Ukraine và nguy cơ dịch Covid-19 bùng phát trở lại. Như vậy, để kịp về đích, nhiệm vụ trong 6 tháng cuối năm của DIC Corp là rất nặng nề với doanh thu phải đạt hơn 3.840 tỷ đồng và lợi nhuận trước thuế tối thiểu 1.710 tỷ đồng.",DIG,DIG,,ticker_context_rule,0.95,auto_high_confidence,"Thị giá trượt dài, Phó Chủ tịch Other Corp đăng ký mua 20 triệu cổ phiếu Target","Thị giá trượt dài, Phó Chủ tịch Other Corp đăng ký mua 20 triệu cổ phiếu Target",FinABSA_target_masked_headline_v1,1,"Thị giá trượt dài, Phó Chủ tịch Other Corp đăng ký mua 20 triệu cổ phiếu Target",The sentiment for Target in the given sentence is NEUTRAL.,neutral,,,,0.0,/home/huylkq/repos/nlp/FinABSA-Valid/MODEL/finabsa-other-masked-final_3epoch,Target,ok,neutral,2022-10-04 14:30:01+00:00,2022-10-04
a1f1f5575046fa1c_00,a1f1f5575046fa1c,https://cafef.vn/du-bao-moi-nhat-cua-iea-ve-thi-truong-khi-dot-the-gioi-anh-huong-nhu-the-nao-den-gia-gas-trong-nuoc-20221004133833796.chn,2022-10-04T14:09:29,,,Dự báo mới nhất của IEA về thị trường khí đốt thế giới ảnh hưởng như thế nào đến giá gas trong nước?,"Hiện nguồn cung gas nội địa chỉ chủ động được khoảng 60% mức tiêu thụ. Vì thế, giá bán lẻ gas trong nước bị chi phối và ảnh hưởng bởi giá gas thế giới.","TIN MỚI Cơ quan Năng lượng Quốc tế (IEA) dự kiến thị trường khí đốt toàn cầu sẽ tiếp tục thắt chặt trong năm tới do nguồn cung khí đốt từ Nga giảm và nhu cầu khí đốt ở châu Âu suy yếu do giá cao và các biện pháp tiết kiệm năng lượng. Trong báo cáo thị trường khí đốt hàng quý vừa được công bố ngày 3/10, IEA cho biết, thị trường khí đốt tự nhiên trên toàn thế giới đã thắt chặt kể từ năm 2021 và tiêu thụ khí đốt toàn cầu dự kiến sẽ giảm 0,8% trong năm nay do mức giảm kỷ lục 10% ở châu Âu cũng như nhu cầu không đổi ở khu vực châu Á-Thái Bình Dương. Tiêu thụ khí đốt toàn cầu được dự báo sẽ chỉ tăng 0,4% trong năm tới, nhưng triển vọng có mức độ không chắc chắn cao, đặc biệt là các hành động trong tương lai của Nga và tác động kinh tế của việc giá năng lượng cao liên tục. Ảnh: Bloomberg Nga đã cắt phần lớn nguồn cung cấp khí đốt cho châu Âu để đáp lại các lệnh trừng phạt áp đặt lên nước này sau cuộc xung đột tại Ukraine. Điều này đã làm gia tăng căng thẳng thị trường và sự không chắc chắn trước mùa đông tới, không chỉ đối với châu Âu mà còn đối với tất cả các thị trường phụ thuộc vào cùng một nguồn cung cấp khí đốt tự nhiên hóa lỏng. Keisuke Sadamori, Giám đốc Thị trường Năng lượng của IEA cho biết: “Xung đột Nga-Ukraine và cắt giảm mạnh nguồn cung cấp khí đốt tự nhiên cho châu Âu đang gây ra thiệt hại đáng kể cho người tiêu dùng, doanh nghiệp và toàn bộ nền kinh tế - không chỉ ở châu Âu mà còn ở các nền kinh tế mới nổi và đang phát triển. Triển vọng về thị trường khí đốt vẫn mờ mịt, tất cả các dấu hiệu đều cho thấy thị trường vẫn còn thắt chặt vào năm 2023."" Giá khí đốt tự nhiên châu Âu và giá LNG giao ngay tại châu Á tăng vọt lên mức cao kỷ lục trong quý 3 năm 2022. Điều này làm giảm nhu cầu khí đốt và khuyến khích chuyển đổi sang các loại nhiên liệu khác như than và dầu để phát điện. Ở một số nền kinh tế mới nổi và đang phát triển, giá cả tăng cao gây ra tình trạng thiếu điện và cắt điện. Tại châu Âu, tiêu thụ khí đốt đã giảm 10% trong tám tháng kể từ đầu năm nay so với cùng kỳ năm 2021, do lĩnh vực công nghiệp giảm 15% lượng tiêu thụ khí đốt khi các doanh nghiệp cắt giảm sản lượng bới chi phí sản xuất tăng cao. Nhu cầu khí đốt tự nhiên ở Trung Quốc và Nhật Bản hầu như không thay đổi trong cùng thời kỳ, trong khi nhu cầu ở Ấn Độ và Hàn Quốc giảm xuống. Nhu cầu khí đốt của Trung Quốc được dự báo sẽ tăng dưới 2% trong năm nay, mức tăng trưởng hàng năm thấp nhất kể từ đầu những năm 1990. Trong khi đó, giá khí đốt tự nhiên ở Hoa Kỳ đạt mức cao nhất trong mùa hè kể từ năm 2008, tuy nhiên Bắc Mỹ là một trong số ít khu vực trên thế giới có nhu cầu tăng cao, được hỗ trợ bởi nhu cầu từ sản xuất điện. Châu Âu đã cố gắng bù đắp khoảng trống nguồn cung khí đốt của Nga thông qua tăng cường nhập khẩu LNG, cũng như có nguồn cung cấp đường ống thay thế từ Na Uy và các nơi khác. Nhu cầu tăng mạnh của châu Âu đối với LNG - tăng 65% trong tám tháng đầu năm 2022 so với một năm trước đó - đã rút bớt nguồn cung khỏi những người mua truyền thống ở khu vực châu Á-Thái Bình Dương. Khu vực này có nhu cầu giảm 7% trong cùng kỳ do mức giá cao, thời tiết ôn hòa và chính sách đóng cửa do Covid ở Trung Quốc. Giá khí đốt tại châu Âu lao dốc kể từ tháng 9 (Nguồn: Trading Economics) IEA dự báo nhập khẩu LNG của châu Âu sẽ tăng hơn 60 tỷ mét khối (bcm) trong năm nay, hoặc gấp hơn 2 lần so với so với năng lực xuất khẩu bổ sung LNG trên toàn cầu, giúp giữ cho thương mại LNG quốc tế chịu áp lực mạnh mẽ trong ngắn hạn và trung hạn. Điều này có nghĩa là nhập khẩu LNG của châu Á có thể ở mức thấp hơn năm ngoái trong thời gian còn lại của năm 2022, do giá khí đốt cao ở châu Âu. Tuy nhiên, nhập khẩu LNG của Trung Quốc có thể tăng vào năm tới sau khi một loạt hợp đồng mua mới đã được nước này ký kết kể từ đầu năm 2021. Thêm vào đó, khả năng mùa Đông năm nay lạnh hơn cũng sẽ dẫn đến nhu cầu bổ sung LNG từ khu vực Đông Bắc Á, khiến thị trường LNG càng trở nên eo hẹp. Ngoài việc đa dạng hóa nguồn cung, Liên minh châu Âu và các quốc gia thành viên đã thực hiện các bước khác để tăng cường an ninh khí đốt, chẳng hạn như đặt ra các nghĩa vụ lưu trữ tối thiểu và thực hiện các biện pháp tiết kiệm năng lượng cho mùa đông tới. Theo IEA, nếu nguồn cung khí đốt của Nga sang châu Âu ngừng hoàn toàn kể từ ngày 1/11 tới, kho dự trữ khí đốt của EU sẽ chỉ đạt 20% mức tối đa vào tháng 2/2023, trong trường hợp nguồn cung LNG vẫn dồi dào. Nhưng nếu nguồn cung LNG giảm xuống mức thấp, thì dự trữ khí đốt của EU có thể chỉ tương đương 5% mức tối đa vào cùng kỳ. Dự trữ giảm xuống mức này sẽ làm tăng nguy cơ gián đoạn nguồn cung trong trường hợp thời tiết lạnh đến muộn. Vì vậy, các biện pháp tiết kiệm gas sẽ rất quan trọng để giữ cho lượng tồn kho ở mức thích hợp cho đến khi kết thúc mùa sưởi ấm. Với tình hình trong nước, giá gas đến nay đã ghi nhận đà giảm 6 lần liên tiếp. Theo các công ty gas, nguyên nhân giá gas trong nước tiếp tục giảm là do giá gas thế giới hạ. Giá gas thế giới bình quân tháng 10/2022 chốt hợp đồng ở mức 575USD/tấn, giảm 65 USD/tấn so với tháng 9. Do giá gas thế giới hạ nhiệt nên các doanh nghiệp kinh doanh gas trong nước cũng điều chỉnh giảm. Ảnh minh họa. Hiện nguồn cung gas nội địa chỉ chủ động được khoảng 60% mức tiêu thụ. Vì thế, giá bán lẻ gas trong nước bị chi phối và ảnh hưởng bởi giá gas thế giới. Đây là tháng thứ 6 liên tiếp giá gas trong nước được điều chỉnh giảm, với tổng mức giảm khoảng 112.000 đồng/bình 12 kg. Tính từ đầu năm 2022, giá gas bán lẻ trong nước đã có 3 lần tăng và 7 lần giảm, với tổng mức giảm là 122.000 đồng/bình 12 kg. Hiện, giá gas đã về mức thấp hơn thời điểm đầu năm 2022. Tham khảo: iea.org Các nhà máy luyện kim tại châu Âu đóng cửa là cơ hội cho quốc gia Đông Nam Á này",gas,GAS,PVN Gas,alias,0.98,auto_high_confidence,Dự báo mới nhất của Other về thị trường khí đốt thế giới ảnh hưởng như thế nào đến giá Target trong nước?,Dự báo mới nhất của Other về thị trường khí đốt thế giới ảnh hưởng như thế nào đến giá Target trong nước?,FinABSA_target_masked_headline_v1,0,Dự báo mới nhất của Other về thị trường khí đốt thế giới ảnh hưởng như thế nào đến giá Target trong nước?,The sentiment for this in the given sentence is NEUTRAL.,neutral,,,,0.0,/home/huylkq/repos/nlp/FinABSA-Valid/MODEL/finabsa-other-masked-final_3epoch,Target,ok,neutral,2022-10-04 14:09:29+00:00,2022-10-04
3696289160cb1e58_00,3696289160cb1e58,https://cafef.vn/trai-nguoc-voi-noi-that-vong-cua-cac-quy-dau-tu-lon-passion-investment-cua-ong-la-giang-trung-van-song-khoe-nho-om-tien-20221004103404682.chn,2022-10-04T10:34:00,2022-10-04T11:02:40+07:00,,"Trái ngược với nỗi thất vọng của các quỹ đầu tư lớn, Passion Investment của ông Lã Giang Trung vẫn sống khỏe nhờ “ôm” tiền","Kết quả đáng thất vọng trong tháng 9 đã nhanh chóng dập tắt hy vọng ngược dòng mới nhen nhóm sau tháng 8 khởi sắc của các quỹ đầu tư lớn. Trong khi đó, chiến lược ôm tiền của Passion Investment vẫn đang mang lại hiệu quả.","TIN MỚI Thị trường chứng khoán vừa trải qua tháng 9 đầy sóng gió khi VN-Index giảm 11,5%, mạnh nhất trong vòng 30 tháng kể từ tháng 3/2020. Phần lớn các cổ phiếu đều giảm mạnh, thậm chí nhiều tên tuổi lớn còn thủng đáy Covid. Vì thế, không bất ngờ khi hầu hết các tổ chức lớn trên thị trường đều có hiệu suất âm trong khi Passion Investment vẫn ""sống khỏe"" nhờ ôm tiền mặt với hiệu suất danh mục trong tháng 9 ghi nhận mức dương 0,35%. Với đặc thù là quỹ thụ động mô phỏng theo một rổ chỉ số nhất định, các ETFs thường khó xoay sở hơn các quỹ chủ động, đặc biệt trong bố cảnh thị trường có nhiều biến động mạnh bất thường như trong tháng 9 vừa qua. Passion Investment ngược dòng trong tháng 9 nhờ ôm tiền Khó khăn thể hiện rõ qua hiệu suất của SSIAM VNFinLead ETF, VNM ETF, FTSE Vietnam ETF khi 3 quỹ này đều lỗ nặng hơn mức giảm của 2 chỉ số chính là VN-Index và VN30-Index. Khả quan hơn đôi chút, bộ đôi DCVFM VNDiamond ETF và DCVFM VN30 ETF có hiệu suất tương đương với mức giảm các chỉ số trên trong khi Fubon ETF tích cực nhất cũng giảm gần 9% trong tháng 9. Về cơ bản, đa phần các ETFs trên đều mô phỏng theo danh mục có trọng số lớn đặt vào các cổ phiếu hàng đầu trong rổ VN30 như VIC, VHM, MSN, HPG, NVL,... Trong khi đó, 2 cái tên khác biệt là FinLead ETF với danh mục toàn cổ phiếu tài chính (ngân hàng, chứng khoán) như MBB, TCB, STB, SSI, VND,... và Diamond ETF với MWG, FPT, PNJ, REE,... chiếm tỷ trọng lớn. Hầu hết các cổ phiếu trên đều bị bán mạnh và giảm sâu trong tháng 9 gây ảnh hưởng lớn đến hiệu suất của các ETFs. Chiều ngược lại, một số quỹ chủ động như VOF VinaCapital, Lion Global Vietnam Fund hay PYN Elite Fund đỡ tệ hơn nhưng hiệu suất cũng đều âm trên dưới 10%. Trong khi đó, VEIL, JPMorgan VOF, DCDS hay KIM Vietnam Korea là những cái tên có hiệu suất kém hơn VN-Index. Dù có thể chủ động hơn trong việc cơ cấu danh mục nhưng dường như nhịp giảm nhanh và mạnh từ nửa sau của tháng 9 đã khiến các quỹ đầu tư này không kịp trở tay. Kết quả đáng thất vọng trong tháng 9 đã nhanh chóng dập tắt hy vọng ngược dòng mới nhen nhóm sau tháng 8 khởi sắc của các quỹ đầu tư lớn. Nhiều quỹ đầu tư như VEIL, PYN Elite Fund, DCDS, JPMorgan VOF, FinLead ETF đã lỗ trên 25% sau 9 tháng, sâu hơn so với mức giảm của 2 chỉ số VN-Index và VN30-Index. Thậm chí, bộ đôi ETF tên tuổi là VNM ETF và FTSE Vietnam ETF còn có hiệu suất âm đến hơn 35%. Hầu hết các quỹ đầu tư lớn đều lỗ nặng từ đầu năm Những quỹ đầu tư có hiệu suất khả quan hơn đôi chút như Lion Global Vietnam Fund, VOF VinaCapital, KIM Vietnam Korea, Fubon ETF, VN30 ETF, đều lỗ khoảng 20-25% sau 9 tháng trong khi Diamond ETF tích cực nhất trong nhóm các quỹ thụ động cũng lỗ gần 13%. Passion Investment dù không thể đi ngược nhưng chỉ lỗ khoảng 3% từ đầu năm cũng là một kết quả đáng ghi nhận. Trước đó, hồi giữa tháng 5 khi VN-Index vẫn đang trên 1.200, ông Lã Giang Trung, CEO của Passion Investment từng có nhận định gây sốc khi dự báo VN-Index có thể xuống đến 950 điểm. Chuyên gia này cho rằng thị trường chứng khoán đã đi vào downtrend và có thể giảm sâu 30-40% từ đỉnh với thời gian kéo dài ít nhất 1-2 năm. Thời điểm hiện tại, chưa có gì chắc chắn dự báo trên sẽ trở thành sự thật nhưng không thể phủ nhận chiến lược ôm tiền và gửi ngân hàng của Passion Investment đang mang lại hiệu quả nhất định trong bối cảnh thị trường biến động khó lường. Ngược lại, các quỹ ngoại tên tuổi vẫn tỏ ra lạc quan hơn vào triển vọng của thị trường. PYN Elite Fund cho rằng nền kinh tế ổn định cùng triển vọng thu nhập bền vững của Việt Nam sẽ thúc đẩy TTCK nhanh chóng tăng trở lại một khi bất ổn lắng xuống và “khi bão qua đi, trời sẽ lại bừng sáng” . Theo dự báo của quỹ ngoại này, kinh tế Việt Nam có thể đạt mức tăng trưởng 7,5% trong năm nay và lợi nhuận của các công ty niêm yết có thể tăng 25%. Tương tự, Dragon Capital đánh giá chứng khoán Việt Nam có triển vọng về lợi nhuận vượt trội trong nhóm các thị trường mới nổi trong khi rủi ro ở mức độ thấp hơn nhờ nội tại vĩ mô ổn định. Về mặt định giá, quỹ ngoại ước tính P/E của VN-Index sẽ về mức 12.1x sau khi phản ánh KQKD quý 3, so với mức đáy Covid tháng 3/2020 là 10.4x. Dragon Capital dự báo tăng trưởng có khả năng giảm tốc vào năm sau, tuy nhiên sẽ chỉ là chậm lại không phải tăng trưởng âm.",ssi,SSI,SSI Securities,alias,0.98,auto_high_confidence,"Trái ngược với nỗi thất vọng của các quỹ đầu tư lớn, PaTargeton Investment của ông Lã Giang Trung vẫn sống khỏe nhờ “ôm” tiền","Trái ngược với nỗi thất vọng của các quỹ đầu tư lớn, PaTargeton Investment của ông Lã Giang Trung vẫn sống khỏe nhờ “ôm” tiền",FinABSA_target_masked_headline_v1,0,"Trái ngược với nỗi thất vọng của các quỹ đầu tư lớn, PaTargeton Investment của ông Lã Giang Trung vẫn sống khỏe nhờ “ôm” tiền",The sentiment for Target in the given sentence is NEUTRAL.,neutral,,,,0.0,/home/huylkq/repos/nlp/FinABSA-Valid/MODEL/finabsa-other-masked-final_3epoch,Target,ok,neutral,2022-10-04 10:34:00+00:00,2022-10-04
5912d8961ae34e33_00,5912d8961ae34e33,https://cafef.vn/ssi-khong-loai-tru-kha-nang-nhnn-tiep-tuc-tang-lai-suat-dieu-hanh-de-giam-ap-luc-ty-gia-2022100409190087.chn,2022-10-04T09:19:06,,,SSI: Không loại trừ khả năng NHNN tiếp tục tăng lãi suất điều hành để giảm áp lực tỷ giá,"SSI cho rằng, khả năng tiếp tục sử dụng dự trữ ngoại hối để hỗ trợ thanh khoản cho thị trường ngoại hối là khá hạn chế khi dự trữ ngoại hối hiện đã giảm xuống dưới mức khuyến nghị của IMF.","TIN MỚI Bộ phận phân tích chứng khoán SSI (SSI Research) vừa có báo cáo thị trường tiền tệ tuần 26-30/9/2022. Theo SSI, trong tuần qua, Ngân hàng Nhà nước (NHNN) tiếp tục sử dụng các công cụ hoạt động thị trường mở nhằm duy trì thanh khoản trên hệ thống ở mức vừa đủ, tuy nhiên với khối lượng đã giảm nhiệt so với tuần trước đó. Cụ thể, khối lượng tín phiếu NHNN phát hành trong tuần là 45,4 nghìn tỷ đồng, giảm 38% so với tuần trước đó. Kỳ hạn phát hành được đẩy lên 14 ngày, từ mức 7 ngày và lãi suất phát hành đạt 5,0%. Với lượng đáo hạn trong tuần lên đến 73,8 nghìn tỷ, khối lượng tín phiếu đang lưu hành đã giảm xuống còn 45,4 nghìn tỷ đồng. Nghiệp vụ mua kì hạn 7 ngày cũng được sử dụng đều đặn với khối lượng trung bình hàng ngày đạt 1 nghìn tỷ đồng và lãi suất được điều chỉnh tăng dần và kết tuần đạt 5,9% (tăng 40 điểm cơ bản). Kết tuần, NHNN bơm ròng tổng cộng 28,1 nghìn tỷ đồng thông qua kênh hoạt động thị trường mở, tuy nhiên hút ròng hơn 35 nghìn tỷ đồng thông qua kênh bán ngoại tệ. Mặt bằng lãi suất liên ngân hàng kỳ hạn qua đêm tăng 27 điểm cơ bản lên 5,16% và kỳ hạn 1 tuần – 1 tháng lên vùng 5,4% - 5,6%. SSI cho rằng, NHNN sẽ duy trì thanh khoản trên hệ thống ngân hàng ở trạng thái không quá dồi dào trong giai đoạn còn lại của năm nhằm duy trì mặt bằng lãi suất liên ngân hàng VND ở vùng 5,0 – 5,5%, để tạo mức chênh lệch hợp lý với lãi suất USD, giảm thiểu áp lực lên tỷ giá. Sau động thái tăng một số lãi suất điều hành từ NHNN, hầu hết các ngân hàng thương mại (NHTM) trong hệ thống đều đã điều chỉnh tăng mặt bằng lãi suất huy động, với mức tăng 30 – 100 điểm cơ bản tùy kỳ hạn. Trong đó, các NHTMCPNN chính thức tăng 50 điểm cho tất cả các kỳ hạn, và các NHTM khác như MB, ACB, Techcombank, VPBank, Sacombank, SHB, Nam A Bank, SCB, VIB, ABBank cũng ghi nhận mức tăng 30-100 điểm. Không chỉ tăng lãi suất, các ngân hàng còn đẩy mạnh chương trình khuyến mại, cộng thêm lãi suất để thu hút dòng tiền nhàn rỗi từ dân cư. Nhìn chung, mặt bằng lãi suất huy động của nhiều NHTM đã quay về giai đoạn trước Covid 19 và áp lực vẫn còn tương đối lớn, khi chênh lệch huy động – tín dụng chưa được cải thiện nhiều. Trên thực tế, số liệu của Tổng cục thống kê vừa công bố cho thấy, huy động vốn của các tổ chức tín dụng tăng tương đối yếu trong 9 tháng đầu năm, khi chỉ tăng 4,04% (cùng thời điểm năm 2021 tăng 4,28%), trong khi tăng trưởng tín dụng của nền kinh tế đạt tới 10,54%. Điều này đã khiến cho chênh lệch huy động – tín dụng duy trì ở vùng âm kể từ tháng 7 năm nay. Đối với tỷ giá USD/VND, tỷ giá niêm yết tại Vietcombank đã tăng mạnh vượt mức 24.000 đồng/USD, và tỷ giá liên ngân hàng cũng tiến sát mức tỷ giá bán tại Sở GDNHNN sau động thái của NHNN. Cụ thể, NHNN đã nâng tỷ giá bán USD tại Sở giao dịch lên mức 23.925 đồng (từ mức 23.700 đồng). Như vậy, chỉ trong vòng 1 tháng, NHNN đã nâng tỷ giá bán USD 2 lần với tổng giá trị lên tới 525 đồng/USD, khi cung-cầu ngoại tệ trên thị trường chưa có nhiều sự cải thiện. Bên cạnh đó, khả năng tiếp tục sử dụng dự trữ ngoại hối để hỗ trợ thanh khoản cho thị trường ngoại hối là khá hạn chế khi dự trữ ngoại hối hiện đã giảm xuống dưới mức khuyến nghị của IMF. So với cuối năm 2021, giá USD tại Vietcombank đã tăng 4,7%, giá USD liên ngân hàng tăng 4,5%. Về cuối năm, sức ép lên tỷ giá vẫn còn khá cao và theo SSI, không loại trừ trường hợp NHNN sẽ tiếp tục tăng lãi suất điều hành nhằm giảm áp lực lên tỷ giá. ACBS: NHNN tăng lãi suất điều hành để đối phó với tỷ giá, chứ không phải lạm phát",SSI,SSI,SSI Securities,alias,0.98,auto_high_confidence,Target: Không loại trừ khả năng NHNN tiếp tục tăng lãi suất điều hành để giảm áp lực tỷ giá,Target: Không loại trừ khả năng NHNN tiếp tục tăng lãi suất điều hành để giảm áp lực tỷ giá,FinABSA_target_masked_headline_v1,0,Target: Không loại trừ khả năng NHNN tiếp tục tăng lãi suất điều hành để giảm áp lực tỷ giá,The sentiment for Target in the given sentence is NEUTRAL.,neutral,,,,0.0,/home/huylkq/repos/nlp/FinABSA-Valid/MODEL/finabsa-other-masked-final_3epoch,Target,ok,neutral,2022-10-04 09:19:06+00:00,2022-10-04
2cfc5d65a9eca91d_00,2cfc5d65a9eca91d,https://cafef.vn/sau-gan-30-thang-co-phieu-quoc-dan-hoa-phat-hpg-lai-co-gia-1x-20221004012804809.chn,2022-10-04T01:29:32,2022-10-04T01:29:48+07:00,,"Sau gần 30 tháng, cổ phiếu “quốc dân” Hòa Phát (HPG) lại có giá 1x",Cổ phiếu HPG hiện đã “bốc hơi” 55% thị giá so với đỉnh hồi cuối tháng 10 năm ngoái và đánh mất toàn bộ thành quả tăng giá trong năm 2021. Vốn hóa thị trường cũng theo đó bị “thổi bay” 140.400 tỷ đồng (~6 tỷ USD) trong chưa đầy 1 năm.,"HPG: Giá hiện tại Thay đổi Xem hồ sơ doanh nghiệp TIN MỚI Thị trường chứng khoán vừa khép lại phiên giao dịch đầu tuần đáng thất vọng khi VN-Index giảm hơn 4% xuống mức thấp nhất trong gần 20 tháng kể từ ngày 8/2/2021. Trong bối cảnh đó, cổ phiếu HPG của Hòa Phát cũng không tránh khỏi bị bán mạnh và đóng cửa giảm sàn “trắng bên mua”, xuống mức 19.750 đồng/cổ phiếu, thấp nhất trong vòng 22 tháng (tính theo giá điều chỉnh). Tuy nhiên, trên thực tế lần gần nhất cổ phiếu HPG có giá 1x đã là từ giữa tháng 4/2020. Từ đó đến nay, cổ phiếu đầu ngành thép đã trải qua nhiều thăng trầm và 3 lần điều chỉnh giá do chia cổ tức (ngày 29/7/2020, 31/5/2021 và 17/6/2022) nhưng chưa từng một lần trở lại vùng giá này cho đến phiên 3/10 vừa qua. Như vậy, sau gần 30 tháng, nhà đầu tư lại được giao dịch cổ phiếu HPG với giá 1x, điều mà chỉ vài tháng trước không nhiều người dám nghĩ đến. Đến thời điểm hiện tại, cổ phiếu này đã “bốc hơi” 55% thị giá so với đỉnh hồi cuối tháng 10 năm ngoái và đánh mất toàn bộ thành quả tăng giá trong năm 2021. Vốn hóa thị trường theo đó bị “thổi bay” 140.400 tỷ đồng (~6 tỷ USD) trong chưa đầy 1 năm, xuống còn 114.800 tỷ đồng. Cổ phiếu HPG thủng đáy Đà giảm của HPG thời gian qua phần nào đến từ việc dòng tiền không còn đủ dồi dào để hấp thụ lượng cổ phiếu trôi nổi tự do (freefloat) “khổng lồ”. Theo thống kê, Hòa Phát hiện là doanh nghiệp có vốn điều lệ lớn thứ 2 toàn sàn chứng khoán với hơn 58.000 tỷ đồng, tương ứng số lượng cổ phiếu lưu hành hơn 5,8 tỷ cổ phiếu. Cổ phiếu đầu ngành thép có lượng freefloat lên đến gần 3,2 tỷ đơn vị, chỉ xếp sau VPB (4,7 tỷ đơn vị). Đây vốn không phải vấn đề với HPG trong giai đoạn bùng nổ khi cổ phiếu “quốc dân” thường xuyên giao dịch rất sôi động. Thời đỉnh cao giai đoạn quý 2-3 năm ngoái, cổ phiếu đầu ngành thép từng nhiều lần “gánh” thanh khoản cả sàn chứng khoán với giá trị giao dịch lên đến hàng nghìn tỷ đồng. Tuy nhiên, phong độ đã không còn được duy trì kể từ sau khi đạt đỉnh, một phần do tiền vào thị trường hạn chế sau các biến cố liên quan đến trái phiếu và các chính sách thặt chặt tiền tệ. Lượng freefloat khổng lồ của HPG Thêm nữa, các yếu tố cơ bản cũng đã không còn ủng hộ Hòa Phát như giai đoạn trước cũng khiến cổ phiếu HPG thiếu lực đỡ trước áp lực chốt lời. Cụ thể, sau khi đạt đỉnh vào quý 3/2021 - giai đoạn giá thép cũng liên tục leo thang lên cao chưa từng có, lợi nhuận của Hòa Phát đã bắt đầu chững lại và đi xuống. Quý 2/2022 có thể coi là một trong những giai đoạn khó khăn nhất trong hơn 2 năm trở lại đây đối với ngành thép và Hòa Phát cũng không ngoại lệ. Giá thép giảm trong khi chi phí nguyên liệu đầu vào vẫn cao khiến lợi nhuận ròng của doanh nghiệp đầu ngành thép giảm 59% so với cùng kỳ, xuống còn khoảng 4.000 tỷ đồng. Sau liên tiếp những nhịp giảm mạnh, giá thép cây thế giới hiện chỉ còn 1/3 so với đỉnh. Giá thép xây dựng của Hòa Phát tại thị trường nội địa đã tăng trong những tuần gần đây nhưng tiềm năng tăng giá trong các tháng còn lại của năm có thể ở mức khiêm tốn. Mức tăng giá nhỏ giọt chỉ từ 100 – 200 đồng/kg mỗi lần của Hòa Phát phần nào cho thấy nhu cầu của người tiêu dùng cuối cùng vẫn đang tăng chậm. Giá thép thế giới giảm mạnh SSI Research cho rằng lợi nhuận của Hòa Phát trong các quý tới có thể sẽ tiếp tục giảm so với cùng kỳ. Nguyên nhân đến từ nhu cầu thép trong nước được dự báo sẽ bị ảnh hưởng tiêu cực bởi áp lực lạm phát và việc kiểm soát chặt chẽ thị trường bất động sản. Tiêu thụ HRC cũng sẽ gặp thách thức do các nhà sản xuất tôn mạ đang giảm số dư hàng tồn kho trong bối cảnh giá giảm và nhu cầu chậm lại ở cả kênh nội địa và xuất khẩu. Ngoài ra, việc tỷ giá leo thang do đồng USD không ngừng tăng giá có thể sẽ tiếp tục gây áp lực lên lợi nhuận của Hòa Phát. Riêng trong quý 2, tập đoàn này đã lỗ tỷ giá 1.100 tỷ đồng. Ngoài ra, lãi suất có xu hướng tăng trước áp lực tỷ giá cũng có ảnh hưởng nhất định đến các doanh nghiệp vay nợ nhiều như Hòa Phát. Tính đến cuối quý 2/2022, doanh nghiệp đầu ngành thép đang vay nợ hơn 70.000 tỷ đồng, gần gấp đôi so với các tài sản được hưởng lãi suất. Hòa Phát ước tính mỗi thay đổi 100 điểm cơ bản của lãi suất sẽ làm tăng hoặc giảm 12,43 tỷ đồng lợi nhuận thuần hợp nhất cho kỳ 6 tháng. Con số này không lớn so với lợi nhuận của Hòa Phát tuy nhiên còn có thể tăng thêm khi tập đoàn chuẩn bị đầu tư cho dự án Dung Quất 2 với tổng mức đầu tư lên đến 85.000 tỷ đồng trong đó nguồn vốn vay chiếm khoảng 35.000 tỷ đồng. Sau khi khởi công vào tháng 5/2022, dự án Dung Quất 2 đang trong giai đoạn giải phóng mặt bằng. Giai đoạn 1 sẽ đi vào hoạt động từ giữa năm 2024 và giai đoạn 2 từ cuối năm 2024. Với Dung Quất 2, tổng công suất của Hòa Phát sẽ tăng 66% so với cuối năm 2021 lên 14,6 triệu tấn/năm.",HPG,HPG,Hoa Phat Group,alias,0.98,auto_high_confidence,"Sau gần 30 tháng, cổ phiếu “quốc dân” Hòa Phát (Target) lại có giá 1x","Sau gần 30 tháng, cổ phiếu “quốc dân” Hòa Phát (Target) lại có giá 1x",FinABSA_target_masked_headline_v1,0,"Sau gần 30 tháng, cổ phiếu “quốc dân” Hòa Phát (Target) lại có giá 1x",The sentiment for Target in the given sentence is NEUTRAL.,neutral,,,,0.0,/home/huylkq/repos/nlp/FinABSA-Valid/MODEL/finabsa-other-masked-final_3epoch,Target,ok,neutral,2022-10-04 01:29:32+00:00,2022-10-04
47689916af0bba6e_00,47689916af0bba6e,https://cafef.vn/co-phieu-giam-san-5-phien-lien-tuc-gia-tri-bay-gan-3000-ty-dat-xanh-services-dxs-noi-gi-20221003194942525.chn,2022-10-03T19:55:21,,,"Cổ phiếu giảm sàn 5 phiên liên tục, giá trị ""bay"" gần 3.000 tỷ, Đất Xanh Services (DXS) nói gì?","Tính cả phiên hôm nay, cổ phiếu DXS đã giảm sàn 6 phiên liên tục, tương ứng với mức giảm 35% sau 6 phiên và giảm 41% từ đỉnh hồi tháng 9.","DXS: Giá hiện tại Thay đổi Xem hồ sơ doanh nghiệp TIN MỚI Công ty Cổ phần Dịch vụ Bất động sản Đất Xanh (Mã CK: DXS) vừa có văn bản gửi đến Ủy ban chứng khoán Nhà nước và Sở Giao Dịch Chứng Khoán TP. Hồ Chí Minh (HOSE) giải trình về việc giá cổ phiếu DXS giảm sàn 5 phiên liên tục từ ngày từ ngày 26/09/2022 đến ngày 30/09/2022. Theo công ty, cổ phiếu DXS được niêm yết và giao dịch minh bạch trên sàn HOSE, giá mua bán cổ phiếu chịu ảnh hưởng bởi tâm lý các nhà đầu tư trên thị trường, cũng như các tác động trong cách điều hành chính sách vĩ mô liên quan đến ngành hàng doanh nghiệp đang kinh doanh. Việc cổ phiếu bị giảm sàn 5 phiên liên tiếp là việc công ty hoàn toàn không hề mong muốn và nằm ngoài tầm kiểm soát của DXS, bởi vì việc đưa ra quyết định mua bán phụ thuộc vào thị hiếu và khẩu vị của nhà đầu tư. DXS cam kết luôn tuân thủ các quy định của pháp luật đối với công ty đại chúng niêm yết. Nguồn: vn.tradingview.com Phiên giao dịch ngày hôm nay 3/10, cổ phiếu DXS tiếp tục giảm sàn còn 13.450 đồng/cp. Như vậy, cổ phiếu DXS đã giảm sàn 6 phiên liên tục, tương ứng với mức giảm 35% sau 6 phiên và giảm 41% từ đỉnh hồi tháng 9. Trong vòng 6 phiên qua, giá trị vốn hóa của DXS đã giảm gần 3.000 tỷ đồng. Về thị trường chứng khoán, chỉ số Vnindex phiên hôm nay đã giảm sâu 46 điểm (-4,03%) về mốc 1.086 điểm. Diễn biến của thị trường chứng khoán trong hơn 1 tuần qua cũng kém tích cực, khi Vnindex đã giảm 5 phiên từ 23/9 đến 29/9, và tăng nhẹ trở lại 6 điểm (+0,54%) vào phiên 30/9 rồi lại tiếp tục giảm mạnh đến 46 điểm trong phiên hôm nay. Sau 7 phiên tính từ 23/9 đến nay, Vnindex đã mất 128 điểm (-9,6%).",vic,VIC,Vingroup,alias,0.98,auto_high_confidence,"Cổ phiếu giảm sàn 5 phiên liên tục, giá trị ""bay"" gần 3.000 tỷ, Đất Xanh SerTargetes (Other) nói gì?","Cổ phiếu giảm sàn 5 phiên liên tục, giá trị ""bay"" gần 3.000 tỷ, Đất Xanh SerTargetes (Other) nói gì?",FinABSA_target_masked_headline_v1,0,"Cổ phiếu giảm sàn 5 phiên liên tục, giá trị ""bay"" gần 3.000 tỷ, Đất Xanh SerTargetes (Other) nói gì?",The sentiment for Target in the given sentence is NEUTRAL.,neutral,,,,0.0,/home/huylkq/repos/nlp/FinABSA-Valid/MODEL/finabsa-other-masked-final_3epoch,Target,ok,neutral,2022-10-03 19:55:21+00:00,2022-10-03
811ff35e950af972_00,811ff35e950af972,https://cafef.vn/ty-gia-ngay-3-10-tiep-tuc-tang-vnd-da-mat-gia-bao-nhieu-so-voi-usd-tu-dau-nam-den-nay-20221003140449373.chn,2022-10-03T14:04:51,,,"Tỷ giá ngày 3/10 tiếp tục tăng, VND đã mất giá bao nhiêu so với USD từ đầu năm đến nay?","Mức tăng của tỷ giá VND/USD đã vượt dự báo của nhiều nhóm phân tích về biến động tỷ giá trong năm 2022, cho thấy sức nóng trên thị trường ngoại hối.","TIN MỚI Phiên giao dịch đầu tháng 10/20222, tỷ giá USD niêm yết tại các ngân hàng thương mại tiếp tục tăng mạnh. Tại Vietcombank, giá mua – bán USD hiện ở mức 23.730-24.040 đồng/USD, tăng 30 đồng so với cuối tuần trước. Tương tự, BIDV tăng 35 đồng lên 23.765-24.045 đồng/USD. ACB và Sacombank lần lượt niêm yết tỷ giá USD giao dịch bằng tiền mặt ở mức 23.750-24.050 đồng/USD và 23.765-24.060 đồng/USD. Như vậy, so với cuối năm 2021, giá USD ngân hàng đã tăng khoảng 1.120 đồng/USD, tương đương tăng 4,9%. Chỉ riêng từ tháng 9, giá USD đã tăng 1,8%. Mức tăng này đã vượt dự báo của nhiều nhóm phân tích về biến động tỷ giá VND/USD trong năm 2022, cho thấy sức nóng trên thị trường ngoại hối. Hiện đa số chuyên gia cho rằng, VND có thể mất giá 4-5% trong năm nay. Chẳng hạn, VNDirect trong báo cáo mới đây cho biết, so với các đồng tiền trong khu vực, Việt Nam Đồng vẫn là một trong những đồng tiền ổn định nhất. Kể từ đầu năm 2022 (dữ liệu tính đến ngày 21/09/2022), hầu hết các loại tiền tệ trong khu vực đã giảm hơn 5% so với USD, bao gồm Peso Philippines (-12,6% so với USD), Baht Thái Lan (-11,6% so với USD), Nhân dân tệ của Trung Quốc (-11,6% so với USD), Ringgit Malaysia (- 9,7% so với USD) và Rupiah Indonesia (-5,4% so với USD). VNDirect cho rằng tỷ giá hối đoái sẽ tiếp tục chịu áp lực trong những tháng cuối năm 2022 do đồng USD neo cao khi FED duy trì lộ trình tăng lãi suất. Tuy nhiên, nhóm phân tích vẫn nhận thấy những yếu tố hỗ trợ tỷ giá, bao gồm dòng vốn FDI mạnh hơn, thặng dư thương mại cải thiện (dự báo đạt khoảng 8,9 tỷ USD trong năm 2022), thặng dư cán cân thanh toán, dự trữ ngoại hối đạt ngưỡng an toàn (tương đương 3,3 tháng nhập khẩu). Tựu chung lại, VNDirect dự báo VND có thể mất giá khoảng 3,5 – 4,0% so với đồng USD trong năm 2022. Bộ phận phân tích của Chứng khoán Rồng Việt (VDSC) thì lo ngại về kịch bản xấu hơn đối với đà mất giá của tiền Đồng đang xảy ra với việc chỉ số đồng USD tiếp tục tăng cao. Kịch bản mất giá với tiền Đồng mà VDSC kỳ vọng cho cả năm 2022 khi đồng USD tăng mạnh là từ 4-5%. Trong khi giá USD ngân hàng liên tục tăng mạnh thời gian gần đây thì giá USD trên thị trường tự do lại diễn biến ổn định hơn. Hiện tỷ giá VND/USD trên “chợ đen” phổ biến ở mức 24.150-24.200 đồng/USD, chỉ “đắt” hơn thị trường chính thức khoảng 100-150 đồng/USD. Trong tuần trước, Ngân hàng Nhà nước đã có động thái mới trong điều hành tỷ giá là tăng giá bán USD lên 23.925 đồng. Từ đầu năm đến nay, NHNN đã tăng tỷ giá này thêm 905 đồng, tương đương tăng 3,9%. Bên cạnh đó, Ngân hàng Nhà nước cũng liên tục tăng tỷ giá trung tâm. Tỷ giá này áp dụng cho ngày 3/10/2022 là 23.412 đồng, tăng 12 đồng so với cuối tuần trước. Với biên độ +/-3%, tỷ giá sàn và tỷ giá trần ở mức 22.709 - 24.114 đồng/USD. ACBS: NHNN tăng lãi suất điều hành để đối phó với tỷ giá, chứ không phải lạm phát",VND,VND,VNDIRECT,alias,0.98,auto_high_confidence,"Tỷ giá ngày 3/10 tiếp tục tăng, Target đã mất giá bao nhiêu so với USD từ đầu năm đến nay?","Tỷ giá ngày 3/10 tiếp tục tăng, Target đã mất giá bao nhiêu so với USD từ đầu năm đến nay?",FinABSA_target_masked_headline_v1,0,"Tỷ giá ngày 3/10 tiếp tục tăng, Target đã mất giá bao nhiêu so với USD từ đầu năm đến nay?",The sentiment for Target in the given sentence is NEUTRAL.,neutral,,,,0.0,/home/huylkq/repos/nlp/FinABSA-Valid/MODEL/finabsa-other-masked-final_3epoch,Target,ok,neutral,2022-10-03 14:04:51+00:00,2022-10-03
30f4ef599340c5f6_00,30f4ef599340c5f6,https://cafef.vn/ssi-research-diamond-etf-co-the-them-moi-nlg-va-loai-tcm-du-kien-ban-ban-manh-co-phieu-vpb-20221003094222619.chn,2022-10-03T09:43:11,2022-10-03T09:43:24+07:00,,"SSI Research: Diamond ETF có thể thêm mới NLG và loại TCM, dự kiến bán bán mạnh cổ phiếu VPB","VNDiamond có thể sẽ loại TCM do không thỏa mãn mức giá trị vốn hóa tự do tối thiểu là 2.000 tỷ đồng. Ngược lại, NLG có thể được thêm vào để duy trì tối thiểu 8 cổ phiếu ngoài ngành Ngân hàng","VPB&NLG&TCM: Giá hiện tại Thay đổi Xem hồ sơ doanh nghiệp TIN MỚI Theo bản tin ETF mới cập nhật của SSI Research, bộ chỉ số HOSE-Index, VNX-Index cùng các chỉ số đầu tư bao gồm VNDiamond, VNFIN Lead và VNFIN Select sẽ thực hiện tái cơ cấu danh mục cho kỳ quý 4/2022 theo số liệu chốt ngày 30/09. Các bộ chỉ số sẽ được công bố ngày 24/10 và các quỹ ETF sẽ hoàn thành cơ cấu danh mục vào ngày 04/11 trước khi chỉ số mới có hiệu lực vào ngày 07/11. Theo SSI Research, chỉ số VNDiamond sẽ thực hiện rà soát thay đổi về danh mục thành phần trong kỳ cơ cấu quý 4/2022, trong khi các chỉ số còn lại bao gồm VN30 và VNFIN Lead chỉ cập nhật số liệu và tính toán lại tỷ trọng danh mục. Với số liệu chốt ngày 30/9, SSI Research dự báo chỉ số VNDiamond có thể sẽ loại TCM do không thỏa mãn mức giá trị vốn hóa tự do tối thiểu là 2.000 tỷ đồng. Ngược lại, cổ phiếu NLG có thể được thêm vào để duy trì tối thiểu 8 cổ phiếu ngoài ngành Ngân hàng - nhóm chiếm tỷ trọng lớn nhất. Với các giả định thay đổi như trên, danh mục chỉ số mới sẽ bao gồm 18 cổ phiếu, trong đó 10 cổ phiếu thuộc nhóm ngành Ngân hàng sẽ bị áp dụng mức tỷ trọng tối đa cho cả nhóm ngành là 40%. Theo dự báo của SSI Research, VPB được dự báo là cổ phiếu bị giảm tỷ trọng mạnh nhất từ 7,64% xuống còn 3,07% tương ứng khối lượng ước tính bán ra khoảng 24,7 triệu cổ phiếu. Trong khi đó, 3 cổ phiếu chiếm tỷ trọng lớn nhất danh mục VNDiamond vẫn sẽ là FPT, MWG, PNJ. Tuy nhiên, tỷ trọng của FPT được dự báo sẽ tăng lên trong khi tỷ trọng của MWG và PNJ có thể sẽ bị giảm xuống, tương ứng DCVFM VNDiamond ETF sẽ mua thêm FPT và bán bớt MWG, PNJ. Diamond ETF hiện là ETF có quy mô lớn nhất thị trường với tổng giá trị tài sản khoảng 15.300 tỷ đồng.",SSI,SSI,SSI Securities,alias,0.98,auto_high_confidence,"Target Research: Diamond ETF có thể thêm mới Other và loại Other, dự kiến bán bán mạnh cổ phiếu Other","Target Research: Diamond ETF có thể thêm mới Other và loại Other, dự kiến bán bán mạnh cổ phiếu Other",FinABSA_target_masked_headline_v1,0,"Target Research: Diamond ETF có thể thêm mới Other và loại Other, dự kiến bán bán mạnh cổ phiếu Other",The sentiment for Target in the given sentence is NEUTRAL.,neutral,,,,0.0,/home/huylkq/repos/nlp/FinABSA-Valid/MODEL/finabsa-other-masked-final_3epoch,Target,ok,neutral,2022-10-03 09:43:11+00:00,2022-10-03
30f4ef599340c5f6_03,30f4ef599340c5f6,https://cafef.vn/ssi-research-diamond-etf-co-the-them-moi-nlg-va-loai-tcm-du-kien-ban-ban-manh-co-phieu-vpb-20221003094222619.chn,2022-10-03T09:43:11,2022-10-03T09:43:24+07:00,,"SSI Research: Diamond ETF có thể thêm mới NLG và loại TCM, dự kiến bán bán mạnh cổ phiếu VPB","VNDiamond có thể sẽ loại TCM do không thỏa mãn mức giá trị vốn hóa tự do tối thiểu là 2.000 tỷ đồng. Ngược lại, NLG có thể được thêm vào để duy trì tối thiểu 8 cổ phiếu ngoài ngành Ngân hàng","VPB&NLG&TCM: Giá hiện tại Thay đổi Xem hồ sơ doanh nghiệp TIN MỚI Theo bản tin ETF mới cập nhật của SSI Research, bộ chỉ số HOSE-Index, VNX-Index cùng các chỉ số đầu tư bao gồm VNDiamond, VNFIN Lead và VNFIN Select sẽ thực hiện tái cơ cấu danh mục cho kỳ quý 4/2022 theo số liệu chốt ngày 30/09. Các bộ chỉ số sẽ được công bố ngày 24/10 và các quỹ ETF sẽ hoàn thành cơ cấu danh mục vào ngày 04/11 trước khi chỉ số mới có hiệu lực vào ngày 07/11. Theo SSI Research, chỉ số VNDiamond sẽ thực hiện rà soát thay đổi về danh mục thành phần trong kỳ cơ cấu quý 4/2022, trong khi các chỉ số còn lại bao gồm VN30 và VNFIN Lead chỉ cập nhật số liệu và tính toán lại tỷ trọng danh mục. Với số liệu chốt ngày 30/9, SSI Research dự báo chỉ số VNDiamond có thể sẽ loại TCM do không thỏa mãn mức giá trị vốn hóa tự do tối thiểu là 2.000 tỷ đồng. Ngược lại, cổ phiếu NLG có thể được thêm vào để duy trì tối thiểu 8 cổ phiếu ngoài ngành Ngân hàng - nhóm chiếm tỷ trọng lớn nhất. Với các giả định thay đổi như trên, danh mục chỉ số mới sẽ bao gồm 18 cổ phiếu, trong đó 10 cổ phiếu thuộc nhóm ngành Ngân hàng sẽ bị áp dụng mức tỷ trọng tối đa cho cả nhóm ngành là 40%. Theo dự báo của SSI Research, VPB được dự báo là cổ phiếu bị giảm tỷ trọng mạnh nhất từ 7,64% xuống còn 3,07% tương ứng khối lượng ước tính bán ra khoảng 24,7 triệu cổ phiếu. Trong khi đó, 3 cổ phiếu chiếm tỷ trọng lớn nhất danh mục VNDiamond vẫn sẽ là FPT, MWG, PNJ. Tuy nhiên, tỷ trọng của FPT được dự báo sẽ tăng lên trong khi tỷ trọng của MWG và PNJ có thể sẽ bị giảm xuống, tương ứng DCVFM VNDiamond ETF sẽ mua thêm FPT và bán bớt MWG, PNJ. Diamond ETF hiện là ETF có quy mô lớn nhất thị trường với tổng giá trị tài sản khoảng 15.300 tỷ đồng.",VPB,VPB,,ticker_context_rule,0.95,auto_high_confidence,"Other Research: Diamond ETF có thể thêm mới Other và loại Other, dự kiến bán bán mạnh cổ phiếu Target","Other Research: Diamond ETF có thể thêm mới Other và loại Other, dự kiến bán bán mạnh cổ phiếu Target",FinABSA_target_masked_headline_v1,3,"Other Research: Diamond ETF có thể thêm mới Other và loại Other, dự kiến bán bán mạnh cổ phiếu Target",The sentiment for Target in the given sentence is NEUTRAL.,neutral,,,,0.0,/home/huylkq/repos/nlp/FinABSA-Valid/MODEL/finabsa-other-masked-final_3epoch,Target,ok,neutral,2022-10-03 09:43:11+00:00,2022-10-03
23296b2f311c5e2c_00,23296b2f311c5e2c,https://cafef.vn/chuyen-gia-hsc-bat-mi-nguyen-nhan-nha-dau-tu-cang-cham-chi-cang-lo-trong-boi-canh-thi-truong-di-xuong-20221003094102123.chn,2022-10-03T09:42:17,2022-10-03T09:42:41+07:00,,Chuyên gia HSC bật mí nguyên nhân nhà đầu tư càng chăm chỉ càng lỗ trong bối cảnh thị trường đi xuống,"Chương trình Tự Do Tài Chính số 38 với chủ đề ""Binh nhất đầu tư"" lên sóng đã đem đến những lời giải thực tiễn và ngắn gọn nhất cho khán giả mới bắt đầu hành trình đầu tư.","TIN MỚI Lãi suất tiết kiệm gần đây đã tăng lên đáng kể, tuy nhiên điều này dường như không ổn định và đôi khi không bắt kịp với tỷ lệ lạm phát làm trượt giá đồng tiền. Đó là lý do vì sao nhiều người chọn đầu tư hơn là tiết kiệm để giúp chuẩn bị cho bảo toàn & phát triển tài sản trong tương lai. Nhưng khác với tiết kiệm, khi đầu tư, bạn không chắc mình sẽ kiếm được chính xác là bao nhiêu. Nên một khi bạn bắt đầu quan tâm đầu tư, bạn cần biết những khái niệm cơ bản và tìm hiểu, xác định xem đầu tư như thế nào, kênh nào thì phù hợp cho chính bản thân mình. Nhắc đến khái niệm của đầu tư, ông Võ Đức Tín, Trưởng phòng Môi giới, Công ty CP Chứng khoán Tp. Hồ Chí Minh (HSC) định nghĩa: ""Đầu tư là việc phân tích một cách kỹ lưỡng, chấp nhận một mức rủi ro hợp lý và kiếm được mức lợi nhuận tương xứng. Nếu bạn đầu tư đúng, bạn sẽ tốt hơn trong cách điều chỉnh cuộc sống của các bạn."" Điểm thú vị của đầu tư nằm ở chỗ, ông Tín chia sẻ về câu chuyện của rất nhiều người ông đã gặp. “ Tại những giai đoạn thị trường sập, chính là thời điểm nhà đầu tư càng chăm chỉ càng lỗ. Lúc đó, tâm lý đầu tư là điều quan trọng nhất. Khi tâm lý thị trường đã xấu, bạn có định giá đúng đi chăng nữa, có phân tích càng sâu thì thị trường cũng không chấp nhận mức định giá đó. Khi ấy, nhà đầu tư càng “làm biếng”, càng có mức lợi nhuận tốt thời gian sau này. Đôi khi cái lời của bạn là phần bạn không bị lỗ"", vị chuyên gia chia sẻ. Tiếp theo, BTV Dương Ngọc Trinh đưa ra quan điểm muốn bắt đầu từ cổ phiếu phải là mất tiền. Đồng tình với nhận định này, ông Tín nêu rõ nhà đầu tư cần phải đi học để bổ sung kiến thức trước. Nếu như không có thời gian đi học, bỏ tiền vào thị trường chứng khoán để bắt đầu khởi sự và cho tới khi mất tiền, NĐT mới thấy được sự quý giá của việc học hỏi. Nhiều người tham gia thị trường khá may mắn khi không mất tiền học mà lại có lãi. Những nhà đầu tư đó gọi đam mê là đầu tư, nhưng thực chất suy nghĩ của họ kiếm được tiền mới là đam mê, và thường sự may mắn sẽ không kéo dài quá lâu. Tán đồng với quan điểm trên, BTV Ngọc Trinh cho hay: “ Khi chúng ta trải nghiệm ngọt ngào thì không nói, nhưng khi trải nghiệm trái đắng mà vẫn muốn theo đuổi, đó mới chính là đam mê ”. Đồng thời, để nhà đầu tư có thể nhận biết mình là người phù hợp với công việc này hay không, chuyên gia HSC đánh giá rằng người đó cần phải trải nghiệm. “ Không ai sinh ra biết là công việc nào phù hợp với mình, phải thử mới biết được. Đầu tư cũng giống như cái lược, lược bớt đi những người không phù hợp , còn lại chỉ là những người đam mê ngay cả khi thị trường xuống, tài khoản lỗ mà người đó vẫn kiên trì. Sau cùng, tích luỹ kinh nghiệm kiến thức và quay trở lại chinh chiến trên thị trường ”, ông Tín cho hay. Để dễ hình dung, ông Tín đưa ra ví dụ có những nhà đầu tư mới bắt đầu tham gia đã lỗ 100 triệu đồng trên thị trường, và NĐT ngay sau đó học thêm khoá học về đầu tư 100 triệu nữa. Tổng cộng phải bỏ ra khoảng 200 triệu đồng. Về cơ bản, những người kiếm được tiền về sau mới là bền vững, chứ không phải nhờ may mắn.",HSC,HCM,Ho Chi Minh City Securities,alias,0.98,auto_high_confidence,Chuyên gia Target bật mí nguyên nhân nhà đầu tư càng chăm chỉ càng lỗ trong bối cảnh thị trường đi xuống,Chuyên gia Target bật mí nguyên nhân nhà đầu tư càng chăm chỉ càng lỗ trong bối cảnh thị trường đi xuống,FinABSA_target_masked_headline_v1,0,Chuyên gia Target bật mí nguyên nhân nhà đầu tư càng chăm chỉ càng lỗ trong bối cảnh thị trường đi xuống,The sentiment for Target in the given sentence is NEUTRAL.,neutral,,,,0.0,/home/huylkq/repos/nlp/FinABSA-Valid/MODEL/finabsa-other-masked-final_3epoch,Target,ok,neutral,2022-10-03 09:42:17+00:00,2022-10-03
0cd31c366d79eda7_00,0cd31c366d79eda7,https://cafef.vn/vdsc-co-phieu-vao-dien-canh-bao-long-hau-lhg-doi-dien-rui-ro-do-khoan-no-phai-tra-cho-co-dong-lon-ipc-20221003071438288.chn,2022-10-03T07:44:22,2022-10-03T07:44:38+07:00,,"VDSC: Cổ phiếu vào diện cảnh báo, Long Hậu (LHG) đối diện rủi ro do khoản nợ phải trả cho cổ đông lớn IPC","Ngày 22/9, HOSE quyết định đưa cổ phiếu LHG vào diện cảnh báo do chậm nộp BCTC soát xét bán niên quá 15 ngày so với thời hạn quy định. Theo VDSC, sự chậm trễ này liên quan đến việc xác định nghĩa vụ nợ với Công ty TNHH MTV phát triển công nghiệp Tân Thuận - IPC (cổ đông lớn, chiếm 49% vốn) về khoản chi phí tái định cư thuộc dự án KCN Long Hậu 1.","LHG: Giá hiện tại Thay đổi Xem hồ sơ doanh nghiệp TIN MỚI Dự án KCN An Định và Long Hậu 3 giai đoạn 2 lùi tiến độ khai thác CTCK Rồng Việt (VDSC) mới đây vừa công bố báo cáo về tình hình hoạt động của Công ty Cổ phần Long Hậu (HOSE: LHG). Cập nhật về tiến độ các dự án KCN Long Hậu 3 và KCN An Định, VDSC cho biết cả 2 đều đang lùi tiến độ khai thác. Cụ thể, KCN Long Hậu 3 giai đoạn 1 hiện còn 50ha thương phẩm. Dù vậy, diện tích có thể cho thuê ước khoảng 30 ha, do một phần đất của 10ha chưa giải phóng mặt bằng phân bố rải rác làm ảnh hưởng đến 20ha diện tích thương phẩm. Ngoài ra, Long Hậu có kế hoạch dành khoảng 1/3 diện tích sẵn sàng cho thuê còn lại để phát triển nhà xưởng xây sẵn. Với tỷ lệ hấp thụ trung bình 10ha đến 12ha mỗi năm, khoảng 20ha còn lại có thể đảm bảo cho KQKD của mảng khu công nghiệp đến năm 2024. Về giá cho thuê đến hiện tại KCN LH3 - GĐ1, VDSC khảo sát thấy đã tăng lên ở mức 240-250 USD/m2/chu kỳ thuê so với mức 220 USD/m2/chu kỳ thuê tại quý I năm nay. Đối với KCN Long Hậu 3 - giai đoạn 2 và KCN An Định, cả hai dự án này đang được trình bộ kế hoạch đầu tư để xin chấp thuận chủ trương đầu tư. Tuy nhiên, kế hoạch khai thác sẽ dời về cuối năm 2024 - đầu năm 2025 , so với kế hoạch trước đó sẽ đi vào hoạt động từ năm 2024. Nguyên nhân là do các thay đổi từ Nghị Định 35 có hiệu lực từ tháng 7 năm 2022. Việc quy hoạch 1/2000 sẽ được chuyển giao về cho cơ quan có thẩm quyền của nhà nước thay vì chủ đầu tư chủ động làm như trước đây. KQKD Q3/2022 được kỳ vọng bùng nổ so với mức nền thấp cùng kỳ Quý 3/2022, VDSC ước tính LHG có thể ghi nhận 3ha cho thuê so với mức nền thấp của quý 3 năm ngoái (không ghi nhận diện tích thuê). Bên cạnh đó, biên lợi nhuận gộp ước tính sẽ phục hồi đáng kể sau khi việc điều chỉnh tổng mức đầu tư cho LH3 - GĐ1 cho phần diện tích đã bán đã được hạch toán trong Q2/2022. Do đó, CTCK này kỳ vọng KQKD Q3 của LHG sẽ phục hồi mạnh mẽ so với cùng kỳ. VDSC ước doanh thu Q3 của Long Hậu đạt 208 tỷ đồng (tăng 300%) và LNST ước đạt 78,6 tỷ đồng (tăng 295%), biên lợi nhuận gộp quay về mức 50% so với mức 25% ở quý trước đó. Khoản phải trả đáng lưu ý Trong ngắn hạn, VDSC lưu ý về rủi ro tiềm tàng đối với khoản phải trả cho IPC. Cụ thể, ngày 22/9, Sở giao dịch chứng khoán TP HCM đã có quyết định đưa cổ phiếu LHG vào diện cảnh báo do chậm nộp BCTC soát xét bán niên quá 15 ngày so với thời hạn quy định. Theo VDSC, sự chậm trễ này liên quan đến việc xác định nghĩa vụ nợ với Công ty TNHH MTV phát triển công nghiệp Tân Thuận - IPC (cổ đông lớn, chiếm 49% vốn) về khoản chi phí tái định cư thuộc dự án KCN Long Hậu 1. Được biết, LHG đã tái ký hợp đồng vào ngày 15/7/2022 với Công ty PwC Việt Nam về việc thực hiện kiểm toán BCTC năm 2022 và tổng kiểm toán Nhà nước khu vực IV hiện đang làm việc với phía IPC và Long Hậu để xác định nghĩa vụ này. Mặc dù VDSC đã phản ánh nghĩa vụ phát sinh tiềm tàng đối với IPC vào mô hình định giá, tuy nhiên việc kiểm toán nhà nước xác định mức bồi thường cao hơn hoặc LHG phải ghi nhận toàn bộ khoản nợ này trong năm 2022 - 2023 sẽ ảnh hưởng tiêu cực đến KQKD trong năm. “ Điều này sẽ tác động đáng kể đến diễn biến giá cổ phiếu LHG trong ngắn hạn ” – VDSC nhận định. 'Ém' thông tin, nhiều doanh nghiệp trên sàn bị phạt hàng trăm triệu đồng",LHG,LHG,Long Hau Corporation,alias,0.98,auto_high_confidence,"Other: Cổ phiếu vào diện cảnh báo, Long Hậu (Target) đối diện rủi ro do khoản nợ phải trả cho cổ đông lớn Other","Other: Cổ phiếu vào diện cảnh báo, Long Hậu (Target) đối diện rủi ro do khoản nợ phải trả cho cổ đông lớn Other",FinABSA_target_masked_headline_v1,0,"Other: Cổ phiếu vào diện cảnh báo, Long Hậu (Target) đối diện rủi ro do khoản nợ phải trả cho cổ đông lớn Other",The sentiment for Target in the given sentence is NEUTRAL.,neutral,,,,0.0,/home/huylkq/repos/nlp/FinABSA-Valid/MODEL/finabsa-other-masked-final_3epoch,Target,ok,neutral,2022-10-03 07:44:22+00:00,2022-10-03
4ff9bd70d63ff8c5_00,4ff9bd70d63ff8c5,https://cafef.vn/them-1-pho-tong-giam-doc-cua-flc-tu-chuc-trong-vong-3-thang-cong-ty-mat-3-pho-tong-20221002131827305.chn,2022-10-02T13:18:59,2022-10-02T13:19:42+07:00,,"Thêm 1 Phó Tổng giám đốc của FLC từ chức, trong vòng 3 tháng công ty mất 3 phó Tổng","Chỉ trong vòng chưa đầy 3 tháng, sau bà Vũ Đặng Hải Yến và ông Lã Quý Hiển, bà Võ Thị Thùy Dương là Phó Tổng giám đốc thứ 3 của FLC từ chức","FLC: Giá hiện tại Thay đổi Xem hồ sơ doanh nghiệp TIN MỚI Ngày 30/9, bà Võ Thị Thùy Dương đã gửi đơn đề nghị thôi giữ chức vụ Phó Tổng Giám đốc Tập đoàn FLC tới Hội đồng quản trị Tập đoàn. Ngày 1/10/2022, Hội đồng quản trị đã chấp nhận đề xuất của Bà Dương. Bà Dương sinh năm 1977, được bổ nhiệm làm Phó Tổng Giám đốc FLC vào ngày 11/5/2017. Ngày 30/6/2017, bà Dương được bầu làm thành viên HĐQT CTCP Đầu tư và khoáng sản FLC Stone (tên cũ CTCP Đầu tư và khoáng sản AMD Group) sau đó bà từ nhiệm sau 1 năm giữ chức vụ vào ngày 30/6/2018. Sau khi bà Võ Thị Thùy Dương từ chức, Tập đoàn FLC còn lại 5 Phó tổng giám đốc gồm bà Đàm Ngọc Bích, ông Trần Thế Anh, bà Lê Thị Trúc Quỳnh, bà Đặng Thị Lưu Vân và ông Đỗ Việt Hùng. Bà Bùi Hải Huyền đang là Phó chủ tịch thường trực HĐQT kiêm nhiệm chức danh Tổng giám đốc công ty. Bà Dương là Phó Tổng Giám đốc thứ 3 của FLC từ chức chỉ trong vòng chưa đầy 3 tháng, sau bà Vũ Đặng Hải Yến vào ngày 14/7 và ông Lã Quý Hiển vào ngày 15/9. Bà Yến là người thay mặt và đại diện thực hiện toàn bộ các quyền liên quan đến tài sản, quyền tài sản thuộc sở hữu của ông Trịnh Văn Quyết và từng giữ nhiều vị trí lãnh đạo cấp cao của tập đoàn và một số công ty thuộc hệ sinh thái FLC. Trong lịch sử công tác tại FLC, bà Yến đã 2 lần được bổ nhiệm vị trí Phó Tổng Giám đốc và thay mặt ông Quyết thực hiện quyền Chủ tịch FLC và Bamboo Airways trong hai ngày sau khi ông Quyết bị khởi tố trước khi HĐQT của FLC đã bầu ông Đặng Tất Thắng làm Chủ tịch mới. Bà Yến là người được cựu Chủ tịch HĐQT Trịnh Văn Quyết ủy quyền toàn bộ cổ phần tại Tập đoàn FLC, hãng hàng không Bamboo Airways và nhiều tài sản khác trước khi ông bị khởi tố vào ngày 29/3. Ông Hiển từng làm Trưởng Ban Tài chính – Kế toán của Tập đoàn FLC, Thành viên HĐQT Công ty cổ phần Đầu tư và Khoáng sản FLC Stone (Mã: AMD), Chủ tịch HĐQT Công ty cổ phần Quản lý quỹ Hợp lực (Unicap). Trước đó, ngày 22/6, ông Hiển cũng nộp đơn từ nhiệm vị trí Thành viên HĐQT của Tập đoàn FLC. Kể từ ngày 9/9/2022, cổ phiếu FLC nằm trong diện đình chỉ giao dịch trên Sở Giao dịch Chứng khoán TP Hồ Chí Minh (HOSE), đồng nghĩa với hiện nay nhà đầu tư không thể mua hay bán được cổ phiếu này.",FLC,FLC,FLC Group,alias,0.98,auto_high_confidence,"Thêm 1 Phó Tổng giám đốc của Target từ chức, trong vòng 3 tháng công ty mất 3 phó Tổng","Thêm 1 Phó Tổng giám đốc của Target từ chức, trong vòng 3 tháng công ty mất 3 phó Tổng",FinABSA_target_masked_headline_v1,0,"Thêm 1 Phó Tổng giám đốc của Target từ chức, trong vòng 3 tháng công ty mất 3 phó Tổng",The sentiment for Target in the given sentence is NEUTRAL.,neutral,,,,0.0,/home/huylkq/repos/nlp/FinABSA-Valid/MODEL/finabsa-other-masked-final_3epoch,Target,ok,neutral,2022-10-02 13:18:59+00:00,2022-10-02
fae545d4f5a64c2b_00,fae545d4f5a64c2b,https://cafef.vn/acbs-vn-index-co-the-quay-lai-muc-dinh-lich-su-vao-nam-2023-20221001153118462.chn,2022-10-02T00:02:26,,,ACBS: VN-Index có thể quay lại mức đỉnh lịch sử vào năm 2023,"Theo ACBS, thời gian còn lại của năm 2022 thị trường có thể tiếp tục lình xình quanh mức định giá thấp, song đến năm 2023 sẽ tích cực hơn.","TIN MỚI Từ đầu năm đến nay, chứng khoán Việt Nam đã trải qua hàng loạt sóng gió khi niềm tin nhà đầu tư bị suy giảm khá nhiều, mặc dù nền kinh tế Việt Nam đã ghi nhận những con số tăng trưởng tích cực. Tính kể từ mức đỉnh lịch sử 1.525 điểm hồi đầu năm, VN-Index đã giảm 25,7% xuống 1.132 điểm trong phiên 30/9. Bất chấp sự điều chỉnh của thị trường thời gian qua, Chứng khoán ACBS vẫn lạc quan về triển vọng cơ bản đối với thị trường Việt Nam. Về định giá, chỉ số VN-Index hiện được định giá ở mức P/E xấp xỉ 12,3 lần, thấp hơn 19,6% so với mức trung bình 10 năm là 15,3x. Đây là mức định giá khá hấp dẫn. Về tăng trưởng lợi nhuận, đội ngũ phân tích dự báo lợi nhuận các doanh nghiệp niêm yết của Việt Nam dự kiến sẽ tăng trưởng ở mức 17,5% nhờ các lĩnh vực chính như ngân hàng, khu công nghiệp, cũng như sự phục hồi của tiêu dùng nội địa sau đại dịch. Nếu so với các thị trường khác trong khu vực, mức tăng trưởng EPS năm 2022 của Việt Nam dự kiến sẽ phù hợp với mức bình quân khu vực. Theo đó, P/E năm 2022 vào khoảng 15,8 lần là giá trị hợp lý, cao hơn 3,3% so với trung bình 10 năm của Việt Nam và cao hơn 5,3% so với mức trung bình của khu vực. Tuy vậy, ACBS vẫn nhấn mạnh dù có vẻ như số liệu lạm phát có thể đã đạt đỉnh ở nhiều thị trường do giá một số mặt hàng chủ chốt đang giảm xuống, nhưng lo ngại lạm phát và các hành động quyết liệt của ngân hàng trung ương dự kiến sẽ tiếp tục cho đến ít nhất là cuối năm, gây áp lực lên tâm lý ngắn hạn đến thị trường chứng khoán. Tuy nhiên, đội ngũ phân tích kỳ vọng thị trường sẽ bình thường hóa vào năm 2023 và có thể kỳ vọng mức định giá sẽ trở lại mức lịch sử. Tuy nhiên, thời gian còn lại của năm 2022 thị trường tiếp tục lình xình quanh mức định giá thấp. Dù vẫn đưa ra quan điểm lạc quan về thị trường, song ACBS cũng đã điều chỉnh kỳ vọng của mình trong giai đoạn suy giảm tâm lý khi đối mặt với các sự kiện bên trong và bên ngoài. Trong báo cáo hồi đầu năm nay, đội ngũ phân tích từng đưa ra dự báo VN-Index có thể chạm mốc 1.832 vào năm 2022 trong kịch bản lạc quan nhờ những triển vọng tích cực sau khi phục hồi sau dịch Covid-19. Thời điểm hiện tại, trước những diễn biến vĩ mô khó lường, ACBS hạ dự báo của VN-Index cuối năm xuống 1.216 điểm trong kịch bản thận trọng, 1.589 điểm trong kịch bản lạc quan hơn. Kịch bản cơ sở , ACBS duy trì triển vọng lợi nhuận đạt 19% vào cuối năm 2022, nhờ vào các lĩnh vực ngân hàng, vận tải, bất động sản và tiện ích. Mặc dù đưa ra giả định rằng thị trường sẽ khởi sắc trong 3 tháng cuối năm nhờ thu nhập của các doanh nghiệp vẫn ổn định và môi trường vĩ mô duy trì quỹ đạo hiện tại, song đội ngũ phân tích cho rằng sẽ khó đạt được mức định giá bình quân 3 năm là 15,5 lần. Do đó, chỉ số VN-Index sẽ giao dịch ở mức 13,7 lần (thấp hơn khoảng 1 độ lệch chuẩn so với mức trung bình 3 năm) và dẫn đến chỉ số VN-Index sẽ khoảng 1.400 điểm vào cuối năm 2022 . Kịch bản lạc quan dựa trên việc nối lại các chuyến bay quốc tế trên toàn thế giới kết hợp với hiệu ứng tích cực từ gói tài chính và tiền tệ của Chính phủ Việt Nam và lợi nhuận doanh nghiệp vượt kỳ vọng. Mặt khác, tâm lý nhà đầu tư lạc quan vào cuối năm do các vấn đề toàn cầu và trong nước được giải quyết hoặc có dấu hiệu đáng kể cho thấy điều tồi tệ nhất đã qua. Dựa trên kịch bản đó, kỳ vọng lợi nhuận sẽ tăng và định giá bình quân sẽ trở lại mức 15x giúp chỉ số VN-Index đạt mức 1.500-1.600 điểm . Kịch bản bi quan , sự bất ổn và sợ hãi tiếp tục bao trùm thị trường toàn cầu với lo ngại về lạm phát gia tăng, các Ngân hàng Trung ương sẽ phản ứng nhanh và mạnh như thế nào với áp lực lạm phát bằng cách tăng lãi suất. Đồng thời, nền kinh tế Trung Quốc giảm tốc sẽ kéo dài sự gián đoạn chuỗi cung ứng toàn cầu, hoặc các biến thể mới của Covid-19 đe dọa các hoạt động kinh tế. Điều này sẽ dẫn đến lợi nhuận giảm so với kỳ vọng và định giá thị trường giảm do sự thờ ơ cũng như thận trọng quan sát của các nhà đầu tư mới vào thị trường. Trong kịch bản này, chúng ta có thể thấy chỉ số VN-Index sẽ gặp khó khăn để tăng điểm vào cuối năm và kết thúc giao dịch ở mức 12,5 lần lợi nhuận để đóng quanh mức 1.200 điểm .",ACB,ACB,ACB,alias,0.98,auto_high_confidence,TargetS: VN-Index có thể quay lại mức đỉnh lịch sử vào năm 2023,TargetS: VN-Index có thể quay lại mức đỉnh lịch sử vào năm 2023,FinABSA_target_masked_headline_v1,0,TargetS: VN-Index có thể quay lại mức đỉnh lịch sử vào năm 2023,The sentiment for Target in the given sentence is NEUTRAL.,neutral,,,,0.0,/home/huylkq/repos/nlp/FinABSA-Valid/MODEL/finabsa-other-masked-final_3epoch,Target,ok,neutral,2022-10-02 00:02:26+00:00,2022-10-02
cb8b4f29b3873b8a_00,cb8b4f29b3873b8a,https://cafef.vn/acbs-nhnn-tang-lai-suat-dieu-hanh-de-doi-pho-voi-ty-gia-chu-khong-phai-lam-phat-20221001225221507.chn,2022-10-01T22:52:45,,,"ACBS: NHNN tăng lãi suất điều hành để đối phó với tỷ giá, chứ không phải lạm phát","Theo ACBS, việc NHNN tăng lãi suất điều hành thêm 100 điểm cơ bản là nhằm đối phó với áp lực phá giá ngày càng tăng đối với đồng VND, chứ không phải là một động thái cố gắng làm giảm nhu cầu trước tình hình lạm phát gia tăng.","TIN MỚI Trong báo cáo chiến lược mới phát hành, Chứng khoán ACB (ACBS) ước tính từ đầu năm đến cuối tháng 6/2022, Ngân hàng Nhà nước (NHNN) đã bán ra tới 15 tỷ USD; kể từ tháng 7/2022, khi NHNN tăng tỷ giá chào bán từ 23.250 lên 23.400 VND/USD, có thêm 5,7 tỷ USD đã được bán ra, dẫn đến dự trữ ngoại hối giảm xuống còn khoảng 90 tỷ USD. Theo ACBS, những động thái gần đây của NHNN nhằm tăng lãi suất điều hành thêm 100 điểm cơ bản là một hành động nhằm đối phó với áp lực phá giá ngày càng tăng đối với đồng VND, chứ không phải là một động thái cố gắng làm giảm nhu cầu trước tình hình lạm phát gia tăng. ACBS cho rằng, đồng VND đã phải đối mặt với áp lực giảm giá từ một số mặt, bao gồm việc tăng lãi suất dự kiến sẽ tiếp tục trong suốt nửa cuối năm 2022 của hơn 16 Ngân hàng Trung ương lớn trên thế giới, đặc biệt là Mỹ (FED) và Anh (BOE). Bước sang năm 2023, nhóm phân tích dự báo áp lực lạm phát sẽ vẫn còn trong một vài tháng đầu năm, nếu hành động của các Ngân hàng Trung ương có tác động như dự kiến và lạm phát được kiểm soát, dự kiến chính sách tiền tệ có thể được nới lỏng trong nửa cuối năm và thúc đẩy tăng trưởng kinh tế sẽ lại trở thành ưu tiên của các nhà hoạch định chính sách. Theo ACBS, FED cùng với BOE và ECB đang ngừng tái đầu tư tài sản đáo hạn và bắt đầu thu hẹp giá trị tài sản trên bảng cân đối kế toán của họ (còn được gọi là chương trình Thắt chặt Định Lượng). Morgan Stanley ước tính rằng bảng cân đối kế toán của các ngân hàng trung ương bị ảnh hưởng nặng nề nhất sẽ giảm khoảng 4 nghìn tỷ USD vào cuối năm tới. Những sự kiện này sẽ ảnh hưởng đến giá trị VND trong những tháng tới. Trung Quốc vẫn tiếp tục theo đuổi chiến lược Không-COVID với việc xét nghiệm hàng loạt và phong tỏa khi các trường hợp lây nhiễm tăng đột biến. Chiến lược này tiếp tục gây sức ép lên chuỗi cung ứng toàn cầu vốn đang căng thẳng và tiếp tục làm gia tăng chi phí vận chuyển và có thể ảnh hưởng đến hoạt động xuất nhập khẩu của dẫn đến gia tăng áp lực giảm giá khác lên VND trong những tháng tới. Bên cạnh đó, đồng Nhân dân tệ (NDT) của Trung Quốc mất giá có thể tác động đến thị phần xuất khẩu các thị trường mới nổi/cận biên đang cạnh tranh với Trung Quốc, trong đó có Việt Nam, vì hàng xuất khẩu của Trung Quốc ngày càng rẻ hơn đối với các nhà nhập khẩu; và Rủi ro suy thoái gia tăng, đặc biệt là ở Mỹ và EU ở Mỹ và EU có thể ảnh hưởng đến hoạt động xuất khẩu của Việt Nam, vốn là động lực tăng trưởng kinh tế chính. Tuy nhiên, nền kinh tế Việt Nam về cơ bản vẫn ghi nhận những yếu tố cơ bản tương đối tốt và các yếu tố hỗ trợ sẽ giúp VND nói chung (trong hệ thống ngân hàng và chợ đen) tăng giá và ổn định trong những tháng sắp tới của năm 2022. Cụ thể, lạm phát vẫn thấp và được kiểm soát dưới 4%; Xuất khẩu, động lực tăng trưởng kinh tế chính của Việt Nam, tiếp tục duy trì đà tăng trưởng khi hoạt động sản xuất dần phục hồi và dự kiến sẽ tiếp tục đi lên trong bối cảnh nền kinh tế toàn cầu phục hồi; FDI giải ngân tăng mạnh trong 8 tháng đầu năm 2022 (+10,5 %). Bên cạnh đó, sự hỗ trợ từ NHNN để giữ chênh lệch lãi suất dương giữa lãi suất VND và USD liên ngân hàng cũng giúp ổn định tỷ giá VND/USD. Ngoài ra, với nguồn dự trữ ngoại hối hiện cũng ở mức tương đối dồi dào (ước tính còn lại khoảng 90 tỷ USD) và việc mạnh tay tăng các loại lãi suất điều hành vừa qua sẽ góp phần duy trì sự ổn định của VND trong những tháng tới. Lãi suất điều hành lần đầu tăng sau 11 năm: Thấy gì từ cú “bẻ lái” lịch sử của Ngân hàng Nhà nước?",ACB,ACB,ACB,alias,0.98,auto_high_confidence,"TargetS: NHNN tăng lãi suất điều hành để đối phó với tỷ giá, chứ không phải lạm phát","TargetS: NHNN tăng lãi suất điều hành để đối phó với tỷ giá, chứ không phải lạm phát",FinABSA_target_masked_headline_v1,0,"TargetS: NHNN tăng lãi suất điều hành để đối phó với tỷ giá, chứ không phải lạm phát",The sentiment for Target in the given sentence is NEUTRAL.,neutral,,,,0.0,/home/huylkq/repos/nlp/FinABSA-Valid/MODEL/finabsa-other-masked-final_3epoch,Target,ok,neutral,2022-10-01 22:52:45+00:00,2022-10-01
ca94de0c710e7775_00,ca94de0c710e7775,https://cafef.vn/kinh-te-truong-mbs-vn-index-kho-giam-sau-tren-30-so-voi-dinh-nha-dau-tu-nen-can-nhac-ky-truoc-khi-ban-co-phieu-20221001152647858.chn,2022-10-01T16:20:09,2022-10-01T16:20:43+07:00,,"Kinh tế trưởng MBS: VN-Index khó giảm sâu trên 30% so với đỉnh, nhà đầu tư nên cân nhắc kỹ trước khi bán cổ phiếu","Theo chuyên gia, đây là thời điểm nhà đầu tư cần điềm tĩnh và không nên bán ra nữa.","TIN MỚI Chứng khoán Việt Nam có một tuần giao dịch đầy sóng gió khi tâm lý thị trường chưa thể ổn định trước những rủi ro vĩ mô. Trong tuần, VN-Index ghi nhận 4 phiên giảm mạnh liên tiếp trước khi có cú ""quay xe"" ngoạn mục để giành lấy sắc xanh trong phiên cuối tuần. Tuy nhiên, sau chuỗi giảm sâu, giới đầu tư vẫn khá lo lắng về xu hướng của thị trường trong thời gian tới. Có người lựa chọn đứng im quan sát, có người lại mạo hiểm ""bắt đáy"" vì tin rằng thị trường khó giảm thêm nữa. Vậy ""cơn bão"" trên thị trường chứng khoán liệu đã qua? Nhà đầu tư nên hành động như thế nào trong thời điểm này? Nguồn: Tradingeconomics Theo ông Hoàng Công Tuấn - Kinh tế trưởng Chứng khoán MBS, vấn đề lạm phát tiếp tục neo cao khiến Fed tiếp tục phải mạnh tay trong chính sách thắt chặt tiền tệ vẫn gây áp lực nặng nề cho thị trường chứng khoán. Ông Tuấn dự báo lạm phát sẽ có xu hướng hạ nhiệt dần, dù vẫn còn khá dai dẳng. Nhiều tổ chức kỳ vọng mức lạm phát trong những quốc gia phát triển trong năm sau sẽ giảm xuống mức 6,2%. Tuy nhiên, để trả giá cho điều này thì hàng loạt quốc gia như Mỹ, Trung Quốc,… dự báo sẽ ghi nhận mức tăng trưởng chậm chạp khi lãi suất tăng lên. Cụ thể, Mỹ dự kiến tăng trưởng trong năm sau chỉ khoảng 0,5%, các nước trong khu vực Âu Châu khoảng 1,4%. Chuyên gia MBS cũng cho rằng động thái của Ngân hàng Nhà nước (NHNN) là hết sức quyết liệt. Ngay sau khi NHNN đưa ra công bố mặt bằng tăng lãi suất điều hành mới thì các các ngân hàng thương mại lập tức điều chỉnh mức lãi suất huy động. Trên thị trường, một số Ngân hàng thương mại nhỏ và vừa đã điều chỉnh mức huy động mạnh mẽ, đặc biệt ở các kỳ hạn ngắn sau khi được nhà nước nâng trần lãi suất huy động kỳ hạn ngắn. Thậm chí họ còn áp dụng mức lãi suất huy động tối đa khoảng 5%, trong khi các mức lãi suất không kỳ hạn trước đây chỉ để mức 0,1%, 0.2% thì nay đã có những ngân hàng lên mức 0.5% . Tuy mức tăng không cao, nhưng nếu tính theo phần trăm là cũng là khá lớn. Trong thời gian tới, Fed tiếp tục tăng lãi suất có thể khiến lãi suất huy động tăng thêm, nhưng chuyên gia cho rằng mức tăng sẽ thấp hơn. Trong trường hợp lạm phát của Mỹ giảm mạnh thì khả năng NHNN sẽ không cần 1 đợt tăng lãi suất điều hành thêm nữa. Mặt khác, nếu nhìn theo chiều hướng tích cực thì có thể kỳ vọng lạm phát cũng như tỷ giá của Việt Nam sẽ hài hoà trở lại. Do đó, thị trường chứng khoán sau khi phản ứng dữ dội thì cũng sẽ bình ổn hơn trong chặng đường phía trước. Về tổng thể thì nền kinh tế của chúng ta khá vững mạnh khi Việt Nam vẫn được đánh giá là 1/7 điểm sáng kinh tế vĩ mô toàn cầu trong thời gian vừa qua. Vĩ mô vẫn duy trì ổn định, chỉ có hai yếu tố (1) mặt bằng lãi suất đi lên (2) ảnh hưởng từ chứng khoán toàn cầu tạo áp lực cho thị trường chung. Trong tuần qua, có thời điểm chứng khoán Việt Nam giảm so với đỉnh là 28%. Trong khi nếu so với thời điểm xảy Covid-19, toàn cầu chứng kiến cuộc khủng hoảng ngắn hạn với mức suy giảm kinh tế sâu, lợi nhuận doanh nghiệp sụt giảm rất mạnh thì VN-Index cũng chỉ giảm trên 30% so với mức đỉnh. Hiện tại, chuyên gia cho rằng chưa thể khẳng định thị trường đã tạo đáy hay chưa. Tuy nhiên, kịch bản thị trường chứng khoán giảm sâu từ 30-40% chỉ xảy ra khi xuất hiện khủng hoảng kinh tế. Còn nếu chỉ dừng lại ở mức suy thoái thì đà giảm của thị trường thời gian qua cũng đã phản ánh đáng kể. "" Nhiều người băn khoăn là tại sao mọi người lại bán mạnh thế, nhưng thực ra lực bán không hề mạnh mà chỉ đơn giản là lực mua yếu. Với những quan ngại hiện tại, những nhà đầu tư khôn ngoan chưa thực sự giải ngân mà sẽ tìm kiếm điểm giải ngân điểm cực kỳ rẻ với kỳ vọng lợi nhuận dài hạn cao. Tuy nhiên, tại thời điểm thị trường chiết khấu sâu, họ sẽ không chịu bán mới mức giá thấp và tâm lý hoảng loạn như vậy. Áp lực bán chủ yếu những người nhà đầu tư ở trạng thái căng thẳng và không chịu được nữa "", ông Hoàng Công Tuấn nhận định. Theo quan sát của chuyên gia, một số cổ phiếu đã được chiết khấu sâu, nhiều mã đã ở mức hấp dẫn. Do đó, đây là thời điểm nhà đầu tư cần điềm tĩnh và không nên bán ra nữa.",MBS,MBS,MBS Securities,alias,0.98,auto_high_confidence,"Kinh tế trưởng Target: VN-Index khó giảm sâu trên 30% so với đỉnh, nhà đầu tư nên cân nhắc kỹ trước khi bán cổ phiếu","Kinh tế trưởng Target: VN-Index khó giảm sâu trên 30% so với đỉnh, nhà đầu tư nên cân nhắc kỹ trước khi bán cổ phiếu",FinABSA_target_masked_headline_v1,0,"Kinh tế trưởng Target: VN-Index khó giảm sâu trên 30% so với đỉnh, nhà đầu tư nên cân nhắc kỹ trước khi bán cổ phiếu",The sentiment for Target in the given sentence is NEUTRAL.,neutral,,,,0.0,/home/huylkq/repos/nlp/FinABSA-Valid/MODEL/finabsa-other-masked-final_3epoch,Target,ok,neutral,2022-10-01 16:20:09+00:00,2022-10-01
75749f7fa8a8ef81_00,75749f7fa8a8ef81,https://cafef.vn/vndirect-heo-an-chuoi-khong-co-qua-nhieu-khac-biet-so-voi-nhung-san-pham-thit-sach-dang-co-tren-thi-truong-20221001123906336.chn,2022-10-01T12:41:44,,,Vndirect: “Heo ăn chuối” không có quá nhiều khác biệt so với những sản phẩm thịt sạch đang có trên thị trường,"Vndirect cho rằng “sân chơi” thịt lơn sạch hiện đang khá chật chội, với sự tham gia của những nhân tố mới (Bapi Heo ăn chuối, BAF) bên cạnh nhiều công ty lớn như CP Food, GreenFeed, Japfa, CJ Vina, Dabaco và Masan Meatlife. Bên cạnh đó, sắp tới sẽ có thêm một đối thủ mới gia nhập “cuộc đua 3F” – Nova Consumer (thành viên của NovaGroup).","TIN MỚI Thịt sạch từ mô hình 3F sẽ dần thay thế thịt không rõ nguồn gốc Thịt lợn là loại thịt thiết yếu ở Việt Nam, chiếm 66% tổng lượng thịt tiêu thụ, theo sau là thịt gia cầm và thịt bò. Theo Vndirect Research, mặc dù thịt lợn là loại thịt chính, thị trường thịt lợn trong nước vẫn duy trì ở mức thấp vì 95% thịt lợn tiêu thụ là thịt ấm và không an toàn (lợn được nuôi bằng thuốc kháng sinh hoặc tăng trọng; giết mổ quy mô nhỏ, tiêu chuẩn vệ sinh thấp, thịt được vận chuyển mà không có kiểm soát thú y, được bán ở các chợ có nguy cơ truyền nhiễm cao). Vndirect cho rằng thu nhập, kiến thức dinh dưỡng và nhận thức về sức khỏe của người Việt Nam ngày càng tăng, đặc biệt là sau ảnh hưởng của dịch tả lợn Châu Phi và Covid-19, dẫn đến nhu cầu thịt sạch tăng lên. Xu hướng này phát triển mạnh ở khu vực thành thị, nhờ sự phát triển của kênh thương mại hiện đại giúp người tiêu dùng dễ dàng tiếp cận với thịt sạch có thương hiệu và rõ nguồn gốc. Do đó, Vndirect nhận định thị trường thịt lợn Việt Nam vẫn còn tiềm năng tăng trưởng và các doanh nghiệp áp dụng mô hình 3F sẽ được hưởng lợi từ xu hướng chuyển đổi nhu cầu sang thịt sạch ở khu vực thành thị. Những nhân tố mới tham gia “cuộc đua 3F” Ngày 17- 9, Tập đoàn Hoàng Anh Gia Lai (HAG) đã chính thức ra mắt thương hiệu Bapi “Heo ăn chuối” và cửa hàng BapiMart đầu tiên tại TP. HCM với sản phẩm chủ lực là thịt lợn mảnh cùng một số thực phẩm chế biến từ thịt: thịt nguội, chả lụa, xúc xích. “Heo ăn chuối” được giới thiệu là sản phẩm thịt thơm ngon và sạch do lợn ăn chuối sạch quanh năm ít mắc bệnh dịch hơn. Bên cạnh đó việc tận dụng được nguồn chuối thải loại làm thức ăn chăn nuôi cũng giúp “Heo ăn chuối” giảm được giá thành sản xuất. Tuy nhiên, Vndirect đánh giá mặc dù thu hút sự chú ý của người tiêu dùng nhờ tên thương hiệu đặc biệt, nhưng sản phẩm “Heo ăn chuối” không có quá nhiều khác biệt so với những sản phẩm thịt sạch đang có đối với thị trường, xét ở góc độ tiêu dùng. Bên cạnh HAG còn có một cái tên mới nổi khác là BAF. Ra mắt sản phẩm từ năm 2021, đến nay thịt thương hiệu của BAF đã có mặt tại 50 cửa hàng Siba Food và 250 cửa hàng Meat Shop. Hiện nay, BAF có quy mô đàn lợn hơn 200.000 con (bao gồm lợn thịt và lợn giống), hai nhà máy thức ăn chăn nuôi và 15 trang trại rộng khắp khu vực phía Nam. Sự gia nhập của BAF và HAG được đánh giá là “phù hợp với thời đại” những bước dịch chuyển trong thói quen của người tiêu dùng từ mua thịt ở chợ, không rõ nguồn gốc sang những nơi có thương hiệu, có tiêu chuẩn cao hơn về chất lượng, an toàn thực phẩm. Sân chơi đã có sẵn những đối thủ lớn Giá trị thị trường ngành thịt Việt Nam ước tính đạt 8,9 tỷ USD vào năm 2021, với sự tham gia của nhiều công ty lớn như CP Food, GreenFeed, Japfa, CJ Vina, Dabaco và Masan Meatlife. Trong đó CP Việt Nam, công ty con của Tập đoàn CP Thái Lan, là DN sản xuất thịt lớn nhất Việt Nam với thị phần thịt lợn ước tính khoảng 17-18%. Một cái tên đáng chú ý khác là Meat Deli (thương hiệu của Masan Meatlife) ra mắt thị trường vào cuối năm 2019. Sau 2 năm ra mắt, sản phẩm Meat Deli đã có mặt rộng rãi trên hệ thống siêu thị Winmart và chiếm khoảng 2-3% thị phần. Sản phẩm thịt mát Meat Deli của MML vẫn đang đứng đầu về mức giá trong phân khúc thịt lợn có thương hiệu với câu chuyện “Thịt mát theo tiêu chuẩn Châu Âu đầu tiên tại Việt Nam” - sử dụng công nghệ đóng gói Oxy Fresh 9. Vndirect cho rằng sân chơi “3F” hiện đang khá chật chội với nhiều đối thủ mạnh. Tuy nhiên theo Ipsos Việt Nam, phân khúc thịt lợn thương hiệu tại Việt Nam vẫn còn dư địa tăng trưởng khoảng 10% -15% mỗi năm, do phân khúc này mới chỉ chiếm khoảng 10% toàn thị trường. Do vậy đây vẫn là một thị trường tiềm năng cho các nhà sản xuất thịt có sự đầu tư vào hệ thống chăn nuôi, phân phối qua điểm bán hiện tại và đi theo câu chuyện “thịt sạch và có nguồn gốc rõ ràng”. Bầu Đức nuôi 'gà ăn chuối' còn đây là cách KFC phát triển đàn gà của mình",Vnd,VND,VNDIRECT,alias,0.98,auto_high_confidence,Targetirect: “Heo ăn chuối” không có quá nhiều khác biệt so với những sản phẩm thịt sạch đang có trên thị trường,Targetirect: “Heo ăn chuối” không có quá nhiều khác biệt so với những sản phẩm thịt sạch đang có trên thị trường,FinABSA_target_masked_headline_v1,0,Targetirect: “Heo ăn chuối” không có quá nhiều khác biệt so với những sản phẩm thịt sạch đang có trên thị trường,The sentiment for Target in the given sentence is NEUTRAL.,neutral,,,,0.0,/home/huylkq/repos/nlp/FinABSA-Valid/MODEL/finabsa-other-masked-final_3epoch,Target,ok,neutral,2022-10-01 12:41:44+00:00,2022-10-01
858a3b0a4303bd91_00,858a3b0a4303bd91,https://cafef.vn/shb-chuan-bi-chia-co-tuc-va-chao-ban-co-phieu-voi-gia-12500-dong-cp-20221001102723379.chn,2022-10-01T10:27:45,,,SHB chuẩn bị chia cổ tức và chào bán cổ phiếu với giá 12.500 đồng/cp,Hội đồng Quản trị Ngân hàng TMCP Sài Gòn – Hà Nội (SHB) vừa thông qua việc triển khai phương án phát hành cổ phiếu tăng vốn điều lệ năm 2022.,"SHB: Giá hiện tại Thay đổi Xem hồ sơ doanh nghiệp TIN MỚI Theo đó, ngân hàng sẽ chào bán hơn 533 triệu cổ phiếu SHB cho cổ đông hiện hữu, tương đương tỷ lệ thực hiện quyền là 100: 20 (cổ đông sở hữu 1 cổ phiếu tại ngày chốt danh sách thì có 1 quyền mua, cứ 100 quyền mua thì được mua thêm 20 cổ phiếu mới). Giá chào bán dự kiến là 12.500 đồng/cp. Số tiền thu được từ đợt chào bán là 6.667 tỷ đồng. SHB sẽ sử dụng 6.257 tỷ để mở rộng quy mô cho vay doanh nghiệp và dùng 410 tỷ để cho vay cá nhân, dự kiến giải ngân từ quý 4/2022 đến quý 2/2023. Bên cạnh đó, SHB cũng sẽ tiến hành phát hành hơn 400 triệu cổ phiếu để trả cổ tức cho cổ đông hiện hữu, tương đương tỷ lệ thực hiện 15%. Nguồn vốn được sử dụng để thực hiện là từ nguồn lợi nhuận sau thuế và sau khi trích lập các quỹ năm 2021. Ngoài ra, SHB tiếp tục phát hành 45,12 triệu cổ phiếu theo chương trình lựa chọn cho người lao động (ESOP) với giá 10.000 đồng/cp. Số tiền thu được từ đợt chào bán cho người lao động dự kiến là 451,2 tỷ đồng, sẽ dùng để mở rộng quy mô cho vay của ngân hàng, trong đó chủ yếu cho vay doanh nghiệp. Hiện vốn điều lệ của SHB ở mức 26.674 tỷ đồng. Sau khi thực hiện 3 phương án trên, vốn điều lệ của ngân hàng sẽ tăng lên mức 36.459 tỷ đồng. Đóng cửa phiên giao dịch cuối cùng của tháng 9/2022, giá cổ phiếu SHB đứng ở mức 12.450 đồng/cp, giảm 20,2% so với cuối tháng 8. SHB bổ nhiệm một loạt lãnh đạo cao cấp",SHB,SHB,SHB,alias,0.98,auto_high_confidence,Target chuẩn bị chia cổ tức và chào bán cổ phiếu với giá 12.500 đồng/cp,Target chuẩn bị chia cổ tức và chào bán cổ phiếu với giá 12.500 đồng/cp,FinABSA_target_masked_headline_v1,0,Target chuẩn bị chia cổ tức và chào bán cổ phiếu với giá 12.500 đồng/cp,The sentiment for Target in the given sentence is NEUTRAL.,neutral,,,,0.0,/home/huylkq/repos/nlp/FinABSA-Valid/MODEL/finabsa-other-masked-final_3epoch,Target,ok,neutral,2022-10-01 10:27:45+00:00,2022-10-01
57cb249105aeaf01_00,57cb249105aeaf01,https://cafef.vn/hose-tiep-tuc-yeu-cau-ita-giai-trinh-chi-tiet-vu-uy-thac-cho-chu-tich-20221001101028178.chn,2022-10-01T10:17:31,2022-10-01T10:18:16+07:00,,HoSE tiếp tục yêu cầu ITA giải trình chi tiết vụ uỷ thác cho Chủ tịch,"""Đề nghị Công ty gửi văn bản giải trình các vấn đề nêu trên có xác nhận của đơn vị kiểm toán đến HoSE trước ngày 30/9/2022. Công văn giải trình của Công ty sẽ được công bố thông tin ra thị trường để cung cấp thông tin bổ sung cho nhà đầu tư"", văn bản của HoSE ghi.","TIN MỚI Sở GDCK Tp.HCM (HoSE) vừa có yêu cầu CTCP Đầu tư và Công nghiệp Tân Tạo (ITA) giải trình BTCB soát xét bán niên 2022. Được biết, tại BCTC này, kiểm toán có ý kiến ngoại trừ liên quan đến việc hạch toán uỷ thác đầu tư cho cá nhân là Chủ tịch Đặng Thị Hoàng Yến (còn gọi là Maya Dangelas) cùng với trách nhiệm chuyển nhượng 20,69% cổ phần ITA nắm giữ tại TEDC (tương đương số tiền 1.655 tỷ đồng). Trước đó, BCTC đầu tiên ITA ghi nhận tạm ứng gần 2.000 tỷ đồng cho bà Đặng Thị Hoàng Yến đầu tư ở Mỹ, tuy nhiên sau đó Công ty đã có đính chính chỉ chi 633 tỷ đồng và giải trình. Mặt khác, con số ghi nhận trên BCTC soát xét bán niên thì khoản uỷ thác cho bà Yến chỉ hơn 314 tỷ đồng. Do đó, HoSE tiếp tục yêu cầu ITA giải trình chi tiết hơn về sự chênh lệch đáng kể về số liệu giữa BCTC đính chính và BCTC soát xét bán niên 2022. Ngoài ra, BCTC hợp nhất soát xét cũng đề cập đến việc Công ty điều chỉnh/phân loại lại một số chỉ tiêu 2021 do các sự kiện phát sinh từ các năm 2020, 2021, HoSE theo đó đề nghị ITA làm rõ lý do không thực hiện ghi nhận các bút toán này trong BCTC 2020 và 2021 theo quy định. ""Đề nghị Công ty gửi văn bản giải trình các vấn đề nêu trên có xác nhận của đơn vị kiểm toán đến HoSE trước ngày 30/9/2022. Công văn giải trình của Công ty sẽ được công bố thông tin ra thị trường để cung cấp thông tin bổ sung cho nhà đầu tư"", văn bản của HoSE ghi. Được biết, ITA thời gian gần đây dính đến loạt lùm xùm, từ việc ghi nhận sai khoản uỷ thác cho Chủ tịch lên đến ngàn tỷ đến phải gia han nộp BCTC do bị Ernst & Young Việt Nam bất ngờ từ chối kiểm toán… Mới đây Tổng cục Thuế cũng đã yêu cầu Cục Thuế Tp.HCM tập trung rà soát số liệu kê khai thuế của Tân Tạo, đồng thời phối hợp ngân hàng để xác minh số tiền ITA đã tạm ứng cho bà Đặng Thị Hoàng Yến, chuyển hồ sơ cho công an nếu phát hiện dấu hiệu tội phạm. Với những sự vụ trên, HoSE đã ký quyết định đưa cổ phiếu ITA vào diện cảnh báo từ ngày 6/9. Lý do HoSE đưa ra là ITA đã vi phạm quy định công bố thông tin từ bốn lần trở lên trong vòng một năm, thuộc trường hợp chứng khoán bị cảnh báo theo quy định. Tân Tạo (ITA) chi tạm ứng cho mẹ của Chủ tịch dù không tham gia điều hành Công ty",ITA,ITA,Itaco,alias,0.98,auto_high_confidence,HoSE tiếp tục yêu cầu Target giải trình chi tiết vụ uỷ thác cho Chủ tịch,HoSE tiếp tục yêu cầu Target giải trình chi tiết vụ uỷ thác cho Chủ tịch,FinABSA_target_masked_headline_v1,0,HoSE tiếp tục yêu cầu Target giải trình chi tiết vụ uỷ thác cho Chủ tịch,The sentiment for Target in the given sentence is NEUTRAL.,neutral,,,,0.0,/home/huylkq/repos/nlp/FinABSA-Valid/MODEL/finabsa-other-masked-final_3epoch,Target,ok,neutral,2022-10-01 10:17:31+00:00,2022-10-01
67847e06b0a5ff1a_00,67847e06b0a5ff1a,https://cafef.vn/ocb-trien-khai-phat-hanh-co-phieu-thuong-cho-co-dong-hien-huu-20221001082759755.chn,2022-10-01T08:49:36,,,OCB triển khai phát hành cổ phiếu thưởng cho cổ đông hiện hữu,Ngân hàng TMCP Phương Đông (OCB) vừa công bố việc triển khai tăng vốn điều lệ lên hơn 17.808 tỷ đồng thông qua hình thức phát hành cổ phiếu thưởng 30% cho cổ đông hiện hữu từ nguồn vốn chủ sở hữu.,"ocb: Giá hiện tại Thay đổi Xem hồ sơ doanh nghiệp TIN MỚI Theo thông tin công bố ngày 30/9/2022, Hội đồng Quản trị OCB đã thông qua triển khai tăng vốn điều lệ bằng hình thức phát hành cổ phiếu thưởng 30% cho cổ đông hiện hữu từ nguồn vốn chủ sở hữu. Theo đó, vốn điều lệ của OCB tăng thêm hơn 4.109 tỷ đồng, từ hơn 13.698 tỷ đồng lên hơn 17.808 tỷ đồng sau khi có chấp thuận của cơ quan chức năng. Tại Đại hội đồng cổ đông thường niên vào ngày 23/4/2022, trong phương án trình đến cổ đông, OCB cho biết sẽ tiếp tục tăng vốn điều lệ thông qua các hình thức: (i) phát hành cổ phiếu theo chương trình lựa chọn cho người lao động (50 tỷ đồng đồng), phát hành cổ phiếu riêng lẻ cho Ngân hàng Aozora (8,82 tỷ đồng) và (ii) phát hành cổ phiếu thưởng cho cổ đông hiện hữu với tỷ lệ 30%. Hiện nay, OCB đã công bố nghị quyết không tiếp tục thực hiện việc phát hành ESOP và phát hành riêng lẻ này trong tháng 9 mà sẽ được thực hiện vào thời điểm khác phù hợp với quy định. Thay vào đó, OCB sẽ triển khai việc phát hành cổ phiếu thưởng 30% cho cổ đông hiện hữu. Theo báo cáo kết quả kinh doanh nửa đầu năm, OCB ghi nhận kết quả khả quan với nhiều mảng kinh doanh cốt lõi, đặc biệt trong lĩnh vực số hóa. Cụ thể, nhà băng này kết hợp với đối tác BĐS giới thiệu nền tảng Unlock Dream Home (Mở khoá ngôi nhà mơ ước) và nhận được sự quan tâm lớn trên thị trường vay mua nhà. Chỉ sau một thời gian ngắn triển khai, đã có gần 200.000 lượt truy cập vào website Unlock Dream Home, hơn 5.000 người đăng ký được tư vấn và hơn 26.000 bất động sản đa dạng ở nhiều tỉnh thành cùng hàng trăm khách hàng đã được tiếp cận khoản vay và chọn được ngôi nhà như ý. Các sản phẩm số khác cũng được OCB liên tục mở rộng thêm nhiều tính năng. Cụ thể, tại ứng dụng ngân hàng số OCB OMNI đã tích hợp hơn 150 sản phẩm dịch vụ và tiện ích tài chính trên app, cung cấp đầy đủ các dịch vụ ngân hàng. Sản phẩm được mở rộng nhiều tính năng “độc đáo” như chuyển khoản theo lô dành cho khách hàng cá nhân, cài đặt hạn mức giao dịch theo nhu cầu lên tới 5 tỷ đồng/ngày, có thể lên đến 20 tỷ/ngày với tài khoản thụ hưởng tin cậy, mở thẻ tín dụng IGEN hoàn toàn online,... Khách hàng còn có thể trải nghiệm giải trí nhận quà với đa dạng các hình thức game tương tác trực tiếp trên ứng dụng. Bên cạnh các dịch vụ thông dụng như chuyển tiền, gửi tiết kiệm,… OCB OMNI có tính năng đầu tư giúp khách hàng có thể mua chứng chỉ quỹ, chuyển tiền chứng khoán, trái phiếu,… từ đó có thể sinh lời cho tài sản của mình. Đặc biệt mới đây, OCB cũng là nhà băng dẫn đầu xu hướng khi triển khai thành công tính năng thanh toán Facepay (không cần sử dụng các công cụ như: thẻ, điện thoại…)tại gần 170 cửa hàng tiện lợi GS25 và sẽ tiếp tục mở rộng ở hệ thống cửa hàng bán lẻ khác vì phương thức này rất phù hợp nhất đối với giao dịch thanh toán nhỏ lẻ, hàng ngày, đem lại sự tiện dụng cho khách hàng. Nhờ việc liên tục cập nhật phát triển ứng dụng mà chỉ trong 6 tháng đầu năm OCB OMNI ghi nhận số lượng người dùng tăng gấp 3 lần cùng kỳ năm trước, số lượng giao dịch tăng 81% so với cùng kỳ; Tỷ lệ Casa thông qua kênh cũng tăng 46% so với cùng kỳ. Ngân hàng cũng có nhiều gói giải pháp cho các nhóm khách hàng doanh nghiệp như giải pháp thanh toán số OCB ProPay từ cơ bản đến chuyên biệt, theo nhu cầu của từng đơn vị, giúp các công ty tự động hóa việc quản lý khoản thu - chi trong doanh nghiệp, giảm thiểu rất nhiều sai sót và có thể tận dụng thời gian xử lý sai sót để tối ưu các hoạt động khác. Tính đến 30/6/2022, tỷ lệ khách hàng sử dụng sản phẩm này tăng gần 140% so với thời điểm cuối năm 2021. OCB cũng là một trong số những ngân hàng triển khai trước hạn việc áp dụng tiêu chuẩn Basel II về an toàn vốn. Việc tuân thủ đầy đủ ba trụ cột Basel II giúp OCB xác định, đo lường, đánh giá các rủi ro trọng yếu một cách hiệu quả, từ đó xây dựng nền tảng cơ sở dữ liệu và quy trình phù hợp với chiến lược phát triển của ngân hàng. Hiện OCB đang tập trung triển khai những tiêu chuẩn quốc tế cao hơn như Basel III, dự kiến hoàn thành vào cuối năm nay. Với việc tăng vốn điều lệ lên hơn 17.808 tỷ đồng, sau khi được các cơ quan chức năng chấp thuận, OCB mong muốn hoạt động này sẽ giúp nâng cao năng lực tài chính, tăng trưởng quy mô và năng lực cạnh tranh của ngân hàng trong thời gian sắp tới. SSI Research: OCB được nới hạn mức tín dụng thêm 3%",OCB,OCB,OCB,alias,0.98,auto_high_confidence,Target triển khai phát hành cổ phiếu thưởng cho cổ đông hiện hữu,Target triển khai phát hành cổ phiếu thưởng cho cổ đông hiện hữu,FinABSA_target_masked_headline_v1,0,Target triển khai phát hành cổ phiếu thưởng cho cổ đông hiện hữu,The sentiment for Target in the given sentence is NEUTRAL.,neutral,,,,0.0,/home/huylkq/repos/nlp/FinABSA-Valid/MODEL/finabsa-other-masked-final_3epoch,Target,ok,neutral,2022-10-01 08:49:36+00:00,2022-10-01
785428cffa8c8c8d_00,785428cffa8c8c8d,https://cafef.vn/bamboo-capital-bcg-sap-phat-hanh-co-phieu-gia-10000-dong-cp-bom-von-cho-cong-ty-bao-hiem-20221001074522138.chn,2022-10-01T07:45:00,2022-10-03T10:28:41+07:00,,"Bamboo Capital sắp phát hành gần 520 triệu cổ phiếu, trong vòng 3 năm huy động gần 10.000 tỷ từ TTCK","Bên cạnh kế hoạch phát hành 266,7 triệu cổ phiếu cho cổ đông hiện hữu với giá 10.000 đồng, Công ty cũng dự kiến phát hành 250 triệu cổ phiếu theo hình thức bán đấu giá cổ phần.","BCG: Giá hiện tại Thay đổi Xem hồ sơ doanh nghiệp TIN MỚI Bamboo Capital (BCG) vừa thông qua kế hoạch phát hành hơn 266,7 triệu cổ phiếu cho các cổ đông hiện hữu với tỷ lệ 2:1 (sở hữu 100 cổ phiếu sẽ được mua thêm 50 cổ phiếu mới). Mục đích nhằm nâng cao năng lực về vốn, tương xứng với tổng giá trị tài sản hiện tại của Công ty; song song bổ sung nguồn vốn nhằm phục vụ hoạt động SXKD. Giá chào bán là 10.000 đồng/cp, tổng số tiền thu được dự kiến là hơn 2.667 tỷ đồng. Phần lớn tiền huy động với hơn 1.315 tỷ sẽ được BCG góp vốn vào CTCP Bảo hiểm AAA. Ngoài ra, Công ty cũng dự chi 925 tỷ thanh toán hợp đồng kinh doanh với Thiết kế Xây dựng Tầm nhìn mới, hơn 282 tỷ đồng thanh toán nợ cho BCG Financial... Thời gian thực hiện dự kiến quý 4/2022. Nếu thành công, vốn điều lệ BCG dự tăng từ mức 5.335 tỷ hiện nay lên hơn 8.000 tỷ đồng. Đóng cửa phiên giao dịch 30/09/2022, giá cổ phiếu BCG là 12.300 đồng. Riêng với AAA, sau khi mua lại theo lãnh đạo thì BCG đang thực hiện tái cơ cấu và mở rộng hoạt động với một kế hoạch tham vọng là đạt tốc độ tăng trưởng doanh thu gấp 10 lần. Định hướng, AAA sẽ trở thành công ty thành viên có đóng góp lớn vào doanh thu cũng như lợi nhuận của Tập đoàn. Tuy nhiên việc này cần có thời gian 1-2 năm để thực hiện tái cơ cấu AAA, ông Phạm Minh Tuấn – Phó Chủ tịch HĐQT BCG – chia sẻ hồi cuối năm 2021. Trở lại với phương án phát hành, cổ phần do cổ đông hiện hữu mua theo quyền mua sẽ được tự do chuyển nhượng, số cổ phần được phân phối lại (không đăng ký mua lúc đầu) sẽ bị hạn chế chuyển nhượng trong vòng 1 năm kể từ ngày phát hành. Bên cạnh đợt phát hành này, Công ty cũng dự kiến phát hành 250 triệu cổ phiếu theo hình thức bán đấu giá cổ phần . Giá khởi điểm bằng tối thiểu 70% giá tham chiếu bình quân của 30 ngày giao dịch liên tiếp trên thị trường chứng khoán của cổ phiếu BCG tính đến ngày HĐQT công ty ra quyết định chào bán. Năm 2022, sau khi hoàn thành hai đợt chào bán trên và các đợt phát hành cổ phiếu trả cổ tức năm 2021, phát hành cổ phiếu thưởng theo chương trình ESOP, số lượng cổ phiếu lưu hành của công ty sẽ tăng từ 503 triệu cổ phiếu lên 1.050 triệu cổ phiếu , tương đương vốn điều lệ 10.500 tỷ đồng. Cuối năm 2019, vốn điều lệ của Bamboo Capital chỉ 1.080 tỷ đồng. Như vậy, từ năm 2019 đến nay﻿, Bamboo Capital đã liên tục phát hành cổ phiếu thông qua nhiều hình thức từ phát hành riêng lẻ, phát hành cho cổ đông hiện hữu, ESOP, trả cổ tức bằng cổ phiếu, chuyển đổi trái phiếu... và huy động gần 4.000 tỷ đồng từ TTCK.",ita,ITA,Itaco,alias,0.98,auto_high_confidence,"Bamboo CapTargetl sắp phát hành gần 520 triệu cổ phiếu, trong vòng 3 năm huy động gần 10.000 tỷ từ Other","Bamboo CapTargetl sắp phát hành gần 520 triệu cổ phiếu, trong vòng 3 năm huy động gần 10.000 tỷ từ Other",FinABSA_target_masked_headline_v1,0,"Bamboo CapTargetl sắp phát hành gần 520 triệu cổ phiếu, trong vòng 3 năm huy động gần 10.000 tỷ từ Other",The sentiment for Target in the given sentence is NEUTRAL.,neutral,,,,0.0,/home/huylkq/repos/nlp/FinABSA-Valid/MODEL/finabsa-other-masked-final_3epoch,Target,ok,neutral,2022-10-01 07:45:00+00:00,2022-10-01
2810b9f50e6ee55d_00,2810b9f50e6ee55d,https://cafef.vn/lienvietpostbank-nhan-giai-thuong-doanh-nghiep-xuat-sac-chau-a-2022-20221010163508264.chn,2022-10-10T17:30:00,,,"LienVietPostBank nhận giải thưởng ""Doanh nghiệp xuất sắc Châu Á 2022""","Với việc tăng tốc số hóa, đạt hiệu quả vượt trội trong kinh doanh bán lẻ cùng nền tảng vững vàng, Ngân hàng TMCP Bưu điện Liên Việt (LienVietPostBank) vinh dự nhận giải thưởng Asia Pacific Enterprise Award - APEA 2022 hạng mục 'Doanh nghiệp xuất sắc Châu Á'.","TIN MỚI Asia Pacific Enterprise Award (APEA) là giải thưởng lớn và uy tín được Enterprise Asia - Tổ chức phi chính phủ hàng đầu khu vực về kinh doanh tổ chức thường niên trên 14 quốc gia và thị trường trong khu vực châu Á. Giải thưởng vinh danh những doanh nghiệp và thương hiệu có thành tích nổi bật với những thành quả vượt trội trong kinh doanh, song song với việc tạo ra các giá trị tốt đẹp cho cộng đồng và xã hội. Trong lễ trao giải APEA 2022 diễn ra vào ngày 07/10/2022 tại TP Hồ Chí Minh, LienVietPostBank đã vinh dự nhận giải thưởng ""Doanh nghiệp xuất sắc Châu Á 2022"" (Corporate Excellence Award 2022). Giải thưởng này là sự ghi nhận những nỗ lực không ngừng trong suốt 1 năm qua của LienVietPostBank, đặc biệt là trong bối cảnh nền kinh tế có nhiều biến động do ảnh hưởng của dịch COVID-19. Kiên định với mục tiêu trở thành ""Ngân hàng bán lẻ hàng đầu tại Việt Nam"", trong những năm qua cơ cấu tín dụng và nguồn thu dịch vụ của Ngân hàng có sự chuyển dịch mạnh mẽ theo hướng bán lẻ. Dòng vốn tập trung chủ yếu vào lĩnh vực sản xuất kinh doanh, nông nghiệp nông thôn và các lĩnh vực ưu tiên theo chủ trương của Chính phủ. Cùng với tăng trưởng tín dụng, LienVietPostBank cũng đã triển khai chính sách hỗ trợ khách hàng vay vốn chịu ảnh hưởng của dịch Covid-19. Phát huy lợi thế riêng có về mạng lưới rộng lớn khắp Việt Nam, LienVietPostBank tiếp tục thúc đẩy chuyển đổi số nhanh và mạnh để  giảm chi phí, nâng cao năng suất lao động và mang lại nhiều trải nghiệm tiện ích cho khách hàng, đảm bảo an ninh an toàn. Sự tăng trưởng mạnh mẽ của LienVietPostBank trong thời gian qua của cả mảng tín dụng bán lẻ lẫn dịch vụ chính là trái ngọt của sự kết hợp của cả hai kênh ngân hàng truyền thống và ngân hàng số. Song song với việc kinh doanh hiệu quả, LienVietPostBank còn tích cực đóng góp cho cộng đồng và xã hội thông qua các hoạt động xã hội trực tiếp, các hoạt động tài trợ và các phong trào từ thiện, tập trung vào 5 trụ cột chính: Giáo dục - đào tạo nguồn nhân lực, Y tế, Văn hóa và Thể thao, An sinh xã hội, Hỗ trợ địa phương nghèo phát triển, đúng với phương châm ""Gắn xã hội trong kinh doanh"" mà ngân hàng hướng đến lâu dài. Ông Nguyễn Quý Chiến - Phó Tổng Giám Đốc LienVietPostBank cho biết: ""Chúng tôi rất vui mừng và tự hào khi nhận được giải thưởng này. Đây là minh chứng cho các định hướng phát triển của LienVietPostBank là đúng đắn, giúp ngân hàng không chỉ gặt hái thành công trong kinh doanh mà còn khẳng định vị thế, uy tín trên thị trường tài chính"". Năm 2022, ngoài giải thưởng Asia Pacific Enterprise Award - APEA, LienVietPostBank còn vinh dự nhận 5 giải thưởng lớn về kinh doanh thẻ quốc tế; Ngân hàng dẫn đầu về doanh số chi tiêu thẻ tín dụng 2021; Ngân hàng dẫn đầu tăng trưởng doanh số thẻ tín dụng năm 2021; Ngân hàng dẫn đầu về số lượng thẻ Platinum tích lũy 2021; Ngân hàng dẫn đầu về phát hành thẻ mới năm 2021; Ngân hàng dẫn đầu về số lượng thẻ ghi nợ tích lũy 2021.",stB,STB,Sacombank,alias,0.98,auto_high_confidence,"LienVietPoTargetank nhận giải thưởng ""Doanh nghiệp xuất sắc Châu Á 2022""","LienVietPoTargetank nhận giải thưởng ""Doanh nghiệp xuất sắc Châu Á 2022""",FinABSA_target_masked_headline_v1,0,"LienVietPoTargetank nhận giải thưởng ""Doanh nghiệp xuất sắc Châu Á 2022""",The sentiment for Target in the given sentence is NEUTRAL.,neutral,,,,0.0,/home/huylkq/repos/nlp/FinABSA-Valid/MODEL/finabsa-other-masked-final_3epoch,Target,ok,neutral,2022-10-10 17:30:00+00:00,2022-10-10
d53c9b11964be563_00,d53c9b11964be563,https://cafef.vn/co-phieu-ngan-hang-phien-10-10-vpb-hoi-phuc-manh-tu-gia-san-shb-va-lpb-suyt-roi-xuong-duoi-menh-gia-20221010162547055.chn,2022-10-10T16:25:48,,,"Cổ phiếu ngân hàng phiên 10/10: VPB hồi phục mạnh từ giá sàn, SHB và LPB suýt rơi xuống dưới mệnh giá","VPB sáng nay (10/10) giảm sàn xuống 14.300 đồng/cp nhưng sau đó hồi phục mạnh mẽ trong phiên chiều, có lúc giao dịch trong sắc “xanh lá”, và khi đóng cửa thì về giá tham chiếu. Nhiều cổ phiếu ngân hàng khác cũng đảo chiều tăng mạnh chiều nay.","TIN MỚI CTG tăng mạnh nhất (3,8%), STB thanh khoản trên 500 tỷ đồng Thị trường chứng khoán mở cửa phiên giao dịch đầu tuần (10/10) ngập trong sắc đỏ, hàng loạt mã ngân hàng giảm sàn buổi sáng như TCB, VPB, TPB, LPB,… . Tuy nhiên, cầu bắt đáy nhập cuộc đã giúp VNIndex đảo chiều từ đầu giờ chiều, nhiều cổ phiếu ngân hàng cũng quay đầu tăng khá mạnh. Kết phiên, VNIndex tăng 6,57 điểm (0,63%) lên 1.042,48 điểm. Nhóm ngân hàng có 10 cổ phiếu tăng giá, trong 7 mã về giá tham chiếu và còn lại 10 mã vẫn đóng cửa trong sắc đỏ. CTG (+3,8%) và BID (+2,7%) là 2 mã ngân hàng tăng mạnh nhất hôm nay. Theo đó, CTG lại trở lại với giá trên 20.000 đồng/cp, BID cũng trở lại 30.000 đồng/cp sau khi để tuột 2 mốc này vào cuối tuần trước. CTG hôm nay được khối ngoại gom khá mạnh với khối ngoại mua ròng đạt hơn 1,3 triệu đơn vị. Một số cổ phiếu lớn khác cũng kết phiên trong sắc xanh như ACB (0,3%), STB (1,5%), MBB (1,8%),…. Trong đó, STB có cú đảo chiều ấn tượng khi sáng nay có lúc gần nằm sàn, mất 6%. Thanh khoản của STB vẫn rất cao, đạt hơn 34 triệu đơn vị được khớp lệnh, giá trị 558 tỷ đồng. Phiên giao dịch cuối tuần trước, thanh khoản của STB cũng tăng vọt lên gần 700 tỷ đồng. VPB hồi phục mạnh từ giá sàn, SHB và LPB suýt rơi xuống dưới mệnh giá Thêm một mã ngân hàng nữa cũng gây nhạc nhiên cho nhà đầu tư là VPB khi sáng nay giảm sàn xuống 14.300 đồng/cp nhưng hồi phục mạnh mẽ trong phiên chiều, có lúc giao dịch trong sắc “xanh lá”. Cổ phiếu này kết phiên hôm nay đứng ở giá tham chiếu 15.350 đồng/cp. LPB, SHB suýt rớt xuống dưới mệnh giá phiên hôm nay. Cả 2 cổ phiếu này đều đã có thời điểm xuống dưới 10.000 đồng/cp trong buổi sáng nhưng sau đó hồi phục, thu hẹp mức giảm. Đóng cửa, LPB giảm 2,9% xuống 10.150 đồng/cp, SHB giảm 2,4% xuống 10.100 đồng/cp. TPB là cổ phiếu giảm mạnh nhất ngành khi giảm kịch biên độ (-6,9%) xuống 20.800 đồng/cp. Tiếp đến là TCB (-5,3%) xuống 25.800 đồng/cp, HDB (-3,2%) xuống 16.900 đồng/cp, VCB (-2,4%) xuống 65.100 đồng/cp. VCB cũng là cổ phiếu có ảnh hưởng tiêu cực nhất tới VNIndex phiên hôm nay. Thêm 80 triệu ổ phiếu EIB được trao tay, giá trị 3.100 tỷ đồng Ngoài STB có thanh khoản tăng mạnh, TCB cũng có khối lượng giao dịch khá cao trong phiên hôm nay khi 18 triệu cp được khớp lệnh, giá trị gần 500 tỷ đồng. Thanh khoản toàn ngành phiên 10/10 đạt 2.300 tỷ đồng, giảm 38% so với phiên 7/10 nhưng vẫn cao hơn so với mặt bằng chung các phiên đầu tháng 9. Ở phương thức thỏa thuận, EIB tiếp tục ghi nhận lượng giao dịch “khủng” với 80 triệu cp được trao tay, giá trị tới 3.100 tỷ đồng. Được biết, nhóm cổ đông Tập đoàn Thành Công đã bắt đầu bán thỏa thuận 117 triệu cp EIB từ ngày 7/10, dự kiến thực hiện đến hết tháng 10. TCB cũng có giao dịch thỏa thuận lớn trong phiên hôm nay với hơn 10,8 triệu cp được trao tay giữa các nhà đầu tư, giá trị 307 tỷ đồng. Nhà đầu tư nước ngoài mua ròng một số cổ phiếu ngân hàng như CTG (hơn 1,3 triệu cp), SHB (hơn 1,1 triệu cp), TPB (hơn 400.000 cp),…Trong khi ở chiều ngược lại, khối ngoại bán ròng STB (hơn 1,4 triệu cp) và HDB (gần 500.000 cp),… Một cổ phiếu ngân hàng 'ngược dòng' tuần qua",SHB,SHB,SHB,alias,0.98,auto_high_confidence,"Cổ phiếu ngân hàng phiên 10/10: Other hồi phục mạnh từ giá sàn, Target và Other suýt rơi xuống dưới mệnh giá","Cổ phiếu ngân hàng phiên 10/10: Other hồi phục mạnh từ giá sàn, Target và Other suýt rơi xuống dưới mệnh giá",FinABSA_target_masked_headline_v1,0,"Cổ phiếu ngân hàng phiên 10/10: Other hồi phục mạnh từ giá sàn, Target và Other suýt rơi xuống dưới mệnh giá",The sentiment for Target in the given sentence is NEUTRAL.,neutral,,,,0.0,/home/huylkq/repos/nlp/FinABSA-Valid/MODEL/finabsa-other-masked-final_3epoch,Target,ok,neutral,2022-10-10 16:25:48+00:00,2022-10-10
d53c9b11964be563_01,d53c9b11964be563,https://cafef.vn/co-phieu-ngan-hang-phien-10-10-vpb-hoi-phuc-manh-tu-gia-san-shb-va-lpb-suyt-roi-xuong-duoi-menh-gia-20221010162547055.chn,2022-10-10T16:25:48,,,"Cổ phiếu ngân hàng phiên 10/10: VPB hồi phục mạnh từ giá sàn, SHB và LPB suýt rơi xuống dưới mệnh giá","VPB sáng nay (10/10) giảm sàn xuống 14.300 đồng/cp nhưng sau đó hồi phục mạnh mẽ trong phiên chiều, có lúc giao dịch trong sắc “xanh lá”, và khi đóng cửa thì về giá tham chiếu. Nhiều cổ phiếu ngân hàng khác cũng đảo chiều tăng mạnh chiều nay.","TIN MỚI CTG tăng mạnh nhất (3,8%), STB thanh khoản trên 500 tỷ đồng Thị trường chứng khoán mở cửa phiên giao dịch đầu tuần (10/10) ngập trong sắc đỏ, hàng loạt mã ngân hàng giảm sàn buổi sáng như TCB, VPB, TPB, LPB,… . Tuy nhiên, cầu bắt đáy nhập cuộc đã giúp VNIndex đảo chiều từ đầu giờ chiều, nhiều cổ phiếu ngân hàng cũng quay đầu tăng khá mạnh. Kết phiên, VNIndex tăng 6,57 điểm (0,63%) lên 1.042,48 điểm. Nhóm ngân hàng có 10 cổ phiếu tăng giá, trong 7 mã về giá tham chiếu và còn lại 10 mã vẫn đóng cửa trong sắc đỏ. CTG (+3,8%) và BID (+2,7%) là 2 mã ngân hàng tăng mạnh nhất hôm nay. Theo đó, CTG lại trở lại với giá trên 20.000 đồng/cp, BID cũng trở lại 30.000 đồng/cp sau khi để tuột 2 mốc này vào cuối tuần trước. CTG hôm nay được khối ngoại gom khá mạnh với khối ngoại mua ròng đạt hơn 1,3 triệu đơn vị. Một số cổ phiếu lớn khác cũng kết phiên trong sắc xanh như ACB (0,3%), STB (1,5%), MBB (1,8%),…. Trong đó, STB có cú đảo chiều ấn tượng khi sáng nay có lúc gần nằm sàn, mất 6%. Thanh khoản của STB vẫn rất cao, đạt hơn 34 triệu đơn vị được khớp lệnh, giá trị 558 tỷ đồng. Phiên giao dịch cuối tuần trước, thanh khoản của STB cũng tăng vọt lên gần 700 tỷ đồng. VPB hồi phục mạnh từ giá sàn, SHB và LPB suýt rơi xuống dưới mệnh giá Thêm một mã ngân hàng nữa cũng gây nhạc nhiên cho nhà đầu tư là VPB khi sáng nay giảm sàn xuống 14.300 đồng/cp nhưng hồi phục mạnh mẽ trong phiên chiều, có lúc giao dịch trong sắc “xanh lá”. Cổ phiếu này kết phiên hôm nay đứng ở giá tham chiếu 15.350 đồng/cp. LPB, SHB suýt rớt xuống dưới mệnh giá phiên hôm nay. Cả 2 cổ phiếu này đều đã có thời điểm xuống dưới 10.000 đồng/cp trong buổi sáng nhưng sau đó hồi phục, thu hẹp mức giảm. Đóng cửa, LPB giảm 2,9% xuống 10.150 đồng/cp, SHB giảm 2,4% xuống 10.100 đồng/cp. TPB là cổ phiếu giảm mạnh nhất ngành khi giảm kịch biên độ (-6,9%) xuống 20.800 đồng/cp. Tiếp đến là TCB (-5,3%) xuống 25.800 đồng/cp, HDB (-3,2%) xuống 16.900 đồng/cp, VCB (-2,4%) xuống 65.100 đồng/cp. VCB cũng là cổ phiếu có ảnh hưởng tiêu cực nhất tới VNIndex phiên hôm nay. Thêm 80 triệu ổ phiếu EIB được trao tay, giá trị 3.100 tỷ đồng Ngoài STB có thanh khoản tăng mạnh, TCB cũng có khối lượng giao dịch khá cao trong phiên hôm nay khi 18 triệu cp được khớp lệnh, giá trị gần 500 tỷ đồng. Thanh khoản toàn ngành phiên 10/10 đạt 2.300 tỷ đồng, giảm 38% so với phiên 7/10 nhưng vẫn cao hơn so với mặt bằng chung các phiên đầu tháng 9. Ở phương thức thỏa thuận, EIB tiếp tục ghi nhận lượng giao dịch “khủng” với 80 triệu cp được trao tay, giá trị tới 3.100 tỷ đồng. Được biết, nhóm cổ đông Tập đoàn Thành Công đã bắt đầu bán thỏa thuận 117 triệu cp EIB từ ngày 7/10, dự kiến thực hiện đến hết tháng 10. TCB cũng có giao dịch thỏa thuận lớn trong phiên hôm nay với hơn 10,8 triệu cp được trao tay giữa các nhà đầu tư, giá trị 307 tỷ đồng. Nhà đầu tư nước ngoài mua ròng một số cổ phiếu ngân hàng như CTG (hơn 1,3 triệu cp), SHB (hơn 1,1 triệu cp), TPB (hơn 400.000 cp),…Trong khi ở chiều ngược lại, khối ngoại bán ròng STB (hơn 1,4 triệu cp) và HDB (gần 500.000 cp),… Một cổ phiếu ngân hàng 'ngược dòng' tuần qua",LPB,LPB,LPBank,alias,0.98,auto_high_confidence,"Cổ phiếu ngân hàng phiên 10/10: Other hồi phục mạnh từ giá sàn, Other và Target suýt rơi xuống dưới mệnh giá","Cổ phiếu ngân hàng phiên 10/10: Other hồi phục mạnh từ giá sàn, Other và Target suýt rơi xuống dưới mệnh giá",FinABSA_target_masked_headline_v1,1,"Cổ phiếu ngân hàng phiên 10/10: Other hồi phục mạnh từ giá sàn, Other và Target suýt rơi xuống dưới mệnh giá",The sentiment for Target in the given sentence is NEUTRAL.,neutral,,,,0.0,/home/huylkq/repos/nlp/FinABSA-Valid/MODEL/finabsa-other-masked-final_3epoch,Target,ok,neutral,2022-10-10 16:25:48+00:00,2022-10-10
5d2b367e0b2c984a_00,5d2b367e0b2c984a,https://cafef.vn/pv-power-pow-uoc-dat-tong-doanh-thu-gan-21-nghin-ty-dong-trong-9-thang-dau-nam-20221010150808129.chn,2022-10-10T15:08:11,,,PV Power (POW) ước đạt tổng doanh thu gần 21 nghìn tỷ đồng trong 9 tháng đầu năm,"Luỹ kế 9 tháng đầu năm, toàn công ty PV Power sản xuất được 10.145 triệu kWh điện.","POW: Giá hiện tại Thay đổi Xem hồ sơ doanh nghiệp TIN MỚI Tổng Công ty Điện lực Dầu khí Việt Nam - CTCP (PV Power, mã chứng khoán: POW) vừa công bố tình hình sản xuất kinh doanh tháng 9/2022 với tổng doanh thu 1.823 tỷ đồng, tương ứng 134% so với kế hoạch tháng đã đề ra. Sản lượng điện tháng 9 của các nhà máy điện thuộc PV Power đạt tổng cộng 1.006 triệu kWh điện, vượt 21% kế hoạch tháng 10. Trong đó, nhà máy điện Đakđrink, Vũng Áng 1, Hủa Na và Nhơn Trạch 2 đồng loạt vượt kế hoạch sản lượng trong tháng, lần lượt vượt 113%, 50%, 43% và 4%. Các nhà máy điện Cà mau 1&2, Nhơn Trạch 1 cũng xấp xỉ hoàn thành kế hoạch của tháng. Duy nhất CTCP Năng lượng tái tạo ĐLDK chỉ đạt sản lượng 19%. Theo PV Power, tháng 9/2022 là thời điểm mùa mưa tại miền Bắc và miền Nam. Tại nhà máy điện Cà Mau 1&2, lượng khí được giao trong tháng ở mức thấp do bảo dưỡng dàn PM3. Do đó, nhà máy điện Cà Mau 2 vận hành với sản lượng thấp và không hoàn thành kế hoạch sản lượng. Nhà máy điện Nhơn Trạch 1 đã chào giá bám sát sản lượng điện hợp đồng (Qc) và vận hành trong các thời điểm giá thị trường cao hơn chi phí biến đổi. Tại nhà máy điện Vũng Áng 1, hiện tổ máy số 1 đang được dừng để xử lý sự cố. Nhờ giá thị trường trong tháng rất cao, nhà máy vận hành với sản lượng trung bình 10,6 triệu kWh/ ngày và vượt kế hoạch sản lượng đề ra. Trong khi đó, nhà máy điện Nhơn Trạch 2 được giao Qc rất thấp, giá thị trường đầu tháng cao và nhà máy đã chào giá vận hành vào các thời điểm giá thị trường cao hơn chi phí biến đổi. Nhà máy điện Hủa Na thì đang trong giai đoạn tích nước hồ chứa vào mùa mưa, với giá thị trường rất cao. Nhà máy vận hành vượt mức Qc và kế hoạch sản lượng đề ra. Nhà máy điện Đakđrinh đã hoàn thành đại tu tổ máy H1 trong tháng 8, việc đại tu tổ máy H2 sẽ được thực hiện sang năm 2023. A0 giao Qc cho nhà máy tăng từ 25,6 triệu kWh lên 63,4 triệu kWh do điều kiện thủy văn tốt. Mực nước trên hồ thủy điện Đakđrinh đang cao, nhà máy chào giá để vận hành tối đa sản lượng. Luỹ kế 9 tháng đầu năm, toàn công ty sản xuất được 10.145 triệu kWh điện. Kết quả, tổng doanh thu của PV Power ước đạt hơn 20.768 tỷ đồng. Trong đó, nhà máy điện Nhơn Trạch 2 là đơn vị có đóng góp lớn nhất vào doanh thu toàn tập đoàn sau 9 tháng, đạt gần 6.671 tỷ đồng, nhà máy điện Vũng Áng 1 đóng góp hơn 5.200 tỷ đồng và nhà máy điện Cà Mau 1&2 hơn 5.203 tỷ đồng. Lên kế hoạch cho tháng 11, Công ty đặt mục tiêu sản lượng điện đạt 1.489 triệu kWh và doanh thu dự kiến ước đạt 1.360 tỷ đồng. Về tình hình đầu tư dự án Nhà máy điện Nhơn Trạch 3 - 4, PV Power cho biết nhà thầu EPC đang xử lý nền, hoàn tất thiết kế để triển khai các bước tiếp theo. Tiếp tục thực hiện công tác thu xếp vốn, đàm phán hợp đồng mua bán khí và hợp đồng mua bán điện cho dự án theo đúng tiến độ. Đồng thời, doanh nghiệp sẽ đảm bảo công tác vận hành an toàn, ổn định các nhà máy điện; phối hợp với PV Gas, TKV, các đơn vị cung cấp dầu để đảm bảo cung ứng đủ nhiên liệu (khí, than, dầu) cho các Nhà máy điện.",Pow,POW,Pow Power,alias,0.98,auto_high_confidence,PV Targeter (POW) ước đạt tổng doanh thu gần 21 nghìn tỷ đồng trong 9 tháng đầu năm,PV Targeter (POW) ước đạt tổng doanh thu gần 21 nghìn tỷ đồng trong 9 tháng đầu năm,FinABSA_target_masked_headline_v1,0,PV Targeter (POW) ước đạt tổng doanh thu gần 21 nghìn tỷ đồng trong 9 tháng đầu năm,The sentiment for Target in the given sentence is NEUTRAL.,neutral,,,,0.0,/home/huylkq/repos/nlp/FinABSA-Valid/MODEL/finabsa-other-masked-final_3epoch,Target,ok,neutral,2022-10-10 15:08:11+00:00,2022-10-10
1d614b79f7d4d3a9_00,1d614b79f7d4d3a9,https://cafef.vn/mbs-nam-2022-doanh-thu-cua-petrolimex-plx-co-the-dat-291000-ty-tang-72-chuan-bi-thoai-von-pg-bank-vao-quy-4-20221009143140504.chn,2022-10-09T14:32:06,,,"MBS: Năm 2022, doanh thu của Petrolimex (PLX) có thể đạt 291.000 tỷ - tăng 72%, chuẩn bị thoái vốn PG Bank vào quý 4","MBS dự báo doanh thu Petrolimex năm 2022 đạt mức 290.780 tỷ đồng, tăng 72% so với cùng kỳ và là mức tăng mạnh nhất cho đến năm 2026. Song lợi nhuận sau thuế sẽ chỉ bằng 69% của năm 2021.","PLX: Giá hiện tại Thay đổi Xem hồ sơ doanh nghiệp TIN MỚI 6T2022: Hiệu quả kinh doanh sụt giảm do gia tăng nhập khẩu trong thời điểm giá xăng tăng “nóng” Công ty CP Chứng khoán MB (MBS) vừa cập nhật báo cáo về hoạt động kinh doanh 6 tháng đầu năm của Tập đoàn xăng dầu Việt Nam (Petrolimex, mã: PLX). Theo đó, 6T2022, do nguồn cung xăng dầu trong nước bị gián đoạn, công ty phải gia tăng nhập khẩu với tỷ lệ 46% trong thời điểm giá xăng dầu tăng mạnh lên đỉnh nhiều năm, khiến các chi phí tăng mạnh làm hiệu quả kinh doanh sụt giảm. Cụ thể, doanh thu bán hàng đạt 152 nghìn tỷ đồng, tăng 79% so với cùng kỳ, do giá dầu tăng mạnh 64% và sản lượng bán nội địa tăng 9%. Tuy nhiên, lợi nhuận trước thuế chỉ đạt 301 tỷ đồng, bằng 11% cùng kỳ 2021. Tại thời điểm cuối kỳ, giá trị dự phòng tồn kho đạt 1,330 tỷ đồng. Riêng lĩnh vực kinh doanh xăng dầu lỗ trước thuế 595 tỷ đồng. Kết thúc 8 tháng đầu năm, sản lượng bán hàng nội địa vẫn tăng mạnh, đạt 6.76 triệu m3(trm3), tăng 17.6%, trong đó riêng bán lẻ đạt 4.13 trm3, tăng 21% so với cùng kỳ 2021. Các lĩnh vực nhiên liệu bay, Hóa dầu, khí hóa lỏng vẫn giữ kết quả tích cực. Trong đó lĩnh vực nhựa đường đạt 4,207 tỷ đồng doanh thu, lợi nhuận trước thuế đạt 111 tỷ đồng, tăng 22% và -31% so với cùng kỳ 2021. Kinh doanh khí hóa lỏng đạt doanh thu 2.067 tỷ đồng, lợi nhuận trước thuế đạt 80 tỷ đồng, lần lượt tăng 26% và giảm 28% so với cùng kỳ 2021. Lĩnh vực nhiên liệu bay tiếp tục hồi phục tốt trở lại khi các đường bay nội địa luôn đông khách và đường bay quốc tế được mở cửa trở lại. Lợi nhuận trước thuế 6 tháng đầu năm đạt 91 tỷ đồng, tăng 6% so với cùng kỳ 2021. ﻿Vốn chủ sở hữu giảm, nợ phải trả tăng 50% Đến cuối T6/2022, tổng tài sản công ty tăng lên 25% so với đầu năm, đạt 81,080 tỷ đồng. Tuy nhiên, nợ phải trả tăng 50% lên 54.858 tỷ đồng do công ty gia tăng khoản phải trả cho người bán với 91% lên 30.322 tỷ đồng. Vay nợ ngắn hạn cũng tăng 21% lên 17.225 tỷ đồng. Trong khi đó, vốn chủ sở hữu giảm nhẹ 7% xuống 26.222 tỷ đồng chủ yếu do công ty thực hiện chi trả cổ tức 12% bằng tiền mặt trong kỳ cho cổ đông. Năm 2022: Petrolimex có thể đạt doanh thu 291.000 tỷ, sẽ thoái 120 triệu cổ phiếu tại PG Bank Trong năm 2022, công ty đặt kế hoạch sản lượng xăng dầu kinh doanh là 12,18 triệu tấn, riêng công ty mẹ là 9,48 triệu tấn. MBS dự báo sản lượng bán hàng của công ty năm 2022 có thể đạt mức 13,3-13,5 triệu tấn, riêng sản lượng bán nội địa có thể đạt xấp xỉ 10 triệu tấn. Với kịch bản giá dầu Brent trung bình cả năm ở mức 95 usd/thùng, MBS dự báo doanh thu Petrolimex năm 2022 đạt mức 290.780 tỷ đồng, tăng mạnh 72%. Lợi nhuận trước và sau thuế lần lượt đạt 2.320 tỷ đồng và 2.160 tỷ đồng, bằng 61% và 69% của năm 2021. Trong trung và dài hạn, công ty tiếp tục gia tăng số lượng cửa hàng xăng dầu (chxd) sở hữu trong chiến lược phát triển, mỗi năm sẽ tăng từ 100-150 chxd mới. Tính đến cuối 2020, số lượng chxd sở hữu đạt 2.700 trên tổng 5.500 chxd của hệ thống Petrolimex, chiếm 48%. Ngoài ra trong năm nay, MBS cho biết PLX tiếp tục thực hiện tiến trình thoái vốn tại một số khoản đầu tư ngoài ngành. Trong tháng 8.2022, Ngân hàng nhà nước đã chấp thuận cho Công ty được chuyển nhượng 120 triệu cổ phiếu đang nắm giữ tại PGBank, dự kiến thực hiện trong quý 3-4.2022 Năm 2023: Dự báo doanh thu giảm nhẹ nhưng lãi tăng vọt Từ năm 2023, với giả thiết thị trường xăng dầu hoạt động ổn định trở lại, nguồn cung trong nước ổn định từ 2 nhà máy Bình Sơn và Nghi Sơn đáp ứng 70% nhu cầu trong nước, hoạt động của PLX được MBS nhận định sẽ khởi sắc trở lại và hiệu quả tăng lên, cùng với các hoạt động thoái vốn được thực hiện cũng mang lại hiệu quả kinh doanh tốt hơn. MBS dự báo doanh thu năm 2023 của PLX có thể đạt 230 nghìn tỷ đồng, lợi nhuận trước thuế đạt 5,55 nghìn tỷ đồng, bằng 79% và 239% so với 2022. Tập đoàn Thái Lan đầu tư KCN 3.500 tỷ tại Quảng Ninh, nâng tổng quy mô các dự án tại Việt Nam lên 2.500 ha",MBS,MBS,MBS Securities,alias,0.98,auto_high_confidence,"Target: Năm 2022, doanh thu của Petrolimex (Other) có thể đạt 291.000 tỷ - tăng 72%, chuẩn bị thoái vốn Other Bank vào quý 4","Target: Năm 2022, doanh thu của Petrolimex (Other) có thể đạt 291.000 tỷ - tăng 72%, chuẩn bị thoái vốn Other Bank vào quý 4",FinABSA_target_masked_headline_v1,0,"Target: Năm 2022, doanh thu của Petrolimex (Other) có thể đạt 291.000 tỷ - tăng 72%, chuẩn bị thoái vốn Other Bank vào quý 4",The sentiment for Target in the given sentence is NEUTRAL.,neutral,,,,0.0,/home/huylkq/repos/nlp/FinABSA-Valid/MODEL/finabsa-other-masked-final_3epoch,Target,ok,neutral,2022-10-09 14:32:06+00:00,2022-10-09
b2868097b7e87c3d_00,b2868097b7e87c3d,https://cafef.vn/hose-niem-yet-bo-sung-200000-chung-chi-quy-etf-dcvfm-vnmidcap-fuedcmid-ke-tu-10-10-20221009133709684.chn,2022-10-09T13:37:36,,,HoSE niêm yết bổ sung 200.000 chứng chỉ quỹ ETF DCVFM VNMIDCAP (FUEDCMID) kể từ 10/10,FUEDCMID quỹ ETF đầu tiên có mục tiêu đầu tư mô phỏng gần nhất biến động (performance) chỉ số VNMIDCAP,"FUEDCMID: Giá hiện tại Thay đổi Xem hồ sơ doanh nghiệp TIN MỚI Sở Giao dịch Chứng khoán TP.HCM (HoSE) vừa thông báo về việc thay đổi niêm yết đối với chứng chỉ quỹ ETF DCVFM VNMIDCAP (mã FUEDCMID) do CTCP Quản lý Quỹ Đầu tư Dragon Capital Việt Nam (DCVFM) phát hành. Cụ thể, luợng chứng khoán sau khi thay đổi niêm yết là 6,6 triệu chứng chỉ quỹ, tăng 200.000 đơn vị. Đây là lượng chứng chỉ quỹ phát hành thêm do thực hiện giao dịch hoán đổi. Ngày thay đổi niêm yết có hiệu lực và chính thức giao dịch là 10/10/2022. Tổng giá trị chứng khoán niêm yết của FUEDCMID sau khi thay đổi đạt 66 tỷ đồng. FUEDCMID vừa chính thức giao dịch trên HoSE trong ngày 29/9 vừa qua với 6 triệu chứng chỉ quỹ. Như vậy chỉ sau chưa tới nửa tháng, lượng chứng chỉ quỹ niêm yết đã tăng thêm 600 nghìn đơn vị. Được biết, đây là quỹ ETF đầu tiên có mục tiêu đầu tư mô phỏng gần nhất biến động (performance) chỉ số VNMIDCAP đồng thời là quỹ ETF thứ 3 của Dragon Capital lên sàn chứng khoán sau Diamond ETF và VN30 ETF. Theo điều lệ của DCVFM VNMIDCAP ETF, quỹ sẽ không đầu tư quá 10% số cổ phần đang lưu hành của một tổ chức niêm yết. Ngoài ra, quỹ cũng không đầu tư quá 20% tài sản vào một chứng khoán niêm yết, ngoại trừ công cụ nợ của Chính phủ. Tại thời điểm 9/10, giá trị tài sản ròng (NAV) của quỹ đạt hơn 55 tỷ đồng, tương ứng 8.339 đồng/CCQ, tương ứng giảm 3,95% so với kỳ trước. Nguồn: Dragon Capital Sau quãng thời gian rút ròng khỏi thị trường Việt Nam, hiện dòng vốn ngoại đang có dấu hiệu quay trở lại thị trường Việt Nam qua các quỹ ETF. Theo thống kê từ đầu tháng 10, các quỹ ETF đã hút ròng khoảng 1.800 tỷ đồng trong đó Fubon FTSE Vietnam ETF tiếp tục là điểm sáng với dòng tiền vào hơn 900 tỷ đồng. DCVFM VNDiamond ETF cũng có sự trở lại khá ấn tượng khi đã hút ròng trở lại khoảng 335 tỷ đồng từ đầu tháng 10, qua đó nâng giá trị dòng tiền vào từ đầu năm lên 4.100 tỷ đồng. Tương tự, người anh em” DCVFM VN30 ETF đã gây bất ngờ khi hút ròng hơn 400 tỷ đồng từ đầu tháng 10, con số lớn nhất kể từ đầu năm. Tuy nhiên, ấn tượng nhất phải kể đến V.N.M ETF khi hút vốn 247 tỷ đồng kể từ đầu tháng 10 và đang tràn trề cơ hội có tháng đầu tiên không bị rút ròng. Dấu hiệu trở lại của dòng vốn ngoại bất chấp xu hướng rút vốn đang diễn ra trên toàn cầu do động thái tăng tốc hút tiền của Fed. Điều này mang đến những tín hiệu tích cực bởi biến động của thị trường trong quá khứ thường có sự đồng pha nhất định với xu hướng của dòng vốn ETF.",VNM,VNM,Vinamilk,alias,0.98,auto_high_confidence,HoSE niêm yết bổ sung 200.000 chứng chỉ quỹ ETF Other TargetIDCAP (FUEDCMID) kể từ 10/10,HoSE niêm yết bổ sung 200.000 chứng chỉ quỹ ETF Other TargetIDCAP (FUEDCMID) kể từ 10/10,FinABSA_target_masked_headline_v1,0,HoSE niêm yết bổ sung 200.000 chứng chỉ quỹ ETF Other TargetIDCAP (FUEDCMID) kể từ 10/10,The sentiment for Target in the given sentence is NEUTRAL.,neutral,,,,0.0,/home/huylkq/repos/nlp/FinABSA-Valid/MODEL/finabsa-other-masked-final_3epoch,Target,ok,neutral,2022-10-09 13:37:36+00:00,2022-10-09
cd8bf9ca9ee2e744_00,cd8bf9ca9ee2e744,https://cafef.vn/kinh-te-truong-vinacapital-chi-ra-yeu-to-giup-viet-nam-tro-thanh-vung-an-toan-kinh-te-trong-cac-thi-truong-moi-noi-20221009080853705.chn,2022-10-09T08:09:19,,,Kinh tế trưởng VinaCapital chỉ ra yếu tố giúp Việt Nam trở thành 'vùng an toàn kinh tế' trong các thị trường mới nổi,"Trong báo cáo nhận định về tình hình kinh tế Việt Nam mới đây, Kinh tế trưởng VinaCapital, ông Michael Kokalari kỳ vọng Việt Nam sẽ phần nào “thoát khỏi” những điều kiện khó khăn của kinh tế toàn cầu mà thế giới có thể phải trải qua trong 1-2 năm tới.","TIN MỚI Theo số liệu của Tổng cục Thống kê, GDP Việt Nam trong quý 3/2022 tăng trưởng 13,7% so với cùng kỳ năm 2021. Trong báo cáo nhận định về tình hình kinh tế Việt Nam mới đây, Kinh tế trưởng VinaCapital, ông Michael Kokalari cho biết, mức tăng trưởng này được ghi nhận cao hơn nhiều so với dự kiến. Bên cạnh đó, việc Ngân hàng Nhà nước (NHNN) Việt Nam quyết định điều chỉnh chính sách lãi suất tăng thêm 100 điểm cơ bản lên 5% vào ngày 23/9 cũng là một điều bất ngờ. GDP Việt Nam trong 9 tháng năm 2022 tăng 8,8% so với cùng kỳ nhờ tiêu dùng nội địa. Cụ thể, tiêu dùng chiếm 2/3 GDP của Việt Nam và doanh số bán lẻ thực tế (đã loại trừ tác động của lạm phát) tăng 16,8% so với cùng kỳ. Báo cáo cho hay, kết quả tăng trưởng ấn tượng trong quý 3/2022 là do mức nền tăng trưởng thấp của quý 3/2021, thời điểm kinh tế Việt Nam chịu tác động tiêu cực của đại dịch Covid-19, trong đó doanh thu bán lẻ của Việt Nam đã giảm hơn 30% so với cùng kỳ năm trước. Song, theo ông Michael Kokalari, tiêu dùng nội địa ở Việt Nam cũng tăng trưởng liên tục kể từ đầu năm 2022, tăng gần 3% so với tháng trước trong tháng 9. Trên cơ sở đó, VinaCapital đã nâng dự báo tăng trưởng GDP năm 2022 của Việt Nam từ 7,5% lên 8%. Về yếu tố sản xuất, trước đây, VinaCapital từng cho rằng sản xuất của Việt Nam có thể tăng trưởng khá yếu trong năm 2022 do nhu cầu của thế giới đối với các sản phẩm “Made in Vietnam” suy yếu. Tuy nhiên, trái ngược với dự đoán, sản lượng sản xuất của Việt Nam đã tăng 10,7% so với cùng kỳ trong 9 tháng. Ông Michael Kokalari cho biết, tăng trưởng sản lượng sản xuất của Việt Nam được hỗ trợ bởi sự dịch chuyển của các nhà máy từ Trung Quốc sang Việt Nam và được chứng minh bằng giải ngân vốn FDI tăng 16% so với cùng kỳ. Ngoài ra, hoạt động xây dựng đã tăng trưởng từ mức 3,7% so với cùng kỳ trong nửa đầu năm lên mức 8,6% trong 9 tháng. Sang năm 2023, chuyên gia VinaCapital cho rằng nhu cầu nội địa của Việt Nam có thể sẽ chậm lại khi đất nước mở cửa hoàn toàn; đồng thời, nhu cầu đối với các sản phẩm “Made in Vietnam” có thể sẽ giảm do nền kinh tế toàn cầu tăng trưởng chậm lại. Tuy nhiên, chuyên gia VinaCapital kỳ vọng sự gia tăng chi tiêu công và lượng khách du lịch nước ngoài trở lại sẽ bù đắp phần nào điểm yếu đó. ""Vì vậy chúng tôi kỳ vọng tăng trưởng GDP của Việt Nam sẽ từ 8% năm 2022 xuống còn 6% vào năm 2023"", ông Michael Kokalari dự đoán. Về lạm phát, Kinh tế trưởng VinaCapital cho hay, lạm phát ở Việt Nam vẫn dưới 4%, và giá trị đồng tiền của Việt Nam đã mất giá dưới 5% so với đầu năm, mặc dù giá trị đồng USD tăng gần 20% so với đầu năm và giá trị đồng tiền của Trung Quốc giảm giá khoảng 10%. Theo ông Michael Kokalari, việc Ngân hàng Nhà nước Việt Nam (NHNN) tăng lãi suất nhằm để bảo vệ giá trị của Đồng Việt Nam. Ông cho biết, Việt Nam hiện là một trong những quốc gia duy nhất trên thế giới có chính sách lãi suất cao hơn tỷ lệ lạm phát, việc này sẽ khiến Việt Nam sẽ có xu hướng tiết kiệm tiền bằng đồng Việt Nam hơn là bán ra để mua USD. ""Chúng tôi tin rằng tăng trưởng kinh tế mạnh mẽ của Việt Nam, chủ yếu được thúc đẩy bởi nhu cầu trong nước, cùng với các chính sách kinh tế thận trọng của Chính phủ sẽ giúp Việt Nam phần nào trở thành 'vùng an toàn kinh tế' trong các thị trường mới nổi"", ông Michael Kokalari nhấn mạnh. Theo đó, đợt tăng lãi suất gần đây của Chính phủ là động thái mới nhất trong một loạt các động thái chính sách nhằm duy trì tỷ giá USD-VND ổn định, đồng thời góp phần bảo vệ quyền lợi của các nhà đầu tư nước ngoài. ""Theo quan điểm của chúng tôi, bối cảnh của thị trường hiện nay là một cơ hội hấp dẫn để các nhà đầu tư mua cổ phiếu các doanh nghiệp Việt Nam dựa trên định giá rẻ, P/E dự phóng ở mức 11x, đặc biệt khi so với mức EPS dự kiến tăng trưởng 15% vào năm 2022, hoặc khi so sánh với mức bình quân P/E dự phóng ở mức 15x của các công ty cùng ngành trong khu vực như Indonesia, Malaysia, Thái Lan, Philippines"", vị Kinh tế trưởng VinaCapital nhận định. Giá cả ở 5 địa phương đắt đỏ nhất cả nước tăng giảm ra sao trong 9 tháng đầu năm?",ita,ITA,Itaco,alias,0.98,auto_high_confidence,Kinh tế trưởng VinaCapTargetl chỉ ra yếu tố giúp Việt Nam trở thành 'vùng an toàn kinh tế' trong các thị trường mới nổi,Kinh tế trưởng VinaCapTargetl chỉ ra yếu tố giúp Việt Nam trở thành 'vùng an toàn kinh tế' trong các thị trường mới nổi,FinABSA_target_masked_headline_v1,0,Kinh tế trưởng VinaCapTargetl chỉ ra yếu tố giúp Việt Nam trở thành 'vùng an toàn kinh tế' trong các thị trường mới nổi,The sentiment for Target in the given sentence is NEUTRAL.,neutral,,,,0.0,/home/huylkq/repos/nlp/FinABSA-Valid/MODEL/finabsa-other-masked-final_3epoch,Target,ok,neutral,2022-10-09 08:09:19+00:00,2022-10-09
a431e11a134aa5f2_00,a431e11a134aa5f2,https://cafef.vn/chung-khoan-vndirect-bi-xu-phat-do-cho-vay-margin-co-phieu-thaiholdings-thd-20221008225459612.chn,2022-10-09T06:02:00,,,Chứng khoán VNDIRECT bị xử phạt do cho vay margin cổ phiếu Thaiholdings (THD),"Tại thời điểm VNDIRECT vi phạm, cổ phiếu THD chỉ giao dịch sát dưới vùng giá 20.000 đồng/cp nhưng sau đó 5 tháng, thị giá đã tăng phi mã lên hơn 200.000 đồng/cp.","THD&VND: Giá hiện tại Thay đổi Xem hồ sơ doanh nghiệp TIN MỚI Mới đây, CTCP Chứng khoán VNDIRECT (Mã chứng khoán: VND ) công bố thông tin nhận được quyết định của Uỷ ban Chứng khoán Nhà nước về việc xử phạt vi pham hành chính. Cụ thể, UBCKNN xử phạt VNDIRECT số tiền 60 triệu đồng do đã vi phạm quy định về chứng khoán được phép giao dịch ký quỹ. Ngày 2/10/2020, VNDIRECT đã đã dùng 1.078.500 cổ phiếu Thaiholdings (THD) trên mỗi tài khoản giao dịch số 021C297143 đứng tên Đinh Thị Thanh Loan, 021C297144 đứng tên Nguyễn Thị Nga, 021C297138 đứng tên Nguyễn Thị Hương, 021C297139 đứng tên Hà Thanh Hương làm tài sản đảm bảo, giải ngân cho vay đối với 4 tài khoản trên (6.035.603.500 đồng đối với mỗi tài khoản). Trong khi tại thời điểm này, cổ phiếu THD không thuộc danh sách chứng khoán được phép giao dịch ký quỹ (đến ngày 2/10/2020 cổ phiếu THD có thời gian niêm yết chưa đủ 6 tháng tính từ ngày giao dịch đầu tiên 19/6/2020). Tại thời điểm VNDIRECT vi phạm quy định khi cho phép giao dịch ký quỹ cổ phiếu THD, thị giá THD giao dịch sát dưới vùng giá 20.000 đồng/cp. Đáng chú ý, sau đó 2 tháng, thị giá đã bứt tốc tăng phi mã lên hơn 200.000 đồng/cp chỉ trong khoảng hơn 3 tháng (tháng 3/2021). Cổ phiếu THD tiếp tục tăng mạnh sau đó, lên đỉnh lịch sử 277.000 đồng/cp (phiên 31/12/2021) rồi rơi vào đà điều chỉnh sâu. Chốt phiên 7/10, thị giá THD rơi về mức 39.000 đồng/cp, tương ứng mất 86% sau khoảng hơn 9 tháng giao dịch. Liên quan đến vi phạm trong hoạt động cho vay ký quỹ (margin), UBCKNN trong tháng 9 vừa qua đã ra các quyết định xử phạt đối với Chứng khoán VPS và Chứng khoán Tiên Phong với cùng số tiền là 125 triệu đồng với cùng lý do vi phạm quy định khi cho khách hàng thực hiện giao dịch ký quỹ vượt quá sức mua hiện có trên tài khoản giao dịch ký quỹ của khách hàng. Tương tự, Chứng khoán KB Việt Nam (KBSV) cũng bị xử phạt 125 triệu đồng do đã thực hiện cho vay giao dịch ký quỹ đối với cổ phiếu FIR không nằm trong danh sách chứng khoán được phép giao dịch ký quỹ của HoSE.",VND,VND,VNDIRECT,alias,0.98,auto_high_confidence,Chứng khoán TargetIRECT bị xử phạt do cho vay margin cổ phiếu Thaiholdings (Other),Chứng khoán TargetIRECT bị xử phạt do cho vay margin cổ phiếu Thaiholdings (Other),FinABSA_target_masked_headline_v1,0,Chứng khoán TargetIRECT bị xử phạt do cho vay margin cổ phiếu Thaiholdings (Other),The sentiment for Target in the given sentence is NEUTRAL.,neutral,,,,0.0,/home/huylkq/repos/nlp/FinABSA-Valid/MODEL/finabsa-other-masked-final_3epoch,Target,ok,neutral,2022-10-09 06:02:00+00:00,2022-10-09
45ee2cd1a41cfbba_00,45ee2cd1a41cfbba,https://cafef.vn/green-daily-doanh-nghiep-lam-nong-va-hanh-trinh-theo-duoi-su-nguyen-ban-20221008084454977.chn,2022-10-08T10:00:00,,,"Green Daily: Doanh nghiệp ""làm nông"" và hành trình theo đuổi sự nguyên bản","Doanh nghiệp ""làm nông"" là cụm từ gọi vui cho các doanh nghiệp kinh doanh trong lĩnh vực nuôi trồng, sản xuất, chế biến thực phẩm liên quan đến nông - lâm sản. Có vô vàn những câu chuyện xoay quanh các doanh nghiệp ""làm nông"" trong hành trình truyền cảm hứng, trong đó, không thể không kể đến câu chuyện của Green Daily.","TIN MỚI Vượt khó đi lên từ thách thức Tham gia vào chuỗi cung ứng ngành sản xuất nông nghiệp là điều mà không phải doanh nghiệp nào cũng sẵn sàng để bắt đầu, đặc biệt là khi, quá trình sinh trưởng và phát triển của cây trồng phụ thuộc rất nhiều vào yếu tố thời tiết, dịch bệnh, và các tiêu chuẩn về bảo vệ thực vật ngày càng trở lên khắt khe hơn. Không chỉ có vậy, nông nghiệp công nghệ cao đòi hỏi quy mô,chi phí đầu tư lớn, và đồng bộ từ khâu nuôi trồng đến sản xuất vì vậy, đầu ra luôn cần được đảm bảo để tối ưu chi phí. Với những doanh nghiệp mới tham gia vào thị trường như Green Daily, khó khăn không chỉ dừng lại ở việc đảm bảo chất lượng nông sản từ vùng nguyên liệu và sản lượng đáp ứng nhu cầu sản xuất, mà việc tìm ra và khai thác giá trị của các loại nông sản mới so với các loại đã có sẵn trên thị trường để tạo điểm khác biệt cho sản phẩm và tối ưu công dụng là một thách thức vô cùng lớn. Dẫu vậy, Green Daily vẫn luôn tin rằng, sự trù phú của nông sản Việt Nam là không giới hạn và giữ vững tinh thần nâng cao giá trị nông sản mạnh mẽ để tạo ra các sản phẩm chất lượng hơn phục vụ cho người dân trong nước. Vượt khó đi lên từ thách thức, các kỹ sư nông nghiệp và đội ngũ nhà sáng lập của Green Daily đã dành rất nhiều thời gian, tâm huyết để đi khắp mọi miền Tổ quốc, từ miền Trung Tây Nguyên nắng gió cho đến đồng bằng, hải đảo để tìm hiểu về các loại nông sản mang giá trị dinh dưỡng cao, lắng nghe và tiếp thu ý kiến của bà con nông dân, nghiên cứu nông sản từ những kinh nghiệm dân gian, kiểm chứng bằng các đề tài khoa học kết hợp công nghệ hiện đại với mong muốn tạo ra được các sản phẩm cao cấp tốt cho sức khỏe từ chính nông sản Việt Nam. Nâng tầm nông sản Việt từ … ""trái bứa"" Trái bứa (hay còn gọi là măng cụt rừng) là loại quả thường xuất hiện trong những cánh rừng bạt ngàn của Quảng Ngãi, Trường Sơn, Tây Nguyên và một số đảo ở huyện đảo Vân Đồn, Quảng Ninh. Hiện nay, trái bứa vẫn chưa được trồng dưới dạng cây nông nghiệp và canh tác trên diện rộng. Đa phần, sản lượng bứa thu về đều nhờ người dân đi rừng, đánh dấu cây và thu hoạch bứa theo mùa. Từ xưa tới nay, bà con vùng cao thường dùng bứa để nấu các canh chua, kho cá và đặc biệt sử dụng bứa như một ""bí quyết"" để giảm cân và giữ gìn vóc dáng thon gọn, đẹp dáng, đẹp da cho phụ nữ. Khi nghiên cứu về quả bứa, các chuyên gia dinh dưỡng và kỹ sư nông nghiệp của Green Daily đã tìm ra rằng, trong vỏ quả bứa có chưa rất nhiều Acid Hygroxycitric (HCA) làm giảm quá trình chuyển hóa đường thành chất béo và làm tăng mức Serotonin trong não, giảm cảm giác thèm ăn. Đồng thời, trong thịt của quả bứa chứa rất nhiều vitamin C và Enzyme Citrate Lyase giúp hạn chế quá trình tổng hợp chất béo xấu. Điều này được đề cập trong một báo cáo khoa học năm 2020, giáo sư Giáo sư Carol DerSarkissian, Đại học New York. Chính vì vậy, Green Daily đã nghiên cứu kết hợp giữa bứa và cần tây (vốn đã rất nổi tiếng về detox và giảm cân) cùng các loại thảo dược khác như cafe xanh, trà xanh, sâm tố nữ để tạo ra sản phẩm Bột Bứa - Cần Tây Green Daily, khắc phục các nhược điểm của cần tây tươi và bột cần tây thông thường, đồng thời X2 hiệu quả siết cân - detox cơ thể, tăng cường sức khoẻ và nội tiết tố nữa mà không gây áp lực, căng thẳng, mệt mỏi. Trong mỗi gói Bột Bứa Cần Tây Green Daily có chứa 20+ vitamin, khoáng chất với chỉ số đường huyết thấp và đặc biệt rất giàu chất xơ hòa tan giúp cả gia đình luôn tăng cường sức khỏe và tươi mới hơn mỗi ngày. Trẻ nhỏ (từ 12 tuổi trở lên) sẽ được bổ sung các dưỡng chất xanh, hỗ trợ hệ tiêu hóa và nạp x2 năng lượng tích cực cho cả ngày dài. EGCG có trong trà xanh kết hợp với 25 hợp chất chống oxy hóa trong cần tây và sâm tố nữ giúp da của mẹ luôn sáng khỏe, làm chậm quá trình lão hóa, cải thiện nội tiết tố nữ. Ngoài ra, Enzyme Citrate Lyase có trong trái bứa giúp ông bà hạn chế hấp thu chất béo và ngăn cản quá trình chuyển hóa đường thành chất béo, rất tốt cho bệnh tim mạch và tiểu đường. ""Khi chúng tôi giới thiệu sản phẩm Bột Bứa - Cần tây đến người tiêu dùng thì mọi người còn tưởng ""trái bứa"" là ""trái dứa"" vì ""bứa"" vừa lạ mà vừa hiếm, chưa được trồng trên diện rộng. Nhưng sau khi dùng thử sản phẩm và hiểu được thành phần của sản phẩm, mọi người đều rất hào hứng đón nhận."" Gói trọn sự tươi mới trong từng gram thành phẩm Công dụng, thành phần, công thức thì có rồi, khó khăn nhất của nhà sản xuất lúc này là làm sao có thể đảm bảo đủ sản lượng bứa thu gom từ tự nhiên để phục vụ cho sản xuất vì cây bứa chưa thể trồng theo diện rộng theo mô hình công tác nông nghiệp được. Đổi lại, điều này giúp trái bứa rừng trong Bột Bứa - Cần tây Green Daily luôn giữ được sự tự nhiên, nguyên bản. Cái khó ló cái khôn, các bác nông dân của Green Daily đã đưa ra rất nhiều sáng kiến cải tiến từ cách đánh dấu cây rừng, cách thu hoạch bứa nhanh nhất và độ chín của quả tại thời điểm thu hoạch phù hợp để đảm bảo khi về đến nhà máy, quả bứa vẫn giữ được sự tươi mới. Cùng lúc đó, trên cao nguyên Lâm Viên rộng lớn, nông trại trồng cần tây của Green Daily cũng được chăm tưới mỗi ngày. Những nhánh cần tây được tuyển chọn để đưa về nhà máy. Dù là sản phẩm dạng gói uống liền, nhưng đội ngũ chuyên gia dinh dưỡng tại Green Daily luôn chú trọng đến sự tươi mới của nguyên liệu và nỗ lực để giữ gìn sự tươi mới này mang đến tận tay người tiêu dùng. Bứa tự nhiên, Cần tây tươi sạch đều được trồng và thu hoạch trực tiếp tại các trang trại xanh đạt chuẩn 100% Organic cùng chiết xuất trà xanh, cà phê xanh và sâm tố nữ. Green Daily sử dụng 100% công nghệ chế biến hiện đại từ Nhật Bản giúp giữ nguyên các vitamin và khoáng chất sẵn có trong mỗi gram thành phẩm. Đội ngũ kỹ sư Green Daily ứng dụng khoa học công nghệ sấy lạnh Nhật Bản, sử dụng không khí khô kết hợp với độ ẩm từ 10% đến 30% và thay đổi nhiệt độ đột ngột ở mức dưới -30 độ C giúp nguyên liệu giữ lại màu sắc nguyên bản, tươi xanh cùng 100% chất dinh dưỡng, không bị hòa tan hay biến đổi chất. Tiếp theo đó, tất cả nguyên liệu được cho vào cối nghiền bằng đá Granit tự nhiên, chống bám dính, nghiền chậm 30 vòng/ phút. Thành phẩm bột mịn, không bị cấn và đặc biệt giữ trọn dưỡng chất có trong nguyên liệu. Không chỉ nguyên liệu luôn tươi mới hàng ngày, từng loại máy móc cũng được Green Daily lựa chọn và vệ sinh sạch sẽ trước khi đưa vào sử dụng với mong muốn ""mang đến 1 trải nghiệm trọn vẹn nhất đến tay khách hàng"". Bởi An toàn và cẩn thận trong từng gram thành phẩm chính là tôn trọng khách hàng của chính mình. Sau tất cả những cố gắng ấy, 24/9/2022, Green Daily tự hào trở thành 1 trong 10 doanh nghiệp uy tín, sở hữu sản phẩm chất lượng: Bột Bứa - Cần tây Green Daily do Viện nghiên cứu Kinh tế châu Á chứng nhận. Bột Bứa - Cần tây Green Daily chính là sự nỗ lực của đội ngũ Green Daily với mong muốn nhân rộng công thức tăng cường sức khỏe, giảm cân lành mạnh, mang nông - lâm sản Việt đến gần hơn với người Việt Nam. Để được đón nhận là 1 sản phẩm cao cấp thì đó vẫn là 1 hành trình dài và nhiều gian nan, nhưng hành trình ấy vẫn sẽ luôn đầy màu sắc và sự kì diệu - đó chính là ""hành trình theo đuổi sự nguyên bản và tươi mới"" - giữ lại những gì thuần túy nhất để nâng tầm nông sản Việt. Sản phẩm được sản xuất và phân phối bởi công ty TNHH TM DV Green Growth Địa chỉ: 458/4A đường Ba Tháng Hai, Phường 11, Quận 10, TP Hồ Chí Minh, Việt Nam.",ree,REE,REE Corporation,alias,0.98,auto_high_confidence,"GTargetn Daily: Doanh nghiệp ""làm nông"" và hành trình theo đuổi sự nguyên bản","GTargetn Daily: Doanh nghiệp ""làm nông"" và hành trình theo đuổi sự nguyên bản",FinABSA_target_masked_headline_v1,0,"GTargetn Daily: Doanh nghiệp ""làm nông"" và hành trình theo đuổi sự nguyên bản",The sentiment for Target in the given sentence is NEUTRAL.,neutral,,,,0.0,/home/huylkq/repos/nlp/FinABSA-Valid/MODEL/finabsa-other-masked-final_3epoch,Target,ok,neutral,2022-10-08 10:00:00+00:00,2022-10-08
90ad76aec6160a67_00,90ad76aec6160a67,https://cafef.vn/ssi-research-tang-truong-loi-nhuan-co-the-dat-dinh-trong-quy-3-ap-luc-len-thi-truong-se-tang-dan-20221008094006745.chn,2022-10-08T09:40:30,,,"SSI Research: Tăng trưởng lợi nhuận có thể đạt đỉnh trong quý 3, áp lực lên thị trường sẽ tăng dần",SSI Research dự báo vận động của VN-Index trong tháng 10 sẽ được quyết định bởi vùng quan sát quan trọng 1.100 điểm.,"TIN MỚI Tháng 9, thị trường chứng khoán Việt Nam ghi nhận tháng giảm điểm mạnh nhất kể từ tháng 4 năm 2020 đến nay. Lực bán chủ yếu diễn ra trong giai đoạn cuối tháng trước áp lực tăng lãi suất của FED và lo ngại kinh tế thế giới suy thoái. Trong báo cáo chiến lược mới công bố, SSI Research cho rằng việc nhóm các ngân hàng đồng loạt tăng lãi suất huy động theo sau động thái nâng lãi suất điều hành của NHNN và tỷ giá USD/VND tăng mạnh là hai yếu tố chính gây khó cho thị trường trong tháng vừa qua. Số liệu vĩ mô 9 tháng đầu năm 2022 khởi sắc có thể tạo dư địa tốt cho tâm lý thị trường trong tháng 10. Tuy nhiên, SSI Research cho rằng khả năng mối quan tâm của nhà đầu tư sẽ dần dịch chuyển sang yếu tố tăng trưởng kết quả kinh doanh quý 3. Đặc biệt, số liệu cũng sẽ cho thấy tăng trưởng có thể đạt đỉnh trong quý 3 này và áp lực sẽ tăng dần trong thời gian tới. Do đó, SSI Research duy trì góc nhìn thận trọng đối với diễn biến dòng tiền vào thị trường chứng khoán cũng như xu hướng vận động chung của thị trường, ít nhất cho tới cuộc họp của FED vào tháng 11. Bên cạnh rủi ro đến từ bên ngoài, nhân tố nội tại có tác động không tích cực đến tâm lý thị trường ngày càng xuất hiện rõ ràng hơn, như tăng trường chậm lại hay NHNN có thể tiếp tục tăng lãi suất điều hành nhằm ổn định môi trường tỷ giá. Trong khi đó, yếu tố tích cực đến từ việc định giá thị trường hiện đang ở mức thấp có thể giúp dòng tiền chủ động giải ngân. Định giá P/E hiện tại của VN-Index đang ở mức 11,7 lần vào đầu tháng 10, dần tiệm cận mức đáy 10,35 lần vào tháng 3/2020, trong khi P/E ước tính năm 2022 ở mức 10,2 lần. Với yếu tố tích cực này, kỳ vọng hoạt động giải ngân ở mức thăm dò có thể diễn ra. Từ góc nhìn kỹ thuật, SSI Research dự báo vận động của VN-Index trong tháng 10 sẽ được quyết định bởi vùng quan sát quan trọng 1.100 điểm. Nếu duy trì ổn định được trên vùng này, nhiều khả năng chỉ số sẽ hình thành một nhịp hồi phục với vùng mục tiêu 1.142 – 1.150 điểm (vùng đáy ngắn hạn tháng 7). Ngược lại, khi mốc 1.100 điểm bị xuyên thủng, VN-Index có thể sẽ tìm điểm cân bằng và hồi phục trở lại từ nền hỗ trợ cứng 1.025 – 1.000 điểm.",SSI,SSI,SSI Securities,alias,0.98,auto_high_confidence,"Target Research: Tăng trưởng lợi nhuận có thể đạt đỉnh trong quý 3, áp lực lên thị trường sẽ tăng dần","Target Research: Tăng trưởng lợi nhuận có thể đạt đỉnh trong quý 3, áp lực lên thị trường sẽ tăng dần",FinABSA_target_masked_headline_v1,0,"Target Research: Tăng trưởng lợi nhuận có thể đạt đỉnh trong quý 3, áp lực lên thị trường sẽ tăng dần",The sentiment for Target in the given sentence is NEUTRAL.,neutral,,,,0.0,/home/huylkq/repos/nlp/FinABSA-Valid/MODEL/finabsa-other-masked-final_3epoch,Target,ok,neutral,2022-10-08 09:40:30+00:00,2022-10-08
2f056b2b482254d9_00,2f056b2b482254d9,https://cafef.vn/louis-holdings-bi-xu-phat-do-giao-dich-chui-co-phieu-tgg-20221007232741466.chn,2022-10-08T05:00:00,,,"Louis Holdings bị xử phạt do giao dịch ""chui"" cổ phiếu TGG",Chứng khoán APG đã bán giải chấp 335.000 cổ phiếu TGG thuộc sở hữu của Louis Holdings nhưng doanh nghiệp đã không báo cáo kết quả giao dịch này.,"tgg: Giá hiện tại Thay đổi Xem hồ sơ doanh nghiệp TIN MỚI Ngày 6/10/2022, Ủy ban Chứng khoán Nhà nước (UBCKNN) đã ban hành Quyết định về việc xử phạt vi phạm hành chính trong lĩnh vực chứng khoán và thị trường chứng khoán đối với Công ty cổ phần Louis Holdings. Cụ thể, Louis Holdings bị phạt tiền 125 triệu đồng do không báo cáo về việc dự kiến giao dịch. Louis Holdings là tổ chức có liên quan đến bà Nguyễn Thị Kiều Liên- Trưởng ban kiểm soát Công ty cổ phần Louis Capital (mã chứng khoán: TGG). Tuy nhiên Louis Holdings đã mua 335.000 cổ phiếu TGG từ ngày 15/7/2022 đến ngày 19/7/2022 mà không báo cáo, công bố thông tin trước khi giao dịch. Đồng thời, Louis Holdings còn bị phạt tiền 60 triệu đồng do không báo cáo về kết quả thực hiện giao dịch. Từ ngày 15/7/2022 đến ngày 19/7/2022, Chứng khoán APG đã bán giải chấp 335.000 cổ phiếu TGG của Louis Holdings nhưng doanh nghiệp đã không báo cáo kết quả giao dịch này. Tổng cộng, Louis Holdings bị xử phạt 185 triệu đồng. Trên thị trường, chốt phiên 7/10, thị giá TGG giảm sàn xuống mức 3.590 đồng/cp. Liên quan đến hệ sinh thái Louis, CTCP VKC Holdings (mã chứng khoán VKC) mới đây đã ra thông báo tạm hoãn thanh toán lãi trái phiếu đến các nhà đầu tư của Công ty. Cụ thể, ngày 9/9/2022 là ngày đến hạn thanh toán lãi trái phiếu của lô trái phiếu VCKH2123001 quy mô 200 tỷ đồng phát hành ngày 9/12/2021, tuy nhiên Ban lãnh đạo VKC quyết định tạm hoãn việc thanh toán lãi trái phiếu. Nguyên nhân theo VKC, các sai phạm của HĐQT, Ban Tổng Giám đốc tiền nhiệm (cụ thể là nhóm Louis) đã làm thất thoát tài sản của VKC rất lớn, vì vậy hiện tại VKC đã mất khả năng thanh toán đối với các chủ nợ.",TGG,TGG,Truong Giang Investment,alias,0.98,auto_high_confidence,"Louis Holdings bị xử phạt do giao dịch ""chui"" cổ phiếu Target","Louis Holdings bị xử phạt do giao dịch ""chui"" cổ phiếu Target",FinABSA_target_masked_headline_v1,0,"Louis Holdings bị xử phạt do giao dịch ""chui"" cổ phiếu Target",The sentiment for Target in the given sentence is NEUTRAL.,neutral,,,,0.0,/home/huylkq/repos/nlp/FinABSA-Valid/MODEL/finabsa-other-masked-final_3epoch,Target,ok,neutral,2022-10-08 05:00:00+00:00,2022-10-08
60f485c00df4b254_00,60f485c00df4b254,https://cafef.vn/dragon-capital-ban-manh-hah-khong-con-la-co-dong-lon-tai-hai-an-khi-thi-gia-giam-gan-55-20221007220203758.chn,2022-10-08T00:10:00,,,"Dragon Capital bán mạnh HAH, không còn là cổ đông lớn tại Hải An khi thị giá giảm gần 55%","Kết phiên 4/10, thị giá HAH đạt 41.500 đồng/cp, tương ứng giảm 54% kể từ đỉnh.","HAH: Giá hiện tại Thay đổi Xem hồ sơ doanh nghiệp TIN MỚI Theo tin từ Sở GDCK TP.HCM (HoSE), hai quỹ thành viên do Dragon Capital quản lý vừa bán ra tổng cộng gần 1,1 triệu cổ phiếu Vận tải và Xếp dỡ Hải An (HAH) trong ngày 30/9. Cụ thể, CTBC Vietnam Equity Fund bán ra 250 nghìn cổ phiếu HAH, đồng thời DC Delevoping Markets Strategies Public Limited Company đã bán ra 840 nghìn cổ phiếu HAH. Sau giao dịch này, Dragon Capital chỉ còn nắm giữ 4 triệu cổ phần tại HAH, tương ứng tỷ lệ sở hữu giảm từ 7,45% xuống 5,86%. Tiếp tục tới ngày 4/10, Dragon Capital báo cáo bán ra thêm 600 nghìn cổ phiếu HAH, sở hữu của cả nhóm quỹ Dragon Capital tại HAH giảm còn 3,1 triệu cổ phiếu, tương ứng tỷ lệ 4,54% và chính thức không còn là cổ đông lớn tại Hải An. Kết phiên 4/10, thị giá HAH đạt 41.500 đồng/cp, tương ứng giảm 54% kể từ đỉnh. Theo thống kê, Dragon Capital bắt đầu trở thành cổ đông lớn tại HAH từ tháng 10/2021 trong bối cảnh cổ phiếu đang có đà tăng rất mạnh. Thị giá khi đó giao dịch tại sát vùng 5x.000 đồng/cp (giá sau điều chỉnh). Cho đến giai đoạn gần đây, Dragon Capital vẫn đang liên tục mua vào cổ phiếu HAH. Tính riêng từ cuối tháng 5 đến hết tháng 6/2022, nhóm quỹ này đã mua vào tổng cộng gần 1 triệu cổ phiếu HAH, lượng sở hữu lên mức 6,3 triệu đơn vị (9,29%). Thời điểm này, thị giá HAH ghi nhận mức tăng mạnh lên vùng giá 70.000 – 80.000 đồng/cp, thậm chí lập đỉnh 90.000 đồng/cp. Tuy nhiên, sức tăng của cổ phiếu HAH bắt đầu thoái lui từ đầu tháng 7, hiện thị giá đã giảm sâu về mức 38.650 đồng/cp (phiên 7/10), tương ứng mất gần 60% giá trị so với đỉnh. Dragon Capital cũng bắt đầu có những động thái dần thoái vốn tại HAH. So sánh giữa con số cuối tháng 6 và con số báo cáo gần nhất phiên 6/10, nhóm quỹ này đã bán ra tổng cộng khoảng 3,2 triệu cổ phiếu HAH chỉ trong khoảng 4 tháng. Giao dịch của Dragon Capital tại HAH Đà giảm của nhóm cổ phiếu HAH được đánh giá do sự đi xuống của giá cước vận tải quốc tế. Từ giữa tháng 7/2022, cước vận tải biển bắt đầu ""đổi chiều"" so với 2 năm đại dịch COVID-19, tình trạng khó đặt tàu và khan hiếm container rỗng giảm đáng kể đã khiến viễn cảnh về việc sụt giảm nguồn thu hiện hữu với Hải An và nhóm vận tải biển. Chỉ số giá cước vận tải container (World Container Index) cũng giảm 28% trong tháng qua, tương đương mức giảm 54% kể từ tháng 2/2022, phản ảnh giá cước vận tải giao ngay cũng nằm trong giảm. Trong báo cáo mớ﻿i đây, SSI Research thừa nhận rằng thị trường vận tải biển đang xấu đi nhanh chóng theo xu hướng kinh tế toàn cầu. Giá thuê tàu với các cỡ tàu khác nhau đã bất ngờ giảm 30~50% chỉ trong một tháng, và giảm 30~60% so với mức đỉnh vào tháng 3/2022. SSI cho đây là hệ quả của nhu cầu yếu trong bối cảnh thị trường lo ngại nguồn cung tàu mới sẽ tham gia vào thị trường trong hai năm tới. Tốc độ giảm mạnh này đã khiến thị trường ngạc nhiên và được dự báo có khả năng giảm sâu hơn trong ngắn hạn. Nhiều chuyên gia trong ngành đồng ý rằng mùa cao điểm vận tải biển thường thấy hàng năm có khả năng sẽ không xảy ra trong năm 2022 do hàng tồn kho của nhà bán lẻ ở mức cao và nhu cầu tiêu dùng suy yếu. Dù vậy, SSI Research tin tưởng giá cước vận tải nội địa sẽ tiếp tục được hỗ trợ bởi nguồn cung thấp do một số lượng lớn tàu được giữ tại thị trường quốc tế theo các hợp đồng thuê tàu. Dự báo giá cước như hiện tại có thể được duy trì trong quý 4/2022 nhờ vào sản lượng vận tải sẽ cải thiện vào cuối năm. Đối với Hải An (HAH), do giá thuê tàu giảm nhanh trong thời gian gần đây, SSI cho rằng mức giá ký mới cho các hợp đồng sắp tới sẽ giảm xuống. SSI ước tính giá thuê tàu sẽ khoảng 15.000 USD/ngày, thấp hơn một chút so với mức giá thuê của hợp đồng cũ của tàu Haian East. Ngoài ra, giá cước đối với các hợp đồng ký năm 2023 cũng được hạ dự phóng xuống 12.000 USD/ngày để phản ánh nguồn cung tăng trong giai đoạn 2023 - 2024. Hiện, 50% đội tàu Việt Nam hiện đang được cho thuê trên thị trường quốc tế. Trong bối cảnh giá cước thuê quốc tế kém thuận lợi, cung trong nước có thể tăng 30% vào năm 2023, điều này sẽ gây áp lực lên giá cước vận tải trong nước. SSI đưa ra quan điểm thận trọng rằng giá cước giảm 30% trong năm 2023, điều này sẽ đưa giá cước về mức 2019 và tiếp tục giảm 10% vào năm 2024. Từ đây, SSI Research ước tính lãi ròng HAH năm 2022 có thể đạt 873 tỷ đồng (tăng 96%), tuy nhiên sau đó giảm 12% xuống 768 tỷ đồng vào năm 2023 và giảm thêm 18% xuống 631 tỷ đồng vào năm 2024.",ita,ITA,Itaco,alias,0.98,auto_high_confidence,"Dragon CapTargetl bán mạnh Other, không còn là cổ đông lớn tại Hải An khi thị giá giảm gần 55%","Dragon CapTargetl bán mạnh Other, không còn là cổ đông lớn tại Hải An khi thị giá giảm gần 55%",FinABSA_target_masked_headline_v1,0,"Dragon CapTargetl bán mạnh Other, không còn là cổ đông lớn tại Hải An khi thị giá giảm gần 55%",The sentiment for Target in the given sentence is NEUTRAL.,neutral,,,,0.0,/home/huylkq/repos/nlp/FinABSA-Valid/MODEL/finabsa-other-masked-final_3epoch,Target,ok,neutral,2022-10-08 00:10:00+00:00,2022-10-08
d85d7e478892d981_00,d85d7e478892d981,https://cafef.vn/co-phieu-hag-chuyen-tu-kiem-soat-sang-dien-canh-bao-tu-ngay-11-10-20221007202938756.chn,2022-10-07T20:36:26,2022-10-07T20:36:58+07:00,,Cổ phiếu HAG chuyển từ kiểm soát sang diện cảnh báo từ ngày 11/10,"Trên thị trường, trước áp lực giảm điểm chung, HAG giảm sàn và về mốc 10.750 đồng/cp (chốt phiên 7/10/2022).","HAG: Giá hiện tại Thay đổi Xem hồ sơ doanh nghiệp TIN MỚI Sở GDCK Tp.HCM vừa có thông báo chuyển cổ phiếu HAG của Tập đoàn Hoàng Anh Gia Lai (HAGL, HAG) từ diện kiểm soát sang diện cảnh báo từ ngày 11/10/2022. Lý do là LNST năm 2021 là 203,3 tỷ đồng và LNST chưa phân phối tính đến ngày 31/12/2021 là -4.467,1 tỷ đồng, thuộc diện bị cảnh báo. Trên thị trường, trước áp lực giảm điểm chung, HAG giảm sàn và về mốc 10.750 đồng/cp (chốt phiên 7/10/2022). Về kinh doanh, Công ty vừa ra mắt thương hiệu Heo ăn chuối Bapi gây nhiều chú ý. Trong đó, trồng chuối xuất khẩu và tận dụng chuối thải làm thức ăn chăn nuôi heo là mô hình mà HAGL đang hướng tới. Ngoài ra, Công ty cũng đang nuôi thí điểm gà (cũng tận dụng chuối làm thức ăn) và gần 1.000 ha sầu riêng sắp vào giai đoạn thu hoạch. Luỹ kế 8 tháng đầu năm nay, HAGL ghi nhận doanh thu đạt 2.708 tỷ đồng, bao gồm 779 tỷ từ chăn nuôi và 1.472 tỷ cây ăn trái, ngành phụ trợ đóng góp 457 tỷ đồng. Lợi nhuận sau thuế theo đó đạt 781 tỷ đồng, bằng 69% kế hoạch cả năm 2022. Mới đây, HAGL vừa công bố thông tin mua lại trái phiếu trước hạn, với giá trị là 605 tỷ đồng tại ngân hàng BIDV. Lần mua lại nợ trước hạn gần nhất vào giữa năm 2021, HAGL đã mua lại 328 tỷ nợ trước hạn tại HDBank. Được biết, giảm áp lực nợ vay là một trong những mục tiêu trọng tâm của bầu Đức hiện nay. Theo kế hoạch, Công ty sẽ tiếp tục bán ra một lượng cổ phiếu HNG đang còn giữ cũng như một số tài sản, nhằm thu hồi vốn trả nợ, bổ sung vốn cho HĐKD chính thời gian tới. Tổng nợ của HAGL đã giảm mạnh, từ cao điểm hơn 35.000 tỷ đồng (năm 2016) xuống mức 14.000 tỷ đồng (tính đến giữa năm 2022). Nợ ngân hàng tương ứng giảm từ mức 28.000 tỷ xuống còn 8.000 tỷ đồng hiện nay. HAG vào danh mục MVIS Vietnam Index, APH và CEO bị loại",HAG,HAG,Hoang Anh Gia Lai,alias,0.98,auto_high_confidence,Cổ phiếu Target chuyển từ kiểm soát sang diện cảnh báo từ ngày 11/10,Cổ phiếu Target chuyển từ kiểm soát sang diện cảnh báo từ ngày 11/10,FinABSA_target_masked_headline_v1,0,Cổ phiếu Target chuyển từ kiểm soát sang diện cảnh báo từ ngày 11/10,The sentiment for Target in the given sentence is NEUTRAL.,neutral,,,,0.0,/home/huylkq/repos/nlp/FinABSA-Valid/MODEL/finabsa-other-masked-final_3epoch,Target,ok,neutral,2022-10-07 20:36:26+00:00,2022-10-07
f197a255de04d774_00,f197a255de04d774,https://cafef.vn/co-phieu-vvs-chao-san-chung-khoan-doanh-nghiep-vimid-co-gi-hap-dan-20221007174422889.chn,2022-10-07T17:30:00,2022-10-07T17:45:11+07:00,,"Cổ phiếu VVS chào sàn chứng khoán, doanh nghiệp VIMID có gì hấp dẫn?","Ban lãnh đạo VIMID cho biết, công ty đưa cổ phiếu lên sàn với mong muốn lớn nhất là minh bạch thông tin, xây dựng VIMID thành công ty chuyên nghiệp sẵn sàng hội nhập với các đối tác trong khu vực và trên thế giới.","TIN MỚI Sáng ngày 7/10/2022, CTCP Đầu tư phát triển máy Việt Nam (VIMID) đã chính thức đưa 20,5 triệu cổ phiếu lên giao dịch trên sàn UPCOM với mã chứng khoán VVS. Giá tham chiếu chào sàn trong ngày giao dịch đầu tiên đạt 14.500 đồng/cổ phiếu, tương ứng định giá gần 300 tỷ đồng. Việc đưa cổ phiếu lên sàn giao dịch chứng khoán đánh dấu bước ngoặt quan trọng của công ty, đưa thương hiệu VIMID đến gần hơn với cộng đồng, được nhiều người biết đến và minh bạch thông tin hơn. Công ty đặt mục tiêu giữ vững vị thế top đầu doanh nghiệp phân phối xe tải hạng trung, hạng nặng tại Việt Nam, và hướng tới mục tiêu Top 3 các doanh nghiệp sản xuất phân phối xe tải tại Việt Nam. Ban Lãnh Đạo VIMID thực hiện nghi thức đánh cồng khai trương phiên giao dịch đầu tiên Để chuẩn bị cho quá trình lên sàn và bổ sung vốn cho hoạt động kinh doanh, năm 2021 vừa qua, VIMID thực hiện tăng vốn điều lệ gấp đôi từ mức 100 tỷ đồng lên 205 tỷ đồng thông qua chào bán cho cổ đông hiện hữu (10 triệu cổ phiếu) và phát hành ESOP cho cán bộ nhân viên (500.000 cổ phiếu). Hiện, VIMID có tổng cộng 105 cổ đông bao gồm có 1 tổ chức và 104 cá nhân trong đó 3 cổ đông lớn nắm giữ 64,63% cổ phần. Ông Nguyễn Vũ Trụ, Phó Chủ tịch HĐQT kiêm Giám đốc công ty cũng đồng thời là cổ đông lớn nhất sở hữu 45% vốn. Ông Nguyễn Vũ Trụ - Phó Chủ tịch HĐQT kiêm Giám đốc Công ty CP Đầu tư Phát triển Máy Việt Nam ( VIMID ) phát biểu tại buổi lễ Chia sẻ tại sự kiện, ông Nguyễn Vũ Trụ cho biết ""VIMID bây giờ mới bước vào giai đoạn tăng tốc. Giá trị công ty sẽ tăng trưởng mạnh khi hoàn thành chiến lược 100km - 1 trạm 3S. Công ty đưa cổ phiếu lên sàn với mong muốn lớn nhất là minh bạch thông tin, xây dựng VIMID thành công ty chuyên nghiệp sẵn sàng hội nhập với các đối tác trong khu vực và trên thế giới."" Mục tiêu tăng trưởng tham vọng Thành lập từ tháng 3/2010 với vốn điều lệ ban đầu 1,8 tỷ đồng, VIMID hoạt động chính trong lĩnh vực nhập khẩu, phân phối các loại xe tải hạng trung, hạng nặng, các sản phẩm Sơ mi – rơ mooc và xe chuyên dụng; kinh doanh dịch vụ bảo hành, bảo dưỡng, sửa chữa; Đại lý liên kết ngân hàng, bảo hiểm, các công ty tài chính... Ngay từ khi thành lập, VIMID vẫn luôn tập trung vào lĩnh vực kinh doanh chính là nhập khẩu và phân phối xe tải hạng trung và hạng nặng mới 100% tới từ thương hiệu Sinotruk. Trong một thị trường đầy cạnh tranh với đa dạng các loại sản phẩm đến từ các thương hiệu nổi tiếng nhập khẩu từ Mỹ, Hàn Quốc, Nhật bản, Trung Quốc.... Trong nhiều năm liền các dòng xe của Sinotruk vẫn có một chỗ đứng vững vàng với thị phần chiếm khoảng 30-35% thị phần xe tải hạng trung và hạng nặng so với các hãng còn lại, và Vimid chính là nhân tố chính góp phần định hình sản phẩm, thị phần của tập đoàn Sinotruk tại thị trường Việt Nam Với mạng lưới phân phối trải dài khắp cả nước, từ năm 2015, VIMID vẫn luôn dẫn đầu về doanh số bán hàng các dòng xe Howo của Sinotruk. Công ty hiện đã trở thành đơn vị top đầu Việt Nam về thị phần xe tải hạng trung và hạng nặng mới 100%. Nhờ đó, kết quả kinh doanh cũng liên tục tăng trưởng cao qua từng năm. Từ vài chục tỷ đồng những ngày đầu thành lập, doanh thu năm 2021 của VIMID đã vượt hơn 3.200 tỷ đồng, tăng trưởng 142% so với năm trước. Lợi nhuận sau thuế cũng tăng trưởng mạnh 89% so với cùng kỳ, lên gần 18 tỷ đồng. Trên nền so sánh cao của năm ngoái, công ty tiếp tục lên kế hoạch đầy tham vọng cho năm 2022 với mục tiêu doanh thu 4.000 tỷ đồng và lợi nhuận sau thuế 32 tỷ đồng, tương ứng tăng trưởng 25% và 78% so với cùng kỳ. Nửa đầu năm 2022, công ty tiếp tục ghi nhận doanh thu tăng 67% so với cùng kỳ, đạt 2.383 tỷ đồng. Lãi ròng thu về hơn 4,2 tỷ đồng. Lý giải về việc doanh thu lên đến hàng nghìn tỷ nhưng lợi nhuận vẫn ở mức khá thấp, chưa đạt được theo kế hoạch đề ra, ông Nguyễn Vũ Trụ cho biết nguyên nhân do công ty đang tập trung nguồn lực vào việc mở rộng chuỗi trạm chi nhánh, các chuỗi trạm chưa đi vào hoạt động ổn định nên chưa đạt được mức lợi nhuận kỳ vọng, bên cạnh đó do ảnh hưởng bởi các yếu tố tiêu cực tới nền kinh tế thế giới nói chung và Việt Nam nói riêng, dẫn tới có nhiều sự biến động lớn về tỷ giá và chi phí lãi vay điều đó khiến cho chi phí tài chính tăng mạnh, hiệu quả về lợi nhuận chưa được như mức kỳ vọng, trong 6 tháng đầu năm công ty tập trung vào mục tiêu hoàn thành kế hoạch duy trì ổn đinh, mở rộng hệ thống chuỗi trạm 3S và tăng trưởng doanh thu, thị phần, tạo tiền đề vững chắc cho mục tiêu phát triển bền vững và lâu dài. Ngoài hoạt động kinh doanh chính VIMID cũng có các hoạt động đầu tư tài chính nhằm tối ưu nguồn vốn và gia tăng hiệu quả từ hoạt động tài chính phục vụ sản xuất kinh doanh. Năm 2022, VIMID chưa dừng lại ở mục tiêu 25 chi nhánh cuối năm nay mà sẽ tiếp tục mở ra những chi nhánh mới, biến mình thành một trong số ít doanh nghiệp kinh doanh vận tải có độ phủ cao. Theo ước tính của ban lãnh đạo, khi hệ thống chuỗi trạm trải dài cứ 100km/1 trạm 3S và các chi nhánh chuỗi trạm đi vào hoạt động ổn định, phát triển, doanh thu cho 1 chuỗi trạm của VIMID có thể đạt từ 200 đến 300 tỷ đồng /năm , lợi nhuận sau thuế đạt mức 2 đến 3 tỷ đồng/trạm/năm. Con số hoàn toàn có cơ sở khi thị trường xe tải hạng trung và hạng nặng mới bắt đầu bước vào giai đoạn tăng trưởng mạnh mẽ. Định hướng đẩy nhanh tiến độ đầu tư công của Chính phủ trong những tháng cuối năm được dự báo sẽ tiếp tục thúc đẩy sự bùng nổ doanh số bán xe các nhãn hiệu của Sinotruck trong thời gian tới. Thêm nữa, triển vọng của ngành xe tải hạng nặng và hạng trung trong tương lai cũng được đánh giá khả quan do lĩnh vực logistics vẫn còn nhiều dư địa tăng trưởng khi Việt Nam vẫn đang mạnh tay đầu tư cho việc hoàn thiện cơ sở hạ tầng. Với sức mạnh nội tại đã được chuẩn bị trong 12 năm qua, VIMID có kế hoạch đầy tham vọng, tiếp tục mở rộng mạng lưới phân phối và đặt mục tiêu trở thành top 3 Tập đoàn kinh doanh xe tải hàng đầu Việt Nam vào năm 2025. Công ty hướng đến tham vọng trở thành Tập đoàn công nghiệp xe tải hàng đầu ứng dụng trí tuệ nhân tạo, robot, năng lượng sạch tại Việt Nam và khu vực trong giai đoạn 2026-2030.",VVS,VVS,,ticker_context_rule,0.95,auto_high_confidence,"Cổ phiếu Target chào sàn chứng khoán, doanh nghiệp Other có gì hấp dẫn?","Cổ phiếu Target chào sàn chứng khoán, doanh nghiệp Other có gì hấp dẫn?",FinABSA_target_masked_headline_v1,0,"Cổ phiếu Target chào sàn chứng khoán, doanh nghiệp Other có gì hấp dẫn?",The sentiment for Target in the given sentence is NEUTRAL.,neutral,,,,0.0,/home/huylkq/repos/nlp/FinABSA-Valid/MODEL/finabsa-other-masked-final_3epoch,Target,ok,neutral,2022-10-07 17:30:00+00:00,2022-10-07
3cd934e7f963059d_00,3cd934e7f963059d,https://cafef.vn/vi-sao-ty-phu-pham-nhat-vuong-co-the-gop-von-bang-co-phieu-vic-vao-cong-ty-mua-chung-bat-dong-san-vmi-20221007122434141.chn,2022-10-07T12:24:00,2022-10-07T13:42:54+07:00,,"Vì sao tỷ phú Phạm Nhật Vượng có thể góp vốn bằng cổ phiếu VIC vào công ty ""mua chung"" bất động sản VMI?","Ngoài việc quan tâm đến mô hình hoạt động của VMI JSC - Công ty cổ phần quản lý và đầu tư BĐS VMI thì dư luận cũng tò mò về việc tỷ phú Phạm Nhật Vượng góp vốn bằng cổ phiếu tương đương 90% cổ phần của VMI JSC. Trên thực tế, ngoài góp vốn bằng tiền VNĐ, pháp luật cho phép cổ đông được góp vốn bằng nhiều tài sản khác như quyền sử dụng đất,.. hay thậm chí cả tài sản vô hình như quyền sở hữu trí tuệ, bí quyết kỹ thuật...","TIN MỚI Ngày 6/10/2022, Công ty Cổ phần Quản lý và Đầu tư Bất động sản VMI (VMI JSC) do ông Phạm Nhật Vượng là cổ đông chính cùng với bà Phạm Thu Hương và Công ty cổ phần Vinhomes đã được thành lập. VMI JSC có vốn điều lệ 18.000 tỷ đồng , hoạt động với mục tiêu hỗ trợ các nhà đầu tư vốn nhỏ có cơ hội đầu tư bất động sản, quản lý các bất động sản và phát triển thị trường thứ cấp nhằm tăng thanh khoản và giá trị cho các bất động sản của Vinhomes. Ông Phạm Nhật Vượng – Chủ tịch Hội đồng Quản trị Tập đoàn Vingroup (Mã CK: VIC) góp vốn vào VMI JSC bằng hơn 243 triệu cổ phiếu VIC , tương đương 16.200 tỷ đồng theo thị giá trung bình 50 phiên tính đến 13/9/2022. Việc góp vốn bằng cổ phiếu nghe có vẻ xa lạ với nhiều người, nhưng thực tế hoạt động này đã có một số doanh nghiệp làm trước đó, mặc dù không phổ biến. Vậy những hành lang pháp luật nào ở Việt Nam cho phép việc góp vốn bằng cổ phiếu? Thứ nhất, có được góp vốn bằng cổ phiếu không? Theo quy định tại khoản 1 Điều 34 Luật doanh nghiệp 2020 có quy định về tài sản góp vốn. Trong đó, tài sản góp vốn là Đồng Việt Nam, ngoại tệ tự do chuyển đổi, vàng, quyền sử dụng đất, quyền sở hữu trí tuệ, công nghệ, bí quyết kỹ thuật, tài sản khác có thể định giá được bằng Đồng Việt Nam. Như vậy mã cố phiếu đáp ứng yêu cầu của Luật doanh nghiệp đều có thể trở thành tài sản góp vốn. Điều 4 - Luật Chứng khoán 2019 có quy định: Chứng khoán là tài sản , bao gồm các loại sau đây: a) Cổ phiếu, trái phiếu, chứng chỉ quỹ; b) Chứng quyền, chứng quyền có bảo đảm, quyền mua cổ phần, chứng chỉ lưu ký; c) Chứng khoán phái sinh; d) Các loại chứng khoán khác do Chính phủ quy định. Bên cạnh được thừa nhận là tài sản, cổ phiếu có giá trị và có thể định giá được. Cổ phiếu của các doanh nghiệp đã niêm yết trên sàn chứng khoán được mua bán giao dịch theo giá thị trường. Thứ hai, góp vốn bằng cổ phiếu thì định giá như thế nào? Điều 36 Luật Doanh nghiệp quy định về định giá tài sản góp vốn, theo đó: Tài sản góp vốn không phải là Đồng Việt Nam, ngoại tệ tự do chuyển đổi, vàng phải được các thành viên, cổ đông sáng lập hoặc tổ chức thẩm định giá định giá và được thể hiện thành Đồng Việt Nam. Tài sản góp vốn khi thành lập doanh nghiệp phải được các thành viên, cổ đông sáng lập định giá theo nguyên tắc đồng thuận hoặc do một tổ chức thẩm định giá định giá. Trường hợp tổ chức thẩm định giá định giá thì giá trị tài sản góp vốn phải được trên 50% số thành viên, cổ đông sáng lập chấp thuận. Như vậy, điều quan trọng nhất với một tài sản góp vốn là nó phải định giá được và giá này phải được đa số thành viên, cổ đông sáng lập chấp thuận. Trong trường hợp của Vinhomes, giá trị của 243 triệu cổ phiếu góp vốn được xác định theo thị giá trung bình 50 phiên tính đến ngày 13/9/2022, thị giá trung bình trong khoảng thời gian này rơi vào 66.667 VNĐ/cổ phiếu. Diễn biến giá của cổ phiếu VIC trong 6 tháng trở lại đây Thứ ba, góp vốn bằng cổ phiếu bản chất là hoạt động chuyển nhượng cổ phần Điều 35 Luật Doanh nghiệp 2020 quy định về chuyển quyền sở hữu tài sản góp vốn. Theo đó, đối với tài sản có đăng ký quyền sở hữu hoặc quyền sử dụng đất thì người góp vốn phải làm thủ tục chuyển quyền sở hữu tài sản đó hoặc quyền sử dụng đất cho công ty theo quy định của pháp luật. Có thể thấy bản chất hoạt động góp vốn bằng cổ phiếu của Cổ đông là hoạt động chuyển nhượng cổ phần. Bởi lẽ, sau khi Công ty mới được thành lập, cổ đông góp vốn sẽ phải chuyển quyền sở hữu cổ phiếu sang cho Công ty mới được thành lập. Trong trường hợp của Vingroup, sau khi phát đi thông tin về việc góp vốn thành lập VMI, ông Phạm Nhật Vượng cũng đã có đăng ký chuyển quyền sở hữu 243,46 triệu cổ phiếu sang VMI thông qua Trung tâm lưu ký chứng khoán. Giao dịch dự kiến thực hiện từ 12/10-10/11/2022. Nhiều công ty đã ""đi trước"" ông Phạm Nhật Vượng trong mô hình đầu tư bất động sản như VMI",VIC,VIC,Vingroup,alias,0.98,auto_high_confidence,"Vì sao tỷ phú Phạm Nhật Vượng có thể góp vốn bằng cổ phiếu Target vào công ty ""mua chung"" bất động sản Other?","Vì sao tỷ phú Phạm Nhật Vượng có thể góp vốn bằng cổ phiếu Target vào công ty ""mua chung"" bất động sản Other?",FinABSA_target_masked_headline_v1,0,"Vì sao tỷ phú Phạm Nhật Vượng có thể góp vốn bằng cổ phiếu Target vào công ty ""mua chung"" bất động sản Other?",The sentiment for Target in the given sentence is NEUTRAL.,neutral,,,,0.0,/home/huylkq/repos/nlp/FinABSA-Valid/MODEL/finabsa-other-masked-final_3epoch,Target,ok,neutral,2022-10-07 12:24:00+00:00,2022-10-07
0010ae71f397c89c_00,0010ae71f397c89c,https://cafef.vn/novagroup-nhan-chuyen-nhuong-gan-95-trieu-co-phieu-novaland-nvl-tri-gia-hon-7700-ty-dong-20221006162913265.chn,2022-10-06T17:41:29,2022-10-06T17:41:30+07:00,,Novagroup nhận chuyển nhượng gần 95 triệu cổ phiếu Novaland (NVL) trị giá hơn 7.700 tỷ đồng,"Sau giao dịch, Novagroup đã tăng lượng sở hữu tại Novaland từ 672,2 triệu cổ phần (tỷ lệ 32,165%) lên 721,8 triệu cổ phần (tỷ lệ 37,02%).","NVL: Giá hiện tại Thay đổi Xem hồ sơ doanh nghiệp TIN MỚI Ngày 3/10, Novagroup đã nhận chuyển nhượng sở hữu gần 94,7 triệu cổ phiếu NVL của Tập đoàn Đầu tư Địa ốc No Va (Novaland, HoSE: NVL) không thông qua hệ thống giao dịch của sở giao dịch chứng khoán. Lý do thay đổi sở hữu là ''Nhận chuyển nhượng sở hữu chứng khoán để góp vốn vào doanh nghiệp''. Trước khi thực hiện giao dịch, Novagroup đang nắm giữ 672,2 triệu cổ phiếu NVL, tương đương 32,165% vốn điều lệ. Như vậy, sau giao dịch, Novagroup đã tăng lượng sở hữu tại Novaland từ 672,2 triệu cổ phần (tỷ lệ 32,165%) lên 721,8 triệu cổ phần (tỷ lệ 37,02%), là cổ đông lớn nhất tại Novaland. Phiên 3/10, cổ phiếu NVL đóng cửa ở mức 82.000 đồng/cp. Tính theo thị giá này, lượng cổ phiếu mà Novagroup nhận chuyển nhượng tương đương khối tài sản hơn 7.760 tỷ đồng. 1 tuần trước khi diễn ra giao dịch, CTCP Novagroup đăng ký nhận chuyển nhượng gần 94,7 triệu cổ phiếu NVL của Novaland trong giai đoạn 30/9 - 29/10. Nhiều khả năng số cổ phiếu trên là do Novagroup nhận chuyển nhượng từ ông Bùi Thành Nhơn như các giao dịch trước đây.﻿ Nếu số cổ phiếu trên là do ông Nhơn chuyển giao thì ông Nhơn giảm lượng nắm giữ xuống còn 74,8 triệu cổ phần NVL , tương đương 3,84% và không còn là cổ đông lớn. Cổ phiếu Novaland hầu như không giảm trong bối cảnh toàn thị trường giảm sâu Trước đó ngày 11/5, Novagroup cũng đã công bố giao dịch tương tự. Lượng cổ phiếu này do ông Bùi Thành Nhơn, Chủ tịch HĐQT Novaland chuyển nhượng. Theo đó, ông Bùi Thành Nhơn hạ sở hữu từ mức 276 triệu cổ phiếu (14,164%) xuống còn 169 triệu cổ phiếu (8,693%). Xét cơ cấu cổ đông của Novaland, hiện chỉ còn 3 cổ đông lớn (nắm giữ trên 5%) là Novagroup (37,02%), CTCP Diamond Properties (10,42%), và bà Cao Thị Ngọc Sương (vợ ông Bùi Thành Nhơn, tỷ lệ sở hữu 5,4%). Thông tin liên quan, mới đây HĐQT Novaland đã thông qua vay vốn tối đa 40 triệu USD bởi các ngân hàng VietinBank Filiale Deutschland, Đức và Maybank chi nhánh Labuan, Malaysia; và vay tối đa 23 tỷ đồng từ hàng VietinBank chi nhánh 1, TP HCM. Trước đó ngày 26/9, HĐQT Novaland cũng đã phê duyệt vay 10 triệu USD từ ngân hàng HSBC Singapore và vay tối đa 350 tỷ đồng tại ngân hàng HSBC Việt Nam. Thương hiệu nội thất Baya ""âm thầm"" về với NovaGroup?",NVL,NVL,Novaland,alias,0.98,auto_high_confidence,Novagroup nhận chuyển nhượng gần 95 triệu cổ phiếu Novaland (Target) trị giá hơn 7.700 tỷ đồng,Novagroup nhận chuyển nhượng gần 95 triệu cổ phiếu Novaland (Target) trị giá hơn 7.700 tỷ đồng,FinABSA_target_masked_headline_v1,0,Novagroup nhận chuyển nhượng gần 95 triệu cổ phiếu Novaland (Target) trị giá hơn 7.700 tỷ đồng,The sentiment for Target in the given sentence is NEUTRAL.,neutral,,,,0.0,/home/huylkq/repos/nlp/FinABSA-Valid/MODEL/finabsa-other-masked-final_3epoch,Target,ok,neutral,2022-10-06 17:41:29+00:00,2022-10-06
6f035ce706692975_00,6f035ce706692975,https://cafef.vn/nhom-dragon-capital-khong-con-la-co-dong-lon-tai-fpt-20221006161900606.chn,2022-10-06T16:20:58,,,Nhóm Dragon Capital không còn là cổ đông lớn tại FPT,"Tính theo giá đóng cửa ngày 3/10 của cổ phiếu FPT là 77.000 đồng/cổ phiếu, số tiền hai quỹ thành viên Dragon Capital thu về vào khoảng gần 54 tỷ đồng.","FPT: Giá hiện tại Thay đổi Xem hồ sơ doanh nghiệp TIN MỚI Cập nhật mới đây, Norges Bank và Samsung Vietnam Securities Master Investment Trust (Equity) - hai quỹ thành viên do Dragon Capital quản lý vừa bán ra lần lượt 500 nghìn và 200 nghìn cổ phiếu CTCP FPT (mã CK: FPT) . Sau giao dịch, nhóm quỹ Dragon Capital chỉ còn nắm giữ 54,64 triệu cổ phiếu FPT, tương ứng 4,9807%. Với tỷ lệ sở hữu dưới 5%, nhóm Dragon Capital không còn là cổ đông lớn tại FPT . Giao dịch trên được thực hiện trong ngày 3/10. Tính theo giá đóng cửa cùng ngày của cổ phiếu FPT là 77.000 đồng/cổ phiếu, số tiền hai quỹ thành viên Dragon Capital thu về vào khoảng gần 54 tỷ đồng. Trong các quỹ do Dragon Capital quản lý, Vietnam Enterprise Investment Limited (VEIL) đang nắm giữ lượng lớn nhất với hơn 10,6 triệu đơn vị, tương đương gần 0,97% vốn tại FPT. Tiếp sau là CTBC Vietnam Equity Fund với việc sở hữu gần 9,5 triệu cổ phiếu FPT, tương đương tỷ lệ sở hữu gần 0,87% vốn điều lệ. Về kết quả hoạt động kinh doanh của FPT, 8 tháng đầu năm doanh thu ước đạt 27.060 tỷ đồng, lợi nhuận trước thuế 4.951 tỷ đồng, lần lượt tăng 24% và 23,6% so với cùng kỳ năm ngoái. Khấu trừ chi phí, FPT lãi sau thuế 8 tháng 4.221 tỷ đồng, tăng gần 28% so với thực hiện trong cùng kỳ năm 2021. Trong báo cáo gần đây, Agriseco Research đánh giá FPT sẽ hoàn thành vượt kế hoạch năm 2022 ở cả 3 mảng kinh doanh cốt lõi với tốc độ tăng trưởng lợi nhuận duy trì ở mức cao trong 8 tháng đầu năm và sự phục hồi của thị trường Nhật Bản và thị trường trong nước ở nhóm Chính phủ. Diễn biến trên thị trường chứng khoán, cổ phiếu FPT cũng không tránh khỏi diễn biến trồi sụt kể từ giữa tháng 4 đến nay. Từ mức đỉnh 95.000 đồng/cổ phiếu đã chịu sự điều chỉnh trước trạng thái không mấy khả quan của chỉ số chính. Đóng cửa phiên 6/10, thị giá FPT giao dịch về vùng điểm đầu năm ở mức giá 76.500 đồng/ cổ phiếu, giảm hơn 19% so với đỉnh hồi tháng 4. Song, thị giá FPT vẫn tích cực hơn thị trường chung trong khi VN-Index đã mất đi gần 30% giá trị kể từ đầu năm.",ita,ITA,Itaco,alias,0.98,auto_high_confidence,Nhóm Dragon CapTargetl không còn là cổ đông lớn tại Other,Nhóm Dragon CapTargetl không còn là cổ đông lớn tại Other,FinABSA_target_masked_headline_v1,0,Nhóm Dragon CapTargetl không còn là cổ đông lớn tại Other,The sentiment for Target in the given sentence is NEUTRAL.,neutral,,,,0.0,/home/huylkq/repos/nlp/FinABSA-Valid/MODEL/finabsa-other-masked-final_3epoch,Target,ok,neutral,2022-10-06 16:20:58+00:00,2022-10-06
df5a1f398be224e6_00,df5a1f398be224e6,https://cafef.vn/sgi-capital-da-giam-cua-thi-truong-dang-mang-lai-nhieu-hon-cac-co-hoi-voi-muc-sinh-loi-tren-20-nam-cho-ky-dau-tu-1-3-nam-toi-20221006141416411.chn,2022-10-06T14:16:43,2022-10-06T14:17:08+07:00,,SGI Capital: Đà giảm của thị trường đang mang lại nhiều hơn các cơ hội với mức sinh lời trên 20%/năm cho kỳ đầu tư 1-3 năm tới,"Theo SGI Capital, ở mức định giá rất rẻ hiện tại, những đợt tụt giảm của VN-Index dưới mức 1.100 điểm, dù vì lý do gì, đều sẽ mang lại cơ hội rất hấp dẫn cho một chu kỳ đầu tư mới.","TIN MỚI Trong báo cáo mới đây, SGI Capital cho rằng lãi suất trái phiếu Việt Nam đang đi song hành cùng lãi suất trái phiếu chính phủ Mỹ, và đã tăng mạnh sau khi NHNN tăng lãi suất điều hành. Trái phiếu 5 năm của Việt Nam vượt 4,5%, tương ứng giai đoạn 2017-2018. Lãi suất liên ngân hàng cũng vượt lên vùng cao chỉ thấy ở giai đoạn tín dụng thắt chặt và lạm phát cao 2011 – 2012. Tuy nhiên, theo SGI Capital, áp lực lên lãi suất và tỷ giá có thể đã gần với mức cực đại. Sau hai lần điều chỉnh, chênh lệch giữa giá USD tự do với USD trong hệ thống ngân hàng đã giảm về mức thông thường, phản ánh căng thẳng thanh khoản đang giảm. Lãi suất trái phiếu trong nước cũng sẽ dần ổn định trong bối cảnh USD và lãi suất trái phiếu Mỹ có thể đang tạo đỉnh. Trong 3 tháng tới, SGI Capital cho rằng áp lực rút tiền khỏi thị trường sẽ vẫn còn tiếp diễn do nhu cầu thanh khoản và mặt bằng lãi suất tăng. Khi doanh nghiệp và cá nhân đang gặp khó khăn về tiếp cận vốn, áp lực nợ tới hạn sẽ buộc người vay chấp nhận mức lãi suất cao bất thường hoặc phải bán tài sản thanh khoản như chứng khoán bất kể định giá. Áp lực về trái phiếu doanh nghiệp đáo hạn lớn vào tháng 12/2022 cũng là một rủi ro trong bối cảnh Nghị định 65 đã hạn chế rất nhiều khả năng đảo nợ. Môi trường thiếu thanh khoản kéo dài sẽ là áp lực đào thải các tổ chức kinh doanh kém hiệu quả và phụ thuộc vay nợ để tồn tại. Khi các lãi suất đồng pha tăng lên mặt bằng mới, định giá của thị trường chứng khoán tháng qua đã chịu sức ép giảm nhanh về mức P/E dưới 12 lần, tương ứng mức của 2012 và cuối 2015 - giai đoạn lãi suất cao hơn hiện nay và vĩ mô của Việt Nam không ổn định như hiện tại. SGI Capital cho rằng, với VN-Index ở quanh 1.100 điểm, định giá cho năm 2022 đã về gần đáy Covid và đã phản ánh rất nhiều rủi ro và áp lực thị trường đang gặp phải. Theo SGI Capital, nhiều cổ phiếu đã giảm mạnh từ đỉnh về gần vùng định giá rẻ lịch sử và rủi ro của thị trường đang giảm đi đáng kể khi nhiều tin xấu dần bộc lộ và phần nào được phản ánh vào giá. “Tháng 10 và quý 4 hứa hẹn sẽ còn nhiều tin xấu khiến thị trường biến động mạnh, thử thách tâm lý và niềm tin của nhà đầu tư nhưng đó cũng là lúc thị trường chào mời những cơ hội với giá tốt nhất” – báo cáo của quỹ nhấn mạnh. Ở mức định giá rất rẻ hiện tại, những đợt tụt giảm của VN-Index dưới mức 1.100 điểm, dù vì lý do gì, đều sẽ mang lại cơ hội rất hấp dẫn cho một chu kỳ đầu tư mới. Lãi suất tiền gửi ngân hàng đã tăng lên mặt bằng 7-8%/năm, nhưng đà giảm của thị trường hiện nay đang mang lại nhiều hơn các cơ hội với mức sinh lời trên 20%/năm cho kỳ đầu tư 1-3 năm tới. Trong tháng 10 và quý 4, SGI Capital khuyến nghị nhà đầu tư nên thận trọng với khả năng còn có các diễn biến xấu bất ngờ, nhưng sẵn sàng để có thể tham lam khi thị trường sợ hãi. Thắt chặt tiền tệ toàn cầu đang trong giai đoạn căng thẳng nhất Trước đó, SGI Capital đã nhận định thời điểm tháng 09 và 10/2022 có thể là bài thử mạnh với thị trường chứng khoán Việt Nam khi đối mặt với rủi ro đến từ thị trường tài chính toàn cầu khi FED tăng gấp 2 quy mô hút tiền, áp lực đáo hạn trái phiếu doanh nghiệp trong bối cảnh việc room tín dụng sẽ được thực hiện thận trọng, lãi suất tiếp tục tăng, và áp lực chốt lời của nhiều nhóm cổ phiếu đã tăng mạnh. Và thực tế, TTCK Việt Nam đã có mức giảm rất mạnh 11,6% trong tháng 9. Theo SGI Capital , sự sụt giảm diện rộng của thị trường trong tháng 9 phản ánh hai tác động tiêu cực đang xảy ra đồng thời là thắt chặt dòng tiền vào tài sản rủi ro và triển vọng tăng trưởng của doanh nghiệp điều chỉnh giảm gây áp lực lên định giá và giá cổ phiếu. “Đây sẽ là bài thử thách lớn nhất cho thị trường chứng khoán toàn cầu trong những tháng còn lại của năm 2022. Sự sụt giảm, nếu xảy ra trong giai đoạn này, có thể là nhịp giảm đồng pha cuối cùng trước khi tạo phân hoá”. Theo SGI Capital, việc thắt chặt tiền tệ toàn cầu đang đi vào giai đoạn căng thẳng nhất khi Fed sẽ tiếp tục nâng mạnh lãi suất (dự kiến +0,75%) vào tháng 11/2022 và sau đó chậm lại (dự kiến +0,5%) vào tháng 12. Những dòng vốn USD rẻ chảy ra toàn cầu trong 14 năm qua sẽ tiếp tục chịu áp lực rút đi khi cả lãi suất và USD tăng. Kịch bản xấu hơn sẽ xảy ra khi thắt chặt tiền tệ kéo dài có thể khiến thị trường tài chính và kinh tế thực bộc lộ yếu kém và đổ vỡ bất ngờ với thêm trường hợp như Credit Suisse. SGI Capital cho rằng đó sẽ là giai đoạn rủi ro tăng mạnh cho tới khi Fed và các NHTW can thiệp để tránh đổ vỡ diện rộng. Xác suất suy thoái của kinh tế Mỹ cuối năm 2023 đang tăng cao. Tuy nhiên, các chỉ báo về doanh nghiệp phá sản, trả nợ chậm của người tiêu dùng, nợ xấu ngân hàng,... vẫn ở vùng thấp và lành mạnh hơn các chu kỳ trước. Vì thế, SGI Capital đánh giá, kinh tế Mỹ có thể sẽ trải qua một đợt suy thoái thông thường thay vì khủng hoảng nghiêm trọng. Một số chỉ báo như giá nhà, hay ISM Manufacturing, nhu cầu tuyển dụng… đang báo hiệu lạm phát tại Mỹ sẽ hạ nhiệt nhanh dần các tháng tới khiến các điều kiện tài chính bớt căng thẳng vào cuối năm nay và có thể lỏng dần từ quý 1/2023 khi FED dừng tăng lãi suất để hỗ trợ tăng trưởng. Tâm lý bi quan vì lạm phát cao kéo dài, lãi suất sẽ tiếp tục tăng, tỷ giá tiếp tục căng thẳng, đồng thuận về khả năng suy thoái gây ảnh hưởng lớn tới lợi nhuận doanh nghiệp, đang bao trùm lên các nhà đầu tư tổ chức và cá nhân khắp toàn cầu. Dù vậy, theo dữ liệu lịch sử, mức độ bi quan cực điểm của nhà đầu tư như hiện nay là một chỉ báo thường xuất hiện ở các vùng đáy của TTCK.",ita,ITA,Itaco,alias,0.98,auto_high_confidence,Other CapTargetl: Đà giảm của thị trường đang mang lại nhiều hơn các cơ hội với mức sinh lời trên 20%/năm cho kỳ đầu tư 1-3 năm tới,Other CapTargetl: Đà giảm của thị trường đang mang lại nhiều hơn các cơ hội với mức sinh lời trên 20%/năm cho kỳ đầu tư 1-3 năm tới,FinABSA_target_masked_headline_v1,0,Other CapTargetl: Đà giảm của thị trường đang mang lại nhiều hơn các cơ hội với mức sinh lời trên 20%/năm cho kỳ đầu tư 1-3 năm tới,The sentiment for Target in the given sentence is NEUTRAL.,neutral,,,,0.0,/home/huylkq/repos/nlp/FinABSA-Valid/MODEL/finabsa-other-masked-final_3epoch,Target,ok,neutral,2022-10-06 14:16:43+00:00,2022-10-06
6eb44ff8eb1a02ed_00,6eb44ff8eb1a02ed,https://cafef.vn/con-gai-chu-tich-tap-doan-thanh-cong-muon-ban-het-co-phieu-eib-gia-tri-hon-380-ty-dong-20221006140458579.chn,2022-10-06T14:05:12,,,"Con gái Chủ tịch Tập đoàn Thành Công muốn bán hết cổ phiếu EIB, giá trị hơn 380 tỷ đồng","Cổ phiếu EIB diễn biến khá tích cực trong thời gian gần đây, bất chấp thị trường chứng khoán liên tục lao dốc.","EIB: Giá hiện tại Thay đổi Xem hồ sơ doanh nghiệp TIN MỚI Ngân hàng TMCP Xuất Nhập Khẩu (Eximbank – EIB) vừa tiếp tục thông báo giao dịch cổ phiếu liên quan người nội bộ ngân hàng. Cụ thể, bà Nguyễn Thị Hồng Ngọc, con gái của bà Lê Hồng Anh – Thành viên HĐQT Eximbank đã đăng ký bán toàn bộ hơn 11 triệu cổ phiếu EIB (chiếm 0,899% vốn cổ phần ngân hàng). Giao dịch dự kiện thực hiện từ ngày 10/10 đến 31/10/2022 theo phương thức thỏa thuận. Bà Lê Hồng Anh là vợ của ông Nguyễn Anh Tuấn – Chủ tịch Tập đoàn Thành Công. Vợ chồng ông Tuấn có 3 người con, ngoài Nguyễn Thị Hồng Ngọc còn có Nguyễn Anh Tú, Nguyễn Thanh Phương. Trước đó, 3 tổ chức liên quan đến bà Hồng Anh cũng đã đăng ký bán toàn bộ cổ phiếu EIB. Cụ thể, Công ty Cổ phần Tập đoàn Thành Công đăng ký bán hơn 60,5 triệu cổ phiếu EIB (tỷ lệ 4,924%). Hợp Tác xã Cổ phần Thành Công cũng muốn bán hơn 44,7 triệu cp EIB (tỷ lệ 3,637%), Công ty Cổ phần Phúc Thịnh đăng ký bán hơn 12,2 triệu cp EIB (tỷ lệ 1,005%). Các giao dịch này dự kiến thực hiện theo phương thức thoả thuận từ 7/10-31/10/2022. Bà Hồng Anh đồng thời là Phó Chủ tịch HĐQT Công ty CP Tập đoàn Thành Công, chị dâu của người quản lý Công ty Cổ phần Phúc Thịnh, em chồng của người quản lý Hợp tác xã Cổ phần Thành Công. Như vậy, nhóm cổ đông liên quan đến bà Hồng Anh sẽ bán ra hơn 128 triệu cổ phiếu EIB, tương đương hơn 10% vốn cổ phần ngân hàng. Trên thị trường chứng khoán, cổ phiếu EIB đang đứng ở mức 34.800 đồng/cp. Ước tính theo vùng giá này, 128 triệu cổ phiếu nói trên có giá trị gần 4.500 tỷ đồng. Riêng số cổ phiếu mà cá nhân bà Nguyễn Thị Hồng Ngọc sở hữu có giá trị hơn 380 tỷ đồng. Cổ phiếu EIB có diễn biến tích cực trong thời gian gần đây bất chấp thị trường chứng khoán liên tục lao dốc. Cơ cấu cổ đông Eximbank được cho là đang có sự thay đổi mạnh khi các nhóm cổ đông lớn như Thành Công Group, Âu Lạc, SMBC, VOF đều đã và chuẩn bị thoái vốn khỏi Eximbank. Nhóm Tập đoàn Thành Công sẽ bán hơn 117 triệu cổ phiếu EIB",EIB,EIB,Eximbank,alias,0.98,auto_high_confidence,"Con gái Chủ tịch Tập đoàn Thành Công muốn bán hết cổ phiếu Target, giá trị hơn 380 tỷ đồng","Con gái Chủ tịch Tập đoàn Thành Công muốn bán hết cổ phiếu Target, giá trị hơn 380 tỷ đồng",FinABSA_target_masked_headline_v1,0,"Con gái Chủ tịch Tập đoàn Thành Công muốn bán hết cổ phiếu Target, giá trị hơn 380 tỷ đồng",The sentiment for Target in the given sentence is NEUTRAL.,neutral,,,,0.0,/home/huylkq/repos/nlp/FinABSA-Valid/MODEL/finabsa-other-masked-final_3epoch,Target,ok,neutral,2022-10-06 14:05:12+00:00,2022-10-06
aec4ff6f8d9c3c1e_00,aec4ff6f8d9c3c1e,https://cafef.vn/ty-gia-usd-vnd-vua-giam-manh-tren-thi-truong-tu-do-20221006134645189.chn,2022-10-06T13:46:59,,,Tỷ giá USD/VND vừa giảm mạnh trên thị trường tự do,"Tỷ giá USD/VND vừa có phiên giảm mạnh trên thị trường tự do với mức giảm lên tới 100 đồng, một đứt gãy đáng chú ý đầu tiên sau chuỗi ngày tăng mạnh.","TIN MỚI Tỷ giá USD/VND vừa có phiên giảm mạnh trên thị trường tự do với mức giảm lên tới 100 đồng, một đứt gãy đáng chú ý đầu tiên sau chuỗi ngày tăng mạnh. Sáng nay (6/10), tỷ giá trung tâm đang niêm yết ở mức 23.417 VND/USD, không đổi so với phiên liền trước. Với biên độ +/-3% đang áp dụng, tỷ giá trần hôm nay là 24.120 VND/USD và tỷ giá sàn là 22.715 VND/USD. Trong khi đó, giá USD tại các ngân hàng thương mại sáng nay được điều chỉnh tăng giảm trái chiều nhau. Cụ thể, Vietcombank và BIDV giảm 15 đồng ở cả hai chiều mua bán so với sáng qua, đang cùng niêm yết ở mức 23.735 – 24.015 VND/USD. VietinBank tăng 11 đồng ở cả hai chiều mua – bán, đang niêm yết ở mức 23.745 – 24.025 VND/USD. ACB tăng 10 đồng chiều mua nhưng giảm 10 đồng chiều bán, đang niêm yết ở mức 23.780 – 23.980 VND/USD trong khi Eximbank tăng 10 đồng chiều mua, lên 23.770 – 24.000 VND/USD. Sacombank đang niêm yết USD ở mức 23.760 – 24.000 VND/USD, giảm nhẹ 5 đồng ở mỗi chiều mua bán. Tỷ giá tại Techcombank đang là 23.747– 24.028 VND/USD, tăng 7 đồng chiều mua và 3 đồng chiều bán so với phiên liền trước. Trên thị trường thế giới, chỉ số US Dollar Index (DXY), đo lường biến động đồng bạc xanh với 6 đồng tiền chủ chốt (EUR, JPY, GBP, CAD, SEK, CHF) đang phục hồi trở lại, đứng ở mức 110,97 điểm. Trước đó, trong phiên 5/10, Ngân hàng Nhà nước (NHNN) niêm yết tỷ giá trung tâm ở mức 23.417 VND/USD, giảm nhẹ 6 đồng so với phiên trước đó. NHNN duy trì không niêm yết tỷ giá mua giao ngay, tỷ giá bán giao ngay được niêm yết không đổi ở mức 23.925 VND/USD. Trên thị trường liên ngân hàng, tỷ giá chốt phiên với mức 23.875 VND/USD, giảm 12 đồng so với phiên 4/10. Tỷ giá trên thị trường tự do giảm 50 đồng ở chiều mua vào và 100 đồng ở chiều bán ra, giao dịch tại 23.950 VND/USD và 24.100 VND/USD.",VND,VND,VNDIRECT,alias,0.98,auto_high_confidence,Tỷ giá USD/Target vừa giảm mạnh trên thị trường tự do,Tỷ giá USD/Target vừa giảm mạnh trên thị trường tự do,FinABSA_target_masked_headline_v1,0,Tỷ giá USD/Target vừa giảm mạnh trên thị trường tự do,The sentiment for Target in the given sentence is NEUTRAL.,neutral,,,,0.0,/home/huylkq/repos/nlp/FinABSA-Valid/MODEL/finabsa-other-masked-final_3epoch,Target,ok,neutral,2022-10-06 13:46:59+00:00,2022-10-06
0a03e79b9c9905f5_00,0a03e79b9c9905f5,https://cafef.vn/quy-dau-tu-cua-sgi-capital-bat-truot-day-gan-nua-trieu-co-phieu-hoa-phat-hpg-20221006114422429.chn,2022-10-06T11:44:00,2022-10-06T14:24:29+07:00,,Quỹ đầu tư của SGI Capital bắt đầu giải ngân mua cổ phiếu trong tháng 9,SGI Capital cho rằng định giá cho năm 2022 đã về gần đáy Covid và phản ánh rất nhiều rủi ro và áp lực thị trường đang gặp phải. Tháng 10 và quý 4 hứa hẹn sẽ còn nhiều tin xấu thử thách tâm lý và niềm tin của nhà đầu tư nhưng cũng mở ra những cơ hội với giá tốt nhất.,"TIN MỚI Theo báo cáo hoạt động mới công bố, quỹ đầu tư Ballad Fund thuộc SGI Capital đã có động thái giải ngân mạnh tay trong tháng 9 khi số dư tiền mặt tiếp tục giảm xuống còn 48 tỷ đồng (tỷ trọng 40,7%) trong khi con số này thời điểm cuối tháng 8 ở mức 63,3 tỷ đồng (tỷ trọng 57,8%). Ngược lại, tổng tài sản của quỹ tiếp tục tăng từ 109 tỷ đồng lên hơn 118 tỷ đồng tại thời điểm 31/8. Trong tháng 9, Ballad Fund đã mua thêm 496.000 cổ phiếu HPG và đưa khoản đầu tư này trở lại top đầu danh mục với tỷ trọng 12,1%. Như vậy, sau khi giải ngân thăm dò trong tháng trước, quỹ đã quyết định mạnh tay “bắt đáy” HPG nhưng đáng tiếc là cổ phiếu đầu ngành thép lại tiếp tục giảm mạnh đến thủng đáy và đang giao dịch quanh vùng giá thấp nhất trong vòng 23 tháng. Ballad Fund chỉ mua mới duy nhất cổ phiếu FPT trong tháng 9 với khối lượng 59.000 đơn vị (tỷ trọng 4%). Thực tế, cổ phiếu này trước đó thường xuyên nằm trong danh mục của quỹ nhưng đã bị bán hết trong tháng 8. Bên cạnh HPG, Ballad Fund còn tăng tỷ trọng MWG, MBB, VCB trong khi bán bớt TLG. Các cổ phiếu còn lại trong danh mục gồm PNJ, ACG, ACB, VNM không thay đổi lượng sở hữu nhưng đã bị giảm tỷ trọng so với cuối tháng trước. Ballad Fund mạnh tay giải ngân trong tháng 9 Trong bối cảnh thị trường biến động không thuận lợi trong tháng 9, hầu hết cổ phiếu trong danh mục của Ballad Fund đều có hiệu suất khá tệ. ACG là cái tên duy nhất tăng trong tháng 9 nhưng mức tăng chỉ ở mức 2,1% trong khi các cổ phiếu còn lại đều giảm mạnh, đặc biệt là cổ phiếu có tỷ trọng lớn nhất danh mục là MWG còn giảm đến 13,5%. Ghi nhận mức giảm 2 chữ số còn có bộ đôi cổ phiếu ngân hàng MBB, VCB. Tuy nhiên, hiệu suất của Ballad Fund trong tháng 9 chỉ âm 5,33% khả quan hơn khá nhiều so với mức giảm 11,59% của VN-Index cùng thời kỳ. Nhiều khả năng quỹ đầu tư này chỉ mới giải ngân mạnh tay vào giai đoạn cuối tháng khi thị trường chung cùng các cổ phiếu đã chiết khấu khá sâu. Tính từ đầu năm, quỹ thuộc SGI Capital ghi nhận hiệu suất âm gần 16% trong khi VN-Index đã giảm hơn 24,4%. Kết quả này phần nào đến từ động thái nắm giữ tỷ trọng tiền mặt cao trong giai đoạn thị trường giảm mạnh những tháng gần đây. Vẫn còn nhiều thử thách nhưng cơ hội đang dần mở ra Nhận định về sự sụt giảm trên diện trọng trong tháng 9, SGI Capital cho rằng việc thắt chặt tiền tệ toàn cầu đang đi vào giai đoạn căng thẳng nhất khi Fed sẽ tiếp tục nâng mạnh lãi suất (dự kiến +0,75%) vào tháng 11/2022 và sau đó chậm lại (dự kiến +0,5%) vào tháng 12. Những dòng vốn USD rẻ chảy ra toàn cầu trong 14 năm qua sẽ tiếp tục chịu áp lực rút đi khi cả lãi suất và USD tăng. Theo SGI Capital, xác suất suy thoái của kinh tế Mỹ cuối năm 2023 đang tăng cao nhưng kinh tế Mỹ có thể sẽ trải qua một đợt suy thoái thông thường thay vì khủng hoảng nghiêm trọng. Tâm lý bi quan vì lạm phát cao kéo dài, lãi suất sẽ tiếp tục tăng, tỷ giá tiếp tục căng thẳng, đồng thuận về khả năng suy thoái gây ảnh hưởng lớn tới lợi nhuận doanh nghiệp, bao trùm lên các nhà đầu tư tổ chức và cá nhân khắp toàn cầu. Theo dữ liệu lịch sử, mức độ bi quan cực điểm của nhà đầu tư như hiện nay là một chỉ báo thường xuất hiện ở các vùng đáy của thị trường chứng khoán. Nguồn: SGI Capital Trong 3 tháng tới, SGI Capital cho rằng áp lực rút tiền khỏi thị trường sẽ vẫn tiếp tục do nhu cầu thanh khoản và mặt bằng lãi suất tăng. Khi doanh nghiệp và cá nhân đang gặp khó khăn về tiếp cận vốn, áp lực nợ tới hạn sẽ buộc người vay chấp nhận mức lãi suất cao bất thường hoặc phải bán tài sản thanh khoản như chứng khoán bất kể định giá. Áp lực về trái phiếu doanh nghiệp đáo hạn lớn vào tháng 12/2022 cũng là một rủi ro trong bối cảnh Nghị định 65 đã hạn chế rất nhiều khả năng đảo nợ. Môi trường thiếu thanh khoản kéo dài sẽ là áp lực đào thải các tổ chức kinh doanh kém hiệu quả và phụ thuộc vay nợ để tồn tại. Nguồn: SGI Capital Khi các lãi suất đồng pha tăng lên mặt bằng mới, định giá của thị trường chứng khoán tháng qua đã chịu sức ép giảm nhanh về mức P/E dưới 12 lần, tương ứng mức của 2012 và cuối 2015 - giai đoạn lãi suất cao hơn hiện nay và vĩ mô của Việt Nam không ổn định như hiện tại. SGI Capital cho rằng, với VN-Index ở quanh 1.100 điểm, định giá cho năm 2022 đã về gần đáy Covid và đã phản ánh rất nhiều rủi ro và áp lực thị trường đang gặp phải. Theo SGI Capital, nhiều cổ phiếu đã giảm mạnh từ đỉnh về gần vùng định giá rẻ lịch sử và rủi ro của thị trường đang giảm đi đáng kể khi nhiều tin xấu dần bộc lộ và phần nào được phản ánh vào giá. “Tháng 10 và quý 4 hứa hẹn sẽ còn nhiều tin xấu khiến thị trường biến động mạnh, thử thách tâm lý và niềm tin của nhà đầu tư nhưng đó cũng là lúc thị trường chào mời những cơ hội với giá tốt nhất” – báo cáo của quỹ nhấn mạnh.",ita,ITA,Itaco,alias,0.98,auto_high_confidence,Quỹ đầu tư của Other CapTargetl bắt đầu giải ngân mua cổ phiếu trong tháng 9,Quỹ đầu tư của Other CapTargetl bắt đầu giải ngân mua cổ phiếu trong tháng 9,FinABSA_target_masked_headline_v1,0,Quỹ đầu tư của Other CapTargetl bắt đầu giải ngân mua cổ phiếu trong tháng 9,The sentiment for Target in the given sentence is NEUTRAL.,neutral,,,,0.0,/home/huylkq/repos/nlp/FinABSA-Valid/MODEL/finabsa-other-masked-final_3epoch,Target,ok,neutral,2022-10-06 11:44:00+00:00,2022-10-06
e504b37018977c26_00,e504b37018977c26,https://cafef.vn/vndirect-loi-suat-thu-nhap-chung-khoan-luc-nay-hap-dan-hon-muc-lai-suat-tien-gui-cua-cac-ngan-hang-thuong-mai-20221005224356329.chn,2022-10-06T06:06:41,,,VNDirect: Lợi suất thu nhập chứng khoán lúc này hấp dẫn hơn mức lãi suất tiền gửi của các ngân hàng thương mại,"VNDirect ước tính lợi suất thu nhập thị trường khoảng 11% năm 2022 - đây vẫn là mức hấp dẫn so với lãi suất huy động 12 tháng của các ngân hàng thương mại (bình quân ở mức 6,4-6,5% vào cuối năm 2022).","TIN MỚI Kết thúc phiên giao dịch tháng 9, VN-Index giảm mạnh 11,6% trước những lo ngại liên quan đến rủi ro lạm phát và lãi suất. Nếu so với mức điểm hồi đầu năm, chỉ số đã ghi nhận mức giảm 24,4%. Câu hỏi lớn lúc này là liệu thị trường đã phản ánh hết những rủi ro? Vĩ mô Việt Nam duy trì tích cực﻿ Nhân định về bối cảnh vĩ mô, báo cáo chiến lược Chứng khoán VNDirect cho rằng nền kinh tế Việt Nam vẫn đang trong trạng thái tích cực. Cụ thể, trong 9 tháng đầu năm, nền kinh tế Việt Nam tăng trưởng vượt dự báo ở mức 8,8% so với cùng kỳ. Dự phóng tăng trưởng GDP Việt Nam năm 2022 đạt 7,8% và năm 2023 ở mức 6,9% so với cùng kỳ. Tuy nhiên, VNDirect cho rằng mức lạm phát Mỹ sẽ tiếp tục duy trì ở mức tương đối cao cho đến cuối năm 2022 trước khi bắt đầu hạ nhiệt nhanh hơn từ đầu quý 2/2023, bởi vẫn cần thêm thời gian để chính sách tăng lãi suất của Fed có tác động thực sự mạnh mẽ tới lạm phát. Chính sách thắt chặt tiền tệ của Fed sẽ giúp giảm kỳ vọng lạm phát của người dân và làm hạ nhiệt sự gia tăng nóng trong nhu cầu tiêu dùng, từ đó giúp hạ nhiệt lạm phát nhanh hơn trong những quý tới. Tuy vậy, điểm sáng tại Việt Nam là mức lạm phát dù tăng trong tháng 9 nhưng vẫn nằm trong tầm kiểm soát. Đội ngũ phân tích cho rằng với hàng loạt giải pháp quyết liệt để kiềm chế lạm phát trong thời gian qua, bao gồm giảm thuế đối với mặt hàng xăng dầu nhằm hạ giá xăng dầu trong nước, Chính phủ có thể giữ mức tăng lạm phát bình quân dưới 4% so với cùng kỳ trong năm nay. Theo đó, VNDirect dự phóng CPI bình quân Việt Nam năm 2022 ở mức 3,2% so với cùng kỳ năm ngoái. Tuy nhiên, báo cáo cũng nhấn mạnh rủi ro hạ dự báo tăng trưởng lợi nhuận của các doanh nghiệp niêm yết. Theo đó, chi phí nợ vay tăng và nhu cầu toàn cầu giảm có thể làm giảm triển vọng lợi nhuận của các công ty có đòn bẩy tài chính cao trong những quý tới. Mặc dù vẫn duy trì dự báo lợi nhuận của các doanh nghiệp niêm yết trên sàn HOSE tăng trưởng 23% so với cùng kỳ trong 2022, nhưng hạ dự báo tăng trưởng lợi nhuận cho năm 2023 sau khi kết quả kinh doanh quý 3 năm nay được công bố. Liệu thị trường đã phản ánh hết rủi ro? Tại thời điểm cuối tháng 9, VN-Index đang giao dịch ở mức P/E 12 tháng là 12,2 lần – mức thấp nhất trong vòng 29 tháng. Mức định giá này đã chiết khấu 31% so với mức đỉnh trong năm nay và thấp hơn 23% so với P/E trung bình 5 năm. Đội ngũ phân tích nhận thấy định giá thị trường hiện tại thậm chí còn thấp hơn so với giai đoạn 2017-2019 khi mặt bằng lãi suất huy động ở mức cao hơn hiện nay (lãi suất huy động trung bình 12 tháng ở mức 7%. VNDirect cho rằng VN-Index đang cung cấp biên an toàn về định giá. Mặc dù định giá ở mức thấp so với quá khứ, song lãi suất tăng ảnh hưởng đến định giá của thị trường chứng khoán. Nguyên nhân đến từ chi phí cơ hội khi đầu tư vào chứng khoán cao hơn và chi phí lãi vay cao hơn làm giảm tốc độ tăng trưởng lợi nhuận của doanh nghiệp. Tuy vậy, chuyên gia phân tích cho rằng sự sụt giảm vừa qua của VN-Index và định giá P/E của thị trường đã phản ánh phần lớn lo ngại về triển vọng lãi suất tăng ảnh hưởng đến thị trường chứng khoán. Theo đó, dự báo lãi suất huy động bình quân kỳ hạn 12 tháng vào khoảng 6,4-6,5%/năm vào cuối năm 2022. Đặc biệt, lãi suất huy động kỳ hạn 12 tháng của một số ngân hàng nhỏ có thể lên mức 7-8%/năm. Dựa trên dự báo tăng trưởng lợi nhuận 23% so với cùng kỳ trong năm 2022, VNDirect ước tính tỷ suất lợi nhuận trên giá của VN-Index là khoảng 9,3%. Cùng với tỷ suất cổ tức 1,7%, lợi suất thu nhập thị trường ước tính khoảng 11% - đây vẫn là mức hấp dẫn so với lãi suất huy động 12 tháng của các ngân hàng thương mại (bình quân ở mức 6,4-6,5% vào cuối năm 2022). Kết luận, đội ngũ phân tích kỳ vọng chỉ số VN-Index dao động trong khoảng 1.050-1.180 điểm trong tháng 10 . Mặt khác, vẫn còn một số rủi ro giảm đối với thị trường như (1) lạm phát tại Mỹ giảm chậm hơn so với dự kiến, (2) Fed tăng lãi suất chính sách nhanh hơn dự kiến và (3) đồng đô la Mỹ tiếp tục mạnh lên, gây thêm áp lực lên tỷ giá hối đoái của Việt Nam, lãi suất và dòng vốn đầu tư nước ngoài. Về chiến lược đầu tư, nhà đầu tư lưu ý tỷ trọng cổ phiếu trong danh mục nên duy trì ở mức vừa phải, chiếm khoảng 50-70% danh mục. Đặc biệt, nhà đầu tư nên hạn chế sử dụng đòn bẩy (margin) trong thời điểm hiện tại để giảm thiểu rủi ro. Lãi suất có thể tiếp tục tăng trong những quý tới, do đó, các nhà đầu tư nên duy trì sự thận trọng và cân nhắc dịch chuyển chiến lược đầu tư sang nắm giữ cổ phiếu giá trị và chi trả cổ tức cao. Các cổ phiếu duy trì trạng thái tiền mặt ròng nhưng được giao dịch dưới giá trị sổ sách có thể mang đến biên độ an toàn tốt hơn.",VND,VND,VNDIRECT,alias,0.98,auto_high_confidence,Targetirect: Lợi suất thu nhập chứng khoán lúc này hấp dẫn hơn mức lãi suất tiền gửi của các ngân hàng thương mại,Targetirect: Lợi suất thu nhập chứng khoán lúc này hấp dẫn hơn mức lãi suất tiền gửi của các ngân hàng thương mại,FinABSA_target_masked_headline_v1,0,Targetirect: Lợi suất thu nhập chứng khoán lúc này hấp dẫn hơn mức lãi suất tiền gửi của các ngân hàng thương mại,The sentiment for Target in the given sentence is NEUTRAL.,neutral,,,,0.0,/home/huylkq/repos/nlp/FinABSA-Valid/MODEL/finabsa-other-masked-final_3epoch,Target,ok,neutral,2022-10-06 06:06:41+00:00,2022-10-06
408f8c45538b5bce_00,408f8c45538b5bce,https://cafef.vn/tung-ho-thi-truong-co-the-len-1832-diem-acbs-ha-du-bao-vn-index-xuong-1351-diem-vao-cuoi-nam-20221015203243371.chn,2022-10-15T20:33:07,,,"Từng ""hô"" thị trường có thể lên 1.832 điểm, ACBS hạ dự báo VN-Index xuống 1.351 điểm vào cuối năm","ACBS hạ dự báo VN-Index giảm xuống còn 1.351 điểm đến cuối năm, giảm khá mạnh so với mức dự báo 1.832 điểm trong báo cáo hồi đầu năm.","TIN MỚI Chứng khoán Việt Nam liên tục trồi sụt mạnh giữa “cơn bão” biến động của thị trường toàn cầu. Tính đến thời điểm hiện tại, VN-Index đã giảm xấp xỉ 30% so với mức đỉnh 1.525 thiết lập hồi đầu năm. ﻿Thị trường ngắn hạn vẫn còn nhiều rủi ro Trong báo cáo chiến lược mới công bố, Chứng khoán ACBS cho rằng đà giảm sâu đã đưa định giá thị trường về mức hấp dẫn hơn so với các thị trường ngang hàng và đem đến mức giá hấp dẫn cho các nhà đầu tư đang nắm giữ tiền mặt có thể tích lũy cổ phiếu ở mức định giá tương đối thấp. Theo ước tính của ACBS, P/E dự phóng của VN-Index là 10,9 dựa trên mức tăng trưởng thu nhập ước tính là 20,4% cho năm 2022. Với mức định giá này, hiện chứng khoán Việt Nam tương đối hấp dẫn để đầu tư trong dài hạn so với các thị trường ngang hàng. Trong dài hạn , ACBS cho rằng VN-Index đang giao dịch ở mức định giá hấp dẫn. Thị trường niêm yết của Việt Nam có vị thế tốt để tiếp tục phát triển song song với nền kinh tế nói chung. Triển vọng tăng trưởng lợi nhuận cao đến từ nền tảng kinh tế vĩ mô với triển vọng lạc quan trong dài hạn và sức khỏe tài chính của các công ty niêm yết. Làn sóng xử lý vi phạm trên thị trường gần đây sẽ có lợi cho sự phát triển bền vững lâu dài của thị trường. Mặt khác, sự gia tăng của tầng lớp trung lưu và tăng trưởng thu nhập khả dụng sẽ hỗ trợ tiêu dùng trong nước tiếp tục tăng trưởng. Xu hướng chuyển dịch sản xuất trong dài hạn sang Việt Nam và sự hội nhập ngày càng sâu rộng của đất nước với nền kinh tế toàn cầu với 15 hiệp định thương mại song phương và đa phương tạo tiền đề cho Việt Nam sẽ tiếp tục thịnh vượng trong nhiều năm tới. Việc phát triển thị trường vốn và việc nâng hạng Việt Nam thành thị trường mới nổi chỉ là vấn đề thời gian, điều này sẽ mở ra cánh cửa cho một lượng lớn vốn nước ngoài đổ vào thị trường. Trong ngắn hạn , đội ngũ phân tích cho rằng sự bất ổn trên thị trường vẫn sẽ tiếp diễn và tâm lý tiêu cực của thị trường sẽ còn tồn tại do tình trạng bất ổn vĩ mô toàn cầu tiếp tục chiếm ưu thế trong tâm trí các nhà đầu tư. Tuy lạc quan về lợi nhuận quý 3 của doanh nghiệp, nhưng việc lấy lại xu hướng tăng mạnh của thị trường sẽ là một thách thức trừ khi có một chất xúc tác mạnh mẽ để thay đổi tâm lý nhà đầu tư. Trên toàn cầu, lạm phát cao ở các thị trường phát triển dường như là mối quan tâm hàng đầu của các nhà hoạch định chính sách, thay vì tránh suy thoái hoặc đạt được mục tiêu “hạ cánh mềm”. Do đó, các hành động thắt chặt chính sách tiền tệ sẽ tiếp tục ảnh hưởng tới thị trường vốn. Hạ dự báo VN﻿-Index Với những phân tích trên, ACBS cho rằng thị trường sẽ hồi phục mạnh mẽ và trở lại đỉnh lịch sử vào năm 2023. Tuy nhiên, nhóm phân tích vẫn điều chỉnh kỳ vọng cho quý còn lại của năm khi thấy rõ rằng thị trường đang trong giai đoạn suy giảm tâm lý khi đối mặt với các sự kiện bên trong và bên ngoài. Trong báo cáo hồi đầu năm nay, ACBS từng đưa ra dự báo VN-Index có thể chạm mốc 1.832 vào năm 2022 trong kịch bản lạc quan nhờ những triển vọng tích cực sau khi phục hồi sau dịch Covid. Thời điểm hiện tại, dù trong kịch bản lạc quan, ACBS cho rằng VN-Index cuối năm khó có thể đạt 1.356 điểm như kỳ vọng. Thậm chí, chỉ số còn có thể “nhúng” xuống 997 điểm trong kịch bản xấu. Trong kịch bản cơ sở , ACBS nâng nhẹ triển vọng thu nhập của VN-Index lên 20,4% vào cuối năm 2022 nhờ các ngành ngân hàng, vận tải, bất động sản và tiện ích. Mặc dù cho rằng thị trường sẽ khởi sắc trong quý cuối cùng của năm trên cơ sở thu nhập doanh nghiệp vẫn ổn định và môi trường vĩ mô có thể duy trì quỹ đạo hiện tại trong bối cảnh khó khăn toàn cầu. Tuy nhiên việc đạt được mức định giá trung bình ba năm gần đây khoảng 15.5x sẽ là một thách thức, khả năng chỉ số VN-Index sẽ giao dịch trong phạm vi tương ứng với các giai đoạn lãi suất tăng khi thị trường vốn đang phải đối mặt với sự cạnh tranh ngày càng tăng từ các kênh đầu tư khác, chẳng hạn như tiền gửi với lãi suất cao. Theo đó, chỉ số sẽ giao dịch quanh mức 1.250 điểm vào cuối năm 2022. Trong kịch bản lạc quan dựa trên việc nối lại các chuyến bay quốc tế trên thế giới kết hợp với hiệu ứng tích cực từ gói tài chính tiền tệ của Việt Nam giúp thu nhập doanh nghiệp vượt kỳ vọng và tâm lý nhà đầu tư lạc quan hơn vào cuối năm khi các vấn đề thế giới và trong nước được giải quyết hoặc có dấu hiệu đáng kể cho thấy điều tồi tệ nhất đã qua. Dựa trên kịch bản đó, kỳ vọng thu nhập sẽ tăng đưa chỉ số đạt mức 1.300-1.400 điểm. Tuy nhiên, năm nay sắp kết thúc khi chúng ta đã bắt đầu quý 4, kịch bản này có vẻ khó xảy ra do tâm lý toàn cầu tiếp tục tồi tệ mà không có nhiều chất xúc tác cho một sự thay đổi dường như đang diễn ra. Trong kịch bản bi quan xảy ra khi sự bất ổn và sợ hãi tiếp tục bao trùm các thị trường toàn cầu với những lo ngại về lạm phát tăng mạnh, các ngân hàng trung ương diều hâu hơn, lo ngại ngày càng tăng về suy thoái toàn cầu và sự suy thoái ở Trung Quốc tiếp tục làm căng thẳng chuỗi cung ứng toàn cầu. Điều này sẽ dẫn đến thu nhập giảm so với kỳ vọng và tâm lý quá bi quan sẽ thống lĩnh thị trường. Trong kịch bản này, chỉ số sẽ chật vật để tăng điểm vào cuối năm và kết thúc năm quanh mốc 1.000 điểm.",ACB,ACB,ACB,alias,0.98,auto_high_confidence,"Từng ""hô"" thị trường có thể lên 1.832 điểm, TargetS hạ dự báo VN-Index xuống 1.351 điểm vào cuối năm","Từng ""hô"" thị trường có thể lên 1.832 điểm, TargetS hạ dự báo VN-Index xuống 1.351 điểm vào cuối năm",FinABSA_target_masked_headline_v1,0,"Từng ""hô"" thị trường có thể lên 1.832 điểm, TargetS hạ dự báo VN-Index xuống 1.351 điểm vào cuối năm",The sentiment for Target in the given sentence is NEUTRAL.,neutral,,,,0.0,/home/huylkq/repos/nlp/FinABSA-Valid/MODEL/finabsa-other-masked-final_3epoch,Target,ok,neutral,2022-10-15 20:33:07+00:00,2022-10-15
1bb342a7430f9d11_00,1bb342a7430f9d11,https://cafef.vn/tap-doan-flc-thong-bao-ngay-chot-danh-sach-co-dong-tham-du-dhdcd-thuong-nien-2022-20221015202056085.chn,2022-10-15T20:21:20,,,Tập đoàn FLC thông báo ngày chốt danh sách cổ đông tham dự ĐHĐCĐ thường niên 2022,FLC dự kiến sẽ tổ chức cuộc họp Đại hội đồng cổ đông thường niên năm 2022 vào cuối tháng 11/2022.,"FLC: Giá hiện tại Thay đổi Xem hồ sơ doanh nghiệp TIN MỚI Trong thông báo ngày 15/10, CTCP Tập đoàn FLC công bố Nghị quyết của HĐQT về việc triệu tập đại hội đồng cổ đông thường niên 2022 để thông qua các vấn đề thuộc thẩm quyền của đại hội cổ đông. Cụ thể, ngày đăng ký cuối cùng để chốt danh sách cổ đông dự họp là 4/11/2022. Thời gian và địa điểm tổ chức đại hội thường niên sẽ được FLC thông báo tới cổ đông sau. Trước đó, trong ngày 12/10, Tập đoàn FLC đã thông báo sẽ triển khai thủ tục triệu tập cuộc họp ĐHĐCĐ thường niên 2022 thông qua nội dung lựa chọn đơn vị kiểm toán thực hiện kiểm toán, soát xét các Báo cáo tài chính năm 2022. Dự kiến cuộc họp Đại hội đồng cổ đông thường niên năm 2022 của Tập đoàn FLC sẽ được tổ chức vào cuối tháng 11/2022. Trên cơ sở quyết định của Đại hội đồng cổ đông thường niên năm 2022, Tập đoàn FLC sẽ phối hợp với đơn vị kiểm toán được lựa chọn và thực hiện công bố thông tin các Báo cáo tài chính bán niên soát xét năm 2022 ngay sau khi phát hành. Cổ phiếu FLC bị đình chỉ giao dịch từ ngày 9/9/2022 do chậm công bố Báo cáo tài chính kiểm toán năm 2021 và chưa tổ chức ĐHCĐ thường niên 2022. Lý do chưa thể tổ chức đại hội cổ đông thường niên 2022 vì Công ty chưa hoàn tất báo cáo tài chính kiểm toán năm 2021. Tuy nhiên, trong thông báo mới đây, Tập đoàn FLC cho biết đã ký Hợp đồng cung cấp dịch vụ kiểm toán các Báo cáo tài chính năm 2021 với Công ty TNHH Kiểm toán và Tư vấn UHY. FLC và Công ty TNHH Kiểm toán và Tư vấn UHY đã thống nhất và triển khai kế hoạch kiểm toán. Theo kế hoạch, Tập đoàn FLC cho biết các báo cáo tài chính kiểm toán năm 2021 sẽ được phát hành và công bố thông tin vào cuối tháng 10/2022. Trên cơ sở số liệu tài chính đã được kiểm toán, Tập đoàn FLC sẽ hoàn thiện nội dung Báo cáo thường niên năm 2021 và thực hiện công bố thông tin dự kiến trong tháng 11/2022.",FLC,FLC,FLC Group,alias,0.98,auto_high_confidence,Tập đoàn Target thông báo ngày chốt danh sách cổ đông tham dự ĐHĐCĐ thường niên 2022,Tập đoàn Target thông báo ngày chốt danh sách cổ đông tham dự ĐHĐCĐ thường niên 2022,FinABSA_target_masked_headline_v1,0,Tập đoàn Target thông báo ngày chốt danh sách cổ đông tham dự ĐHĐCĐ thường niên 2022,The sentiment for Target in the given sentence is NEUTRAL.,neutral,,,,0.0,/home/huylkq/repos/nlp/FinABSA-Valid/MODEL/finabsa-other-masked-final_3epoch,Target,ok,neutral,2022-10-15 20:21:20+00:00,2022-10-15
789286c8f37f24e5_00,789286c8f37f24e5,https://cafef.vn/hoang-anh-gia-lai-hagl-dung-2505-trieu-co-phieu-gia-suc-lo-pang-bao-lanh-cho-khoan-vay-moi-tai-tpbank-20221015193745313.chn,2022-10-15T19:49:08,2022-10-15T19:49:49+07:00,,"Hoàng Anh Gia Lai (HAGL) dùng 25,05 triệu cổ phiếu Gia súc Lơ Pang bảo lãnh cho khoản vay mới tại TPBank","Năm 2021, HAGL từng cho biết Gia súc Lơ Pang định giá khoảng 2.000 tỷ đồng. Bức tranh kinh doanh sáng hơn đưa dòng vốn tín dụng dần trở lại với HAGL.","HAG: Giá hiện tại Thay đổi Xem hồ sơ doanh nghiệp TIN MỚI CTCP Hoàng Anh Gia Lai (HAGL, mã chứng khoán HAG ) vừa công bố Nghị quyết HĐQT, thông qua cam kết bảo lãnh cho toàn bộ nghĩa vụ tín dụng của CTCP Gia súc Lơ Pang tại Ngân hàng TMCP Tiên Phong (TPBank). Cụ thể, HAGL sẽ sử dụng 25,05 triệu cổ phần Gia súc Lơ Pang thuộc sở hữu Công ty để cam kết bảo lãnh cho toàn bộ nghĩa vụ của Gia súc Lơ Pang. HAGL uỷ quyền cho ông Võ Trường Sơn - Tổng Giám đốc - làm đại diện Công ty ký các văn bản theo quy định. Được biết, Gia súc Lơ Pang chính thức sáp nhập với HAGL vào cuối năm 2021. Công ty đang hoạt động trong mảng nông nghiệp, cụ thể là trồng chuối và nuôi heo (cùng với Chăn nuôi Gia Lai). Gia súc Lơ Pang đảm nhận chính khu vực phía Nam của Tập đoàn. Chia sẻ tại Đại hội năm 2021, HAGL cho biết Gia súc Lơ Pang lúc bấy giờ định giá khoảng 2.000 tỷ đồng, đang nuôi sản lượng heo 10.000 con, và trồng 1.600 ha chuối. Bức tranh kinh doanh sáng hơn đưa dòng vốn tín dụng dần trở lại với HAGL. Trước đó, Công ty cũng được ngân hàng là VPBank cấp tín dụng hạn mức 500 tỷ đồng. Chiều ngược lại, với những dư nợ tồn đọng, HAGL đang lên kế hoạch xử lý dứt điểm. Mới đây, Công ty công bố chi tiết các khoản trái phiếu hiện còn lại bao gồm: + Trái phiếu phát hành ngày 30/12/2016: dư nợ gốc hiện nay là 5.271 tỷ đồng, ngày đáo hạn 31/12/2026; + Trái phiếu phát hành ngày 18/6/2012: dư nợ gốc hiện nay là 300 tỷ đồng, ngày đáo hạn 30/9/2023. Cả 2 khoản trái phiếu này đều có đủ TSĐB cho dư nợ hiện tại. Công ty cũng đã hoàn tất hồ sơ chào bán riêng lẻ huy động 1.700 tỷ đồng, dự kiến thực hiện trong năm 2022. Bầu Đức: ""Phải có tên trong danh sách tỷ phú thế giới chứ không đơn thuần là người giàu Việt Nam""",HAG,HAG,Hoang Anh Gia Lai,alias,0.98,auto_high_confidence,"Hoàng Anh Gia Lai (TargetL) dùng 25,05 triệu cổ phiếu Gia súc Lơ Pang bảo lãnh cho khoản vay mới tại TPBank","Hoàng Anh Gia Lai (TargetL) dùng 25,05 triệu cổ phiếu Gia súc Lơ Pang bảo lãnh cho khoản vay mới tại TPBank",FinABSA_target_masked_headline_v1,0,"Hoàng Anh Gia Lai (TargetL) dùng 25,05 triệu cổ phiếu Gia súc Lơ Pang bảo lãnh cho khoản vay mới tại TPBank",The sentiment for Target in the given sentence is NEUTRAL.,neutral,,,,0.0,/home/huylkq/repos/nlp/FinABSA-Valid/MODEL/finabsa-other-masked-final_3epoch,Target,ok,neutral,2022-10-15 19:49:08+00:00,2022-10-15
7786c856c02df086_00,7786c856c02df086,https://cafef.vn/thien-tan-ban-ra-hon-3-trieu-co-phieu-dig-ngay-truoc-khi-chu-tich-dic-corp-tuyen-bo-mua-vao-co-phieu-neu-gia-duoi-30000-dong-20221015162913771.chn,2022-10-15T16:39:24,2022-10-15T16:40:06+07:00,,Thiên Tân bán ra hơn 3 triệu cổ phiếu DIG ngay trước khi Chủ tịch DIC Corp tuyên bố mua vào cổ phiếu nếu giá dưới 30.000 đồng,"Trên thị trường, thị giá DIG đã giảm 74% so với đỉnh tháng 1, giao dịch quanh vùng 25.000 đồng/cp","DIG: Giá hiện tại Thay đổi Xem hồ sơ doanh nghiệp TIN MỚI Trong thông báo mới nhất, Công ty cổ phần Đầu tư Phát triển Thiên Tân vừa bán ra gần 3,4 triệu cổ phiếu DIG của Tổng Công ty Cổ phần Đầu tư Phát triển Xây dựng (DIC Corp). Sau giao dịch, tỷ lệ sở hữu của tổ chức này tại DIG giảm còn 15,46% vốn điều lệ, tương ứng hơn 94 triệu cổ phần. Giao dịch được thực hiện trong phiên 11/10/2022. Tạm tính theo giá chốt phiên cùng ngày là 24.650 đồng/cổ phiếu, ước tính Thiên Tân đã thu về số tiền khoảng 83 tỷ đồng. Đáng chú ý, động thái bán ra cổ phiếu của Thiên Tân diễn ra ngay trước thời điểm tổ chức ĐHĐCĐ bất thường của DIG (12/10). Trong phiên họp này, ﻿Chủ tịch HĐQT DIG Nguyễn Thiện Tuấn đã tỏ ra bất ngờ khi giá cổ phiếu DIG liên tục giảm trong thời gian qua. Ông cũng khẳng định nếu giá cổ phiếu DIG sau ngày 30/10 vẫn dưới 30.000 đồng/co, bản thân ông sẽ đăng ký mua thêm 10 triệu cổ phiếu. Ngoài ra, đây cũng là thời điểm hơn 38 triệu cổ phiếu DIG được mua trong đợt phát hành riêng lẻ tháng 10/2021 hết bị hạn chế chuyển nhượng giao dịch. Cụ thể, vào 7/10/2021, DIC Corp thực hiện phát hành riêng lẻ 75 triệu cổ phiếu với giá 20.000 đồng/cp. Thiên Tân khi ấy là tổ chức đăng ký mua vào khối lượng lớn với việc gom thêm 38 triệu cp, tương ứng gần 51% tổng lượng cổ phiếu. Số cổ phiếu trong đợt chào bán này bị hạn chế chuyển nhượng trong 1 năm. Như vậy, tới ngày 7/10/2022 vừa qua, toàn bộ lượng cổ phiếu phát hành riêng lẻ bao gồm cả số cổ phiếu Thiên Tân mua vào đã được tự do chuyển nhượng. Theo tìm hiểu, Thiên Tân là tổ chức liên tục xuất hiện trong những đợt phát hành riêng lẻ giá ưu đãi của DIC Corp, có liên quan đến Chủ tịch Tuấn. Ngoài đợt tháng 10/2021 kể trên, hồi năm 2015, Thiên Tân từng mua gần 5 triệu trên tổng số gần 20 triệu cổ phiếu riêng lẻ với giá chỉ 10.600 đồng. Tuy nhiên, tới giai đoạn từ tháng 8 đến tháng 10 năm 2021, Thiên Tân bắt đầu có động thái thoái vốn mạnh tại DIC Corp, bán ra hàng chục triệu cổ phiếu trong bối cảnh thị giá đang có đà tăng mạnh theo nhịp sóng cổ phiếu bất động sản. Tới giữa năm 2022, tổ chức này tiếp tục bán ra thêm hàng triệu cổ phiếu DIG. Giá cổ phiếu DIG khi ấy chứng kiến sự lao dốc mạnh do áp lực bán từ các cổ đông lớn (ngoài Thiên Tân còn cả nhóm Him Lam), rơi về quanh vùng giá 35.000 đồng/cp, giảm hơn 70% so với vùng đỉnh lịch sử vào đầu tháng 1/2022. Kế hoạch phát hành 100 triệu cổ phiếu tiếp tục được hạ mức giá chào bán xuống 15.000 đồng﻿ Về tình hình kinh doanh của DIG, theo số liệu BCTC hợp nhất bán niên năm 2022, lãi trước thuế 6 tháng của DIC Corp đạt hơn 183 tỷ đồng, chỉ mới hoàn thành gần 10% kế hoạch cả năm. Điều này đồng nghĩa, công ty phải đạt hơn 1.700 tỷ đồng trong kỳ BCTC quý 3 và quý 4 năm nay để hoàn thành mục tiêu lãi 1.900 tỷ đồng. Tính tới 30/6/2022, DIC Corp vẫn đang ghi nhận 1.298 tỷ đồng phải thu dài hạn đối với Thiên Tân. Theo thuyết minh, đây là các khoản tiền góp vốn để hợp tác đầu tư giữa CTCP Đầu tư Đức Hoà III – Resco và CTCP Đầu tư Phát triển Thiên Tân. Thông tin đáng chú ý, trong cuộc họp ĐHĐCĐ bất thường vừa diễn ra ngày 12/10, DIG đã trình kế hoạch chào bán 100 triệu cổ phiếu (tỷ lệ chào bán 24,596%) cho các cổ đông hiện hữu, giá chào bán 15.000 đồng/cổ phiếu. Số tiền huy động 1.500 tỷ đồng dự kiến được dùng để đầu tư dự án Khu đô thị du lịch Long Tân và thời gian dự kiến từ quý 4/2022 đến quý 1/2023. Mức giá chào bán này đã thấp hơn 25% so với tờ trình ĐHĐCĐ bất thường lần 1 (20.000 đồng/cp) và chỉ bằng một nửa so với kế hoạch thông qua tại ĐHĐCĐ thường niên năm 2022. Trên thị trường, chốt phiên 14/10, thị giá DIG đạt 25.550 đồng/cp, giảm 74% so với đỉnh tháng 1.",DIG,DIG,,ticker_context_rule,0.95,auto_high_confidence,Thiên Tân bán ra hơn 3 triệu cổ phiếu Target ngay trước khi Chủ tịch Other Corp tuyên bố mua vào cổ phiếu nếu giá dưới 30.000 đồng,Thiên Tân bán ra hơn 3 triệu cổ phiếu Target ngay trước khi Chủ tịch Other Corp tuyên bố mua vào cổ phiếu nếu giá dưới 30.000 đồng,FinABSA_target_masked_headline_v1,0,Thiên Tân bán ra hơn 3 triệu cổ phiếu Target ngay trước khi Chủ tịch Other Corp tuyên bố mua vào cổ phiếu nếu giá dưới 30.000 đồng,The sentiment for Target in the given sentence is NEUTRAL.,neutral,,,,0.0,/home/huylkq/repos/nlp/FinABSA-Valid/MODEL/finabsa-other-masked-final_3epoch,Target,ok,neutral,2022-10-15 16:39:24+00:00,2022-10-15
259e0c0a07c493a9_00,259e0c0a07c493a9,https://cafef.vn/vinacapital-bi-ubcknn-xu-phat-do-khong-bao-cao-giao-dich-chung-khoan-cua-nguoi-noi-bo-20221015133648463.chn,2022-10-15T13:37:11,,,VinaCapital bị UBCKNN xử phạt do không báo cáo giao dịch chứng khoán của người nội bộ,VinaCapital còn bị phạt tiền 60 triệu đồng vì đã có hành vi vi phạm hành chính khi bố trí người chưa có chứng chỉ hành nghề chứng khoán thực hiện nghiệp vụ,"TIN MỚI Ngày 12/10/2022, Ủy ban Chứng khoán Nhà nước (UBCKNN) đã ban hành quyết định về việc xử phạt vi phạm hành chính đối với Công ty cổ phần Quản lý quỹ VinaCapital. Cụ thể, ﻿VinaCapital bị phạt tiền 60 triệu đồng vì đã có hành vi vi phạm hành chính khi bố trí người chưa có chứng chỉ hành nghề chứng khoán thực hiện nghiệp vụ, vị trí mà theo quy định pháp luật phải có chứng chỉ hành nghề chứng khoán. Theo đó, VinaCapital đã bố trí ông Diên Hồng Thọ - nhân viên chưa có chứng chỉ hành nghề quản lý quỹ trực tiếp thực hiện phân tích đầu tư. Song song, VinaCapital còn bị phạt tiền 125 triệu đồng do vi phạm quy định về hạn chế đối với nhân viên làm việc tại công ty quản lý quỹ đầu tư chứng khoán. Trong giai đoạn từ tháng 9/2021 đến tháng 12/2021, các giao dịch chứng khoán của nhân viên của công ty quản lý quỹ không được báo cáo đầy đủ cho bộ phận kiểm soát nội bộ trước và ngay sau khi giao dịch. Tổng cộng số tiền phạt của VinaCapital là 185 triệu đồng.",ita,ITA,Itaco,alias,0.98,auto_high_confidence,VinaCapTargetl bị UBCKNN xử phạt do không báo cáo giao dịch chứng khoán của người nội bộ,VinaCapTargetl bị UBCKNN xử phạt do không báo cáo giao dịch chứng khoán của người nội bộ,FinABSA_target_masked_headline_v1,0,VinaCapTargetl bị UBCKNN xử phạt do không báo cáo giao dịch chứng khoán của người nội bộ,The sentiment for Target in the given sentence is NEUTRAL.,neutral,,,,0.0,/home/huylkq/repos/nlp/FinABSA-Valid/MODEL/finabsa-other-masked-final_3epoch,Target,ok,neutral,2022-10-15 13:37:11+00:00,2022-10-15
7b0719ad0019f328_00,7b0719ad0019f328,https://cafef.vn/dragon-capital-gom-them-gan-3-trieu-co-phieu-pv-drilling-pvd-20221014173635945.chn,2022-10-14T17:36:57,,,Dragon Capital gom thêm gần 3 triệu cổ phiếu PV Drilling (PVD),"Cổ phiếu PVD chốt phiên 14/10 đạt 20.100 đồng/cp, tăng hơn 47% so với vùng đáy hồi đầu tháng 7/2022.","PVD: Giá hiện tại Thay đổi Xem hồ sơ doanh nghiệp TIN MỚI Trong báo cáo mới nhất, nhóm quỹ thuộc Dragon Capital quản lý vừa công bố mua vào gần 2,6 triệu cổ phiếu PVD của Tổng Công ty Cổ phần Khoan và Dịch vụ Khoan Dầu khí (PV Drilling). Sau giao dịch tỷ lệ sở hữu của Dragon Capital tại PVD tăng từ 6,69% (37,1 triệu cổ phiếu) lên 7,15% vốn điều lệ (39,7 triệu cổ phiếu). Giao dịch được thực hiện trong phiên 12/10. Tạm tính theo giá đóng cửa cùng phiên là 19.850 đồng/cp, quỹ ngoại này chi ra khoảng 51 tỷ đồng để hoàn tất thương vụ trên. Trước đó, vào tháng 9, Dragon Capital vừa mua thêm 3,1 triệu cổ phiếu PVD, tăng sở hữu từ 4,77% lên 5,33% qua đó trở thành cổ đông lớn từ ngày 7/9. Động thái Dragon Capital khi đó gây bất ngờ bởi lẽ cổ phiếu PVD trong vài ngày trước vừa bị Sở Giao dịch chứng khoán TP HCM (HoSE) đưa vào danh sách chứng khoán không đủ điều kiện giao dịch ký quỹ (margin), nguyên do lợi nhuận sau thuế cổ đông công ty mẹ của PV Drilling 6 tháng năm 2022 là số âm với gần 116 tỷ đồng. Trên báo cáo tài chính tự lập quý 2, PV Drilling đã ghi nhận khoản lỗ ròng hợp nhất 74 tỷ đồng. Trong kỳ, doanh thu thuần vẫn tăng hơn 35% lên 1.505 tỷ đồng nhưng giá vốn thậm chí còn tăng mạnh hơn khiến biên lãi sụt giảm. Ngoài ra, PV Drilling còn phải chịu lỗ tỷ giá trong khi doanh thu từ hoạt động tài chính chủ yếu là lãi tiền gửi và cho vay sụt giảm. Dù thua lỗ vậy, PVD vẫn được nhiều công ty chứng khoán đánh giá cao khả năng có lãi trong năm 2022 nhờ diễn biến leo thang về giá dầu. SSI Research dự báo lợi nhuận của PV Drilling năm 2022 có thể quanh mức hòa vốn với dự phóng LNST 6 tháng cuối năm 2022 đạt 162 tỷ đồng, tăng 708% so với cùng kỳ. VNDirect lạc quan hơn với dự phóng lợi nhuận ròng năm 2022 của PV Drilling có thể đạt 96 tỷ đồng, tăng 388% so với cùng kỳ với giả định giá thuê trung bình giàn JU năm 2022 sẽ đạt 61.000 USD, cao hơn 17% cùng kỳ. Cổ phiếu PVD chốt phiên 14/10 đạt 20.100 đồng/cp, tăng hơn 47% so với vùng đáy hồi đầu tháng 7/2022. Về giao dịch của Dragon Capital trên thị trường, nhóm quỹ này gần đây đang liên tục mua bán cổ phiếu. Cũng trong phiên 12/10, quỹ ngoại này vừa báo cáo mua vào 925 nghìn cổ phiếu DGC của Công ty Cổ phần Tập đoàn Hóa chất Đức Giang, chi khoảng 68 tỷ đồng (theo giá chốt phiên). Ở chiều ngược lại, Dragon Capital đã bán ra lần lượt 5,4 triệu cổ phiếu GEX trong phiên 7/10 và 1 triệu cổ phiếu DXG trong phiên 11/10. Tạm tính theo giá chốt phiên thì Dragon Capital thu về tổng cộng 98 tỷ đồng. Trước đó, các nhóm quỹ thuộc Dragon Capital quản lý cũng vừa bán tổng cộng gần 2 triệu cổ phiếu Vận tải và Xếp dỡ Hải An (HAH) trong hai ngày 30/9 và 4/10, tỷ lệ sở hữu giảm xuống còn 4,54% và chính thức không còn là cổ đông lớn tại Hải An.",ita,ITA,Itaco,alias,0.98,auto_high_confidence,Dragon CapTargetl gom thêm gần 3 triệu cổ phiếu PV Drilling (Other),Dragon CapTargetl gom thêm gần 3 triệu cổ phiếu PV Drilling (Other),FinABSA_target_masked_headline_v1,0,Dragon CapTargetl gom thêm gần 3 triệu cổ phiếu PV Drilling (Other),The sentiment for Target in the given sentence is NEUTRAL.,neutral,,,,0.0,/home/huylkq/repos/nlp/FinABSA-Valid/MODEL/finabsa-other-masked-final_3epoch,Target,ok,neutral,2022-10-14 17:36:57+00:00,2022-10-14
7b0719ad0019f328_01,7b0719ad0019f328,https://cafef.vn/dragon-capital-gom-them-gan-3-trieu-co-phieu-pv-drilling-pvd-20221014173635945.chn,2022-10-14T17:36:57,,,Dragon Capital gom thêm gần 3 triệu cổ phiếu PV Drilling (PVD),"Cổ phiếu PVD chốt phiên 14/10 đạt 20.100 đồng/cp, tăng hơn 47% so với vùng đáy hồi đầu tháng 7/2022.","PVD: Giá hiện tại Thay đổi Xem hồ sơ doanh nghiệp TIN MỚI Trong báo cáo mới nhất, nhóm quỹ thuộc Dragon Capital quản lý vừa công bố mua vào gần 2,6 triệu cổ phiếu PVD của Tổng Công ty Cổ phần Khoan và Dịch vụ Khoan Dầu khí (PV Drilling). Sau giao dịch tỷ lệ sở hữu của Dragon Capital tại PVD tăng từ 6,69% (37,1 triệu cổ phiếu) lên 7,15% vốn điều lệ (39,7 triệu cổ phiếu). Giao dịch được thực hiện trong phiên 12/10. Tạm tính theo giá đóng cửa cùng phiên là 19.850 đồng/cp, quỹ ngoại này chi ra khoảng 51 tỷ đồng để hoàn tất thương vụ trên. Trước đó, vào tháng 9, Dragon Capital vừa mua thêm 3,1 triệu cổ phiếu PVD, tăng sở hữu từ 4,77% lên 5,33% qua đó trở thành cổ đông lớn từ ngày 7/9. Động thái Dragon Capital khi đó gây bất ngờ bởi lẽ cổ phiếu PVD trong vài ngày trước vừa bị Sở Giao dịch chứng khoán TP HCM (HoSE) đưa vào danh sách chứng khoán không đủ điều kiện giao dịch ký quỹ (margin), nguyên do lợi nhuận sau thuế cổ đông công ty mẹ của PV Drilling 6 tháng năm 2022 là số âm với gần 116 tỷ đồng. Trên báo cáo tài chính tự lập quý 2, PV Drilling đã ghi nhận khoản lỗ ròng hợp nhất 74 tỷ đồng. Trong kỳ, doanh thu thuần vẫn tăng hơn 35% lên 1.505 tỷ đồng nhưng giá vốn thậm chí còn tăng mạnh hơn khiến biên lãi sụt giảm. Ngoài ra, PV Drilling còn phải chịu lỗ tỷ giá trong khi doanh thu từ hoạt động tài chính chủ yếu là lãi tiền gửi và cho vay sụt giảm. Dù thua lỗ vậy, PVD vẫn được nhiều công ty chứng khoán đánh giá cao khả năng có lãi trong năm 2022 nhờ diễn biến leo thang về giá dầu. SSI Research dự báo lợi nhuận của PV Drilling năm 2022 có thể quanh mức hòa vốn với dự phóng LNST 6 tháng cuối năm 2022 đạt 162 tỷ đồng, tăng 708% so với cùng kỳ. VNDirect lạc quan hơn với dự phóng lợi nhuận ròng năm 2022 của PV Drilling có thể đạt 96 tỷ đồng, tăng 388% so với cùng kỳ với giả định giá thuê trung bình giàn JU năm 2022 sẽ đạt 61.000 USD, cao hơn 17% cùng kỳ. Cổ phiếu PVD chốt phiên 14/10 đạt 20.100 đồng/cp, tăng hơn 47% so với vùng đáy hồi đầu tháng 7/2022. Về giao dịch của Dragon Capital trên thị trường, nhóm quỹ này gần đây đang liên tục mua bán cổ phiếu. Cũng trong phiên 12/10, quỹ ngoại này vừa báo cáo mua vào 925 nghìn cổ phiếu DGC của Công ty Cổ phần Tập đoàn Hóa chất Đức Giang, chi khoảng 68 tỷ đồng (theo giá chốt phiên). Ở chiều ngược lại, Dragon Capital đã bán ra lần lượt 5,4 triệu cổ phiếu GEX trong phiên 7/10 và 1 triệu cổ phiếu DXG trong phiên 11/10. Tạm tính theo giá chốt phiên thì Dragon Capital thu về tổng cộng 98 tỷ đồng. Trước đó, các nhóm quỹ thuộc Dragon Capital quản lý cũng vừa bán tổng cộng gần 2 triệu cổ phiếu Vận tải và Xếp dỡ Hải An (HAH) trong hai ngày 30/9 và 4/10, tỷ lệ sở hữu giảm xuống còn 4,54% và chính thức không còn là cổ đông lớn tại Hải An.",PVD,PVD,PV Drilling,alias,0.98,auto_high_confidence,Dragon CapOtherl gom thêm gần 3 triệu cổ phiếu PV Drilling (Target),Dragon CapOtherl gom thêm gần 3 triệu cổ phiếu PV Drilling (Target),FinABSA_target_masked_headline_v1,1,Dragon CapOtherl gom thêm gần 3 triệu cổ phiếu PV Drilling (Target),The sentiment for Target in the given sentence is NEUTRAL.,neutral,,,,0.0,/home/huylkq/repos/nlp/FinABSA-Valid/MODEL/finabsa-other-masked-final_3epoch,Target,ok,neutral,2022-10-14 17:36:57+00:00,2022-10-14
6a7e5a319e176cd5_00,6a7e5a319e176cd5,https://cafef.vn/thi-gia-phuc-hoi-tu-day-8-thang-dragon-capital-vua-chi-hang-chuc-ty-mua-vao-co-phieu-dgc-20221014160013641.chn,2022-10-14T16:00:33,,,"Thị giá phục hồi từ đáy 8 tháng, Dragon Capital vừa chi hàng chục tỷ mua vào cổ phiếu DGC","Trên thị trường, cổ phiếu DGC vài phiên trở lại đây đang có diễn biến tích cực, tăng 19% sau 5 phiên giao dịch.","DGC: Giá hiện tại Thay đổi Xem hồ sơ doanh nghiệp TIN MỚI Trong thông báo mới nhhất, các nhóm quỹ thuộc Dragon Capital vừa mua vào 925 nghìn cổ phiếu DGC của Công ty Cổ phần Tập đoàn Hóa chất Đức Giang . Giao dịch được thực hiện trong phiên 12/10. Ghi nhận trong phiên này, cổ phiếu DGC không phát sinh giao dịch thỏa thuận, do đó khả năng cao hầu hết lượng cổ phiếu DGC Dragon Capital mua vào đều thông qua khớp lệnh. Tạm tính theo giá đóng cửa cùng phiên là 74.000 đồng/cp, quỹ ngoại này chi ra khoảng 68 tỷ đồng để hoàn tất thương vụ trên. Sau giao dịch, Dragon Capital hiện nắm gần 26,8 triệu cổ phiếu DGC, tương ứng tỷ lệ sở hữu nâng lên mức 7,05% vốn điều lệ. Trong đó, CTBC Vietnam Equity Fund nắm nhiều nhất với 8,4 triệu cổ phiếu, Vietnam Enterprise Investment Limited (VEIL) hiện sở hữu hơn 4,1 triệu cổ phiếu. Hồi cuối tháng 6/2022, cổ phiếu DGC vẫn đang trong top khoản đầu tư lớn nhất trong danh mục của VEIL với tỷ trọng gần 3,7%. Đây cũng là thời điểm thị giá DGC vừa leo lên vùng đỉnh lịch sử 134.700 đồng/cp. Ngay sau đó quỹ lớn nhất do Dragon Capital quản lý này đã có động thái chốt lời, cổ phiếu DGC không còn nằm trong top 10 danh mục đầu tư của VEIL kể từ tuần đầu tháng 7. Tới nay, nhóm quỹ Dragon Capital lại trở lại giải ngân cổ phiếu DGC trong bối cảnh thị giá đang có diễn biến tích cực sau khi rơi về vùng đáy 8 tháng trong phign 6/10. Chốt phiên 14/10, DGC tăng lên 79.800 đồng/cp, tương ứng tăng 19% sau 5 phiên. Xét tới tình hình kinh doanh của Đức Giang, 6 tháng đầu năm, doanh nghiệp ghi nhận doanh thu thuần đạt 7.637 tỷ đồng và lãi sau thuế 3.401 tỷ đồng, cao gấp 5 lần cùng kỳ năm ngoái và đã hoàn thành 91% kế hoạch lợi nhuận sau thuế chỉ sau nửa đầu năm. Về giao dịch của Dragon Capital trên thị trường, nhóm quỹ này gần đây đang liên tục mua bán cổ phiếu. Cụ thể, Dragon Capital vừa báo cáo bán ra lần lượt 5,4 triệu cổ phiếu GEX trong phiên 7/10 và 1 triệu cổ phiếu DXG trong phiên 11/10. Tạm tính theo giá chốt phiên thì Dragon Capital thu về tổng cộng 98 tỷ đồng. Trước đó, các nhóm quỹ thuộc Dragon Capital quản lý cũng vừa bán tổng cộng gần 2 triệu cổ phiếu Vận tải và Xếp dỡ Hải An (HAH) trong hai ngày 30/9 và 4/10, tỷ lệ sở hữu giảm xuống còn 4,54% và chính thức không còn là cổ đông lớn tại Hải An.",ita,ITA,Itaco,alias,0.98,auto_high_confidence,"Thị giá phục hồi từ đáy 8 tháng, Dragon CapTargetl vừa chi hàng chục tỷ mua vào cổ phiếu Other","Thị giá phục hồi từ đáy 8 tháng, Dragon CapTargetl vừa chi hàng chục tỷ mua vào cổ phiếu Other",FinABSA_target_masked_headline_v1,0,"Thị giá phục hồi từ đáy 8 tháng, Dragon CapTargetl vừa chi hàng chục tỷ mua vào cổ phiếu Other",The sentiment for Target in the given sentence is NEUTRAL.,neutral,,,,0.0,/home/huylkq/repos/nlp/FinABSA-Valid/MODEL/finabsa-other-masked-final_3epoch,Target,ok,neutral,2022-10-14 16:00:33+00:00,2022-10-14
6a7e5a319e176cd5_01,6a7e5a319e176cd5,https://cafef.vn/thi-gia-phuc-hoi-tu-day-8-thang-dragon-capital-vua-chi-hang-chuc-ty-mua-vao-co-phieu-dgc-20221014160013641.chn,2022-10-14T16:00:33,,,"Thị giá phục hồi từ đáy 8 tháng, Dragon Capital vừa chi hàng chục tỷ mua vào cổ phiếu DGC","Trên thị trường, cổ phiếu DGC vài phiên trở lại đây đang có diễn biến tích cực, tăng 19% sau 5 phiên giao dịch.","DGC: Giá hiện tại Thay đổi Xem hồ sơ doanh nghiệp TIN MỚI Trong thông báo mới nhhất, các nhóm quỹ thuộc Dragon Capital vừa mua vào 925 nghìn cổ phiếu DGC của Công ty Cổ phần Tập đoàn Hóa chất Đức Giang . Giao dịch được thực hiện trong phiên 12/10. Ghi nhận trong phiên này, cổ phiếu DGC không phát sinh giao dịch thỏa thuận, do đó khả năng cao hầu hết lượng cổ phiếu DGC Dragon Capital mua vào đều thông qua khớp lệnh. Tạm tính theo giá đóng cửa cùng phiên là 74.000 đồng/cp, quỹ ngoại này chi ra khoảng 68 tỷ đồng để hoàn tất thương vụ trên. Sau giao dịch, Dragon Capital hiện nắm gần 26,8 triệu cổ phiếu DGC, tương ứng tỷ lệ sở hữu nâng lên mức 7,05% vốn điều lệ. Trong đó, CTBC Vietnam Equity Fund nắm nhiều nhất với 8,4 triệu cổ phiếu, Vietnam Enterprise Investment Limited (VEIL) hiện sở hữu hơn 4,1 triệu cổ phiếu. Hồi cuối tháng 6/2022, cổ phiếu DGC vẫn đang trong top khoản đầu tư lớn nhất trong danh mục của VEIL với tỷ trọng gần 3,7%. Đây cũng là thời điểm thị giá DGC vừa leo lên vùng đỉnh lịch sử 134.700 đồng/cp. Ngay sau đó quỹ lớn nhất do Dragon Capital quản lý này đã có động thái chốt lời, cổ phiếu DGC không còn nằm trong top 10 danh mục đầu tư của VEIL kể từ tuần đầu tháng 7. Tới nay, nhóm quỹ Dragon Capital lại trở lại giải ngân cổ phiếu DGC trong bối cảnh thị giá đang có diễn biến tích cực sau khi rơi về vùng đáy 8 tháng trong phign 6/10. Chốt phiên 14/10, DGC tăng lên 79.800 đồng/cp, tương ứng tăng 19% sau 5 phiên. Xét tới tình hình kinh doanh của Đức Giang, 6 tháng đầu năm, doanh nghiệp ghi nhận doanh thu thuần đạt 7.637 tỷ đồng và lãi sau thuế 3.401 tỷ đồng, cao gấp 5 lần cùng kỳ năm ngoái và đã hoàn thành 91% kế hoạch lợi nhuận sau thuế chỉ sau nửa đầu năm. Về giao dịch của Dragon Capital trên thị trường, nhóm quỹ này gần đây đang liên tục mua bán cổ phiếu. Cụ thể, Dragon Capital vừa báo cáo bán ra lần lượt 5,4 triệu cổ phiếu GEX trong phiên 7/10 và 1 triệu cổ phiếu DXG trong phiên 11/10. Tạm tính theo giá chốt phiên thì Dragon Capital thu về tổng cộng 98 tỷ đồng. Trước đó, các nhóm quỹ thuộc Dragon Capital quản lý cũng vừa bán tổng cộng gần 2 triệu cổ phiếu Vận tải và Xếp dỡ Hải An (HAH) trong hai ngày 30/9 và 4/10, tỷ lệ sở hữu giảm xuống còn 4,54% và chính thức không còn là cổ đông lớn tại Hải An.",DGC,DGC,Duc Giang Chemicals,alias,0.98,auto_high_confidence,"Thị giá phục hồi từ đáy 8 tháng, Dragon CapOtherl vừa chi hàng chục tỷ mua vào cổ phiếu Target","Thị giá phục hồi từ đáy 8 tháng, Dragon CapOtherl vừa chi hàng chục tỷ mua vào cổ phiếu Target",FinABSA_target_masked_headline_v1,1,"Thị giá phục hồi từ đáy 8 tháng, Dragon CapOtherl vừa chi hàng chục tỷ mua vào cổ phiếu Target",The sentiment for Dragon in the given sentence is NEUTRAL.,neutral,,,,0.0,/home/huylkq/repos/nlp/FinABSA-Valid/MODEL/finabsa-other-masked-final_3epoch,Target,ok,neutral,2022-10-14 16:00:33+00:00,2022-10-14
7a41b5c9b9d23b3f_00,7a41b5c9b9d23b3f,https://cafef.vn/iphone-14-chinh-thuc-ve-viet-nam-fpt-retail-the-gioi-di-dong-24hstore-pha-ky-luc-doanh-so-ngay-dau-mo-ban-20221014103615135.chn,2022-10-14T15:21:00,2022-10-14T18:24:26+07:00,,"iPhone 14 phá kỷ lục trong đêm đầu tiên bàn giao, cổ phiếu ICT gồm MWG, FRT, PET... đồng loạt kịch trần","“Số lượng đặt mua iPhone 14 Series mới gấp 3 lần so với sản phẩm tiền nhiệm"" - Giám đốc khối Viễn thông Di động hệ thống FPT Shop & F.Studio cho biết.","FRT&MWG&PET: Giá hiện tại Thay đổi Xem hồ sơ doanh nghiệp TIN MỚI 24h đêm ngày 13/10/2022, tất cả hệ thống đại lý Apple tại Việt Nam bao gồm F.Studico (FPT Retail, FRT ), TopZone (Thế giới Di động, MWG), Petrosetco (PET), 24hStore… đã đồng loạt mở lễ giao iPhone 14 Series chính hãng (mã VN/A) cho khách hàng đặt mua trước. Với các tín đồ iPhone đây là sự kiện đáng mong đợi, và đối với các doanh nghiệp bán lẻ hàng công nghệ, điện tử là dịp để gia tăng doanh số cùng lợi nhuận. Vài năm trở lại đây, Việt Nam là một trong những quốc gia được Apple chú trọng đầu tư và các đơn vị bán lẻ ủy quyền bán sản phẩm Apple chính hãng sẽ được hưởng lợi khi iPhone 14 ra mắt. Đặc biệt, sản phẩm iPhone 14 mới ra mắt có nhiều thay đổi về mặt sản phẩm như thiết kế, cấu hình… Trong cuộc họp công bố kết quả tài chính vào cuối tháng 7, CEO Tim Cook cũng cho biết Việt Nam là một trong thị trường có mức độ tăng trưởng tốt nhất của Apple trên toàn cầu. Theo Counterpoint Research, thị phần của Apple tại Việt Nam tăng từ dưới 2% trong quý 1/2020 lên 9,8% trong quý 1/2022. Ngành hàng Apple liên tục tăng trưởng bất chấp hai năm đại dịch đã khẳng định sức hút mạnh mẽ và ổn định của sản phẩm Apple đối với người dùng Việt Nam. “Gã khổng lồ công nghệ” kỳ vọng dòng iPhone mới sẽ bán chạy và vượt qua kỷ lục mà iPhone 13 đã đạt được. Thực tế cho thấy, loạt đơn vị công bố kết quả vượt kỳ vọng. Tính đến trưa ngày 13/10, FPT Shop cho biết đã nhận hơn 92.000 đơn hàng, trong đó, iPhone 14 Pro Max chiếm hơn 93,6% tổng đơn hàng đặt trước, iPhone 14 Pro chiếm 5,5%. Xét riêng về iPhone 14 Pro Max, mức dung lượng 128GB và 256GB chiếm tỉ lệ đặt mua áp đảo với 89,5% và phiên bản màu Tím (Deep Purple) được yêu thích nhất. “Số lượng đặt mua iPhone 14 Series mới gấp 3 lần so với sản phẩm tiền nhiệ"", đại diện FRT cho biết. Chính thức trở thành đại lý của Apple vào tháng 6/2020, năm nay Petrosetco (PET) chính thức phối hợp với Minh Tuấn Mobiel để mở bán iPhone 14 Series VN/A. Ông Hồ Hoàng Nguyễn Vũ, Giám đốc CTCP Phân phối Sản phẩm Công nghệ cao Dầu khí (PHTD) - đơn vị thành viên của PET cho biết: “Ngày nay xu hướng người dùng dịch chuyển từ iPhone xách tay sang iPhone chính hãng ngày càng rõ rệt. Với nguồn gốc xuất xứ rõ ràng, dịch vụ chăm sóc hậu mãi tốt, iPhone chính hãng ngày càng chiếm lĩnh thị trường và mang đến nhiều quyền lợi cho khách hàng. Ghi nhận tại hệ thống TopZone, với số lượng hơn 70.000 khách đăng ký mua và hơn 35.000 khách cọc chỉ sau 7 ngày đặt hàng, từ 7/10 -13/10/2022, MWG ghi nhận con số gấp đôi so với iPhone 13 series năm ngoái và lớn nhất thị trường năm nay. Tương tự, tính đến hết ngày 13/10, hệ thống CellphoneS ghi nhận gần 15.000 khách hàng đặt hàng trước cho bộ bốn iPhone 14 series chính hãng năm nay. Chỉ trong vòng 30 phút từ khi trang web cho phép nhận đặt cọc, hệ thống CellphoneS ghi nhận hơn 10.000 khách đặt hàng trước. Trong đó iPhone 14 Pro Max 128GB tất cả phiên bản màu sắc đều hết suất trả sớm, dự kiến trả hàng tiếp đợt 2 vào 24/10 cho các khách hàng tiếp tục đặt mua. Là năm đầu tiên trở thành đại lý chính thức của Apple, 24hStore cũng đạt con số khả quan với hơn 40.000 khách hàng đăng ký sớm nhận thông tin về sản phẩm. Tính đến hôm bàn giao, hệ thống ghi nhận đến 6.000 khách đặt mua iPhone 14; và có 200 khách hàng đầu tiên tham dự sự kiện ngay đêm ngày 13/10. Việc “cháy hàng” ngay trong vài ngày đầu mở bán tại thị trường Việt Nam theo người trong cuộc chắc chắn sẽ xảy ra, nhiều khách hàng có tâm lý không đặt cọc mà chờ đến ngày mở bán mới đi mua thường sẽ không thể mua được hàng do lượng hàng đợt đầu về thường chỉ đáp ứng đủ nhu cầu đặt hàng (đặc biệt là Pro và Pro Max màu Tím). Theo đó, sức hấp dẫn của iPhone 14 series vẫn chưa có dấu hiệu hạ nhiệt khi máy chính thức về Việt Nam. “Số lượng đặt mua iPhone 14 Series mới gấp 3 lần so với sản phẩm tiền nhiệm. Chúng tôi cũng nhận thấy nỗ lực rất lớn từ Apple Việt Nam khi lượng hàng về năm nay ghi nhận ban đầu đã tăng gấp 2 lần năm ngoái. Với những thuận lợi như vậy, chúng tôi dự báo sức tiêu thụ và số bán năm nay sẽ tiếp tục tạo nên những con số kỷ lục tại FPT Shop & F.Studio by FPT nói riêng và Việt Nam nói chung”, ông Nguyễn Thế Kha, Giám đốc khối Viễn thông Di động hệ thống FPT Shop & F.Studio by FPT chia sẻ thêm. Dưới góc nhìn phân tích, Apple đang ngày càng đóng góp phần lớn cho chỉ số kinh doanh của các đại lý tại Việt Nam. Năm 2022, cổ phiếu bán lẻ công nghệ dự sẽ phục hồi nhờ kỳ vọng vào iPhone 14 ra mắt, nhận định của Chứng khoán KB Việt Nam tại báo cáo mới nhất. Ngay phiên sáng hôm sau đêm bàn giao chính thức, cổ phiếu ICT trên thị trường đồng loạt kịch trần, trắng bên bán. Trong đó, PET của Petrosetco chốt phiên với 28.650 đồng/cp, FRT dừng tại mức trần 78.000 đồng/cp, tương tự DGW với 68.800 đồng/cp.",MWG,MWG,Mobile World,alias,0.98,auto_high_confidence,"iPhone 14 phá kỷ lục trong đêm đầu tiên bàn giao, cổ phiếu Other gồm Target, Other, Other... đồng loạt kịch trần","iPhone 14 phá kỷ lục trong đêm đầu tiên bàn giao, cổ phiếu Other gồm Target, Other, Other... đồng loạt kịch trần",FinABSA_target_masked_headline_v1,0,"iPhone 14 phá kỷ lục trong đêm đầu tiên bàn giao, cổ phiếu Other gồm Target, Other, Other... đồng loạt kịch trần",The sentiment for Target in the given sentence is NEUTRAL.,neutral,,,,0.0,/home/huylkq/repos/nlp/FinABSA-Valid/MODEL/finabsa-other-masked-final_3epoch,Target,ok,neutral,2022-10-14 15:21:00+00:00,2022-10-14
7a41b5c9b9d23b3f_01,7a41b5c9b9d23b3f,https://cafef.vn/iphone-14-chinh-thuc-ve-viet-nam-fpt-retail-the-gioi-di-dong-24hstore-pha-ky-luc-doanh-so-ngay-dau-mo-ban-20221014103615135.chn,2022-10-14T15:21:00,2022-10-14T18:24:26+07:00,,"iPhone 14 phá kỷ lục trong đêm đầu tiên bàn giao, cổ phiếu ICT gồm MWG, FRT, PET... đồng loạt kịch trần","“Số lượng đặt mua iPhone 14 Series mới gấp 3 lần so với sản phẩm tiền nhiệm"" - Giám đốc khối Viễn thông Di động hệ thống FPT Shop & F.Studio cho biết.","FRT&MWG&PET: Giá hiện tại Thay đổi Xem hồ sơ doanh nghiệp TIN MỚI 24h đêm ngày 13/10/2022, tất cả hệ thống đại lý Apple tại Việt Nam bao gồm F.Studico (FPT Retail, FRT ), TopZone (Thế giới Di động, MWG), Petrosetco (PET), 24hStore… đã đồng loạt mở lễ giao iPhone 14 Series chính hãng (mã VN/A) cho khách hàng đặt mua trước. Với các tín đồ iPhone đây là sự kiện đáng mong đợi, và đối với các doanh nghiệp bán lẻ hàng công nghệ, điện tử là dịp để gia tăng doanh số cùng lợi nhuận. Vài năm trở lại đây, Việt Nam là một trong những quốc gia được Apple chú trọng đầu tư và các đơn vị bán lẻ ủy quyền bán sản phẩm Apple chính hãng sẽ được hưởng lợi khi iPhone 14 ra mắt. Đặc biệt, sản phẩm iPhone 14 mới ra mắt có nhiều thay đổi về mặt sản phẩm như thiết kế, cấu hình… Trong cuộc họp công bố kết quả tài chính vào cuối tháng 7, CEO Tim Cook cũng cho biết Việt Nam là một trong thị trường có mức độ tăng trưởng tốt nhất của Apple trên toàn cầu. Theo Counterpoint Research, thị phần của Apple tại Việt Nam tăng từ dưới 2% trong quý 1/2020 lên 9,8% trong quý 1/2022. Ngành hàng Apple liên tục tăng trưởng bất chấp hai năm đại dịch đã khẳng định sức hút mạnh mẽ và ổn định của sản phẩm Apple đối với người dùng Việt Nam. “Gã khổng lồ công nghệ” kỳ vọng dòng iPhone mới sẽ bán chạy và vượt qua kỷ lục mà iPhone 13 đã đạt được. Thực tế cho thấy, loạt đơn vị công bố kết quả vượt kỳ vọng. Tính đến trưa ngày 13/10, FPT Shop cho biết đã nhận hơn 92.000 đơn hàng, trong đó, iPhone 14 Pro Max chiếm hơn 93,6% tổng đơn hàng đặt trước, iPhone 14 Pro chiếm 5,5%. Xét riêng về iPhone 14 Pro Max, mức dung lượng 128GB và 256GB chiếm tỉ lệ đặt mua áp đảo với 89,5% và phiên bản màu Tím (Deep Purple) được yêu thích nhất. “Số lượng đặt mua iPhone 14 Series mới gấp 3 lần so với sản phẩm tiền nhiệ"", đại diện FRT cho biết. Chính thức trở thành đại lý của Apple vào tháng 6/2020, năm nay Petrosetco (PET) chính thức phối hợp với Minh Tuấn Mobiel để mở bán iPhone 14 Series VN/A. Ông Hồ Hoàng Nguyễn Vũ, Giám đốc CTCP Phân phối Sản phẩm Công nghệ cao Dầu khí (PHTD) - đơn vị thành viên của PET cho biết: “Ngày nay xu hướng người dùng dịch chuyển từ iPhone xách tay sang iPhone chính hãng ngày càng rõ rệt. Với nguồn gốc xuất xứ rõ ràng, dịch vụ chăm sóc hậu mãi tốt, iPhone chính hãng ngày càng chiếm lĩnh thị trường và mang đến nhiều quyền lợi cho khách hàng. Ghi nhận tại hệ thống TopZone, với số lượng hơn 70.000 khách đăng ký mua và hơn 35.000 khách cọc chỉ sau 7 ngày đặt hàng, từ 7/10 -13/10/2022, MWG ghi nhận con số gấp đôi so với iPhone 13 series năm ngoái và lớn nhất thị trường năm nay. Tương tự, tính đến hết ngày 13/10, hệ thống CellphoneS ghi nhận gần 15.000 khách hàng đặt hàng trước cho bộ bốn iPhone 14 series chính hãng năm nay. Chỉ trong vòng 30 phút từ khi trang web cho phép nhận đặt cọc, hệ thống CellphoneS ghi nhận hơn 10.000 khách đặt hàng trước. Trong đó iPhone 14 Pro Max 128GB tất cả phiên bản màu sắc đều hết suất trả sớm, dự kiến trả hàng tiếp đợt 2 vào 24/10 cho các khách hàng tiếp tục đặt mua. Là năm đầu tiên trở thành đại lý chính thức của Apple, 24hStore cũng đạt con số khả quan với hơn 40.000 khách hàng đăng ký sớm nhận thông tin về sản phẩm. Tính đến hôm bàn giao, hệ thống ghi nhận đến 6.000 khách đặt mua iPhone 14; và có 200 khách hàng đầu tiên tham dự sự kiện ngay đêm ngày 13/10. Việc “cháy hàng” ngay trong vài ngày đầu mở bán tại thị trường Việt Nam theo người trong cuộc chắc chắn sẽ xảy ra, nhiều khách hàng có tâm lý không đặt cọc mà chờ đến ngày mở bán mới đi mua thường sẽ không thể mua được hàng do lượng hàng đợt đầu về thường chỉ đáp ứng đủ nhu cầu đặt hàng (đặc biệt là Pro và Pro Max màu Tím). Theo đó, sức hấp dẫn của iPhone 14 series vẫn chưa có dấu hiệu hạ nhiệt khi máy chính thức về Việt Nam. “Số lượng đặt mua iPhone 14 Series mới gấp 3 lần so với sản phẩm tiền nhiệm. Chúng tôi cũng nhận thấy nỗ lực rất lớn từ Apple Việt Nam khi lượng hàng về năm nay ghi nhận ban đầu đã tăng gấp 2 lần năm ngoái. Với những thuận lợi như vậy, chúng tôi dự báo sức tiêu thụ và số bán năm nay sẽ tiếp tục tạo nên những con số kỷ lục tại FPT Shop & F.Studio by FPT nói riêng và Việt Nam nói chung”, ông Nguyễn Thế Kha, Giám đốc khối Viễn thông Di động hệ thống FPT Shop & F.Studio by FPT chia sẻ thêm. Dưới góc nhìn phân tích, Apple đang ngày càng đóng góp phần lớn cho chỉ số kinh doanh của các đại lý tại Việt Nam. Năm 2022, cổ phiếu bán lẻ công nghệ dự sẽ phục hồi nhờ kỳ vọng vào iPhone 14 ra mắt, nhận định của Chứng khoán KB Việt Nam tại báo cáo mới nhất. Ngay phiên sáng hôm sau đêm bàn giao chính thức, cổ phiếu ICT trên thị trường đồng loạt kịch trần, trắng bên bán. Trong đó, PET của Petrosetco chốt phiên với 28.650 đồng/cp, FRT dừng tại mức trần 78.000 đồng/cp, tương tự DGW với 68.800 đồng/cp.",ICT,ICT,,ticker_context_rule,0.95,auto_high_confidence,"iPhone 14 phá kỷ lục trong đêm đầu tiên bàn giao, cổ phiếu Target gồm Other, Other, Other... đồng loạt kịch trần","iPhone 14 phá kỷ lục trong đêm đầu tiên bàn giao, cổ phiếu Target gồm Other, Other, Other... đồng loạt kịch trần",FinABSA_target_masked_headline_v1,1,"iPhone 14 phá kỷ lục trong đêm đầu tiên bàn giao, cổ phiếu Target gồm Other, Other, Other... đồng loạt kịch trần",The sentiment for Target in the given sentence is NEUTRAL.,neutral,,,,0.0,/home/huylkq/repos/nlp/FinABSA-Valid/MODEL/finabsa-other-masked-final_3epoch,Target,ok,neutral,2022-10-14 15:21:00+00:00,2022-10-14
63a6d47273dda667_00,63a6d47273dda667,https://cafef.vn/hoa-hau-do-my-linh-chuan-bi-ket-hon-cung-con-trai-thu-2-cua-bau-hien-co-phieu-shb-tang-tran-tai-san-gia-dinh-tang-tram-ty-20221014134332575.chn,2022-10-14T13:44:00,2022-10-14T14:09:53+07:00,,"Hoa hậu Đỗ Mỹ Linh chuẩn bị kết hôn cùng con trai thứ 2 của bầu Hiển, cổ phiếu SHB tăng trần, tài sản gia đình tăng trăm tỷ",SHB là Ngân hàng do ông Đỗ Quang Hiển (bầu Hiển) làm chủ tịch HĐQT và ông Đỗ Quang Vinh – con trai lớn của ông Hiển làm phó Tổng giám đốc.,"SHB: Giá hiện tại Thay đổi Xem hồ sơ doanh nghiệp TIN MỚI Mới đây, hoa hậu Đỗ Mỹ Linh và doanh nhân Đỗ Vinh Quang - con trai thứ 2 của ông Đỗ Quang Hiển (bầu Hiển) đã công khai mối quan hệ tình cảm và cho biết hai người sắp tổ chức đám cưới trên trang cá nhân. Trước đó, bà Phạm Kim Dung - ""bà trùm"" hoa hậu - đã tiết lộ đám cưới của Đỗ Mỹ Linh và Đỗ Vinh Quang sẽ diễn ra vào ngày 23/10 sắp tới. Hoà chung niềm vui của gia đình﻿ bầu Hiển, trên sàn chứng khoán, cổ phiếu SHB của Ngân hàng Sài Gòn – Hà Nội đã có sự phục hồi mạnh mẽ sau khi rơi xuống dưới mệnh giá 10.000 đồng vào phiên ngày 11/10. Sáng nay, cổ phiếu này ﻿tăng trần (+6,8%) lên 11.000 đồng/cp. SHB cũng đang là cổ phiếu ngân hàng duy nhất đang chạm mức giá trần. Được biết, SHB là Ngân hàng do ông Đỗ Quang Hiển (bầu Hiển) làm chủ tịch HĐQT và ông Đỗ Quang Vinh – con trai lớn của ông Hiển làm phó Tổng giám đốc. Trong cơ cấu cổ đông của SHB, ông Đỗ Quang Hiển đang sở hữu hơn 73 triệu cổ phiếu SHB (tỷ lệ 2,75%), ông Đỗ Quang Vinh đang sở hữu 692,5 nghìn cổ phiếu, ông Đỗ Vinh Quang – con trai thứ hai của ông Hiển sở hữu hơn 79 triệu cổ phiếu, 2 người chị của ông Hiển là bà Đỗ Thị Thu Hà và bà Đỗ Thị Minh Nguyệt lần lượt sở hữu gần 55 triệu và 19 triệu cổ phiếu SHB. Tổng số cổ phiếu SHB do gia đình ông Hiển sở hữu là gần 227 triệu cổ phiếu, với việc SHB tăng trần hôm nay, tổng giá trị số cổ phiếu SHB của gia đình ông Hiển là 2.496 tỷ đồng, tăng 159 tỷ đồng so với hôm qua. Báo cáo quản trị Ngân hàng SHB 6 tháng đầu năm 2022 Mới đây, ngày 11/10, Ngân hàng SHB mới công bố được Ngân hàng Nhà nước chấp thuận tăng vốn điều lệ năm 2022. Cụ thể, Ngân hàng Nhà nước chấp thuận cho SHB tăng vốn điều lệ thêm tối đa 9.785 tỷ đồng thông qua các hình thức: phát hành cổ phiếu để trả cổ tức với tỷ lệ 15% từ nguồn lợi nhuận sau thuế sau khi trích lập các quỹ năm 2021; chào bán cổ phiếu cho cổ đông hiện hữu theo phương thức thực hiện quyền và phát hành cổ phiếu cho người lao động (ESOP). Theo phương án của SHB, SHB sẽ phát hành 400 triệu cổ phiếu để trả cổ tức; chào bán hơn 533 triệu cổ phiếu, tỷ lệ thực hiện quyền 100:20, với giá chào bán là 12.500 đồng/cp, dự kiến thu về 6.667 tỷ đồng và chào bán 45 triệu cổ phiếu ESOP giá 10.000 đồng/cp thu về 451 tỷ đồng. Vốn điều lệ của SHB đang là 26.674 tỷ đồng. Ngoài sở hữu cổ phiếu SHB, ông Hiển và con trai lớn – Đỗ Quang Vinh còn đang sở hữu 4,4 triệu và 7,5 triệu cổ phiếu SHS. Ông Vinh cũng đang là Chủ tịch HĐQT của CTCP Chứng khoán Sài gòn Hà Nội (SHS). Tính đến 11h ngày 14/10, cổ phiếu SHS tăng 500 đồng/cp, tương ứng tăng 6% lên 8.900 đồng/cp, số cổ phiếu SHS của cha con ông Hiển trị giá 106 tỷ đồng, tăng 6,15 tỷ đồng. Ngoài ra, CTCP Tập đoàn T&T cũng đang sở hữu gần 167 cổ phiếu SHB và hơn 45,5 triệu cổ phiếu SHS.",SHB,SHB,SHB,alias,0.98,auto_high_confidence,"Hoa hậu Đỗ Mỹ Linh chuẩn bị kết hôn cùng con trai thứ 2 của bầu Hiển, cổ phiếu Target tăng trần, tài sản gia đình tăng trăm tỷ","Hoa hậu Đỗ Mỹ Linh chuẩn bị kết hôn cùng con trai thứ 2 của bầu Hiển, cổ phiếu Target tăng trần, tài sản gia đình tăng trăm tỷ",FinABSA_target_masked_headline_v1,0,"Hoa hậu Đỗ Mỹ Linh chuẩn bị kết hôn cùng con trai thứ 2 của bầu Hiển, cổ phiếu Target tăng trần, tài sản gia đình tăng trăm tỷ",The sentiment for Target in the given sentence is NEUTRAL.,neutral,,,,0.0,/home/huylkq/repos/nlp/FinABSA-Valid/MODEL/finabsa-other-masked-final_3epoch,Target,ok,neutral,2022-10-14 13:44:00+00:00,2022-10-14
6df6d30a56a75af2_00,6df6d30a56a75af2,https://cafef.vn/ty-gia-tiep-tuc-tang-manh-vnd-da-giam-bao-nhieu-so-voi-usd-ke-tu-dau-thang-10-toi-nay-20221014113710027.chn,2022-10-14T13:18:37,,,"Tỷ giá tiếp tục tăng mạnh, VND đã giảm bao nhiêu so với USD kể từ đầu tháng 10 tới nay?","Sáng nay (14/10), Ngân hàng Nhà nước (NHNN) công bố tỷ giá trung tâm ở mức 23.541 đồng/USD, tăng mạnh 44 đồng so với phiên hôm qua. Đây là phiên tăng thứ 6 liên tiếp của tỷ giá này.","TIN MỚI Với biên độ +/-3%, tỷ giá sàn và tỷ giá trần áp dụng cho các ngân hàng thương mại ngày 14/10 là 22.835-24.247 đồng/USD. Ngay từ đầu giờ sáng, Vietcombank đã tăng mạnh giá USD thêm 30 đồng so với cuối ngày hôm qua, hiện niêm yết ở mức 23.920-24.230 đồng/USD. Trước đó, trong ngày 13/10, giá USD tại đây cũng tăng 120 đồng. Tương tự, BIDV sáng nay tăng 30 đồng lên 23.950-24.230 đồng/USD. VietinBank niêm yết 23.902-24.230 đồng/USD. ACB tăng 20 đồng lên 24.020-24.240 đồng/USD. Trong khi đó, Techcombank niêm yết giá bán USD ở mức kịch trần 24.247 đồng/USD. Giá mua vào cũng tăng mạnh lên 23.993 đồng/USD. So với cuối tháng 9, tỷ giá USD tại các ngân hàng đã tăng khoảng 220 - 250 đồng, tương đương tăng 0,9-1%. Và từ đầu năm đến nay, giá USD đã tăng khoảng 1.300-1.350 đồng, tức tăng tới 5,7-5,8%/năm. Trên thị trường quốc tế, đồng đô la Mỹ sụt giảm nhẹ nhưng vẫn duy trì ở mức cao so với các đồng tiền khác. Chỉ số US Dollar Index đo lường sức mạnh của đồng bạc xanh đứng ở mức 112 điểm, giảm 0,9% so với phiên trước. Ngày 13/10, Bộ Lao động Mỹ cho biết, chỉ số giá tiêu dùng (CPI) trong tháng 9 tăng 0,4% so với tháng trước, cao hơn so với dự mức dự báo tăng 0,2%. Trong tháng 8, chỉ số này chỉ tăng 0,1% so với tháng 7. CPI trong tháng 9 tăng 8,2% so với cùng kỳ, cao hơn mức kỳ vọng 8,1%. Giới phân tích cho rằng, lạm phát cao hơn sẽ khiến Cục dự trữ liên bang Mỹ (Fed) tiếp tục chính sách tiền tệ thắt chặt mạnh mẽ, có thể tăng lãi suất tại kỳ họp tháng 11, tháng 12 tới. Điều này cũng sẽ gây áp lực tới các đồng tiền khác. Trong phiên 13/10 vừa qua, Yen Nhật cũng đã giảm mạnh xuống mức thấp nhất kể từ 1990 so với đồng USD. Nhìn chung, VND mặc dù mất giá tới gần 6% so với USD từ đầu năm đến nay nhưng đây vẫn là mức giảm thấp so với nhiều đồng tiền khác. Chẳng hạn JPY mất hơn 22%, KRW mất hơn 20%, EUR mất 13,5%, THD mất 13%, INR mất 9,5%,… Tỷ giá USD/VND tiếp tục “nóng”",VND,VND,VNDIRECT,alias,0.98,auto_high_confidence,"Tỷ giá tiếp tục tăng mạnh, Target đã giảm bao nhiêu so với USD kể từ đầu tháng 10 tới nay?","Tỷ giá tiếp tục tăng mạnh, Target đã giảm bao nhiêu so với USD kể từ đầu tháng 10 tới nay?",FinABSA_target_masked_headline_v1,0,"Tỷ giá tiếp tục tăng mạnh, Target đã giảm bao nhiêu so với USD kể từ đầu tháng 10 tới nay?",The sentiment for Target in the given sentence is NEUTRAL.,neutral,,,,0.0,/home/huylkq/repos/nlp/FinABSA-Valid/MODEL/finabsa-other-masked-final_3epoch,Target,ok,neutral,2022-10-14 13:18:37+00:00,2022-10-14
1b387dbee32c882c_00,1b387dbee32c882c,https://cafef.vn/vcbs-uoc-tinh-co-790-nghin-ty-trai-phieu-doanh-nghiep-dao-han-trong-giai-doan-2023-2024-2022101409241826.chn,2022-10-14T09:26:32,,,VCBS: Ước tính có 790 nghìn tỷ trái phiếu doanh nghiệp đáo hạn trong giai đoạn 2023 - 2024,"VCBS cho rằng khối lượng đáo hạn và khả năng trả gốc và lãi trái phiếu, cũng như khả năng huy động vốn của doanh nghiệp sẽ là yếu tố cần theo dõi trong thời gian tới. Đồng nghĩa, rủi ro thanh khoản tăng đối với thị trường tài chính nếu không có các biện pháp kiểm soát tốt.","TIN MỚI Trong 9 tháng đầu năm, có 411 đợt phát hành TPDN trong nước với tổng giá trị phát hành đạt 244.000 tỷ đồng, giảm 67.78% so với cùng kỳ. Ngoài ra, có 2 đợt phát hành trái phiếu ra thị trường quốc tế giá trị 625 triệu USD. Theo dữ liệu chuyên trang thông tin TPDN, khối lượng trái phiếu mua trước hạn trong 9 tháng đạt 135.000 tỷ đồng. Lượng mua lại trái phiếu có xu hướng tăng cao kể từ tháng 6/2022. Trong top 20 doanh nghiệp giá trị mua lại lớn loại trừ các ngân hàng là các công ty Azura, Yamagata, CTCP Osaka Garden, CTCP Bông Sen, v..v Khối lượng đáo hạn TPDN tập trung nhiều vào 2023-2024 Theo Chứng khoán Vietcombank (VCBS), khối lượng đáo hạn TPDN tập trung nhiều vào 2023-2024. Theo ước tính, lượng đáo hạn TPDN Quý 4/2022 đạt 85.000 tỷ đồng, trong đó tập trung ở nhóm các ngân hàng (chiếm 53,4%), bất động sản (chiếm 27%). Lượng TPDN đáo hạn trong năm 2023 và 2024 ước khoảng 790.000 tỷ đồng, chiếm gần một nửa khối lượng TPDN đang lưu hành, có thể kéo theo nhu cầu phát hành để đảm bảo nhu cầu vốn của các doanh nghiệp trên thị trường. Theo đó, VCBS cho rằng khối lượng đáo hạn và khả năng trả gốc và lãi trái phiếu, cũng như khả năng huy động vốn của doanh nghiệp sẽ là yếu tố cần theo dõi trong thời gian tới. Đồng nghĩa, rủi ro thanh khoản tăng đối với thị trường tài chính nếu không có các biện pháp kiểm soát tốt. Trong dài hạn, VCBS cho rằng thị trường TPDN vẫn còn nhiều tiềm năng nhờ sự mở rộng cả về quy mô lẫn tính đa dạng của sản phẩm. Theo đó, mục tiêu của Chính phủ đặt ra đến năm 2025, quy mô vốn hóa thị trường cổ phiếu đạt 100% GDP; dư nợ thị trường trái phiếu đạt tối thiểu 47% GDP, trong đó dư nợ thị trường trái phiếu doanh nghiệp đạt tối thiểu 20% GDP. Đến năm 2030, quy mô vốn hóa thị trường cổ phiếu đạt 120% GDP, dư nợ thị trường trái phiếu đạt tối thiểu 58% GDP, trong đó, dư nợ thị trường trái phiếu doanh nghiệp đạt tối thiểu 25% GDP. Như vậy có thể thấy, trong dài hạn định hướng của cơ quan quản lý là tiếp tục đẩy mạnh sự phát triển của thị trường, nâng cao vai trò trái phiếu doanh nghiệp trong việc là kênh huy động vốn của doanh nghiệp. Tuy nhiên, VCBS cũng nhấn mạnh rủi ro đến từ xu hướng tăng nhanh và mạnh của lãi suất điều hành của nhiều quốc gia trên thế giới trong khoảng thời gian ngắn tạo ra tác động tiêu cực lên các tài sản rủi ro neo theo lãi suất dài hạn và thị trường TPDN không phải là ngoại lệ. Theo đó, lãi suất trái phiếu được dự báo tăng ở cả 2 cấu phần lãi suất tham chiếu và phần bù rủi ro. Các trái phiếu có tham chiếu dựa theo lãi suất tiền gửi sẽ tăng trong kỳ tính lãi trái phiếu tiếp theo. Xu hướng này dự báo còn tiếp diễn trong năm 2023, khi xu hướng tăng lãi suất dự báo tiếp diễn. Cùng với đó, liên tiếp các cảnh báo và các vụ việc gần đây liên quan đến thị trường trái phiếu doanh nghiệp khiến cho nhận thức của nhà đầu tư đối với rủi ro từ sản phẩm trái phiếu doanh nghiệp thay đổi đáng kể. Do vậy, phần bù rủi ro để các nhà đầu tư tìm thấy sự hấp dẫn đối với kênh này cũng tăng thêm. Như vậy, tác động tiêu cực của xu hướng tăng lãi suất sẽ được khuếch đại lên và làm giảm đáng kể sức hấp dẫn của thị trường trái phiếu doanh nghiệp đối với nhà đầu tư. Tổng hợp lại, VCBS cho rằng thị trường trái phiếu doanh nghiệp sẽ tiếp tục giai đoạn trầm lắng với thanh khoản giảm dần. Điểm đáng chờ đợi sẽ là thời điểm hệ thống giao dịch trái phiếu doanh nghiệp thứ cấp tập trung đi vào vận hành và đem lại tính thanh khoản tốt hơn đối với sản phẩm này.",VCB,VCB,Vietcombank,alias,0.98,auto_high_confidence,TargetS: Ước tính có 790 nghìn tỷ trái phiếu doanh nghiệp đáo hạn trong giai đoạn 2023 - 2024,TargetS: Ước tính có 790 nghìn tỷ trái phiếu doanh nghiệp đáo hạn trong giai đoạn 2023 - 2024,FinABSA_target_masked_headline_v1,0,TargetS: Ước tính có 790 nghìn tỷ trái phiếu doanh nghiệp đáo hạn trong giai đoạn 2023 - 2024,The sentiment for Target in the given sentence is NEUTRAL.,neutral,,,,0.0,/home/huylkq/repos/nlp/FinABSA-Valid/MODEL/finabsa-other-masked-final_3epoch,Target,ok,neutral,2022-10-14 09:26:32+00:00,2022-10-14
519649c002d64841_00,519649c002d64841,https://cafef.vn/nhom-dragon-capital-lien-tuc-ban-ra-hang-trieu-co-phieu-gex-va-dxg-20221014091724922.chn,2022-10-14T09:17:42,,,Nhóm Dragon Capital liên tục bán ra hàng triệu cổ phiếu GEX và DXG,Động thái thoái vốn của quỹ Dragon Capital diễn ra trong bối cảnh giá cổ phiếu nhóm bất động sản đang trong chuỗi điều chỉnh sâu dưới áp lực bán ra rất mạnh.,"DXG&GEX: Giá hiện tại Thay đổi Xem hồ sơ doanh nghiệp TIN MỚI Mới đây, các quỹ thuộc Dragon Capital đã công bố bán ra 5,4 triệu cổ phiếu của CTCP Tập đoàn GELEX (mã chứng khoán: GEX). Giao dịch được hoàn tất trong phiên 7/10/2022. Sau giao dịch, tổng lượng sở hữu của nhóm quỹ Dragon Capital tại GEX đã giảm từ 54,3 triệu cổ phiếu (tỷ lệ) 6,37% xuống còn 48,9 triệu cổ phiếu (tỷ lệ 5,74%). Ghi nhận trong phiên 7/10, cổ phiếu GEX chỉ xuất hiện giao dịch thỏa thuận với 145 nghìn đơn vị, do đó khả năng cao hầu hết lượng cổ phiếu GEX mà Dragon Capital bán ra đều thông qua khớp lệnh. Tạm tính theo giá đóng cửa của GEX cùng phiên là 15.300 đồng/cp, quỹ ngoại này thu về khoảng 83 tỷ đồng từ thương vụ trên. Ngay sau đó, tại phiên 11/10, nhóm quỹ ngoại Dragon Capital tiếp tục bán ra 1 triệu cổ phiếu DXG của Công ty Cổ phần Tập đoàn Đất Xanh . Sau giao dịch, lượng cổ phần của Dragon Capital tại DXG giảm từ 116,3 triệu đơn vị xuống 115,3 triệu đơn vị, tỷ lệ sở hữu giảm về còn 18,9%. Phiên 11/10, thị giá DXG giảm sàn xuống mức 15.400 đồng/cp, tạm tính mức giá này, số tiền quỹ ngoại này thu về khoảng 15 tỷ đồng. Động thái thoái vốn của quỹ Dragon Capital diễn ra trong bối cảnh giá cổ phiếu nhóm bất động sản đang trong chuỗi điều chỉnh sâu dưới áp lực bán ra rất mạnh. Riêng DXG đã mất 65% thị giá kể từ đỉnh hồi cuối tháng 3, tương tự GEX cũng rơi về vùng đáy giá 22 tháng, giá cổ phiếu giảm sâu 71% kể từ mức đỉnh 48.220 đồng/cp hồi đầu năm nay.",ita,ITA,Itaco,alias,0.98,auto_high_confidence,Nhóm Dragon CapTargetl liên tục bán ra hàng triệu cổ phiếu Other và Other,Nhóm Dragon CapTargetl liên tục bán ra hàng triệu cổ phiếu Other và Other,FinABSA_target_masked_headline_v1,0,Nhóm Dragon CapTargetl liên tục bán ra hàng triệu cổ phiếu Other và Other,The sentiment for Target in the given sentence is NEUTRAL.,neutral,,,,0.0,/home/huylkq/repos/nlp/FinABSA-Valid/MODEL/finabsa-other-masked-final_3epoch,Target,ok,neutral,2022-10-14 09:17:42+00:00,2022-10-14
519649c002d64841_01,519649c002d64841,https://cafef.vn/nhom-dragon-capital-lien-tuc-ban-ra-hang-trieu-co-phieu-gex-va-dxg-20221014091724922.chn,2022-10-14T09:17:42,,,Nhóm Dragon Capital liên tục bán ra hàng triệu cổ phiếu GEX và DXG,Động thái thoái vốn của quỹ Dragon Capital diễn ra trong bối cảnh giá cổ phiếu nhóm bất động sản đang trong chuỗi điều chỉnh sâu dưới áp lực bán ra rất mạnh.,"DXG&GEX: Giá hiện tại Thay đổi Xem hồ sơ doanh nghiệp TIN MỚI Mới đây, các quỹ thuộc Dragon Capital đã công bố bán ra 5,4 triệu cổ phiếu của CTCP Tập đoàn GELEX (mã chứng khoán: GEX). Giao dịch được hoàn tất trong phiên 7/10/2022. Sau giao dịch, tổng lượng sở hữu của nhóm quỹ Dragon Capital tại GEX đã giảm từ 54,3 triệu cổ phiếu (tỷ lệ) 6,37% xuống còn 48,9 triệu cổ phiếu (tỷ lệ 5,74%). Ghi nhận trong phiên 7/10, cổ phiếu GEX chỉ xuất hiện giao dịch thỏa thuận với 145 nghìn đơn vị, do đó khả năng cao hầu hết lượng cổ phiếu GEX mà Dragon Capital bán ra đều thông qua khớp lệnh. Tạm tính theo giá đóng cửa của GEX cùng phiên là 15.300 đồng/cp, quỹ ngoại này thu về khoảng 83 tỷ đồng từ thương vụ trên. Ngay sau đó, tại phiên 11/10, nhóm quỹ ngoại Dragon Capital tiếp tục bán ra 1 triệu cổ phiếu DXG của Công ty Cổ phần Tập đoàn Đất Xanh . Sau giao dịch, lượng cổ phần của Dragon Capital tại DXG giảm từ 116,3 triệu đơn vị xuống 115,3 triệu đơn vị, tỷ lệ sở hữu giảm về còn 18,9%. Phiên 11/10, thị giá DXG giảm sàn xuống mức 15.400 đồng/cp, tạm tính mức giá này, số tiền quỹ ngoại này thu về khoảng 15 tỷ đồng. Động thái thoái vốn của quỹ Dragon Capital diễn ra trong bối cảnh giá cổ phiếu nhóm bất động sản đang trong chuỗi điều chỉnh sâu dưới áp lực bán ra rất mạnh. Riêng DXG đã mất 65% thị giá kể từ đỉnh hồi cuối tháng 3, tương tự GEX cũng rơi về vùng đáy giá 22 tháng, giá cổ phiếu giảm sâu 71% kể từ mức đỉnh 48.220 đồng/cp hồi đầu năm nay.",DXG,DXG,Dat Xanh Group,alias,0.98,auto_high_confidence,Nhóm Dragon CapOtherl liên tục bán ra hàng triệu cổ phiếu Other và Target,Nhóm Dragon CapOtherl liên tục bán ra hàng triệu cổ phiếu Other và Target,FinABSA_target_masked_headline_v1,1,Nhóm Dragon CapOtherl liên tục bán ra hàng triệu cổ phiếu Other và Target,The sentiment for Target in the given sentence is NEUTRAL.,neutral,,,,0.0,/home/huylkq/repos/nlp/FinABSA-Valid/MODEL/finabsa-other-masked-final_3epoch,Target,ok,neutral,2022-10-14 09:17:42+00:00,2022-10-14
519649c002d64841_02,519649c002d64841,https://cafef.vn/nhom-dragon-capital-lien-tuc-ban-ra-hang-trieu-co-phieu-gex-va-dxg-20221014091724922.chn,2022-10-14T09:17:42,,,Nhóm Dragon Capital liên tục bán ra hàng triệu cổ phiếu GEX và DXG,Động thái thoái vốn của quỹ Dragon Capital diễn ra trong bối cảnh giá cổ phiếu nhóm bất động sản đang trong chuỗi điều chỉnh sâu dưới áp lực bán ra rất mạnh.,"DXG&GEX: Giá hiện tại Thay đổi Xem hồ sơ doanh nghiệp TIN MỚI Mới đây, các quỹ thuộc Dragon Capital đã công bố bán ra 5,4 triệu cổ phiếu của CTCP Tập đoàn GELEX (mã chứng khoán: GEX). Giao dịch được hoàn tất trong phiên 7/10/2022. Sau giao dịch, tổng lượng sở hữu của nhóm quỹ Dragon Capital tại GEX đã giảm từ 54,3 triệu cổ phiếu (tỷ lệ) 6,37% xuống còn 48,9 triệu cổ phiếu (tỷ lệ 5,74%). Ghi nhận trong phiên 7/10, cổ phiếu GEX chỉ xuất hiện giao dịch thỏa thuận với 145 nghìn đơn vị, do đó khả năng cao hầu hết lượng cổ phiếu GEX mà Dragon Capital bán ra đều thông qua khớp lệnh. Tạm tính theo giá đóng cửa của GEX cùng phiên là 15.300 đồng/cp, quỹ ngoại này thu về khoảng 83 tỷ đồng từ thương vụ trên. Ngay sau đó, tại phiên 11/10, nhóm quỹ ngoại Dragon Capital tiếp tục bán ra 1 triệu cổ phiếu DXG của Công ty Cổ phần Tập đoàn Đất Xanh . Sau giao dịch, lượng cổ phần của Dragon Capital tại DXG giảm từ 116,3 triệu đơn vị xuống 115,3 triệu đơn vị, tỷ lệ sở hữu giảm về còn 18,9%. Phiên 11/10, thị giá DXG giảm sàn xuống mức 15.400 đồng/cp, tạm tính mức giá này, số tiền quỹ ngoại này thu về khoảng 15 tỷ đồng. Động thái thoái vốn của quỹ Dragon Capital diễn ra trong bối cảnh giá cổ phiếu nhóm bất động sản đang trong chuỗi điều chỉnh sâu dưới áp lực bán ra rất mạnh. Riêng DXG đã mất 65% thị giá kể từ đỉnh hồi cuối tháng 3, tương tự GEX cũng rơi về vùng đáy giá 22 tháng, giá cổ phiếu giảm sâu 71% kể từ mức đỉnh 48.220 đồng/cp hồi đầu năm nay.",GEX,GEX,Gelex,alias,0.98,auto_high_confidence,Nhóm Dragon CapOtherl liên tục bán ra hàng triệu cổ phiếu Target và Other,Nhóm Dragon CapOtherl liên tục bán ra hàng triệu cổ phiếu Target và Other,FinABSA_target_masked_headline_v1,2,Nhóm Dragon CapOtherl liên tục bán ra hàng triệu cổ phiếu Target và Other,The sentiment for Target in the given sentence is NEUTRAL.,neutral,,,,0.0,/home/huylkq/repos/nlp/FinABSA-Valid/MODEL/finabsa-other-masked-final_3epoch,Target,ok,neutral,2022-10-14 09:17:42+00:00,2022-10-14
9726cce44e71a042_00,9726cce44e71a042,https://cafef.vn/ocb-lot-top-10-thuong-hieu-manh-nganh-ngan-hang-2022-do-vneconomy-binh-chon-20221014090146844.chn,2022-10-14T09:02:32,,,OCB lọt top 10 thương hiệu mạnh ngành ngân hàng 2022 do VnEconomy bình chọn,"Chiều ngày 12/10/2022, tại lễ công bố và vinh danh Thương hiệu mạnh Việt Nam 2022, Ngân hàng TMCP Phương Đông (OCB) đã tiếp tục nối dài chuỗi thành tích ấn tượng với việc được “xướng danh” trong Top 10 Thương hiệu mạnh ngành Ngân hàng 2022.","TIN MỚI Chiều ngày 12/10/2022, tại lễ công bố và vinh danh Thương hiệu mạnh Việt Nam 2022, Ngân hàng TMCP Phương Đông (OCB) đã tiếp tục nối dài chuỗi thành tích ấn tượng với việc được “xướng danh” trong Top 10 Thương hiệu mạnh ngành Ngân hàng 2022. Chương trình ""Thương hiệu mạnh Việt Nam"" do Tạp chí Kinh tế Việt Nam (VnEconomy – Vietnam Economic Times) tổ chức, nhận được sự quan tâm, ủng hộ của đông đảo doanh nghiệp, nhà quản lý uy tín hàng đầu Việt Nam. Từ năm 2020, chương trình tiếp tục được mở rộng và nâng tầm thông qua việc phối hợp với các Sở thương mại ở 64 tỉnh thành trong cả nước trong việc tiến cử danh sách doanh nghiệp có thương hiệu tiêu biểu của các địa phương. Năm nay, với chủ đề ""Kiến tạo và Phát triển Thương hiệu Việt Nam Xanh"", các tiêu chí xét giải tập trung vào chiến lược, chương trình hành động và kết quả hoạt động của doanh nghiệp ở các lĩnh vực chuyển đổi số; chuyển đổi xanh, tiết kiệm năng lượng, ưu tiên sử dụng năng lượng sạch; phát triển mô hình sản xuất, kinh doanh chia sẻ, nhân văn; bảo vệ thương hiệu và chú trọng phát huy chính sách hướng tới người lao động và cộng đồng và các chỉ số phục hồi tăng trưởng của doanh nghiệp sau tác động nghiêm trọng của đại dịch Covid-19. Trải qua những vòng khảo sát và bình chọn gắt gao, OCB đã vinh dự trở thành một trong 10 Thương hiệu mạnh ngành Ngân hàng 2022. Ông Nguyễn Văn Hương – Giám đốc Khối Bán lẻ OCB đại diện Ngân hàng nhận giải thưởng ""Top 10 Thương hiệu mạnh ngành Ngân hàng 2022"" Kể từ đầu năm đến nay, trong công cuộc chuyển đổi số, luôn là một trong những ngân hàng tiên phong trong các hoạt động, OCB đã đạt được những bước tiến đầy ấn tượng như: Chỉ sau một thời gian ngắn triển khai, đã có hơn 250.000 lượt truy cập vào website Unlock Dream Home, hơn 7.000 người đăng ký được tư vấn và hơn 60.000 bất động sản đa dạng ở nhiều tỉnh thành cùng hàng trăm khách hàng đã được tiếp cận khoản vay và chọn được ngôi nhà như ý. Ngân hàng số OCB OMNI, đến thời điểm hiện tại đã có hơn 160 sản phẩm dịch vụ và tiện ích, ghi nhận số lượng người dùng tăng gấp 2.5 lần cùng kỳ năm trước, số lượng giao dịch tăng hơn 200% so với năm 2021; Tỷ lệ tiền gửi thông qua kênh cũng tăng 178% so với cùng kỳ. Đặc biệt, đầu năm 2022, OCB OMNI đã cho ra mắt Facepay – Phương thức thanh toán chỉ cần ""có mặt, là xong"", giao dịch không dùng tiền mặt, không thẻ ngân hàng, không điện thoại, hoàn tất trong vòng vài giây và hoàn toàn miễn phí. Đây là phương thức thanh toán hiện đại nhất hiện nay. Song song đó, không chỉ thành công trong công tác đẩy mạnh chuyển đổi số nhằm mang đến các sản phẩm, dịch vụ hướng đến những trải nghiệm tối ưu cho khách hàng mà OCB còn tạo dấu ấn rõ nét trong việc xây dựng, phát triển môi trường làm việc hiện đại, năng động, kiến tạo đội ngũ cán bộ nhân viên chuyên môn hóa cao. Trụ cột cốt lõi trong chiến lược của OCB là gắn kết con người và phát triển nhân tài. Do vậy, nhà băng này đã và đang thiết lập một hệ tiêu chuẩn mới về nơi làm việc lý tưởng - nơi mà tất cả các cán bộ nhân viên đều được cam kết xây dựng lộ trình thăng tiến minh bạch và công bằng. Cùng với đó, trong quá trình làm việc, cán bộ nhân viên sẽ được đào tạo nâng cao nghiệp vụ, ghi nhận năng lực thông qua các chương trình thi đua nội bộ. Trung bình mỗi năm có đến gần 600 lớp học được tổ chức. Với sự nỗ lực không ngừng nghỉ, từ đầu năm 2022 đến nay, OCB liên tục được vinh danh ở những giải thưởng danh giá trong nước và quốc tế. Gần đây nhất, Ngân hàng vừa lập ""cú đúp"" giải thưởng quốc tế do tạp chí Global Brands Magazine trao tặng gồm ""Best Digital Banking Brand – Vietnam 2022"" (Thương hiệu Ngân hàng số tốt nhất Việt Nam 2022) và ‘Excellence in Retail Banking – Vietnam 2022"" (Ngân hàng Bán lẻ xuất sắc – Việt Nam 2022). Đặc biệt, OCB cũng là một trong 12 ngân hàng được Tổ chức xếp hạng tín nhiệm Quốc tế Moody’s Investors Service (Moody’s) - một trong ba Tổ chức xếp hạng tín nhiệm danh tiếng trên thế giới đánh giá ""thăng hạng"" từ B1 lên Ba3 ở xếp hạng tiền gửi và xếp hạng nhà phát hành dài hạn. Xếp hạng rủi ro đối tác dài hạn vẫn giữ ở mức Ba3, mức thuộc top cao trong các tổ chức tín dụng hiện nay. Top 10 Thương hiệu mạnh ngành Ngân hàng 2022 là giải thưởng mới nhất, vinh danh OCB trên hành trình chuyển đổi.",OCB,OCB,OCB,alias,0.98,auto_high_confidence,Target lọt top 10 thương hiệu mạnh ngành ngân hàng 2022 do VnEconomy bình chọn,Target lọt top 10 thương hiệu mạnh ngành ngân hàng 2022 do VnEconomy bình chọn,FinABSA_target_masked_headline_v1,0,Target lọt top 10 thương hiệu mạnh ngành ngân hàng 2022 do VnEconomy bình chọn,The sentiment for Target in the given sentence is NEUTRAL.,neutral,,,,0.0,/home/huylkq/repos/nlp/FinABSA-Valid/MODEL/finabsa-other-masked-final_3epoch,Target,ok,neutral,2022-10-14 09:02:32+00:00,2022-10-14
e880c996f416273b_00,e880c996f416273b,https://cafef.vn/lanh-dao-ngan-hang-shb-duoc-enterprise-asia-vinh-danh-20221013195843269.chn,2022-10-14T08:00:00,,,Lãnh đạo ngân hàng SHB được Enterprise Asia vinh danh,"Vừa qua, Ông Đỗ Quang Vinh – Thành viên HĐQT kiêm Phó Tổng Giám đốc Ngân hàng Sài Gòn – Hà Nội (SHB) được vinh danh là “Doanh nhân Châu Á xuất sắc ngành dịch vụ tài chính”. Đây là giải thưởng kinh doanh uy tín với quy mô lớn hàng đầu khu vực Châu Á do tổ chức phi chính phủ về doanh nghiệp Enterprise Asia trao tặng.","TIN MỚI Được khởi xướng từ năm 2007, giải thưởng Asia Pacific Enterprise Awards (APEA) do Enterprise Asia trao tặng nhằm tôn vinh những doanh nghiệp, nhà lãnh đạo nổi bật, có nhiều đóng góp trong công tác xây dựng, quản lý và phát triển doanh nghiệp bền vững đồng thời tạo ra nhiều giá trị tốt đẹp cho cộng đồng. Vượt qua nhiều vòng đánh giá với các tiêu chí khắt khe, phỏng vấn chuyên sâu và khảo sát độc lập doanh nghiệp, ông Đỗ Quang Vinh đã chinh phục Hội đồng Giám khảo bằng nền tảng kiến thức vững chắc trong ngành Tài chính và những thành tựu kinh doanh ấn tượng tại các công ty, doanh nghiệp có sự dẫn dắt của ông. Doanh nhân trẻ ""dám nghĩ dám làm"" Theo học tại các trường đại học hàng đầu của Vương quốc Anh, tốt nghiệp cử nhân danh dự và thạc sĩ tài chính ngân hàng, doanh nhân Đỗ Quang Vinh có kiến thức, nền tảng sâu rộng trong linh vực tài chính. Đồng thời, ông Vinh có kinh nghiệm phong phú khi giữ nhiều vị trí quản lý chủ chốt tại các tập đoàn uy tín trong nước và toàn cầu: Tổng Giám đốc Tập đoàn T&T Hoa Kỳ, Phó Chủ tịch thường trực Hội đồng Thành viên Công ty Tài chính TNHH MTV Sài Gòn – Hà Nội (SHB FC); Chủ tịch HĐQT CTCP Chứng khoán Sài Gòn - Hà Nội (SHS); Chủ tịch HĐQT Tổng công ty Bảo hiểm Sài Gòn - Hà Nội (BSH). Tại SHB, ông Vinh là thành viên HĐQT kiêm Phó Tổng Giám đốc, phụ trách các khối nghiệp vụ quan trọng của Ngân hàng như Khối Ngân hàng số, Khối Công nghệ thông tin và Khối Marketing & Phát triển thương hiệu. ""Giải thưởng ""Doanh nhân Châu Á xuất sắc ngành dịch vụ tài chính"" là sự công nhận bước đầu cho những cố gắng, nỗ lực không chỉ riêng tôi, mà còn là kết quả, thành tựu đến từ những nỗ lực không ngừng nghỉ của toàn thể các cán bộ nhân viên."" - Ông Đỗ Quang Vinh chia sẻ. APEA đánh giá cao doanh nhân Đỗ Quang Vinh ở khả năng quản trị doanh nghiệp xuất sắc trong lĩnh vực tài chính. Với sự quyết đoán, dám nghĩ dám làm, không ngừng đổi mới và coi trọng phát triển con người, chú trọng xây dựng, nâng cao chất lượng sản phẩm dịch vụ, từng bước thay đổi văn hóa doanh nghiệp, đặt lợi ích của khách hàng làm trọng tâm, dù ở vị trí nào ông cũng khẳng định được thế mạnh của bản thân và đưa ra những quyết sách đúng đắn, góp phần tạo nên thành công cho tổ chức. Điển hình như thương vụ ký kết thành công thỏa thuận chuyển nhượng 100% vốn tại SHB FC cho Ngân hàng TNHH Đại chúng Ayudhya (Krungsri) của Thái Lan – thành viên chiến lược thuộc Tập đoàn MUFG – Nhật Bản, đem lại nguồn thặng dư vốn đáng kể cũng như nâng cao năng lực tài chính và vị thế của SHB, mở ra cơ hội phát triển mang tầm khu vực và vươn ra thế giới. Tại SHS, dưới sự điều hành của Chủ tịch HĐQT Đỗ Quang Vinh, công ty đã trở thành Top 10 công ty chứng khoán có vốn điều lệ lớn nhất thị trường Việt Nam. Ở lĩnh vực bảo hiểm, với định hướng tăng trưởng bền vững gắn liền với hiệu quả, ông Vinh đã đưa BSH vào Top 10 công ty bảo hiểm phi nhân thọ uy tín nhất năm 2022, Top 25 công ty tăng trưởng nhanh nhất Việt Nam với tốc độ tăng trưởng ấn tượng 13,4% (so với trung bình thị trường: 3,98%). Với SHB, ông Vinh được giao nhiều trọng trách, đặc biệt là vai trò ""vị thuyền trưởng"" dẫn dắt chiến lược chuyển đổi số của Ngân hàng. Ông là người đặt nền móng và phát triển Khối Ngân hàng số, chính thức đưa SHB bước vào cuộc đua số hóa ngân hàng và từng bước đạt được những thành công: Toàn bộ quy trình hoạt động của SHB đều được cải tiến mạnh mẽ nhờ công nghệ số, nâng cao hiệu quả công việc; công tác quản trị dữ liệu khách hàng cải thiện một cách rõ rệt; triển khai thành công nhiều sản phẩm số, gia tăng lợi ích và đem lại các trải nghiệm tốt hơn cho khách hàng… Đổi mới và khác biệt tạo nên giá trị Hướng đến mục tiêu trở thành ngân hàng số 1 về hiệu quả và công nghệ, ngân hàng số được yêu thích nhất trong các ngân hàng thương mại tại Việt Nam vào năm 2027, ông Đỗ Quang Vinh đã có hướng đi riêng rất khác biệt. Với ông, chuyển đổi số là một hành trình đầu tư lâu dài, bền vững, và ""đọc vị"" nhu cầu của khách hàng thông qua dữ liệu là mấu chốt để tạo ra những giá trị khác biệt trong các sản phẩm số của SHB. ""Giải thưởng ""Doanh nhân Châu Á xuất sắc ngành dịch vụ tài chính"" là sự công nhận bước đầu cho những cố gắng, nỗ lực không chỉ riêng tôi, mà còn là kết quả, thành tựu đến từ những nỗ lực không ngừng nghỉ của toàn thể các cán bộ nhân viên."" - Ông Đỗ Quang Vinh chia sẻ. Với hướng đi riêng biệt của mình, SHB đã ""âm thầm"" xây dựng một nền tảng số dựa trên chuỗi giá trị dành riêng cho khách hàng. Thay vì chỉ tập trung thấu hiểu nhu cầu hiện hữu của người dùng, SHB còn phân tích từng ""nỗi trăn trở"" của khách hàng trên hành trình trải nghiệm để giải quyết ""khúc mắc"" và xây dựng những giá trị riêng cho sản phẩm, dịch vụ của mình. Bên cạnh đó, SHB đã và đang chú trọng triển khai xây dựng văn hóa doanh nghiệp số, tạo ra văn hóa và cách làm việc mới để xây dựng năng lực chuyển đổi số cho hệ thống. ""Một nền văn hóa với cách làm việc, tư duy đổi mới có thể tăng cường đáng kể sự tương tác với khách hàng hiện hữu cũng như tiếp cận khách hàng mới, đồng thời tạo ra hiệu quả vượt trội."" – Doanh nhân Đỗ Quang Vinh chia sẻ. Dưới sự dẫn dắt, định hướng của ông, chỉ trong thời gian ngắn, SHB đã lần lượt triển khai thành công nhiều sản phẩm số hữu ích, nâng cao trải nghiệm của khách hàng như: Mở tài khoản trực tuyến, phát hành thẻ tín dụng trực tuyến, vay thấu chi, vay cầm cố sổ tiết kiệm online… cùng các giải pháp tài chính đa dạng và nhiều ưu đãi vượt trội đi kèm. Trước đó, với những thành tựu và đóng góp trong hoạt động chuyển đổi số tại SHB, doanh nhân Đỗ Quang Vinh đã vinh dự nhận giải thưởng ""Doanh nhân vàng Việt Nam năm 2022"".",SHB,SHB,SHB,alias,0.98,auto_high_confidence,Lãnh đạo ngân hàng Target được Enterprise Asia vinh danh,Lãnh đạo ngân hàng Target được Enterprise Asia vinh danh,FinABSA_target_masked_headline_v1,0,Lãnh đạo ngân hàng Target được Enterprise Asia vinh danh,The sentiment for Target in the given sentence is NEUTRAL.,neutral,,,,0.0,/home/huylkq/repos/nlp/FinABSA-Valid/MODEL/finabsa-other-masked-final_3epoch,Target,ok,neutral,2022-10-14 08:00:00+00:00,2022-10-14
13216ff3b5b31500_00,13216ff3b5b31500,https://cafef.vn/dragon-capital-rui-ro-da-phan-anh-vao-gia-co-phieu-ngan-hang-nha-nuoc-co-kha-nang-tang-lai-suat-vao-quy-4-va-dau-nam-sau-20221013234831923.chn,2022-10-14T00:05:46,2022-10-14T00:06:11+07:00,,"Dragon Capital: Rủi ro đã phản ánh vào giá cổ phiếu, Ngân hàng Nhà nước có khả năng tăng lãi suất vào quý 4 và đầu năm sau","Sau khi thị trường lao dốc 27% so với đầu năm, định giá cổ phiếu đã giảm xuống mức thấp trong lịch sử là 8,8 lần năm 2022. Song, cần theo dõi xu hướng lãi suất và những diễn biến mới về tình hình quốc tế.","TIN MỚI Thị trường chứng khoán trải qua tháng 9 đầy khó khăn với việc chỉ số VN-Index giảm 13,1% về mức thấp nhất trong năm 2022. Trong báo cáo tháng 9 mới công bố, Dragon Capital cho rằng áp lực giảm điểm tới từ tình hình thế giới khi lạm phát của Mỹ vẫn ở mức cao và Fed duy trì quan điểm tiếp tục thắt chặt tiền tệ. Trong nước, tình hình chưa cải thiện đối với hạn mức tín dụng của các ngân hàng hoặc về việc sửa đổi Nghị định 153, điều chỉnh việc phát hành trái phiếu doanh nghiệp. Mặc dù giảm thời gian thanh toán, từ T + 3 xuống T + 2,5, thanh khoản trung bình hàng ngày vẫn đi xuống. Trước bối cảnh đó, nhóm ngành phòng thủ thể hiện vai trò bảo vệ, cụ thể các cổ phiếu chăm sóc sức khoẻ và F&B chỉ giảm từ 2% đến 4%. Ngoài ra, các công ty bảo hiểm cũng giảm ít hơn so với thị trường chung từ việc hưởng lợi lãi suất tăng. Đồng thời, nhiều nhà bán lẻ hưởng lợi từ nhu cầu cao đối với mẫu iPhone mới, doanh số bán hàng tại Việt Nam dự kiến sẽ tăng gấp đôi bất chấp nhu cầu trên toàn cầu đối với sản phẩm này có vẻ chậm lại. Đây được xem là một tín hiệu tích cực của tâm lý người tiêu dùng. Tuy rằng thị trường đã không thể trụ vững trước những rủi ro từ thị trường toàn cầu, khi lo ngại về suy thoái toàn cầu đang gia tăng, nền kinh tế Việt Nam vẫn tăng trưởng mạnh mẽ. GDP 9 tháng đầu năm tăng 8,8%, thặng dư thương mại đạt 6,3 tỷ USD và lạm phát vẫn ở mức mục tiêu của Chính phủ là 4%. ﻿Định giá vẫn duy trì hấp dẫn trong khu vực Trong khi đó, sau khi thị trường lao dốc 27% so với đầu năm, định giá cổ phiếu đã giảm xuống mức thấp trong lịch sử là 8,8 lần năm 2022. Số lượng cổ phiếu có giá nằm trên đường trung bình 50 ngày chỉ còn 2%, đây là mức thấp nhất trong lịch sử và chỉ số RSI đang hướng về mức đáy giai đoạn Covid. Dragon Capital đánh giá rằng nhiều rủi ro đã được phản ánh vào giá cổ phiếu. Tuy nhiên, cần phải theo dõi xu hướng lãi suất và những diễn biến mới về tình hình quốc tế. Dragon Capital đưa ra dự báo Top 80 cổ phiếu danh mục quỹ lựa chọn với triển vọng tăng trưởng lợi nhuận năm 2022 giảm về mức 17,9% trước những thông tin vĩ mô và trong nước không mấy khả quan. Tuy nhiên, thị trường vẫn duy trì mức định giá hấp dẫn, với P/E khoảng 8,8 lần và tăng trưởng EPS đạt mức 16,3%. NHNN có thể tăng lãi suất thêm 100 điểm vào quý 4/2022 và tiếp tục tăng vào quý 1/2023 Về tình hình vĩ mô, kinh tế tháng 9 ghi nhận kết quả vượt bậc khi GDP quý 3 đạt 13,7% và 8,8% cho 9 tháng đầu năm, mức tăng kỷ lục trong hơn 1 thập kỷ. Các chỉ số của nền kinh tế đều rất ấn tượng, đặc biệt trong đó là lĩnh vực thương mại với xuất khẩu 9 tháng đầu năm tăng 17,3%, đóng góp phần lớn bởi khối FDI; nhập khẩu tăng 13%, và kết quả là thặng dư 6,5 tỷ USD. Trái ngược với mức thâm hụt 1,9 tỷ USD của cùng kỳ năm trước, Việt Nam năm nay đã thể hiện sự vượt bậc trong nỗ lực xoay chiều cán cân thương mại. Điều này thể hiện rằng tồn kho của nguyên liệu đầu vào đã được đưa vào xử lý, các vướng mắc của chuỗi cung ứng cũng được giảm thiểu, và với khả năng phát triển sản xuất các sản phẩm có giá trị ngày một cao, Việt Nam đang nâng tầm vị thế trong chuỗi giá trị toàn cầu. Ở một khía cạnh kém tích cực, lạm phát tới cuối năm có thể sẽ vượt mức mục tiêu là 4%, và rất nhiều nhận định cho rằng con số này thậm chí còn thấp hơn sự thật. Tuy nhiên, tương tự như các quốc gia khác tại châu Á, lạm phát tại Việt Nam vẫn đang được kiểm soát tốt ở ngưỡng an toàn, và chủ yếu tới từ các yếu tố nhập khẩu thay vì nội tại của nền kinh tế. Nghị định 65 sửa đổi Nghị định 153 quy định về chào bán trái phiếu doanh nghiệp riêng lẻ đã được ban hành với nhiều quy định chặt chẽ hơn. Trên cơ sở đó, Dragon Capital dự đoán tổng lượng trái phiếu phát hành sẽ giảm trong năm 2023. Đánh giá về xu hướng lãi suất, tuỳ thuộc vào động thái của Fed mà Dragon Capital quan điểm NHNN có thể tăng thêm 100 điểm vào quý 4 và có khả năng tiếp tục tăng vào quý 1 đầu năm tới. Tương tự với các quốc gia châu Á khác, lãi suất có xu hướng tăng sẽ giúp hạn chế đà tăng của USD, NHNN đồng thời sẽ có biện pháp để giữ ổn định tỷ giá vào cuối năm.",ita,ITA,Itaco,alias,0.98,auto_high_confidence,"Dragon CapTargetl: Rủi ro đã phản ánh vào giá cổ phiếu, Ngân hàng Nhà nước có khả năng tăng lãi suất vào quý 4 và đầu năm sau","Dragon CapTargetl: Rủi ro đã phản ánh vào giá cổ phiếu, Ngân hàng Nhà nước có khả năng tăng lãi suất vào quý 4 và đầu năm sau",FinABSA_target_masked_headline_v1,0,"Dragon CapTargetl: Rủi ro đã phản ánh vào giá cổ phiếu, Ngân hàng Nhà nước có khả năng tăng lãi suất vào quý 4 và đầu năm sau",The sentiment for Target in the given sentence is NEUTRAL.,neutral,,,,0.0,/home/huylkq/repos/nlp/FinABSA-Valid/MODEL/finabsa-other-masked-final_3epoch,Target,ok,neutral,2022-10-14 00:05:46+00:00,2022-10-14
17ee021b664d02e0_00,17ee021b664d02e0,https://cafef.vn/chi-58-ty-dong-mua-co-phieu-cre-so-tai-san-cua-shark-hung-lon-co-nao-20221013205822953.chn,2022-10-13T20:58:00,2022-10-13T21:03:58+07:00,,"Chi 58 tỷ đồng mua cổ phiếu Cen Land, số tài sản của Shark Hưng lớn cỡ nào?","Sau khi thực hiện giao dịch, số cổ phiếu CRE ông Hưng nắm giữ là hơn 11,54 triệu cổ phiếu, chiếm 2,5% cổ phần.","CRE: Giá hiện tại Thay đổi Xem hồ sơ doanh nghiệp TIN MỚI Ngày 5/10, CTCP Bất động sản Thế Kỷ (Cen Land - mã chứng khoán CRE) đã công bố báo cáo kết quả giao dịch quyền mua cổ phiếu của người nội bộ công ty. Cụ thể, ông Phạm Thanh Hưng, Phó Chủ tịch HĐQT công ty đã thực hiện quyền mua gần 5,8 triệu cổ phiếu CRE, tỷ lệ thực hiện quyền mua 1:1, giá trị thực hiện giao dịch là gần 58 tỷ đồng. Trước khi thực hiện giao dịch, ông Hưng sở hữu gần 5,8 triệu cổ phiếu CRE. Sau khi thực hiện giao dịch, số cổ phiếu ông Hưng nắm giữ là hơn 11,54 triệu cổ phiếu, chiếm 2,5% cổ phần. Ước tính theo mức giá đóng cửa phiên giao dịch ngày 13/10, cổ phiếu CRE có giá 13.050 đồng/cổ phiếu, giá trị tài sản của ông Hưng là hơn 151 tỷ đồng. Ông Phạm Thanh Hưng còn được nhiều người biết đến với tên gọi Shark Hưng khi tham gia chương trình “Shark Tank Việt Nam”. Ông Hưng sinh năm 1972 và có bằng Thạc sĩ Quản trị kinh doanh. Trước khi trở thành Phó chủ tịch HĐQT Cen Group, ông Hưng từng có 1 năm làm việc tại Công ty TNHH Toyota Vietnam từ năm 1996 - 1997. Từ 1997 - 2004, ông đảm nhiệm chức vụ Giám đốc chiến lược - Trung tâm Năng suất Việt Nam. Từ 2004 - 2008, ông trở thành Tổng giám đốc - Công ty Cổ phần Thẩm định giá Hoàng Quân Hà Nội; Phó Tổng giám đốc - Công ty Cổ phần Sơn Trà; Tổng giám đốc - Công ty Cổ phần EPIC trí tuệ kinh doanh; Giám đốc kinh doanh - Công ty Bất động sản Phú Thái. Đến năm 2008, ông Hưng bắt đầu đảm nhiệm chức vụ Phó Chủ tịch HĐQT của Bất động sản Thế Kỷ. CTCP Bất động sản Thế Kỷ thành lập từ năm 2001, có vốn điều lệ là 2.016 tỷ đồng, hoạt động trong các lĩnh vực: Tư vấn, Môi giới bất động sản và Bất động sản. Trong 6 tháng đầu năm 2022, CRE ghi nhận doanh thu thuần đạt 2.561 tỷ đồng, giảm 33% so với cùng kỳ. Trong đó, doanh thu cung cấp dịch vụ môi giới bất động sản đạt 891 tỷ đồng, doanh thu chuyển nhượng bất động sản đạt 1.650 tỷ đồng, doanh thu cho thuê văn phòng và doanh thu khác đạt 20 tỷ đồng. Công ty lãi sau thuế 226 tỷ đồng, giảm 10% so với cùng kỳ. Phía công ty giải thích bối cảnh nền kinh tế thế giới nói chung và kinh tế Việt Nam nói riêng gặp nhiều khó khăn do ảnh hưởng của dịch bệnh Covid nhưng công ty đã áp dụng các biện pháp để tìm kiếm các dự án có hiệu quả cao. Mặc dù hiệu quả tại công ty mẹ tăng nhưng tại công ty con TNHH TMĐT Ngôi nhà Thế Kỷ hoạt động tự doanh giảm dẫn đến doanh thu, giá vốn và lợi nhuận trên BCTC hợp nhất giảm so với cùng kỳ năm trước. Tính đến ngày 30/6, tổng tài sản của CRE đạt 7.017 tỷ đồng, tăng 12% so với thời điểm đầu năm. Tổng nợ CRE cũng tăng 20% so với đầu năm lên 3.388 tỷ đồng và VCSH tăng 6% lên 3.629 tỷ đồng. Nguyên TGĐ Lilama Phạm Hùng: Suýt ‘bóc lịch’ vì giấc mơ tổng thầu, 20 năm làm công nghiệp nặng vì đam mê",CEN,CEN,,ticker_context_rule,0.95,auto_high_confidence,"Chi 58 tỷ đồng mua cổ phiếu Cen Land, số tài sản của Shark Hưng lớn cỡ nào?","Chi 58 tỷ đồng mua cổ phiếu Cen Land, số tài sản của Shark Hưng lớn cỡ nào?",FinABSA_target_masked_headline_v1,0,"Chi 58 tỷ đồng mua cổ phiếu Cen Land, số tài sản của Shark Hưng lớn cỡ nào?",The sentiment for Shark in the given sentence is NEUTRAL.,neutral,,,,0.0,/home/huylkq/repos/nlp/FinABSA-Valid/MODEL/finabsa-other-masked-final_3epoch,Target,ok,neutral,2022-10-13 20:58:00+00:00,2022-10-13
329ae0103c096ce4_00,329ae0103c096ce4,https://cafef.vn/vndirect-ra-mat-ung-dung-dau-tu-chung-khoan-chuyen-biet-moi-dstock-20221013084549005.chn,2022-10-13T08:00:00,2022-10-13T08:46:55+07:00,,VNDIRECT ra mắt ứng dụng đầu tư chứng khoán chuyên biệt mới: DStock,"Để tối ưu sự tiện lợi cho các khách hàng thường xuyên giao dịch cổ phiếu, chứng quyền, phái sinh, DStock hứa hẹn sẽ mang đến góc nhìn toàn diện về sức khỏe cổ phiếu và tiện ích giao dịch như 'dân nhà nghề' cho các nhà đầu tư với nền tảng công nghệ tiên tiến.","TIN MỚI Link nguồn: http://nhipsongkinhte.toquoc.vn/vndirect-ra-mat-ung-dung-dau-tu-chung-khoan-chuyen-biet-moi-dstock-20221012160042254.htm Ứng dụng giúp ""bắt mạch"" cổ phiếu DStock ra đời với mong muốn xóa bỏ rào cản về kiến thức, kỹ năng bao quát sức khỏe cổ phiếu trên thị trường và tâm lý ""không biết bắt đầu từ đâu""…của khách hàng mới. Ông Nguyễn Duy Hiệp - Giám đốc Trung tâm Dịch vụ Chứng khoán số cho biết, sức khỏe cổ phiếu là một khái niệm vô cùng quan trọng, tác động đáng kể đến quyết định đầu tư. Nó thể hiện tình trạng hoạt động và vị thế tài chính của cổ phiếu dựa trên đánh giá giá trị thị trường, tính toán các tỷ lệ tài chính cụ thể và so sánh với những công ty khác trong cùng ngành. Nếu như trước đây, các nhà đầu tư thường mất rất nhiều thời gian thu thập dữ liệu, tin tức về doanh nghiệp ở nhiều kênh khác nhau, thì giờ đây chỉ cần cài đặt DStock, mọi quy trình sẽ được rút gọn tối đa. Nhờ ứng dụng trí tuệ nhân tạo AI, sử dụng 'machine learning' trong việc tổng hợp và đánh giá dữ liệu bằng thuật toán, DStock sẽ cung cấp cho người dùng hệ thống giao dịch trực tuyến thông minh, dễ sử dụng; kết hợp cùng bộ chỉ số đánh giá sức khỏe doanh nghiệp độc quyền (D-Rating), diễn biến giao dịch realtime và góc nhìn kỹ thuật từ các chuyên gia VNDIRECT... Nhờ đó, khách hàng sẽ được cung cấp những thông tin nhạy bén, chính xác và toàn diện của thị trường để có góc nhìn toàn cảnh về sức khỏe cổ phiếu ngay từ bước đầu theo dõi, đánh giá cho đến khi đưa ra quyết định giao dịch. Điểm ưu việt này hứa hẹn sẽ ghi điểm trong mắt các nhà đầu tư hiện hữu và mới tham gia thị trường chứng khoán. Ngoài ra, với giao diện bắt mắt và dễ hiểu, DStock giúp người dùng có thể đánh giá tiềm năng nhóm ngành, top xu hướng ngắn, trung và dài hạn chuẩn xác hơn và nhanh chóng xác định, lựa chọn cổ phiếu tốt, ngành tốt thay vì phải tự thiết lập tiêu chí lựa chọn. ""Chúng tôi kỳ vọng DStock sẽ giúp nhà đầu tư lượng hóa rủi ro, ""bắt mạch"" cổ phiếu và lựa chọn sản phẩm phù hợp với ""khẩu vị"" đầu tư của mình"", ông Hiệp bổ sung. DStock - Giao dịch như ""dân nhà nghề"" Bên cạnh đó, DStock hỗ trợ nhà đầu tư mới xây dựng thói quen giao dịch như dân nhà nghề với những tính năng nâng cao và nổi bật như: Truy cập đặt lệnh chỉ với một chạm, nâng cấp màn hình chi tiết mã, bổ sung tính năng ghi chú giao dịch, công cụ ghi chú hàng ngày và công cụ quản lý tài sản linh hoạt…giúp khách hàng sẽ quản trị danh mục toàn diện, minh bạch, hiệu quả hơn. Cùng với đó, tính năng mới sắp ra mắt ""Cảnh báo biến động giá cổ phiếu - Alert"" cho phép nhà đầu tư chủ động cài đặt theo dõi giá cổ phiếu ngay trong phiên giao dịch, với các điều kiện theo dõi đa dạng, phù hợp với mọi phương pháp giao dịch (cơ bản và kỹ thuật), giúp nhà đầu tư dễ dàng theo dõi và bám sát các biến động của thị trường (giá khớp, lệnh mua/bán...), từ đó lựa chọn được thời điểm phù hợp để đưa ra quyết định giao dịch, giúp tối ưu hiệu quả đầu tư và loại bỏ các nhận định cảm tính trong quá trình ra quyết định. ""Song song với ứng dụng VNDIRECT hiện tại dành cho khách hàng giao dịch đa tài sản, DStock sẽ trở thành một ""trợ thủ"" đầu tư trong thời đại số, nơi nhà đầu tư có thể dễ dàng giao dịch chứng khoán, nâng cao kiến thức về sức khỏe cổ phiếu và tạo cho mình phong cách đầu tư như dân nhà nghề"", ông Nguyễn Duy Hiệp nhấn mạnh. Khách hàng có thể bắt đầu tận hưởng thế hệ mới của trải nghiệm đầu tư chứng khoán - DSock bằng cách tìm kiếm từ khóa ""DStock"" trên App Store (iOS) hoặc Google Play (Android) để tải và cài đặt. Trong thời gian tới, VNDIRECT sẽ tiếp tục phát triển các phiên bản web và phiên bản desktop app của DStock, cũng như các tính năng mới: liên lạc trực tuyến với nhân viên chăm sóc, cảnh báo giao dịch, bộ lọc ngăn - dừng - sinh - dưỡng, AI hóa đối với dịch vụ tư vấn (AI Advisor). Tất cả sẽ được tích hợp trên Dstock để đồng hành cùng nhà đầu tư trong hành trình đầu tư và giao dịch tại VNDIRECT. Là một trong những công ty chứng khoán tiên phong trong việc cung cấp dịch vụ quản lý tài sản cho các khách hàng cá nhân, VNDIRECT luôn lắng nghe và thấu hiểu nhu cầu của khách hàng để không ngừng cải tiến và nâng cao chất lượng dịch vụ. Với nền tảng công nghệ mạnh mẽ, sức sáng tạo không ngừng nghỉ cùng tinh thần dấn thân phụng sự, ứng dụng DStock đem đến đủ sự lựa chọn cần thiết cho hành trình kiến tạo Sức khỏe tài chính và Bảo an thịnh vượng của mọi khách hàng. Bên cạnh ứng dụng DStock, hệ sinh thái dịch vụ đầu tư của VNDIRECT luôn đảm bảo cung cấp đầy đủ thông tin về sức khỏe cổ phiếu, tiện ích đầu tư và giải pháp giao dịch, giúp khách hàng có thể thực hiện các giao dịch chứng khoán phù hợp với sức khỏe đầu tư của mỗi người./",VND,VND,VNDIRECT,alias,0.98,auto_high_confidence,TargetIRECT ra mắt ứng dụng đầu tư chứng khoán chuyên biệt mới: DStock,TargetIRECT ra mắt ứng dụng đầu tư chứng khoán chuyên biệt mới: DStock,FinABSA_target_masked_headline_v1,0,TargetIRECT ra mắt ứng dụng đầu tư chứng khoán chuyên biệt mới: DStock,The sentiment for Target in the given sentence is NEUTRAL.,neutral,,,,0.0,/home/huylkq/repos/nlp/FinABSA-Valid/MODEL/finabsa-other-masked-final_3epoch,Target,ok,neutral,2022-10-13 08:00:00+00:00,2022-10-13
9ed923ac23f4593b_00,9ed923ac23f4593b,https://cafef.vn/vcbs-vn-index-se-kho-roi-xuong-duoi-vung-1000-diem-trong-quy-4-20221012214529323.chn,2022-10-13T05:02:00,,,VCBS: VN-Index sẽ khó rơi xuống dưới vùng 1.000 điểm trong quý 4,"Những tháng còn lại của năm 2022, VCBS cho rằng VN-Index gần như không có khả năng quay lại được mức cao nhất đã đạt được vào tháng 4/2022.","TIN MỚI Quý 3/2022, trước những thông tin không mấy tích cực về lạm phát và triển vọng kinh tế, thị trường chứng khoán Việt Nam diễn biến đồng pha với thị trường thế giới và liên tục mất điểm, xuống dưới vùng đáy cũ đã được thiết lập trong tháng 7. Nhìn chung, nhà đầu tư vẫn chưa thoát khỏi tâm lý tiêu cực trong ngắn hạn dẫn đến áp lực bán tháo cổ phiếu vẫn chưa có tín hiệu dừng lại và dòng tiền đang dần rút ra khỏi thị trường. Không chỉ vậy, dòng tiền khối ngoại cũng liên tục duy trì đà bán ròng trong tháng 8 với thanh khoản lớn. Tính đến thời điểm hiện tại, khối ngoại đang bán ròng 786 tỷ đồng. Bước sang quý 4, Chứng khoán Vietcombank (VCBS) cho rằng việc Cục Dự trữ Liên bang Mỹ (FED) liên tục tăng lãi suất với mức độ lớn, tần suất dày sẽ khiến cho USD lên giá mạnh mẽ so với tất cả các đồng tiền khác trên thị trường, từ đó gây áp lực đáng kể lên các cân đối kinh tế vĩ mô lớn của Việt Nam. Theo VCBS, các yếu tố kinh tế chính chi phối thị trường chứng khoán Việt Nam trong quý 4 liên quan tới sự phục hồi tăng trưởng kinh tế vẫn đang tiếp diễn sau 9 tháng đầu năm, tuy nhiên đồng VND sẽ tiếp tục chịu áp lực mất giá so với USD. Bên cạnh đó, mặt bằng lãi suất sẽ phải chịu áp lực điều chỉnh tăng, đặc biệt là lãi suất huy động. VCBS dự báo cho đến cuối năm 2022, nhiều khả năng sẽ tăng lên mức tương đương cho đến vượt 50 điểm cơ bản so với giai đoạn cuối năm 2019 trước dịch Covid. Trong bối cảnh đó, dòng tiền trên thị trường chứng khoán sẽ tiếp tục duy trì trạng thái yếu dưới áp lực mất giá của đồng VND cũng như việc mặt bằng chi phí vốn tăng lên làm suy giảm mức định giá của hầu hết các loại tài sản tài chính, đặc biệt là cổ phiếu. Về diễn biến chỉ số, VCBS cho rằng VN-Index gần như không có khả năng quay lại được mức cao nhất đã đạt được vào tháng 4/2022. Hiện tại, vùng 950 - 1.000 điểm đang là vùng điểm số hỗ trợ gần nhất của thị trường, song VCBS không kỳ vọng khả năng VN-Index rơi xuống dưới mức này. Thay vào đó, chỉ số sẽ dao động trong vùng 1.000 – 1.200 điểm trong quý 4. Đồng thời, chỉ số vẫn có thể ghi nhận một vài nhịp hồi phục nhỏ từ trạng thái quá bán nhưng các nhịp tăng tính từ đáy ngắn hạn sẽ khó vượt quá 100 điểm. VCBS giữ nguyên quan điểm thanh khoản thị trường với khối lượng giao dịch trung bình trong năm 2022 dự báo đạt bình quân khoảng 800 triệu cổ phiếu/phiên trên cả ba sàn, giảm khoảng 20% so với cùng kỳ năm ngoái. Tương ứng với đó, giá trị giao dịch trung bình mỗi phiên trên cả ba sàn có thể đạt khoảng 22.000 tỷ đồng/phiên. Về chủ đề đầu tư trong thời gian tới, thứ nhất, VCBS đánh giá các cổ phiếu ngành ngân hàng là nhóm chiếm tỷ trọng lớn nhất về thanh khoản cũng như vốn hóa trên thị trường chứng khoán Việt Nam. Do đó, khi dòng tiền trên thị trường rút bớt đáng kể cùng với chi phí vốn gia tăng thì nhiều khả năng đây vẫn sẽ là nhóm ghi nhận diễn biến giá tiêu cực trong quý cuối cùng của năm 2022. Tuy nhiên, một số ngân hàng được NHNN cấp bổ sung hạn mức tín dụng cho năm 2022 liên quan đến việc nhận tái cơ cấu các ngân hàng yếu kém có thể là những điểm sáng hiếm hoi – đặc biệt là khi giá cổ phiếu đã chiết khấu đủ hấp dẫn. Thứ hai, việc cơ quan quản lý nhà nước tiếp tục xử lý nghiêm các doanh nghiệp có sai phạm trong lĩnh vực bất động sản cùng với khả năng tiếp cận vốn vay khó khăn hơn trong bối cảnh mặt bằng lãi suất có xu hướng tăng khiến cho triển vọng trong ngắn hạn của cả nhóm bất động sản nhà ở và bất động sản khu công nghiệp là kém khả quan. Song, xét về dài hạn, tiềm năng tăng trưởng của lĩnh vực bất động sản khu công nghiệp vẫn là rất lớn đi cùng với quá trình mở rộng cơ sở hạ tầng ở Việt Nam để phục vụ cho mục tiêu công nghiệp hóa – hiện đại hóa. Tổng hợp lại, VCBS cho rằng trong giai đoạn này nhà đầu tư có thể sàng lọc ra những doanh nghiệp bất động sản khu công nghiệp đang ở chu kỳ bán hàng thay vì ở giai đoạn triển khai dự án và lựa chọn thời điểm giải ngân khi thị trường hồi phục sau khi đã tạo lập thành công đáy trung hạn. Thứ ba, với việc tổ chức OPEC+ cắt giảm sản lượng khai thác dầu nhằm mục tiêu giữ giá dầu ở mức cao, đồng thời mùa đông năm nay ở châu Âu được dự báo sẽ đến sớm với nền nhiệt độ thấp hơn năm 2021, nhu cầu các sản phẩm năng lượng như dầu mỏ và khí đốt trên thị trường thế giới nhiều khả năng sẽ thiết lập mặt bằng giá cao mới – ít nhất là cho đến đầu năm sau. Đây có thể là những thông tin tích cực đối với nhóm phân bón và dầu khí trong ngắn hạn. Thứ tư, VCBS kỳ vọng nhu cầu tiêu dùng của tầng lớp trung lưu ở Việt Nam sẽ tiếp tục đà phục hồi rõ rệt trong nửa cuối năm 2022 – nhất là khi so sánh với mức nền rất thấp ở cùng thời điểm của năm 2021. Do đó, nhóm doanh nghiệp bán lẻ hàng hóa xa xỉ phục vụ nhu cầu mua sắm hồi phục trở lại sau giai đoạn giãn cách xã hội - đặc biệt là các doanh nghiệp kinh doanh trang sức kim loại quý có thể được hưởng lợi. Ngoài ra, với nhà đầu tư cá nhân giải ngân cho mục tiêu đầu tư dài hạn trong năm 2023, VCBS cho rằng có thể cân nhắc tìm kiếm thêm cơ hội ở những cổ phiếu có dòng tiền thuần từ hoạt động kinh doanh duy trì ổn định và có tỷ lệ trả cổ tức/giá thị trường cổ phiếu cao hơn so với lãi suất tiết kiệm.",VCB,VCB,Vietcombank,alias,0.98,auto_high_confidence,TargetS: VN-Index sẽ khó rơi xuống dưới vùng 1.000 điểm trong quý 4,TargetS: VN-Index sẽ khó rơi xuống dưới vùng 1.000 điểm trong quý 4,FinABSA_target_masked_headline_v1,0,TargetS: VN-Index sẽ khó rơi xuống dưới vùng 1.000 điểm trong quý 4,The sentiment for Target in the given sentence is NEUTRAL.,neutral,,,,0.0,/home/huylkq/repos/nlp/FinABSA-Valid/MODEL/finabsa-other-masked-final_3epoch,Target,ok,neutral,2022-10-13 05:02:00+00:00,2022-10-13
cff0dcaaa91ceaa9_00,cff0dcaaa91ceaa9,https://cafef.vn/hagl-bac-bo-tin-don-tieu-cuc-truoc-da-ban-thao-ai-nu-doan-hoang-anh-dang-ky-mua-1-trieu-co-phieu-20221012205345991.chn,2022-10-12T20:54:35,2022-10-12T21:20:36+07:00,,"HAGL bác bỏ tin đồn tiêu cực trước đà bán tháo, con gái bầu Đức đăng ký mua 1 triệu cổ phiếu","""HAGL khẳng định các tin đồn hiện nay trên các mạng xã hội và các hội nhóm chứng khoán là sai sự thật, làm ảnh hưởng đến danh dự và uy tín cá nhân Chủ tịch HĐQT, ảnh hưởng đến hoạt động SXKD. Do đó, mọi thông tin đăng tải không chính xác... sẽ được HAGL chuyển đến cơ quan chức năng có thẩm quyền để xử lý theo quy định pháp luật"", thông báo HAGL ghi.","HAG: Giá hiện tại Thay đổi Xem hồ sơ doanh nghiệp TIN MỚI Hoàng Anh Gia Lai (HAGL, HAG) vừa có thông tin chính thức liên quan đến những tin đồn thất thiệt về hiện trạng hoạt động của ông Đoàn Nguyên Đức - Chủ tịch HĐQT Công ty. Thông tin này được Công ty công bố sau đà bán tháo cổ phiếu trên thị trường, thị giá HAG hiện giảm xuống dưới mức 10.000 đồng/cp. ""Những ngày qua và cho đến hiện tại, ông Đức vẫn trực tiếp chỉ đạo hoạt động SXKD tại các nông trường/nông trại của Tập đoàn, di chuyển hàng ngày giữa các nông trường/nông trại để giám sát và điều hành; trực tiếp chủ trì các cuộc họp HĐQT, Ban Tổng Giám đốc và các cấp quản lý để phổ biến triển khai các chủ trưởng, chiến lược nhằm đạt được chỉ tiêu kinh doanh đề ra trong năm 2022"", thông báo HAGL ghi. Cùng với đó, bà Đoàn Hoàng Anh - con gái bầu Đức - cũng đăng ký mua vào 1 triệu cổ phiếu HAG. Giao dịch dự kiến thực hiện khớp lệnh trên sàn từ ngày 17/10-15/11/2022. Nếu thành công, tỷ lệ sở hữu của bà Anh tại HAGL sẽ là 10 triệu cổ phiếu, tương đương 1,08% vốn. Về hoạt động kinh doanh, HAGL nhấn mạnh hiện trạng Tập đoàn vẫn diễn ra bình thường, các hoạt động xuất khẩu chuối và kinh doanh heo ăn chuối vẫn diễn ra. Công ty cũng vừa công bố chỉ số SXKD tháng 9/2022, ghi nhận doanh thu mức 475 tỷ đồng, LNST đạt 113 tỷ đồng. Theo Công ty, chỉ số ghi nhận trong bối cảnh giá xuất khẩu chuối chưa tăng cao như kỳ vọng, đồng thời giá heo thấp hơn tháng trước. Luỹ kế 9 tháng, doanh thu HAGL đạt 3.183 tỷ đồng, bao gồm 981 tỷ từ chăn nuôi và 1.707 tỷ cây ăn trái, ngành phụ trợ đóng góp 495 tỷ đồng. Lợi nhuận sau thuế 9 tháng đầu năm theo đó đạt 894 tỷ đồng, bằng 79% kế hoạch cả năm 2022. HAGL cho biết thêm, quý 4 kỳ vọng giá chuối sẽ tăng trở lại và sản lượng heo xuất bán nhiều hơn các quý trước, Công ty chắc chắn sẽ vượt kế hoạch lợi nhuận đề ra cho năm 2022. Mặt khác, HAGL cũng chú trọng giảm dư nợ vay tại ngân hàng. Mới đây, HAGL vừa công bố thông tin mua lại trái phiếu trước hạn, với giá trị là 605 tỷ đồng tại ngân hàng BIDV. Lần mua lại nợ trước hạn gần nhất vào giữa năm 2021, HAGL đã mua lại 328 tỷ nợ trước hạn tại HDBank. Tại thông báo lần này, Công ty cũng công bố chi tiết các khoản trái phiếu hiện còn lại bao gồm: (1) Trái phiếu phát hành ngày 30/12/2016: dư nợ gốc hiện nay là 5.271 tỷ đồng, ngày đáo hạn 31/12/2026; (2) Trái phiếu phát hành ngày 18/6/2012: dư nợ gốc hiện nay là 300 tỷ đồng, ngày đáo hạn 30/9/2023. Cả 2 khoản trái phiếu này đều có đủ TSĐB cho dư nợ hiện tại. ""HAGL khẳng định các tin đồn hiện nay trên các mạng xã hội và các hội nhóm chứng khoán là sai sự thật, làm ảnh hưởng đến danh dự và uy tín cá nhân Chủ tịch HĐQT, ảnh hưởng đến hoạt động SXKD. Do đó, mọi thông tin đăng tải không chính xác, sử dụng các dữ liệu và hình ảnh cắt ghép mang hàm ý hù doạ nhà đầu tư/cổ đông Công ty, sẽ được HAGL chuyển đến cơ quan chức năng có thẩm quyền để xử lý theo quy định pháp luật"", thông báo ghi. Sở GDCK Tp.HCM vừa có thông báo chuyển cổ phiếu HAG từ diện kiểm soát sang diện cảnh báo từ ngày 11/10/2022. Lý do là LNST năm 2021 là 203,3 tỷ đồng và LNST chưa phân phối tính đến ngày 31/12/2021 là -4.467,1 tỷ đồng, thuộc diện bị cảnh báo. ""Đối thủ"" của bầu Đức - Chủ tịch BAF vừa khoe “heo ăn chay” độc quyền, cổ phiếu tăng trần liên tục bất chấp thị trường chung đỏ lửa",HAG,HAG,Hoang Anh Gia Lai,alias,0.98,auto_high_confidence,"TargetL bác bỏ tin đồn tiêu cực trước đà bán tháo, con gái bầu Đức đăng ký mua 1 triệu cổ phiếu","TargetL bác bỏ tin đồn tiêu cực trước đà bán tháo, con gái bầu Đức đăng ký mua 1 triệu cổ phiếu",FinABSA_target_masked_headline_v1,0,"TargetL bác bỏ tin đồn tiêu cực trước đà bán tháo, con gái bầu Đức đăng ký mua 1 triệu cổ phiếu",The sentiment for Target in the given sentence is NEUTRAL.,neutral,,,,0.0,/home/huylkq/repos/nlp/FinABSA-Valid/MODEL/finabsa-other-masked-final_3epoch,Target,ok,neutral,2022-10-12 20:54:35+00:00,2022-10-12
90504e187f50abbf_00,90504e187f50abbf,https://cafef.vn/chu-nhiem-uy-ban-kiem-tra-tu-xu-ly-nghiem-dang-vien-vi-pham-trong-vu-an-viet-a-flc-aic-20221012202305858.chn,2022-10-12T20:23:17,,,"Chủ nhiệm Ủy ban Kiểm tra TƯ: Xử lý nghiêm đảng viên vi phạm trong vụ án Việt Á, FLC, AIC","Ông Trần Cẩm Tú, Chủ nhiệm UBKT T.Ư đề nghị tập trung kiểm tra, xử lý kịp thời, nghiêm minh các tổ chức đảng, đảng viên có vi phạm trong các vụ việc, vụ án như Việt Á, FLC, AIC, Cục Lãnh sự.","TIN MỚI Ngày 12/10, Ủy ban Kiểm tra (UBKT) Trung ương (T.Ư) tổ chức Hội nghị toàn quốc giao ban công tác kiểm tra, giám sát 9 tháng đầu năm và triển khai nhiệm vụ 3 tháng cuối năm theo hình thức trực tuyến. Phát biểu chỉ đạo Hội nghị, ông Trần Cẩm Tú, Chủ nhiệm UBKT T.Ư nêu rõ: trong 9 tháng đầu năm UBKT T.Ư, cấp ủy, UBKT các cấp đã nghiêm túc thực hiện chỉ đạo của Bộ Chính trị, Ban Bí thư và của Tổng Bí thư Nguyễn Phú Trọng về việc kiểm tra, xử lý kịp thời, nghiêm minh các tổ chức đảng, đảng viên vi phạm trong các vụ việc, vụ án thuộc diện Ban Chỉ đạo theo dõi, chỉ đạo. Điển hình là kiểm tra khi có dấu hiệu vi phạm 200 tổ chức đảng, hơn 200 đảng viên liên quan đến công tác phòng, chống dịch COVID-19. Trong đó UBKT T.Ư đã kiểm tra 12 tổ chức đảng, cấp ủy, UBKT các cấp kiểm tra 188 tổ chức đảng, 181 đảng viên. Qua kiểm tra, UBKT T.Ư đã thi hành kỷ luật 12 tổ chức đảng và 73 đảng viên. Cùng với đó, UBKT T.Ư đề nghị Ban Chấp hành Trung ương, Bộ Chính trị, Ban Bí thư thi hành kỷ luật 16 tổ chức đảng và 28 đảng viên; yêu cầu tổ chức đảng có liên quan thi hành kỷ luật một số đảng viên, tổ chức đảng cấp dưới theo thẩm quyền. Hội nghị toàn quốc giao ban công tác kiểm tra, giám sát Bên cạnh những kết quả đạt được, ông Trần Cẩm Tú cũng đã thẳng thắn chỉ ra một số hạn chế, tồn tại trong công tác kiểm tra, giám sát, như một số cấp ủy, tổ chức đảng, người đứng đầu cấp ủy chưa thực sự coi trọng, chưa quyết liệt trong lãnh đạo, chỉ đạo và tổ chức thực hiện nhiệm vụ kiểm tra, giám sát. Việc xác định đối tượng, nội dung, chương trình, kế hoạch kiểm tra, giám sát ở một số địa phương, đơn vị còn dàn trải, hình thức, chưa có trọng tâm, trọng điểm, chưa thực sự đi vào những lĩnh vực dễ phát sinh vi phạm hoặc những vấn đề nổi cộm, gây bức xúc ở địa phương, cơ quan, đơn vị. Về thực hiện nhiệm vụ 3 tháng cuối năm, ông Tú yêu cầu đẩy mạnh kiểm tra, giám sát cán bộ, đảng viên có biểu hiện suy thoái về tư tưởng chính trị, đạo đức, lối sống, tự diễn biến, tự chuyển hóa, vi phạm những điều đảng viên không được làm… Đồng thời tăng cường kiểm tra, giám sát các địa bàn, lĩnh vực dễ phát sinh tham nhũng, tiêu cực, những vấn đề nổi cộm, gây bức xúc trong xã hội, trọng tâm là công tác cán bộ; mua bán, chuyển nhượng tài sản công; hoạt động huy động vốn, phát hành trái phiếu... Đối với một số vụ án, vụ việc, Chủ nhiệm UBKT T.Ư đề nghị tiếp tục tập trung kiểm tra, xử lý kịp thời, nghiêm minh các tổ chức đảng, đảng viên có vi phạm trong các vụ việc, vụ án thuộc diện Ban Chỉ đạo Trung ương về phòng, chống tham nhũng, tiêu cực theo dõi, chỉ đạo như Công ty Việt Á , Tập đoàn FLC , Công ty Cổ phần Tiến bộ Quốc tế AIC , Cục lãnh sự - Bộ Ngoại giao. Riêng vụ Việt Á, Chủ nhiệm UBKT T.Ư nhấn mạnh, trong 3 tháng cuối năm, kiểm tra, kết luận, xử lý dứt điểm đối với các tổ chức đảng, đảng viên vi phạm liên quan đến vụ việc của Công ty Việt Á.",FLC,FLC,FLC Group,alias,0.98,auto_high_confidence,"Chủ nhiệm Ủy ban Kiểm tra TƯ: Xử lý nghiêm đảng viên vi phạm trong vụ án Việt Á, Target, Other","Chủ nhiệm Ủy ban Kiểm tra TƯ: Xử lý nghiêm đảng viên vi phạm trong vụ án Việt Á, Target, Other",FinABSA_target_masked_headline_v1,0,"Chủ nhiệm Ủy ban Kiểm tra TƯ: Xử lý nghiêm đảng viên vi phạm trong vụ án Việt Á, Target, Other",The sentiment for Target in the given sentence is NEUTRAL.,neutral,,,,0.0,/home/huylkq/repos/nlp/FinABSA-Valid/MODEL/finabsa-other-masked-final_3epoch,Target,ok,neutral,2022-10-12 20:23:17+00:00,2022-10-12
bd64b119ca450bc7_00,bd64b119ca450bc7,https://cafef.vn/flc-se-phat-hanh-bao-cao-tai-chinh-kiem-toan-nam-2021-vao-cuoi-thang-10-2022-20221012141613927.chn,2022-10-12T14:16:59,,,FLC sẽ phát hành báo cáo tài chính kiểm toán năm 2021 vào cuối tháng 10/2022,CTCP Tập đoàn FLC (FLC) vừa công bố lộ trình tổ chức họp Đại hội đồng cổ đông thường niên năm 2022 và công bố thông tin các báo cáo tài chính.,"FLC: Giá hiện tại Thay đổi Xem hồ sơ doanh nghiệp TIN MỚI Theo thông báo CTCP Tập đoàn FLC (mã chứng khoán FLC), Tập đoàn FLC và Công ty TNHH Kiểm toán và Tư vấn UHY đã thống nhất và triển khai kế hoạch kiểm toán. Dự kiến, các báo cáo tài chính kiếm toán năm 2021 của Tập đoàn FLC sẽ được phát hành và công bố thông tin vào cuối tháng 10/2022. Trên cơ sở số liệu tài chính đã được kiểm toán, Tập đoàn FLC sẽ hoàn thiện nội dung Báo cáo thường niên năm 2021 và thực hiện công bố thông tin dự kiến trong tháng 11/2022. Để đảm bảo tuân thủ các quy định về việc lựa chọn đơn vị kiểm toán của doanh nghiệp niêm yết, Hội đồng quản trị Tập đoàn FLC sẽ triển khai thủ tục triệu tập cuộc họp ĐHCĐ thường niên 2022 thông qua nội dung lựa chọn đơn vị kiểm toán thực hiện kiểm toán, soát xét các Báo cáo tài chính năm 2022 . Dự kiến cuộc họp Đại hội đồng cổ đông thường niên năm 2022 của Tập đoàn FLC sẽ được tổ chức vào cuối tháng 11/2022 . Trên cơ sở quyết định của Đại hội đồng cổ đông thường niên năm 2022, Tập đoàn FLC sẽ phối hợp với đơn vị kiểm toán được lựa chọn và thực hiện công bố thông tin các Báo cáo tài chính bán niên soát xét năm 2022 ngay sau khi phát hành. Trước đó, ngày 30/9/2022, FLC nhận được Văn bản số 1864/SGDHCM-NY đề ngày 29/9/2022 của Sở Giao dịch Chứng khoán TP. Hồ Chí Minh (HoSE) về việc thực hiện nghĩa vụ của tổ chức niêm yết. Ngày 20/9/2022, Hội đồng quản trị Tập đoàn FLC đã thông qua Nghị quyết số 61/2022/NQ-HĐQT-FLC về việc thay đổi đơn vị cung cấp dịch vụ kiểm toán các Báo cáo tài chính năm 2021. Tập đoàn FLC thanh lý hợp đồng cung cấp dịch vụ kiểm toán với Công ty TNHH Kiểm toán An Việt do Công ty Công ty TNHH Kiểm toán An Việt không bố trí được thời gian và nhân sự thực hiện và cung cấp dịch vụ kiểm toán theo quy định tại hợp đồng đã ký kết. FLC sau đó đã ký Hợp đồng cung cấp dịch vụ kiểm toán các Báo cáo tài chính năm 2021 với Công ty TNHH Kiểm toán và Tư vấn UHY. Ngày 9/9, cổ phiếu FLC của Tập đoàn FLC đã bị chuyển diện hạn chế giao dịch sang diện đình chỉ giao dịch. Nguyên nhân do FLC tiếp tục vi phạm quy định về công bố thông tin sau khi đã bị đưa vào diện hạn chế giao dịch, thuộc trường hợp cổ phiếu bị đình chỉ giao dịch.",FLC,FLC,FLC Group,alias,0.98,auto_high_confidence,Target sẽ phát hành báo cáo tài chính kiểm toán năm 2021 vào cuối tháng 10/2022,Target sẽ phát hành báo cáo tài chính kiểm toán năm 2021 vào cuối tháng 10/2022,FinABSA_target_masked_headline_v1,0,Target sẽ phát hành báo cáo tài chính kiểm toán năm 2021 vào cuối tháng 10/2022,The sentiment for Target in the given sentence is NEUTRAL.,neutral,,,,0.0,/home/huylkq/repos/nlp/FinABSA-Valid/MODEL/finabsa-other-masked-final_3epoch,Target,ok,neutral,2022-10-12 14:16:59+00:00,2022-10-12
92c3efdfbb6bba55_00,92c3efdfbb6bba55,https://cafef.vn/bat-chap-su-so-hai-bao-trum-thi-truong-ong-biden-van-khong-tin-suy-thoai-xay-ra-noi-nguoi-dan-my-khong-can-chuan-bi-20221012113521195.chn,2022-10-12T11:35:32,,,"Bất chấp sự sợ hãi bao trùm thị trường, ông Biden vẫn không tin suy thoái xảy ra, nói người dân Mỹ không cần chuẩn bị","Tổng thống Mỹ Joe Biden cho biết một cuộc suy thoái ở Mỹ là có thể xảy ra nhưng nếu có, nó cũng sẽ ""rất nhẹ"" và nền kinh tế Mỹ đủ sức chống chịu qua bão tố.","TIN MỚI ""Tôi không nghĩ sẽ có suy thoái. Nếu đúng là có, đó sẽ là một cuộc suy thoái rất nhẹ"", ông Biden nói trong cuộc phỏng vấn với CNN. Vị Tổng thống 79 tuổi của nước Mỹ cho rằng người ta đã nhắc về suy thoái nhiều tới nỗi mà mọi người đều tin rằng nó có thể xảy ra. Tuy nhiên, ông Biden không tin suy thoái có thể xảy ra ở thời điểm hiện tại. Thậm chí, trả lời câu hỏi của CNN, ông Biden còn tuyên bố người dân Mỹ không cần chuẩn bị cho một cuộc suy thoái nào cả. Tuy nhiên, mô hình tính xác suất suy thoái của Bloomberg Economics ước tính rằng nước Mỹ có 30% khả năng rơi vào suy thoái bắt đầu từ tháng 12 tới. Trong khi đó, việc FED tăng tốc kiểm soát lạm phát cũng khiến suy thoái có nguy cơ xảy ra cao vào nửa cuối năm 2023. Về phần mình, ông Biden nhiều lần nói rằng ông không tin suy thoái sẽ xảy ra. Cùng với đó, vị tổng thống gần 80 tuổi này cũng không đồng ý với Đảng Cộng hòa và các nhà phân tích, những người đề nghị có một số biện pháp phòng ngừa trong trường hợp kinh tế rơi vào suy thoái. Hồi tháng 6, trả lời AP, ông Biden nói rằng suy thoái ""không phải là không thể tránh được"". Tuy nhiên, kể từ đó, FED đã tăng lãi suất mạnh nhưng hiện lạm phát của Mỹ vẫn ở mức cao, dẫn tới hy vọng về một pha ""hạ cánh mềm"" ngày càng bị thu hẹp. Một tháng sau, ông Biden nói rằng tỷ lệ thất nghiệp thấp sẽ đưa nền kinh tế Mỹ đi lên mà không bị suy giảm. ""Chúng ta sẽ không rơi vào suy thoái. Chúng ta sẽ thấy một vài sự sụt giảm nhưng tôi không nghĩ rằng chúng ta sẽ rơi vào suy thoái"", ông Biden nói. Dẫu vậy, những lo ngại về một cuộc khủng hoảng kinh tế vẫn đang ám ảnh thị trường. Hôm 11/10, Quỹ Tiền tệ Quốc tế đã cắt giảm dự báo tăng trưởng của Mỹ cho năm 2022 xuống 1,6% và giữ ở mức 1% cho năm 2023. Tổ chức này cũng cắt giảm dự báo tăng trưởng toàn cầu vào năm 2023 và cảnh báo triển vọng xấu đi với nền kinh tế thế giới. Tình trạng nền kinh tế Mỹ hiện nay cũng tạo ra những áp lực cho đảng Dân chủ khi cuộc bầu cử giữa nhiệm kỳ sắp đến gần. Ông Biden hiện đang nỗ lực nhằm giữ thế chiếm đa số mỏng manh của người Dân chủ ở lưỡng viện Quốc hội Mỹ. Nếu đảng Cộng hòa vượt lên, phần còn lại trong nhiệm kỳ tổng thống của ông Biden sẽ rất khó khăn. Những tuyên bố của ông Biden trái ngược với nhận định của nhiều nhà kinh tế. Đầu tuần, CEO Jamie Dimon của JPMorgan cho biết kinh tế Mỹ rất có khả năng sẽ rơi vào suy thoái trong 6-9 tháng tới. FED thì không chính thức dự báo suy thoái nhưng các quan chức của họ cho rằng tỷ lệ thất nghiệp sẽ tăng trong năm tới và Chủ tịch Jerome Powell đã cảnh báo những ""nỗi đau kinh tế"" tới từ việc Ngân hàng trung ương này tăng mạnh lãi suất. FED hiện vẫn sẵn sàng cho lần tăng lãi suất 0,75% lần thứ 4 liên tiếp trong cuộc họp chính sách đầu tháng tới, chỉ vài ngày trước khi cuộc bầu cử giữa kỳ diễn ra. Tham khảo: Bloomberg OPEC+ giảm sản lượng, đẩy Tổng thống Biden tới những lựa chọn khó khăn",Bid,BID,BIDV,alias,0.98,auto_high_confidence,"Bất chấp sự sợ hãi bao trùm thị trường, ông Targeten vẫn không tin suy thoái xảy ra, nói người dân Mỹ không cần chuẩn bị","Bất chấp sự sợ hãi bao trùm thị trường, ông Targeten vẫn không tin suy thoái xảy ra, nói người dân Mỹ không cần chuẩn bị",FinABSA_target_masked_headline_v1,0,"Bất chấp sự sợ hãi bao trùm thị trường, ông Targeten vẫn không tin suy thoái xảy ra, nói người dân Mỹ không cần chuẩn bị",The sentiment for Target in the given sentence is NEUTRAL.,neutral,,,,0.0,/home/huylkq/repos/nlp/FinABSA-Valid/MODEL/finabsa-other-masked-final_3epoch,Target,ok,neutral,2022-10-12 11:35:32+00:00,2022-10-12
fe6f6f4806cd5ebd_00,fe6f6f4806cd5ebd,https://cafef.vn/vndirect-gan-60000-ty-dong-trai-phieu-doanh-nghiep-se-dao-han-trong-quy-4-nhom-bat-dong-san-chiem-hon-1-3-20221012093600298.chn,2022-10-12T09:36:00,2022-10-14T15:43:57+07:00,,"VNDIRECT: Gần 60.000 tỷ đồng trái phiếu doanh nghiệp sẽ đáo hạn trong quý 4, nhóm Bất động sản chiếm hơn 1/3",VNDIRECT cho rằng áp lực trái phiếu doanh nghiệp đáo hạn sẽ dần gia tăng từ quý 4/2022 với giá trị tăng 88% so với cùng kỳ năm trước.,"TIN MỚI Quý 3 vừa qua, tổng giá trị trái phiếu doanh nghiệp phát hành đạt mức 60.635 tỷ đồng, giảm mạnh 51% so với quý trước và giảm tới 71% so với cùng kỳ. Trong đó, tài chính – ngân hàng là nhóm ngành chiếm tỷ trọng lớn nhất với 82,5% tổng giá trị phát hành trái phiếu riêng lẻ, tương đương 48.683 tỷ đồng; theo sau là nhóm Bất động sản với tỷ trọng 13,7%. Lũy kế 9 tháng đầu năm, tổng giá trị phát hành trái phiếu doanh nghiệp giảm mạnh 44% so với cùng ky xuống còn 248.603 tỷ đồng; trong đó là 240.804 tỷ đồng phát hành riêng lẻ (giảm 42%) và 7.799 tỷ đồng phát hành ra công chúng (giảm 67%). Chứng khoán VNDIRECT cho biết ngay từ thời điểm tháng 3, thị trường trái phiếu doanh nghiệp đã dần chậm lại nhằm chờ đợi Nghị định sửa đổi 153/NĐ-CP/2020, với mục tiêu bảo vệ quyền lợi hợp pháp của nhà đầu tư cũng như nâng cao chất lượng của thị trường vốn. Trong 3 quý đầu năm, top 5 doanh nghiệp phát hành trái phiếu nhiều nhất gồm có 3 ngân hàng và 2 tập đoàn niêm yết trên sàn chứng khoán là NHTMCP Đầu tư và Phát triển Việt Nam 19.872 tỷ đồng), Tập đoàn Vingroup và các công ty con (16.569 tỷ đồng); Tập đoàn Địa ốc NOVA và các công ty con (15.157 tỷ đồng), NHTMCP Phương Đông (12.300 tỷ đồng), NHTMCP Á Châu (10.450 tỷ đồng). Áp lực trái phiếu doanh nghiệp đáo hạn gia tăng từ quý 4/2022 Nhìn sang quý cuối cùng của năm 2022, VNDIRECT cho rằng áp lực trái phiếu đáo hạn sẽ gia tăng từ quý này khi tổng giá trị trái phiếu doanh nghiệp riêng lẻ đáo hạn trong quý 4 năm nay đạt mức 58.840 tỷ đồng, tăng 88% so với cùng kỳ năm trước. Trước đó trong 9 tháng đầu năm, ước tính có khoảng 142.200 tỷ đồng trái phiếu doanh nghiệp đã được mua lại. Trong quý 4, bất động sản tiếp tục là nhóm ngành chiếm tỷ trọng lớn nhất với 34% tổng giá trị đáo hạn trái phiếu riếng lẻ trong quý, tương đương 20.071 tỷ đồng, tăng 65% so với cùng kỳ. Những cái tên có giá trị đáo hạn cao nhất trong quý bao gồm: CTCP Tập đoàn Đầu tư Địa ốc No Va (3.000 tỷ đồng) và CTCP Bách Hưng Vương (2.980 tỷ đồng)... Tài chính – ngân hàng là nhóm ngành chiếm tỷ trọng lớn thứ hai với 33% tổng giá trị đáo hạn, tương đương 19.365 tỷ đồng, tăng 130%. Có thể kể tới như NHTMCP Kỹ Thương Việt Nam (4.500 tỷ đồng), NHTMCP Quốc tế Việt Nam (3.000 tỷ đồng) và NHTMCP Việt Nam Thịnh Vượng (1.950 tỷ đồng). Ngoài ra, các ngành khác chiếm 33% tổng giá trị TPDN riêng lẻ đáo hạn trong quý 4, đạt 19.404 tỷ đồng, tăng 80% so với cùng kỳ, tiêu biểu như CTCP TNHH Sản xuất và Kinh Doanh Vinfast (9.010 tỷ đồng), CTCP Wealth Power (2.880 tỷ đồng) và CTCP Tập đoàn Sovico (2.100 tỷ đồng). VNDIRECT cho rằng sự kiện điều tra và khởi tố gần đây liên quan đến những sai phạm trong phát hành trái phiếu doanh nghiệp đang thể hiện những nỗ lực của cơ quan quản lý trong việc làm trong sạch thị trường vốn. Bên cạnh đó, Nghị định 65/2022/NĐ-CP bổ sung sửa đổi cho Nghị định 153 về chào bán trái phiếu riêng lẻ đã chính thức được ban hành trong tháng 9 vừa qua cũng là là một điểm tích cực đối thị trường vốn trong dài hạn. Theo VNDIRECT, Nghị định 65 tuy mang định hướng thắt chặt hơn so với nghị định cũ nhưng cũng đã nới lỏng hơn ở một số quy định so với những dự thảo được lấy ý kiến trước đó. Tuy nhiên, các thành viên thị trường (doanh nghiệp phát hành, doanh nghiệp tư vấn và nhà đầu tư) vẫn cần thời gian để điều chỉnh cho phù hợp với những quy định mới. Vì vậy, thị trường trái phiếu doanh nghiệp nhiều khả năng sẽ tiếp tục trầm lắng trong một vài quý tới. Về phía cung, tổng giá trị phát hành trái phiếu doanh nghiệp có thể phục hồi trở lại từ nửa cuối năm 2023. Nghị định 65 mới cho phép các doanh nghiệp được phát hành trái phiếu với mục đích cơ cấu nợ. VNDIRECT đánh giá đây là một trong những điểm trọng yếu theo hướng nới lỏng hơn, giúp các doanh nghiệp với mục đích tái cơ cấu nợ (theo đúng quy định) vẫn có thể tiếp cận được với kênh phát hành trái phiếu doanh nghiệp. Về phía cầu, số lượng nhà đầu tư chuyên nghiệp đủ điều kiện với Nghị định 65 sửa đổi sẽ sụt giảm trong ngắn hạn. Thị trường trái phiếu Chính phủ: tỷ lệ phát hành thành công ở mức rất thấp so với kế hoạch đề ra. Tại thị trường trái phiếu Chính phủ, tỷ lệ trúng thầu trong quý 3 tăng lên mức 39% (so với tỷ lệ là 29% của quý 2); tổng giá trị phát hành thành công trong quý đạt 46.195 tỷ đồng. Tổng cộng 9 tháng đầu năm, thị trường sơ cấp đã huy động được 111.722 tỷ đồng trái phiếu Chính phủ từ Kho bạc Nhà nước. Tổng giá trị phát hành trong 9 tháng đầu năm chỉ mới hoàn thành 28% kế hoạch đấu thầu năm, đang ở mức rất thấp so với mục tiêu đề ra. Trong khi đó, tổng giá trị giao dịch trên thị trường thứ cấp quý 3 đạt 408.810 tỷ đồng, tương ứng giá trị giao dịch trung bình mỗi phiên 6.441 tỷ đồng, giảm gần 25% so với quý trước đó. Giao dịch mua bán thông thường (outright) chiếm tỷ lệ 47% trong tổng giá trị giao dịch, còn lại 53% là giao dịch repo. Các nhà đầu tư nước ngoài bán ròng với giá trị 1.971 tỷ đồng trong quý 3/22, đưa tổng giá trị bán ròng lũy kế từ đầu năm lên mức 4.139 tỷ đồng. Đồng thời, lợi suất trái phiếu đang tăng mạnh ở tất cả các kì hạn.",VND,VND,VNDIRECT,alias,0.98,auto_high_confidence,"TargetIRECT: Gần 60.000 tỷ đồng trái phiếu doanh nghiệp sẽ đáo hạn trong quý 4, nhóm Bất động sản chiếm hơn 1/3","TargetIRECT: Gần 60.000 tỷ đồng trái phiếu doanh nghiệp sẽ đáo hạn trong quý 4, nhóm Bất động sản chiếm hơn 1/3",FinABSA_target_masked_headline_v1,0,"TargetIRECT: Gần 60.000 tỷ đồng trái phiếu doanh nghiệp sẽ đáo hạn trong quý 4, nhóm Bất động sản chiếm hơn 1/3",The sentiment for Target in the given sentence is NEGATIVE.,negative,,,,-1.0,/home/huylkq/repos/nlp/FinABSA-Valid/MODEL/finabsa-other-masked-final_3epoch,Target,ok,negative,2022-10-12 09:36:00+00:00,2022-10-12
69072f7be50de6a4_00,69072f7be50de6a4,https://cafef.vn/nhung-loi-the-dau-tu-hap-dan-tai-shophouse-dic-victory-city-hau-giang-20221011203724111.chn,2022-10-12T08:00:00,,,Những lợi thế đầu tư hấp dẫn tại Shophouse DIC Victory City Hậu Giang,"Với số lượng chỉ 66 căn, shophouse DIC Victory City ghi điểm nhờ sở hữu vị trí ngay cạnh tỉnh ủy Hậu Giang, đón đầu động lực phát triển Đồng bằng sông Cửu Long (ĐBSCL), thương hiệu chủ đầu tư, đơn vị phát triển dự án uy tín, cùng mức giá hấp dẫn...hứa hẹn sẽ tạo nên sức hút mạnh mẽ ngay khi ra mắt vào ngày 15/10 tới đây.","TIN MỚI Vị trí ngay cạnh trung tâm tỉnh ủy Hậu Giang Đối với bất động sản, vị trí luôn là yếu tố tiên quyết quyết định thắng lợi đầu tư, đặc biệt với phân khúc shophouse (nhà phố thương mại). Những căn shophouse tọa lạc tại khu vực trung tâm đông dân cư, có lưu lượng di chuyển lớn, nằm trong khu đô thị được quy hoạch bài bản, đồng bộ, đã hiện hữu, càng đắt giá hơn bởi khả năng khai thác vận hành ngay và tiềm năng tăng giá cao. Vị trí đắt giá của 66 căn shophouse DIC Victory City Hậu Giang. Shophouse DIC Victory City sở hữu vị trí ngay mặt tiền Đại lộ Võ Nguyên Giáp (53m) nối liền với quốc lộ 61C – trục đường huyết mạch lớn nhất thành phố Vị Thanh. Đồng thời, dự án nằm liền kề trung tâm hành chính tỉnh Hậu Giang gồm: Trụ sở Tỉnh ủy, Ủy ban nhân dân Tỉnh, Tòa án Tỉnh, Đài phát thanh truyền hình Tỉnh… cùng với các tiện ích hiện hữu xung quanh, giúp mang đến sự kết nối thuận tiện và đáp ứng toàn diện đời sống sinh hoạt, vui chơi giải trí của cư dân. Đồng thời, dãy shophouse lại thuộc phân khu ""Sức mạnh – The Strength"" – một phân khu sở hữu vị trí đẹp nhất dự án DIC Victory City Hậu Giang, khi có đến 7 cụm công viên, 1 trung tâm thương mại và 2 dải lụa xanh điều hòa không khí. Đặc biệt, ngay cạnh The Strength là cụm Khách sạn 5 sao DIC Star đầu tiên tại Hậu Giang đã khởi công từ tháng 7/2022 và dự kiến hoàn thành cuối năm 2023.  Sau khi Khách sạn đưa vào vận hành, nơi đây sẽ là điểm diễn ra các hoạt động, sự kiện chính trị, văn hóa, xã hội lớn của tỉnh, đồng thời thu hút đông đảo dân cư và du khách đến lưu trú, nghỉ dưỡng. DIC Victory City hứa hẹn trở thành trung tâm sầm uất, sôi động bậc nhất Hậu Giang. Đón đầu động lực phát triển vùng ĐBSCL Là tỉnh được hưởng lợi trực tiếp từ các chính sách ưu tiên phát triển kinh tế - xã hội, hạ tầng giao thông của chính phủ dành cho khu vực ĐBSCL, Hậu Giang đang phát triển nhanh chóng và thu hút đầu tư mạnh mẽ. Nếu như 6 tháng năm nay, tốc độ tăng trưởng kinh tế GRDP của Hậu Giang đạt 11%, xếp thứ 8 cả nước và đứng đầu khu vực ĐBSCL thì đến hết quý III, tỉnh tiếp tục bứt phá, tốc độ tăng trưởng kinh tế GRDP đạt 14,74%, vươn lên đứng thứ 5 cả nước. Hậu Giang có hơn 100km đường cao tốc đi qua với 03 trong 08 tuyến cao tốc quan trọng đi qua 13 tỉnh Tây Nam Bộ. Bên cạnh đó, với quỹ đất dồi dào, cơ chế chính sách thông thoáng, cởi mở, Hậu Giang đang là điểm dừng chân của nhiều chủ đầu tư bất động sản như Vingroup, DIC Group, TNG Holdings, Him Lam... Đây là một trong những dấu hiệu tích cực thúc đẩy thị trường bất động sản Hậu Giang tăng trưởng mạnh mẽ trong thời gian tới. Theo đó, DIC Victory City là dự án đón đầu động lực phát triển kinh tế xã hội của tỉnh Hậu Giang nói riêng và khu vực ĐBSCL nói chung. Trong tương lai, khi các tuyến giao thông trọng điểm đi qua địa bàn hoàn thành như tuyến cao tốc Cần Thơ - Cà Mau, cao tốc Châu Đốc - Cần Thơ - Sóc Trăng và cao tốc Hà Tiên – Rạch Giá – Bạc Liêu, sẽ tạo ra không gian phát triển lớn cho tỉnh, đồng thời đưa Hậu Giang trở thành trung tâm kết nối giao thông theo trục dọc và trục ngang của các tỉnh trong vùng ĐBSCL. Chủ đầu tư DIC & đơn vị phát triển dự án MSH Group uy tín hàng đầu Với hơn 32 năm kinh nghiệm, Tập đoàn DIC đã khẳng định được vị thế thương hiệu trên thị trường bất động sản, đạt top 10 chủ đầu tư BĐS uy tín cả nước. Từ năm 2008 đến nay, Tập đoàn đã không ngừng mở rộng quy mô, xúc tiến nhiều dự án mới và ghi dấu ấn nổi bật với hàng loạt các công trình, các khu đô thị đã đưa vào vận hành như DIC Landmark Vũng Tàu, DIC Star Vĩnh Phúc, Pullman Hotels & Resorts Vũng Tàu. Bên cạnh đó, MSH Group được biết đến là một trong những đơn vị tư vấn phát triển dự án bất động sản hàng đầu Việt Nam với nhiều dự án gắn liền với tên tuổi như The Capella Garden Nha Trang, KVG Mozzadiso, Happy Home Cà Mau, Nhật Lệ Riveside… Tại DIC Victory City, Tập đoàn DIC đã bắt tay với MSH Group để đưa những căn shophouse với số lượng hữu hữu hạn, nhưng tiềm năng vô hạn đến tay khách hàng. Mức giá hấp dẫn Shophouse DIC Victory City đang sở hữu mức giá hấp dẫn chỉ từ 5 tỷ/căn, cùng chính sách ưu đãi chiết khấu đặc biệt lên đến 8% dành cho những khách hàng đăng ký đặt mua sớm nhất. Ngoài ra, 66 căn shophouse còn sở hữu pháp lý minh bạch với sổ đỏ từng lô, đảm bảo mọi quyền lợi và mang lại sự an toàn cho nhà đầu tư. Thừa hưởng sức bật mạnh mẽ từ một thị trường đang ""cất cánh"", đồng thời hội tụ các ưu thế vượt trội từ vị trí đắt giá, số lượng hiếm cùng cơ hội kinh doanh bền vững, Shophouse DIC Victory City chính là lựa chọn ưu việt dành cho những nhà đầu tư đang tìm kiếm sản phẩm nhà phố thương mại tiềm năng tại Hậu Giang ngay thời điểm này. Đăng ký tham dự sự kiện giới thiệu dự án ngày 15/10/2022 liên hệ: MSH Group – Đơn vị tư vấn phát triển dự án Website: mshgroup.vn Hotline: 1900 588 886",Vic,VIC,Vingroup,alias,0.98,auto_high_confidence,Những lợi thế đầu tư hấp dẫn tại Shophouse Other Targettory City Hậu Giang,Những lợi thế đầu tư hấp dẫn tại Shophouse Other Targettory City Hậu Giang,FinABSA_target_masked_headline_v1,0,Những lợi thế đầu tư hấp dẫn tại Shophouse Other Targettory City Hậu Giang,The sentiment for Target in the given sentence is NEUTRAL.,neutral,,,,0.0,/home/huylkq/repos/nlp/FinABSA-Valid/MODEL/finabsa-other-masked-final_3epoch,Target,ok,neutral,2022-10-12 08:00:00+00:00,2022-10-12
991a3caa2223cb9c_00,991a3caa2223cb9c,https://cafef.vn/vinacapital-loi-nhuan-dn-viet-nam-vuot-troi-so-voi-khu-vuc-sap-co-mot-so-thuong-vu-lon-20221011215542943.chn,2022-10-12T00:02:00,2022-10-12T10:05:21+07:00,,"VinaCapital: Lợi nhuận DN Việt Nam vượt trội so với khu vực, sắp có một số thương vụ lớn","Dù trong ngắn hạn, tâm lý hoảng loạn khiến VN-Index đã xuyên thủng qua mốc 1.050 điểm và chưa có tín hiệu chững lại. Song, đánh giá triển vọng thị trường chứng khoán Việt Nam về dài hạn là tích cực, vì nền kinh tế Việt Nam đang trong chu kì tăng trưởng nhanh so với các nước đang phát triển.","TIN MỚI “P/E của Việt Nam đang rất hấp dẫn, thích hợp nắm giữ cổ phiếu cho tầm nhìn 5-10 năm”, chia sẻ của bà Nguyễn Hoài Thu, Thành viên HĐQT, Giám đốc Điều hành Khối đầu tư chứng khoán Đại chúng và Trái phiếu - Công ty Quản lý Quỹ VinaCapital, tại Hội nghị Nhà đầu tư 2022 mới đây. Dù trong ngắn hạn, tâm lý hoảng loạn khiến VN-Index đã xuyên thủng qua mốc 1.050 điểm và chưa có tín hiệu chững lại. Song, đánh giá triển vọng thị trường chứng khoán Việt Nam về dài hạn là tích cực, vì nền kinh tế Việt Nam đang trong chu kì tăng trưởng nhanh so với các nước đang phát triển. Trong đó, bà Thu nhấn mạnh “sự ổn định” của nền kinh tế Việt Nam là vượt bậc so với kinh tế trong khu vực, tiêu biểu các nước ASEAN đang rơi vào tình trạng bị phá giá đồng tiền ở mức cao, thì VNĐ vẫn ổn, lãi suất vẫn thấp so với các nước. “Một nền kinh tế phát triển tích cực trong dài hạn cho thấy tăng trưởng lợi nhuận của DN niêm yết sẽ tốt, là điều kiện tiên quyết cho thị trường chứng khoán phát triển”, bà nói. Riêng với những biện pháp mạnh trên thị trường tài chính thời gian gần đây, dưới góc độ nhà đầu tư có tầm nhìn dài hạn, VinaCapital đánh giá đây là diễn biến tích cực vì sẽ mang lại môi trường đầu tư lành mạnh, tăng tính hấp dẫn. Diễn biến đáng lưu ý khác, khối ngoại rút ròng đồng loạt trong năm 2021, sang năm 2022 thì các thị trường “láng giềng” đã hút ròng trở lại, nhưng Việt Nam vẫn đang bị rút ròng 57 triệu USD (cho 9 tháng). Điều này đưa mức độ sở hữu của khối ngoại giảm xuống, từ đó sẽ có các doanh nghiệp trước đây hết room ngoại thì nay hở room: Đây là cơ hội! Ngoài ra, định giá PE của thị trường Việt Nam, thể hiện qua mức độ chiết khấu trung bình 5 năm gần đây, so với thị trường Đông Nam Á đang thấp hơn rất nhiều. Ví dụ Thái Lan, Indonesia, Philipine có mức chiết khấu trung bình trong 5 năm là 12%, còn Việt Nam đang là 36%. Trong khi đó, dự báo tăng trưởng lợi nhuận 2023 của các DN niêm yết là 19%, cao hơn hẳn so với khu vực. Con số 19% là mức chung, thậm chí có ngành tăng trưởng vượt trội như công nghệ đạt mức tăng trưởng 26% - top tỷ trọng trong danh mục ở các quỹ mở do VinaCapital quản lý. Hay mảng BĐS khu công nghiệp, cảng biển… theo đánh giá của VinaCapital sẽ còn tăng trưởng tốt đến năm 2023. Bổ sung, ông Andy Ho, Giám đốc Điều hành kiêm Trưởng Bộ phận Đầu tư VinaCapital, cũng bày tỏ có rất nhiều cơ hội ở mảng năng lượng mặt trời, điện gió, bất động sản, khu công nghiệp. Song song, lĩnh vực đầu tư tư nhân cũng hi vọng sẽ công bố một số thương vụ lớn vào cuối năm, đặc biệt ở mảng bệnh viện. Hội nghị năm nay của quỹ cũng thu hút hơn 100 nhà đầu tư toàn thế giới, trong đó đến nhiều từ châu Âu, Bắc Á đã bay tới tới Việt Nam để tham dự. “Quan trọng là lợi nhuận so với rủi ro có đủ hấp dẫn để thu hút nhà đầu tư”, ông Andy Ho nói. Cũng chia sẻ về cảnh báo UBCKNN tại một số DN thiết lập website, app giao dịch như Passion Invest, Finhay, Tikop, Infina, Savenow, BUFF… có dấu hiệu hoạt động quản lý quỹ và quản lý danh mục đầu tư chứng khoán mà không được UBCKNN cấp phép, các chuyên gia tài chính cho biết do ở Việt Nam khung pháp lý chưa hoàn thiện sẽ dẫn đến rủi ro lớn cho nhà đầu tư. Thực tế, ở một số nước phát triển, mô hình chia nhỏ để đầu tư (fraction) đã khá phổ biến, thay vì phải đầu tư một số tiền lớn vào một nơi, họ có thể chia nhỏ tài sản đầu tư để đa dạng hóa danh mục mục đầu tư nhằm giảm thiểu thấp nhất rủi ro. Tại Việt Nam, sự ra đời của các app tài chính như một điểm sáng của lĩnh vực fintech nhằm đáp ứng nhu cầu đầu tư của người dân. Tuy nhiên, chính vì chưa có khung pháp lý rõ ràng cho các mô hình đầu tư qua ứng dụng, nhiều ứng dụng vẫn đang hoạt động trong vùng “xám” (sandbox), người dùng sẽ khó đánh giá được ứng dụng nào có đủ tính pháp lý và đảm bảo tài sản. Theo chuyên gia, trước khi chờ những quy định mới, nhà đầu tư nên cân nhắc tìm hiểu tính pháp lý của ứng dụng mà mình sẽ đầu tư, đơn cử các chứng chỉ quỹ được vận hành bởi các quỹ đầu tư lớn như VinaCapital - ứng dụng MiO, Daiichi Life Vietnam Fund Management - ứng dụng iTrust, Dragon Capital - ứng dụng DragonX…. “Nói đi cũng nói lại, về phía nhà cung cấp dịch vụ, họ cũng không nhận định được trách nhiệm của mình là gì hoặc cố tình chối bỏ. Điều này đặt ra sự cấp thiết cần phải có cơ chế rõ ràng trong lĩnh vực fintech”, Chuyên gia nói. Dragon Capital: VN-Index sẽ không ""xuyên thủng"" ngưỡng 1.200 điểm",ita,ITA,Itaco,alias,0.98,auto_high_confidence,"VinaCapTargetl: Lợi nhuận Other Việt Nam vượt trội so với khu vực, sắp có một số thương vụ lớn","VinaCapTargetl: Lợi nhuận Other Việt Nam vượt trội so với khu vực, sắp có một số thương vụ lớn",FinABSA_target_masked_headline_v1,0,"VinaCapTargetl: Lợi nhuận Other Việt Nam vượt trội so với khu vực, sắp có một số thương vụ lớn",The sentiment for Target in the given sentence is NEUTRAL.,neutral,,,,0.0,/home/huylkq/repos/nlp/FinABSA-Valid/MODEL/finabsa-other-masked-final_3epoch,Target,ok,neutral,2022-10-12 00:02:00+00:00,2022-10-12
6dba9f209979bde5_00,6dba9f209979bde5,https://cafef.vn/ssi-du-bao-loi-nhuan-ngan-hang-tang-manh-trong-quy-iii-co-nha-bang-lai-gap-doi-cung-ky-20221011215841985.chn,2022-10-11T21:58:00,2022-10-11T23:14:27+07:00,,"SSI dự báo lợi nhuận nhiều ngân hàng tăng mạnh trong quý III, có nhà băng lãi gấp đôi cùng kỳ","Theo dự báo của SSI, lợi nhuận quý 3/2022 của Vietcombank sẽ đạt 7,4 - 7,6 nghìn tỷ đồng, đứng đầu ngành ngân hàng. Trong khi BIDV có thể lãi hơn gấp đôi cùng kỳ nhờ tăng trưởng tín dụng và NIM ổn định.","TIN MỚI Trung tâm phân tích Chứng khoán SSI (SSI Research) vừa có báo cáo ước tính kết quả kinh doanh quý 3/2022 của 26 công ty trong phạm vi nghiên cứu. Trong đó, nhóm phân tích dự báo lợi nhuận nhóm ngân hàng vẫn tăng trưởng mạnh trong quý 3 vừa qua bất chấp lãi suất tăng gây áp lực lên NIM. Cụ thể, SSI Research dự báo lợi nhuận quý 3/2022 của Vietcombank sẽ đạt 7,4 - 7,6 nghìn tỷ đồng, tăng 29 - 33% so với cùng kỳ. Lợi nhuận trước thuế trong được thúc đẩy bởi tăng trưởng dư nợ tín dụng và số dư huy động lần lượt là 15% và 3,5% so với đầu năm. Lợi nhuận ước tính cho năm 2022 và 2023 lần lượt là 34 nghìn tỷ đồng (tăng 23% so với cùng kỳ) và 41 nghìn tỷ đồng (tăng 21% so với cùng kỳ). Với BIDV , SSI Research dự báo ngân hàng có thể ghi nhận lợi nhuận trước thuế quý 3 đạt khoảng 6 nghìn tỷ đồng, tăng 120% so với cùng nhờ được thúc đẩy bởi tăng trưởng dư nợ tín dụng và số dư huy động lần lượt là 10,5% và 2% so với đầu năm, đi cùng NIM ổn định so với quý trước. Nhóm phân tích kỳ vọng tăng trưởng lợi nhuận trước thuế của BIDV sẽ tiếp tục duy trì mạnh mẽ trong 6 tháng cuối năm trước khi chậm lại trong nửa đầu năm 2023. Hiện tại, các chuyên gia dự báo lợi nhuận trước thuế cả năm của BIDV đạt 21.200 tỷ đồng, tăng 56% so với cùng kỳ. Tại MB , SSI Research dự kiến lợi nhuận trước thuế 9 tháng đạt khoảng 18.000-18.500 tỷ đồng, tăng 50-60% so với cùng kỳ. Tăng trưởng dư nợ tín dụng và số dư huy động của MB được dự báo lần lượt đạt 17% và 8% so với đầu năm tại thời điểm cuối tháng 9. Cùng với đó, NIM trong 8 tháng đầu năm cải thiện khoảng 0,2 điểm %, nhưng có thể giảm nhẹ vào tháng 9 sau khi Ngân hàng Nhà nước (NHNN) nâng các lãi suất chính sách và lãi suất huy động tiếp tục leo thang. Ngoài ra, nhóm phân tích kỳ vọng MB sẽ tiếp tục được NHNN cấp thêm hạn mức tín dụng cao hơn các ngân hàng khác trong năm 2023. Do đó, ngân hàng sẽ có thể đạt được mức tăng trưởng lợi nhuận trước thuế vững chắc ở mức 18% so với cùng kỳ. Với VPBank , SSI Research kỳ vọng ngân hàng sẽ ghi nhận lợi nhuận trước thuế đạt 4,2-4,5 nghìn tỷ đồng trong quý 3/2022, tăng 55-65% so với cùng kỳ. Tăng trưởng được thúc đẩy bởi NIM của ngân hàng mẹ được cải thiện so với cùng kỳ và chất lượng tín dụng được kiểm soát. Ngân hàng mẹ sẽ duy trì được tốc độ tăng trưởng cao trong 6 tháng cuối năm 2022, nhưng dự báo sẽ giảm tốc vào năm 2023 do quý 1/2022 ngân hàng đã ghi nhận một khoản lớn thu nhập một lần từ bancassurance. Dự báo về Techcombank , SSI Research cho rằng ngân hàng sẽ ghi nhận lợi nhuận trước thuế tăng trưởng khoảng 20 - 25% so với cùng kỳ, trước áp lực tăng chi phí vốn và nguồn thu nhập kém đa dạng hơn so với các kỳ trước. Mặc dù tin tưởng vào triển vọng dài hạn của ngành bất động sản Việt Nam và Techcombank, nhưng nhóm phân tích cho rằng những thay đổi pháp lý tiềm ẩn vào thời điểm hiện tại có khả năng tạo ra một số gián đoạn đối với quỹ đạo tăng trưởng của cả ngành và Techcombank, đặc biệt là trong ngắn hạn. Năm 2023, dự báo ngân hàng vẫn có thể gặp áp lực về cả tỷ lệ NIM và tỷ lệ nợ xấu (NPL). Tại ACB , SSI Research kỳ vọng dư nợ cho vay và số dư tiền gửi tại ngân hàng sẽ tăng nhẹ so với quý trước do hạn mức tín dụng mới được NHNN cấp từ đầu tháng 9. Việc hoàn nhập dự phòng sẽ không lớn như trong 2 quý đầu năm. Do đó, lợi nhuận trước thuế quý 3/2022 có thể đạt 4,7 - 4,9 nghìn tỷ đồng (tăng 80 - 87% so với cùng kỳ). Nợ xấu được kiểm soát ở mức dưới 1%, trong khi dư nợ các khoản vay tái cơ cấu lại có xu hướng giảm. Nhóm phân tích giữ nguyên dự báo lợi nhuận cả năm 2022 của ACB ở mức 17.000 tỷ đồng (tăng 41% so với cùng kỳ), trong khi điều chỉnh giảm dự báo lợi nhuận trước thuế cho năm 2023 xuống 19.000 tỷ đồng (tăng 15% so với cùng kỳ) để phản ánh tỷ lệ NIM không đổi trong năm tới (so với dự báo trước đó là NIM tăng 0,18 điểm % so với cùng kỳ trong năm 2023). Với HDBank , SSI Research ước tính lợi nhuận trong quý 3/2022 đạt 2,7 nghìn tỷ đồng (tăng 47% so với cùng kỳ), với tăng trưởng tín dụng cao ở mức 18% so với đầu năm và nợ xấu được kiểm soát. Nhóm phân tích duy trì ước tính lợi nhuận trước thuế cho năm 2022 và 2023 của ngân hàng ở mức 10,2 nghìn tỷ đồng (tăng 27% so với cùng kỳ) và 12,6 nghìn tỷ đồng (tăng 23% so với cùng kỳ), với kỳ vọng hạn mức tín dụng tương đối cao so với các ngân hàng khác sẽ phần nào bù đắp cho NIM bị siết chặt vào năm 2023. Tại MSB , SSI Research kỳ vọng lợi nhuận trước thuế trong quý 3/2022 đạt 1,4 nghìn tỷ đồng (tăng 40% so với cùng kỳ). Lợi nhuận trước thuế trong năm 2022 và 2023 dự báo đạt lần lượt là 6 nghìn tỷ đồng (tăng 18,3% so với cùng kỳ) và 6,7 nghìn tỷ đồng (tăng 12% so với cùng kỳ). Các ước tính của nhóm phân tích đã loại trừ ảnh hưởng của việc thoái vốn khỏi FCCOM. SSI Research hạ ước tính lợi nhuận trước thuế năm 2022 và 2023 của MSB, chủ yếu do (1) xu hướng lãi suất huy động tăng khiến chi phí huy động vốn cao hơn và NIM giảm, và (2) tỷ lệ nợ xấu cao hơn, đặc biệt tỷ lệ nợ xấu dự kiến tăng lên 1,75% vào năm 2022 và 1,85% vào năm 2023. Ngân hàng rục rịch công bố kết quả kinh doanh 9 tháng, lợi nhuận nhiều nhà băng vẫn tăng trưởng mạnh",SSI,SSI,SSI Securities,alias,0.98,auto_high_confidence,"Target dự báo lợi nhuận nhiều ngân hàng tăng mạnh trong quý Other, có nhà băng lãi gấp đôi cùng kỳ","Target dự báo lợi nhuận nhiều ngân hàng tăng mạnh trong quý Other, có nhà băng lãi gấp đôi cùng kỳ",FinABSA_target_masked_headline_v1,0,"Target dự báo lợi nhuận nhiều ngân hàng tăng mạnh trong quý Other, có nhà băng lãi gấp đôi cùng kỳ",The sentiment for Target in the given sentence is NEUTRAL.,neutral,,,,0.0,/home/huylkq/repos/nlp/FinABSA-Valid/MODEL/finabsa-other-masked-final_3epoch,Target,ok,neutral,2022-10-11 21:58:00+00:00,2022-10-11
dea87d77623c1935_00,dea87d77623c1935,https://cafef.vn/novagroup-dang-ky-mua-8-trieu-co-phieu-nvl-2022101120043611.chn,2022-10-11T20:04:44,,,NovaGroup đăng ký mua 8 triệu cổ phiếu NVL,"Nếu giao dịch thành công, tỉ lệ sở hữu của NovaGroup ở Novaland (Mã CK: NVL) sẽ tăng hơn 37,4%.","NVL: Giá hiện tại Thay đổi Xem hồ sơ doanh nghiệp TIN MỚI CTCP NovaGroup (NovaGroup) vừa đăng ký mua vào 8 triệu cổ phiếu của CTCP Tập đoàn Đầu tư Địa ốc No Va (Novaland – Mã CK: NVL) theo phương thức nhận chuyển quyền sở hữu cổ phiếu qua hệ thống của Sở giao dịch chứng khoán. Thời gian dự kiến thực hiện giao dịch từ ngày 14/10/2022, mục đích là tăng tỷ lệ sở hữu. NovaGroup hiện là cổ đông lớn nhất ở Novaland khi nắm giữ 37,02%. Nếu việc mua thêm 8 triệu cổ phiếu NVL diễn ra theo đúng kế hoạch, tỷ lệ sở hữu của NovaGroup ở Novaland sẽ hơn 37,4% vốn điều lệ, tương đương với 729.830.010 cổ phiếu. Cùng ngày, ông Bùi Cao Nhật Quân (con trai của ông Bùi Thành Nhơn – Chủ tịch HĐQT NovaGroup) cũng đăng ký mua thêm 2 triệu cổ phiếu NVL, nếu giao dịch thành công, ông Quân sẽ tăng số lượng cổ phiếu đang nắm giữ là 83.242.008 cổ phiếu. Mới đây, NovaGroup cũng đã tăng sở hữu trực tiếp tại Novaland khi ông Bùi Thành Nhơn và Bà Cao Thị Ngọc Sương (vợ ông Nhơn) hoàn tất việc thỏa thuận chuyển đổi cổ phiếu của Novaland ( NVL ) sang NovaGroup không qua hình thức chào bán công khai. Điều này đã được thông qua tại Đại hội đồng Cổ đông Thường niên của Novaland năm 2021 theo Nghị quyết số 15/2021-NQ.ĐHĐCĐ-NVL ngày 27/04/2021 và không làm giảm tỷ lệ sở hữu trực tiếp và gián tiếp cổ phần có quyền biểu quyết tại Novaland. Cơ cấu sở hữu này nằm trong tiến trình tái cấu trúc để đạt mô hình NovaGroup với hệ sinh thái bao gồm 8 Tổng Công ty thành viên: Novaland, Nova Service, Nova Consumer, Nova Tech, Nova Capital Partners, Nova Logistic, Nova Industry, Nova Finance. Việc này đã được lên kế hoạch rõ ràng, thông tin rộng rãi và thực hiện theo nhiều giai đoạn từ trước. Ngoài những người thuộc ""nhà"" Vingroup, tài sản của top20 người giàu sàn chứng khoán đều ""bay"" mất hàng nghìn tỷ",NVL,NVL,Novaland,alias,0.98,auto_high_confidence,NovaGroup đăng ký mua 8 triệu cổ phiếu Target,NovaGroup đăng ký mua 8 triệu cổ phiếu Target,FinABSA_target_masked_headline_v1,0,NovaGroup đăng ký mua 8 triệu cổ phiếu Target,The sentiment for Target in the given sentence is NEUTRAL.,neutral,,,,0.0,/home/huylkq/repos/nlp/FinABSA-Valid/MODEL/finabsa-other-masked-final_3epoch,Target,ok,neutral,2022-10-11 20:04:44+00:00,2022-10-11
f07abe7a8911e7fa_00,f07abe7a8911e7fa,https://cafef.vn/doanh-nghiep-xuat-sac-chau-a-2022-goi-ten-nova-service-20221011111215646.chn,2022-10-11T13:30:00,,,“Doanh nghiệp xuất sắc châu Á” 2022 gọi tên Nova Service,"Tối 07.10.2022, tại lễ trao giải Asia Pacific Enterprise Awards (APEA) 2022, Nova Service, một Tổng Công ty trong hệ sinh thái NovaGroup, đã nhận giải thưởng “Doanh nghiệp xuất sắc châu Á”.","TIN MỚI Được khởi xướng từ năm 2007, giải thưởng uy tín Asia Pacific Enterprise Awards (APEA) do Enterprise Asia - tổ chức phi chính phủ hàng đầu châu Á - trao tặng, nhằm vinh danh những doanh nghiệp và nhà lãnh đạo có thành tích nổi bật trong hoạt động sản xuất, kinh doanh, thực hiện tốt trách nhiệm xã hội và mang lại sự thay đổi tích cực cho cộng đồng. Các hạng mục được đánh giá dựa trên các tiêu chí khắt khe và khảo sát độc lập về doanh nghiệp. Bà Nguyễn Như Xuân Trang - Tổng Giám đốc Nova Service đại diện công ty nhận giải ""Doanh nghiệp xuất sắc châu Á"". Tại lễ trao giải, Nova Service được Enterprise Asia trao tặng danh hiệu ""Doanh nghiệp xuất sắc châu Á"", minh chứng cho những nỗ lực bền bỉ của doanh nghiệp trong việc duy trì tăng trưởng bền vững, không ngừng cải thiện chất lượng cuộc sống cho người lao động, đóng góp vào sự phát triển chung của cộng đồng và xã hội. Nova Service là Tổng Công ty hoạt động trong lĩnh vực thương mại dịch vụ, cung cấp các sản phẩm và dịch vụ chuẩn quốc tế, mang lại nhiều tiện ích cho khách hàng, từ đó cùng nâng cao chất lượng dịch vụ, đưa Việt Nam trở thành điểm đến hấp dẫn trên bản đồ du lịch thế giới. Nova Service hiện có 11 công ty gồm Nova Hospitality, Nova FnB, Nova Healthcare, Nova Dreams, Nova Travel, Nova Entertainment, Nova Golf Clubs, Nova Education, Nova Lifestyle, Nova Commerce và Nova Fashion Retail. Nova Service cũng đang sở hữu hơn 100 thương hiệu trực thuộc, trong đó có thể kể đến chuỗi nhà hàng – cà phê đẳng cấp như PhinDeli, Sushi Tei, JUMBO Seafood, Marina Club, Crystal Jade Palace, Dynasty House…; hệ thống khách sạn nghỉ dưỡng danh tiếng trên thị trường trong nước và quốc tế như Movenpick Resort Phan Thiet, Centara Mirage Mũi Né Resort, Mercure Vũng Tàu, Mercure Dalat, Azerai Cần Thơ; hệ thống phòng tập cùng trang thiết bị hiện đại CITIGYM, … Movenpick Resort Phan Thiet là một trong những khách sạn đẳng cấp quốc tế thuộc quản lý của Nova Hospitality, một thành viên của Nova Service. Năm 2022 Nova Service đã có sự tăng trưởng ấn tượng. Trong lĩnh vực bán lẻ, Nova FnB dự kiến phát triển 250 cửa hàng, phục vụ 4,5 triệu khách; Nova Commerce dự kiến đưa vào hoạt động hơn 100 siêu thị, trung tâm thương mại gồm các thương hiệu Nova Market, Nova Supermarket, Nova Mall. Trong lĩnh vực dịch vụ, NovaDreams đã ra mắt 2 công viên là Tropicana Park, Circus Land và dự kiến khai trương 4 công viên giải trí khác tại các dự án cao cấp, ước tính đón 1 triệu du khách đến vui chơi giải trí. Nova Hospitality hiện đang sở hữu 11 chuỗi khách sạn - resort với 3.000 phòng theo tiêu chuẩn quốc tế. Nova Golf Clubs đi vào vận hành cụm sân golf PGA 36 hố độc quyền. Trong lĩnh vực cộng đồng, Nova Education với thành viên đầu tiên là Nova College đã  cung cấp môi trường giáo dục tiên tiến toàn diện, góp phần đào tạo nguồn nhân lực cho cộng đồng và tập đoàn NovaGroup; Nova Healthcare khởi công nhiều công trình chăm sóc sức khỏe như Nova Medic, Nova Clinic và dự kiến đi vào vận hành các phòng khám đa khoa quốc tế, phòng khám bác sĩ gia đình tại TP.HCM, Đồng Nai, Bình Thuận… Nova FnB, một thành viên của Nova Service, vừa khai trương chi nhánh thứ 4 thương hiệu ẩm thực nổi tiếng JUMBO Seafood tại Hà Nội, đánh dấu cột mốc 100 nhà hàng trên toàn quốc. ""Giải thưởng này đã ghi nhận cho sự phát triển mạnh mẽ cũng như những đóng góp của Nova Service. Chúng tôi sẽ không ngừng nỗ lực, quyết tâm làm việc với tinh thần phụng sự để cùng với NovaGroup đóng góp vào sự phát triển kinh tế, xã hội; mang lại những giá trị tốt đẹp cho cộng đồng, góp phần kiến tạo những điểm đến du lịch hàng đầu và từng bước nâng tầm chất lượng ngành dịch vụ tại Việt Nam"" - bà Nguyễn Như Xuân Trang, Tổng Giám đốc Nova Service chia sẻ.",vic,VIC,Vingroup,alias,0.98,auto_high_confidence,“Doanh nghiệp xuất sắc châu Á” 2022 gọi tên Nova SerTargete,“Doanh nghiệp xuất sắc châu Á” 2022 gọi tên Nova SerTargete,FinABSA_target_masked_headline_v1,0,“Doanh nghiệp xuất sắc châu Á” 2022 gọi tên Nova SerTargete,The sentiment for Target in the given sentence is NEUTRAL.,neutral,,,,0.0,/home/huylkq/repos/nlp/FinABSA-Valid/MODEL/finabsa-other-masked-final_3epoch,Target,ok,neutral,2022-10-11 13:30:00+00:00,2022-10-11
e2d77f9d568f21a7_00,e2d77f9d568f21a7,https://cafef.vn/doanh-nghiep-ban-gas-lai-quy-3-gap-125-lan-cung-ky-co-phieu-van-troi-ve-vung-day-14-thang-2022101111014441.chn,2022-10-11T11:03:24,2022-10-11T11:03:51+07:00,,"Doanh nghiệp bán gas lãi quý 3 gấp 12,5 lần cùng kỳ, cổ phiếu vẫn ""trôi"" về vùng đáy 14 tháng","Thái Dương Gas báo lãi sau thuế đạt gần 1,6 tỷ đồng, gấp 12,5 lần so với kết quả 125 triệu đồng thu về cùng kỳ năm 2021. Đây cũng là quý thứ 9 liên tiếp doanh nghiệp này kinh doanh có lãi.","TDG: Giá hiện tại Thay đổi Xem hồ sơ doanh nghiệp TIN MỚI CTCP Đầu tư TDG GLOBAL (Thái Dương Gas, mã CK: TDG) đã công bố BCTC quý 3/2022 với doanh thu thuần đạt 276 tỷ đồng, giảm 22% so với cùng kỳ năm trước. Tuy nhiên, giá vốn giảm mạnh hơn (24%) do đó công ty ghi nhận lãi gộp đạt gần 19 tỷ đồng, tăng 22% so với cùng kỳ. Công ty cho biết giá bán Gas trong quý 3/2022 liên tục giảm giá dẫn đến doanh thu sụt giảm. Trong kỳ, TDG không ghi nhận chi phí bán hàng và chi phí lãi vay trong khi cùng kỳ năm trước công ty khấu trừ gần 14 tỷ đồng. Song, chi phí quản lý doanh nghiệp tăng gấp 6 lần cùng kỳ, lên mức 8,5 tỷ đồng. Kết quả, TDG vẫn báo lãi sau thuế đạt gần 1,6 tỷ đồng, gấp 12,5 lần cùng kỳ. Đây cũng là quý thứ 9 liên tiếp doanh nghiệp này kinh doanh có lãi. Tuy nhiên, cần phải lưu ý rằng nền so sánh cùng kỳ là rất thấp khi quý 2 năm ngoái công ty chỉ lãi vỏn vẹn 125 triệu đồng. Lũy kế 9 tháng đầu năm, doanh thu TDG đạt gần 790 tỷ đồng, giảm 10%. Tuy nhiên, lợi nhuận sau thuế lại tăng đột biến gấp 30 lần cùng kỳ lên gần 10 tỷ đồng. Với kết quả đạt được, TDG mới hoàn thành được gần 44% mục tiêu về doanh thu và gần 57% mục tiêu về lợi nhuận sau thuế cả năm đề ra. Tại thời điểm 30/9, tổng tài sản của công ty đạt gần 487 tỷ đồng, giảm gần 15% so với đầu năm. Hàng tồn kho tăng mạnh gần 250% lên 121 tỷ đồng do ghi nhận tăng mạnh từ hạng mục nguyên liệu, vật liệu; công cụ, dụng cụ; chi phí sản xuất, kinh doanh dở dang. Các khoản phải thu ngắn hạn giảm mạnh gần 60% còn 107 tỷ đồng, trong đó chủ yếu giảm ở khoản phải thu ngắn hạn của khách hàng và trả trước cho người bán ngắn hạn. Cổ phiếu TDG trôi về mức đáy 14 tháng﻿ Trên sàn chứng khoán, bất chấp lợi nhuận tăng đột biến, cổ phiếu TDG lại liên tục trượt dốc và ""trôi"" về vùng đáy 14 tháng. Hiện, cổ phiếu này đang giao dịch ở mức 4.040 đồng/cp, giảm 38% từ đầu tháng 9 và giảm tới 72% so với đỉnh đạt hồi đầu năm, vốn hóa theo đó giảm mạnh còn 92 tỷ đồng. Đây cũng là vùng giao dịch của cổ phiếu này kể từ hồi tháng 8/2021. Trước đó, TDG đã có giai đoạn tăng phi mã trong quý 3 cuối năm 2021 và đạt đỉnh quanh vùng giá 14.000 đồng/cp vào đầu tháng 1/2022. Song, những biến động từ thị trường chung từ giữa tháng 4 đã đẩy cổ phiếu này “lao dốc” nhanh chóng. Mặc dù xuất hiện nhịp hồi giữa tháng 7 và tháng 8, đà lao dốc của TDG lại tiếp tục kể từ tháng 9.",gas,GAS,PVN Gas,alias,0.98,auto_high_confidence,"Doanh nghiệp bán Target lãi quý 3 gấp 12,5 lần cùng kỳ, cổ phiếu vẫn ""trôi"" về vùng đáy 14 tháng","Doanh nghiệp bán Target lãi quý 3 gấp 12,5 lần cùng kỳ, cổ phiếu vẫn ""trôi"" về vùng đáy 14 tháng",FinABSA_target_masked_headline_v1,0,"Doanh nghiệp bán Target lãi quý 3 gấp 12,5 lần cùng kỳ, cổ phiếu vẫn ""trôi"" về vùng đáy 14 tháng",The sentiment for Target in the given sentence is NEUTRAL.,neutral,,,,0.0,/home/huylkq/repos/nlp/FinABSA-Valid/MODEL/finabsa-other-masked-final_3epoch,Target,ok,neutral,2022-10-11 11:03:24+00:00,2022-10-11
99597cb9ad60c55f_00,99597cb9ad60c55f,https://cafef.vn/ssi-du-bao-kqkd-quy-3-2022-hau-het-dn-tang-truong-manh-tu-muc-nen-thap-rieng-hoa-phat-du-giam-80-va-cham-day-loi-nhuan-20221011090446526.chn,2022-10-11T09:05:40,,,"SSI dự báo KQKD quý 3/2022: Hầu hết DN tăng trưởng mạnh từ mức nền thấp, riêng Hoà Phát dự giảm 80% và chạm đáy lợi nhuận","Tập đoàn Hoà Phát (HPG) theo ước tính của SSI Research, lợi nhuận sau thuế trong quý 3/2022 vào khoảng 2,1 nghìn tỷ đồng, giảm 80% so với mức đỉnh trong quý 3/2021.","TIN MỚI SSI Research vừa có báo cáo ứớc tính KQKD quý 3/2022 của 26 công ty, trong đó hầu hết các đơn vị dẫn đầu ngành bán lẻ, phân bón, ngân hàng, dầu khí và cảng biển đều tăng trưởng lợi nhuận dương, như FPT, PNJ, DPM, GAS, HAH, GMD… Ngược lại, 2 công ty sụt giảm lợi nhuận là Hoà Phát (HPG) và PVS. Hầu hết DN đều tăng trưởng mạnh từ mức nền thấp cùng kỳ năm ngoái Điểm qua một số doanh nghiệp lớn, tại ngành bán lẻ, SSI Research kỳ vọng CTCP Vàng bạc Đá quý Phú Nhận (PNJ) sẽ đạt doanh thu thuần 7,2 nghìn tỷ đồng (tăng 725% so với cùng kỳ) và lợi nhuận ròng 238 tỷ đồng (quý 3/2021 lỗ 160 tỷ đồng). Kết quả kinh doanh tăng trưởng mạnh do nhu cầu vàng trang sức vẫn chưa bị ảnh hưởng bởi áp lực lạm phát, trong khi kết quả kinh doanh quý 3 năm ngoái chịu ảnh hưởng của đại dịch Covid-19. Hay với Digiworld (DGW), đơn vị bán buôn trong mảng ICT, ước LNST quý 3/2022 dự kiến sẽ tăng lên 200 tỷ đồng, tăng 87% so với mức nền so sánh thấp trong cùng kỳ năm ngoái, khi lợi nhuận của DGW chịu ảnh hưởng bởi các biện pháp giãn cách xã hội. Đặc biệt, lợi nhuận ròng quý 3/2022 tăng 45% so với quý 2/2022, nhờ doanh thu bán máy tính xách tay cao hơn. Cũng tăng trưởng mạnh từ mức nền thấp cùng kỳ năm ngoái, “ông lớn” ngành hàng không ACV – kỳ vọng lợi nhuận trước thuế vào khoảng 1,4 nghìn tỷ đồng trong quý 3/2022, so với mức lỗ trước thuế là 888 tỷ đồng trong quý 3 năm 2021, nhưng thấp hơn lợi nhuận trước thuế 3,2 nghìn tỷ đồng trong quý 2/2022. Sở dĩ có sự cải thiện như vậy so với cùng kỳ là do năm ngoái, Việt Nam đã triển khai các biện pháp giãn cách xã hội nghiêm ngặt tại các thành phố trọng điểm, trong khi quý 3/2022 nền kinh tế đã mở cửa hoàn toàn. Trong quý này, công ty không thu được nhiều lợi nhuận từ việc đồng JPY giảm giá, trong khi quý 2/2022 đã ghi nhận 1,5 nghìn tỷ đồng. Liên tục hưởng lợi từ thị trường, Đạm Phú Mỹ (DPM) dự kiến tiếp tục tăng trưởng trong quý 3 với LNST ước tính đạt 1 nghìn tỷ đồng (tăng 60% so với cùng kỳ) nhờ giá urê trên thị trường cao. Tuy nhiên, lợi nhuận ròng trong quý 3/2022 giảm 22% so với quý trước do sản lượng tiêu thụ giảm và giá bán bình quân thấp hơn. Cũng tăng trưởng liên tiếp và đạt đỉnh lợi nhuận vào quý 2/2022, Tập đoàn Hoá Chất Đức Giang (DGC) ước LNST quý 3 đạt 1,4 nghìn tỷ đồng (tăng 187% so với cùng kỳ), nhờ giá bán tăng trên tất cả các sản phẩm. Dù vậy, lợi nhuận quý 3/2022 giảm so với mức đỉnh hình thành trong quý 2/2022 (1,9 nghìn tỷ đồng). Lợi nhuận của HPG có thể chạm đáy trong quý 3/2022 và phục hồi từ quý 4 Chiều ngược lại, Tập đoàn Hoà Phát ( HPG ) theo ước tính của SSI Research, lợi nhuận sau thuế trong quý 3/2022 vào khoảng 2,1 nghìn tỷ đồng, giảm 80% so với mức đỉnh trong quý 3/2021. Sự sụt giảm của lợi nhuận trong quý này so với cùng kỳ năm ngoái là do giá thép giảm, đặc biệt là giá thép HRC giảm 32% so với cùng kỳ năm trước, giá than cốc cao và lỗ tỷ giá do đồng VND giảm giá 2,5% so với USD. Trên thị trường, HPG cũng là cái tên được nhắc nhiều nhất thời gian gần đây khi liên tục giảm giá trị cổ phiếu về mức 1x. Giới phân tích kỳ vọng lợi nhuận của HPG có thể chạm đáy trong quý 3/2022 và phục hồi từ quý 4 (tăng trưởng so với quý trước), mặc dù Công ty có thể tiếp tục ghi nhận tăng trưởng lợi nhuận âm (so với cùng kỳ năm liền trước) cho đến quý 1/2023. Sau gần 30 tháng, cổ phiếu “quốc dân” Hòa Phát (HPG) lại có giá 1x",SSI,SSI,SSI Securities,alias,0.98,auto_high_confidence,"Target dự báo Other quý 3/2022: Hầu hết Other tăng trưởng mạnh từ mức nền thấp, riêng Hoà Phát dự giảm 80% và chạm đáy lợi nhuận","Target dự báo Other quý 3/2022: Hầu hết Other tăng trưởng mạnh từ mức nền thấp, riêng Hoà Phát dự giảm 80% và chạm đáy lợi nhuận",FinABSA_target_masked_headline_v1,0,"Target dự báo Other quý 3/2022: Hầu hết Other tăng trưởng mạnh từ mức nền thấp, riêng Hoà Phát dự giảm 80% và chạm đáy lợi nhuận",The sentiment for Target in the given sentence is NEUTRAL.,neutral,,,,0.0,/home/huylkq/repos/nlp/FinABSA-Valid/MODEL/finabsa-other-masked-final_3epoch,Target,ok,neutral,2022-10-11 09:05:40+00:00,2022-10-11
9c4d0f671eacd607_00,9c4d0f671eacd607,https://cafef.vn/cap-nhat-bctc-quy-3-chieu-20-10-techcombank-vpbank-tiep-tuc-lai-lon-nhieu-dn-sut-giam-sau-so-voi-quy-2-them-ctck-bao-giam-lai-20221020203823049.chn,2022-10-20T20:38:00,2022-10-21T09:42:06+07:00,,"Hàng chục doanh nghiệp ồ ạt công bố BCTC chiều ngày 20/10: Loạt doanh nghiệp lớn TPB, LPB, Sabeco, hầu hết các công ty chứng khoán…","Nhóm chứng khoán tiếp tục ghi nhận thêm nhiều doanh nghiệp có lợi nhuận quý 3 sụt giảm mạnh so với cùng kỳ như ﻿FPTS, chứng khoán APEC, SHS, ...","TIN MỚI Tính đến chiều ngày 20/10 đã có thêm nhiều doanh nghiệp công bố báo cáo tài chính quý 3 , trong đó có nhiều đơn vị lớn như Techcombank, VPBank, Sabeco, Vĩnh Hoàn, ... Phần lớn nhóm chứng khoán đã công bố Nhóm chứng khoán tiếp tục ghi nhận thêm nhiều doanh nghiệp có lợi nhuận quý 3 sụt giảm mạnh so với cùng kỳ như ﻿FPTS lỗ 35 tỷ trong quý, lũy kế 9 tháng giảm 57% so với cùng kỳ; chứng khoán APEC giảm lãi đến 92% trong quý và giảm 320% trong 9 tháng so với cùng kỳ năm trước. SHS cũng giảm 57% trong quý và 98% trong 9 tháng đầu năm. Nhóm ngân hàng: Lợi nhuận trước thuế của Techcombank và VPBank quý 3 lần lượt tăng 21% và 67% so với cùng kỳ và lũy kế 9 tháng tăng 22% và 69% so với cùng kỳ. Lợi nhuận của các ngân hàng vẫn luôn nằm trong top đầu thị trường về quy mô. LNST trong quý 3 của Sabeco đạt 1.394,5 tỷ đồng, gấp hơn 3 lần quý 3/2021. Tuy nhiên nếu so với thời điểm trước dịch, tức quý 3/2019 thì con số này vẫn thấp hơn. Đồng thời, lợi nhuận quý 3 cũng thấp hơn nhiều so với quý 2 trước đó. Doanh thu thuần trong quý của Vĩnh Hoàn đạt 3.261 tỷ đồng, tăng 46% và lãi sau thuế 460 tỷ đồng, tăng 79% so với cùng kỳ. Lãi ròng 450 tỷ đồng, tăng 76%. Tuy nhiên, mức lãi quý 3/2022 giảm sâu so với quý liền kề trước đó, xác lập đỉnh lợi nhuận theo quý trong năm nay của Vĩnh Hoàn tại quý 2. Điều này diễn ra tương tự tại nhóm doanh nghiệp hóa chất, phân bón khi lợi thế hàng tồn kho giá rẻ đã giảm dần. Những doanh nghiệp đã công bố báo cáo tài chính quý 3 sắp xếp theo ngành",Sab,SAB,Sabeco,alias,0.98,auto_high_confidence,"Hàng chục doanh nghiệp ồ ạt công bố BCTC chiều ngày 20/10: Loạt doanh nghiệp lớn Other, Other, Targeteco, hầu hết các công ty chứng khoán…","Hàng chục doanh nghiệp ồ ạt công bố BCTC chiều ngày 20/10: Loạt doanh nghiệp lớn Other, Other, Targeteco, hầu hết các công ty chứng khoán…",FinABSA_target_masked_headline_v1,0,"Hàng chục doanh nghiệp ồ ạt công bố BCTC chiều ngày 20/10: Loạt doanh nghiệp lớn Other, Other, Targeteco, hầu hết các công ty chứng khoán…",The sentiment for Target in the given sentence is NEUTRAL.,neutral,,,,0.0,/home/huylkq/repos/nlp/FinABSA-Valid/MODEL/finabsa-other-masked-final_3epoch,Target,ok,neutral,2022-10-20 20:38:00+00:00,2022-10-20
9c4d0f671eacd607_01,9c4d0f671eacd607,https://cafef.vn/cap-nhat-bctc-quy-3-chieu-20-10-techcombank-vpbank-tiep-tuc-lai-lon-nhieu-dn-sut-giam-sau-so-voi-quy-2-them-ctck-bao-giam-lai-20221020203823049.chn,2022-10-20T20:38:00,2022-10-21T09:42:06+07:00,,"Hàng chục doanh nghiệp ồ ạt công bố BCTC chiều ngày 20/10: Loạt doanh nghiệp lớn TPB, LPB, Sabeco, hầu hết các công ty chứng khoán…","Nhóm chứng khoán tiếp tục ghi nhận thêm nhiều doanh nghiệp có lợi nhuận quý 3 sụt giảm mạnh so với cùng kỳ như ﻿FPTS, chứng khoán APEC, SHS, ...","TIN MỚI Tính đến chiều ngày 20/10 đã có thêm nhiều doanh nghiệp công bố báo cáo tài chính quý 3 , trong đó có nhiều đơn vị lớn như Techcombank, VPBank, Sabeco, Vĩnh Hoàn, ... Phần lớn nhóm chứng khoán đã công bố Nhóm chứng khoán tiếp tục ghi nhận thêm nhiều doanh nghiệp có lợi nhuận quý 3 sụt giảm mạnh so với cùng kỳ như ﻿FPTS lỗ 35 tỷ trong quý, lũy kế 9 tháng giảm 57% so với cùng kỳ; chứng khoán APEC giảm lãi đến 92% trong quý và giảm 320% trong 9 tháng so với cùng kỳ năm trước. SHS cũng giảm 57% trong quý và 98% trong 9 tháng đầu năm. Nhóm ngân hàng: Lợi nhuận trước thuế của Techcombank và VPBank quý 3 lần lượt tăng 21% và 67% so với cùng kỳ và lũy kế 9 tháng tăng 22% và 69% so với cùng kỳ. Lợi nhuận của các ngân hàng vẫn luôn nằm trong top đầu thị trường về quy mô. LNST trong quý 3 của Sabeco đạt 1.394,5 tỷ đồng, gấp hơn 3 lần quý 3/2021. Tuy nhiên nếu so với thời điểm trước dịch, tức quý 3/2019 thì con số này vẫn thấp hơn. Đồng thời, lợi nhuận quý 3 cũng thấp hơn nhiều so với quý 2 trước đó. Doanh thu thuần trong quý của Vĩnh Hoàn đạt 3.261 tỷ đồng, tăng 46% và lãi sau thuế 460 tỷ đồng, tăng 79% so với cùng kỳ. Lãi ròng 450 tỷ đồng, tăng 76%. Tuy nhiên, mức lãi quý 3/2022 giảm sâu so với quý liền kề trước đó, xác lập đỉnh lợi nhuận theo quý trong năm nay của Vĩnh Hoàn tại quý 2. Điều này diễn ra tương tự tại nhóm doanh nghiệp hóa chất, phân bón khi lợi thế hàng tồn kho giá rẻ đã giảm dần. Những doanh nghiệp đã công bố báo cáo tài chính quý 3 sắp xếp theo ngành",LPB,LPB,LPBank,alias,0.98,auto_high_confidence,"Hàng chục doanh nghiệp ồ ạt công bố BCTC chiều ngày 20/10: Loạt doanh nghiệp lớn Other, Target, Othereco, hầu hết các công ty chứng khoán…","Hàng chục doanh nghiệp ồ ạt công bố BCTC chiều ngày 20/10: Loạt doanh nghiệp lớn Other, Target, Othereco, hầu hết các công ty chứng khoán…",FinABSA_target_masked_headline_v1,1,"Hàng chục doanh nghiệp ồ ạt công bố BCTC chiều ngày 20/10: Loạt doanh nghiệp lớn Other, Target, Othereco, hầu hết các công ty chứng khoán…",The sentiment for Target in the given sentence is NEUTRAL.,neutral,,,,0.0,/home/huylkq/repos/nlp/FinABSA-Valid/MODEL/finabsa-other-masked-final_3epoch,Target,ok,neutral,2022-10-20 20:38:00+00:00,2022-10-20
f4067ac275e4c0bf_00,f4067ac275e4c0bf,https://cafef.vn/cong-ty-me-chung-khoan-ssi-dat-382-ty-lai-truoc-thue-trong-quy-3-2022-du-no-cho-vay-dat-gan-15600-ty-dong-20221020162612211.chn,2022-10-20T19:28:00,2022-10-20T19:45:08+07:00,,"Công ty mẹ Chứng khoán SSI đạt 382 tỷ lãi trước thuế trong quý 3/2022, dư nợ cho vay đạt gần 15.600 tỷ đồng","Lợi nhuận lũy kế 9 tháng của SSI đạt 1.758 tỷ đồng, là một trong 4 công ty chứng khoán có lợi nhuận trên 1.000 tỷ đồng.","SSI: Giá hiện tại Thay đổi Xem hồ sơ doanh nghiệp TIN MỚI Chứng khoán SSI vừa công bố KQKD quý 3/2022 công ty mẹ, ghi nhận doanh thu vào mức 1.302 tỷ đồng. Trong đó, Doanh thu từ Dịch vụ ghi nhận ở mức hơn 760 tỷ đồng; Doanh thu từ hoạt động Đầu tư; Nguồn vốn và Kinh doanh Tài chính đạt lần lượt gần 430 tỷ đồng và 107 tỷ đồng. Khấu trừ chi phí, LNTT 382 tỷ đồng. Theo SSI, mặc dù thông tin tăng trưởng GDP quý 3/2022 của Việt Nam được công bố ở mức rất cao 13,67%, song thị trường chứng khoán quý 3 nhìn chung khá ảm đạm khi rơi xuống mức thấp nhất từ tháng 2/2021. Sau nhịp hồi phục kéo dài suốt tháng 7 và tháng 8, VN-Index đã quay lại với xu hướng giảm kể từ đầu tháng 9. Chỉ số kết thúc phiên cuối tháng 9 quanh vùng 1.132 điểm - giảm 11,6% so với thời điểm cuối tháng 8 và giảm 24,4% so với cuối năm 2021. Kết thúc tháng 9/2022, vốn hóa trên sàn HoSE đạt 4,5 triệu tỷ đồng, giảm 5% so với thời điểm cuối quý 2. Vốn hóa toàn thị trường cũng sụt giảm gần 1 triệu tỷ đồng so với quý 2, đạt 7,6 triệu tỷ đồng trong quý 3. Thanh khoản thị trường cũng sụt giảm đáng kể với giá trị giao dịch bình quân mỗi phiên trên sàn HoSE ghi nhận trong quý 3 chỉ đạt 13.703 tỷ đồng, giảm gần 21% so với quý trước. Trong kỳ, SSI đã phát hành và niêm yết 28 mã chứng quyền. Các chứng quyền dựa trên 12 mã bluechip tiềm năng cho nhà đầu tư trong giai đoạn cuối năm và nửa đầu năm 2023, chủ yếu là các mã thuộc Ngành Ngân hàng (ACB, MBB, STB, TCB, TPB, VPB), bất động sản và vật liệu xây dựng (VHM, KDH và HPG) và nhóm bán lẻ (FPT, MWG, VRE). Lũy kế 9 tháng đầu năm 2022, Công ty ghi nhận tổng doanh thu xấp xỉ 4.887 tỷ đồng và lợi nhuận trước thuế đạt 1.758 tỷ đồng. Tại ngày 30/9, Công ty có tổng tài sản 44.872 tỷ đồng, trong đó vốn chủ sở hữu đạt 21.665 tỷ đồng. Dư nợ cho vay của SSI tại thời điểm cuối quý đạt gần 15.600 tỷ đồng - giảm 8.000 tỷ so với thời điểm đầu năm - trong đó cho vay ký quý đạt gần 15.400 tỷ đồng.",SSI,SSI,SSI Securities,alias,0.98,auto_high_confidence,"Công ty mẹ Chứng khoán Target đạt 382 tỷ lãi trước thuế trong quý 3/2022, dư nợ cho vay đạt gần 15.600 tỷ đồng","Công ty mẹ Chứng khoán Target đạt 382 tỷ lãi trước thuế trong quý 3/2022, dư nợ cho vay đạt gần 15.600 tỷ đồng",FinABSA_target_masked_headline_v1,0,"Công ty mẹ Chứng khoán Target đạt 382 tỷ lãi trước thuế trong quý 3/2022, dư nợ cho vay đạt gần 15.600 tỷ đồng",The sentiment for Target in the given sentence is NEUTRAL.,neutral,,,,0.0,/home/huylkq/repos/nlp/FinABSA-Valid/MODEL/finabsa-other-masked-final_3epoch,Target,ok,neutral,2022-10-20 19:28:00+00:00,2022-10-20
3a8bee923c43e477_00,3a8bee923c43e477,https://cafef.vn/co-phieu-ngan-hang-20-10-shb-tcb-dan-dau-giam-gia-khoi-ngoai-gom-manh-co-phieu-big4-20221020183623623.chn,2022-10-20T18:36:38,,,"Cổ phiếu ngân hàng 20/10: SHB, TCB dẫn đầu giảm giá, khối ngoại gom mạnh cổ phiếu Big4","Kết phiên, toàn ngành ngân hàng ghi nhận 12 mã giảm giá. Trong đó, SHB và TCB lao dốc mạnh nhất, còn VCB bật tăng 1,9%.","TIN MỚI Giống như thị trường chung, nhóm cổ phiếu ngân hàng giao dịch tương đối ảm đạm trong phiên giao dịch hôm nay 20/10. Kết phiên, toàn ngành ngân hàng ghi nhận 12 mã giảm giá, 8 tăng, 7 mã đứng giá tham chiếu. Trong đó, SHB dẫn đầu xu hướng giảm khi mất 2,7% xuống còn 10.850 đồng/cp. Đây là phiên giảm giá thứ ba liên tiếp của cổ phiếu này với tổng mức mất giá gần 5,7%. Trước đó, SHB đã có 4 phiên tăng mạnh liên tiếp, đưa thị giá tăng từ 9.400 đồng lên 11.500 đồng, tương đương tỷ suất hơn 22%. Cùng với SHB, TCB cũng lao dốc 2,4% xuống còn 24.600 đồng/cp. TCB giảm sâu bất chấp thông tin tích cực về kết quả kinh doanh quý III vừa được Techcombank công bố. Theo đó, ngân hàng ghi nhận lợi nhuận trước thuế 6.715 tỷ đồng, tăng 20,7% so với cùng kỳ năm 2022. Lũy kế 9 tháng đầu năm, lợi nhuận trước thuế Techcombank đạt 20.800 tỷ đồng, tăng 22% so với cùng kỳ năm ngoái. VIB, BAB và MBB cũng là những mã ghi nhận mức giảm trên 2% khi kết thúc phiên giao dịch hôm nay. Trong khi LPB, ABB, BVB mất hơn 1%. Ở chiều ngược lại, VBB có có diễn biến giá tốt nhất ngành ngân hàng khi bật tăng 3,2% nhờ lực cầu tăng mạnh vào cuối phiên. VCB cũng ghi nhận mức tăng 1,9% và là mã có ảnh hưởng tích cực nhất đến Vn-Index, kéo chỉ số này tăng hơn 1,5 điểm. Sáu mã ngân hàng khác cũng đóng cửa trong sắc xanh gồm ACB (+1,2%), HDB (+0,6%), BID (+0,5%), OCB (+0,4%), TPB và CTG (+0,2%). Trong đó, OCB được kéo mạnh vào cuối phiên chiều lên chốt mức cao nhất ngày 13.550 đồng/cp. Sau 7 phiên gần nhất, OCB có 6 phiên tăng và 1 phiên đứng giá tham chiếu với tổng tỷ suất sinh lời hơn 10%. Nhà đầu tư nước ngoài cũng có 6 phiên liên tục mua ròng cổ phiếu này với tổng khối lượng hơn 160.000 đơn vị. Thanh khoản nhóm ngân hàng hôm nay tiếp tục ở mức thấp. Trong đó, STB tiếp tục dẫn đầu toàn ngành với hơn 13,2 triệu cổ phiếu được giao dịch khớp lệnh trực tiếp. Xếp sau lần lượt là VPB (8,7 triệu cp), SHB (7,3 triệu cp), MBB (6,8 triệu cp), LPB (5,5 triệu cp), TCB (5,2 triệu cp),… Đối với giao dịch thỏa thuận, EIB được trao tay khối lượng lớn với hơn 12,9 triệu đơn vị, giá trị 511 tỷ đồng. Các giao dịch thỏa thuận tại EIB diễn ra sôi động trong những ngày gần đây sau khi nhóm cổ đông liên quan đến Tập đoàn Thành Công thông báo thoái hơn 117,6 triệu cổ phần Eximbank. Ngoài EIB, giao dịch thỏa thuận cũng diễn ra nhộn nhịp tại nhiều mã ngân hàng khác như TPB (7,8 triệu cp), SHB (3,6 triệu cp), TCB (1,15 triệu cp),… Về giao dịch của khối ngoại, nhóm này tiếp tục mua ròng mạnh STB với khối lượng hơn 3 triệu đơn vị. Trước đó, nhóm này cũng đã gom gần 1,5 triệu cổ phiếu STB trong phiên giao dịch 19/10. Cùng với STB, khối ngoại cũng mua ròng mạnh CTG (gần 1,2 triệu cp), VCB (473.000 cp), HDB (hơn 400.000 cp), BID (hơn 300.000 cp), HDB (133.000 cp),… Trong báo cáo phân tích mới đây, quỹ ngoại VinaCapital nhận định ngành ngân hàng tiếp tục có sức hấp dẫn cao trong dài hạn do tỷ suất lợi nhuận cao, chất lượng tài sản được kiểm soát tốt, tỷ lệ thâm nhập của các khoản vay thế chấp và bán lẻ thấp và thu nhập tăng. Điều đó hàm ý rằng Việt Nam vẫn đang ở giai đoạn đầu phát triển kinh tế, do đó ngành ngân hàng của đất nước chưa đến giai đoạn bão hòa. Tuy nhiên, chuyên gia của VinaCapital cũng chỉ ra những lo lắng đối với ngành ngân hàng trong ngắn hạn. Theo đó, những lo ngại đối với ngành ngân hàng có thể đến từ: (1) biên lợi nhuận mỏng, do chi phí huy động vốn cao hơn và điều chỉnh lãi suất cho vay chậm hơn, một phần là do Chính phủ kêu gọi hạn chế tốc độ tăng lãi suất cho vay; và (2) rủi ro được nhận thấy đối với chất lượng tài sản từ trái phiếu doanh nghiệp có khả năng không thể tái cấp vốn, chuyển nhượng hoặc hoàn trả trong bối cảnh các yêu cầu phát hành chặt chẽ hơn. Cổ phiếu ngân hàng tiếp tục hồi phục phiên 14/10, có mã tăng gần 15%",TCB,TCB,Techcombank,alias,0.98,auto_high_confidence,"Cổ phiếu ngân hàng 20/10: Other, Target dẫn đầu giảm giá, khối ngoại gom mạnh cổ phiếu Big4","Cổ phiếu ngân hàng 20/10: Other, Target dẫn đầu giảm giá, khối ngoại gom mạnh cổ phiếu Big4",FinABSA_target_masked_headline_v1,0,"Cổ phiếu ngân hàng 20/10: Other, Target dẫn đầu giảm giá, khối ngoại gom mạnh cổ phiếu Big4",The sentiment for Target in the given sentence is NEUTRAL.,neutral,,,,0.0,/home/huylkq/repos/nlp/FinABSA-Valid/MODEL/finabsa-other-masked-final_3epoch,Target,ok,neutral,2022-10-20 18:36:38+00:00,2022-10-20
3a8bee923c43e477_01,3a8bee923c43e477,https://cafef.vn/co-phieu-ngan-hang-20-10-shb-tcb-dan-dau-giam-gia-khoi-ngoai-gom-manh-co-phieu-big4-20221020183623623.chn,2022-10-20T18:36:38,,,"Cổ phiếu ngân hàng 20/10: SHB, TCB dẫn đầu giảm giá, khối ngoại gom mạnh cổ phiếu Big4","Kết phiên, toàn ngành ngân hàng ghi nhận 12 mã giảm giá. Trong đó, SHB và TCB lao dốc mạnh nhất, còn VCB bật tăng 1,9%.","TIN MỚI Giống như thị trường chung, nhóm cổ phiếu ngân hàng giao dịch tương đối ảm đạm trong phiên giao dịch hôm nay 20/10. Kết phiên, toàn ngành ngân hàng ghi nhận 12 mã giảm giá, 8 tăng, 7 mã đứng giá tham chiếu. Trong đó, SHB dẫn đầu xu hướng giảm khi mất 2,7% xuống còn 10.850 đồng/cp. Đây là phiên giảm giá thứ ba liên tiếp của cổ phiếu này với tổng mức mất giá gần 5,7%. Trước đó, SHB đã có 4 phiên tăng mạnh liên tiếp, đưa thị giá tăng từ 9.400 đồng lên 11.500 đồng, tương đương tỷ suất hơn 22%. Cùng với SHB, TCB cũng lao dốc 2,4% xuống còn 24.600 đồng/cp. TCB giảm sâu bất chấp thông tin tích cực về kết quả kinh doanh quý III vừa được Techcombank công bố. Theo đó, ngân hàng ghi nhận lợi nhuận trước thuế 6.715 tỷ đồng, tăng 20,7% so với cùng kỳ năm 2022. Lũy kế 9 tháng đầu năm, lợi nhuận trước thuế Techcombank đạt 20.800 tỷ đồng, tăng 22% so với cùng kỳ năm ngoái. VIB, BAB và MBB cũng là những mã ghi nhận mức giảm trên 2% khi kết thúc phiên giao dịch hôm nay. Trong khi LPB, ABB, BVB mất hơn 1%. Ở chiều ngược lại, VBB có có diễn biến giá tốt nhất ngành ngân hàng khi bật tăng 3,2% nhờ lực cầu tăng mạnh vào cuối phiên. VCB cũng ghi nhận mức tăng 1,9% và là mã có ảnh hưởng tích cực nhất đến Vn-Index, kéo chỉ số này tăng hơn 1,5 điểm. Sáu mã ngân hàng khác cũng đóng cửa trong sắc xanh gồm ACB (+1,2%), HDB (+0,6%), BID (+0,5%), OCB (+0,4%), TPB và CTG (+0,2%). Trong đó, OCB được kéo mạnh vào cuối phiên chiều lên chốt mức cao nhất ngày 13.550 đồng/cp. Sau 7 phiên gần nhất, OCB có 6 phiên tăng và 1 phiên đứng giá tham chiếu với tổng tỷ suất sinh lời hơn 10%. Nhà đầu tư nước ngoài cũng có 6 phiên liên tục mua ròng cổ phiếu này với tổng khối lượng hơn 160.000 đơn vị. Thanh khoản nhóm ngân hàng hôm nay tiếp tục ở mức thấp. Trong đó, STB tiếp tục dẫn đầu toàn ngành với hơn 13,2 triệu cổ phiếu được giao dịch khớp lệnh trực tiếp. Xếp sau lần lượt là VPB (8,7 triệu cp), SHB (7,3 triệu cp), MBB (6,8 triệu cp), LPB (5,5 triệu cp), TCB (5,2 triệu cp),… Đối với giao dịch thỏa thuận, EIB được trao tay khối lượng lớn với hơn 12,9 triệu đơn vị, giá trị 511 tỷ đồng. Các giao dịch thỏa thuận tại EIB diễn ra sôi động trong những ngày gần đây sau khi nhóm cổ đông liên quan đến Tập đoàn Thành Công thông báo thoái hơn 117,6 triệu cổ phần Eximbank. Ngoài EIB, giao dịch thỏa thuận cũng diễn ra nhộn nhịp tại nhiều mã ngân hàng khác như TPB (7,8 triệu cp), SHB (3,6 triệu cp), TCB (1,15 triệu cp),… Về giao dịch của khối ngoại, nhóm này tiếp tục mua ròng mạnh STB với khối lượng hơn 3 triệu đơn vị. Trước đó, nhóm này cũng đã gom gần 1,5 triệu cổ phiếu STB trong phiên giao dịch 19/10. Cùng với STB, khối ngoại cũng mua ròng mạnh CTG (gần 1,2 triệu cp), VCB (473.000 cp), HDB (hơn 400.000 cp), BID (hơn 300.000 cp), HDB (133.000 cp),… Trong báo cáo phân tích mới đây, quỹ ngoại VinaCapital nhận định ngành ngân hàng tiếp tục có sức hấp dẫn cao trong dài hạn do tỷ suất lợi nhuận cao, chất lượng tài sản được kiểm soát tốt, tỷ lệ thâm nhập của các khoản vay thế chấp và bán lẻ thấp và thu nhập tăng. Điều đó hàm ý rằng Việt Nam vẫn đang ở giai đoạn đầu phát triển kinh tế, do đó ngành ngân hàng của đất nước chưa đến giai đoạn bão hòa. Tuy nhiên, chuyên gia của VinaCapital cũng chỉ ra những lo lắng đối với ngành ngân hàng trong ngắn hạn. Theo đó, những lo ngại đối với ngành ngân hàng có thể đến từ: (1) biên lợi nhuận mỏng, do chi phí huy động vốn cao hơn và điều chỉnh lãi suất cho vay chậm hơn, một phần là do Chính phủ kêu gọi hạn chế tốc độ tăng lãi suất cho vay; và (2) rủi ro được nhận thấy đối với chất lượng tài sản từ trái phiếu doanh nghiệp có khả năng không thể tái cấp vốn, chuyển nhượng hoặc hoàn trả trong bối cảnh các yêu cầu phát hành chặt chẽ hơn. Cổ phiếu ngân hàng tiếp tục hồi phục phiên 14/10, có mã tăng gần 15%",SHB,SHB,SHB,alias,0.98,auto_high_confidence,"Cổ phiếu ngân hàng 20/10: Target, Other dẫn đầu giảm giá, khối ngoại gom mạnh cổ phiếu Big4","Cổ phiếu ngân hàng 20/10: Target, Other dẫn đầu giảm giá, khối ngoại gom mạnh cổ phiếu Big4",FinABSA_target_masked_headline_v1,1,"Cổ phiếu ngân hàng 20/10: Target, Other dẫn đầu giảm giá, khối ngoại gom mạnh cổ phiếu Big4",The sentiment for Target in the given sentence is NEUTRAL.,neutral,,,,0.0,/home/huylkq/repos/nlp/FinABSA-Valid/MODEL/finabsa-other-masked-final_3epoch,Target,ok,neutral,2022-10-20 18:36:38+00:00,2022-10-20
2d7c00ba44af9c65_00,2d7c00ba44af9c65,https://cafef.vn/duoc-ty-phu-thai-goi-la-vien-ngoc-quy-bien-loi-nhuan-gop-cua-sabeco-sab-tang-len-31-9t2022-dat-4424-ty-dong-lnst-20221020173249571.chn,2022-10-20T17:35:05,,,"Được tỷ phú Thái gọi là “viên ngọc quý”, biên lợi nhuận gộp của Sabeco (SAB) tăng lên 31%, 9T2022 đạt 4.424 tỷ đồng LNST","Hoạt động trong mảng bia với thị phần dẫn đầu, SAB chịu ảnh hưởng nặng nề từ Nghị định 100 và sau đó là Covid-19, dù vậy Công ty đang ghi nhận sự hồi phục rất mạnh tính đến hiện tại.","SAB: Giá hiện tại Thay đổi Xem hồ sơ doanh nghiệp TIN MỚI Tổng công ty Bia - Rượu - Nước Giải khát Sài Gòn (Sabeco, mã chứng khoán SAB) vừa công bố BCTC hợp nhất quý 3/2022, ghi nhận sự hồi phục mạnh so với nền thấp của cùng kỳ. Cụ thể, doanh thu quý 3 tăng gấp đôi lên 4.332,5 tỷ đồng. Khấu trừ chi phí, SAB ghi nhận lợi nhuận gộp đạt 2.693 tỷ đồng, cũng tăng bằng lần so với cùng kỳ. Biên lãi gộp tương ứng đạt hơn 31% trong khi cùng kỳ năm 2021 ở mức 26%. LNST trong quý đạt 1.394,5 tỷ đồng, gấp hơn 3 lần quý 3/2021. Tuy nhiên nếu so với thời điểm trước dịch, tức quý 3/2019 thì con số này vẫn thấp hơn. Luỹ kế 9 tháng, SAB ghi nhận 25.104 tỷ, LNST 4.424 tỷ đồng, lần lượt tăng 44% và 75% so với 9 tháng đầu năm ngoái. SAB cho biết trong 9 tháng đầu năm, doanh thu và lợi nhuận ròng đã được cải thiện cao hơn năm ngoái khi cả nước không còn giãn cách xã hội. Nhiều chương trình hỗ trợ bán hàng và tiếp thị cũng thúc đẩy các hoạt động bán hàng cho các nhãn hàng. Công ty đã nâng cao hiệu quả sản xuất và thực hiện các biện pháp tiết kiệm chi phí, giúp giảm thiểu tác động của chi phí đầu vào cao hơn. Hoạt động trong mảng bia với thị phần dẫn đầu, SAB chịu ảnh hưởng nặng nề từ Nghị định 100 và sau đó là Covid-19, dù vậy Công ty đang ghi nhận sự hồi phục rất mạnh tính đến hiện tại. Gần đây, Tập đoàn Thai Beverage (Thaibev, Y92) xúc tiến chiến lược truyền thông cho đợt chào bán lần đầu ra công chúng (IPO) sắp tới. Kế hoạch IPO mảng bia (bao gồm SAB và công ty bia tại Thái) đã được Thaibev đánh tiếng trước đó, nhưng bị hoãn lại do dịch Covid-19 bùng phát mạnh vào tháng 4/2021. Ông Thapana Sirivadhanabhakdi, CEO ThaiBev trong chia sẻ mới đây còn nhấn mạnh: “Sabeco là viên ngọc quý của chúng tôi – một tài sản quý hiếm trong tất cả các tài sản liên quan tới ngành sản xuất bia trong khu vực Đông Nam Á”. Được biết, Việt Nam là thị trường bia lớn nhất khu vực với giá trị 26 tỷ USD vào năm 2021 và đứng thứ ba ở châu Á sau Trung Quốc và Nhật Bản. Năm 2017, ThaiBev đã mua lại 54% cổ phần của SAB với giá 4,8 tỷ USD. Việc thâu tóm SAB đã biến ThaiBev trở thành nhà sản xuất bia lớn nhất khu vực về khối lượng. CEO ThaiBev Group gọi Sabeco là ""viên ngọc quý"", muốn SCIC bán 36% cổ phần đang nắm giữ",Sab,SAB,Sabeco,alias,0.98,auto_high_confidence,"Được tỷ phú Thái gọi là “viên ngọc quý”, biên lợi nhuận gộp của Targeteco (SAB) tăng lên 31%, 9T2022 đạt 4.424 tỷ đồng Other","Được tỷ phú Thái gọi là “viên ngọc quý”, biên lợi nhuận gộp của Targeteco (SAB) tăng lên 31%, 9T2022 đạt 4.424 tỷ đồng Other",FinABSA_target_masked_headline_v1,0,"Được tỷ phú Thái gọi là “viên ngọc quý”, biên lợi nhuận gộp của Targeteco (SAB) tăng lên 31%, 9T2022 đạt 4.424 tỷ đồng Other",The sentiment for Target in the given sentence is NEUTRAL.,neutral,,,,0.0,/home/huylkq/repos/nlp/FinABSA-Valid/MODEL/finabsa-other-masked-final_3epoch,Target,ok,neutral,2022-10-20 17:35:05+00:00,2022-10-20
9744a90bfa691a74_00,9744a90bfa691a74,https://cafef.vn/cho-vay-margin-tang-gan-1000-ty-dong-mbs-bao-lai-quy-3-2022-giam-34-20221020162358898.chn,2022-10-20T17:00:00,,,"Cho vay margin tăng gần 1.000 tỷ đồng, MBS báo lãi quý 3/2022 giảm 34%","Dư nợ cho vay margin của MBS đã tăng gần 1.000 tỷ đồng trong quý 3 lên hơn 6.600 tỷ đồng, mức cao nhất kể từ khi hoạt động.","mbs: Giá hiện tại Thay đổi Xem hồ sơ doanh nghiệp TIN MỚI CTCP Chứng khoán MB (mã MBS) đã công bố báo cáo tài chính quý 3/2022 với kết quả kinh doanh sụt giảm so với cùng kỳ chủ yếu do hoạt động môi giới bị thu hẹp. Cụ thể, doanh thu hoạt động trong kỳ của MBS giảm hơn 16% xuống còn 430 tỷ đồng, trong đó mảng môi giới mang về 151,3 tỷ đồng, giảm 38% so với cùng kỳ. Chiều ngược lại, lãi từ các tài sản tài chính ghi nhận thông qua lãi/lỗ (FVTPL) tăng gấp 2,4 lần lên mức 31,9 tỷ đồng trong khi lãi từ các khoản đầu tư nắm giữ đến ngày đáo hạn (HTM) cũng tăng gần 55% so với cùng kỳ lên 28,1 tỷ đồng. Lãi từ cho vay và phải thu vẫn chiếm tỷ trọng lớn nhất trong cơ cấu doanh thu, đóng góp 189,7 tỷ đồng trong quý 3, tăng gần 4% so với cùng kỳ. Cùng chiều với doanh thu, chi phí hoạt động của MBS cũng giảm 12,5% so với cùng kỳ xuống mức 152,1 tỷ đồng trong quý 3. Chi phí tài chính tăng 19% lên 98,8 tỷ đồng (chủ yếu là lãi vay) trong khi chi phí quản lý công ty chứng khoán được tiết giảm 39% còn 30,4 tỷ đồng. Kết quả, lợi nhuận trước và sau thuế của MBS đều giảm 34% so với cùng kỳ, lần lượt đạt 151,9 tỷ đồng và 121,2 tỷ đồng. Nguồn: BCTC quý 3/2022 của MBS Lũy kế 9 tháng đầu năm, MBS ghi nhận doanh thu hoạt động đạt 1.552 tỷ đồng, nhích nhẹ so với cùng kỳ. Lợi nhuận sau thuế tăng 6% so với cùng kỳ, đạt gần 442 tỷ đồng. Với kết quả đạt được, MBS đã thực hiện được 51% kế hoạch doanh thu và 40% chỉ tiêu lợi nhuận cả năm được thông qua tại đại hội cổ đông. Thời điểm 30/9, tổng tài sản của MBS đã tăng nhẹ so với đầu năm lên hơn 12.000 tỷ đồng. Các khoản cho vay và phải thu chiếm tỷ trọng lớn nhất với số dư cuối kỳ hơn 7.100 tỷ đồng trong đó dư nợ cho vay ký quỹ (margin) hơn 6.600 tỷ đồng, còn lại là các khoản ứng trước tiền bán 495 tỷ đồng. So với cuối quý trước, cho vay margin của MBS đã tăng gần 1.000 tỷ đồng và là mức cao nhất kể từ khi hoạt động. Chiều ngược lại, danh mục tự doanh của MBS đã thu hẹp đáng kể sau quý 3 trong đó các khoản FVTPL có giá trị hợp lý gần 600 tỷ đồng bao gồm cổ phiếu (42,6 tỷ đồng), trái phiếu (257,4 tỷ đồng) và chứng chỉ tiền gửi (300 tỷ đồng). Ngoài ra, MBS còn có khoản AFS với giá trị ghi sổ gần 995 tỷ đồng bao gồm cổ phiếu (118 tỷ đồng) và trái phiếu (877 tỷ đồng). Các khoản HTM chiếm 2.218 tỷ đồng chủ yếu là tiền gửi có kỳ hạn trong đó tiền gửi ngắn hạn chiếm gần 1.786 tỷ đồng.",MBS,MBS,MBS Securities,alias,0.98,auto_high_confidence,"Cho vay margin tăng gần 1.000 tỷ đồng, Target báo lãi quý 3/2022 giảm 34%","Cho vay margin tăng gần 1.000 tỷ đồng, Target báo lãi quý 3/2022 giảm 34%",FinABSA_target_masked_headline_v1,0,"Cho vay margin tăng gần 1.000 tỷ đồng, Target báo lãi quý 3/2022 giảm 34%",The sentiment for Target in the given sentence is NEUTRAL.,neutral,,,,0.0,/home/huylkq/repos/nlp/FinABSA-Valid/MODEL/finabsa-other-masked-final_3epoch,Target,ok,neutral,2022-10-20 17:00:00+00:00,2022-10-20
08e95de6f499771f_00,08e95de6f499771f,https://cafef.vn/lo-gia-khoi-diem-va-noi-that-du-thuyen-trieu-do-cua-flc-20221020165239921.chn,2022-10-20T16:52:54,,,Lộ giá khởi điểm và nội thất du thuyền triệu đô của FLC,"Công ty đấu giá Hợp Danh Minh Pháp vừa thông báo chi tiết thông tin du thuyền FLC Albatross của Công ty Cổ phần Tập đoàn FLC sắp bán đấu giá. Theo đó, giá khởi điểm hơn 35 tỷ đồng.","TIN MỚI Công ty đấu giá Hợp Danh Minh Pháp cho biết, khách đấu giá đặt trước 10% giá khởi điểm, tương ứng hơn 3,5 tỷ đồng. Thời gian nhận hồ sơ từ ngày 24/10 đến 1/11/2022 trong giờ hành chính. Hiện du thuyền này được neo tại Công ty TNHH Câu lạc bộ Du Thuyền Việt Nam, số 2, Khu biệt thự Lan Anh 2 (Lan Anh Village), đường 45, KP.1 (Thủ Đức, TP.HCM). Thời gian tổ chức đấu giá vào lúc 9h30, ngày 4/11/2022. Du thuyền hiện do Công ty Cổ Phần Tập Đoàn FLC quản lý và bảo quản. Ngân hàng TMCP Đầu Tư và Phát Triển Việt Nam – chi nhánh Quy Nhơn có trách nhiệm phối hợp với Công ty Cổ Phần Tập Đoàn FLC để bàn giao tài sản cho người trúng đấu giá theo quy định. Cũng theo thông báo, du thuyền FLC Albatross mang biển kiểm soát HN-2014 của Công ty Cổ phần Tập đoàn FLC được đóng mới ở Ba Lan năm 2017, sức chứa 12 người. Tài sản này đang thế chấp tại Ngân hàng TMCP Đầu Tư và Phát Triển Việt Nam (BIDV) chi nhánh Quy Nhơn, đã qua sử dụng, được đưa ra đấu giá để xử lý thu hồi nợ. Người tham gia đấu giá tài sản có trách nhiệm xem xét, tìm hiểu hồ sơ tài sản đấu giá, tự xác định tình trạng thực tế và các giấy tờ pháp lý được BIDV chi nhánh Quy Nhơn cung cấp. FLC Albatross được chế tạo từ chất liệu hợp kim đặc trưng, với những vòm cửa sổ thoáng rộng và lớp cửa kính trong suốt để khoang thuyền luôn tràn ngập ánh sáng thiên nhiên. Được biết, ngày đăng kiểm gần nhất của du thuyền FLC Albatross là 29/11/2021 và hết hạn đăng kiểm vào 7/11/2022. Dưới đây là những hình ảnh mới nhất về du thuyền của Tập đoàn FLC sắp đấu giá, ảnh do Công ty đấu giá Hợp Danh Minh Pháp công bố: Theo giấy chứng nhận đăng ký phương tiện Thuỷ nội địa số 2014/ĐK do Sở GTVT Hà Nội cấp ngày 15/11/2018. Du thuyền có chiều dài thiết kế 16,62 m; chiều dài lớn nhất 21,95 m; chiều rộng thiết kế 4,88 m; chiều rộng lớn nhất 5,25 m; chiều cao mạn 3,15 m; chiều chìm 1,15 m (Mạn khô 2,000 m; Vật liệu vỏ FRP). Ngân hàng rao bán du thuyền triệu đô của FLC",FLC,FLC,FLC Group,alias,0.98,auto_high_confidence,Lộ giá khởi điểm và nội thất du thuyền triệu đô của Target,Lộ giá khởi điểm và nội thất du thuyền triệu đô của Target,FinABSA_target_masked_headline_v1,0,Lộ giá khởi điểm và nội thất du thuyền triệu đô của Target,The sentiment for Target in the given sentence is NEUTRAL.,neutral,,,,0.0,/home/huylkq/repos/nlp/FinABSA-Valid/MODEL/finabsa-other-masked-final_3epoch,Target,ok,neutral,2022-10-20 16:52:54+00:00,2022-10-20
d7d25ba6cb14279c_00,d7d25ba6cb14279c,https://cafef.vn/chung-khoan-hsc-day-manh-bat-day-loat-co-phieu-hpg-tcb-vpb-bao-lai-quy-3-sut-giam-48-20221020161508026.chn,2022-10-20T16:15:22,2022-10-20T17:57:54+07:00,,Chứng khoán HSC báo lãi quý 3 sụt giảm 48%,Giá trị ghi sổ danh mục tự doanh của HSC cuối quý 3 tăng thêm 670 tỷ đồng so với giá trị tại thời điểm cuối quý 2 kề trước.,"HCM: Giá hiện tại Thay đổi Xem hồ sơ doanh nghiệp TIN MỚI Công ty Cổ phần Chứng khoán Thành phố Hồ Chí Minh (HSC, mã chứng khoán: HCM) công bố báo cáo tài chính quý 3/2022 với doanh thu thuần 759 tỷ đồng, giảm 31% so với cùng kỳ và lợi nhuận sau thuế 165 tỷ đồng, giảm 48% so với cùng kỳ năm trước. Nguồn: BCTC ﻿ quý 3/2022 của HSC Trong quý 3, doanh thu từ nghiệp vụ môi giới đạt 168 tỷ đồng, giảm sâu 55% so với cùng kỳ năm trước. Lãi từ cho vay và phải thu tương đương cùng kỳ năm trước, đạt 318 tỷ đồng, chiếm tỷ trọng lớn nhất trong khoản mục doanh thu. Dư nợ cho vay margin tại thời điểm cuối quý 3 đạt 10.928 tỷ đồng, giảm gần 2.800 tỷ đồng so với đầu năm. Tại mảng tự doanh, lãi từ các tài sản tài chính ghi nhận thông qua lãi lỗ đạt 267 tỷ đồng, giảm 32% so với quý 3/2021. Đáng chú ý, giá trị ghi sổ danh mục cổ phiếu niêm yết và giao dịch trên UPCom của HSC cuối quý 3 đạt 960 tỷ đồng, tăng 671 tỷ đồng so với giá trị tại thời điểm cuối quý 2 kề trước . Theo thống kê, công ty đã mua vào lượng lớn cổ phiếu FPT, TCB, HPG, ACB, VHM, VPB, NVL, VCB, STB, VNM,… Ngoài ra, danh mục còn ghi nhận 1.200 tỷ đồng trái phiếu doanh nghiệp. Danh mục tự doanh tại thời điểm cuối quý 3 của HSC Chi phí hoạt động trong quý 3 giảm 22% xuống còn 463 tỷ đồng. Kết quả, HSC báo lãi sau thuế quý 3 đạt 165 tỷ đồng, giảm mạnh 48% so với con số thực hiện trong cùng kỳ năm trước. Lũy kế 9 tháng đầu năm, doanh thu hoạt động HSC giảm 10% xuống 3.015 tỷ đồng, LNST 9 tháng giảm 21% xuống mức 727 tỷ đồng.",HSC,HCM,Ho Chi Minh City Securities,alias,0.98,auto_high_confidence,Chứng khoán Target báo lãi quý 3 sụt giảm 48%,Chứng khoán Target báo lãi quý 3 sụt giảm 48%,FinABSA_target_masked_headline_v1,0,Chứng khoán Target báo lãi quý 3 sụt giảm 48%,The sentiment for Target in the given sentence is NEUTRAL.,neutral,,,,0.0,/home/huylkq/repos/nlp/FinABSA-Valid/MODEL/finabsa-other-masked-final_3epoch,Target,ok,neutral,2022-10-20 16:15:22+00:00,2022-10-20
fe02bc42e5dca66d_00,fe02bc42e5dca66d,https://cafef.vn/co-phieu-msh-giam-sau-chung-khoan-fpt-fts-bao-lo-trong-quy-3-20221020155258637.chn,2022-10-20T15:53:13,,,"Cổ phiếu MSH giảm sâu, Chứng khoán FPT (FTS) báo lỗ trong quý 3",Việc thực hiện đánh giá lại cổ phiếu MSH dẫn đến lãi tài sản tài chính ghi nhận thông qua lãi/lỗ (FVTPL) của FTS âm 154 tỷ đồng.,"FTS: Giá hiện tại Thay đổi Xem hồ sơ doanh nghiệp TIN MỚI CTCP Chứng khoán FPT (FPTS, mã chứng khoán: FTS) vừa công bố báo cáo tài chính quý 3/2022 với doanh thu hoạt động sụt giảm tới 87% so với cùng kỳ năm trước, đạt 54 tỷ đồng, chủ yếu do lãi từ các tài sản tài chính ghi nhận thông qua lãi lỗ (FVTPL) âm 154 tỷ đồng. Sau khi trừ các chi phí, FPTS lỗ trước thuế 35 tỷ đồng trong quý 3/2022, trong khi cùng kỳ lãi 333 tỷ đồng. Lỗ sau thuế ghi nhận hơn 60 tỷ đồng trong khi cùng kỹ lãi đậm 296 tỷ đồng. Nguồn: BCTC quý 3/2022 của FPTS Về các mảng hoạt động, doanh thu môi giới trong kỳ giảm phân nửa xuống còn 76 tỷ đồng trong khi chi phí hoạt động này cũng giảm 36% xuống 45 tỷ đồng. Điều này chủ yếu do thanh khoản TTCK quý 3 giảm mạnh đồng thời FPTS áp dụng chính sách giảm phí môi giới cho khách hàng. Trong quý 3/2022, FPTS đứng thứ 9 trên HoSE về thị phần môi giới cổ phiếu, chứng chỉ quỹ và chứng quyền có đảm bảo với tỷ lệ 2,99%. Thị phần môi giới cổ phiếu của CTCK này trên HNX và UpCOM lần lượt là 3,04% và 3,67%. Lãi từ cho vay và phải thu của FPTS tăng nhẹ 7% so với cùng kỳ lên 120 tỷ đồng. Thời điểm 30/9, các khoản phải thu và cho vay của FPTS đạt 4.820 tỷ đồng, chiếm gần 77% tổng tài sản. Trong đó, dư nợ margin ở mức 4.350 tỷ đồng, gấp 1,5 lần vốn chủ sở hữu; khoản cho vay ứng trước hơn 470 tỷ đồng. Ngược lại, lãi từ các tài sản tài chính ghi nhận thông qua lãi/lỗ (FVTPL) trong quý 3/2022 âm tới 154 tỷ đồng. Theo giải trình, doanh thu tự doanh giảm mạnh chủ yếu do chênh lệch đánh giá lại khoản đầu tư MSH của May Sông Hồng, giá trị cuối quý 3/2022 giảm tới 162 tỷ đồng so với con số quý liền trước, trong khi cùng kỳ năm 2021 lãi 150 tỷ đồng. Thời điểm 30/9, giá trị hợp lý danh mục tự doanh của FPTS tính theo giá trị hợp lý là 578 tỷ đồng, trong đó bao gồm 328 tỷ đồng cổ phiếu MSH. Lũy kế 9 tháng đầu năm 2022, doanh thu hoạt động của FPTS giảm 38% xuống 633 tỷ đồng, lãi sau thuế giảm 66% xuống 228 tỷ đồng. Năm 2022, FPTS tỏ ra thận trọng với chỉ tiêu lợi nhuận trước thuế giảm 6% so với thực hiện năm trước về mức 680 tỷ đồng. Dù vậy sau 9 tháng, công ty mới chỉ hoàn thành gần nửa mục tiêu lợi nhuận cả năm.",FTS,FTS,FPT Securities,alias,0.98,auto_high_confidence,"Cổ phiếu Other giảm sâu, Chứng khoán Other (Target) báo lỗ trong quý 3","Cổ phiếu Other giảm sâu, Chứng khoán Other (Target) báo lỗ trong quý 3",FinABSA_target_masked_headline_v1,0,"Cổ phiếu Other giảm sâu, Chứng khoán Other (Target) báo lỗ trong quý 3",The sentiment for Target in the given sentence is NEUTRAL.,neutral,,,,0.0,/home/huylkq/repos/nlp/FinABSA-Valid/MODEL/finabsa-other-masked-final_3epoch,Target,ok,neutral,2022-10-20 15:53:13+00:00,2022-10-20
fe02bc42e5dca66d_01,fe02bc42e5dca66d,https://cafef.vn/co-phieu-msh-giam-sau-chung-khoan-fpt-fts-bao-lo-trong-quy-3-20221020155258637.chn,2022-10-20T15:53:13,,,"Cổ phiếu MSH giảm sâu, Chứng khoán FPT (FTS) báo lỗ trong quý 3",Việc thực hiện đánh giá lại cổ phiếu MSH dẫn đến lãi tài sản tài chính ghi nhận thông qua lãi/lỗ (FVTPL) của FTS âm 154 tỷ đồng.,"FTS: Giá hiện tại Thay đổi Xem hồ sơ doanh nghiệp TIN MỚI CTCP Chứng khoán FPT (FPTS, mã chứng khoán: FTS) vừa công bố báo cáo tài chính quý 3/2022 với doanh thu hoạt động sụt giảm tới 87% so với cùng kỳ năm trước, đạt 54 tỷ đồng, chủ yếu do lãi từ các tài sản tài chính ghi nhận thông qua lãi lỗ (FVTPL) âm 154 tỷ đồng. Sau khi trừ các chi phí, FPTS lỗ trước thuế 35 tỷ đồng trong quý 3/2022, trong khi cùng kỳ lãi 333 tỷ đồng. Lỗ sau thuế ghi nhận hơn 60 tỷ đồng trong khi cùng kỹ lãi đậm 296 tỷ đồng. Nguồn: BCTC quý 3/2022 của FPTS Về các mảng hoạt động, doanh thu môi giới trong kỳ giảm phân nửa xuống còn 76 tỷ đồng trong khi chi phí hoạt động này cũng giảm 36% xuống 45 tỷ đồng. Điều này chủ yếu do thanh khoản TTCK quý 3 giảm mạnh đồng thời FPTS áp dụng chính sách giảm phí môi giới cho khách hàng. Trong quý 3/2022, FPTS đứng thứ 9 trên HoSE về thị phần môi giới cổ phiếu, chứng chỉ quỹ và chứng quyền có đảm bảo với tỷ lệ 2,99%. Thị phần môi giới cổ phiếu của CTCK này trên HNX và UpCOM lần lượt là 3,04% và 3,67%. Lãi từ cho vay và phải thu của FPTS tăng nhẹ 7% so với cùng kỳ lên 120 tỷ đồng. Thời điểm 30/9, các khoản phải thu và cho vay của FPTS đạt 4.820 tỷ đồng, chiếm gần 77% tổng tài sản. Trong đó, dư nợ margin ở mức 4.350 tỷ đồng, gấp 1,5 lần vốn chủ sở hữu; khoản cho vay ứng trước hơn 470 tỷ đồng. Ngược lại, lãi từ các tài sản tài chính ghi nhận thông qua lãi/lỗ (FVTPL) trong quý 3/2022 âm tới 154 tỷ đồng. Theo giải trình, doanh thu tự doanh giảm mạnh chủ yếu do chênh lệch đánh giá lại khoản đầu tư MSH của May Sông Hồng, giá trị cuối quý 3/2022 giảm tới 162 tỷ đồng so với con số quý liền trước, trong khi cùng kỳ năm 2021 lãi 150 tỷ đồng. Thời điểm 30/9, giá trị hợp lý danh mục tự doanh của FPTS tính theo giá trị hợp lý là 578 tỷ đồng, trong đó bao gồm 328 tỷ đồng cổ phiếu MSH. Lũy kế 9 tháng đầu năm 2022, doanh thu hoạt động của FPTS giảm 38% xuống 633 tỷ đồng, lãi sau thuế giảm 66% xuống 228 tỷ đồng. Năm 2022, FPTS tỏ ra thận trọng với chỉ tiêu lợi nhuận trước thuế giảm 6% so với thực hiện năm trước về mức 680 tỷ đồng. Dù vậy sau 9 tháng, công ty mới chỉ hoàn thành gần nửa mục tiêu lợi nhuận cả năm.",MSH,MSH,,ticker_context_rule,0.95,auto_high_confidence,"Cổ phiếu Target giảm sâu, Chứng khoán Other (Other) báo lỗ trong quý 3","Cổ phiếu Target giảm sâu, Chứng khoán Other (Other) báo lỗ trong quý 3",FinABSA_target_masked_headline_v1,1,"Cổ phiếu Target giảm sâu, Chứng khoán Other (Other) báo lỗ trong quý 3",The sentiment for Target in the given sentence is NEUTRAL.,neutral,,,,0.0,/home/huylkq/repos/nlp/FinABSA-Valid/MODEL/finabsa-other-masked-final_3epoch,Target,ok,neutral,2022-10-20 15:53:13+00:00,2022-10-20
c2b3c445bf237a08_00,c2b3c445bf237a08,https://cafef.vn/bidv-metlife-lien-tiep-duoc-vinh-danh-doanh-nghiep-chau-a-xuat-sac-apea-20221018120658566.chn,2022-10-20T08:00:00,,,BIDV MetLife liên tiếp được vinh danh Doanh nghiệp Châu Á xuất sắc (APEA),"Trong khuôn khổ Giải thưởng Doanh nghiệp Châu Á – APEA 2022, Công ty TNHH Bảo hiểm Nhân thọ BIDV MetLife lần thứ 3 liên tiếp được vinh danh tại hạng mục “Giải thưởng Doanh nghiệp xuất sắc”.","TIN MỚI APEA - Giải thưởng Doanh nghiệp Châu Á là giải thưởng khu vực uy tín nhất, được tổ chức thường niên trên 14 quốc gia và thị trường. Giải thưởng này được đánh giá bởi Tổ chức phi chính phủ hàng đầu châu Á - Enterprise Asia. APEA công nhận các doanh nhân và doanh nghiệp đạt được hiệu quả xuất sắc dựa trên các tiêu chí đánh giá nghiêm ngặt, xếp hạng cạnh tranh cao, với quy trình bình chọn và đánh giá chuẩn mực. Enterprise Asia theo dõi hơn 120.000 công ty thuộc 24 ngành nghề khác nhau để xác định các phương pháp hay nhất, giúp thúc đẩy kinh doanh có trách nhiệm và tôn vinh sự xuất sắc trong kinh doanh. Được vinh danh lần thứ 3 liên tiếp tại hạng mục ""Giải thưởng Doanh nghiệp xuất sắc"", BIDV MetLife một lần nữa chứng minh thành tích xuất sắc và sự bền bỉ trong định hướng phát triển doanh nghiệp gắn với các hoạt động trách nhiệm xã hội. Đây chính là các yếu tố đã khiến Ban cố vấn APEA một lần nữa bị thuyết phục. Theo một báo cáo gần đây, chỉ 11% dân số Việt Nam có bảo hiểm nhân thọ. Con số này dự kiến tăng lên 15% vào năm 2025. Việt Nam còn là thị trường đang phát triển rất nhanh với cơ cấu dân số trẻ. Đây là cơ hội hoàn hảo cho ngành bảo hiểm nói chung và BIDV MetLife nói riêng. Dân số Việt Nam đang khoảng 100 triệu người và bảo hiểm nhân thọ ngày càng được quan tâm tìm hiểu. Cùng với sự phát triển của nền kinh tế - xã hội nói chung, khi tầng lớp trung lưu, đặc biệt là giới trẻ có thu nhập ngày một cao, thì đó là lúc họ bắt đầu nhận ra nhu cầu tiết kiệm và sở hữu các sản phẩm bảo vệ, hưu trí dài hạn. Tất cả điều này sẽ giúp ngành bảo hiểm Việt Nam tăng trưởng dài hạn. Lấy khách hàng làm trọng tâm chính là kim chỉ nam cho hoạt động của MetLife toàn cầu và của BIDV MetLife tại thị trường Việt Nam. Các chương trình tuần lễ dịch vụ khách hàng quy mô lớn thường xuyên được tổ chức, giúp khách hàng tận hưởng cuộc sống ở tất cả các khía cạnh: Gia đình, thể thao, văn hoá, giải trí và cả tâm thức. Trong tuần lễ này, hàng loạt hoạt động được triển khai giúp hướng khách hàng tới các khoảnh khắc thử thách nhất trong cuộc sống, để kiểm tra về cảm xúc, thái độ cũng như các phương án đối phó cần thiết. Ngoài ra, khách hàng cũng có thể được gặp những diễn giả nổi tiếng truyền cảm hứng đầy năng lượng và tình yêu trong các buổi chia sẻ. Ban lãnh đạo BIDV MetLife tại Lễ trao giải. ""BIDV MetLife rất vinh dự và tự hào khi được nhận giải thưởng này lần thứ 3 liên tiếp. Đây là những ghi nhận về đóng góp của BIDV MetLife đối với cộng đồng và khách hàng, chúng tôi luôn hoạt động với tôn chỉ: Đồng hành cùng bạn, xây dựng một tương lai vững vàng hơn"", ông Gaurav Sharma, Tổng Giám đốc BIDV MetLife cho biết. Mục tiêu của BIDV MetLife là được phục vụ hàng triệu người Việt Nam trong tương lai. Do vậy, việc áp dụng công nghệ và dịch vụ kỹ thuật số đã được triển khai đồng bộ và cập nhật liên tục. Tháng tám vừa qua, BIDV MetLife đã ra mắt cổng thông tin khách hàng MetCare. Cổng thông tin này mang đến những tiện ích vượt trội cho người dùng, giúp các khách hàng của công ty thực hiện các thao tác đăng ký, truy cập thông tin về hợp đồng, chính sách và dịch vụ dễ dàng hơn. ""BIDV MetLife cam kết luôn sát cánh, hỗ trợ các cá nhân và gia đình Việt Nam đảm bảo sự an toàn tài chính và bình an cuộc sống ở các giai đoạn khác nhau trong cuộc đời. Chúng tôi cũng cam kết sẽ tiếp tục đồng hành và tạo ra những phương thức quản lý đơn giản, dễ dàng tiếp cận hơn. Tất cả vì mục tiêu mang lại trải nghiệm ngày càng xuất sắc cho khách hàng trong những năm tiếp theo"", ông Gaurav Sharma chia sẻ thêm.",BID,BID,BIDV,alias,0.98,auto_high_confidence,TargetV MetLife liên tiếp được vinh danh Doanh nghiệp Châu Á xuất sắc (Other),TargetV MetLife liên tiếp được vinh danh Doanh nghiệp Châu Á xuất sắc (Other),FinABSA_target_masked_headline_v1,0,TargetV MetLife liên tiếp được vinh danh Doanh nghiệp Châu Á xuất sắc (Other),The sentiment for Target in the given sentence is NEUTRAL.,neutral,,,,0.0,/home/huylkq/repos/nlp/FinABSA-Valid/MODEL/finabsa-other-masked-final_3epoch,Target,ok,neutral,2022-10-20 08:00:00+00:00,2022-10-20
8df684ae5dbb93ad_00,8df684ae5dbb93ad,https://cafef.vn/hoa-chat-duc-giang-dgc-lai-hon-4900-ty-dong-sau-9-thang-gap-4-lan-cung-ky-vuot-50-ke-hoach-loi-nhuan-ca-nam-20221019162721917.chn,2022-10-19T16:27:34,,,"Hoá chất Đức Giang (DGC) lãi hơn 4.900 tỷ đồng sau 9 tháng, gấp 4 lần cùng kỳ, vượt 50% kế hoạch lợi nhuận cả năm","Riêng quý 3/2022, DGC lãi sau thuế là 1.514 tỷ đồng; lãi ròng gần 1.414 tỷ đồng, gấp gần 3 lần con số của quý 3 năm trước.","DGC: Giá hiện tại Thay đổi Xem hồ sơ doanh nghiệp TIN MỚI CTCP Tập đoàn Hoá chất Đức Giang (mã chứng khoán: DGC) vừa công bố báo cáo tài chính hợp nhất quý 3/2022. Trong quý vừa qua, DGC đạt doanh thu thuần 3.696 tỷ đồng, tăng 75% so với cùng kỳ năm 2021. Doanh thu tăng cao dẫn đến lợi nhuận gộp của DGC đạt 1.646 tỷ đồng, cao gấp 2,6 lần cùng kỳ, biên lợi nhuận gộp cũng tăng từ 30% lên 45%. Doanh thu từ hoạt động tài chính của DGC trong quý 3 tăng 255% lên 144 tỷ đồng, trong khi chi phí tài chính tăng nhẹ hơn 38% lên 15 tỷ đồng. Phần lớn chi phí của DGC đến từ chi phí bán hàng. Trong quý 3, chi phí bán hàng của DGC là 145 tỷ đồng, tăng 18% còn chi phí quản lý doanh nghiệp tăng 11% lên 34 tỷ đồng. Kết quả, lợi nhuận trước thuế quý 3 của DGC là 1.596 tỷ đồng, tăng hơn 3 lần so với cùng kỳ; lãi sau thuế là 1.514 tỷ đồng; lãi ròng gần 1.414 tỷ đồng, gấp gần 3 lần con số của quý 3/2021. Luỹ kế 9 tháng đầu năm, DGC ghi nhận doanh thu thuần đạt 11.333 tỷ đồng và lãi sau thuế 4.917 tỷ đồng, cao gấp 4,4 lần cùng kỳ năm ngoái. Năm 2022, Đức Giang đặt mục tiêu doanh thu 12.117 tỷ đồng và lợi nhuận sau thuế 3.500 tỷ đồng. Như vậy, sau 9 tháng, DGC đã hoàn thành 94% kế hoạch doanh thu và bỏ xa hơn 40% kế hoạch lợi nhuận sau thuế. Lãi cơ bản trên cổ phiếu (EPS) trong 9 tháng đầu năm tăng lên mức 11.225 đồng/cp. Nguồn: BCTC quý 3/2022 hợp nhất của DGC Tính đến hết ngày 30/9/2022, tổng tài sản của DGC đạt 12.752 tỷ đồng, tăng hơn 4.200 tỷ tương ứng gần 50% so với đầu năm. Tổng nợ là 1.77 tỷ đồng, tiếp tục giảm so với cuối quý 2 và tổng cộng giảm 411 tỷ đồng so với đầu năm, trong đó chỉ có 100 triệu nợ dài hạn từ quỹ phát triển khoa học và công nghệ còn lại là nợ ngắn hạn. DGC còn hơn 5.193 tỷ đồng LNST chưa phân phối. Phiên giao dịch ngày 19/10, cổ phiếu DGC đạt 81.500 đồng/cp.",DGC,DGC,Duc Giang Chemicals,alias,0.98,auto_high_confidence,"Hoá chất Đức Giang (Target) lãi hơn 4.900 tỷ đồng sau 9 tháng, gấp 4 lần cùng kỳ, vượt 50% kế hoạch lợi nhuận cả năm","Hoá chất Đức Giang (Target) lãi hơn 4.900 tỷ đồng sau 9 tháng, gấp 4 lần cùng kỳ, vượt 50% kế hoạch lợi nhuận cả năm",FinABSA_target_masked_headline_v1,0,"Hoá chất Đức Giang (Target) lãi hơn 4.900 tỷ đồng sau 9 tháng, gấp 4 lần cùng kỳ, vượt 50% kế hoạch lợi nhuận cả năm",The sentiment for Target in the given sentence is NEUTRAL.,neutral,,,,0.0,/home/huylkq/repos/nlp/FinABSA-Valid/MODEL/finabsa-other-masked-final_3epoch,Target,ok,neutral,2022-10-19 16:27:34+00:00,2022-10-19
b7c4ef2ba79daf11_00,b7c4ef2ba79daf11,https://cafef.vn/tang-ty-gia-usd-vnd-han-che-den-nhap-khau-tich-cuc-cho-xuat-khau-20221019093903303.chn,2022-10-19T13:31:00,,,"Tăng tỷ giá USD/VND hạn chế đến nhập khẩu, tích cực cho xuất khẩu","Các nhà nhập khẩu sẽ chịu tác động nhất định khi tỷ giá tăng với những hợp đồng đã ký từ trước, nhưng các nhà xuất khẩu sẽ có cơ hội tăng lợi thế cạnh tranh.","TIN MỚI Thời gian gần đây, Ngân hàng Nhà nước (NHNN) đã có động thái tăng biên độ tỷ giá đồng USD , nhiều người quan tâm đến việc làm này sẽ tác động như thế nào đến nền kinh tế trong ngắn hạn cũng như dài hạn. Trao đổi về vấn đề này, PGS.TS. Nguyễn Đức Thành, Giám đốc Trung tâm Nghiên cứu Kinh tế và Chiến lược Việt Nam (VESS) cho biết, việc NHNN điều chỉnh tăng tỷ giá đồng USD là một việc làm được ủng hộ. Bởi vì trước đó, trong suốt một thời gian dài, ngay từ khi đồng USD tăng giá trên toàn cầu, NHNN đã có nhiều nỗ lực trong việc giữ ổn định tỷ giá, nhằm giữ ổn định cho những biến số khác của nền kinh tế trong một thời gian nhất định. PGS.TS. Nguyễn Đức Thành (cầm mic) cho rằng, NHNN điều chỉnh tăng tỷ giá đồng USD là một việc làm phù hợp, được ủng hộ. Tuy nhiên, việc giữ ổn định tỷ giá sẽ tạo nên những chi phí rất lớn cho bản thân NHNN cũng như cho nền kinh tế Việt Nam. Đặc biệt trong bối cảnh hiện nay, khi đồng USD vẫn đang mạnh lên trên toàn cầu, các nền kinh tế ngoài nước Mỹ và đặc biệt là các nền kinh tế mạnh xung quanh Việt Nam đã để cho đồng nội tệ của họ yếu đi, điều này vô hình chung đã để cho đồng USD tăng lên một cách thực sự cho phù hợp với diễn biến chung. Chính vì vậy, Việt Nam cũng phải đi theo xu hướng của nhiều quốc gia, nếu không sẽ mất đi vị thế cạnh tranh giữa nền kinh tế Việt Nam với các nền kinh tế khu vực, và việc sớm muộn cũng phải thay đổi tỷ giá là động thái phù hợp. “Việc NHNN tăng biên độ tỷ giá đồng USD sẽ có tác động trong ngắn hạn, đó là có thể gây ra một số xáo trộn hơi tiêu cực về mặt tâm lý đối với những nhóm bị ảnh hưởng trực tiếp do tỷ giá. Vì dụ như những món nợ nước ngoài, hay ảnh tỷ giá hưởng nhất định đến các nhà nhập khẩu hàng hóa , nguyên phụ liệu khi có sẵn những hợp đồng đã ký trước đó”, PGS.TS. Nguyễn Đức Thành chỉ ra. Nhưng ngược lại theo PGS.TS. Nguyễn Đức Thành, trong dài hạn, khi thị trường hối đoái được điều chỉnh phù hợp hơn sẽ tạo ra tính tích cực lớn hơn về dòng chảy đối với các nhà xuất khẩu, họ sẽ lấy lại được sự cạnh tranh trong khi đồng tiền trong nước yếu đi. “Ngoài ra, khi những kỳ vọng cũng như những diễn biến khác trong nền kinh tế được giải tỏa, các tổ chức, doanh nghiệp sẽ có cơ hội sắp xếp lại để chuẩn bị các phương án đầu tư trong môi trường mới ổn định hơn. Giữa việc đánh đổi trong ngắn hạn và dài hạn này, NHNN đã chọn con đường đúng, tạo ra sự ổn định kinh tế vĩ mô trong dài hạn”, PGS.TS. Nguyễn Đức Thành nhìn nhận./. Nới biên độ tỷ giá USD/VND, tiếp theo sẽ là gì?",VND,VND,VNDIRECT,alias,0.98,auto_high_confidence,"Tăng tỷ giá USD/Target hạn chế đến nhập khẩu, tích cực cho xuất khẩu","Tăng tỷ giá USD/Target hạn chế đến nhập khẩu, tích cực cho xuất khẩu",FinABSA_target_masked_headline_v1,0,"Tăng tỷ giá USD/Target hạn chế đến nhập khẩu, tích cực cho xuất khẩu",The sentiment for Target in the given sentence is NEUTRAL.,neutral,,,,0.0,/home/huylkq/repos/nlp/FinABSA-Valid/MODEL/finabsa-other-masked-final_3epoch,Target,ok,neutral,2022-10-19 13:31:00+00:00,2022-10-19
03c76301d65a04fe_00,03c76301d65a04fe,https://cafef.vn/chung-khoan-vix-pho-chu-tich-hdqt-tiep-nhan-chuc-vu-chu-tich-hdqt-20221019123737402.chn,2022-10-19T13:30:00,2022-10-19T14:46:25+07:00,,Chứng khoán VIX: Phó chủ tịch HĐQT tiếp nhận chức vụ Chủ tịch HĐQT,"Ngày 19/10/2022, Công ty cổ phần Chứng khoán VIX (mã VIX) vừa có thông báo liên quan tới nhân sự cấp cao của công ty. Người đảm nhiệm vị trí tân Chủ tịch Hội đồng quản trị tại VIX là bà Nguyễn Thị Tuyết. Hiện bà Tuyết đang là Phó chủ tịch VIX.","VIX: Giá hiện tại Thay đổi Xem hồ sơ doanh nghiệp TIN MỚI Công ty cổ phần Chứng khoán VIX (mã VIX) vừa có thông báo, người đảm nhiệm vị trí tân Chủ tịch Hội đồng quản trị tại VIX là bà Nguyễn Thị Tuyết. Hiện bà Tuyết đang là Phó chủ tịch VIX. Cụ thể, Hội đồng quản trị đã nhất trí bầu bà Nguyễn Thị Tuyết làm Chủ tịch HĐQT từ ngày 02/11/2022, cho thời gian còn lại của nhiệm kỳ 2021- 2026. Đồng thời, Hội đồng quản trị cũng quyết định bổ nhiệm ông Trương Ngọc Lân làm Tổng Giám đốc Công ty cổ phần Chứng khoán VIX kể từ ngày 19/10/2022. Ông Trương Ngọc Lân đã tốt nghiệp sau Đại học trường City University London, UK chuyên ngành Toán – Thống kê – Định phí bảo hiểm, tốt nghiệp thạc sỹ chuyên ngành Quản trị kinh doanh của trường Đại học Western Pacific University, USA. Ông Lân đã có nhiều năm kinh nghiệm làm quản lý khác nhau ở các vị trí trên thị trường tài chính, chứng khoán. Ông Lân từng làm Phó Tổng Giám đốc Công ty quản lý quỹ An Bình và Tổng Giám đốc CTCP Chứng khoán An Bình trước khi quyết định chuyển về Chứng khoán VIX. Cùng với việc bổ nhiệm Tổng giám đốc mới thì Hội đồng quản trị VIX cũng bổ nhiệm ông Thái Hoàng Long giữ chức danh Phó Tổng Giám đốc Công ty Cổ phần Chứng khoán VIX cũng từ ngày 19/10/2022. Gia nhập và gắn bó với ngành chứng khoán từ năm 2008 đến nay, ông đã trải qua gần 15 năm xây dựng và điều hành tại các công ty chứng khoán tên tuổi. Ông Long từng là lãnh đạo cấp cao Tổng Giám đốc của Công ty cổ phần Chứng khoán Nhất Việt, và Phó Tổng Giám đốc Chứng khoán Ngân hàng VietinBank. Trước đó, ông Long đã có nhiều năm kinh nghiệm công tác ở các công ty trong lĩnh vực tài chính, chứng khoán. Với kinh nghiệm công tác dày dặn, phong phú, đa lĩnh vực từ tài chính, chứng khoán, đầu tư.... Bộ máy lãnh đạo mới được kỳ vọng sẽ mang tới năng lượng tích cực, tạo hiệu quả cao cho hoạt động của Chứng khoán VIX trong thời gian tới.",VIX,VIX,VIX Securities,alias,0.98,auto_high_confidence,Chứng khoán Target: Phó chủ tịch HĐQT tiếp nhận chức vụ Chủ tịch HĐQT,Chứng khoán Target: Phó chủ tịch HĐQT tiếp nhận chức vụ Chủ tịch HĐQT,FinABSA_target_masked_headline_v1,0,Chứng khoán Target: Phó chủ tịch HĐQT tiếp nhận chức vụ Chủ tịch HĐQT,The sentiment for Target in the given sentence is NEUTRAL.,neutral,,,,0.0,/home/huylkq/repos/nlp/FinABSA-Valid/MODEL/finabsa-other-masked-final_3epoch,Target,ok,neutral,2022-10-19 13:30:00+00:00,2022-10-19
fdfe5eaebc31396e_00,fdfe5eaebc31396e,https://cafef.vn/ngan-hang-rao-ban-du-thuyen-trieu-do-cua-flc-2022101911275202.chn,2022-10-19T11:40:29,,,Ngân hàng rao bán du thuyền triệu đô của FLC,"Ngân hàng TMCP Đầu tư và Phát triển Việt Nam (BIDV Quy Nhơn) vừa có thông báo lựa chọn tổ chức đấu giá du thuyền FLC Albatross. Du thuyền này có giá 3 triệu USD, tương đương khoảng gần 70 tỷ đồng.","TIN MỚI Cụ thể, tài sản cần đấu giá là phương tiện thủy nội địa FLC Albatross mang biển kiểm soát HN-2014 được đóng ở Ba Lan năm 2017. Tài sản này hiện đang ở TPHCM. Du thuyền này có chiều dài thiết kế 16,62 m; Chiều dài lớn nhất 21,95 m. Chiều rộng thiết kế 4,88 m; Chiều rộng lớn nhất 5,25 m. Chiều cao mạn 3,15 m; Chiều chìm 1,15 m. Mạn khô 2,000 m; Vật liệu vỏ FRP. Được biết, FLC Albatross thuộc Công ty TNHH Đầu tư Du thuyền - Sân Golf FLC Biscom . Theo FLC, FLC Albatross thuộc dòng Galeon 660 Fly do Galeon, một trong những thương hiệu du thuyền hàng đầu châu Âu sản xuất. Là dòng sản phẩm du thuyền khá đặc thù được phát triển dựa trên phiên bản du thuyền rất thành công khác là Galeon 640 Fly với nhiều cải tiến và nâng cấp mới mẻ, Galeon 660 Fly có giá lên tới 3 triệu USD, tương đương khoảng gần 70 tỷ đồng. Du thuyền FLC Albatross có giá gần 70 tỷ đồng. FLC Albatross được tạo nên từ chất liệu hợp kim đặc trưng, với những vòm cửa sổ thoáng rộng và lớp cửa kính trong vắt để khoang thuyền luôn tràn ngập ánh sáng thiên nhiên. Trong đó, nội thất du thuyền cũng được thiết kế với chất liệu cao cấp với khoang chính ở bên trên khá rộng. Đây là khu vực gồm vị trí lái chính, quầy ăn tối và giải trí. Bên dưới là 4 phòng ngủ sang trọng, tối ưu sự riêng tư cùng tiện nghi chuẩn mực 5 sao không hề thua kém các khách sạn hạng sang. Trước đó ngày 8/9, ngân hàng BIDV Quy Nhơn cũng thu giữ tài sản bảo đảm là ô tô con 5 chỗ hiệu Rolls-Royce của Công ty CP Xây dựng FLC Faros (ROS) để xử lý nợ và đem đấu giá khởi điểm 10 tỷ đồng. Được biết, đây là chiếc Rolls-Royce Ghost mạ vàng của ông Trịnh Văn Quyết - cựu Chủ tịch Tập đoàn FLC - vừa bị ""xộ khám"". Mới đây, Ngân hàng TMCP Phương Đông cũng vừa thông báo về việc lựa chọn tổ chức bán đấu giá tài sản là xe ô tô nhãn hiệu Rolls-Royce của Công ty FLC Land. OCB đưa ra mức giá khởi điểm cho chiếc siêu xe này là hơn 28 tỷ đồng. Sắp bán đấu giá thêm 1 siêu xe của ông Trịnh Văn Quyết, khởi điểm 28 tỷ đồng",FLC,FLC,FLC Group,alias,0.98,auto_high_confidence,Ngân hàng rao bán du thuyền triệu đô của Target,Ngân hàng rao bán du thuyền triệu đô của Target,FinABSA_target_masked_headline_v1,0,Ngân hàng rao bán du thuyền triệu đô của Target,The sentiment for Target in the given sentence is NEUTRAL.,neutral,,,,0.0,/home/huylkq/repos/nlp/FinABSA-Valid/MODEL/finabsa-other-masked-final_3epoch,Target,ok,neutral,2022-10-19 11:40:29+00:00,2022-10-19
b065e2aa5227fc34_00,b065e2aa5227fc34,https://cafef.vn/hose-co-phieu-amd-cua-dau-tu-va-khoang-san-flc-stone-chi-duoc-giao-dich-phien-chieu-tu-ngay-24-10-20221018153948069.chn,2022-10-18T15:39:54,,,HoSE: Cổ phiếu AMD của Đầu tư và Khoáng sản FLC Stone chỉ được giao dịch phiên chiều từ ngày 24/10,"(Tổ Quốc) -  Tính tới thời điểm hiện tại, toàn bộ cổ phiếu 'họ FLC' đều đã bị hạn chế hoặc đình chỉ giao dịch, thậm chí bị hủy niêm yết bắt buộc.","AMD: Giá hiện tại Thay đổi Xem hồ sơ doanh nghiệp TIN MỚI Sở Giao dịch Chứng khoán Tp.HCM (HoSE) vừa quyết định chuyển cổ phiếu AMD của Công ty cổ phần Đầu tư và Khoáng sản FLC Stone từ diện kiểm soát sang diện hạn chế giao dịch từ ngày 24/10. Như vậy, cổ phiếu AMD sẽ chỉ được giao dịch trong phiên chiều của ngày giao dịch theo phương thức khớp lệnh tập trung và thỏa thuận kể từ ngày 24/10. Nguyên nhân FLC Stone chậm nộp báo cáo tài chính soát xét bán niên năm 2022 quá 45 ngày so với thời hạn quy định, thuộc trường hợp chứng khoán bị hạn chế giao dịch theo quy định tại điểm a khoản 1 Điều 39 Quy chế Niêm yết và giao dịch chứng khoán niêm yết ban hành theo Quyết định số 17/QĐ-HĐTV ngày 31/3/2022 của Hội đồng Thành viên Sở Giao dịch Chứng khoán Việt Nam. Trước đó, kể từ ngày 6/10, HoSE cũng đã ra quyết định chuyển cổ phiếu AMD từ diện cảnh báo sang diện kiểm soát do doanh nghiệp chậm nộp báo cáo tài chính soát xét bán niên năm 2022 quá 30 ngày so với thời hạn quy định. Trong văn bản giải trình sau đó, FLC Stone cho biết đã và đang nỗ lực hết sức tìm kiếm và thuyết phục đơn vị kiểm toán đủ năng lực và chuyên môn để thực hiện BCTC soát xét bán niên năm 2022. Tuy nhiên, các đơn vị kiểm toán vẫn từ chối hợp tác với công ty mặc dù công ty đã khẳng định và cam kết cổ đông Trịnh Văn Quyết không là cổ đông, không tham gia điều hành và chỉ đạo hoạt động quản trị, công ty FLC Stone cũng không tham gia kinh doanh, đầu tư chứng khoán mà hiện nay cơ quan điều tra đang thực hiện. Về hướng giải quyết, FLC Stone cam kết nỗ lực hết sức để tìm đơn vị kiểm toán trong thời gian nhanh nhất và nhanh chóng công bố thông tin về BCTC sau khi hoàn thành. Trên thị trường, cổ phiếu AMD sau chuỗi giảm sâu từ đầu năm đang có nhịp tăng tốt, 3 phiên gần nhất đều tăng trần, kết phiên 17/10 lên mức 1.580 đồng/cổ phiếu, giảm 85% so với đỉnh đạt được hồi phiên đầu năm. Như vậy, tính tới thời điểm hiện tại, các cổ phiếu ""họ FLC"" đều đã bị hạn chế hoặc đình chỉ hoàn toàn giao dịch. Cụ thể, cổ phiếu ROS bị hủy niêm yết bắt buộc trên HoSE; hai mã FLC và HAI bị đình chỉ giao dịch, còn lại 4 mã GAB, KLF, ART và AMD đều bị hạn chế giao dịch.",FLC,FLC,FLC Group,alias,0.98,auto_high_confidence,HoSE: Cổ phiếu Other của Đầu tư và Khoáng sản Target Stone chỉ được giao dịch phiên chiều từ ngày 24/10,HoSE: Cổ phiếu Other của Đầu tư và Khoáng sản Target Stone chỉ được giao dịch phiên chiều từ ngày 24/10,FinABSA_target_masked_headline_v1,0,HoSE: Cổ phiếu Other của Đầu tư và Khoáng sản Target Stone chỉ được giao dịch phiên chiều từ ngày 24/10,The sentiment for Target in the given sentence is NEUTRAL.,neutral,,,,0.0,/home/huylkq/repos/nlp/FinABSA-Valid/MODEL/finabsa-other-masked-final_3epoch,Target,ok,neutral,2022-10-18 15:39:54+00:00,2022-10-18
b065e2aa5227fc34_01,b065e2aa5227fc34,https://cafef.vn/hose-co-phieu-amd-cua-dau-tu-va-khoang-san-flc-stone-chi-duoc-giao-dich-phien-chieu-tu-ngay-24-10-20221018153948069.chn,2022-10-18T15:39:54,,,HoSE: Cổ phiếu AMD của Đầu tư và Khoáng sản FLC Stone chỉ được giao dịch phiên chiều từ ngày 24/10,"(Tổ Quốc) -  Tính tới thời điểm hiện tại, toàn bộ cổ phiếu 'họ FLC' đều đã bị hạn chế hoặc đình chỉ giao dịch, thậm chí bị hủy niêm yết bắt buộc.","AMD: Giá hiện tại Thay đổi Xem hồ sơ doanh nghiệp TIN MỚI Sở Giao dịch Chứng khoán Tp.HCM (HoSE) vừa quyết định chuyển cổ phiếu AMD của Công ty cổ phần Đầu tư và Khoáng sản FLC Stone từ diện kiểm soát sang diện hạn chế giao dịch từ ngày 24/10. Như vậy, cổ phiếu AMD sẽ chỉ được giao dịch trong phiên chiều của ngày giao dịch theo phương thức khớp lệnh tập trung và thỏa thuận kể từ ngày 24/10. Nguyên nhân FLC Stone chậm nộp báo cáo tài chính soát xét bán niên năm 2022 quá 45 ngày so với thời hạn quy định, thuộc trường hợp chứng khoán bị hạn chế giao dịch theo quy định tại điểm a khoản 1 Điều 39 Quy chế Niêm yết và giao dịch chứng khoán niêm yết ban hành theo Quyết định số 17/QĐ-HĐTV ngày 31/3/2022 của Hội đồng Thành viên Sở Giao dịch Chứng khoán Việt Nam. Trước đó, kể từ ngày 6/10, HoSE cũng đã ra quyết định chuyển cổ phiếu AMD từ diện cảnh báo sang diện kiểm soát do doanh nghiệp chậm nộp báo cáo tài chính soát xét bán niên năm 2022 quá 30 ngày so với thời hạn quy định. Trong văn bản giải trình sau đó, FLC Stone cho biết đã và đang nỗ lực hết sức tìm kiếm và thuyết phục đơn vị kiểm toán đủ năng lực và chuyên môn để thực hiện BCTC soát xét bán niên năm 2022. Tuy nhiên, các đơn vị kiểm toán vẫn từ chối hợp tác với công ty mặc dù công ty đã khẳng định và cam kết cổ đông Trịnh Văn Quyết không là cổ đông, không tham gia điều hành và chỉ đạo hoạt động quản trị, công ty FLC Stone cũng không tham gia kinh doanh, đầu tư chứng khoán mà hiện nay cơ quan điều tra đang thực hiện. Về hướng giải quyết, FLC Stone cam kết nỗ lực hết sức để tìm đơn vị kiểm toán trong thời gian nhanh nhất và nhanh chóng công bố thông tin về BCTC sau khi hoàn thành. Trên thị trường, cổ phiếu AMD sau chuỗi giảm sâu từ đầu năm đang có nhịp tăng tốt, 3 phiên gần nhất đều tăng trần, kết phiên 17/10 lên mức 1.580 đồng/cổ phiếu, giảm 85% so với đỉnh đạt được hồi phiên đầu năm. Như vậy, tính tới thời điểm hiện tại, các cổ phiếu ""họ FLC"" đều đã bị hạn chế hoặc đình chỉ hoàn toàn giao dịch. Cụ thể, cổ phiếu ROS bị hủy niêm yết bắt buộc trên HoSE; hai mã FLC và HAI bị đình chỉ giao dịch, còn lại 4 mã GAB, KLF, ART và AMD đều bị hạn chế giao dịch.",AMD,AMD,,ticker_context_rule,0.95,auto_high_confidence,HoSE: Cổ phiếu Target của Đầu tư và Khoáng sản Other Stone chỉ được giao dịch phiên chiều từ ngày 24/10,HoSE: Cổ phiếu Target của Đầu tư và Khoáng sản Other Stone chỉ được giao dịch phiên chiều từ ngày 24/10,FinABSA_target_masked_headline_v1,1,HoSE: Cổ phiếu Target của Đầu tư và Khoáng sản Other Stone chỉ được giao dịch phiên chiều từ ngày 24/10,The sentiment for Target in the given sentence is NEUTRAL.,neutral,,,,0.0,/home/huylkq/repos/nlp/FinABSA-Valid/MODEL/finabsa-other-masked-final_3epoch,Target,ok,neutral,2022-10-18 15:39:54+00:00,2022-10-18
f2f329a36ffd15bd_00,f2f329a36ffd15bd,https://cafef.vn/ocb-nhan-hang-tram-codotel-can-khach-san-biet-thu-cua-flc-de-thay-the-nghia-vu-tra-no-20221018095817107.chn,2022-10-18T09:58:00,2022-10-20T16:13:42+07:00,,"Hàng loạt căn Codotel, khách sạn, biệt thự của FLC tiếp tục được dùng làm tài sản đảm bảo tại ngân hàng OCB",CTCP Đầu tư và phát triển Bình Định đã mua lại trước hạn một phần trái phiếu mà OCB đang là trái chủ và dùng 84 căn hộ khách sạn tại FLC Quy Nhơn để thay thế nghĩa vụ trả nợ.,"FLC: Giá hiện tại Thay đổi Xem hồ sơ doanh nghiệp TIN MỚI Báo cáo quản trị 6 tháng đầu năm 2022 của Ngân hàng TMCP Phương Đông ( OCB ) tiết lộ những tài sản đảm bảo thuộc các dự án của FLC được dùng để thay thế nghĩa vụ trả nợ cho các công ty có liên quan đến FLC. Cụ thể: - 97 căn Condotel và 81 căn khách sạn (trong đó có 2 căn tổng thống ở tầng 15) tại khách sạn Grand Hotel ở Sầm Sơn, Thanh Hóa để thay thế nghĩa vụ trả nợ cho Công ty cổ phần Xây dựng FLC Faros (ROS) và nhóm khách hàng liên quan. - Thửa đất số 560 tờ bản đồ số 15 tại Vĩnh Thịnh, Vĩnh Tường, Vĩnh Phúc để thay thế nghĩa vụ trả nợ của Công ty cổ phần FLC Travel, FLC Land và Bamboo Airways. - Biệt thự nghỉ dưỡng khu Fusion (67 căn) và khu Courtyard Bungalow (102 căn) thuộc KĐT du lịch sinh thái FLC tại Sầm Sơn, Thanh Hóa để thay thế một phần nghĩa vụ trả nợ của Bamboo Airways - 9 lô biệt thự tại Khu đô thị du lịch sinh thái FLC (p.Quảng Cư, thành phố Sầm Sơn, tỉnh Thanh Hóa) để thay thế nghĩa vụ trả nợ đối với Công ty cổ phần đầu tư và XNK CFS và nhóm khách hàng liên quan. - 84 căn hộ khách sạn Coastal Hull thuộc quần thể du lịch FLC Quy Nhơn để tổ chức phát hành trái phiếu là Công ty cổ phần Đầu tư và phát triển Bình Định mua lại trước hạn một phần trái phiếu tương ứng mà OCB đang là trái chủ nêu tại tờ trình số 287.2022.TT-TGĐ ngày 29/04/2022 của Tổng giám đốc. Tuy nhiên, theo thông tin từ phía đại diện OCB cung cấp cho Doanhnhan.vn, ngay sau đó FLC đã thu xếp được nguồn tiền, trả nợ và tiến hành mua lại trước hạn một phần trái phiếu nên OCB không thực hiện các điều khoản như nghị quyết ban hành, cụ thể là không thực hiện gán nợ đối với các dự án này. Đáng chú ý trong các giao dịch trên là hoạt động mua lại trước hạn một phần trái phiếu rồi dùng 84 căn hộ khách sạn tại FLC Quy Nhơn để làm tài sản đảm bảo thay thế nghĩa vụ trả nợ cho khoản vay mới tại OCB của Công ty cổ phần Đầu tư và phát triển Bình Định. Công ty cổ phần Đầu tư và phát triển Bình Định được thành lập năm 2017 tại Bình Định, hoạt động chính trong lĩnh vực kinh doanh bất động sản, do bà Vũ Thị Minh Huệ là người đại diện pháp luật. Công ty này tiền thân là Công ty TNHH Đầu tư và Phát triển FLC Faros Bình Định do Công ty cổ phần Xây dựng FLC Faros (ROS) sở hữu 100% vốn điều lệ và Chủ tịch kiêm người đại diện theo pháp luật là bà Vũ Đặng Hải Yến. Khi đó, FLC Faros Bình Định là chủ đầu tư dự án Khu đô thị chức năng FLC Lux City Quy Nhơn có vốn đầu tư 600 tỷ đồng tại Phân khu số 6, Khu Đô thị du lịch sinh thái Nhơn Hội thuộc Khu kinh tế Nhơn Hội, TP. Quy Nhơn. Tháng 10/2018, FLC Faros Bình Định đổi tên thành Công ty cổ phần Đầu tư và phát triển Bình Định, thay người đại diện theo pháp luật sang bà Huệ và sau đó tăng vốn lên mức 500 tỷ đồng. Tới thời điểm cuối năm 2018, ROS không còn ghi nhận FLC Faros Bình Định (Đầu tư và phát triển Bình Định) là công ty con sở hữu 100% vốn trên báo cáo tài chính hợp nhất đã kiểm toán. Theo dữ liệu trên sở giao dịch chứng khoán Hà Nội (HNX), vào tháng 6 và tháng 7 năm 2019, Công ty cổ phần Đầu tư và phát triển Bình Định đã phát hành 2 đợt trái phiếu, huy động lần lượt 100 tỷ đồng và 200 tỷ đồng, đều đã đáo hạn. Lô trái phiếu riêng lẻ phát hành tháng 6/2020 huy động 200 tỷ có kỳ hạn 5 năm với lãi suất 11,5% do Công ty cổ phần Chứng khoán Quốc tế Việt Nam (VIS) làm tư vấn và đại lý phát hanh, Ngân hàng OCB là tổ chức quản lý tài khoản trái phiếu, bảo lãnh thanh toán trái phiếu và đại diện người sở hữu trái phiếu. Cũng trong tháng 9/2020, Công ty cổ phần Đầu tư và phát triển Bình Định tiếp tục phát hành lô trái phiếu trị giá 150 tỷ, kỳ hạn 5 năm. Tổng cộng số dư vay nợ trái phiếu của công ty đến hiện tại là 350 tỷ đồng. Với thông tin từ báo cáo quản trị của OCB thì OCB là trái chủ mua trái phiếu của công ty này. Tuy nhiên, Công ty cổ phần Đầu tư và phát triển Bình Định đã mua lại trái phiếu trước hạn, giảm dư nợ trái phiếu. Thông tin này chưa được công bố. Sau khi ông Trịnh Văn Quyết bị bắt, phía OCB đã nhanh chóng lên tiếng về việc sẽ giải quyết các khoản vay nợ của FLC tại đây. Đến thời điểm 30/06/2022, FLC thanh toán xong 573,3 tỷ đồng và không còn dư nợ vay ngắn hạn tại Ngân hàng TMCP Phương Đông - CN Hà Nội ( OCB Hà Nội). Trước đó, vào tháng 7/2022, Hội đồng quản trị Công ty cổ phần Tập đoàn FLC đã thông qua việc FLC cùng với Công ty cổ phần Đầu tư Kinh doanh Phát triển Bất động sản FLCHomes (FLCHomes) mua lại tòa nhà 265 Cầu Giấy từ Ngân hàng TMCP Phương Đông. Trước đó, tòa nhà tại 265 Cầu Giấy, Hà Nội vốn là trụ sở của FLC, Bamboo Airways đã được sử dụng để cấn trừ toàn bộ nghĩa vụ trả nợ bao gồm toàn bộ dư nợ gốc, lãi, dư nợ quá hạn (nếu có) của FLC, FLC Faros, FLCHomes, Bamboo Airways tại OCB. Tòa nhà này do FLC xây dựng từ năm 2015, tổng vốn đầu tư 5.200 tỷ đồng và đưa vào sử dụng từ giữa năm 2019; gồm 38 tầng nổi, 4 tầng hầm, diện tích sử dụng hơn 100.000 m2. Bà Nguyễn Phương Hằng và các công ty thành viên Đại Nam dùng hơn 2.000 lô đất để thay thế nghĩa vụ trả nợ tại Ngân hàng OCB",FLC,FLC,FLC Group,alias,0.98,auto_high_confidence,"Hàng loạt căn Codotel, khách sạn, biệt thự của Target tiếp tục được dùng làm tài sản đảm bảo tại ngân hàng Other","Hàng loạt căn Codotel, khách sạn, biệt thự của Target tiếp tục được dùng làm tài sản đảm bảo tại ngân hàng Other",FinABSA_target_masked_headline_v1,0,"Hàng loạt căn Codotel, khách sạn, biệt thự của Target tiếp tục được dùng làm tài sản đảm bảo tại ngân hàng Other",The sentiment for Target in the given sentence is NEUTRAL.,neutral,,,,0.0,/home/huylkq/repos/nlp/FinABSA-Valid/MODEL/finabsa-other-masked-final_3epoch,Target,ok,neutral,2022-10-18 09:58:00+00:00,2022-10-18
f2f329a36ffd15bd_01,f2f329a36ffd15bd,https://cafef.vn/ocb-nhan-hang-tram-codotel-can-khach-san-biet-thu-cua-flc-de-thay-the-nghia-vu-tra-no-20221018095817107.chn,2022-10-18T09:58:00,2022-10-20T16:13:42+07:00,,"Hàng loạt căn Codotel, khách sạn, biệt thự của FLC tiếp tục được dùng làm tài sản đảm bảo tại ngân hàng OCB",CTCP Đầu tư và phát triển Bình Định đã mua lại trước hạn một phần trái phiếu mà OCB đang là trái chủ và dùng 84 căn hộ khách sạn tại FLC Quy Nhơn để thay thế nghĩa vụ trả nợ.,"FLC: Giá hiện tại Thay đổi Xem hồ sơ doanh nghiệp TIN MỚI Báo cáo quản trị 6 tháng đầu năm 2022 của Ngân hàng TMCP Phương Đông ( OCB ) tiết lộ những tài sản đảm bảo thuộc các dự án của FLC được dùng để thay thế nghĩa vụ trả nợ cho các công ty có liên quan đến FLC. Cụ thể: - 97 căn Condotel và 81 căn khách sạn (trong đó có 2 căn tổng thống ở tầng 15) tại khách sạn Grand Hotel ở Sầm Sơn, Thanh Hóa để thay thế nghĩa vụ trả nợ cho Công ty cổ phần Xây dựng FLC Faros (ROS) và nhóm khách hàng liên quan. - Thửa đất số 560 tờ bản đồ số 15 tại Vĩnh Thịnh, Vĩnh Tường, Vĩnh Phúc để thay thế nghĩa vụ trả nợ của Công ty cổ phần FLC Travel, FLC Land và Bamboo Airways. - Biệt thự nghỉ dưỡng khu Fusion (67 căn) và khu Courtyard Bungalow (102 căn) thuộc KĐT du lịch sinh thái FLC tại Sầm Sơn, Thanh Hóa để thay thế một phần nghĩa vụ trả nợ của Bamboo Airways - 9 lô biệt thự tại Khu đô thị du lịch sinh thái FLC (p.Quảng Cư, thành phố Sầm Sơn, tỉnh Thanh Hóa) để thay thế nghĩa vụ trả nợ đối với Công ty cổ phần đầu tư và XNK CFS và nhóm khách hàng liên quan. - 84 căn hộ khách sạn Coastal Hull thuộc quần thể du lịch FLC Quy Nhơn để tổ chức phát hành trái phiếu là Công ty cổ phần Đầu tư và phát triển Bình Định mua lại trước hạn một phần trái phiếu tương ứng mà OCB đang là trái chủ nêu tại tờ trình số 287.2022.TT-TGĐ ngày 29/04/2022 của Tổng giám đốc. Tuy nhiên, theo thông tin từ phía đại diện OCB cung cấp cho Doanhnhan.vn, ngay sau đó FLC đã thu xếp được nguồn tiền, trả nợ và tiến hành mua lại trước hạn một phần trái phiếu nên OCB không thực hiện các điều khoản như nghị quyết ban hành, cụ thể là không thực hiện gán nợ đối với các dự án này. Đáng chú ý trong các giao dịch trên là hoạt động mua lại trước hạn một phần trái phiếu rồi dùng 84 căn hộ khách sạn tại FLC Quy Nhơn để làm tài sản đảm bảo thay thế nghĩa vụ trả nợ cho khoản vay mới tại OCB của Công ty cổ phần Đầu tư và phát triển Bình Định. Công ty cổ phần Đầu tư và phát triển Bình Định được thành lập năm 2017 tại Bình Định, hoạt động chính trong lĩnh vực kinh doanh bất động sản, do bà Vũ Thị Minh Huệ là người đại diện pháp luật. Công ty này tiền thân là Công ty TNHH Đầu tư và Phát triển FLC Faros Bình Định do Công ty cổ phần Xây dựng FLC Faros (ROS) sở hữu 100% vốn điều lệ và Chủ tịch kiêm người đại diện theo pháp luật là bà Vũ Đặng Hải Yến. Khi đó, FLC Faros Bình Định là chủ đầu tư dự án Khu đô thị chức năng FLC Lux City Quy Nhơn có vốn đầu tư 600 tỷ đồng tại Phân khu số 6, Khu Đô thị du lịch sinh thái Nhơn Hội thuộc Khu kinh tế Nhơn Hội, TP. Quy Nhơn. Tháng 10/2018, FLC Faros Bình Định đổi tên thành Công ty cổ phần Đầu tư và phát triển Bình Định, thay người đại diện theo pháp luật sang bà Huệ và sau đó tăng vốn lên mức 500 tỷ đồng. Tới thời điểm cuối năm 2018, ROS không còn ghi nhận FLC Faros Bình Định (Đầu tư và phát triển Bình Định) là công ty con sở hữu 100% vốn trên báo cáo tài chính hợp nhất đã kiểm toán. Theo dữ liệu trên sở giao dịch chứng khoán Hà Nội (HNX), vào tháng 6 và tháng 7 năm 2019, Công ty cổ phần Đầu tư và phát triển Bình Định đã phát hành 2 đợt trái phiếu, huy động lần lượt 100 tỷ đồng và 200 tỷ đồng, đều đã đáo hạn. Lô trái phiếu riêng lẻ phát hành tháng 6/2020 huy động 200 tỷ có kỳ hạn 5 năm với lãi suất 11,5% do Công ty cổ phần Chứng khoán Quốc tế Việt Nam (VIS) làm tư vấn và đại lý phát hanh, Ngân hàng OCB là tổ chức quản lý tài khoản trái phiếu, bảo lãnh thanh toán trái phiếu và đại diện người sở hữu trái phiếu. Cũng trong tháng 9/2020, Công ty cổ phần Đầu tư và phát triển Bình Định tiếp tục phát hành lô trái phiếu trị giá 150 tỷ, kỳ hạn 5 năm. Tổng cộng số dư vay nợ trái phiếu của công ty đến hiện tại là 350 tỷ đồng. Với thông tin từ báo cáo quản trị của OCB thì OCB là trái chủ mua trái phiếu của công ty này. Tuy nhiên, Công ty cổ phần Đầu tư và phát triển Bình Định đã mua lại trái phiếu trước hạn, giảm dư nợ trái phiếu. Thông tin này chưa được công bố. Sau khi ông Trịnh Văn Quyết bị bắt, phía OCB đã nhanh chóng lên tiếng về việc sẽ giải quyết các khoản vay nợ của FLC tại đây. Đến thời điểm 30/06/2022, FLC thanh toán xong 573,3 tỷ đồng và không còn dư nợ vay ngắn hạn tại Ngân hàng TMCP Phương Đông - CN Hà Nội ( OCB Hà Nội). Trước đó, vào tháng 7/2022, Hội đồng quản trị Công ty cổ phần Tập đoàn FLC đã thông qua việc FLC cùng với Công ty cổ phần Đầu tư Kinh doanh Phát triển Bất động sản FLCHomes (FLCHomes) mua lại tòa nhà 265 Cầu Giấy từ Ngân hàng TMCP Phương Đông. Trước đó, tòa nhà tại 265 Cầu Giấy, Hà Nội vốn là trụ sở của FLC, Bamboo Airways đã được sử dụng để cấn trừ toàn bộ nghĩa vụ trả nợ bao gồm toàn bộ dư nợ gốc, lãi, dư nợ quá hạn (nếu có) của FLC, FLC Faros, FLCHomes, Bamboo Airways tại OCB. Tòa nhà này do FLC xây dựng từ năm 2015, tổng vốn đầu tư 5.200 tỷ đồng và đưa vào sử dụng từ giữa năm 2019; gồm 38 tầng nổi, 4 tầng hầm, diện tích sử dụng hơn 100.000 m2. Bà Nguyễn Phương Hằng và các công ty thành viên Đại Nam dùng hơn 2.000 lô đất để thay thế nghĩa vụ trả nợ tại Ngân hàng OCB",OCB,OCB,OCB,alias,0.98,auto_high_confidence,"Hàng loạt căn Codotel, khách sạn, biệt thự của Other tiếp tục được dùng làm tài sản đảm bảo tại ngân hàng Target","Hàng loạt căn Codotel, khách sạn, biệt thự của Other tiếp tục được dùng làm tài sản đảm bảo tại ngân hàng Target",FinABSA_target_masked_headline_v1,1,"Hàng loạt căn Codotel, khách sạn, biệt thự của Other tiếp tục được dùng làm tài sản đảm bảo tại ngân hàng Target",The sentiment for Cod in the given sentence is NEUTRAL.,neutral,,,,0.0,/home/huylkq/repos/nlp/FinABSA-Valid/MODEL/finabsa-other-masked-final_3epoch,Target,ok,neutral,2022-10-18 09:58:00+00:00,2022-10-18
1f169782abebdcb0_00,1f169782abebdcb0,https://cafef.vn/hose-co-phieu-lhg-chi-duoc-giao-dich-trong-phien-chieu-tu-ngay-24-10-20221018095316504.chn,2022-10-18T09:55:15,,,HoSE: Cổ phiếu LHG chỉ được giao dịch trong phiên chiều từ ngày 24/10,Cổ phiếu LHG trên thị trường đã giảm 62% từ đỉnh hồi giữa tháng 4 và đang giao dịch tại vùng đáy 2 năm.,"LHG: Giá hiện tại Thay đổi Xem hồ sơ doanh nghiệp TIN MỚI Sở Giao dịch Chứng khoán Tp.HCM (HoSE) vừa quyết định chuyển cổ phiếu LHG của CTCP Long Hậu từ diện kiểm soát sang diện hạn chế giao dịch từ ngày 24/10. Như vậy, cổ phiếu LHG sẽ chỉ được giao dịch trong phiên chiều của ngày giao dịch theo phương thức khớp lệnh tập trung và thỏa thuận kể từ ngày 24/10. Nguyên nhân do Long Hậu chậm nộp báo cáo tài chính soát xét bán niên năm 2022 quá 45 ngày so với thời hạn quy định, thuộc trường hợp chứng khoán bị hạn chế giao dịch theo quy định tại điểm a khoản 1 Điều 39 Quy chế Niêm yết và giao dịch chứng khoán niêm yết ban hành theo Quyết định số 17/QĐ-HĐTV ngày 31/3/2022 của Hội đồng Thành viên Sở Giao dịch Chứng khoán Việt Nam. Trước đó vào ngày 8/9, HoSE cũng đã ra thông báo đưa cổ phiếu LHG vào danh sách không đủ điều kiện giao dịch ký quỹ (Margin) bởi đơn vị này đã chậm công bố thông tin báo cáo tài chính bán niên năm 2022 đã soát xét quá 5 ngày làm việc kể từ ngày hết hạn công bố thông tin. Trên thị trường, cổ phiếu LHG đang giao dịch tại vùng đáy 2 năm với thị giá dao động quanh mức 22.000 đồng/cổ phiếu, giảm 62% so với đỉnh đạt được hồi giữa tháng 4. Vốn hóa thị trường tương ứng gần 1.100 tỷ đồng. Cổ phiếu LHG đang giao dịch quanh vùng đáy 2 năm Về kết quả kinh doanh 6 tháng đầu năm trên báo cáo tự lập quý 2/2022, Long Hậu ghi nhận doanh thu 347,7 tỷ đồng, giảm 47,8% so với cùng kỳ năm 2021, lợi nhuận sau thuế thu về 89,5 tỷ đồng, giảm 64,4% so với nửa đầu năm ngoái. Với kết quả đạt được, công ty đã hoàn thành được gần 81% kế hoạch lợi nhuận của năm. Trong ngắn hạn, Chứng khoán VDSC lưu ý Long Hậu về rủi ro tiềm tàng đối với khoản phải trả cho IPC. Theo đó, sự chậm trễ này liên quan đến việc xác định nghĩa vụ nợ với Công ty TNHH MTV phát triển công nghiệp Tân Thuận - IPC (cổ đông lớn, chiếm 49% vốn) về khoản chi phí tái định cư thuộc dự án KCN Long Hậu 1. Được biết, Long Hậu đã tái ký hợp đồng vào ngày 15/7/2022 với Công ty PwC Việt Nam về việc thực hiện kiểm toán BCTC năm 2022 và tổng kiểm toán Nhà nước khu vực IV hiện đang làm việc với phía IPC và Long Hậu để xác định nghĩa vụ này. Dù VDSC đã phản ánh nghĩa vụ phát sinh tiềm tàng đối với IPC vào mô hình định giá, tuy nhiên việc kiểm toán nhà nước xác định mức bồi thường cao hơn hoặc Long Hậu phải ghi nhận toàn bộ khoản nợ này trong năm 2022 - 2023 sẽ ảnh hưởng tiêu cực đến kết quả kinh doanh trong năm.",LHG,LHG,Long Hau Corporation,alias,0.98,auto_high_confidence,HoSE: Cổ phiếu Target chỉ được giao dịch trong phiên chiều từ ngày 24/10,HoSE: Cổ phiếu Target chỉ được giao dịch trong phiên chiều từ ngày 24/10,FinABSA_target_masked_headline_v1,0,HoSE: Cổ phiếu Target chỉ được giao dịch trong phiên chiều từ ngày 24/10,The sentiment for Target in the given sentence is NEUTRAL.,neutral,,,,0.0,/home/huylkq/repos/nlp/FinABSA-Valid/MODEL/finabsa-other-masked-final_3epoch,Target,ok,neutral,2022-10-18 09:55:15+00:00,2022-10-18
00cdcb85fabb807c_00,00cdcb85fabb807c,https://cafef.vn/ssi-research-hon-80-doanh-thu-va-loi-nhuan-cua-vinhomes-se-roi-vao-6-thang-cuoi-nam-20221018095138679.chn,2022-10-18T09:51:45,,,SSI Research: Hơn 80% doanh thu và lợi nhuận của Vinhomes sẽ rơi vào 6 tháng cuối năm,"Nếu 6 tháng cuối năm 2022, Vinhomes hoàn tất bàn giao 45% tổng số căn hộ của dự án The Empire (tương ứng doanh thu 60 nghìn tỷ đồng) như kế hoạch thì doanh thu và LNST 6 tháng cuối năm sẽ đóng góp trên 80% kết quả kinh doanh của cả năm.","VHM: Giá hiện tại Thay đổi Xem hồ sơ doanh nghiệp TIN MỚI Trong 6 tháng đầu năm 2022, lợi nhuận sau thuế (LNST) của CTCP Vinhomes (mã VHM ) đạt 5,5 nghìn tỷ đồng (giảm 66% so với cùng kỳ), chủ yếu do phần lớn các dự án như Vinhomes Ocean Park, Smart City và Grand Park đã được bàn giao trong các quý trước, trong khi dự án mới mở bán là The Empire chỉ bắt đầu mang lại lợi nhuận từ nửa cuối năm 2022. Tuy nhiên, SSI Research cho rằng, doanh số bán hàng trong quý 2 của Vinhomes khá ấn tượng, với 7.900 căn hộ được bán lẻ, tương ứng với tổng giá trị hợp đồng là 76 nghìn tỷ đồng (tăng 250% so với cùng kỳ), chủ yếu nhờ mở bán thành công dự án The Empire (Vinhomes Ocean Park 2) với tổng doanh số bán lẻ là 49 nghìn tỷ đồng (tương đương khoảng 2,1 tỷ USD) và bán hết 4.500 căn hộ trong 3 block mới thuộc khu The Beverly Solari của dự án Vinhomes Grand Park (TP.HCM) vào tháng 5. Trong 6 tháng đầu năm 2022, Vinhomes đã bán 17.300 căn hộ (tăng 9% so với cùng kỳ), với tổng giá trị hợp đồng đạt 92,5 nghìn tỷ đồng (tăng 234% so với cùng kỳ), trong đó 30% là bán buôn và 70% là bán lẻ. Mức tăng đáng kể của doanh số bán hàng chủ yếu đến từ việc có nhiều căn thấp tầng có giá trị cao hơn được bán ra trong kỳ. Doanh thu chưa ghi nhận tại cuối quý 2 đạt 129,3 nghìn tỷ đồng (tăng 162% so với cùng kỳ) và dự kiến sẽ tiếp tục tăng lên sau khi mở bán dự án The Crown. Theo SSI Research, dự án The Crown - giai đoạn 3 của Vinhomes Ocean Park đã chính thức ra mắt trong tuần này. Đây là dự án khu đô thị phức hợp tọa lạc tại tỉnh Hưng Yên, tiếp giáp với The Empire (Hưng Yên), có diện tích khoảng 294 ha. Phân khu thấp tầng của dự án có tổng cộng 8.500 căn, trong đó Vinhomes có thể tung ra 1.000 căn trong đợt mở bán đầu tiên trong tuần này, theo thông tin cập nhật từ các đại lý bán hàng. BÀN GIAO THE EMPIRE CÓ THỂ MANG VỀ DOANH THU 60 NGHÌN TỶ ĐỒNG Năm 2022, Vinhomes đặt kế hoạch doanh thu và LNST lần lượt là 75 nghìn tỷ đồng và 30 nghìn tỷ đồng, tương ứng giảm lần lượt 12% và 24% so với mức nền cao của năm 2021. Theo SSI Research, mặc dù kết quả kinh doanh trong 6 tháng đầu năm kém khả quan, ban lãnh đạo Vinhomes vẫn khá tự tin sẽ đạt kế hoạch năm, dựa trên cơ sở sẽ bàn giao 45% tổng số căn hộ của dự án The Empire (tương ứng doanh thu khoảng 60 nghìn tỷ đồng) trong 6 tháng cuối năm 2022. SSI Research ước tính, trong trường hợp Vinhomes đạt kế hoạch như đã đề thì doanh thu và LNST trong 6 tháng cuối năm 2022 sẽ đóng góp trên 80% kết quả kinh doanh của cả năm 2022, tức là đạt lần lượt 61,5 nghìn tỷ đồng (tăng 40% so với cùng kỳ) và 24,7 nghìn tỷ đồng (tăng 6% so với cùng kỳ). 6 tháng đầu năm Vinhomes mới hoàn thành 18% kế hoạch doanh thu và lợi nhuận, hơn 80% còn lại sẽ rơi vào 6 tháng cuối năm nhờ việc bàn giao 45% tổng số căn hộ của dự án The Empire Đến nay, tiến độ xây dựng tại dự án The Empire đang diễn ra theo đúng kế hoạch, giúp Vinhomes đảm bảo tiến độ bàn giao cho khách hàng. Theo quan sát của SSI Research thì Vinhomes đã bắt đầu bàn giao các căn thuộc phân khu Chà Là của dự án từ tháng 9 (tổng là 1.850 căn). Ngoài đóng góp từ việc bàn giao nhà cho khách mua lẻ, theo SSI Research lợi nhuận 6 tháng cuối năm 2022 cũng có thể được thúc đẩy bởi doanh thu từ giao dịch bán buôn. Vinhomes mới đây đã thông báo thoái vốn tại 3 công ty con ở Hưng Yên, sự kiện này được cho là liên quan đến giao dịch bán buôn tại dự án. Mặc dù giá trị thoái vốn không được tiết lộ, nhưng SSI Research tin rằng các giao dịch này có thể mang lại một khoản thu nhập đáng kể cho Vinhomes, có thể được ghi nhận trong quý 3. KIỂM SOÁT TÀI CHÍNH TỐT DÙ HẠN CHẾ TÍN DỤNG Theo SSI Research, tại thời điểm cuối quý 2, tổng dư nợ của Vinhomes là 31,9 nghìn tỷ đồng, trong đó gần một nửa sẽ đến hạn thanh toán trong vòng 1 năm tới. Tuy nhiên, với kết quả bán hàng tích cực gần đây, nhóm phân tích kỳ vọng Vinhomes có thể cân đối dòng tiền để liên tục thanh toán các khoản vay đến hạn. Trong khi đó, tỷ lệ nợ trên vốn chủ sở hữu của Vinhomes là 0,25 lần ở thời điểm ngày 30/6/2022, tương đối thấp so với các công ty cùng ngành hiện ở mức 0,6 lần, duy trì dư địa đáng kể để tăng đòn bẩy nếu cần. Tuy nhiên, ban lãnh đạo công ty dự kiến tỷ lệ đòn bẩy sẽ chỉ tăng ở mức khiêm tốn để chuẩn bị cho 3 dự án sắp phát triển trong thời gian tới (The Crown, Vinhomes Wonder Park và Vinhomes Cổ Loa). Dư nợ và cơ cấu nợ của Vinhomes tính đến 30/6/2022 SSI Research đánh giá, trong ngắn hạn, tác động của việc thắt chặt tín dụng cho lĩnh vực bất động sản và thị trường trái phiếu có thể chỉ ở mức độ vừa phải đối với Vinhomes do công ty vẫn có thể đa dạng hóa nguồn vốn, đồng thời các ngân hàng vẫn hỗ trợ cho vay mua nhà đối với khách hàng của công ty. Trong giai đoạn tín dụng thắt chặt và chi phí vốn tăng, nhóm phân tích tin rằng Vinhomes sẽ đứng vững nhờ các thế mạnh như quỹ đất sẵn có, sức khỏe tài chính vững chắc với tỷ lệ nợ ròng trên vốn chủ sở hữu thấp, khả năng huy động vốn cũng như năng lực phát triển và bán dự án tốt. Tuy nhiên, nhóm phân tích duy trì quan điểm thận trọng về nhu cầu của thị trường trong bối cảnh lãi suất tiếp tục tăng, điều này có thể sẽ ảnh hưởng đến doanh số bán hàng và kết quả kinh doanh trong tương lai của công ty. SSI Research dự báo doanh thu và LNST năm 2022 của Vinhomes lần lượt đạt 74 nghìn tỷ đồng (giảm 13% so với cùng kỳ) và 28,7 nghìn tỷ đồng (giảm 26,8% so với cùng kỳ), nhưng sẽ tăng trưởng trở lại vào năm 2023, lần lượt ở mức 88,5 nghìn tỷ đồng (tăng 19,5% so với cùng kỳ) và 35,8 nghìn tỷ đồng (tăng 24,5% so với cùng kỳ) nhờ kết quả bán hàng tích cực trong năm 2022 với số lượng lớn nhà thấp tầng có thời gian xây dựng và bàn giao ngắn hơn. Hé mở BBK Electronics: 'Bệ phóng' của loạt thương hiệu smartphone Vivo, Oppo",SSI,SSI,SSI Securities,alias,0.98,auto_high_confidence,Target Research: Hơn 80% doanh thu và lợi nhuận của Vinhomes sẽ rơi vào 6 tháng cuối năm,Target Research: Hơn 80% doanh thu và lợi nhuận của Vinhomes sẽ rơi vào 6 tháng cuối năm,FinABSA_target_masked_headline_v1,0,Target Research: Hơn 80% doanh thu và lợi nhuận của Vinhomes sẽ rơi vào 6 tháng cuối năm,The sentiment for Target in the given sentence is NEUTRAL.,neutral,,,,0.0,/home/huylkq/repos/nlp/FinABSA-Valid/MODEL/finabsa-other-masked-final_3epoch,Target,ok,neutral,2022-10-18 09:51:45+00:00,2022-10-18
83b8341984e44a69_00,83b8341984e44a69,https://cafef.vn/apax-holdings-hop-tac-voi-aci-capital-tong-muc-dau-tu-150-trieu-usd-20221017175400192.chn,2022-10-17T19:30:00,,,"Apax Holdings hợp tác với ACI Capital, tổng mức đầu tư 150 triệu USD",Apax Holdings (HOSE: IBC) và ACI Capital vừa ký kết hợp tác nâng cao năng lực quản trị và tiếp cận nguồn vốn nhằm phát triển hệ sinh thái giáo dục toàn diện của Apax Holdings với tổng mức đầu tư 150 triệu USD.,"TIN MỚI Trước đó, hai bên đã dành nhiều thời gian tìm hiểu về môi trường đầu tư tại Việt Nam cũng như nước ngoài, đồng thời trao đổi về các điều kiện nhằm tiến tới hợp tác và hỗ trợ tiếp cận các nguồn vốn đầu tư, đáp ứng nhu cầu phát triển của các dự án trong giai đoạn mới. Tại sự kiện, sau khi trao đổi và thống nhất về các nội dung hợp tác, ông Nguyễn Ngọc Thủy – Chủ tịch HĐQT Tập đoàn Egroup kiêm Chủ tịch HĐQT Apax Holdings và ông Robert Harold Hughes - Chủ tịch HĐQT ACI Capital đã đại diện hai bên chính thức ký kết thỏa thuận hợp tác với tổng mức đầu tư là 150 triệu USD. Theo nội dung hợp tác, ACI Capital sẽ tiến hành nghiên cứu, khảo sát và phát triển đối với chuỗi hệ thống giáo dục của một số công ty con thuộc hệ sinh thái Apax Holdings, đồng thời đầu tư phát triển và mở rộng hệ thống trường liên cấp trong giai đoạn sắp tới. Ngược lại, Apax Holdings sẽ cam kết hỗ trợ việc phát triển các dự án này với tinh thần nhất trí cao. Phát biểu tại Lễ ký kết, ông Nguyễn Ngọc Thủy – Chủ tịch HĐQT Tập đoàn Egroup kiêm Chủ tịch HĐQT Apax Holdings cho biết, Apax Holdings đã sớm nắm bắt cơ hội, tiên phong đưa các chương trình giáo dục tiên tiến trên thế giới về Việt Nam để học sinh, sinh viên được tiếp cận với các sản phẩm giáo dục ứng dụng công nghệ cao theo tiêu chuẩn quốc tế với chi phí hợp lý. Apax Holdings hiện cũng đã xây dựng được hệ sinh thái giáo dục tương đối toàn diện với các thương hiệu giáo dục về đạo tạo tiếng Anh như: Apax English/Apax Leaders, Englishnow và hệ thống giáo dục mầm non chất lượng cao STEAMe GARTEN, tiến tới là trường liên cấp STEAMe SCHOOLS. Apax Holdings còn đầu tư phát triển mô hình trường liên cấp quốc tế Firbank Australia với mong muốn đưa chương trình giáo dục chuẩn Úc về Việt Nam. Firbank Australia đang được đẩy mạnh xây dựng, dự kiến sẽ hoàn thành vào quý 2/2023 và chào đón thế hệ học sinh khóa đầu vào quý 3 năm sau. Ngoài ra, Apax Holdings cũng đang mở rộng đầu tư sang lĩnh vực bất động sản giáo dục và tích hợp các mô hình trải nghiệm giáo dục tại các khu du lịch, nghỉ dưỡng. Qua đó, góp phần hoàn thiện hệ sinh thái giáo dục đẳng cấp và toàn diện của Apax Holdings và phục vụ đa dạng các nhu cầu học tập, phát triển năng lực tiếng Anh và các kỹ năng hội nhập quốc tế cho thế hệ trẻ Việt Nam. ""Để phát triển và mở rộng hệ sinh thái giáo dục của Apax Holdings, bên cạnh các nhà đầu tư cá nhân, các định chế tài chính, chúng tôi rất cần sự đồng hành của các quỹ đầu tư như ACI Capital nhằm giúp doanh nghiệp không chỉ tiếp cận với các nguồn lực tài chính, mà quan trọng hơn là sự hỗ trợ về kinh nghiệm quản trị và mở rộng mạng lưới với các đối tác trên toàn cầu. Đây là cơ sở để Apax Holdings có thể nâng cao hiệu quả quản trị một cách chuyên nghiệp và đảm bảo nguồn lực ổn định, lâu dài cho quá trình phát triển bền vững"" – ông Thủy nói. Ông Robert Harold Hughes - Chủ tịch HĐQT ACI Capital phát biểu tại Lễ ký kết. Đồng quan điểm với đại diện của Apax Holdings khi nhìn nhận về quy mô và tiềm năng thị trường đầu tư giáo dục ở Việt Nam, ông Robert Harold Hughes - Chủ tịch HĐQT ACI Capital khẳng định Việt Nam là một trong những quốc gia năng động và có tốc độ tăng trưởng rất nhanh trong những năm gần đây. Đồng thời, Việt Nam là quốc gia có cơ cấu dân số trẻ với số lượng người học dưới 20 tuổi chiếm tỷ lệ lớn. Chính phủ và người dân đều rất quan tâm tới giáo dục và chi tiêu tương đối lớn cho giáo dục. Đặc biệt, nhu cầu về đào tạo tiếng Anh, năng lực tư duy và các kỹ năng dành cho công dân thế kỷ 21 ở thế hệ trẻ đang ngày càng lớn. Đây không chỉ là nhu cầu bức thiết đối với mỗi cá nhân nhằm đáp ứng các yêu cầu lao động trong môi trường cạnh tranh gay gắt mà còn là nhu cầu của quốc gia để thúc đẩy sự phát triển trong bối cảnh hội nhập quốc tế. Đây chính là thị trường hấp dẫn và xứng đáng để các doanh nghiệp đầu tư giáo dục chuyên nghiệp như Apax Holdings đầu tư. Trường liên cấp Firbank Australia đang được đẩy mạnh xây dựng, dự kiến sẽ hoàn thành và tuyển sinh khóa đầu vào quý 3 năm sau. Ông Robert Harold Hughes cho biết, trong quá trình tìm kiếm các cơ hội đầu tư với các đối tác giáo dục tiềm năng tại Việt Nam, ACI Capital đã tiếp cận được với Apax Holdings và đánh giá cao những thành tựu rất đáng trân trọng mà doanh nghiệp này đã đạt được khi vươn lên trở thành đơn vị tiên phong và hàng đầu về đầu tư giáo dục ứng dụng công nghệ cao trong suốt những năm qua. Ông Robert Harold Hughes cũng bày tỏ tin tưởng, với dư địa thị trường lớn, với hệ sinh thái giáo dục vững chắc của Apax Holdings đã tạo lập được cùng thế mạnh của ACI Capital trong lĩnh vực tư vấn phát triển các dự án, quản lý đầu tư và dịch vụ tài chính có phạm vi hoạt động trên toàn cầu, mối quan hệ hợp tác này sẽ mang lại lợi ích cho tất cả các bên, cho thế hệ trẻ Việt Nam và cho toàn xã hội nói chung.",ita,ITA,Itaco,alias,0.98,auto_high_confidence,"Apax Holdings hợp tác với Other CapTargetl, tổng mức đầu tư 150 triệu USD","Apax Holdings hợp tác với Other CapTargetl, tổng mức đầu tư 150 triệu USD",FinABSA_target_masked_headline_v1,0,"Apax Holdings hợp tác với Other CapTargetl, tổng mức đầu tư 150 triệu USD",The sentiment for Target in the given sentence is NEUTRAL.,neutral,,,,0.0,/home/huylkq/repos/nlp/FinABSA-Valid/MODEL/finabsa-other-masked-final_3epoch,Target,ok,neutral,2022-10-17 19:30:00+00:00,2022-10-17
9379baaf85c4a3be_00,9379baaf85c4a3be,https://cafef.vn/lai-suat-vnd-giam-manh-tren-thi-truong-lien-ngan-hang-20221017191752404.chn,2022-10-17T19:17:56,,,Lãi suất VND giảm mạnh trên thị trường liên ngân hàng,"Lãi suất VND trên thị trường liên ngân hàng nối tiếp xu hướng điều chỉnh từ tuần trước, giảm mạnh các kỳ hạn ngắn vào đầu tuần này.","TIN MỚI Cập nhật diễn biến sáng nay (17/10), lãi suất VND trên thị trường liên ngân hàng tiếp tục giảm ở hầu hết các kỳ hạn; trong đó giảm mạnh ở các kỳ hạn ngắn qua đêm, 1 và 2 tuần. Cụ thể, lãi suất VND qua đêm giảm rất mạnh, giảm 0,85 điểm phần trăm so với cuối tuần trước, xuống chỉ còn 4,1%/năm. Lãi suất này như vậy đã giảm rất mạnh so với trên 7%/năm đầu tuần trước, cũng như xuống vùng thấp nhất trong khoảng một tháng gần đây. Chiếm tới hơn 90% doanh số giao dịch trên thị trường liên ngân hàng, lãi suất qua đêm giảm sâu giúp giảm thiểu chi phí cân đối thanh khoản cho hệ thống. Ở các kỳ hạn ngắn là 1 và 2 tuần, lãi suất VND trên thị trường này sáng nay cũng giảm khá mạnh, lần lượt giảm 0,58 và 0,4 điểm phần trăm. Với diễn biến trên, cùng với nền thấp hơn nhiều so với trước ở các kỳ hạn ngắn, đường cong lãi suất trên thị trường liên ngân hàng cũng đã “uốn” rõ rệt, từ thấp lên cao theo độ dài kỳ hạn. Trong khi đó, lãi suất USD trên cùng thị trường vẫn khá ổn định, gần như đi ngang thời gian qua; đến sáng nay lãi suất USD qua đêm vẫn ở 3,13%, 1 tuần 3,3%, 2 tuần 3,43%, 1 – 6 tháng từ 3,55% đến 3,95%. Đi cùng với đà giảm mạnh của lãi suất VND trên thị trường liên ngân hàng, như thể hiện từ cuối tuần trước, Ngân hàng Nhà nước (NHNN) đã không còn phải bơm mạnh vốn hỗ trợ nguồn cho hệ thống. Dữ liệu hôm nay (17/10) cho thấy NHNN chỉ bơm 1.820,3 tỷ đồng ở kỳ hạn 7 ngày, lãi suất vẫn giữ nguyên ở 5%/năm. Ở cân đối tổng thể, tính đến cuối tuần qua, có tổng 89.453,86 tỷ đồng số dư nguồn vốn NHNN bơm ra hỗ trợ cân đối nguồn hệ thống. Nguồn này sẽ dần được các tổ chức tín dụng trả lại theo lịch đáo hạn cuốn chiếu trong gần một tháng tới (với kỳ hạn NHNN bơm dài nhất trong tuần qua là 28 ngày). Lãi suất trên thị trường liên ngân hàng sáng 17/10 - Nguồn: MSB Research Tỷ giá USD/VND lên gần 24.500 VND sau động thái của Ngân hàng Nhà nước",VND,VND,VNDIRECT,alias,0.98,auto_high_confidence,Lãi suất Target giảm mạnh trên thị trường liên ngân hàng,Lãi suất Target giảm mạnh trên thị trường liên ngân hàng,FinABSA_target_masked_headline_v1,0,Lãi suất Target giảm mạnh trên thị trường liên ngân hàng,The sentiment for Target in the given sentence is NEUTRAL.,neutral,,,,0.0,/home/huylkq/repos/nlp/FinABSA-Valid/MODEL/finabsa-other-masked-final_3epoch,Target,ok,neutral,2022-10-17 19:17:56+00:00,2022-10-17
9af7c7afd06a468c_00,9af7c7afd06a468c,https://cafef.vn/ngan-hang-nha-nuoc-noi-rong-bien-do-ty-gia-giao-ngay-usd-vnd-20221017102825735.chn,2022-10-17T10:28:29,,,Ngân hàng Nhà nước nới rộng biên độ tỷ giá giao ngay USD/VND,"Ngân hàng Nhà nước Việt Nam (NHNN) quyết định điều chỉnh biên độ tỷ giá giao ngay USD/VND từ mức ±3% lên ±5%, có hiệu lực từ ngày 17/10/2022.","TIN MỚI NHNN vừa công bố quyết định điều chỉnh biên độ tỷ giá. Lần điều chỉnh đầu tiên sau gần chục năm trở lại đây, trước biến động mạnh và liên tục gia tăng của tỷ giá USD/VND thời gian gần đây. Thông tin từ NHNN nêu: Từ đầu năm 2022 đến nay, Cục Dự trữ Liên bang Mỹ (Fed) và nhiều ngân hàng trung ương (NHTW) lớn đẩy mạnh lộ trình thắt chặt chính sách tiền tệ (CSTT), tăng nhanh lãi suất điều hành, xung đột Nga-Ukraine làm chuỗi cung ứng toàn cầu tiếp tục gián đoạn, giá xăng dầu và hàng hóa tăng cao, lạm phát tại nhiều nền kinh tế vượt mức kiểm soát… gây biến động lớn trên thị trường quốc tế và trong nước. Trước tình hình đó, NHNN đã chủ động, linh hoạt áp dụng đồng bộ các công cụ, giải pháp, can thiệp để duy trì hoạt động ổn định, thông suốt của thị trường tiền tệ, ngoại hối, qua đó góp phần ổn định kinh tế vĩ mô, kiểm soát lạm phát, hỗ trợ thực hiện các mục tiêu đề ra tại Chương trình phục hồi và phát triển kinh tế-xã hội theo Nghị quyết 43 của Quốc hội và Nghị quyết 11 của Chính phủ. Để chủ động thích ứng trước diễn biến khó lường của thị trường quốc tế và định hướng tiếp tục thắt chặt CSTT, tăng lãi suất của Fed và các NHTW trên thế giới, ngày 17/10/2022, NHNN ban hành Quyết định số 1747/QĐ-NHNN quy định về tỷ giá giao ngay giữa đồng Việt Nam với các ngoại tệ của các TCTD được phép. Theo đó, biên độ tỷ giá giao ngay giữa đồng Việt Nam và USD được điều chỉnh từ ±3% lên ±5%. NHNN cho biết, sẽ tiếp tục theo dõi sát diễn biến thị trường, phối hợp đồng bộ các công cụ CSTT, sẵn sàng bán ngoại tệ can thiệp để ổn định thị trường. Ngân hàng tuần qua: Tỷ giá lên cao nhất lịch sử, nhiều ngân hàng đẩy lãi suất huy động vượt 8,5%/năm",VND,VND,VNDIRECT,alias,0.98,auto_high_confidence,Ngân hàng Nhà nước nới rộng biên độ tỷ giá giao ngay USD/Target,Ngân hàng Nhà nước nới rộng biên độ tỷ giá giao ngay USD/Target,FinABSA_target_masked_headline_v1,0,Ngân hàng Nhà nước nới rộng biên độ tỷ giá giao ngay USD/Target,The sentiment for Target in the given sentence is NEUTRAL.,neutral,,,,0.0,/home/huylkq/repos/nlp/FinABSA-Valid/MODEL/finabsa-other-masked-final_3epoch,Target,ok,neutral,2022-10-17 10:28:29+00:00,2022-10-17
61862c762fe24720_00,61862c762fe24720,https://cafef.vn/ha-gia-chao-ban-50-co-phieu-dig-se-ngon-bo-re-20221017083848129.chn,2022-10-17T08:38:49,,,"Hạ giá chào bán 50%, cổ phiếu DIG sẽ ""ngon, bổ, rẻ""?","Sau hai lần hạ giá chào bán cổ phiếu cho cổ đông hiện hữu từ 30.000 đồng/cổ phiếu, xuống còn 15.000 đồng/cổ phiếu, liệu cổ phiếu DIG của DIC Corp có còn sức hút?","DIG: Giá hiện tại Thay đổi Xem hồ sơ doanh nghiệp TIN MỚI Theo đó, Đại hội đồng cổ đông (ĐHĐCĐ) bất thường của Tổng công ty CP Đầu tư Phát triển Xây dựng - DIC Corp (HoSE: DIG) đã thông qua phương án chào bán thêm tối đa 100 triệu cổ phiếu DIG với giá 15.000 đồng/cổ phiếu cho cổ đông hiện hữu theo phương thức thực hiện quyền mua với tỷ lệ thực hiện tối đa 1.000 : 163,97. Giá chào bán đã giảm 50% so với kế hoạch chào bán cổ phiếu hồi đầu năm. Tại ĐHĐCĐ bất thường diễn ra mới đây, cổ đông của DIC Corp đã thông qua phương án phát hành cổ phiếu cho cổ đông hiện hữu với giá 15.000 đồng/cổ phiếu, giảm 50% so với kế hoạch hồi đầu năm. Thời gian thực hiện từ quý IV/2022 đến quý I/2023. Nếu phát hành thành công, DIC Corp sẽ có thêm tối đa 1.500 tỷ đồng, đồng nghĩa với vốn điều lệ của DIC Corp sẽ tăng từ hơn 6.099 tỷ đồng lên hơn 7.099 tỷ đồng. Theo phương án chào bán, DIC Corp muốn huy động tối thiểu 70% tổng số cổ phần dự kiến chào bán, tương ứng 1.050 tỷ đồng, để đầu tư dự án Khu đô thị du lịch Long Tân (Nhơn Trạch, Đồng Nai). Trong trường hợp số cổ phiếu mới phát hành không được cổ đông hiện hữu mua hết, ĐHĐCĐ sẽ ủy quyền cho HĐQT phân phối tới cổ đông DIC Corp hoặc người khác với điều kiện không được thuận lợi hơn so với điều kiện chào bán cho cổ đông hiện hữu và hạn chế giao dịch trong vòng 1 năm kể từ ngày kết thúc đợt chào bán. Chủ tịch DIC Corp Nguyễn Thiện Tuấn khẳng định việc huy động 1.500 tỷ đồng không phải do doanh nghiệp thiếu tiền, mà nhằm đáp ứng phục vụ đầu tư các siêu dự án. Ông cho biết, hiện tại DIC Corp hiện có hơn 2.200 tỷ đồng tiền gửi, dự kiến đầu năm 2023 sẽ có thêm 5.000 tỷ đồng nữa. “Việc chào bán cổ phiếu tăng vốn không phải vì DIC Corp thiếu tiền, mà tăng vốn để phù hợp năng lực, đưa DIC Corp ngang bằng với những doanh nghiệp, tập đoàn khác”, Chủ tịch Nguyễn Thiện Tuấn khẳng định. Ngoài ra, ông Tuấn cho biết, DIC Corp nắm trong tay khoảng 22 dự án bất động sản ; và dự kiến mở thêm kênh đầu tư phát triển bất động sản khu công nghiệp, và một số lĩnh vực mới mang tính lâu dài. Chủ tịch DIC Corp cũng khẳng, sẽ hoàn thành kế hoạch lãi trước thuế cả năm 2022 là 1.900 tỷ đồng, bất chấp các doanh nghiệp nói chung và nhóm bất động sản nói riêng đang gặp nhiều khó khăn. Ông cũng cam kết DIC Corp sẽ trả cổ tức với mức tỷ lệ trên dưới 25%. Về kết quả kinh doanh, trong 6 tháng đầu năm 2022, DIC Corp đạt hơn 1.094 tỷ đồng doanh thu thuần; lợi nhuận sau thuế đạt gần 143 tỷ đồng, giảm 2% về doanh thu và tăng 51% về lợi nhuận. Riêng trong quý II, DIC Corp đạt hơn 575 tỷ đồng doanh thu thuần, giảm 7% so với cùng kỳ và lợi nhuận sau thuế đạt 79 tỷ đồng, tăng 50% so với cùng kỳ năm trước. Mặc dù lợi nhuận tăng trưởng, nhưng dòng tiền kinh doanh của DIC Corp trong quý II/2022 âm hơn 1.900 tỷ (cùng kỳ âm 353 tỷ). Bên cạnh việc ghi nhận khoản chi hơn 1.700 tỷ đồng cho bên cung cấp hàng hóa và dịch vụ như cùng kỳ, khoản chi khác của doanh nghiệp cũng tăng đột biến từ 436 tỷ đồng lên gần 1.700 tỷ đồng. Tuy nhiên, dòng tiền thuần trong kỳ của DIC Corp vẫn dương do doanh nghiệp vay và bán lại công cụ nợ hơn 3.000 tỷ. >>>PET xoay xở trả nợ, phát hành cổ phiếu tăng vốn có hấp dẫn? Tính đến 30/6, tổng tài sản sản của DIC Corp đạt trên 16.000 tỷ đồng, không biến động nhiều so với thời điểm cuối tháng 3. Chiếm tỷ trọng lớn trong cơ cấu tài sản của DIC Corp vẫn là hàng tồn kho với hơn 5.370 tỷ đồng (tăng gần 40% so với đầu năm và tăng thêm 34% so với cuối tháng 3), kế đến là các khoản phải thu ngắn hạn gần 4.220 tỷ đồng. Cổ phiếu DIG đã giảm gần 74% so với đỉnh giá đạt được hồi đầu năm. Theo Chứng khoán SSI, DIC Corp khá tham vọng trong việc tìm kiếm các khu đất mới để bổ sung vào quỹ đất của mình, với hơn 10 dự án hiện đang được nghiên cứu và phát triển. Tuy nhiên, SSI cho rằng, để có được một dự án mới, chủ đầu tư phải trải qua rất nhiều giai đoạn như đề xuất đầu tư, phê duyệt quy hoạch tổng thể, đấu giá đất và các thủ tục khác. Thường mất nhiều năm để hoàn thành tất cả quy trình này và chi phí cho quỹ đất mới sẽ cao hơn đáng kể do phương thức đấu thầu mới. Điều này có thể là thách thức đối với công ty khi mở rộng nhiều dự án cùng một lúc. SSI cũng cho rằng, so với các chủ đầu tư nổi tiếng khác ở phía Nam như NLG, DXG, NVL, khả năng phát triển dự án của DIC Corp vẫn còn gặp một số khó khăn do giá đất đền bù tăng cao và pháp lý dự án vẫn đang trong giai đoạn hoàn thiện. Do đó, doanh số bán và ghi nhận lợi nhuận giai đoạn 2021-2022 chỉ đến từ một số dự án như Nam Vĩnh Yên, DiG star CSJ và một vài các dự án khác. Trong 2 năm qua, nguồn lợi nhuận chính của DIC Corp chủ yếu đến từ lợi nhuận tài chính và thoái vốn khỏi dự án Đại Phước. “Mặc dù có giá trị tiềm năng từ quỹ đất chiến lược, nhưng giai đoạn triển khai các dự án này có thể gặp nhiều thách thức do phí sử dụng đất ở nhiều tỉnh như Đồng Nai và Vũng Tàu đang tăng mạnh. Do đó, tổng chi phí phát triển sẽ tăng và có tác động tiêu cực đến tỷ suất lợi nhuận trong tương lai. Chưa kể, việc triển khai các dự án mới và hoạt động huy động vốn trên thị trường bất động sản hiện nay tương đối chậm, khiến dòng tiền cần cho DIC Corp để phát triển các dự án trong tương lai càng khó khăn hơn”, chuyên gia của SSI nhận định. Trên thị trường, cổ phiếu DIG chốt phiên giao dịch ngày 14/9 đạt thị giá 25.550 đồng/cổ phiếu. Tính từ vùng đỉnh giá đạt được hồi đầu năm với thị giá 98.200 đồng/cổ phiếu (ngày 11/1), đến thời điểm hiện tại cổ phiếu DIG đã giảm gần 74%, đồng nghĩa với vốn hóa thị trường của DIC Corp cũng đã “bốc hơi” hơn 44.306 tỷ đồng. Giới phân tích cho rằng, việc cổ phiếu DIG “lao dốc” mạnh cũng là nguyên nhân chính khiến DIC Corp đã phải hai lần hạ giá chào bán cổ phiếu từ 30.000 đồng xuống 20.000 đồng/cổ phiếu, rồi 15.000 đồng/cổ phiếu, giảm 50% so với kế hoạch chào bán hồi đầu năm. “DIC Corp là một doanh nghiệp lớn, nắm trong tay một quỹ đất khủng, với nhiều dự án khủng có vốn đầu tư hàng chục nghìn tỷ đồng, nhưng thị giá cổ phiếu cũng chỉ ngang hàng với doanh nghiệp SME. Sau khi cổ phiếu “lao dốc”, cổ đông cũng không còn mặn mà với các kế hoạch kinh doanh của doanh nghiệp, điều này minh chứng cho việc DIC Corp phải mất 2 lần mới tổ chức thành công ĐHĐCĐ bất thường, khác hẳn với thời điểm tổ chức ĐHĐCĐ thường niên hồi đầu năm. Bên cạnh đó, mặc dù sở hữu nhiều dự án khủng, nhưng pháp lý các dự án vẫn đang dở dang, điều này cũng ảnh hướng lớn đến tiến độ triển khai các dự án của DIC Corp”, một vị chuyên gia đánh giá. Thiên Tân bán ra hơn 3 triệu cổ phiếu DIG ngay trước khi Chủ tịch DIC Corp tuyên bố mua vào cổ phiếu nếu giá dưới 30.000 đồng",DIG,DIG,,ticker_context_rule,0.95,auto_high_confidence,"Hạ giá chào bán 50%, cổ phiếu Target sẽ ""ngon, bổ, rẻ""?","Hạ giá chào bán 50%, cổ phiếu Target sẽ ""ngon, bổ, rẻ""?",FinABSA_target_masked_headline_v1,0,"Hạ giá chào bán 50%, cổ phiếu Target sẽ ""ngon, bổ, rẻ""?",The sentiment for Target in the given sentence is NEUTRAL.,neutral,,,,0.0,/home/huylkq/repos/nlp/FinABSA-Valid/MODEL/finabsa-other-masked-final_3epoch,Target,ok,neutral,2022-10-17 08:38:49+00:00,2022-10-17
823eb438bb6f3ff3_00,823eb438bb6f3ff3,https://cafef.vn/ba-nguyen-phuong-hang-va-cac-cong-ty-thanh-vien-dai-nam-the-chap-hon-2000-lo-dat-de-vay-no-tai-ngan-hang-ocb-20221016175114631.chn,2022-10-16T17:51:00,2022-10-16T18:20:05+07:00,,Bà Nguyễn Phương Hằng và các công ty thành viên Đại Nam dùng hơn 2.000 lô đất để thay thế nghĩa vụ trả nợ tại Ngân hàng OCB,"Một công ty trong danh sách vay nợ là  CTCP Glove Đại Nam - nhà máy sản xuất găng tay đúng thời điểm đại dịch Covid bùng lên ở Việt Nam, từng được tiết lộ vốn đầu tư lên tới 1 tỷ USD.","TIN MỚI Báo cáo quản trị 6 tháng đầu năm 2022 của Ngân hàng TMCP Phương Đông (OCB) đã tiết lộ việc ngân hàng này đang nhận tài sản đảm bảo là hơn 2.000 lô đất thuộc 2 Khu dân cư Đại Nam để thay thế nghĩa vụ trả nợ cho cá nhân và các doanh nghiệp có liên quan đến vợ chồng bà Nguyễn Phương Hằng – ông Huỳnh Uy Dũng. Cụ thể, Nghị quyết số 36/2022/NQ-HĐQT nhận tài sản đảm bảo là 963 lô đất thuộc Khu dân cư Đại Nam, xã Minh Hưng, huyện Chơn Thành, tỉnh Bình Phước để thay thế nghĩa vụ trả nợ của khách hàng Công ty TNHH Hoàng Gia Tân Định, Công ty TNHH TV&XD Đại Nam, bà Nguyễn Phương Hằng tại OCB Bình Dương nêu tại tờ trình số 281/2022/TT-TGĐ ngày 29/4/2022 của Tổng Giám đốc. Nghị quyết số 37/2022/NQ-HĐQT của OCB nhận tài sản đảm bảo là 1.104 lô đất thuộc Khu dân cư Đại Nam, phường Phú Tân, TP.Thủ Dầu Một, tỉnh Bình Dương để thay thế nghĩa vụ trả nợ của khách hàng CTCP Đại Nam, Công ty TNHH Hoàng Gia Tân Định, Công ty CP Glove Đại Nam, Công ty CP Glove Hằng Hữu, Công ty TNHH TV&XD Đại Nam, bà Nguyễn Phương Hằng tại OCB Bình Dương nêu tại tờ trình số 282/2022/TT-TGĐ ngày 29/4/2022 của Tổng Giám đốc. Tất cả các công ty này đều có người đại diện pháp luật là ông Huỳnh Uy Dũng, Trong đó nổi tiếng nhất là CTCP Glove Đại Nam được thành lập vào tháng 9/2020 – đúng thời điểm dịch bệnh COVID-19 diễn biến phức tạp. Công ty của vợ chồng ông chủ Đại Nam tập trung sản xuất găng tay, với mức đầu tư được CEO Nguyễn Phương Hằng hé lộ lên đến 1 tỷ đôla. Khi đó, ông Dũng mô tả sản phẩm này là “Khi đeo sẽ mang đến một cảm giác hoàn toàn khác” vì găng tay được sản xuất không sử dụng chất gây hại cho sức khỏe và da, giúp các y bác sĩ dễ chịu hơn trong quá trình khám chữa bệnh. Theo thông tin trên website của Glove Đại Nam, nhà máy có công suất đạt 36,8 triệu thùng mỗi năm. Trong đó, chủ lực là găng tay Nitrile được làm từ cao su tổng hợp Acrylonitrile Butadiene. Nhà máy của ông bà chủ Đại Nam có tên gọi Glove Đại Nam (trực thuộc hai công ty là Công ty cổ phần Glove Đại Nam và Công ty cổ phần Glove Hằng Hữu) được xây dựng tại Khu Công nghiệp Sóng Thần 3 thuộc trung tâm Tỉnh Bình Dương. Hằng Hữu là tên con trai của 2 ông bà. Công ty TNHH Hoàng Gia Tân Định có hoạt động chính là kinh doanh bất động sản. Công ty TNHH TV&XD Đại Nam hoạt động chinh trong lĩnh vực thi công, xây dựng các công trình dân dụng, công nghiệp, nhà xưởng. Trước đó, tại đại hội cổ đông thường niên sáng ngày 23/4, Tổng Giám đốc OCB Nguyễn Đình Tùng thông tin, tổng dư nợ nhà băng này cho Đại Nam vay là trên 1.000 tỷ đồng. Đáng chú ý, quyết định nhận tài sản đảm bảo để thay thế nghĩa vụ trả nợ của OCB đối với các đơn vị trên diễn ra vào cuối tháng 4 và sau đó gần nửa tháng, một công ty của ông Huỳnh Uy Dũng là công ty Tân Khai đã có bản ghi nhớ chuyển nhượng một phần dự án khu dân cư Đại Nam ở Bình Phước với giá hơn 2.400 tỷ đồng. Cụ thể, ông Huỳnh Uy Dũng chia sẻ, vào ngày 12/5/2022, Công ty Tân Khai ký ""hợp đồng ghi nhớ"" với Công ty cổ phần Vinasing Group (trụ sở chính tại quận Đống Đa, thành phố Hà Nội) về việc chuyển nhượng quyền sử dụng đất, với tổng giá trị hợp đồng dự kiến là trên 2.434 tỉ đồng. Đại diện Công ty Tân Khai ký hợp đồng là ông Huỳnh Uy Dũng - chủ tịch công ty, đại diện Công ty Vinasing Group là ông Lê Minh Thơ - chủ tịch HĐQT. Theo hợp đồng, Ngân hàng Phương Đông (OCB) chi nhánh Bình Dương là trung gian thanh toán. Tới ngày 21/5/2022, ông Huỳnh Uy Dũng ký văn bản gửi Công ty Vinasing Group thông báo chấm dứt hợp đồng ghi nhớ đã ký ngày 12/5/2022 vì bên mua không chuyển tiền cọc như cam kết. Do đó, hợp đồng ghi nhớ đã bị hủy. Ông Dũng không tiết lộ thêm có chuyển nhượng quyền sử dụng đất cho đối tác khác hay không.",OCB,OCB,OCB,alias,0.98,auto_high_confidence,Bà Nguyễn Phương Hằng và các công ty thành viên Đại Nam dùng hơn 2.000 lô đất để thay thế nghĩa vụ trả nợ tại Ngân hàng Target,Bà Nguyễn Phương Hằng và các công ty thành viên Đại Nam dùng hơn 2.000 lô đất để thay thế nghĩa vụ trả nợ tại Ngân hàng Target,FinABSA_target_masked_headline_v1,0,Bà Nguyễn Phương Hằng và các công ty thành viên Đại Nam dùng hơn 2.000 lô đất để thay thế nghĩa vụ trả nợ tại Ngân hàng Target,The sentiment for the given sentence is NEUTRAL.,neutral,,,,0.0,/home/huylkq/repos/nlp/FinABSA-Valid/MODEL/finabsa-other-masked-final_3epoch,Target,ok,neutral,2022-10-16 17:51:00+00:00,2022-10-16
9f258f3850050ae9_00,9f258f3850050ae9,https://cafef.vn/quy-ngoai-singapore-muon-gom-them-gan-5-trieu-co-phieu-ree-20221016084948516.chn,2022-10-16T11:00:36,2022-10-16T11:01:13+07:00,,Quỹ ngoại Singapore muốn gom thêm gần 5 triệu cổ phiếu REE,"Tạm tính theo mức giá hiện tại, Platinum Victory sẽ phải bỏ ra khoảng 371 tỷ đồng để mua được số cổ phiếu đã đăng ký.","TIN MỚI Sau nhiều lần giao dịch không đạt kỳ vọng, Platinum Victory Pte. Ltd thông báo tiếp tục đăng ký mua hơn 4,8 triệu cổ phiếu REE của tại Cơ điện lạnh (mã REE) để tăng tỷ lệ sở hữu. Theo đó, thời gian thực hiện từ 20/10 đến 18/11 theo phương thức giao dịch thỏa thuận hoặc giao dịch khớp lệnh trên sàn giao dịch chứng khoán hoặc giao dịch thông qua Trung tâm Lưu ký Chứng khoán. Nếu giao dịch hoàn tất, đơn vị sẽ nâng sở tại REE hữu từ 119,5 triệu cổ phần (tỷ lệ 33,64%) lên 124,3 triệu cổ phần (tỷ lệ 34,99%). Bất chấp thị trường chung liên tục trồi sụt, cổ phiếu REE tăng gần 6% so với hồi đầu tháng 10 lên mốc 77.300 đồng/cp (chốt phiên 14/10). Tuy nhiên, mã này đã giảm 22% nếu so với mức đỉnh thiết lập giữa tháng 6. Tạm tính theo mức giá hiện tại, Platinum Victory sẽ phải bỏ ra khoảng 371 tỷ đồng để mua được số cổ phiếu đã đăng ký. Thời gian gần đây, quỹ ngoại này vẫn miệt mài gom mua cổ phiếu REE , dù kết quả giao dịch không được như kỳ vọng do “thị trường không thuận lợi”. Mới đây nhất, Platinum Victory Pte.Ltd dự tính mua vào hơn 6 triệu cổ phiếu REE từ ngày 15/9-14/10. Tuy nhiên, kết thúc thời gian giao dịch, do điều kiện thị trường không thuận lợi, tổ chức này chỉ mua được hơn 1,2 triệu cổ phiếu REE thông qua phương thức giao dịch thỏa thuận trên sàn. Trước đó , quỹ ngoại này cũng đã đăng ký mua thêm gần 6,5 triệu cổ phiếu REE từ ngày 11/8-9/9. Tuy nhiên, đơn vị này cũng không mua được toàn bộ cổ phiếu đã đăng ký mà chỉ mua được 446 nghìn cổ phiếu. Quỹ này là đơn vị có liên quan đến Thành viên HĐQT Stephen Patrick Gore và Phó Chủ tịch HĐQT Alain Xavier Cany. Cả hai vị lãnh đạo này của Cơ khí Điện lạnh đều là đại diện theo ủy quyền tại Platinum Victory Pte. Ltd. Trong cơ cấu cổ đông của REE, Platinum Victory đang là cổ đông lớn nhất, tiếp đến là Chủ tịch HĐQT Nguyễn Thị Mai Thanh với 12,20%; chồng Chủ tịch là ông Nguyễn Ngọc Hải nắm giữ 5,47%, con trai Nguyễn Ngọc Thái Bình - thành viên HĐQT nắm giữ 1,96%. Thực tế, REE là một trong những cổ phiếu đang kín room ngoại với tỷ lệ thường xuyên ở mức tối đa 49%. Do REE đã hết room ngoại nên Platinum Victory có thể mua lại thông qua giao dịch thỏa thuận. Về kết quả kinh doanh, nửa đầu năm nay Cơ điện lạnh ghi nhận doanh thu 4.068 tỷ đồng, tăng 44,3% so với cùng kỳ năm trước. Biên lãi gộp được cải thiện từ 39% lên 50,3%. Nhờ vậy, lợi nhuận 6 tháng đầu năm của đơn vị này đạt 1.710 tỷ đồng, tăng 81,6% so với cùng kỳ. Năm 2022, REE lên kế hoạch kinh doanh với 9.279 tỷ đồng doanh thu và 2.064 tỷ đồng lợi nhuận sau thuế. Như vậy, sau 6 tháng, công ty đã hoàn thành 44% kế hoạch doanh thu và 83% chỉ tiêu lợi nhuận năm.",REE,REE,REE Corporation,alias,0.98,auto_high_confidence,Quỹ ngoại Singapore muốn gom thêm gần 5 triệu cổ phiếu Target,Quỹ ngoại Singapore muốn gom thêm gần 5 triệu cổ phiếu Target,FinABSA_target_masked_headline_v1,0,Quỹ ngoại Singapore muốn gom thêm gần 5 triệu cổ phiếu Target,The sentiment for Target in the given sentence is NEUTRAL.,neutral,,,,0.0,/home/huylkq/repos/nlp/FinABSA-Valid/MODEL/finabsa-other-masked-final_3epoch,Target,ok,neutral,2022-10-16 11:00:36+00:00,2022-10-16
7e510d526b866b49_00,7e510d526b866b49,https://cafef.vn/co-phieu-kbc-giam-40-trong-gan-2-thang-het-quy-ngoai-lai-den-co-dong-lien-quan-ong-dang-thanh-tam-muon-bat-day-20221015194001771.chn,2022-10-16T00:02:00,,,"Cổ phiếu KBC giảm 40% trong gần 2 tháng, hết quỹ ngoại lại đến cổ đông liên quan ông Đặng Thành Tâm muốn “bắt đáy”","Cổ phiếu KBC hiện đang giao dịch quay vùng đáy 21 tháng với thị giá 22.650 đồng/cổ phiếu, giảm 40% trong chưa đầy 2 tháng và thấp hơn 55% so với đỉnh vào cuối năm ngoái.","KBC: Giá hiện tại Thay đổi Xem hồ sơ doanh nghiệp TIN MỚI Nhóm quỹ thuộc Dragon Capital quản lý vừa thông báo đã hoàn tất mua vào hơn 5,5 triệu cổ phiếu KBC của Tổng Công ty Phát triển Đô thị Kinh Bắc – CTCP ( mã KBC ) qua đó nâng tỷ lệ sở hữu từ 7,71% lên 8,43%. Ngày giao dịch làm thay đổi tỷ lệ sở hữu của cả nhóm là ngày 12/10/2022. Ước tính theo giá đóng cửa của cổ phiếu KBC cùng ngày (23.250 đồng/cổ phiếu), nhóm Dragon Capital có thể đã chi ra gần 130 tỷ đồng cho thương vụ lần này. Cụ thể, Norges Bank mua vào 2 triệu cổ phiếu để nâng sở hữu từ 0,66% lên 0,92%; CTBC Vietnam Equity Fund mua vào 1,55 triệu cổ phiếu để nâng sở hữu từ 2,02% lên 2,22%; DC Developing Markets Strategies Public Limited Company mua vào 1,5 triệu cổ phiếu để nâng sở hữu từ 1,01% lên 1,2%; Samsung Vietnam Securities Master Investment Trust (Equity) mua 468.000 cổ phiếu để nâng sở hữu từ 0% lên 0,06%. Nhóm Dragon Capital gom thêm KBC Thời gian gần đây, nhóm Dragon Capital liên tục có động thái cơ cấu lại các khoản đầu tư. Cũng trong ngày 12/10, nhóm quỹ ngoại đã mua vào 925.000 cổ phiếu DGC của Hóa chất Đức Giang. Trước đó, các thành viên thuộc Dragon Capital đã liên tiếp bán ra 1 triệu cổ phiếu DXG của Đất Xanh Group trong ngày 11/10 và 5,4 triệu cổ phiếu GEX của GELEX vào ngày 7/10. Trở lại với KBC, tổ chức liên quan ông Đặng Thành Tâm, Chủ tịch HĐQT KBC là CTCP Đầu tư Vinatex – Tân Tạo cũng đã đăng ký mua thêm 5 triệu cổ phiếu KBC nhằm nâng tỷ lệ sở hữu từ 4,46% lên 5,11%. Giao dịch dự kiến diễn ra theo phương thức khớp lệnh hoặc thỏa thuận trong khoảng thời gian từ 10/10 – 8/11/2022. Động thái mua gom của quỹ ngoại và cổ đông liên quan người nội bộ diễn ra trong bối cảnh cổ phiếu KBC vừa trải qua chuỗi giảm mạnh. Cổ phiếu này hiện đang giao dịch quay vùng đáy 21 tháng với thị giá 22.650 đồng/cổ phiếu, giảm 40% trong chưa đầy 2 tháng và thấp hơn 55% so với đỉnh vào cuối năm ngoái. Tạm tính tại mức thị giá này, Vinatex – Tân Tạo có thể phải chi hơn 110 tỷ đồng cho giao dịch trên. Cổ phiếu KBC giảm mạnh về đáy 21 tháng Ở một diễn biến khác, KBC cũng đã thông qua việc thực hiện giao dịch quyền mua cổ phiếu phát hành thêm (tỷ lệ 1:1) của CTCP Viễn thông Sài Gòn (Saigontel – mã SGT). Theo đó, công ty dự kiến sẽ chi gần 160 tỷ đồng để mua 15,9 triệu cổ phiếu SGT với giá chào bán 10.000 đồng/cổ phiếu. Thời gian đăng ký và nộp tiền là từ ngày 20/10 – 24/10/2022. Trước đó, ông Đặng Thành Tâm cũng đã đăng ký mua tổng cộng hơn 17,5 triệu cổ phiếu SGT theo phương thức giao dịch thỏa thuận với cùng mục đích trên. Số tiền dự chi vào khoảng 175 tỷ đồng. Hiện tại, ông Đặng Thành Tâm đang là Chủ tịch HĐQT cũng đồng thời là cổ đông lớn nhất nắm 23,69% cổ phần tại Saigontel.",KBC,KBC,,ticker_context_rule,0.95,auto_high_confidence,"Cổ phiếu Target giảm 40% trong gần 2 tháng, hết quỹ ngoại lại đến cổ đông liên quan ông Đặng Thành Tâm muốn “bắt đáy”","Cổ phiếu Target giảm 40% trong gần 2 tháng, hết quỹ ngoại lại đến cổ đông liên quan ông Đặng Thành Tâm muốn “bắt đáy”",FinABSA_target_masked_headline_v1,0,"Cổ phiếu Target giảm 40% trong gần 2 tháng, hết quỹ ngoại lại đến cổ đông liên quan ông Đặng Thành Tâm muốn “bắt đáy”",The sentiment for Target in the given sentence is POSITIVE.,positive,,,,1.0,/home/huylkq/repos/nlp/FinABSA-Valid/MODEL/finabsa-other-masked-final_3epoch,Target,ok,positive,2022-10-16 00:02:00+00:00,2022-10-16
a155d645d55045d0_00,a155d645d55045d0,https://cafef.vn/su-dung-54-tai-khoan-de-thao-tung-co-phieu-tni-mot-ca-nhan-bi-ubcknn-xu-phat-hon-nua-ty-dong-20221025205725.chn,2022-10-25T20:57:00,2022-10-25T21:00:42+07:00,,"Sử dụng 54 tài khoản để thao túng cổ phiếu TNI, một cá nhân bị UBCKNN xử phạt hơn nửa tỷ đồng","Căn cứ kết quả kiểm tra, ông Nguyễn Ngọc Long đã sử dụng 54 tài khoản để liên tục mua, bán, tạo cung cầu giả tạo, thao túng cổ phiếu TNI.","TNI: Giá hiện tại Thay đổi Xem hồ sơ doanh nghiệp TIN MỚI Uỷ ban Chứng khoán Nhà nước (UBCKNN) vừa ra quyết định xử phạt vi phạm hành chính trong lĩnh vực chứng khoán và thị trường chứng khoán đối với ông Nguyễn Ngọc Long. Căn cứ kết quả kiểm tra của UBCKNN cho thấy, ông Nguyễn Ngọc Long (Địa chỉ: quận Nam Từ Liêm, thành phố Hà Nội) đã thực hiện hành vi thao túng cổ phiếu của Công ty cổ phần Tập đoàn Thành Nam (mã chứng khoán: TNI). Ông Nguyễn Ngọc Long đã sử dụng 54 tài khoản để liên tục mua, bán, tạo cung cầu giả tạo, thao túng cổ phiếu TNI. Theo đó, ngày 21/10/2022, UBCKNN ban hành Quyết định số về việc xử phạt vi phạm hành chính đối với ông Nguyễn Ngọc Long, số tiền phạt là 550 triệu. Ngoài ra, căn cứ kết quả kiểm tra và các tài liệu có trong hồ sơ, xem xét tính toán số lợi bất hợp pháp từ việc thực hiện hành vi vi phạm cho thấy không có số lợi bất hợp pháp từ hành vi vi phạm của ông Nguyễn Ngọc Long. Về Tập đoàn Thành Nam, tiền thân là một công ty quy mô nhỏ chuyên sản xuất inox. Hiện tại, Tập đoàn đã phát triển thành tập đoàn đa ngành trong lĩnh vực bất động sản, đầu tư khu du lịch, khách sạn, nông sản… Xét tới tình hình kinh doanh, lợi nhuận quý 2 vừa qua chỉ hơn 91 triệu đồng, giảm đến 98% so cùng kỳ, tuy nhiên đã dứt được chuỗi 2 quý thua lỗ liên tiếp trước đó. Luỹ kế nửa đầu năm 2022, TNI lãi 776 triệu đồng, cải thiện so với số lỗ hơn 65 tỷ cùng kỳ năm trước. Tuy nhiên, ﻿đơn vị kiểm toán BCTC bán niên cũng lưu ý về khoản phải thu từ ông Nguyễn Hùng Cường - Chủ tịch HĐQT TNI. Theo đó, Thành Nam đã ủy thác cho ông Cường thực hiện mua các tài sản là quyền sử dụng đất. Đến khi chốt báo cáo tài chính bán niên giao dịch đã hoàn thành, nhưng quyền sử dụng đất chưa được chuyển tên trên giấy chứng nhận quyền sử dụng đất từ cá nhân sang cho công ty. Bên cạnh đó, công ty cũng tạm ứng cho ông Cường hơn 152 tỷ đồng để thực hiện mua các tài sản là quyền sử dụng đất, sau đó chuyển sang cho công ty. Tuy nhiên đến khi chốt báo cáo tài chính bán niên, giao dịch vẫn chưa hoàn thành. Chủ tịch Tập đoàn cũng có cam kết bằng văn bản trước ĐHCĐ và HĐQT về việc chịu trách nhiệm hiệu quả của đầu tư, bao gồm việc bảo toàn vốn, không làm thất thoát vốn, tài sản và các nguồn lực khác của công ty từ việc được ủy thác và tạm ứng. Về mã chứng khoán TNI, cổ phi﻿ếu này đang bị đưa vào diện cảnh báo từ hồi tháng 2/2022 với nguyên nhân lợi nhuận sau thuế cổ đông công ty mẹ ghi nhận trên báo cáo tài chính hợp nhất kiểm toán năm 2021 âm 16 tỷ đồng. Diễn biến trên thị trường, TNI chốt phiên 25/10 đạt 2.650 đồng/cp, tương ứng giảm tới 82% kể từ mức đỉnh hồi tháng 11/2021.",TNI,TNI,,ticker_context_rule,0.95,auto_high_confidence,"Sử dụng 54 tài khoản để thao túng cổ phiếu Target, một cá nhân bị UBCKNN xử phạt hơn nửa tỷ đồng","Sử dụng 54 tài khoản để thao túng cổ phiếu Target, một cá nhân bị UBCKNN xử phạt hơn nửa tỷ đồng",FinABSA_target_masked_headline_v1,0,"Sử dụng 54 tài khoản để thao túng cổ phiếu Target, một cá nhân bị UBCKNN xử phạt hơn nửa tỷ đồng",The sentiment for Target in the given sentence is NEUTRAL.,neutral,,,,0.0,/home/huylkq/repos/nlp/FinABSA-Valid/MODEL/finabsa-other-masked-final_3epoch,Target,ok,neutral,2022-10-25 20:57:00+00:00,2022-10-25
525b2f94fa2edcd0_00,525b2f94fa2edcd0,https://cafef.vn/co-phieu-ngan-hang-dao-chieu-ngoan-muc-shb-ctg-lpb-tang-kich-tran-20221025153021208.chn,2022-10-25T15:30:27,,,"Cổ phiếu ngân hàng đảo chiều ngoạn mục, SHB, CTG, LPB tăng kịch trần","Từ mức đáy của phiên hôm nay (25/10), nhiều cổ phiếu ngân hàng đã bật tăng tới 10%.","TIN MỚI Cổ phiếu ngân hàng phiên 25/10 có cú đảo chiều ngoạn mục. Phiên giao dịch sáng nay, nhóm ngành này chìm trong sắc đỏ với hàng loạt mã giảm sâu rồi bất ngờ quay đầu hồi phục từ 11h. Đà tăng mạnh tiếp nối vào đầu giờ chiều khi hàng loạt cổ phiếu ngân hàng tăng kịch trần như LPB, CTG, BID, SHB, MBB, ACB, STB,… Đóng cửa phiên hôm nay, 16/27 cổ phiếu ngân hàng tăng giá. Trong đó, LPB, CTG , SHB kết phiên ở giá trần. EIB cũng tăng 6,8%, gần kịch biên độ phiên hôm nay. Tiếp đến là MBB (5,1%), ACB (4,6%), BID (3,1%),… Cổ phiếu có vốn hóa lớn nhất thị trường là VCB cũng diễn biến tích cực, đóng của tăng 2,8% lên 69.900 đồng/cp. TCB sáng nay suýt rơi xuống dưới 20.000 đồng/cp cũng hồi phục mạnh, có lúc tăng 5,4% lên 22.450 đồng/cp, khi kết phiên lại lùi về giá tham chiếu 21.300 đồng/cp. Từ mức đáy của phiên hôm nay, nhiều cổ phiếu đã bật tăng tới 10%. Chẳng hạn, LPB sáng nay có thời điểm giảm 2,6% rồi sau đó bật tăng kịch trần, hay EIB trước khi kết phiên tăng 6,8% cũng có lúc giảm 4%,… Đây là phiên tăng đầu tiên của nhiều mã ngân hàng sau 1 tuần ròng rã chìm trong sắc đỏ như STB, LPB, MBB, SHB,…Nhờ đó, LPB và SHB lại trở lại trên mệnh giá 10.000 đồng/cp, 2 cổ phiếu này đã loanh quanh vùng giá này trong suốt 2 tuần trở lại đây. VCB, CTG, BID là những cổ phiếu có tác động tích cực nhất lên thị trường, giúp VNINdex tăng 11,55 điểm lên 997,7 điểm. Ở chiều ngược lại, một số cổ phiếu đóng cửa trong sắc đỏ như VAB (-1,3%), VBB (-2,2%), NVB (-6,3%), SGB (-9,8%). Thanh khoản toàn ngành nhìn chung vẫn duy trì ngang với các phiên gần đây, đạt 2.000 tỷ đồng. STB dẫn đầu với giá trị khớp lệnh đạt hơn 341 tỷ đồng, tiếp đến là MBB (259 tỷ đồng), VPB (234 tỷ đồng), TCB (200 tỷ đồng),…Ở phương thức thỏa thuận, TCB và TPB có giá trị giao dịch khá lớn, lần lượt là 90 tỷ đồng và 200 tỷ đồng. Về giao dịch của khối ngoại, nhà đầu tư nước ngoài mua ròng hơn 1,4 triệu cp SHB phiên hôm nay trong khi bán ròng hơn 1,3 triệu cp STB.",CTG,CTG,VietinBank,alias,0.98,auto_high_confidence,"Cổ phiếu ngân hàng đảo chiều ngoạn mục, Other, Target, Other tăng kịch trần","Cổ phiếu ngân hàng đảo chiều ngoạn mục, Other, Target, Other tăng kịch trần",FinABSA_target_masked_headline_v1,0,"Cổ phiếu ngân hàng đảo chiều ngoạn mục, Other, Target, Other tăng kịch trần",The sentiment for Target in the given sentence is NEUTRAL.,neutral,,,,0.0,/home/huylkq/repos/nlp/FinABSA-Valid/MODEL/finabsa-other-masked-final_3epoch,Target,ok,neutral,2022-10-25 15:30:27+00:00,2022-10-25
525b2f94fa2edcd0_01,525b2f94fa2edcd0,https://cafef.vn/co-phieu-ngan-hang-dao-chieu-ngoan-muc-shb-ctg-lpb-tang-kich-tran-20221025153021208.chn,2022-10-25T15:30:27,,,"Cổ phiếu ngân hàng đảo chiều ngoạn mục, SHB, CTG, LPB tăng kịch trần","Từ mức đáy của phiên hôm nay (25/10), nhiều cổ phiếu ngân hàng đã bật tăng tới 10%.","TIN MỚI Cổ phiếu ngân hàng phiên 25/10 có cú đảo chiều ngoạn mục. Phiên giao dịch sáng nay, nhóm ngành này chìm trong sắc đỏ với hàng loạt mã giảm sâu rồi bất ngờ quay đầu hồi phục từ 11h. Đà tăng mạnh tiếp nối vào đầu giờ chiều khi hàng loạt cổ phiếu ngân hàng tăng kịch trần như LPB, CTG, BID, SHB, MBB, ACB, STB,… Đóng cửa phiên hôm nay, 16/27 cổ phiếu ngân hàng tăng giá. Trong đó, LPB, CTG , SHB kết phiên ở giá trần. EIB cũng tăng 6,8%, gần kịch biên độ phiên hôm nay. Tiếp đến là MBB (5,1%), ACB (4,6%), BID (3,1%),… Cổ phiếu có vốn hóa lớn nhất thị trường là VCB cũng diễn biến tích cực, đóng của tăng 2,8% lên 69.900 đồng/cp. TCB sáng nay suýt rơi xuống dưới 20.000 đồng/cp cũng hồi phục mạnh, có lúc tăng 5,4% lên 22.450 đồng/cp, khi kết phiên lại lùi về giá tham chiếu 21.300 đồng/cp. Từ mức đáy của phiên hôm nay, nhiều cổ phiếu đã bật tăng tới 10%. Chẳng hạn, LPB sáng nay có thời điểm giảm 2,6% rồi sau đó bật tăng kịch trần, hay EIB trước khi kết phiên tăng 6,8% cũng có lúc giảm 4%,… Đây là phiên tăng đầu tiên của nhiều mã ngân hàng sau 1 tuần ròng rã chìm trong sắc đỏ như STB, LPB, MBB, SHB,…Nhờ đó, LPB và SHB lại trở lại trên mệnh giá 10.000 đồng/cp, 2 cổ phiếu này đã loanh quanh vùng giá này trong suốt 2 tuần trở lại đây. VCB, CTG, BID là những cổ phiếu có tác động tích cực nhất lên thị trường, giúp VNINdex tăng 11,55 điểm lên 997,7 điểm. Ở chiều ngược lại, một số cổ phiếu đóng cửa trong sắc đỏ như VAB (-1,3%), VBB (-2,2%), NVB (-6,3%), SGB (-9,8%). Thanh khoản toàn ngành nhìn chung vẫn duy trì ngang với các phiên gần đây, đạt 2.000 tỷ đồng. STB dẫn đầu với giá trị khớp lệnh đạt hơn 341 tỷ đồng, tiếp đến là MBB (259 tỷ đồng), VPB (234 tỷ đồng), TCB (200 tỷ đồng),…Ở phương thức thỏa thuận, TCB và TPB có giá trị giao dịch khá lớn, lần lượt là 90 tỷ đồng và 200 tỷ đồng. Về giao dịch của khối ngoại, nhà đầu tư nước ngoài mua ròng hơn 1,4 triệu cp SHB phiên hôm nay trong khi bán ròng hơn 1,3 triệu cp STB.",SHB,SHB,SHB,alias,0.98,auto_high_confidence,"Cổ phiếu ngân hàng đảo chiều ngoạn mục, Target, Other, Other tăng kịch trần","Cổ phiếu ngân hàng đảo chiều ngoạn mục, Target, Other, Other tăng kịch trần",FinABSA_target_masked_headline_v1,1,"Cổ phiếu ngân hàng đảo chiều ngoạn mục, Target, Other, Other tăng kịch trần",The sentiment for Target in the given sentence is NEUTRAL.,neutral,,,,0.0,/home/huylkq/repos/nlp/FinABSA-Valid/MODEL/finabsa-other-masked-final_3epoch,Target,ok,neutral,2022-10-25 15:30:27+00:00,2022-10-25
525b2f94fa2edcd0_02,525b2f94fa2edcd0,https://cafef.vn/co-phieu-ngan-hang-dao-chieu-ngoan-muc-shb-ctg-lpb-tang-kich-tran-20221025153021208.chn,2022-10-25T15:30:27,,,"Cổ phiếu ngân hàng đảo chiều ngoạn mục, SHB, CTG, LPB tăng kịch trần","Từ mức đáy của phiên hôm nay (25/10), nhiều cổ phiếu ngân hàng đã bật tăng tới 10%.","TIN MỚI Cổ phiếu ngân hàng phiên 25/10 có cú đảo chiều ngoạn mục. Phiên giao dịch sáng nay, nhóm ngành này chìm trong sắc đỏ với hàng loạt mã giảm sâu rồi bất ngờ quay đầu hồi phục từ 11h. Đà tăng mạnh tiếp nối vào đầu giờ chiều khi hàng loạt cổ phiếu ngân hàng tăng kịch trần như LPB, CTG, BID, SHB, MBB, ACB, STB,… Đóng cửa phiên hôm nay, 16/27 cổ phiếu ngân hàng tăng giá. Trong đó, LPB, CTG , SHB kết phiên ở giá trần. EIB cũng tăng 6,8%, gần kịch biên độ phiên hôm nay. Tiếp đến là MBB (5,1%), ACB (4,6%), BID (3,1%),… Cổ phiếu có vốn hóa lớn nhất thị trường là VCB cũng diễn biến tích cực, đóng của tăng 2,8% lên 69.900 đồng/cp. TCB sáng nay suýt rơi xuống dưới 20.000 đồng/cp cũng hồi phục mạnh, có lúc tăng 5,4% lên 22.450 đồng/cp, khi kết phiên lại lùi về giá tham chiếu 21.300 đồng/cp. Từ mức đáy của phiên hôm nay, nhiều cổ phiếu đã bật tăng tới 10%. Chẳng hạn, LPB sáng nay có thời điểm giảm 2,6% rồi sau đó bật tăng kịch trần, hay EIB trước khi kết phiên tăng 6,8% cũng có lúc giảm 4%,… Đây là phiên tăng đầu tiên của nhiều mã ngân hàng sau 1 tuần ròng rã chìm trong sắc đỏ như STB, LPB, MBB, SHB,…Nhờ đó, LPB và SHB lại trở lại trên mệnh giá 10.000 đồng/cp, 2 cổ phiếu này đã loanh quanh vùng giá này trong suốt 2 tuần trở lại đây. VCB, CTG, BID là những cổ phiếu có tác động tích cực nhất lên thị trường, giúp VNINdex tăng 11,55 điểm lên 997,7 điểm. Ở chiều ngược lại, một số cổ phiếu đóng cửa trong sắc đỏ như VAB (-1,3%), VBB (-2,2%), NVB (-6,3%), SGB (-9,8%). Thanh khoản toàn ngành nhìn chung vẫn duy trì ngang với các phiên gần đây, đạt 2.000 tỷ đồng. STB dẫn đầu với giá trị khớp lệnh đạt hơn 341 tỷ đồng, tiếp đến là MBB (259 tỷ đồng), VPB (234 tỷ đồng), TCB (200 tỷ đồng),…Ở phương thức thỏa thuận, TCB và TPB có giá trị giao dịch khá lớn, lần lượt là 90 tỷ đồng và 200 tỷ đồng. Về giao dịch của khối ngoại, nhà đầu tư nước ngoài mua ròng hơn 1,4 triệu cp SHB phiên hôm nay trong khi bán ròng hơn 1,3 triệu cp STB.",LPB,LPB,LPBank,alias,0.98,auto_high_confidence,"Cổ phiếu ngân hàng đảo chiều ngoạn mục, Other, Other, Target tăng kịch trần","Cổ phiếu ngân hàng đảo chiều ngoạn mục, Other, Other, Target tăng kịch trần",FinABSA_target_masked_headline_v1,2,"Cổ phiếu ngân hàng đảo chiều ngoạn mục, Other, Other, Target tăng kịch trần",The sentiment for Target in the given sentence is NEUTRAL.,neutral,,,,0.0,/home/huylkq/repos/nlp/FinABSA-Valid/MODEL/finabsa-other-masked-final_3epoch,Target,ok,neutral,2022-10-25 15:30:27+00:00,2022-10-25
9684ae2b3fa1c918_00,9684ae2b3fa1c918,https://cafef.vn/thi-gia-kbc-troi-ve-day-23-thang-dragon-capital-lap-tuc-ban-ra-hon-14-trieu-co-phieu-chi-sau-it-ngay-mua-vao-2022102514422981.chn,2022-10-25T14:43:49,,,"Thị giá KBC trôi về đáy 23 tháng, Dragon Capital lập tức bán ra hơn 1,4 triệu cổ phiếu chỉ sau ít ngày mua vào","KBC đã giảm sàn 3 phiên liên tiếp và rơi xuống mức 18.600 đồng/cổ phiếu, thấp nhất trong vòng gần 23 tháng. So với đỉnh đạt được cuối năm ngoái, cổ phiếu này đã mất đến hơn 60% thị giá.","KBC: Giá hiện tại Thay đổi Xem hồ sơ doanh nghiệp TIN MỚI Nhóm quỹ do Dragon Capital quản lý vừa thông báo đã bán ròng hơn 1,4 triệu cổ phiếu KBC của Tổng Công ty Phát triển Đô thị Kinh Bắc – CTCP (Kinh Bắc City) trong 3 ngày từ 19-21/10 vừa qua. Toàn bộ lượng cổ phiếu được bán ra bởi Vietnam Enterprise Investment Limited (VEIL) trong khi Samsung Vietnam Securities Master Investment Trust (Equity) đã mua 100.000 đơn vị vào ngày 20/10 nhưng đã nhanh chóng bán ra chỉ 1 ngày sau đó. Sau các giao dịch, tỷ lệ sở hữu của cả nhóm quỹ đã giảm xuống còn 7,94% tương ứng lượng cổ phiếu KBC nắm giữ gần 61 triệu đơn vị. Đáng chú ý, chỉ trước đó khoảng 1 tuần, một số quỹ thành viên thuộc Dragon Capital đã chi hơn trăm tỷ để mua vào hơn 5,5 triệu cổ phiếu KBC qua đó nâng tỷ lệ sở hữu từ 7,71% lên 8,43%. Ngày giao dịch làm thay đổi tỷ lệ sở hữu của cả nhóm là ngày 12/10/2022. Động thái lướt sóng của Dragon Capital diễn ra trong bối cảnh cổ phiếu KBC đang liên tục giảm sâu từ đầu tháng 8. Cổ phiếu này vừa có phiên sàn thứ 3 liên tiếp qua đó rơi xuống mức 18.600 đồng/cổ phiếu, thấp nhất trong vòng gần 23 tháng. So với đỉnh đạt được cuối năm ngoái, KBC đã mất đến hơn 60% thị giá. Vốn hóa thị trường cũng theo đó “bốc hơi” gần 21.500 tỷ đồng, chỉ còn chưa đến 14.300 tỷ đồng. Trong một diễn biến khác, tổ chức liên quan ông Đặng Thành Tâm, Chủ tịch HĐQT KBC là CTCP Đầu tư Vinatex – Tân Tạo đã đăng ký mua thêm 5 triệu cổ phiếu KBC nhằm nâng tỷ lệ sở hữu từ 4,46% lên 5,11%. Giao dịch dự kiến diễn ra theo phương thức khớp lệnh hoặc thỏa thuận trong khoảng thời gian từ 10/10 – 8/11/2022. Ước tính tại mức thị giá hiện tại, số tiền Vinatex – Tân Tạo dự chi cho thương vụ này vào khoảng 93 tỷ đồng. Về tình hình kinh doanh, Chứng khoán Rồng Việt (VDSC) cho rằng KBC sẽ khó về đích trong năm nay. CTCK này dự báo, tổng doanh thu năm 2022 của KBC có thể đạt 2.985 tỷ đồng và LNST là 3.044 tỷ đồng, lần lượt thực hiện 30,5% và 68% kế hoạch năm. Tương ứng, doanh thu và LNST nửa cuối năm ước tính lần lượt là 1.900 tỷ đồng và 2.929 tỷ đồng. Theo VDSC, các dự án mới nhất của KBC là Nam Sơn Hạp Lĩnh, Tân Phú Trung và dự án khu đô thị Tràng Duệ sẽ là nguồn doanh thu chính cho KBC trong năm 2022. Trong khi đó, dự án khu đô thị Tràng Cát khả năng cao là sẽ lỗi hẹn trong năm nay, cùng với khu đô thị Phúc Ninh mặc dù kinh doanh tốt nhưng chưa thể bàn giao do các vấn đề liên quan đến nghĩa vụ phải trả chưa hoàn thành. Ngoài ra, khoản lợi nhuận từ việc đánh giá lại khoản đầu tư vào CTCP đầu tư Sài Gòn – Đà Nẵng (2.200 tỷ đồng) sẽ được ghi nhận trong nửa cuối năm 2022 sau khi có sự thống nhất giữa các đơn vị thẩm định giá Savill và kiểm toán EY.",ita,ITA,Itaco,alias,0.98,auto_high_confidence,"Thị giá Other trôi về đáy 23 tháng, Dragon CapTargetl lập tức bán ra hơn 1,4 triệu cổ phiếu chỉ sau ít ngày mua vào","Thị giá Other trôi về đáy 23 tháng, Dragon CapTargetl lập tức bán ra hơn 1,4 triệu cổ phiếu chỉ sau ít ngày mua vào",FinABSA_target_masked_headline_v1,0,"Thị giá Other trôi về đáy 23 tháng, Dragon CapTargetl lập tức bán ra hơn 1,4 triệu cổ phiếu chỉ sau ít ngày mua vào",The sentiment for Target in the given sentence is NEUTRAL.,neutral,,,,0.0,/home/huylkq/repos/nlp/FinABSA-Valid/MODEL/finabsa-other-masked-final_3epoch,Target,ok,neutral,2022-10-25 14:43:49+00:00,2022-10-25
d74a2ca5b3a5864e_00,d74a2ca5b3a5864e,https://cafef.vn/lan-thu-ba-trong-nam-bi-ctck-ban-giai-chap-co-phieu-hdc-lanh-dao-hodeco-va-to-chuc-co-lien-quan-quyet-dinh-thoai-sach-von-20221025112910373.chn,2022-10-25T11:29:00,2022-10-25T11:29:55+07:00,,"Lần thứ ba trong năm bị CTCK bán giải chấp cổ phiếu HDC, lãnh đạo Hodeco và tổ chức có liên quan quyết định thoái sạch vốn","Trong hai phiên cổ đông bị bán giải chấp cổ phiếu, thị giá HDC giảm sàn liên tiếp, về vùng giá thấp nhất 17 tháng.","HDC: Giá hiện tại Thay đổi Xem hồ sơ doanh nghiệp TIN MỚI Trong thông báo mới nhất, ông Nguyễn Tuấn Anh, Thành viên HĐQT độc lập Công ty cổ phần Phát triển nhà Bà Rịa - Vũng Tàu (Hodeco, mã chứng khoán: HDC) vừa báo cáo bán ra thành công 73.000 cổ phiếu HDC. Sau giao dịch, lượng cổ phần sở hữu giảm từ 212.115 đơn vị xuống 139.115 cổ phiếu, tương đương tỷ lệ nắm giữ đạt 0,13% vốn điều lệ. Giao dịch được thực hiện từ ngày 21/10 đến ngày 24/10. Đáng chú ý, lý do thực hiện giao dịch được đưa ra đều là do công ty chứng khoán bán giải chấp. Không chỉ vị lãnh đạo này, một cổ đông khác có liên quan tới ông Tuấn Anh tại Hodeco cũng vừa báo cáo giao dịch bán ra cổ phần HDC với cùng kỳ do công ty chứng khoán bán giải chấp. Theo đó, CTCP Đầu tư Thiên Anh Minh (nơi ông Tuấn Anh giữ chức Chủ tịch) đã bán ra 68.600 cổ phiếu HDC, giảm lượng nắm giữ xuống còn 148.500 cổ phiếu (0,14% vốn điều lệ). Thời gian thực hiện giao dịch được cũng từ ngày 21/10 đến 24/10. Trong hai phiên 21 và 24/10 hai cổ đông bị bán giải chấp cổ phiếu, thị giá HDC giảm sàn liên tiếp, đóng cửa phiên 24/10 tại mức 29.900 đồng/cp, tương ứng vùng giá thấp nhất 17 tháng. Việc liên tục bị bán tháo trong thời gian qua khiến HDC đánh mất 68% kể từ đỉnh đầu năm. Thị giá HDC giảm gần 68% kể từ đỉnh Thực tế, đây không phải lần ông Nguyễn Tuấn Anh và tổ chức có liên quan là Đầu tư Thiên Anh Minh bị công ty chứng khoán bán giải chấp cổ phiếu. Trước đó, trong phiên 13/10, ông Tuấn Anh đã bán ra 34.900 cổ phiếu HDC còn Đầu tư Thiên Anh Minh đã bán ra 32.900 cổ phiếu HDC, lý do đưa ra đều bởi bị “call margin” từ công ty chứng khoán. Hay hồi tháng 6, Thiên Anh Minh cũng buộc phải bán ra 200.000 cổ phiếu HDC với lý do như trên. Trong động thái mới nhất, sau khi bị bán giải chấp hàng loạt, ông Tuấn Anh và CTCP Đầu tư Thiên Anh Minh đã chủ động đăng ký bán ra toàn bộ lượng cổ phần HDC còn nắm giữ, lần lượt là 139.115 cổ phiếu và 148.500 cổ phiếu. Thời gian giao dịch dự kiến từ 28/10/2022 đến 25/11/2022. Ở chiều ngược lại, ông Đoàn Hữu Hà An, con ông Đoàn Hữu Thuận, Chủ tịch HĐQT Hodeco lại vừa đăng ký mua vào 100.000 cổ phiếu HDC, nâng sở hữu từ 0,93% lên 1,02% vốn điều lệ. Tương tự, người con trai khác của Chủ tịch Thuận là ông Đoàn Hữu Hà Vinh cũng đăng ký mua thêm 100.000 cổ phiếu HDC để nâng sở hữu lên 2,18% vốn điều lệ. Cả hai giao dịch đề dự kiến thực hiện từ 19/10 đến 17/11/2022. Ngoài ra, ông Lê Viết Liên, thành viên HĐQT kiêm Tổng giám đốc Hodeco đăng ký mua vào 100.000 cổ phiếu HDC, nâng sở hữu lên 4,26% vốn điều lệ, giao dịch dự kiến thực hiện từ 20/10 đến 18/11. Xét về hoạt động kinh doanh, quý 3 vừa qua Hodeco ghi nhận doanh thu đạt 344 tỷ đồng, tăng 22% so với cùng kỳ. Công ty thu về hơn 72 tỷ lợi nhuận sau thuế, tăng 8% so với quý 3/2021. Theo Hodeco, doanh thu tăng trong do ghi nhận chủ yếu từ một phần dự án The Light City giai đoạn 1, dự án Ngọc Tước và dự án Ecotown Phú Mỹ. Luỹ kế 9 tháng đầu năm, lợi nhuận sau thuế đạt 249 tỷ đồng, mới hoàn thành được 58% kế hoạch lợi nhuận năm.",HDC,HDC,,ticker_context_rule,0.95,auto_high_confidence,"Lần thứ ba trong năm bị CTCK bán giải chấp cổ phiếu Target, lãnh đạo Hodeco và tổ chức có liên quan quyết định thoái sạch vốn","Lần thứ ba trong năm bị CTCK bán giải chấp cổ phiếu Target, lãnh đạo Hodeco và tổ chức có liên quan quyết định thoái sạch vốn",FinABSA_target_masked_headline_v1,0,"Lần thứ ba trong năm bị CTCK bán giải chấp cổ phiếu Target, lãnh đạo Hodeco và tổ chức có liên quan quyết định thoái sạch vốn",The sentiment for Target in the given sentence is NEUTRAL.,neutral,,,,0.0,/home/huylkq/repos/nlp/FinABSA-Valid/MODEL/finabsa-other-masked-final_3epoch,Target,ok,neutral,2022-10-25 11:29:00+00:00,2022-10-25
7a3057053dd0eb00_00,7a3057053dd0eb00,https://cafef.vn/ty-gia-vietcombank-bidv-va-vietinbank-tiep-tuc-neo-kich-tran-gia-usd-tu-do-len-25300-dong-20221025103121528.chn,2022-10-25T10:31:27,,,"Tỷ giá Vietcombank, BIDV và VietinBank tiếp tục neo kịch trần, giá USD tự do lên 25.300 đồng",Giá USD trong nước vẫn chưa có tín hiệu hạ nhiệt dù NHNN đã tăng một loạt lãi suất điều hành thêm 1 điểm %.,"TIN MỚI Tỷ giá USD trong nước vẫn chưa có dấu hiệu hạ nhiệt khi tiếp tục tăng trên cả thị trường chính thức và thị trường tự do. Sáng nay (25/10), Ngân hàng Nhà nước (NHNN) tăng tỷ giá trung tâm thêm 3 đồng so với ngày hôm qua, lên 23.703 VND/USD. Qua đó, đánh dấu chuỗi tăng 13 phiên liên tiếp vởi tổng mức tăng 286 đồng, tương đương hơn 1,2%. Bên cạnh đó, Nhà điều hành vẫn giữ giá bán USD tại Sở Giao dịch ở mức 24.870 VND và không niêm yết giá mua vào. Trước đó, trong sáng hôm qua (24/10), NHNN đã tăng mạnh giá bán USD từ 24.380 VND/USD lên 24.870 VND/USD, tức tăng 490 đồng - mức điều chỉnh mạnh nhất trong nhiều năm qua. Đây là lần thứ 6 trong năm 2022 NHNN thực hiện nâng giá bán USD và là lần thứ 4 trong vòng hơn 1 tháng trở lại đây. Tựu chung từ đầu năm, giá bán USD từ Sở Giao dịch NHNN đã tăng tổng cộng tới 1.720 VND, tương đương mức tăng 7,4%. Trên thị trường ngân hàng, dù tỷ giá trung tâm đã tăng thêm 3 đồng, nhưng đa số nhà băng vẫn tiếp tục nâng giá bán USD ở mức kịch trần 5%. Theo đó, hầu hết ngân hàng trong mẫu khảo sát của chúng tôi đều đã tăng giá bán USD lên mức tối đa được phép là 24.888 VND/USD. Trong đó gồm cả 3 ngân hàng thương mại Nhà nước có quy mô giao dịch ngoại tệ lớn nhất hệ thống là Vietcombank, VietinBank và BIDV. So với mức đóng cửa hôm qua, giá USD tại các ngân hàng đã tăng thêm 3 đồng, tương ứng với mức tăng của tỷ giá trung tâm. Trước đó, tỷ giá USD/VND tại các ngân hàng đã tăng khoảng 650 đồng trong tuần trước, tương đương tăng 2,6%. Đây là tuần mất giá mạnh nhất của VND so với USD kể từ đầu năm đến nay, và thậm chí là trong nhiều năm trở lại đây. So với cuối năm 2021, tỷ giá USD/VND hiện đã tăng khoảng 2.000 đồng/USD, tương đương VND giảm khoảng 8,6% so với USD. Trên thị trường tự do, khảo sát lúc 9h30 cho thấy, giá USD được mua - bán ở mức 25.200 - 25.300 đồng/USD, tăng khoảng 100 đồng so với mức ghi nhận sáng qua. So với cuối năm trước, giá USD chợ đen đã tăng khoảng 1.800 đồng, tương đương gần 7,7%. Đáng chú ý, giá USD trong nước vẫn chưa có tín hiệu hạ nhiệt bất chấp những động thái điều hành quyết liệt của NHNN. Mới nhất, Nhà điều hành đã quyết định tăng một loạt lãi suất điều hành thêm 1 điểm % từ ngày 25/10. Theo đó, NHNN tăng lãi suất tái cấp vốn từ 5,0%/năm lên 6,0%/năm; lãi suất tái chiết khấu từ 3,5%/năm lên 4,5%/năm; lãi suất cho vay qua đêm trong thanh toán điện tử liên ngân hàng và cho vay bù đắp thiếu hụt vốn trong thanh toán bù trừ của NHNN đối với TCTD từ 6,0%/năm lên 7,0%/năm. Ngoài ra, NHNN cũng tăng trần lãi suất huy động dưới 6 tháng, lãi suất cho vay các lĩnh vực ưu tiên,… Giới phân tích cho rằng việc NHNN tăng lãi suất điều hành thêm 100 điểm cơ bản nhằm đối phó với áp lực tỷ giá ngày càng tăng, không phải là một động thái cố gắng làm giảm nhu cầu trước tình hình lạm phát gia tăng. Thực tế, lạm phát vẫn thấp và được kiểm soát dưới 4%, trong khi khả năng bán USD can thiệp của NHNN đang bị hạn chế dần sau khi dữ trữ ngoại hối đã giảm khá mạnh từ đầu năm. Theo đó, việc tăng lãi suất điều hành sẽ giúp nâng mặt bằng lãi suất VND trên thị trường liên ngân hàng, qua đó duy trì chênh lệch lãi suất giữa VND – USD, giảm áp lực lên tỷ giá. Nới biên độ tỷ giá sẽ giảm sức ép lên lãi suất và dự trữ ngoại hối?",BID,BID,BIDV,alias,0.98,auto_high_confidence,"Tỷ giá Vietcombank, TargetV và VietinBank tiếp tục neo kịch trần, giá USD tự do lên 25.300 đồng","Tỷ giá Vietcombank, TargetV và VietinBank tiếp tục neo kịch trần, giá USD tự do lên 25.300 đồng",FinABSA_target_masked_headline_v1,0,"Tỷ giá Vietcombank, TargetV và VietinBank tiếp tục neo kịch trần, giá USD tự do lên 25.300 đồng",The sentiment for Target in the given sentence is NEUTRAL.,neutral,,,,0.0,/home/huylkq/repos/nlp/FinABSA-Valid/MODEL/finabsa-other-masked-final_3epoch,Target,ok,neutral,2022-10-25 10:31:27+00:00,2022-10-25
3e6bbb9bf5019dc7_00,3e6bbb9bf5019dc7,https://cafef.vn/hoa-chat-duc-giang-dgc-du-kien-loi-nhuan-quy-4-dat-1100-ty-dong-giam-21-so-voi-cung-ky-20221025101332103.chn,2022-10-25T10:15:00,2022-10-25T10:43:58+07:00,,"Hóa chất Đức Giang (DGC) đặt kế hoạch lợi nhuận quý 4 đạt 1.100 tỷ đồng, giảm 21% so với cùng kỳ","Nếu thực hiện đúng kế hoạch, năm 2022 DGC sẽ vượt kế hoạch doanh thu và bỏ xa hơn  kế hoạch lợi nhuận sau thuế.","TIN MỚI Công ty Cổ phần Tập đoàn Hóa chất Đức Giang (mã DGC) vừa thông qua kế hoạch kinh doanh quý 4/2022 với doanh thu và lợi nhuận sau thuế lần lượt đạt 3.299 tỷ đồng và 1.100 tỷ đồng, lần lượt giảm 5% và giảm 21% so với cùng kỳ năm 2021. Nếu so với quý 3/2022, doanh thu và lợi nhuận DGC giảm lần lượt 11% và 27%. Năm 2022, Đức Giang đặt mục tiêu doanh thu 12.117 tỷ đồng và lợi nhuận sau thuế 3.500 tỷ đồng. Như vậy, nếu thực hiện đúng kế hoạch, DGC sẽ vượt kế hoạch doanh thu và bỏ xa hơn kế hoạch lợi nhuận sau thuế. Về kế hoạch tiêu thụ sản phẩm trong quý 4, DGC đặt kỳ vọng tiêu thụ 15.670 tấn phốt pho vàng (P4), trong đó 10.000 tấn xuất khẩu, còn lại dùng nội bộ. Đồng thời, công ty cũng dự kiến tiêu thụ 15.000 tấn phân bón DAP và MAP. Về kế hoạch đầu tư xây dựng cơ bản, công ty dự kiến giải ngân 80 tỷ đồng cho dự án Nhà máy NPK Đắk Nông, trong khi giải ngân hết tháng 9/2022 đạt 19,95 tỷ đồng. Nhà máy này sản xuất phân bón NPK với công suất 200.000 tấn/năm, sản xuất phân bón kali sunphat với công suất 4.800 tấn/năm. Song song đó, DGC cho biết sẽ chuẩn bị khởi công nhà máy Xút - Clo Nghi Sơn. Nhà máy Xút - Clo Nghi Sơn có tổng mức đầu tư 12.000 tỷ đồng, trong đó giai đoạn 1 (2020-2025) chiếm 10.000 tỷ đồng còn giai đoạn 2 (2026-2028) chiếm 2.000 tỷ đồng. Dự kiến dự án sẽ hoạt động ổn định từ năm 2025. SSI Research ước tính dự án sẽ mang về cho DGC 8.723 tỷ đồng doanh thu và lợi nhuận ròng 1.800 tỷ.",DGC,DGC,Duc Giang Chemicals,alias,0.98,auto_high_confidence,"Hóa chất Đức Giang (Target) đặt kế hoạch lợi nhuận quý 4 đạt 1.100 tỷ đồng, giảm 21% so với cùng kỳ","Hóa chất Đức Giang (Target) đặt kế hoạch lợi nhuận quý 4 đạt 1.100 tỷ đồng, giảm 21% so với cùng kỳ",FinABSA_target_masked_headline_v1,0,"Hóa chất Đức Giang (Target) đặt kế hoạch lợi nhuận quý 4 đạt 1.100 tỷ đồng, giảm 21% so với cùng kỳ",The sentiment for Target in the given sentence is NEUTRAL.,neutral,,,,0.0,/home/huylkq/repos/nlp/FinABSA-Valid/MODEL/finabsa-other-masked-final_3epoch,Target,ok,neutral,2022-10-25 10:15:00+00:00,2022-10-25
861dea9a130dc608_00,861dea9a130dc608,https://cafef.vn/co-phieu-quoc-dan-hpg-xuong-day-2-nam-ca-nhan-ngam-ngui-om-lo-ca-map-cung-danh-mac-can-20221024214734759.chn,2022-10-25T00:10:36,,,"“Cổ phiếu quốc dân” HPG xuống đáy 2 năm, cá nhân ngậm ngùi ôm lỗ, cá mập cũng đành mắc cạn","Với những lợi thế vượt trội về thanh khoản, không bất ngờ khi HPG lọt vào tầm ngắm của đủ các thành phần nhà đầu tư trên thị trường, từ cá nhân đến các tổ chức, từ công ty chứng khoán đến các quỹ đầu tư chuyên nghiệp hay thậm chí cả những doanh nghiệp “tay ngang”.","HPG: Giá hiện tại Thay đổi Xem hồ sơ doanh nghiệp TIN MỚI Nhắc đến “cổ phiếu quốc dân”, nhà đầu tư hẳn sẽ nghĩ ngay đến HPG của Hòa Phát với giao dịch đầy sôi động bất chấp thị trường chung có phần ảm đạm. Dù không còn “vô địch” về lượng cổ phiếu lưu hành và trôi nổi tự do (freefloat) nhưng HPG vẫn thường xuyên dẫn đầu sàn về thanh khoản. Trong 20 phiên gần nhất, cổ phiếu đầu ngành thép khớp lệnh trung bình 24,5 triệu đơn vị/phiên, xếp thứ 2 chỉ sau HAG tuy nhiên giá trị giao dịch bình quân phiên lên đến gần 500 tỷ, bỏ xa phần còn lại. Cổ phiếu quốc dân HPG giao dịch rất sôi động Với những lợi thế vượt trội và thanh khoản, không bất ngờ khi HPG lọt vào tầm ngắm của đủ các thành phần nhà đầu tư trên thị trường, từ cá nhân đến các tổ chức, từ công ty chứng khoán (CTCK) đến các quỹ đầu tư chuyên nghiệp hay thậm chí cả những doanh nghiệp “tay ngang”. Thế nhưng, đáng tiếc là cổ phiếu này gần như chỉ mang đến nỗi buồn trong suốt thời gian qua. Nhiều CTCK nếm “trái đắng” Trong số các CTCK, Chứng khoán Trí Việt (TVB) có lẽ là cái tên “ôm” nhiều cổ phiếu HPG nhất với giá gốc tại thời điểm 30/9 lên đến gần 200 tỷ đồng dưới dạng tài sản tài chính sẵn sàng bán (AFS). Đáng chú ý, TVB đang phải “gồng lỗ” với cổ phiếu quốc dân dù khoản đầu tư này hiện đã âm đến gần 91 tỷ đồng, tương đương 46%. Nguồn: BCTC quý 3/2022 của TVB Trong bối cảnh thị trường chung không thuận lợi, các mảng nghiệp vụ chính như tự doanh, môi giới và cho vay đều hoạt động không hiệu quả. Trong quý 3, TVB lỗ ròng 6,2 tỷ đồng trong khi cùng kỳ vẫn lãi 38,7 tỷ đồng. Cần phải lưu ý rằng, các khoản lãi/lỗ tạm tính trong danh mục AFS chưa phản ánh vào kết quả kinh doanh và chỉ được ghi nhận khi CTCK bán hoặc chuyển sang FVTPL. Nếu khoản đầu tư này được ghi nhận, số lỗ của TVB có thể còn sâu hơn nhiều. Cùng cảnh ngộ, Chứng khoán Rồng Việt (VDSC) cũng lỗ hơn 30 tỷ đồng với cổ phiếu HPG, tương ứng 37,5% trên giá gốc gần 80 tỷ đồng. Không chỉ riêng với khoản đầu tư vào HPG, hoạt động tự doanh của VDSC nhìn chung không mấy hiệu quả. Các khoản đầu tư lớn trong danh mục của CTCK này đều đang lỗ hàng chục tỷ đồng, từ DBC, HSG đến các cổ phiếu ngân hàng như TCB, CTG, ACB. Nguồn: BCTC quý 3/2022 của VDSC Theo giải trình từ phía công ty, những diễn biến không thuận lợi của thị trường chứng khoán đã ảnh hưởng không tốt đến kết quả kinh doanh trong kỳ. Kết quả, VDSC lãi trước thuế đạt hơn 25 tỷ đồng trong quý 3, giảm gần 73%. Lợi nhuận sau thuế thu về hơn 24 tỷ đồng, cũng giảm tới 67% so với cùng kỳ năm ngoái. “Anh cả” Chứng khoán SSI cũng đang có HPG trong danh mục tự doanh dù tỷ trọng không lớn với giá gốc 35,6 tỷ đồng. CTCK này cũng đang lỗ nhẹ 2,6 tỷ đồng cho khoản đầu tư vào cổ phiếu quốc dân. Chủ lực trong danh mục của SSI vẫn là cổ phiếu SGN với giá gốc 407 tỷ đồng và cũng đang lỗ gần 5 tỷ đồng. Nguồn: BCTC quý 3/2022 của SSI Trong quý 3, hoạt động tự doanh của SSI cũng không thật sự khởi sắc khi lãi từ các khoản tài sản tài chính ghi nhận thông qua lãi lỗ (FVTPL) tăng 28% nhưng lãi từ các khoản đầu tư nắm giữ đến ngày đáo hạn (HTM) lại giảm mạnh 62% so với cùng kỳ. Hoạt động môi giới và cho vay bị thu hẹp khiến lợi nhuận trước thuế quý 3 của CTCK này giảm đến 54% so với cùng kỳ, xuống mức 382 tỷ đồng. Cá mập “mắc cạn” Không chỉ các CTCK, hàng loạt quỹ đầu tư lớn trên thị trường cũng đều đang có HPG trong danh mục trong đó phải kể đến quỹ tỷ USD VEIL Dragon Capital . Mặc dù đã bán ra lượng lớn từ đầu năm nhưng HPG hiện vẫn nằm trong top các khoản đầu tư lớn nhất của quỹ ngoại này. Thời điểm 13/10, khoản đầu tư vào HPG chiếm 5,28% NAV của quỹ tương ứng giá trị ước tính lên đến hơn 85 triệu USD (~2.000 tỷ đồng). HPG nằm trong top các khoản đầu tư lớn nhất danh mục của VEIL Dragon Capital Trong khi đó, HPG thậm chí còn là khoản đầu tư lớn thứ 2 trong danh mục của VOF VinaCapital với tỷ trọng 9,3% tính đến cuối tháng 9, chỉ xếp sau ACB (11,3%). Tính đến 30/9, VOF có quy mô NAV lên đến gần 1,1 tỷ USD tương ứng khoản đầu tư vào cổ phiếu quốc dân tại cùng thời điểm có giá trị xấp xỉ 100 triệu USD (~2.400 tỷ đồng). Khoản đầu tư vào HPG đứng thứ 2 trong danh mục của VOF VinaCapital Bên cạnh các quỹ ngoại, nhiều tổ chức trong nước cũng đang ôm lượng lớn cổ phiếu HPG, điển hình như Ballad Fund của SGI Capital . Trong tháng 9, quỹ đã mua thêm 496.000 cổ phiếu HPG và đưa khoản đầu tư này trở lại top đầu danh mục với tỷ trọng 12,1%. Như vậy, sau giai đoạn miệt mài bán bớt, Ballad Fund đã quyết định quay trở lại “bắt đáy” cổ phiếu quốc dân. Tuy nhiên, đáng tiếc là HPG lại vẫn tiếp tục giảm mạnh đến thủng đáy cũ và đang giao dịch quanh vùng giá thấp nhất 2 năm. Ballad Fund trở lại bắt đáy HPG trong tháng 9 Ngoài các quỹ chủ động, các ETF cũng không thể thiếu HPG trong danh mục do đặc thù đầu tư thụ động theo một chỉ số nhất định. Với lợi thế cổ phiếu đầu ngành, quy mô vốn hóa lớn cùng thanh khoản dồi dào dễ dàng mua/bán với khối lượng lớn, HPG còn thường xuyên nằm trong các rổ chỉ số quan trọng như VN30-Index, FTSE Vietnam Index, MVIS Vietnam Index,... “Tay ngang” cũng ôm lỗ Sự phủ sóng của HPG lớn đến nỗi không chỉ các tổ chức đầu tư chuyên nghiệp mà ngay cả doanh nghiệp tay ngang mang tiền nhàn dỗi đi đầu tư chứng khoán cũng có cổ phiếu quốc dân trong danh mục. Cái tên nổi bật nhất phải kể Hóa An (DHA) – một doanh nghiệp khai thác khoáng sản nhưng đang đêm hàng chục tỷ đồng để mua hàng triệu cổ phiếu HPG. Trong quý 3 vừa qua, DHA đã mua thêm 100.000 cổ phiếu HPG qua đó nâng sở hữu lên 2,64 triệu đơn vị (giá gốc 80,3 tỷ đồng) trong khi đầu năm mới chỉ nắm 300.000 cổ phiếu. Phần lớn lượng cổ phiếu HPG đang nắm giữ được DHA mua vào trong 2 quý đầu năm. Vì thế, công ty đã phải trích lập dự phòng hơn 20 tỷ đồng cho khoản đầu tư này và nhiều khả năng con số này sẽ còn lớn hơn nữa khi HPG vẫn miệt mài dò đáy. Không chỉ các tổ chức, nhà đầu tư cá nhân cũng rất khó có lãi với HPG nếu không bắt đúng đáy chốt lời đủ nhanh. Bởi thực tế, cổ phiếu đầu ngành thép đã liên tục giảm mạnh từ đầu tháng 3 trong khi các nhịp hồi chỉ diễn ra ngắn ngủi, đáy sau lại thấp hơn đáy trước. Hiện HPG đang giao dịch quanh vùng giá 16.x, thấp nhất trong vòng 2 năm trở lại đây. Vốn hóa thị trường cũng theo đó “bốc hơi” gần 160.000 tỷ đồng so với đỉnh, xuống còn chưa đến 100.000 tỷ đồng. Cổ phiếu HPG xuống đáy 2 năm",HPG,HPG,Hoa Phat Group,alias,0.98,auto_high_confidence,"“Cổ phiếu quốc dân” Target xuống đáy 2 năm, cá nhân ngậm ngùi ôm lỗ, cá mập cũng đành mắc cạn","“Cổ phiếu quốc dân” Target xuống đáy 2 năm, cá nhân ngậm ngùi ôm lỗ, cá mập cũng đành mắc cạn",FinABSA_target_masked_headline_v1,0,"“Cổ phiếu quốc dân” Target xuống đáy 2 năm, cá nhân ngậm ngùi ôm lỗ, cá mập cũng đành mắc cạn",The sentiment for Target in the given sentence is NEUTRAL.,neutral,,,,0.0,/home/huylkq/repos/nlp/FinABSA-Valid/MODEL/finabsa-other-masked-final_3epoch,Target,ok,neutral,2022-10-25 00:10:36+00:00,2022-10-25
d2f2dc9233eb3308_00,d2f2dc9233eb3308,https://cafef.vn/hag-nguoc-dong-tang-4-con-gai-bau-duc-hoan-tat-mua-vao-1-trieu-co-phieu-20221024205524133.chn,2022-10-24T20:55:00,2022-10-24T20:56:11+07:00,,"HAG ngược dòng tăng 4%, con gái ""bầu"" Đức hoàn tất mua vào 1 triệu cổ phiếu","Trong phiên hàng trăm cổ phiếu giảm giá 24/10, HAG bất ngờ tăng tốt, con gái ông Đoàn Nguyên Đức cũng đã tiến hành gom thêm cổ phần.","HAG: Giá hiện tại Thay đổi Xem hồ sơ doanh nghiệp TIN MỚI Theo thông báo mới cập nhật, bà Đoàn Hoàng Anh, con gái ông Đoàn Nguyên Đức (bầu Đức), Chủ tịch HĐQT Hoàng Anh Gia Lai (HAGL, mã chứng khoán: HAG) vừa báo cáo đã mua vào thành công 1 triệu cổ phiếu HAG. Giao dịch dự kiến thực hiện khớp lệnh trên sàn trong phiên 24/10/2022. Lần gần nhất bà Hoàng Anh giao dịch cổ phiếu HAG là hồi đầu tháng 5/2022, bà mua vào 1 triệu cổ phiếu khi thị giá trong khoảng 9.990 đồng/cp, Hiện tại, bà Hoàng Anh sở hữu 10 triệu cổ phiếu HAG, tương đương tỷ lệ 1,08% vốn. Trong phiên 24/10 khi ái nữ nhà bầu Đức được thực hiện mua vào, cổ phiếu HAG là một trong số những mã hiếm hoi ghi nhận sắc xanh tăng 3,9% trong bối cảnh thị trường chìm sâu trong sắc đỏ. Tạm tính theo giá chốt phiên là 8.830 đồng/cp, bà Hoàng Anh đã chi ra gần 9 tỷ đồng để hoàn tất giao dịch trên. Tuy nhiên, nếu nhìn rộng ra từ khoảng cuối tháng 9 tới nay, thị giá HAG đã trong quãng điều chỉnh mạnh, chỉ trong vòng 1 tháng đã mất hơn 36%. Thị giá HAG giảm 36% chỉ trong vòng 1 tháng Thực tế, cổ phiếu HAG trong trong bối cảnh thị trường xuất hiện nhiều thông tin không tích cực liên quan đến lãnh đạo HAGL cũng như cổ phiếu HAG. Kể từ ngày 11/10, cổ phiếu HAG bị chuyển từ diện kiểm soát sang diện cảnh báo do LNST năm 2021 là 203 tỷ đồng và LNST chưa phân phối tính đến ngày 31/12/2021 âm 4.467,1 tỷ đồng. Ngoài ra, tin đồn thất thiệt lan truyền liên quan đến hiện trạng hoạt động của Chủ tịch Đoàn Nguyên Đức càng tạo thêm áp lực cho giá cổ phiếu. HAGL trong thông báo mới đây đã khẳng định ông Đức vẫn trực tiếp chỉ đạo hoạt động SXKD tại các nông trường/nông trại của Tập đoàn, di chuyển hàng ngày giữa các nông trường/nông trại để giám sát và điều hành; trực tiếp chủ trì các cuộc họp HĐQT, Ban Tổng Giám đốc và các cấp quản lý để phổ biến triển khai các chủ trưởng, chiến lược nhằm đạt được chỉ tiêu kinh doanh đề ra trong năm 2022. Về hoạt động kinh doanh, HAGL nhấn mạnh hiện trạng Tập đoàn vẫn diễn ra bình thường, các hoạt động xuất khẩu chuối và kinh doanh heo ăn chuối vẫn diễn ra. Công ty cũng vừa công bố chỉ số SXKD tháng 9/2022, ghi nhận doanh thu mức 475 tỷ đồng, LNST đạt 113 tỷ đồng. Theo Công ty, chỉ số ghi nhận trong bối cảnh giá xuất khẩu chuối chưa tăng cao như kỳ vọng, đồng thời giá heo thấp hơn tháng trước. Luỹ kế 9 tháng, doanh thu HAGL đạt 3.183 tỷ đồng, bao gồm 981 tỷ từ chăn nuôi và 1.707 tỷ cây ăn trái, ngành phụ trợ đóng góp 495 tỷ đồng. Lợi nhuận sau thuế 9 tháng đầu năm theo đó đạt 894 tỷ đồng, bằng 79% kế hoạch cả năm 2022. HAGL cho biết thêm, quý 4 kỳ vọng giá chuối sẽ tăng trở lại và sản lượng heo xuất bán nhiều hơn các quý trước, Công ty chắc chắn sẽ vượt kế hoạch lợi nhuận đề ra cho năm 2022. Mặt khác, HAGL cũng chú trọng giảm dư nợ vay tại ngân hàng. Mới đây, HAGL vừa công bố thông tin mua lại trái phiếu trước hạn, với giá trị là 605 tỷ đồng tại ngân hàng BIDV. Lần mua lại nợ trước hạn gần nhất vào giữa năm 2021, HAGL đã mua lại 328 tỷ nợ trước hạn tại HDBank.",HAG,HAG,Hoang Anh Gia Lai,alias,0.98,auto_high_confidence,"Target ngược dòng tăng 4%, con gái ""bầu"" Đức hoàn tất mua vào 1 triệu cổ phiếu","Target ngược dòng tăng 4%, con gái ""bầu"" Đức hoàn tất mua vào 1 triệu cổ phiếu",FinABSA_target_masked_headline_v1,0,"Target ngược dòng tăng 4%, con gái ""bầu"" Đức hoàn tất mua vào 1 triệu cổ phiếu",The sentiment for Target in the given sentence is POSITIVE.,positive,,,,1.0,/home/huylkq/repos/nlp/FinABSA-Valid/MODEL/finabsa-other-masked-final_3epoch,Target,ok,positive,2022-10-24 20:55:00+00:00,2022-10-24
7e5e10af9b83cfe6_00,7e5e10af9b83cfe6,https://cafef.vn/co-phieu-ngan-hang-chim-trong-sac-do-lpb-va-tcb-nam-san-hai-phien-lien-tiep-2022102418141302.chn,2022-10-24T18:14:16,,,"Cổ phiếu ngân hàng chìm trong sắc đỏ, LPB và TCB nằm sàn hai phiên liên tiếp",Phiên hôm nay ghi nhận diễn biến đáng chú ý tại cổ phiếu TPB khi bật tăng từ mức gần sàn lên vùng giá xanh chỉ trong hơn 30 phút,"TIN MỚI Thị trường chứng khoán Việt Nam tiếp tục diễn biến tiêu cực trong phiên 24/10 khi chỉ số chính Vn-Index xuyên thủng sâu mốc 1.000 điểm, xuống mức thấp nhất kể từ tháng 11/2020. Một trong những tác nhân chính kéo thị trường giảm sâu đến từ nhóm ngân hàng khi hầu hết các mã đều lao dốc mạnh. Kết phiên, toàn ngành ghi nhận 24 mã giảm giá, 2 mã đứng giá tham chiếu và duy nhất một mã đóng cửa trong sắc xanh. Trong đó, hai mã giao dịch trên thị trường UPCoM là SGB và ABB dẫn đầu về mức giảm, mất lần lượt 8,5% và 8,2%. Riêng với SGB, diễn biến này hoàn toàn đi ngược so với phiên cuối tuần trước khi đây là mã duy nhất tăng giá của toàn ngành nhờ lực cầu “kéo” mạnh cuối phiên. Trên sàn HSX, LPB, TCB, BID và STB đồng loạt giảm sàn, trắng bên mua với khối lượng giao dịch khớp lệnh tiếp tục ở mức cao. Trong đó, đây là phiên giảm sàn thứ hai liên tiếp của TCB và LPB, bất chấp thông tin tích cực về kết quả kinh doanh. Ngoài những mã kể trên, một loạt cổ phiếu ngân hàng khác cũng ghi nhận mức giảm trên 3% như PGB (-5,7%), ACB (-4,4%), NAB (-4,3%), NVB (-4,2%), BVB (-4,1%), SHB (-3,4%),… Ở chiều ngược lại, TPB là mã duy nhất có được sắc xanh nhờ lực cầu tăng vọt vào cuối phiên. Trước đó, trong phần lớn thời gian buổi chiều, TPB được giao dịch ở mức giá đỏ giảm 5 – 6%, thậm chí gần sàn. Cổ phiếu này bắt đầu hồi phục mạnh mẽ và trở về tham chiếu chỉ sau khoảng 30 phút cuối cùng của phiên giao dịch khớp lệnh, rồi đóng cửa ở mức giá xanh trong phiên ATC. Thanh khoản nhóm ngân hàng tiếp tục ở mức cao trong phiên hôm nay với STB dẫn đầu về khối lượng khớp lệnh (hơn 27,1 triệu cp). Đứng kế sau lần lượt là MBB (17,4 triệu cp), TCB (11,8 triệu cp), SHB (11,8 triệu cp), LPB (11,5 triệu cp),… Đối với giao dịch của khối ngoại, nhóm này tập trung bán ròng mạnh tại cổ phiếu STB với khối lượng hơn 2,73 triệu đơn vị. Bên cạnh đó, khối này cũng trao tay lẫn nhau lượng lớn cổ phiếu ACB (6 triệu đơn vị), MBB (2,9 triệu đơn vị) và TCB (1,81 triệu đơn vị). Hầu hết các giao dịch sang tay của khối ngoại đều được thực hiện theo hình thức thỏa thuận. 22 cổ phiếu ngân hàng giảm giá tuần qua, khối ngoại gom mua nhiều mã giá rẻ",TCB,TCB,Techcombank,alias,0.98,auto_high_confidence,"Cổ phiếu ngân hàng chìm trong sắc đỏ, Other và Target nằm sàn hai phiên liên tiếp","Cổ phiếu ngân hàng chìm trong sắc đỏ, Other và Target nằm sàn hai phiên liên tiếp",FinABSA_target_masked_headline_v1,0,"Cổ phiếu ngân hàng chìm trong sắc đỏ, Other và Target nằm sàn hai phiên liên tiếp",The sentiment for Target in the given sentence is NEUTRAL.,neutral,,,,0.0,/home/huylkq/repos/nlp/FinABSA-Valid/MODEL/finabsa-other-masked-final_3epoch,Target,ok,neutral,2022-10-24 18:14:16+00:00,2022-10-24
7e5e10af9b83cfe6_01,7e5e10af9b83cfe6,https://cafef.vn/co-phieu-ngan-hang-chim-trong-sac-do-lpb-va-tcb-nam-san-hai-phien-lien-tiep-2022102418141302.chn,2022-10-24T18:14:16,,,"Cổ phiếu ngân hàng chìm trong sắc đỏ, LPB và TCB nằm sàn hai phiên liên tiếp",Phiên hôm nay ghi nhận diễn biến đáng chú ý tại cổ phiếu TPB khi bật tăng từ mức gần sàn lên vùng giá xanh chỉ trong hơn 30 phút,"TIN MỚI Thị trường chứng khoán Việt Nam tiếp tục diễn biến tiêu cực trong phiên 24/10 khi chỉ số chính Vn-Index xuyên thủng sâu mốc 1.000 điểm, xuống mức thấp nhất kể từ tháng 11/2020. Một trong những tác nhân chính kéo thị trường giảm sâu đến từ nhóm ngân hàng khi hầu hết các mã đều lao dốc mạnh. Kết phiên, toàn ngành ghi nhận 24 mã giảm giá, 2 mã đứng giá tham chiếu và duy nhất một mã đóng cửa trong sắc xanh. Trong đó, hai mã giao dịch trên thị trường UPCoM là SGB và ABB dẫn đầu về mức giảm, mất lần lượt 8,5% và 8,2%. Riêng với SGB, diễn biến này hoàn toàn đi ngược so với phiên cuối tuần trước khi đây là mã duy nhất tăng giá của toàn ngành nhờ lực cầu “kéo” mạnh cuối phiên. Trên sàn HSX, LPB, TCB, BID và STB đồng loạt giảm sàn, trắng bên mua với khối lượng giao dịch khớp lệnh tiếp tục ở mức cao. Trong đó, đây là phiên giảm sàn thứ hai liên tiếp của TCB và LPB, bất chấp thông tin tích cực về kết quả kinh doanh. Ngoài những mã kể trên, một loạt cổ phiếu ngân hàng khác cũng ghi nhận mức giảm trên 3% như PGB (-5,7%), ACB (-4,4%), NAB (-4,3%), NVB (-4,2%), BVB (-4,1%), SHB (-3,4%),… Ở chiều ngược lại, TPB là mã duy nhất có được sắc xanh nhờ lực cầu tăng vọt vào cuối phiên. Trước đó, trong phần lớn thời gian buổi chiều, TPB được giao dịch ở mức giá đỏ giảm 5 – 6%, thậm chí gần sàn. Cổ phiếu này bắt đầu hồi phục mạnh mẽ và trở về tham chiếu chỉ sau khoảng 30 phút cuối cùng của phiên giao dịch khớp lệnh, rồi đóng cửa ở mức giá xanh trong phiên ATC. Thanh khoản nhóm ngân hàng tiếp tục ở mức cao trong phiên hôm nay với STB dẫn đầu về khối lượng khớp lệnh (hơn 27,1 triệu cp). Đứng kế sau lần lượt là MBB (17,4 triệu cp), TCB (11,8 triệu cp), SHB (11,8 triệu cp), LPB (11,5 triệu cp),… Đối với giao dịch của khối ngoại, nhóm này tập trung bán ròng mạnh tại cổ phiếu STB với khối lượng hơn 2,73 triệu đơn vị. Bên cạnh đó, khối này cũng trao tay lẫn nhau lượng lớn cổ phiếu ACB (6 triệu đơn vị), MBB (2,9 triệu đơn vị) và TCB (1,81 triệu đơn vị). Hầu hết các giao dịch sang tay của khối ngoại đều được thực hiện theo hình thức thỏa thuận. 22 cổ phiếu ngân hàng giảm giá tuần qua, khối ngoại gom mua nhiều mã giá rẻ",LPB,LPB,LPBank,alias,0.98,auto_high_confidence,"Cổ phiếu ngân hàng chìm trong sắc đỏ, Target và Other nằm sàn hai phiên liên tiếp","Cổ phiếu ngân hàng chìm trong sắc đỏ, Target và Other nằm sàn hai phiên liên tiếp",FinABSA_target_masked_headline_v1,1,"Cổ phiếu ngân hàng chìm trong sắc đỏ, Target và Other nằm sàn hai phiên liên tiếp",The sentiment for Target in the given sentence is NEUTRAL.,neutral,,,,0.0,/home/huylkq/repos/nlp/FinABSA-Valid/MODEL/finabsa-other-masked-final_3epoch,Target,ok,neutral,2022-10-24 18:14:16+00:00,2022-10-24
2f37d56c464d8c66_00,2f37d56c464d8c66,https://cafef.vn/doanh-thu-tu-cho-vay-margin-la-diem-sang-trong-kqkd-q3-cua-acbs-2022102410085312.chn,2022-10-24T15:30:00,,,Doanh thu từ cho vay margin là điểm sáng trong KQKD Q3 của ACBS,"ACBS công bố KQKD với doanh thu Q3 đạt 213 tỷ (-55% n/n) trong khi LNST đạt 22,6 tỷ (-87% n/n). Tuy vậy, kết quả Q3 của ACBS đã có phần khởi sắc so với kết quả kinh doanh nửa đầu năm 2022.","TIN MỚI Trong bối cảnh kinh tế vĩ mô không mấy sáng sủa, thị trường chứng khoán cũng bị ảnh hưởng tiêu cực. Tính từ đầu năm đến hết Q3, VN-Index đã giảm từ 1485,6 điểm xuống còn 1132,1 điểm, tương ứng với mức giảm 23,8%. Thanh khoản cũng đã giảm mạnh xuống với giá trị giao dịch trung bình ngày trong tháng 9 xuống còn 13,4 nghìn tỷ đồng so với mức này là 15,7 nghìn tỷ trong tháng 8 hay 22,3 nghìn tỷ trong tháng 4 và 32 nghìn tỷ ở cuối năm ngoái. Với bối cảnh chung như vậy, kết quả kinh doanh (KQKD) của các công ty chứng khoán nhìn chung đã suy giảm mạnh so với cùng kỳ năm trước và ACBS cũng không phải là ngoại lệ. Lũy kế 3 quý năm 2022, ACBS ghi nhận doanh thu đạt 995 tỷ đồng (-21% n/n) và LNST đạt 13,2 tỷ đồng (-97% n/n). ACBS ghi nhận suy giảm từ cả hai mảng kinh doanh chính của mình (i) Doanh thu nghiệp vụ môi giới chứng khoán lũy kế 3Q 2022 giảm 23% so với cùng kỳ năm trước và (ii) Doanh thu tự doanh lũy kế 3Q 2022 giảm còn 344,6 tỷ đồng (- 43% n/n) trong khi chi phí mảng này tăng lên 538 tỷ đồng (+57% n/n) dẫn đến mảng này ghi nhận khoản lỗ 193,6 tỷ đồng. Một điểm sáng trong kết quả kinh doanh của công ty là doanh thu từ việc cho vay margin vẫn ghi nhận tăng trưởng đạt 287 tỷ đồng (+22% n/n) dù doanh thu mảng này chỉ đạt 87 tỷ đồng trong Q3 2022, giảm 14,8% so với cùng kỳ. Có thể nói năm 2022 là một năm hoàn toàn trái ngược với năm 2021. Nếu như năm 2021, mảng tự doanh là điểm sáng giúp cho ACBS ghi nhận tăng trưởng lợi nhuận vượt bậc thì năm 2022 mảng tự doanh lại là nguyên tố chính làm cho lợi nhuận công ty sụt giảm trầm trọng. Tuy vậy, so với mặt bằng chung VN-Index đã giảm 23,8% so với đầu năm thì đến hết Q3/2022, danh mục tự doanh của ACBS chỉ ghi nhận mức giảm 10,4% dù tỷ lệ cổ phiếu trong danh mục luôn ở mức cao. So với hiệu quả hoạt động của một số quỹ lớn trên thị trường thì mức giảm 10,4% cũng thuộc nhóm hiệu suất khá tốt trong năm nay. Trao đổi với đại diện ACBS thì việc cơ cấu cổ phiếu rất quan trọng và trong thị trường con gấu (thị trường giảm điểm) thì nên lựa chọn những cổ phiếu phòng thủ (những cổ phiếu có HĐKD ổn định, ít chịu biến động bởi những yếu tố kinh tố vĩ mô như các cổ phiếu công ty điện nước, v.v…). Cũng theo ACBS thì trong ngắn hạn, do tình hình kinh tế vĩ mô còn nhiều bất ổn nên khả năng VN-Index còn chịu điều chỉnh vẫn hiện hữu. Tuy nhiên, nội tại của nền kinh tế Việt Nam vẫn rất tốt cùng nhiều tiềm năng phát triển nên việc VN-Index điều chỉnh là thời cơ tốt để nhà đầu tư tích lũy cổ phiếu cho những mục tiêu tài chính dài hạn.",ACB,ACB,ACB,alias,0.98,auto_high_confidence,Doanh thu từ cho vay margin là điểm sáng trong Other Q3 của TargetS,Doanh thu từ cho vay margin là điểm sáng trong Other Q3 của TargetS,FinABSA_target_masked_headline_v1,0,Doanh thu từ cho vay margin là điểm sáng trong Other Q3 của TargetS,The sentiment for Target in the given sentence is NEUTRAL.,neutral,,,,0.0,/home/huylkq/repos/nlp/FinABSA-Valid/MODEL/finabsa-other-masked-final_3epoch,Target,ok,neutral,2022-10-24 15:30:00+00:00,2022-10-24
5ccc1086c10162cd_00,5ccc1086c10162cd,https://cafef.vn/thi-gia-miet-mai-do-day-chu-tich-tap-doan-dat-xanh-dxg-dang-ky-mua-10-trieu-co-phieu-20221024144416376.chn,2022-10-24T14:46:05,,,"Thị giá miệt mài ""dò đáy"", chủ tịch Tập đoàn Đất Xanh (DXG) đăng ký mua 10 triệu cổ phiếu",Động thái mua vào của Chủ tịch Lương Trí Thìn diễn ra trong bối cảnh giá cổ phiếu đang trong chuỗi điều chỉnh sâu dưới áp lực bán ra rất mạnh.,"DXG: Giá hiện tại Thay đổi Xem hồ sơ doanh nghiệp TIN MỚI Ông Lương Trí Thìn - Chủ tịch HĐQT Tập đoàn Đất Xanh (mã DXG) vừa đăng ký mua thêm 10 triệu cổ phiếu DXG, với mục đích nâng tỷ lệ sở hữu vốn từ 18,86% (tương đương gần 114,9 triệu cổ phiếu) lên 20,5% (tương đương gần 124,9 triệu cổ phiếu). Cụ thể, theo thông tin công bố từ HoSE, thời gian thực hiện của ông Thìn từ 27/10 đến 25/11/2022, giao dịch thông qua khớp lệnh hoặc thoả thuận. Trước đó, từ ngày 23/8 – 21/9/2022, ông Thìn đã hoàn tất mua thêm 5 triệu cổ phiếu bằng phương thức khớp lệnh. Động thái mua vào của Chủ tịch Lương Trí Thìn diễn ra trong bối cảnh giá cổ phiếu đang trong chuỗi điều chỉnh sâu dưới áp lực bán ra rất mạnh. Kể từ đỉnh cuối tháng 3 đến nay, thị giá cổ phiếu DXG của Đất Xanh liên tục “trồi sụt” theo những khó khăn chung của thị trường. DXG lao dốc từ mức giá đỉnh 46.000 đồng/cp, hiện đang giao dịch với mức giá sàn 13.900 đồng/cp, tương ứng giảm 70% kể từ đỉnh. Đáng nói, đây cũng là vùng giao dịch thấp nhất trong vòng gần 2 năm trở lại đây (từ 31/12/2020). Tạm tính theo giá này, ông Lương Trí Thìn sẽ chi khoảng 139 tỷ đồng nếu giao dịch thành công. Năm 2022, doanh nghiệp đặt mục tiêu doanh thu 11.000 tỷ đồng, tăng 9%; lãi sau thuế cổ đông công ty mẹ 1.400 tỷ đồng, tăng 21% so với thực hiện 2021. Sau nửa đầu năm, công ty báo doanh thu 3.342 tỷ đồng, giảm 49% so với cùng kỳ năm trước và thực hiện 30% kế hoạch năm; lãi ròng 403 tỷ đồng, giảm 51% và thực hiện 29% kế hoạch năm. Đất Xanh lý giải nguyên nhân là do dự án chưa kịp bàn giao, chưa kịp ghi nhận doanh thu và lợi nhuận. Hiện, DXG chưa công bố kết quả kinh doanh quý 3. Trong tháng 11 tới đây, ﻿HĐQT Đất Xanh sẽ tổ chức ĐHĐCĐ bất thường 2022. Nội dung họp liên quan đến việc thay đổi một số ngành nghề kinh doanh và tái cấu trúc bộ nhận diện thương hiệu, cùng các vấn đề khác thuộc thẩm quyền đại hội.",DXG,DXG,Dat Xanh Group,alias,0.98,auto_high_confidence,"Thị giá miệt mài ""dò đáy"", chủ tịch Tập đoàn Đất Xanh (Target) đăng ký mua 10 triệu cổ phiếu","Thị giá miệt mài ""dò đáy"", chủ tịch Tập đoàn Đất Xanh (Target) đăng ký mua 10 triệu cổ phiếu",FinABSA_target_masked_headline_v1,0,"Thị giá miệt mài ""dò đáy"", chủ tịch Tập đoàn Đất Xanh (Target) đăng ký mua 10 triệu cổ phiếu",The sentiment for Target in the given sentence is NEUTRAL.,neutral,,,,0.0,/home/huylkq/repos/nlp/FinABSA-Valid/MODEL/finabsa-other-masked-final_3epoch,Target,ok,neutral,2022-10-24 14:46:05+00:00,2022-10-24
803e957754372112_00,803e957754372112,https://cafef.vn/evnfinance-hop-tac-voi-quy-responsability-nham-muc-tieu-thuc-day-tai-chinh-xanh-20221024115528665.chn,2022-10-24T13:30:00,,,EVNFinance hợp tác với Quỹ responsAbility nhằm mục tiêu thúc đẩy tài chính xanh,Công ty Tài chính Cổ phần Điện lực (EVNFinance) và Quỹ responsAbility Investments AG (rA) – Thụy Sỹ đã đạt được sự đồng thuận trong việc hợp tác phát triển năng lượng sạch tại Việt Nam.,"TIN MỚI Trong thời gian gần đây tại thị trường Việt Nam, thúc đẩy tài chính xanh được xác định là một chiến lược dài hạn nhằm hướng tới sự phát triển bền vững, đặc biệt trong lĩnh vực tài chính – ngân hàng. Thực tiễn đặt ra đối với các doanh nghiệp hoạt động trên thị trường chứng khoán là phải  triển khai và thúc đẩy phát triển mạnh mẽ các sản phẩm tài chính xanh. Là một tổ chức tài chính chuyên biệt với sứ mệnh cung cấp các giải pháp tài chính hiệu quả cho khách hàng, EVNFinance đã và đang đầu tư phát triển hệ sinh thái sản phẩm, dịch vụ tài chính xanh nhằm hỗ trợ doanh nghiệp tiếp cận nguồn vốn đầu tư dễ dàng cho lĩnh vực năng lượng xanh và các dự án chuyển đổi năng lượng vì sự phát triển bền vững. Với tiềm lực của mình, EVNFinance đã thu hút sự quan tâm và được đánh giá cao bởi nhiều tổ chức quốc tế trong đó có Quỹ responsAbility Investments AG (Thụy Sĩ). Ngày 20/10/2022, Tổng Giám đốc responsAbility Investments AG cùng đoàn công tác đã có buổi đến thăm và làm việc tại trụ sở chính của EVNFinance. Trong buổi làm việc, EVNFinance và Quỹ rA nhất trí đánh giá cao sự hợp tác chặt chẽ và mạnh mẽ của cả hai bên trong suốt thời gian qua cũng như định hướng hợp tác sắp tới. Trước đó, tại Thụy Sỹ, hai bên đã ký Biên bản ghi nhớ về tăng cường thúc đẩy tài chính xanh bền vững trước sự chứng kiến của đại diện Quỹ Hợp tác khí hậu toàn cầu (GCPF). Ông Đào Lê Huy – Phó Tổng Giám đốc EVNFinance và ông Martin Heimes –  Head of Private Debt - đại diện Quỹ responsAbility Investments AG ký biên bản ghi nhớ tại Zurich – Thụy Sĩ. Trên tinh thần hợp tác và chia sẻ, EVNFinance và Quỹ rA đã cùng nhau thống nhất định hướng hợp tác trên các mảng đầu tư tài chính, phối hợp nghiên cứu các giải pháp tài chính xanh hỗ trợ cho các dự án tái tạo năng lượng. Theo đó, Quỹ rA cam kết sẽ hỗ trợ EVNFinance trong việc tiếp cận nguồn vốn nước ngoài đồng thời hỗ trợ kỹ thuật các vấn đề môi trường và xã hội đối với các dự án năng lượng tái tạo. Thông qua Bản ghi nhớ và các thảo luận, hội ý trong chuyến viếng thăm lần này, đại diện rA cho biết Quỹ sẽ hỗ trợ EVNFinance tăng cường năng lực thẩm định rủi ro môi trường và xã hội, xây dựng tiêu chí đánh giá mức độ rủi ro môi trường đối với các dự án, là điều kiện tiên quyết để phát triển các sản phẩm tài chính bền vững theo thông lệ quốc tế và phù hợp với thị trường Việt Nam. Với mục tiêu phát triển song phương, tăng cường các hoạt động đã và đang được triển khai giữa hai bên, mối quan hệ hợp tác giữa EVNFinance và Quỹ rA sẽ góp phần tích cực cho sự phát triển của các dự án năng lượng sạch, năng lượng tái tạo, hướng đến sự phát triển bền vững của cộng đồng. Trong thời gian tới, dựa trên cơ sở các điều khoản của Bản ghi nhớ, EVNFinance cùng Quỹ rA và các tổ chức có liên quan sẽ cụ thể hóa các nội dung hợp tác, tổ chức thực hiện, giám sát chặt chẽ để đạt được các mục tiêu đề ra. Trong những năm trở lại đây, EVNFinance đã tích cực tham gia vào lĩnh vực tài chính xanh, được tín nhiệm trở thành đối tác của nhiều tổ chức quốc tế như Quỹ hợp tác khí hậu toàn cầu (GCPF), responsAbility Investments AG, GuarantCo, Symbiotics, Proparco… Sự kiện hợp tác với Quỹ responsAbility Investments AG lần này được kỳ vọng sẽ tạo ra cho EVNFinance nhiều cơ hội mới trong việc tìm kiếm, kết nối với các nhà đầu tư chiến lược nước ngoài đồng thời cho thấy uy tín, năng lực của doanh nghiệp trong lĩnh vực phát triển tài chính xanh. Được thành lập vào năm 2003, Quỹ responsAbility Investment AG có quy mô quản lý tài sản lên tới hơn 3,5 tỷ USD và có trụ sở chính đặt tại Zurich, Thuỵ Sỹ. Đây là một trong những Quỹ có uy tín trong các khoản đầu tư vào các nền kinh tế mới nổi.",sAb,SAB,Sabeco,alias,0.98,auto_high_confidence,EVNFinance hợp tác với Quỹ responTargetility nhằm mục tiêu thúc đẩy tài chính xanh,EVNFinance hợp tác với Quỹ responTargetility nhằm mục tiêu thúc đẩy tài chính xanh,FinABSA_target_masked_headline_v1,0,EVNFinance hợp tác với Quỹ responTargetility nhằm mục tiêu thúc đẩy tài chính xanh,The sentiment for Target in the given sentence is NEUTRAL.,neutral,,,,0.0,/home/huylkq/repos/nlp/FinABSA-Valid/MODEL/finabsa-other-masked-final_3epoch,Target,ok,neutral,2022-10-24 13:30:00+00:00,2022-10-24
b5de4cb3293fb5c5_00,b5de4cb3293fb5c5,https://cafef.vn/luy-ke-9-thang-doanh-thu-tu-mang-ban-le-pnj-tang-1133-20221024115259553.chn,2022-10-24T13:30:00,,,"Lũy kế 9 tháng, doanh thu từ mảng bán lẻ PNJ tăng 113,3%","Công ty Cổ phần Vàng bạc đá quý Phú Nhuận (PNJ) vừa công bố kết quả kinh doanh lũy kế 9 tháng với lợi nhuận sau thuế đạt 1.340 tỷ đồng. Theo đó, PNJ đã xuất sắc hoàn thành kế hoạch lợi nhuận năm 2022 chỉ sau 9 tháng.","TIN MỚI Trong bối cảnh thị trường bán lẻ có sự phục hồi trong quý III, đang dần bắt kịp tốc độ tăng trưởng cùng kỳ các năm trước khi xảy ra dịch bệnh. Trong đó, nhóm bán lẻ hàng hóa đạt mức tăng trưởng khá tốt, PNJ ghi nhận doanh thu thuần quý III/2022 đạt 7.364 tỷ đồng (tăng 739,7% so với cùng kỳ) và Lợi nhuận sau thuế đạt 252 tỷ đồng so với mức -160 tỷ đồng cùng kỳ năm 2021 do đóng cửa 241/332 cửa hàng nhằm tuân thủ quy định phòng chống dịch Covid-19. Đặc biệt, lũy kế 9 tháng, doanh thu thuần và Lợi nhuận sau thuế của PNJ lần lượt đạt 25.574 tỷ đồng (tăng 104,4% so với cùng kỳ) và 1.340 tỷ đồng (tăng 132,7% so với cùng kỳ). Đồng nghĩa, với những chiến lược và nhận định đúng đắn của ban lãnh đạo về thị trường cùng sự sáng tạo, nỗ lực của nhân viên, sau 9 tháng, PNJ đã hoàn thành 99% kế hoạch doanh thu và 101,5% kế hoạch lợi nhuận năm 2022. Báo cáo quý III/2022 của PNJ Giải thích cho kết quả tài chính trên, đại diện PNJ cho biết doanh thu của công ty chủ yếu đến từ kênh bán lẻ. Lũy kế 9 tháng, doanh thu PNJ tăng 113,3% so với cùng kỳ nhờ vào sự tăng trưởng tốt ở các nhãn hàng và khu vực; Hoạt động khai thác khách hàng đạt hiệu quả cao; Các chương trình Marketing trong quý III được triển khai linh hoạt phù hợp với bối cảnh thị trường và thị hiếu khách hàng. Song song đó, doanh thu còn đến từ kênh bán sỉ, với sự phục hồi của thị trường trang sức trong năm 2022 và chiến lược phát triển tập khách hàng sỉ hiệu quả, doanh thu 9 tháng của kênh này tăng 84,7% so với cùng kỳ và Doanh thu từ vàng 24K lũy kế 9 tháng cũng tăng 104,2% so với cùng kỳ do ảnh hưởng từ xu hướng đầu tư, nhu cầu của khách hàng trong bối cảnh áp lực lạm phát cao và bất ổn về chính trị. Bên cạnh đó, biên lợi nhuận gộp trung bình lũy kế 9 tháng đạt 17,4% so với mức 18,5% cùng kỳ do sự thay đổi cơ cấu hàng bán của kênh lẻ. Tổng chi phí hoạt động lũy kế 9 tháng tăng 73,4% so với cùng kỳ, tỷ lệ chi phí hoạt động/Lợi nhuận gộp đạt 59,4% giảm so với mức 65,9% cùng kỳ 2021. Hiệu quả sử dụng chi phí cải thiện nhờ tối ưu hóa vận hành bằng các ứng dụng công nghệ vào bán hàng, quản lý doanh nghiệp. Tính đến cuối tháng 9/2022, hệ thống PNJ có 354 cửa hàng độc lập. Trong đó, mở mới 21 cửa hàng và nâng cấp 19 cửa hàng PNJ Gold, mở mới 2 cửa hàng Style by PNJ, mở mới 1 cửa hàng PNJ Watch. Và đóng 6 cửa hàng PNJ Gold và 6 cửa hàng PNJ Silver để tối ưu hiệu quả hoạt động kinh doanh. PNJ khai trương cửa hàng mới Ngoài ra, theo công ty chứng khoán Bảo Việt (BVSC) nhận định: Với giá trị thương hiệu hàng đầu; vị thế dẫn đầu thị trường để hưởng lợi từ xu hướng hợp nhất đang diễn ra của ngành, sự gia tăng nhanh chóng của tầng lớp trung lưu và giàu có ở Việt Nam và tác động hạn chế từ lạm phát, BVSC kỳ vọng giá mục tiêu của PNJ, ở mức 141.000 đồng/cổ phiếu.",PNJ,PNJ,Phu Nhuan Jewelry,alias,0.98,auto_high_confidence,"Lũy kế 9 tháng, doanh thu từ mảng bán lẻ Target tăng 113,3%","Lũy kế 9 tháng, doanh thu từ mảng bán lẻ Target tăng 113,3%",FinABSA_target_masked_headline_v1,0,"Lũy kế 9 tháng, doanh thu từ mảng bán lẻ Target tăng 113,3%",The sentiment for Target in the given sentence is NEUTRAL.,neutral,,,,0.0,/home/huylkq/repos/nlp/FinABSA-Valid/MODEL/finabsa-other-masked-final_3epoch,Target,ok,neutral,2022-10-24 13:30:00+00:00,2022-10-24
74675620a9a3c7fc_00,74675620a9a3c7fc,https://cafef.vn/neu-chon-big4-de-gui-tiet-kiem-thi-vietinbank-vietcombank-bidv-hay-agribank-co-lai-suat-cao-nhat-20221024111300238.chn,2022-10-24T11:13:02,,,"Nếu chọn Big4 để gửi tiết kiệm thì VietinBank, Vietcombank, BIDV hay Agribank có lãi suất cao nhất?","Đây là 4 ngân hàng có nhiều khách hàng gửi tiết kiệm nhất hiện nay. Thời gian gần đây, những ngân hàng này đã tăng mạnh lãi suất huy động và tung ra nhiều chương trình ưu đãi để thu hút người gửi tiền.","TIN MỚI Theo khảo sát, biểu lãi suất gửi tại quầy của Vietcombank, BIDV, VietinBank khá giống nhau, với lãi suất kỳ hạn 1 tháng – 2 tháng là 4,1%/năm, kỳ hạn 3 tháng là 4,4%/năm, kỳ hạn 6 tháng 4,7%/năm, kỳ hạn 9 tháng 4,8%/năm, và từ 12 tháng trở lên có lãi suất 6,4%/năm. Agribank cũng niêm yết mức lãi suất tương tự, chỉ khác ở kỳ hạn 6 tháng – 8 tháng cao hơn so với 3 ngân hàng trên. Theo đó, Agribank niêm yết lãi suất 4,8%/năm cho kỳ hạn từ 6 tháng -11 tháng. Ngoài ra, đối với tiền gửi không kỳ hạn, lãi suất của Agribank cũng cao hơn với 0,3%/năm, trong khi Vietcombank, BIDV và VietinBank niêm yết 0,1%/năm. Đối với biểu lãi suất gửi tiết kiệm trực tuyến trên ứng dụng ngân hàng số, Mobile Banking, InternetBanking, những ngân hàng này cộng thêm khoảng 0,3-0,5 điểm % so với gửi tại quầy. Tại BIDV, khi gửi tiền online, ngân hàng cộng thêm 0,5 – 0,6 điểm % cho các kỳ hạn từ 12 tháng trở xuống. Như vậy, gửi tiết kiệm trực tuyến trên ứng dụng của BIDV kỳ hạn 3 tháng – 5 tháng sẽ có lãi suất 4,9%/năm (gần tối đa quy định 5%/năm). Ngoài ra, gửi kỳ hạn 6 tháng theo phương thức này có lãi suất 5,3%/năm, kỳ hạn 9 tháng 5,4%/năm, kỳ hạn 12 tháng 6,9%/năm. Lãi suất kỳ hạn 24 tháng, 36 tháng vẫn áp dụng như gửi tại quầy là 6,4%/năm. VietinBank cũng cộng 0,5-0,6 điểm % cho các kỳ hạn. Điểm khác biệt với BIDV là VietinBank cộng cả lãi suất cho kỳ hạn 24 tháng lên 6,9%/năm. Trong khi đó, theo niêm yết trên website, Vietcombank có lãi suất cao nhất khi gửi tiết kiệm trực tuyến là 6,8%/năm dành cho kỳ hạn 12 tháng, 24 tháng. Các mức lãi suất nêu ở trên là biểu lãi suất niêm yết chính thức của những ngân hàng này. Song đây cũng chỉ là lãi suất mang tính tham khảo và có thể cao hơn tùy thuộc vào từng phòng giao dịch, chi nhánh. Các ngân hàng cũng có chính sách lãi suất thỏa thuận riêng với từng tệp khách hàng, ví dụ khách hàng VIP gửi số tiền lớn sẽ có những ưu đãi đặc biệt. Chẳng hạn, một phòng giao dịch của VietinBank tại quận Thanh Xuân đang huy động tiền gửi với lãi suất tối đa lên tới 7,6%/năm, khách hàng được tặng tiền tới 1,5 triệu đồng và tài khoản số đẹp. Được biết, để được hưởng những ưu đãi này, khách hàng phải đáp ứng một số điều kiện nhất định. Tương tự, tại một số chi nhánh của Vietcombank, nhiều khách hàng có thể gửi tiết kiệm với lãi suất trên dưới 7%/năm. Bên cạnh tăng lãi suất, các ngân hàng Big 4 cũng đang triển khai nhiều chương trình ưu đãi để thu hút người gửi tiền. Chẳng hạn, Agribank có chương trình tặng phiếu dự thưởng cho khách hàng gửi tiền, với giải thưởng cao nhất là 1 tỷ đồng. BIDV áp dụng tới 3 chương trình khuyến mãi dành cho người gửi tiền. Trong đó, khách hàng gửi tiết kiệm có cơ hội được tặng sổ tiết kiệm giá trị tới 50 triệu đồng. Khách hàng cũng được ưu đãi, miễn giảm phí mở tài khoản số đẹp với dãy số tài khoản tự chọn. Mặc dù đã tăng mạnh thời gian gần đây nhưng lãi suất của Big 4 vẫn đang thuộc nhóm thấp nhất hệ thống. Những ngân hàng tư nhân lớn như VPBank, Techcombank, Sacombank,…đều đã nâng lãi suất lên trên dưới 8%/năm. Chẳng hạn VPBank đã có lãi suất cao nhất lên tới 8,4%/năm dành cho khách hàng gửi online kỳ hạn 36 tháng với số tiền 50 tỷ trở lên. Techcombank cũng niêm yết lãi suất 8%/năm cho kỳ hạn từ 12 tháng trở lên, áp dụng cho bất kỳ số tiền gửi nào. Theo các chuyên gia, cuộc đua lãi suất huy động vẫn còn “nóng” trong thời gian tới khi bước vào giai đoạn cao điểm nhu cầu tiền mặt cuối năm. Tăng trưởng huy động vốn chậm hơn trong quý 3 vừa qua cũng đã khiến thanh khoản hệ thống trở nên căng thẳng buộc các ngân hàng phải tăng mạnh lãi suất, phát hành chứng chỉ tiền gửi và triển khai chương trình ưu đãi để tăng sức cạnh tranh trên thị trường. Ngân hàng tuần qua: Tỷ giá tăng nóng, lãi suất huy động chạm mức 9,5%/năm, nhiều ngân hàng tiếp tục lãi lớn",BID,BID,BIDV,alias,0.98,auto_high_confidence,"Nếu chọn Big4 để gửi tiết kiệm thì VietinBank, Vietcombank, TargetV hay Agribank có lãi suất cao nhất?","Nếu chọn Big4 để gửi tiết kiệm thì VietinBank, Vietcombank, TargetV hay Agribank có lãi suất cao nhất?",FinABSA_target_masked_headline_v1,0,"Nếu chọn Big4 để gửi tiết kiệm thì VietinBank, Vietcombank, TargetV hay Agribank có lãi suất cao nhất?",The sentiment for Target in the given sentence is NEUTRAL.,neutral,,,,0.0,/home/huylkq/repos/nlp/FinABSA-Valid/MODEL/finabsa-other-masked-final_3epoch,Target,ok,neutral,2022-10-24 11:13:02+00:00,2022-10-24
aebeb7895513f87b_00,aebeb7895513f87b,https://cafef.vn/flc-va-flchomes-da-mua-lai-toa-bamboo-airways-va-du-kien-ban-cho-mot-ben-khac-voi-gia-2000-ty-dong-20221024100637469.chn,2022-10-24T10:08:53,,,FLC và FLCHomes đã mua lại toà Bamboo Airways và dự kiến bán cho một bên khác với giá 2.000 tỷ đồng,"Cuối tháng 6 năm nay, Hội đồng quản trị Tập đoàn FLC đã ban hành nghị quyết thông qua việc FLC cùng với FLCHomes mua lại Toà nhà 265 Cầu Giấy từ OCB.","FLC: Giá hiện tại Thay đổi Xem hồ sơ doanh nghiệp TIN MỚI Ngày 21/10, CTCP Đầu tư Kinh doanh Phát triển Bất động sản FLCHomes công bố thông tin về việc ngày 20/10, FLCHomes cùng với CTCP Tập đoàn FLC (FLC) đã ký kết hợp đồng với CTCP Gateway Hà Nội về việc mua bán công trình xây dựng gắn liền với đến quyền sử dụng đất tại địa chỉ: Số 265 Cầu Giấy, phường Dịch Vọng, quận Cầu Giấy, thành phố Hà Nội. Giá bán công trình xây dựng là 2.000 tỷ đồng, đã bao gồm thuế giá trị gia tăng và không bao gồm giá trị của phần diện tích đã bán. Tòa nhà FLC Cầu Giấy bắt đầu đi vào hoạt động từ năm 2019. Tổng diện tích các sàn của tòa nhà này là hơn 101.000 m2 với 42 tầng, gồm 4 tầng hầm và 38 tầng nổi. Cụ thể, tài sản bảo đảm là sàn thương phẩm kinh doanh hình thành trong tương lai của ba tầng hầm, 6 tầng trung tâm thương mại (từ tầng 1 đến 6), Khu tháp văn phòng (từ tầng 7 đến 17 và từ tầng 21 đến 38). Được biết, toà nhà 265 Cầu Giấy đã được sở hữu bởi Ngân hàng OCB từ năm 2020. Vào ngày 21/9/2020, HĐQT Tập đoàn FLC đã thông qua việc sử dụng tài sản tại số 265 Cầu Giấy để bảo đảm cho nghĩa vụ tài chính của Bamboo Airways tại Ngân hàng TMCP Phương Đông (OCB) chi nhánh Thăng Long. Sau đó, đến ngày 9/11/2020 HĐQT đã ban hành nghị quyết dùng toà nhà 265 Cầu Giấy để gán nợ thay thế cho nghĩa vụ trả nợ của Tập đoàn FLC, FLCHomes, CTCP Xây dựng FLC Faros (ROS), CTCP Đầu tư và Khoáng sản FLC Stone (AMD) và CTCP Hàng không Tre Việt (Bamboo Airways) tại OCB. Đến cuối tháng 6 năm nay, Hội đồng quản trị Tập đoàn FLC đã ban hành nghị quyết thông qua việc FLC cùng với FLCHomes mua lại Toà nhà 265 Cầu Giấy từ OCB. Ngày 29/8, Hội đồng quản trị FLCHomes đã thông qua việc chấm dứt hợp đồng mua bán tài sản giữa FLC, FLCHomes và OCB. Theo đó, hợp đồng sẽ chấm dứt hiệu lực khi FLC và FLCHomes đã liên đới hoàn trả toàn bộ khoản tiền đã nhận theo quy định tại Hợp đồng mua bán tài sản cho OCB. Sau khi chấm dứt hợp đồng, FLC và FLCHomes sẽ có quyền chuyển nhượng cho bên thứ ba khác tài sản là toàn nhà 265 Cầu Giấy với giá trị chuyển nhượng tối thiểu là 2.000 tỷ đồng (đã bao gồm thuế GTGT và không bao gồm giá trị của phần diện tích đã bán). Theo thông tin trên Cục đăng ký Quốc gia Giao dịch bảo đảm, ngày 14/9/2022, Gateway Hà Nội đã thế chấp hợp đồng đặt cọc ngày 30/8 với bên đặt cọc là Gateway Hà Nội và bên nhận đặt cọc là FLC và FLCHomes để đảm bảo cho khoản vay hoặc nghĩa vụ 1.659 tỷ đồng tại Ngân hàng TMCP Phương Đông – Chi nhánh Gia Định. FLC tính ""chuộc lại"" tòa tháp 265 Cầu Giấy: OCB có cho?",FLC,FLC,FLC Group,alias,0.98,auto_high_confidence,Target và FLCHomes đã mua lại toà Bamboo Airways và dự kiến bán cho một bên khác với giá 2.000 tỷ đồng,Target và FLCHomes đã mua lại toà Bamboo Airways và dự kiến bán cho một bên khác với giá 2.000 tỷ đồng,FinABSA_target_masked_headline_v1,0,Target và FLCHomes đã mua lại toà Bamboo Airways và dự kiến bán cho một bên khác với giá 2.000 tỷ đồng,The sentiment for Target in the given sentence is NEUTRAL.,neutral,,,,0.0,/home/huylkq/repos/nlp/FinABSA-Valid/MODEL/finabsa-other-masked-final_3epoch,Target,ok,neutral,2022-10-24 10:08:53+00:00,2022-10-24
e99f6689e2c48756_00,e99f6689e2c48756,https://cafef.vn/hsc-dong-hanh-cung-nha-dau-tu-ha-canh-an-toan-trong-giong-bao-20221022123758813.chn,2022-10-24T08:00:00,,,HSC đồng hành cùng nhà đầu tư hạ cánh an toàn trong giông bão,"""Cơn bão"" kinh tế và tài chính vẫn đang làm khuấy đảo thị trường quốc tế cũng như trong nước. Với việc các chỉ số chính như S&amp;P500, Dow Jones, Nasdaq và đương nhiên là VNINDEX đều sụt giảm mạnh kể từ đầu năm, chúng ta có thể ví von thị trường tài chính trong thời điểm hiện tại như một chuyến bay gặp phải giông bão.","TIN MỚI Trong những lúc như thế này, câu hỏi đặt ra không phải là ""lúc nào bão sẽ qua đi"", nhưng có lẽ quan trọng hơn là làm sao để ""hạ cánh an toàn"", đảm bảo sự an toàn của các hành khách. ""Lúc nào cơn bão sẽ qua đi?"" Kể từ đầu năm 2022, các chuyến bay của các nhà đầu tư chứng khoán đã gặp phải vô số nhiễu động như lạm phát, chính sách tăng lãi suất của Fed, nỗi lo suy thoái và các căng thẳng địa – chính trị. Cho đến nay, dù đã quen với tình hình giông bão, nhưng những lo ngại vẫn tiếp diễn khi các dữ liệu kinh tế mới nhất hiển thị trên ""radar đầu tư"" cho thấy rằng cơn bão kinh tế sẽ chưa thể kết thúc ngay lập tức. Trong tháng 9 vừa qua, dữ liệu tỷ lệ thất nghiệp tại Mỹ đã giảm xuống 3,5% - tương đương với trước COVID-19, và cũng là mức thấp nhất trong vòng 50 năm trở lại đây, góp phần củng cố quan điểm tiếp tục tăng lãi suất, thắt chặt tiền tệ của Fed. Lượng việc làm tăng sẽ thúc đẩy tiêu dùng và lạm phát – vốn đã đạt mức cao kỉ lục trong 2022; khiến cho kỳ vọng giá cả hạ nhiệt nhanh chóng trở nên khó khăn. Số liệu CPI Mỹ tháng 9 tăng 0,4% so với tháng trước và 8.3% so với năm trước, tuy có giảm nhẹ nhưng vẫn cao hơn mức dự báo lần lượt là 0,3% và 8.2%. So với năm ngoái, CPI lõi còn tăng trở lại mặc dù những nỗ lực giảm lãi suất của Fed. Nguồn: Bloomberg Nguồn: Bloomberg, U.S Federal Reserve Fed đã cam kết từ đầu năm rằng sẽ đặt mục tiêu kiềm chế lạm phát lên hàng đầu, và sẽ còn kéo dài và quyết liệt hơn trong lộ trình tăng lãi suất của mình cho đến khi CPI tiệm cận về mức mục tiêu trong dài hạn chỉ 2%. Trong bối cảnh đó, rủi ro tín dụng tăng mạnh, nguy cơ xảy ra một cuộc suy thoái trở thành mối lo vô cùng lớn. Việt Nam cũng chịu ảnh hưởng đến từ ""Cơn bão kinh tế"" khi đồng USD tăng mạnh, tỷ giá USD/VND liên tục phá kỷ lục mới, cùng với thanh khoản thị trường liên ngân hàng co hẹp đẩy lãi suất qua đêm có lúc vượt 12%/năm. ""Chuyến bay chứng khoán Việt Nam"" còn bị rung lắc mạnh do ảnh hưởng từ nhiều nguồn tin tiêu cực từ đầu năm 2022. Vì lí do này mà nhiều nhà đầu tư đã chọn cách bỏ dở chuyến bay, ""nhảy dù"" hay cắt lỗ để ""đau một lần rồi thôi"". Một số khác vẫn đang kiên trì với hành trình, nhưng vô cùng lo lắng rằng cơn bão sẽ còn kéo dài, và làm cách nào để ""hạ cánh an toàn"" trong giông bão? Hạ cánh an toàn trong cơn giông bão Trong điều kiện thời tiết khắc nghiệt, tầm nhìn và niềm tin sẽ là kim chỉ nam giúp các hành khách tiếp tục bình tâm, kiên nhẫn đi hết hành trình và hạ cánh an toàn. Bất chấp lo ngại suy thoái trên thế giới, GDP Việt Nam quý 3.2022 vẫn tăng trưởng 13.67% so với cùng kỳ năm 2021, lạm phát cũng kiểm soát tốt ở mức 3.32%. Ước cả năm 2022, tăng trưởng GDP là 8%, vượt kế hoạch 6-6.5%, mục tiêu GDP 2023 dự kiến khoảng 6.5%. Những triển vọng khả quan đó kết hợp với việc VNindex đã giảm tới hơn 30% từ đầu năm khiến cho PE VNindex đang nằm trong top 10% thấp nhất lịch sử, chỉ tương đương các mốc đáy hình thành trong giai đoạn 2008, 2012 và 2020. Đây là cơ hội hấp dẫn chỉ dành cho các hành khách vẫn đang trong hành trình của ""Chuyến bay chứng khoán"". Nguồn: Bloomberg Tuy có mức định giá hấp dẫn và xác suất đầu tư thua lỗ thấp, các ""hành khách"" hay nhà đầu tư vẫn cần tuân thủ đúng các quy tắc để đảm bảo an toàn trong suốt chuyến bay: Thứ nhất, cần lựa chọn những cổ phiếu tốt và xây dựng danh mục cân bằng; Thứ hai, luôn thắt dây an toàn theo sự hướng dẫn của Phi hành đoàn – nói cách khác cần phải quản trị rủi ro thật tốt; Thứ ba, cần sử dụng hiệu quả sự tư vấn đến từ Cơ trưởng và Phi hành đoàn – các công ty chứng khoán trên thị trường; Cuối cùng, nhà đầu tư luôn phải giữ một cái đầu lạnh, sẵn sàng cho những trường hợp xấu có thể xảy ra. Trước bối cảnh thị trường giông bão, ""Hãng hàng không"" HSC tổ chức buổi hội thảo C2C – Connecting to Customers vào ngày 27.10.2022 với chủ đề ""Hạ cánh an toàn trong giông bão"". Nhà đầu tư tham gia chuyến bay C2C 2710 sẽ có cơ hội được lắng nghe những phân tích đến từ phi hành đoàn – các chuyên gia phân tích nhiều năm kinh nghiệm của HSC, nhằm xác định và hiểu rõ các dấu hiệu khi các rủi ro xuất hiện, leo thang, kết thúc cũng như các sai lầm thường gặp,đề xuất các biện pháp phòng chống, xử lý rủi ro trong ""giông bão"". Chuỗi hội thảo ""Connecting to Customers"" được HSC tổ chức định kỳ hằng tháng/ quý nhằm kết nối nhà đầu tư với lãnh đạo các doanh nghiệp và các chuyên gia phân tích, tư vấn của HSC. Nhà đầu tư đăng ký tham dự Hội thảo tại: https://event.hsc.com.vn/c2c_quy42022/ Mở tài khoản đầu tư tại HSC trong 3 phút tại đây: https://online.hsc.com.vn/mo-tai-khoan.html",HSC,HCM,Ho Chi Minh City Securities,alias,0.98,auto_high_confidence,Target đồng hành cùng nhà đầu tư hạ cánh an toàn trong giông bão,Target đồng hành cùng nhà đầu tư hạ cánh an toàn trong giông bão,FinABSA_target_masked_headline_v1,0,Target đồng hành cùng nhà đầu tư hạ cánh an toàn trong giông bão,The sentiment for Target in the given sentence is NEUTRAL.,neutral,,,,0.0,/home/huylkq/repos/nlp/FinABSA-Valid/MODEL/finabsa-other-masked-final_3epoch,Target,ok,neutral,2022-10-24 08:00:00+00:00,2022-10-24
a40a207ddee08df1_00,a40a207ddee08df1,https://cafef.vn/co-phieu-hoa-phat-hpg-troi-xuong-day-2-nam-thi-gia-ve-vung-16x-20221023093207103.chn,2022-10-23T09:32:32,,,"Cổ phiếu Hoà Phát (HPG) ""trôi"" xuống đáy 2 năm, thị giá về vùng 16.x","So với mức giá cao nhất từng đạt được từ tháng 10/2021, thị giá hiện tại của HPG giảm hơn 61%, ""out"" TOP 10 doanh nghiệp có vốn hoá lớn nhất sàn HoSE.","HPG: Giá hiện tại Thay đổi Xem hồ sơ doanh nghiệp TIN MỚI Thị trường chứng khoán vừa khép lại phiên giao dịch cuối tuần không mấy tích cực, VN-Index đóng cửa dưới ngưỡng 1.020 điểm và trở thành thị trường giảm mạnh nhất thế giới ngày 21/10 với mức giảm 3,65%. Trong bối cảnh đó, cổ phiếu HPG của Hòa Phát cũng không tránh khỏi bị bán mạnh và đóng cửa giảm sâu 6,63% xuống mức 16.900 đồng/cổ phiếu. Đây là mức giá đóng cửa thấp nhất trong vòng gần 2 năm (tính theo giá điều chỉnh) của cổ phiếu đầu ngành thép này. Như vậy, sau khi chính thức rơi xuống giao dịch trong vùng giá 1x vào thời điểm đầu tháng 10 vừa qua, thị giá HPG tiếp tục giảm sâu xuống vùng 16.xxx đồng như hiện tại. So với mức giá cao nhất từng đạt được từ tháng 10/2021, thị giá hiện tại của HPG bay hơn 61% và đánh mất toàn bộ thành quả tăng giá trong năm 2021. Cổ phiếu HPG rơi xuống đáy gần 2 năm, về vùng 16.xxx đồng/cp Theo đó, mức định giá của HPG thậm chí còn thấp hơn giá trị sổ sách, P/B chỉ đạt 0,76 lần, điều rất hiếm khi xảy ra bởi các doanh nghiệp trên sàn chứng khoán, đặc biệt là các doanh nghiệp hàng đầu, thường có P/B lớn hơn 1. Vốn hóa thị trường của HPG bị “thổi bay” khoảng 6,5 tỷ USD trong vòng 1 năm qua, xuống còn 98.300 tỷ đồng. Như vậy, sau đúng 2 năm kể từ khi vượt qua cột mốc 100.000 tỷ, Hòa Phát lại trở về với giá trị ban đầu, ngày càng xa rời nhóm vốn hóa lớn nhất tại cả sàn HoSE nói riêng và thị trường chứng khoán Việt Nam nói chung. Có thể thấy, việc tỷ phú Trần Đình Long đưa ra những nhận định khó khăn với ngành thép nói chung và Hòa Phát nói riêng trong năm 2022 đã và đang dần trở thành hiện thực. Không còn cái tên HPG trong TOP 10 doanh nghiệp có vốn hoá lớn nhất sàn HoSE Đà giảm của HPG thời gian qua phần nào đến từ việc dòng tiền không còn đủ dồi dào để hấp thụ lượng cổ phiếu trôi nổi tự do (freefloat) “khổng lồ”. Với số lượng free float gần 3,2 tỷ đơn vị, giá cổ phiếu HPG chịu nhiều áp lực trong bối cảnh dòng tiền hiện đã không còn đủ dồi dào để hấp thụ lượng cổ phiếu trôi nổi tự do (freefloat) “khổng lồ”. Điều này hoàn toàn trái ngược với giai đoạn bùng nổ cuối năm 2021 khi giá trị giao dịch của mã chứng khoán này có phiên lên đến hàng nghìn tỷ đồng nhờ lực cầu vô cùng lớn, gánh thanh khoản của cả thị trường. Đồng thời, cổ phiếu HPG sụt giảm trong bối cảnh nhiều yếu tố không thuận lợi ảnh hưởng đáng kể đến kết quả kinh doanh, điển hình là giá thép. Theo đó, quý 2/2022 vừa qua có thể xem là một trong những giai đoạn khó khăn nhất trong hơn 2 năm trở lại đây đối với ngành thép và cả Hòa Phát. Giá thép giảm trong khi chi phí nguyên liệu đầu vào vẫn cao khiến lợi nhuận ròng của doanh nghiệp đầu ngành thép giảm 59% so với cùng kỳ, xuống còn khoảng 4.000 tỷ đồng. Những ngày đầu tháng 10, giá thép xây dựng của Hòa Phát tại thị trường nội địa đang liên tục điều chỉnh giảm trong bối cảnh nhu cầu của người tiêu dùng cuối cùng vẫn đang tăng chậm. Trong khi đó, giá thép cây thế giới hiện chỉ còn 1/3 so với đỉnh. Chiều ngược lại, giá than cốc luyện thép lại đảo chiều tăng trở lại từ giữa tháng 9. Điều này sẽ làm tăng chi phí đầu vào sản xuất, ảnh hưởng đến biên lợi nhuận gộp của các doanh nghiệp thép. Thời điểm hiện tại, Hòa Phát chưa công bố báo cáo tài chính quý 3/2022. Song, SSI Research dự báo lợi nhuận HPG tiếp tục giảm còn khoảng 2,1 nghìn tỷ đồng, tức giảm 80% so với mức đỉnh trong quý 3/2021. Sự sụt giảm của lợi nhuận trong quý này so với cùng kỳ năm ngoái là do giá thép giảm, đặc biệt là giá thép HRC giảm 32% so với cùng kỳ năm trước, giá than cốc cao và lỗ tỷ giá do đồng VND giảm giá 2,5% so với USD. Không chỉ có áp lực từ kết quả kinh doanh, cổ phiếu HPG còn liên tục chịu áp lực bán ra mạnh từ phía nhà đầu tư nước ngoài trong thời gian gần đây.﻿ Chỉ riêng trong tuần 17-21/10, khối ngoại mạnh tay bán ròng tới 630 tỷ đồng cổ phiếu HPG , ""đổ thêm dầu vào lửa"" vào diễn biến giá cổ phiếu. Ngoài ra, mặt bằng lãi suất có xu hướng tăng cũng﻿ là yếu tố gây bất lợi khi cơ cấu tài chính của Hòa Phát ghi nhận nợ vay chiếm tỷ trọng lớn. Tính đến cuối quý 2/2022, doanh nghiệp đầu ngành thép đang vay nợ hơn 70.000 tỷ đồng, gần gấp đôi so với các tài sản được hưởng lãi suất. Đặc biệt, tập đoàn còn đang chuẩn bị đầu tư cho dự án Dung Quất 2 với tổng mức đầu tư lên đến 85.000 tỷ đồng trong đó nguồn vốn vay chiếm khoảng 35.000 tỷ đồng. Mặt khác, HPG còn chịu thêm nỗi lo tỷ giá leo thang. Riêng trong quý 2, đồng USD không ngừng tăng khiến doanh nghiệp lỗ tỷ giá 1.100 tỷ đồng. Trong những tháng tới và năm 2023, Chứng khoán VDSC kỳ vọng doanh số bán thép xây dựng sẽ phục hồi nhanh hơn so với thép dẹt. Tiêu thụ thép xây dựng hàng tháng trong quý 4 có khả năng bình thường trở lại sau khi tăng đột biến vào tháng 9 trong khi HRC và tôn mạ vẫn yếu do nhu cầu thấp từ các thị trường lớn (Mỹ và EU). Sang năm 2023, VDSC cũng kỳ vọng thép xây dựng sẽ tăng trưởng mạnh hơn thép dẹt trên cơ sở triển vọng giải ngân đầu tư công của Chính phủ Việt Nam sẽ tăng tốc trong khi lạm phát sẽ vẫn ở mức cao trên toàn cầu cho đến giữa năm.",HPG,HPG,Hoa Phat Group,alias,0.98,auto_high_confidence,"Cổ phiếu Hoà Phát (Target) ""trôi"" xuống đáy 2 năm, thị giá về vùng 16.x","Cổ phiếu Hoà Phát (Target) ""trôi"" xuống đáy 2 năm, thị giá về vùng 16.x",FinABSA_target_masked_headline_v1,0,"Cổ phiếu Hoà Phát (Target) ""trôi"" xuống đáy 2 năm, thị giá về vùng 16.x",The sentiment for Target in the given sentence is NEUTRAL.,neutral,,,,0.0,/home/huylkq/repos/nlp/FinABSA-Valid/MODEL/finabsa-other-masked-final_3epoch,Target,ok,neutral,2022-10-23 09:32:32+00:00,2022-10-23
bfc7b463d9d6708c_00,bfc7b463d9d6708c,https://cafef.vn/kinh-te-truong-mbs-nha-dau-tu-khong-nen-qua-hoang-loan-va-quan-sat-ky-vung-1000-diem-20221022202002765.chn,2022-10-23T09:05:25,,,Kinh tế trưởng MBS: Nhà đầu tư không nên quá hoảng loạn và quan sát kỹ vùng 1.000 điểm,"Theo chuyên gia MBS, hiện tại tâm lý hoang mang chi phối thị trường và nhà đầu tư dường như không còn quan tâm đến những yếu tố tích cực.","TIN MỚI VN-Index trải qua một tuần rung lắc mạnh với thanh khoản sụt giảm. Trước những thông tin bất ổn về kinh tế vĩ mô cộng thêm tâm lý bi quan của nhà đầu tư khiến áp lực bán gia tăng mạnh vào những phiên cuối tuần. Đặc biệt, áp lực chốt lời trong 21/10 khiến VN-Index giảm gần 39 điểm, gần như xoá sạch nỗ lực phục hồi trước đó để thoái lui về dưới mốc 1.020. Nêu quan điểm về những diễn biến kém tích cực của thị trường trong thời gian gần đây, ông Hoàng Công Tuấn – Kinh tế trưởng Chứng khoán MBS cho rằng áp lực tâm lý vẫn là yếu tố chi phối thị trường. Tại thời điểm thị trường ở ngưỡng đáy sẽ có ba hình thái khiến nhà đầu tư bán ra. Đầu tiên là hiệu ứng “domino” bán cổ phiếu, tiếp theo là hiện tượng call margin và cuối cùng là hiện tượng tâm lý chán nản, thất vọng kéo dài. Bàn luận về thông tin Ngân hàng Nhà nước (NHNN) điều chỉnh giá bán ngoại tệ USD/VND từ 23.925 (30/9) lên 24.480 (~6% so với đầu năm) vào ngày 17/10 vừa qua, ông Hoàng Công Tuấn cho rằng tỷ giá đang có sự biến động khá mạnh. Theo đó, tỷ giá giao dịch thị trường tự do và tỷ giá giao dịch tại các NHTM liên tục tăng nóng cho thấy các áp lực lên tỷ giá không những không suy giảm mà còn liên tiếp tăng trong giai đoạn này khi nguồn lực của Việt Nam là có hạn. Giai đoạn này xu hướng tăng lãi suất nhanh và mạnh của Fed cũng như nhiều NHTW khác trên thế giới vẫn đang tiếp diễn xác suất cao về một đợt tăng lãi suất 75 điểm vào đầu tháng 11 và một lần tăng 50 điểm trong tháng 12. Vì vậy, giai đoạn này xu hướng giảm giá của VND tiếp diễn trong khi lãi suất chịu áp lực tăng. Tuy lãi suất và tỷ giá vẫn có sự biến động, song chuyên gia MBS kỳ vọng lãi suất dù có xu hướng tăng thêm trong thời gian tới, nhưng chỉ quay về mức trước dịch Covid. Dự báo xu hướng tăng lãi suất sẽ hạ nhiệt trong đầu năm sau. Nhà đầu tư﻿ không nên quá vội vàng bán cổ phiếu Nhận định về TTCK, dù bối cảnh vĩ mô còn nhiều yếu tố khó lường, song chuyên gia cho rằng nhà đầu tư không nên quá vội vàng bán cổ phiếu. Bởi nếu giao dịch theo những tin đồn chưa được xác thực sẽ rất dễ đưa ra quyết định sai lầm và người thiệt hại cuối cùng vẫn là nhà đầu tư. Nhiều nhà đầu tư khôn ngoan đang ""đứng ngoài"" chờ đợi khi nào có xu hướng lạm phát, lãi suất tạo đỉnh rõ ràng mới tham gia. Tuy nhiên, thị trường chứng khoán là kỳ vọng về tương lai nên cần nhìn xa hơn. Theo nghiên cứu của ông Tuấn, TTCK thường tạo đáy trước khi lãi suất tạo đỉnh khoảng 3 tháng. Với luận điểm lãi suất sẽ có thể tạo đỉnh vào tháng 2- tháng 3 năm sau, chuyên gia cho rằng TTCK cũng sẽ sớm xác lập vùng đáy vào cuối năm nay. Xét về định giá, Kinh tế trưởng MBS đánh giá TTCK hiện tại rất rẻ với P/E xấp xỉ 10.x lần. Nhìn về quá khứ, năm 2011 thị trường cũng đã giảm khá mạnh đưa P/E về mức khoảng 10 lần với hàng loạt cổ phiếu bị định giá thấp một cách phi lý. Tuy nhiên, bối cảnh vĩ mô thời điểm đó rất xấu khi lạm phát ở mức rất cao, tỷ giá bị phá giá đến 11%, thậm chí các công ty chứng khoán cắt hết các khoản vay margin. Tại thời điểm này, cũng với mức định giá đó, nhưng bối cảnh vĩ mô của chúng ta hoàn toàn khác biệt. Hiện tâm lý hoang mang chi phối hoàn toàn và nhà đầu tư dường như không còn quan tâm đến những yếu tố tích cực. “Lãi suất có tăng thì cuối cùng cũng sớm cân bằng, định giá thị trường khi đó rất khác. Việc nắm giữ cổ phiếu thời điểm này cần chờ đợi thời gian bởi về dài hạn giá cổ phiếu sẽ tăng và định giá sẽ tích cực hơn. Nhà đầu tư không nên quá hoảng loạn và quan sát kỹ vùng 1.000 điểm"" , chuyên gia MBS cho biết.",MBS,MBS,MBS Securities,alias,0.98,auto_high_confidence,Kinh tế trưởng Target: Nhà đầu tư không nên quá hoảng loạn và quan sát kỹ vùng 1.000 điểm,Kinh tế trưởng Target: Nhà đầu tư không nên quá hoảng loạn và quan sát kỹ vùng 1.000 điểm,FinABSA_target_masked_headline_v1,0,Kinh tế trưởng Target: Nhà đầu tư không nên quá hoảng loạn và quan sát kỹ vùng 1.000 điểm,The sentiment for Target in the given sentence is NEUTRAL.,neutral,,,,0.0,/home/huylkq/repos/nlp/FinABSA-Valid/MODEL/finabsa-other-masked-final_3epoch,Target,ok,neutral,2022-10-23 09:05:25+00:00,2022-10-23
0089279298d464b4_00,0089279298d464b4,https://cafef.vn/flc-stone-amd-da-tim-duoc-don-vi-kiem-toan-bctc-sau-khi-co-phieu-bi-han-che-giao-dich-20221022112200343.chn,2022-10-23T00:05:00,,,FLC Stone (AMD) đã tìm được đơn vị kiểm toán BCTC sau khi cổ phiếu bị hạn chế giao dịch,"Theo FLC Stone, sau khi phối hợp cùng với đơn vị kiểm toán đủ điều kiện, công ty sẽ nhanh chóng hoàn thiện và công bố BCTC soát xét bán niên 2022.","AMD: Giá hiện tại Thay đổi Xem hồ sơ doanh nghiệp TIN MỚI Trong thông báo mới nhất, CTCP Đầu tư và Khoáng sản FLC Stone (mã chứng khoán: AMD) vừa công bố biên bản giải trình tình trạng chứng khoán bị đưa vào diện hạn chế giao dịch. Đáng chú ý nhất là thông tin FLC Stone đã liên hệ được với đơn vị kiểm toán và đang trong quá trình thương thảo hợp đồng, chuẩn bị ký kết hợp đồng. Công ty cho biết, sau khi ký kết hợp đồng với đơn vị kiểm toán đủ năng lực chuyên môn theo quy định của pháp luật, FLC Stone sẽ công bố thông tin và khắc phục tình trạng chậm công bố thông tin báo cáo tài chính soát xét bán niên 2022. Theo FLC Stone, sau khi phối hợp cùng với đơn vị kiểm toán đủ điều kiện, công ty sẽ nhanh chóng hoàn thiện và công bố BCTC soát xét bán niên 2022. Trước đó, Sở Giao dịch Chứng khoán Tp.HCM (HoSE) vừa quyết định chuyển cổ phiếu AMD của Công ty cổ phần Đầu tư và Khoáng sản FLC Stone từ diện kiểm soát sang diện hạn chế giao dịch từ ngày 24/10. Như vậy, cổ phiếu AMD sẽ chỉ được giao dịch trong phiên chiều của ngày giao dịch theo phương thức khớp lệnh tập trung và thỏa thuận kể từ ngày 24/10. Nguyên nhân FLC Stone chậm nộp báo cáo tài chính soát xét bán niên năm 2022 quá 45 ngày so với thời hạn quy định, thuộc trường hợp chứng khoán bị hạn chế giao dịch theo quy định. Hồi đầu tháng 10, cổ phiếu AMD đã bị HoSE chuyển từ diện cảnh báo sang diện kiểm soát do doanh nghiệp chậm nộp báo cáo tài chính soát xét bán niên năm 2022 quá 30 ngày so với thời hạn quy định. Về diễn biến trên thị trường, sau thông tin cổ phiếu bị đưa vào diện hạn chế, cổ phiếu AMD đã ngắt chuỗi tăng trần 4 phiên liên tiếp và quay đầu giảm sàn 3 phiên gần nhất. Chốt phiên 21/10, cổ phiếu AMD đạt 1.320 đồng/cp, tương ứng mất 87% kể từ đỉnh đầu năm 2022.",FLC,FLC,FLC Group,alias,0.98,auto_high_confidence,Target Stone (Other) đã tìm được đơn vị kiểm toán BCTC sau khi cổ phiếu bị hạn chế giao dịch,Target Stone (Other) đã tìm được đơn vị kiểm toán BCTC sau khi cổ phiếu bị hạn chế giao dịch,FinABSA_target_masked_headline_v1,0,Target Stone (Other) đã tìm được đơn vị kiểm toán BCTC sau khi cổ phiếu bị hạn chế giao dịch,The sentiment for Target in the given sentence is NEUTRAL.,neutral,,,,0.0,/home/huylkq/repos/nlp/FinABSA-Valid/MODEL/finabsa-other-masked-final_3epoch,Target,ok,neutral,2022-10-23 00:05:00+00:00,2022-10-23
770a9e719328eb55_00,770a9e719328eb55,https://cafef.vn/thi-truong-dieu-chinh-manh-trong-tuan-17-21-10-khoi-ngoai-thu-hep-dang-ke-da-mua-rong-tap-trung-ban-manh-hpg-20221022110555375.chn,2022-10-22T11:06:16,,,"Thị trường điều chỉnh mạnh trong tuần 17-21/10, khối ngoại thu hẹp đáng kể đà mua ròng, tập trung bán mạnh HPG","Dưới áp lực bán ròng mạnh cuối tuần, tổng giá trị mua ròng của khối ngoại thu hẹp về chỉ còn 27 tỷ đồng.","TIN MỚI Sau những nhịp phục hồi tốt của tuần trước, thị trường chứng khoán Việt Nam lại chứng kiến áp lực điều chỉnh mạnh trong tuần 17-21/10. Đặc biệt với phiên thứ 6 mất gần 39 điểm, chỉ số VN-Index lùi về dưới ngưỡng 1.020 điểm. Tính cho cả tuần, VN-Index giảm tổng cộng 42,03 điểm (3,96%) xuống còn 1.019,82 điểm. Tương tự, HNX-Index cũng giảm hơn 10 điểm (4,6%), kết tuần tại 217,41 điểm. Trong bối cảnh thị trường giảm mạnh, thanh khoản chỉ xấp xỉ ngưỡng 11.500 tỷ đồng/phiên, giảm 18% so với tuần trước cho thấy tâm lý nhà đầu tư vẫn đang khá thận trọng trước những rủi ro ngắn hạn về biến động của thị trường. Xét theo mức độ đóng góp, những bluechips như VHM, HPG, VIC, TCB, MWG là những cổ phiếu gây ra áp lực điều chỉnh lớn lên VN-Index. Ngược lại, VNM, SAB hay REE tạo lực đỡ hiếm hoi với chỉ số chính TTCK Việt Nam. Về diễn biến giao dịch khối ngoại, sau khi trở lại mua ròng mạnh hồi đầu tháng, đà mua ròng đã suy yếu đáng kể trong tuần qua, đặc biệt dưới áp lực bán ròng mạnh cuối tuần, khiến tổng giá trị mua ròng thu hẹp về chỉ còn 27 tỷ đồng. Cụ thể, nếu chỉ xét trên kênh khớp lệnh thì nhà đầu tư ngoại mua ròng 38 tỷ đồng, tuy nhiên bán ròng 11 tỷ đồng trên kênh thỏa thuận - qua đó càng thu hẹp thêm đà mua ròng trong cả tuần. Xét riêng theo từng mã cổ phiếu, dòng tiền ngoại ghi nhận giá trị giao dịch mua ròng mạnh nhất tại cổ phiếu VNM với giá trị trêb ngưỡng 400 tỷ đồng. Ngoài ra, nhà đầu tư ngoại tuần này gom mạnh cổ phiếu MSN, VCB, IDC, DGC với giá trị trên 100 tỷ đồng tại mỗi mã. Ngược lại, cổ phiếu HPG bị khối ngoại bán ròng mạnh nhất trong tuần này, giá trị bất ngờ cao trên 600 tỷ đồng, tập trung phần lớn trên kênh khớp lệnh. Bên cạnh đó, các mã khác như VHM, VND, DXG KDH... cũng bị bán ròng trong tuần qua. Trên sàn HoSE, khối ngoại dứt chuỗi gom hàng, quay đầu bán ròng 126 tỷ đồng trong tuần qua. Cụ thể nhà đầu tư ngoại bán ròng 115 tỷ đồng thông qua khớp lệnh trên sàn, thêm vào đó tiếp tục bán ròng thêm 11 tỷ đồng tại kênh thỏa thuận. Tâm điểm dòng vốn ngoại rút ròng ghi nhận tại cổ phiếu ngành thép HPG, giá trị tuần này ghi nhận bán ròng tới 630 tỷ đồng. Bên cạnh đó, áp lực bán ròng ghi nhận tại hai cổ phiếu là VHM và VND với giá trị lần lượt là 291 tỷ đồng và 95 tỷ đồng. Các mã khác như NVL, DXG và KDH cũng đều bị bán ròng sau 5 phiên giao dịch của tuần vừa qua với giá trị lần lượt là 92 tỷ đồng, 71 tỷ đồng và 46 tỷ đồng. Trong khi đó, tại chiều mua, khối ngoại tiếp tục tỏ ra ưa thích cổ phiếu VNM, đây là tâm điểm mua ròng tuần qua với giá trị mua ròng đạt 406 tỷ đồng, gần như toàn bộ đều mua ròng khớp lệnh. Bên cạnh đó, lực mua ròng mạnh của khối ngoại trong tuần qua còn ghi nhận tại MSN với 163 tỷ đồng và VCB với 123 tỷ đồng. Danh sách TOP cổ phiếu được mua ròng trăm tỷ trong tuần qua tại sàn HoSE còn có DGC (109 tỷ đồng), FRT (94 tỷ đồng), DCM (86 tỷ đồng),... Tương tự, trên sàn HNX, khối ngoại giao dịch tích cực khi mua ròng 206 tỷ đồng trong cả tuần, toàn bộ đều trên kênh khớp lệnh. Khối ngoại tiếp đà mua ròng trên sàn HNX nhiều nhất tại cổ phiếu IDC với giá trị đột biến 111 tỷ đồng. PVS và PVI cũng lần lượt được mua ròng khoảng 27 tỷ đồng và hơn 4 tỷ đồng. Các cổ phiếu được mua ròng trong tuần qua còn có BVS, L14, TNG, VHL, VCS... Ngược lại, giao dịch chiều bán tại HNX ghi nhận giá trị bán ròng lớn nhất tại EVS với hơn 1 tỷ đồng, toàn bộ đều là bán khớp lệnh. Những cái tên trong danh sách bán ròng nhiều nhất sàn HNX trong tuần qua còn có DHT, THD, VNR, INN..., giá trị bán ròng tại mỗi mã chỉ vài trăm triệu đồng. Trên sàn UPCoM, nhà đầu tư nước ngoài tuần này cũng trở lại mua ròng 150 tỷ đồng, toàn bộ giao dịch bán ròng được ghi nhận trên kênh khớp lệnh. Cổ phiếu QNS tuần này là điểm sáng khi được nhà đầu tư ngoại mua ròng nhiều nhất với 13 tỷ đồng, MCH cũng được mua ròng 11 tỷ đồng. Ngoài ra, dòng vốn ngoại cũng tìm đến SIP, PVP, FOC, AAS, HU4, ACV... Tại phía bán ra, cổ phiếu VEA dẫn đầu danh sách bán ròng tuần qua khi bị khối ngoại bán ròng 27 tỷ đồng, toàn bộ trên kênh khớp lệnh. Bên cạnh đó, một số cổ phiếu bị bán ròng từ nhà đầu tư ngoại tuần qua trên UPCoM còn có VTP và NTC với giá trị lần lượt là 3 tỷ đồng và 1 tỷ đồng.",HPG,HPG,Hoa Phat Group,alias,0.98,auto_high_confidence,"Thị trường điều chỉnh mạnh trong tuần 17-21/10, khối ngoại thu hẹp đáng kể đà mua ròng, tập trung bán mạnh Target","Thị trường điều chỉnh mạnh trong tuần 17-21/10, khối ngoại thu hẹp đáng kể đà mua ròng, tập trung bán mạnh Target",FinABSA_target_masked_headline_v1,0,"Thị trường điều chỉnh mạnh trong tuần 17-21/10, khối ngoại thu hẹp đáng kể đà mua ròng, tập trung bán mạnh Target",The sentiment for this in the given sentence is NEUTRAL.,neutral,,,,0.0,/home/huylkq/repos/nlp/FinABSA-Valid/MODEL/finabsa-other-masked-final_3epoch,Target,ok,neutral,2022-10-22 11:06:16+00:00,2022-10-22
6cd1591e6a67c77c_00,6cd1591e6a67c77c,https://cafef.vn/cap-nhat-bctc-ngay-22-10-them-nhieu-ngan-hang-cong-bo-ket-qua-kinh-doanh-shb-acb-tang-hon-50-so-voi-cung-ky-202210221019435.chn,2022-10-22T10:28:21,2022-10-22T10:28:58+07:00,,"Cập nhật BCTC ngày 22/10: Thêm nhiều ngân hàng công bố kết quả kinh doanh, SHB, ACB tăng hơn 50% so với cùng kỳ","Trong các doanh nghiệp mới công bố, lợi nhuận 9 tháng của Coalimex tăng 14 lần cùng kỳ, của ANV tăng 7 lần.","TIN MỚI Tính đến ngày 22/10, đã có thêm nhiều ngân hàng và một số công ty chứng khoán, hóa chất, thủy sản, than, ... công bố báo cáo tài chính quý 3. Nhìn chung, trong 9 tháng đầu năm, các ngân hàng đều đạt tốc độ tăng trưởng khá tốt. Trong đó, tính đến hiện tại, Techcombank đang dẫn đầu về lợi nhuận quý 3 và 9 tháng đầu năm với 6.715 tỷ đồng và 20.821 tỷ đồng. Còn SHB là quán quân về tốc độ tăng trưởng trong 9 tháng đầu năm. Trong số mới công bố báo cáo tài chính, những doanh nghiệp đạt lợi nhuận tăng bằng lần trong 9 tháng đầu năm là Navico (ANV), Vitrichem (HVT), Coalimex (CLM)﻿. Cụ thể, ANV lãi 138 tỷ đồng trong quý này, trái ngược với khoản lỗ 19 tỷ đồng năm ngoái, lũy kế 9 tháng lợi nhuận trước thuế ANV tăng 7 lần. Còn lợi nhuận HTV tăng 104% trong quý và 159% trong 9 tháng đầu năm. Tuy lợi nhuận của Coalimex (CLM) chỉ tăng 22% trong quý nhưng do khoản lãi đột biến trong quý 2 nên lũy kế 9 tháng, CLM lãi tăng gấp 14 lần cùng kỳ﻿. Còn các công ty chứng khoán, bảo hiểm tiếp tục nối dài chuỗi doanh nghiệp có lợi nhuận giảm sâu so với cùng kỳ. Các doanh nghiệp mới công bố báo cáo tài chính quý 3 Các doanh nghiệp đã công bố báo cáo tài chính quý 3 sắp xếp theo ngành",ACB,ACB,ACB,alias,0.98,auto_high_confidence,"Cập nhật BCTC ngày 22/10: Thêm nhiều ngân hàng công bố kết quả kinh doanh, Other, Target tăng hơn 50% so với cùng kỳ","Cập nhật BCTC ngày 22/10: Thêm nhiều ngân hàng công bố kết quả kinh doanh, Other, Target tăng hơn 50% so với cùng kỳ",FinABSA_target_masked_headline_v1,0,"Cập nhật BCTC ngày 22/10: Thêm nhiều ngân hàng công bố kết quả kinh doanh, Other, Target tăng hơn 50% so với cùng kỳ",The sentiment for Target in the given sentence is NEUTRAL.,neutral,,,,0.0,/home/huylkq/repos/nlp/FinABSA-Valid/MODEL/finabsa-other-masked-final_3epoch,Target,ok,neutral,2022-10-22 10:28:21+00:00,2022-10-22
6cd1591e6a67c77c_01,6cd1591e6a67c77c,https://cafef.vn/cap-nhat-bctc-ngay-22-10-them-nhieu-ngan-hang-cong-bo-ket-qua-kinh-doanh-shb-acb-tang-hon-50-so-voi-cung-ky-202210221019435.chn,2022-10-22T10:28:21,2022-10-22T10:28:58+07:00,,"Cập nhật BCTC ngày 22/10: Thêm nhiều ngân hàng công bố kết quả kinh doanh, SHB, ACB tăng hơn 50% so với cùng kỳ","Trong các doanh nghiệp mới công bố, lợi nhuận 9 tháng của Coalimex tăng 14 lần cùng kỳ, của ANV tăng 7 lần.","TIN MỚI Tính đến ngày 22/10, đã có thêm nhiều ngân hàng và một số công ty chứng khoán, hóa chất, thủy sản, than, ... công bố báo cáo tài chính quý 3. Nhìn chung, trong 9 tháng đầu năm, các ngân hàng đều đạt tốc độ tăng trưởng khá tốt. Trong đó, tính đến hiện tại, Techcombank đang dẫn đầu về lợi nhuận quý 3 và 9 tháng đầu năm với 6.715 tỷ đồng và 20.821 tỷ đồng. Còn SHB là quán quân về tốc độ tăng trưởng trong 9 tháng đầu năm. Trong số mới công bố báo cáo tài chính, những doanh nghiệp đạt lợi nhuận tăng bằng lần trong 9 tháng đầu năm là Navico (ANV), Vitrichem (HVT), Coalimex (CLM)﻿. Cụ thể, ANV lãi 138 tỷ đồng trong quý này, trái ngược với khoản lỗ 19 tỷ đồng năm ngoái, lũy kế 9 tháng lợi nhuận trước thuế ANV tăng 7 lần. Còn lợi nhuận HTV tăng 104% trong quý và 159% trong 9 tháng đầu năm. Tuy lợi nhuận của Coalimex (CLM) chỉ tăng 22% trong quý nhưng do khoản lãi đột biến trong quý 2 nên lũy kế 9 tháng, CLM lãi tăng gấp 14 lần cùng kỳ﻿. Còn các công ty chứng khoán, bảo hiểm tiếp tục nối dài chuỗi doanh nghiệp có lợi nhuận giảm sâu so với cùng kỳ. Các doanh nghiệp mới công bố báo cáo tài chính quý 3 Các doanh nghiệp đã công bố báo cáo tài chính quý 3 sắp xếp theo ngành",SHB,SHB,SHB,alias,0.98,auto_high_confidence,"Cập nhật BCTC ngày 22/10: Thêm nhiều ngân hàng công bố kết quả kinh doanh, Target, Other tăng hơn 50% so với cùng kỳ","Cập nhật BCTC ngày 22/10: Thêm nhiều ngân hàng công bố kết quả kinh doanh, Target, Other tăng hơn 50% so với cùng kỳ",FinABSA_target_masked_headline_v1,1,"Cập nhật BCTC ngày 22/10: Thêm nhiều ngân hàng công bố kết quả kinh doanh, Target, Other tăng hơn 50% so với cùng kỳ",The sentiment for Target in the given sentence is NEUTRAL.,neutral,,,,0.0,/home/huylkq/repos/nlp/FinABSA-Valid/MODEL/finabsa-other-masked-final_3epoch,Target,ok,neutral,2022-10-22 10:28:21+00:00,2022-10-22
5af925867c5cb61e_00,5af925867c5cb61e,https://cafef.vn/tcbs-cung-chien-luoc-wealthtech-9-thang-2022-loi-nhuan-vuot-2700-ty-dong-dat-81-ke-hoach-nam-20221021145842669.chn,2022-10-21T19:30:00,,,"TCBS cùng chiến lược Wealthtech: 9 tháng 2022 lợi nhuận vượt 2.700 tỷ đồng, đạt 81% kế hoạch năm",CTCP Chứng khoán Techcom Securities (TCBS) công bố kết quả kinh doanh Quý 3 và lũy kế 9 tháng đầu năm 2022.,"TIN MỚI Lũy kế 9 tháng đầu năm, doanh thu TCBS đạt 4.226 tỷ đồng, tăng 14% so với cùng kỳ năm trước. Mảng kinh doanh sản phẩm đầu tư mang lại doanh thu cao nhất cho TCBS, đạt 2.939 tỷ đồng, tăng trưởng 26% so với cùng kỳ năm ngoái. Lợi nhuận trước thuế 9 tháng đầu năm tương đương cùng kỳ, đạt 2.738 tỷ đồng, hay 81% kế hoạch năm. Trong quý 3, TCBS đã phân phối 5.747 tỷ đồng chứng chỉ quỹ mở iFund, tăng 36% so với quý 3 năm 2021. Riêng quỹ mở trái phiếu TCBF, TCBS đã phân phối xấp xỉ 5.600 tỷ đồng, tăng 45%. Tại ngày 30/9/2022, tổng giá trị tài sản của quỹ trái phiếu TCBF là khoảng 20.000 tỷ đồng. TCBF hiện là một trong những quỹ mở nội địa lớn nhất Việt Nam. Hiện nay, trên 80% danh mục của Quỹ TCBF gồm các trái phiếu đại chúng niêm yết thuộc các tập đoàn hàng đầu tại Việt Nam. Gần 20% tài sản còn lại của Quỹ là các chứng chỉ tiền gửi và tiết kiệm có thanh khoản dồi dào. Lãi trái tức của các trái phiếu trong danh mục này đều là thả nổi, được điều chỉnh định kỳ dựa trên lãi suất tiết kiệm trung bình của bốn ngân hàng thương mại cổ phần hàng đầu, cộng thêm biên độ khoảng 4-5%/năm. Vì vậy, với việc lãi suất ngân hàng tăng cùng các chương trình khuyến khích nắm giữ dài hạn hiện có, thì lợi nhuận kỳ vọng sẽ tăng tương ứng. TCBS đang giữ vị trí Top 2 về mảng cho vay ký quỹ trên thị trường với dư nợ cho vay margin cuối quý 3 đạt 14.907 tỷ đồng. Từ nhiều năm, TCBS có chủ trương không tự doanh cổ phiếu niêm yết trên sàn. Vì vậy, kết quả lợi nhuận không bị ảnh hưởng do đầu tư tự doanh khi thị trường chứng khoán giảm điểm. Với nhu cầu đầu tư tích luỹ ngày càng cao của khách hàng trong những năm tới và với việc tiếp tục có vị thế đầu ngành trong mảng sản phẩm đầu tư và quản lý gia sản (Wealth), TCBS đã liên tục giới thiệu ra thêm nhiều sản phẩm đầu tư và quỹ mới trong 2022, nhằm mang thêm sự lựa chọn và phân bổ tối ưu tài sản đầu tư của khách hàng. Năm 2022 cũng là năm mà các chuyên gia phân tích đầu tư tại TCBS đẩy mạnh công tác tư vấn kiến thức đầu tư và quản lý gia sản (Wealth) cho khách hàng của mình. TCBS liên tục cập nhật trực tiếp xu hướng thị trường và ra mắt nhiều video trên các kênh truyền thông xã hội như Youtube, Facebook, v.v…với các series hướng dẫn đầu tư hữu ích như Vén màn chiến lược giao dịch, Tính năng hữu ích trên nền tảng TCInvest và Cẩm nang đầu tư trái phiếu. TCBS đã tiên phong ứng dụng công nghệ Blockchain – công nghệ hàng đầu thế giới vào vận hành hoạt động của công ty và quản lý gia sản của Nhà đầu tư nhằm đảm bảo quyền lợi an toàn cho khách hàng. Trong quý 3, TCBS được vinh danh giải thưởng tại Asia Technology Excellence Awards 2022 hạng mục Big Data – Banking nhờ tiên phong đón đầu làn sóng công nghệ và nắm bắt xu hướng số hóa trong lĩnh vực ngân hàng đầu tư để hoàn thiện hệ sinh thái Wealthtech. Đồng thời, TCBS cũng là công ty chứng khoán duy nhất vinh dự nhận giải thưởng ""Ứng dụng công nghệ tiên tiến nhất 2022"" (Most Innovative Use of Technology) của tạp chí tài chính Finance Asia. Tiếp tục hành trình chiến lược Wealthtech (tài chính công nghệ), TCBS hướng tới mục tiêu đạt 5.000 tỷ lợi nhuận và 5 tỷ đô la Mỹ vốn hoá vào 2025. Để đạt được mục tiêu này, TCBS đang tập trung vào ba trụ cột lớn, gồm i)  Tiên phong ra mắt các sản phẩm đầu tư và quản lý gia sản mới cho khách hàng; ii) Mở rộng kết nối với các hệ sinh thái số khác tại Việt Nam; và iii) Cá nhân hoá các dịch vụ và sản phẩm qua việc sử dụng công nghệ dữ liệu và máy học. Trong 2022, TCBS tiếp tục tập trung tuyển dụng mạnh nguồn nhân sự về công nghệ và khoa học dữ liệu cho mục tiêu đạt trên 65% nguồn nhân sự này tại công ty.",TCB,TCB,Techcombank,alias,0.98,auto_high_confidence,"TargetS cùng chiến lược Wealthtech: 9 tháng 2022 lợi nhuận vượt 2.700 tỷ đồng, đạt 81% kế hoạch năm","TargetS cùng chiến lược Wealthtech: 9 tháng 2022 lợi nhuận vượt 2.700 tỷ đồng, đạt 81% kế hoạch năm",FinABSA_target_masked_headline_v1,0,"TargetS cùng chiến lược Wealthtech: 9 tháng 2022 lợi nhuận vượt 2.700 tỷ đồng, đạt 81% kế hoạch năm",The sentiment for Target in the given sentence is NEUTRAL.,neutral,,,,0.0,/home/huylkq/repos/nlp/FinABSA-Valid/MODEL/finabsa-other-masked-final_3epoch,Target,ok,neutral,2022-10-21 19:30:00+00:00,2022-10-21
c29ad333556ce4d0_00,c29ad333556ce4d0,https://cafef.vn/du-no-margin-tang-gap-doi-loi-nhuan-sau-thue-cua-vix-giam-40-trong-quy-3-20221021161829344.chn,2022-10-21T18:19:28,2022-10-21T18:20:12+07:00,,"Dư nợ margin tăng gấp đôi, lợi nhuận sau thuế của VIX giảm 40% trong quý 3","Thời điểm 30/9, các khoản cho vay đã tăng gấp đôi so với cuối quý 2 đạt 1.409 tỷ đồng. Trong đó, dư nợ cho vay ký quỹ (margin) ở mức 1.383 tỷ đồng, tăng hơn 740 tỷ đồng so với cuối quý 2 trước đó.","VIX: Giá hiện tại Thay đổi Xem hồ sơ doanh nghiệp TIN MỚI CTCP Chứng khoán VIX (mã VIX) vừa công bố báo cáo tài chính quý 3/2022 với kết quả kinh doanh sụt giảm mạnh so với cùng kỳ. Cụ thể, doanh thu hoạt động đạt 182,3 tỷ đồng, giảm 53% so với cùng kỳ chủ yếu do các mảng hoạt động chính như tự doanh, cho vay và môi giới đều kém hiệu quả. Trong kỳ, lãi từ các tài sản tài chính ghi nhận thông qua lãi/lỗ (FVTPL) giảm 54% xuống 117,7 tỷ đồng. Lãi từ các khoản cho vay và phải thu cũng giảm 38% so với cùng kỳ, còn 28,3 tỷ đồng. Nghiệp vụ môi giới chứng khoán mang về 21,5 tỷ đồng, giảm 60% so với cùng kỳ. Doanh thu bảo lãnh, đại lý phát hành chứng khoán giảm 51,3% xuống mức 14,1 tỷ đồng. Cùng chiều với doanh thu, chi phí hoạt động cũng giảm mạnh đến 63% so với cùng kỳ, còn 72,6 tỷ đồng. Kết quả, VIX lãi trước thuế 102,3 tỷ đồng trong quý 3, giảm 43% so với cùng kỳ. Lợi nhuận sau thuế cũng giảm 40% xuống mức 88,1 tỷ đồng. Nguồn: BCTC quý 3/2022 của VIX Lũy kế trong 9 tháng đầu năm, VIX ghi nhận doanh thu hoạt động đạt hơn 950 tỷ đồng, và lợi nhuận sau thuế 414,6 tỷ đồng, lần lượt giảm 24% và 28% so với cùng kỳ. Với kết quả đạt được, công ty đãn thực hiện được 63% kế hoạch lợi nhuận cả năm đề ra. Tính tới 30/9/2022, tổng tài sản của VIX đã tăng đến hơn 74% so với đầu năm lên 8.238 tỷ đồng. Trong đó, các khoán FVTPL chiếm gần 57% với giá trị hợp lý đạt 4.685 tỷ đồng, gấp gần 3 lần đầu năm nhưng chỉ tăng khoảng 300 tỷ đồng so với quý trước. Danh mục của VIX bao gồm trái phiếu chưa niêm yết (2.941 tỷ đồng); cổ phiếu niêm yết (839 tỷ đồng); cổ phiếu chưa niêm yết (726,8 tỷ đồng); và trái phiếu niêm yết (177,9 tỷ đồng). Ngoài ra, thời điểm cuối quý 3, CTCK này còn có nhiều giao dịch đầu tư cổ phiếu, trái phiếu với các bên liên quan Tập đoàn Gelex (mã GEX). Nguồn: BCTC quý 3/2022 của VIX Đáng chú ý, thời điểm 30/9, các khoản cho vay đã tăng gấp đôi so với cuối quý 2 đạt 1.409 tỷ đồng. Trong đó dư nợ cho vay ký quỹ (margin) tính đến cuối quý 3 ở mức 1.383 tỷ đồng, tăng hơn 740 tỷ đồng sau quý 3. Tiền và các khoản tương đương tiền đạt 2.025 tỷ đồng, chiếm gần 1/4 tổng tài sản.",VIX,VIX,VIX Securities,alias,0.98,auto_high_confidence,"Dư nợ margin tăng gấp đôi, lợi nhuận sau thuế của Target giảm 40% trong quý 3","Dư nợ margin tăng gấp đôi, lợi nhuận sau thuế của Target giảm 40% trong quý 3",FinABSA_target_masked_headline_v1,0,"Dư nợ margin tăng gấp đôi, lợi nhuận sau thuế của Target giảm 40% trong quý 3",The sentiment for Target in the given sentence is POSITIVE.,positive,,,,1.0,/home/huylkq/repos/nlp/FinABSA-Valid/MODEL/finabsa-other-masked-final_3epoch,Target,ok,positive,2022-10-21 18:19:28+00:00,2022-10-21
212dd0cf59ea212b_00,212dd0cf59ea212b,https://cafef.vn/om-hang-trieu-co-phieu-hpg-mot-doanh-nghiep-bao-lai-9-thang-giam-29-do-trich-lap-du-phong-20221021111108067.chn,2022-10-21T13:58:59,,,"Ôm hàng triệu cổ phiếu HPG, một doanh nghiệp báo lãi 9 tháng giảm 29% do trích lập dự phòng","Trong quý 3 vừa qua, DHA đã mua thêm 100.000 cổ phiếu HPG để nâng sở hữu lên 2,64 triệu đơn vị.","HPG: Giá hiện tại Thay đổi Xem hồ sơ doanh nghiệp TIN MỚI CTCP Hóa An (mã DHA) đã công bố báo cáo tài chính quý 3/2022 với doanh thu thuần đạt hơn 92,8 tỷ đồng, tăng 37,5% so với cùng kỳ. Tuy nhiên, giá vốn tiếp tục tăng nhanh hơn doanh thu với mức tăng 43% dẫn đến biên lãi gộp giảm sâu từ 29,3% cùng kỳ còn 26,2% tương ứng lợi nhuận gộp đạt 24,4 tỷ đồng, tăng 23,2% so với cùng kỳ. Trong kỳ, doanh thu hoạt động tài chính giảm 20,5% so với cùng kỳ xuống 3,1 tỷ đồng trong khi chi phí tài chính gần như không đáng kể. Ngược lại, chi phí quản lý doanh nghiệp lại tăng 32% lên hơn 3,7 tỷ đồng. Kết quả, DHA lãi ròng 19,1 tỷ đồng, tăng 11,7% so với cùng kỳ năm ngoái. Luỹ kế 6 tháng đầu năm, DHA ghi nhận doanh thu thuần đạt 272 tỷ đồng và lợi nhuận sau thuế 40,4 tỷ đồng, lần lượt tăng 16,2% và giảm 28,6% so với cùng kỳ năm 2021. Với kết quả này, công ty đã thực hiện được 80% kế hoạch doanh thu và 56% mục tiêu lợi nhuận cả năm đề ra. Nguồn: BCTC quý 3/2022 của DHA Tính đến cuối quý 3, tổng tài sản của DHA đã giảm gần 11,7% so với đầu năm xuống còn 469 tỷ đồng. Trong đó, số dư tiền và các khoản tương đương tiền giảm mạnh hơn 81% so với đầu năm về còn gần 24,8 tỷ đồng. So với thời điểm cuối quý trước, lượng tiền mặt của DHA đã giảm 44,8 tỷ đồng. Một phần số tiền trên được DHA chuyển sang dạng tiền gửi ngắn hạn. Tại thời điểm 30/9, số dư tiền gửi ngắn hạn ở mức 158 tỷ đồng, tăng 36,3 tỷ so với cuối quý 2 trước đó. Ngoài ra, công ty còn rót thêm tiền đầu tư chứng khoán. Thời điểm 30/9, giá trị khoản chứng khoán kinh doanh của của DHA ở mức 88,5 tỷ đồng, tăng 2,1 tỷ đồng so với cuối quý trước. Trong quý vừa qua, DHA đã mua thêm 100.000 cổ phiếu HPG của Tập đoàn Hòa Phát qua đó năng sở hữu lên 2,64 triệu đơn vị (80,3 tỷ đồng) trong khi đầu năm mới chỉ nắm 300.000 cổ phiếu. Phần lớn lượng cổ phiếu cổ phiếu HPG đang nắm giữ được DHA mua vào trong 2 quý đầu năm, thời điểm cổ phiếu đầu ngành thép liên tục sụt giảm mạnh. Công ty thậm chí đã phải trích lập dự phòng hơn 20 tỷ đồng cho khoản đầu tư này dẫn đến lợi nhuận sụt giảm mạnh trong quý 2. Nguồn: BCTC quý 3/2022 của DHA",HPG,HPG,Hoa Phat Group,alias,0.98,auto_high_confidence,"Ôm hàng triệu cổ phiếu Target, một doanh nghiệp báo lãi 9 tháng giảm 29% do trích lập dự phòng","Ôm hàng triệu cổ phiếu Target, một doanh nghiệp báo lãi 9 tháng giảm 29% do trích lập dự phòng",FinABSA_target_masked_headline_v1,0,"Ôm hàng triệu cổ phiếu Target, một doanh nghiệp báo lãi 9 tháng giảm 29% do trích lập dự phòng",The sentiment for Target in the given sentence is NEUTRAL.,neutral,,,,0.0,/home/huylkq/repos/nlp/FinABSA-Valid/MODEL/finabsa-other-masked-final_3epoch,Target,ok,neutral,2022-10-21 13:58:59+00:00,2022-10-21
a0dc68d496d8f697_00,a0dc68d496d8f697,https://cafef.vn/messi-choi-lon-dau-tu-vao-thung-lung-silicon-20221021103409909.chn,2022-10-21T10:55:00,,,"Messi chơi lớn, đầu tư vào thung lũng Silicon","Lionel Messi vừa tuyên bố thành lập một công ty tại thung lũng Silicon, Mỹ. Công ty có tên ""Play Time"" và thông qua dự án này, Messi sẽ đầu tư vào các lĩnh vực thể thao, truyền thông và công nghệ.","TIN MỚI Công ty này sẽ được dẫn dắt bởi doanh nhân người Mỹ giàu kinh nghiệm Razmig Hovaghimian. Ông Hovaghimian vốn đã rất thành công với các dự án của mình. Hovaghimian từng lãnh đạo Hoodline (công ty con của hãng phim Pixel). Ông cũng đồng sáng lập Viki, sau đó được tập đoàn khổng lồ Rakuten mua lại vào năm 2013 với giá hơn 200 triệu USD Mỹ. Hovaghimian hiện giữ vai trò quan sát viên hội đồng quản trị Rakuten. Cố vấn của công ty Play Time là Michael Marquez, người nắm tập đoàn Code Advisors vốn cũng rất danh tiếng tại thung lũng Silicon. Việc chiêu mộ được cùng lúc 2 ""tinh hoa"" của thung lũng Silicon cho thấy khả năng thu hút nhân tài của Messi. Ngược     lại, nó cũng chứng tỏ trong mắt các chuyên gia thực thụ, dự án của Messi rất giàu triển vọng. Messi đang nhận 35 triệu USD/năm tại PSG Với Play Time, Messi bày tỏ kỳ vọng: ""Tôi rất vui mừng được mở rộng tầm ảnh hưởng đến Thung lũng Silicon. Và tôi vui mừng thông báo rằng Play Time sẽ hợp tác với các doanh nhân táo bạo từ khắp nơi trên thế giới. Tôi hy vọng Play Time có thể giúp nhiều     người tạo ra tác động tích cực. Tôi tin tưởng rằng chúng tôi và các đối tác sẽ đạt được mục tiêu chung"". Công ty của Messi tiết lộ rằng đang ấp ủ một dự án có tên Matchday.com. Đây là một trang web giải trí sẽ ra mắt trước World Cup 2022. Ngoài ra, nó cũng sẵn sàng đầu tư vào các CLB thể thao trên khắp thế giới. Play Time vừa có nước đi đầu tiên là đầu tư     vào AC Momento, một nền tảng mua bán áo cầu thủ nổi tiếng. Messi tiếp tục cho thấy anh là một người chủ đầu tư có tầm nhìn và tham vọng. Bởi ngoài dự án mới này, siêu sao 35 tuổi còn sở hữu chuỗi khách sạn hạng sang tại Tây Ban Nha, bên cạnh đó là các bất động sản đắt giá tại châu Âu hay Mỹ. Theo Forbes, anh kiếm được 110 triệu USD trong năm 2022 , gồm 35 triệu USD từ lương tại PSG, 55 triệu USD từ quảng cáo và các nguồn khác. Hy vọng con số này sẽ phình to qua từng năm, tỷ lệ thuận với các dự án đầu tư của Messi. Tiền thưởng vô địch World Cup 2022 bằng lương Messi 1 năm",ssi,SSI,SSI Securities,alias,0.98,auto_high_confidence,"MeTarget chơi lớn, đầu tư vào thung lũng Silicon","MeTarget chơi lớn, đầu tư vào thung lũng Silicon",FinABSA_target_masked_headline_v1,0,"MeTarget chơi lớn, đầu tư vào thung lũng Silicon",The sentiment for Target in the given sentence is NEUTRAL.,neutral,,,,0.0,/home/huylkq/repos/nlp/FinABSA-Valid/MODEL/finabsa-other-masked-final_3epoch,Target,ok,neutral,2022-10-21 10:55:00+00:00,2022-10-21
70779cad196dd97b_00,70779cad196dd97b,https://cafef.vn/doanh-nghiep-dau-tien-ho-flc-bao-lo-trong-mua-bctc-quy-3-20221021102723558.chn,2022-10-21T10:28:02,,,"Doanh nghiệp đầu tiên ""họ FLC"" báo lỗ trong mùa BCTC quý 3","Luỹ kế 9 tháng đầu năm, doanh thu thuần đạt 174 tỷ đồng. Tuy nhiên chi phí giá vốn ăn mòn phần lớn doanh thu khiến GAB lỗ gần 1,3 tỷ đồng.","GAB: Giá hiện tại Thay đổi Xem hồ sơ doanh nghiệp TIN MỚI CTCP Đầu tư Khai khoáng và Quản lý tài sản FLC (HOSE: GAB) vừa công bố kết quả kinh doanh quý 3/2022 với doanh thu và lợi nhuận giảm mạnh. Cụ thể, trong quý 3, GAB ghi nhận hơn 7 tỷ đồng doanh thu thuần, giảm 94% so với cùng kỳ năm trước. Theo đó, doanh nghiệp chỉ lãi gộp hơn 300 triệu đồng, giảm mạnh so với con số 2,5 tỷ đồng cùng kỳ năm trước. Doanh thu tài chính giảm 21% xuống còn hơn 523 triệu đồng. Chi phí tài chính hơn 440 triệu đồng. Chi phí bán hàng và chi phí QLDN lần lượt giảm 31% xuống 719 triệu đồng và 923 triệu đồng. Khấu trừ đi các khoản chi, GAB báo lỗ sau thuế 1,26 tỷ đồng trong khi quý 3/2021 vẫn lãi hơn 200 triệu. Đơn vị: Tỷ đồng Theo giải trình của GAB, nguyên nhân tình hình kinh doanh kém sắc là do ảnh hưởng khách quan của sự việc nguyên Chủ tịch FLC Ông Trịnh Văn Quyết dẫn đến các đối tác, tổ chức tín dụng dùng hoặc hạn chế giao dịch với Công ty CP đầu tư khai khoáng & quản lý tài sản FLC do lo ngại là bên liên quan. Bên cạnh đó, giá cả thị trường có sự biến động mạnh ảnh hưởng đến nền kinh tế cả nước, cũng như giá cả hàng hóa, nguyên vật liệu đầu vào tăng cao. Đồng thời, thị trường tiêu thụ hàng hóa các mặt hàng nông sản trong kỳ giảm. Luỹ kế 9 tháng đầu năm, doanh thu thuần giảm 41% xuống 174 tỷ đồng. Tuy nhiên chi phí giá vốn triệt tiêu phần lớn doanh thu, kết quả GAB lỗ gần 1,3 tỷ đồng sau 3 quý. Tại thời điểm cuối quý 3/2022, tổng tài sản của GAB đạt 242 tỷ đồng, giảm 48 tỷ đồng so với đầu năm. Nợ phải trả giảm gần 50 tỷ xuống còn hơn 80 tỷ đồng, chủ yếu là nợ ngắn hạn. Vốn chủ sở hữu ghi nhận hơn 162 tỷ đồng, LNST chưa phân phối tại thời điểm 30/9 đạt hơn 13 tỷ đồng. Trên thị trường, cổ phiếu GAB đang thuộc diện hạn chế giao dịch, chỉ được giao dịch phiên chiều của ngày giao dịch theo phương thức khớp lệnh tập trung và phương thức giao dịch thoả thuận kể từ ngày 7/10/2022. Lý do bởi GAB chậm nộp BCTC soát xét bán niên năm 2022 quá 45 ngày so với thời hạn quy định. Trong văn bản giải trình, công ty cho biết, trong thời gian 6 tháng qua, cổ phiếu GAB không phát sinh giao dịch hoàn toàn do ý chí, nhu cầu của nhà đầu tư khi tham gia đầu tư trên thị trường chứng khoán. Công ty GAB khẳng định không có can thiệp, tác động đến hoạt động giao dịch của nhà đầu tư. Về vấn đề chậm nộp báo cáo tài chính soát xét bán niên năm 2022 quá 45 ngày so với thời hạn quy định, GAB cho biết đã nhiều lần liên hệ các đơn vị kiểm toán tuy nhiên vẫn không nhận được phản hồi tích cực. GAB cho rằng đây là khó khăn mang tính thời điểm, sự việc bất khả kháng do bị ảnh hưởng uy tín, niềm tin từ việc cổ đông Trịnh Văn Quyết đang bị cơ quan điều tra về hành vi thao túng thị trường chứng khoán và lừa đảo chiếm đoạt tài sản. Sau khi phối hợp cùng đơn vị kiểm toán đủ điều kiện theo quy định pháp luật, GAB sẽ nhanh chóng hoàn thiện báo cáo tài chính soát xét bán niên năm 2022. Trên cơ sở phát hành được báo cáo tài chính soát xét bán niên năm 2022, công ty GAB sẽ công bố thông tin theo quy định để khắc phục tình trạng chứng khoán bị hạn chế giao dịch.",FLC,FLC,FLC Group,alias,0.98,auto_high_confidence,"Doanh nghiệp đầu tiên ""họ Target"" báo lỗ trong mùa BCTC quý 3","Doanh nghiệp đầu tiên ""họ Target"" báo lỗ trong mùa BCTC quý 3",FinABSA_target_masked_headline_v1,0,"Doanh nghiệp đầu tiên ""họ Target"" báo lỗ trong mùa BCTC quý 3",The sentiment for Target in the given sentence is NEUTRAL.,neutral,,,,0.0,/home/huylkq/repos/nlp/FinABSA-Valid/MODEL/finabsa-other-masked-final_3epoch,Target,ok,neutral,2022-10-21 10:28:02+00:00,2022-10-21
36faf18948ce1fbc_00,36faf18948ce1fbc,https://cafef.vn/chung-khoan-vps-bao-lai-9-thang-tang-21-tien-nam-cho-giam-hon-3200-ty-dong-trong-quy-3-2022102109264107.chn,2022-10-21T10:25:38,,,"Chứng khoán VPS báo lãi 9 tháng tăng 21%, tiền ""nằm chờ"" giảm hơn 3.200 tỷ đồng trong quý 3","Tại thời điểm 30/9/2022, lượng tiền ""nằm chờ"" của nhà đầu tư tại VPS đạt hơn 18.400 tỷ đồng ở VPS.","TIN MỚI CTCP Chứng khoán VPS vừa công bố báo cáo tài chính hợp nhất quý 3/2022 với doanh thu hoạt động giảm 15% so với cùng kỳ năm trước xuống mức 2.316 tỷ đồng. Dù vậy, LNST quý 3 vẫn tăng 10% lên 264 tỷ đồng. Cụ thể, lãi từ cho vay và phải thu tăng trưởng 28% lên mức 308 tỷ đồng. Tại thời điểm cuối quý 3, dư nợ cho vay đạt 8.402 tỷ đồng, giảm gần 770 tỷ đồng so với con số cuối quý 2 liền trước. Trong đó, chủ yếu là dư nợ margin với 7.953 tỷ đồng. Doanh thu môi giới giảm 25% xuống 635 tỷ đồng. Trong quý 3, VPS tiếp tục dẫn đầu danh sách về thị phần môi giới cổ phiếu, chứng chỉ quỹ và chứng quyền có bảo đảm trên HoSE với 18,71%, tăng hơn 1,6% so với quý trước đó. Doanh thu mảng tự doanh cũng ghi nhận ""đi lùi"", lãi từ các tài sản tài chính ghi nhận thông qua lãi/lỗ (FVTPL) giảm 11% xuống 1.180 tỷ đồng. Khoản lãi từ khoản đầu tư nắm giữ đến ngày đáo hạn (HTM) giảm 84% xuống gần 6 tỷ đồng. Trong khi đó, lỗ từ FVTPL đạt 1.229 tỷ đồng, cộng thêm chi phí tự doanh đạt hơn 98 tỷ đồng. Như vậy quý 3, VPS tiếp tục lỗ ròng hơn trăm tỷ đồng tự doanh. Tại thời điểm 30/9/2022, giá trị ghi sổ FVTPL đạt 5.844 tỷ đồng, trong đó chiếm tới 5.740 tỷ đồng là công cụ thị trường tiền tệ (chứng chỉ tiền gửi), giảm 1.570 tỷ đồng so với cuối quý 2. Nguồn: BCTC quý 3/2022 của VPS Hoạt động tư vấn tài chính ghi nhận giảm 97%, từ 222 tỷ đồng của quý 3/2021 xuống còn 7 tỷ đồng trong quý 3 năm nay. Đáng chú ý, khoản thu nhập khác tăng gấp 3,3 lần, đạt 166 tỷ đồng. Chi phí hoạt động trong quý 3 giảm 16% so với cùng kỳ, xuống mức 1.884 tỷ đồng. Các khoản chi phí tài chính và chi phí QLCTCK giảm lần lượt 45% và 13% so với quý 3 năm trước. Luỹ kế 9 tháng đầu năm 2022, doanh thu hoạt động của VPS tăng 6% so với cùng kỳ lên gần 7.029 tỷ đồng. LNST theo đó tăng 21% lên 730 tỷ đồng. Ngoài ra, với thị phần lớn, lượng tiền nhà đầu tư đang ""nằm chờ"" ở VPS cũng là một con số tương đối. Theo số liệu từ báo cáo tài chính hợp nhất quý 3/2022 của VPS cho thấy, tại thời điểm 30/9/2022, nhà đầu tư đang gửi hơn 18.400 tỷ đồng ở VPS, chủ yếu là tiền gửi của nhà đầu tư trong nước về giao dịch chứng khoán theo phương thức công ty chứng khoán quản lý. Tuy nhiên, nếu so với thời điểm hồi cuối quý 2 năm 2022 (21.600 tỷ), lượng tiền ""nằm chờ"" của nhà đầu tư trong nước tại VPS giảm hơn 3.200 tỷ đồng.",VPS,VPS,VPS Securities,alias,0.98,auto_high_confidence,"Chứng khoán Target báo lãi 9 tháng tăng 21%, tiền ""nằm chờ"" giảm hơn 3.200 tỷ đồng trong quý 3","Chứng khoán Target báo lãi 9 tháng tăng 21%, tiền ""nằm chờ"" giảm hơn 3.200 tỷ đồng trong quý 3",FinABSA_target_masked_headline_v1,0,"Chứng khoán Target báo lãi 9 tháng tăng 21%, tiền ""nằm chờ"" giảm hơn 3.200 tỷ đồng trong quý 3",The sentiment for Target in the given sentence is NEUTRAL.,neutral,,,,0.0,/home/huylkq/repos/nlp/FinABSA-Valid/MODEL/finabsa-other-masked-final_3epoch,Target,ok,neutral,2022-10-21 10:25:38+00:00,2022-10-21
68d26578b12077a0_00,68d26578b12077a0,https://cafef.vn/chung-khoan-tri-viet-tvb-gong-lo-gan-tram-ty-dong-co-phieu-hpg-nhung-chua-ghi-nhan-vao-kqkd-20221021085819237.chn,2022-10-21T08:59:33,2022-10-21T09:00:07+07:00,,Chứng khoán Trí Việt (TVB) “gồng lỗ” gần trăm tỷ đồng cổ phiếu HPG nhưng chưa ghi nhận vào KQKD,"TVB vẫn đang “gồng lỗ” với HPG dưới dạng AFS dù khoản đầu tư này hiện đã âm đến gần 91 tỷ đồng, tương đương 46% và chưa phản ánh vào kết quả kinh doanh quý vừa qua.","TVB&HPG: Giá hiện tại Thay đổi Xem hồ sơ doanh nghiệp TIN MỚI CTCP Chứng khoán Trí Việt (mã TVB) vừa công bố báo cáo tài chính quý 3/2022 với doanh thu hoạt động giảm đến 70% so với cùng kỳ xuống còn 18,8 tỷ đồng do hầu hết các mảng hoạt động đều kém hiệu quả. Cụ thể, lãi từ các tài sản tài chính ghi nhận thông qua lãi/lỗ (FVTPL) âm 5,5 tỷ đồng, giảm gần 11 tỷ so với cùng kỳ. Lãi từ cho vay và phải thu cũng giảm 45% xuống còn 13,5 tỷ đồng trong khi doanh thu môi giới giảm đến 72% so với cùng kỳ xuống còn 8,8 tỷ đồng. Cùng chiều với doanh thu, chi phí hoạt động cũng giảm 39% so với cùng kỳ xuống 15 tỷ đồng. Chi phí tài chính giảm 35% xuống còn 3,3 tỷ đồng trong khi chi phí quản lý doanh nghiệp lại tăng hơn gấp đôi lên 12,5 tỷ đồng. Kết quả, TVB lỗ ròng 6,2 tỷ đồng quý 3 trong khi cùng kỳ vẫn lãi 38,7 tỷ đồng. Lũy kế 9 tháng đầu năm, TVB ghi nhận doanh thu đạt 127,4 tỷ đồng và lợi nhuận sau thuế đạt 34,2 tỷ đồng, lần lượt giảm 58% và 83% so với cùng kỳ. Nguồn: BCTC quý 3/2022 của TVB Thời điểm 30/9, quy mô danh mục tự doanh của TVB đã giảm mạnh hơn 400 tỷ đồng so với cuối quý trước, xuống còn hơn 200 tỷ đồng. Trong đó, giá trị hợp lý của khoản FVTPL đã giảm mạnh từ 241 tỷ đồng xuống dưới 19 tỷ đồng trong đó trái phiếu niêm yết chiếm gần 15 tỷ đồng. Ngoài MBB, CTCK này gần như đã bán sạch toàn bộ các cổ phiếu khác trong danh mục FVTPL như MWG, TCB. Khoản AFS cũng bị thu hẹp giá trị khi TVB bán bớt FPT và bán hết PVT trong quý 3. Đáng chú ý, TVB vẫn đang ""gồng lỗ"" với HPG dù khoản đầu tư này hiện đã âm đến gần 91 tỷ đồng, tương đương 46%. Cần phải lưu ý rằng, các khoản lãi/lỗ tạm tính trong danh mục AFS chưa phản ánh vào kết quả kinh doanh và chỉ được ghi nhận khi CTCK bán hoặc chuyển sang FVTPL. Nếu khoản đầu tư này được ghi nhận, số lỗ của TVB có thể còn sâu hơn nhiều. Nguồn: BCTC quý 3/2022 của TVB Chiều ngược lại, các khoản cho vay và phải thu của TVB đã tăng đáng kể từ gần 264 tỷ đồng cuối quý trước lên 552 tỷ đồng tại thời điểm 30/9. Trong đó, cho vay ký quỹ (margin) chiếm phần lớn với giá trị gần 527 tỷ đồng, tăng 300 tỷ trong quý 3 vừa qua.",HPG,HPG,Hoa Phat Group,alias,0.98,auto_high_confidence,Chứng khoán Trí Việt (Other) “gồng lỗ” gần trăm tỷ đồng cổ phiếu Target nhưng chưa ghi nhận vào Other,Chứng khoán Trí Việt (Other) “gồng lỗ” gần trăm tỷ đồng cổ phiếu Target nhưng chưa ghi nhận vào Other,FinABSA_target_masked_headline_v1,0,Chứng khoán Trí Việt (Other) “gồng lỗ” gần trăm tỷ đồng cổ phiếu Target nhưng chưa ghi nhận vào Other,The sentiment for Target in the given sentence is NEUTRAL.,neutral,,,,0.0,/home/huylkq/repos/nlp/FinABSA-Valid/MODEL/finabsa-other-masked-final_3epoch,Target,ok,neutral,2022-10-21 08:59:33+00:00,2022-10-21
1d82470cd42659c7_00,1d82470cd42659c7,https://cafef.vn/vinacapital-dinh-gia-co-phieu-ngan-hang-viet-nam-dang-re-20221021083953162.chn,2022-10-21T08:40:10,,,VinaCapital: Định giá cổ phiếu ngân hàng Việt Nam đang rẻ,"VinaCapital khẳng định vẫn tin tưởng vào tiềm năng dài hạn của nền kinh tế Việt Nam và cho rằng những biến động hiện tại không ảnh hưởng lâu dài đến tình hình hoạt động của các công ty. Trong đó, danh mục các quỹ mở do VinaCapital quản lý không đầu tư vào các trái phiếu do Tân Hoàng Minh… phát hành.","TIN MỚI Thị trường đã và đang phản ứng tâm lý lo ngại của nhà đầu tư, liên quan đến một số sự kiện vừa qua. Trong báo cáo nhận định mới nhất, Chuyên gia VinaCapital nhấn mạnh những hành động quyết liệt đã và đang ổn định tình hình. Ngắn hạn, nỗ lực tăng lãi suất tiết kiệm cũng giúp hạn chế dòng tiền rút ra khỏi hệ thống ngân hàng. Theo đó, sự vụ liên quan đến một đơn vị theo VinaCapital không phải là một vấn đề mang tính hệ thống, mà là trường hợp cá biệt. Các sự kiện tuần trước không thay đổi đáng kể quan điểm của VinaCapital về lĩnh vực ngân hàng. Trong ngắn hạn, những lo lắng đối với ngành ngân hàng có thể đến từ: (1) biên lợi nhuận mỏng, do chi phí huy động vốn cao hơn và điều chỉnh lãi suất cho vay chậm hơn, một phần là do chính phủ kêu gọi hạn chế tốc độ tăng lãi suất cho vay; (2) rủi ro được nhận thấy đối với chất lượng tài sản từ trái phiếu doanh nghiệp có khả năng không thể tái cấp vốn, chuyển nhượng hoặc hoàn trả trong bối cảnh các yêu cầu phát hành chặt chẽ hơn (và có thể làm dao động niềm tin vào các đợt phát hành trái phiếu trong tương lai). Tuy nhiên, định giá cổ phiếu ngân hàng Việt Nam hiện đang ở mức rẻ với P/B trung bình 1,3x so với 19,2% ROE và P/E FY22 ở mức 9,1x so với mức tăng trưởng thu nhập dự kiến ​​ít nhất là 30% vào năm 2022 và 20% vào năm 2023. Trong dài hạn, ngành ngân hàng tiếp tục có sức hấp dẫn cao do tỷ suất lợi nhuận cao, chất lượng tài sản được kiểm soát tốt, tỷ lệ thâm nhập của các khoản vay thế chấp và bán lẻ thấp, và thu nhập tăng (nghĩa là Việt Nam vẫn đang ở giai đoạn đầu phát triển kinh tế, do đó ngành ngân hàng của đất nước chưa đến giai đoạn bão hòa). VinaCapital khẳng định vẫn tin tưởng vào tiềm năng dài hạn của nền kinh tế Việt Nam và cho rằng những biến động hiện tại không ảnh hưởng lâu dài đến tình hình hoạt động của các công ty. Trong đó, danh mục các quỹ mở do VinaCapital quản lý không đầu tư vào các trái phiếu do Tân Hoàng Minh … phát hành. Tổng tài sản, tín dụng và tiền gửi được tính bằng Tỷ USD Nguồn: FiinPro. Về dài hạn, chuyên gia VinaCapital tiếp tục nhấn mạnh định giá PE của thị trường Việt Nam, thể hiện qua mức độ chiết khấu trung bình 5 năm gần đây, so với thị trường Đông Nam Á đang thấp hơn rất nhiều. Ví dụ Thái Lan, Indonesia, Philipine có mức chiết khấu trung bình trong 5 năm là 12%, còn Việt Nam đang là 36%. Trong khi đó, dự báo tăng trưởng lợi nhuận 2023 của các doanh nghiệp niêm yết là 19%, cao hơn hẳn so với khu vực. Đồng quan điểm, Chứng khoán VPBank cũng cho rằng ảnh hưởng từ biến động sự kiện trong nước, dự báo NHNN sẽ thêm lần tăng lãi suất, đưa mặt bằng lãi suất huy động dự tăng thêm 0,5-1%, lãi suất cho vay tăng quân bình 1,5-2%. Dù vậy, GDP Việt Nam vẫn tăng trưởng tốt, bức tranh kinh doanh của doanh nghiệp cũng lạc quan. Dù rằng ngắn hạn. Thực tế, nhiều đơn vị đã công bố chỉ số kinh doanh quý 3/2022, bất ngờ có doanh nghiệp đột biến so với cùng kỳ. Mới nhất, Tập đoàn FPT ghi nhận tổng doanh thu 30.975 tỷ đồng, lợi nhuận trước thuế 5.665 tỷ đồng trong 9 tháng đầu năm, tăng 24% so với cùng kỳ năm ngoái. Khấu trừ chi phí, FPT lãi sau thuế 9 tháng 4.856 tỷ đồng, tăng hơn 28%. Hay Hoá chất Đức Giang (DGC) lãi hơn 4.900 tỷ đồng sau 9 tháng, gấp 4 lần cùng kỳ, vượt 50% kế hoạch lợi nhuận cả năm. Được biết, DGC gây chú ý khi liên tục cải thiện kinh doanh và liên tục đạt đỉnh từ đầu năm 2021, bất chấp đại dịch. Quý 3/2022 dù tăng trưởng so với cùng kỳ, song có hạ nhiệt so với đỉnh thiết lập hồi quý 2 vừa qua…. Báo lãi kỷ lục còn phải kể đến Dược Hậu Giang (DHG) với hơn 262 tỷ đồng trong quý 3/2022, Vinasun (VSN) ghi nhận quý thứ 3 liên tiếp có lãi trở lại…. Hàng chục doanh nghiệp ồ ạt công bố BCTC chiều ngày 20/10: Loạt doanh nghiệp lớn TPB, LPB, Sabeco, hầu hết các công ty chứng khoán…",ita,ITA,Itaco,alias,0.98,auto_high_confidence,VinaCapTargetl: Định giá cổ phiếu ngân hàng Việt Nam đang rẻ,VinaCapTargetl: Định giá cổ phiếu ngân hàng Việt Nam đang rẻ,FinABSA_target_masked_headline_v1,0,VinaCapTargetl: Định giá cổ phiếu ngân hàng Việt Nam đang rẻ,The sentiment for Target in the given sentence is NEUTRAL.,neutral,,,,0.0,/home/huylkq/repos/nlp/FinABSA-Valid/MODEL/finabsa-other-masked-final_3epoch,Target,ok,neutral,2022-10-21 08:40:10+00:00,2022-10-21
08848f339a0d0496_00,08848f339a0d0496,https://cafef.vn/thi-truong-ngay-21-10-gia-ca-phe-cham-day-13-thang-khi-gas-thap-nhat-7-thang-quang-sat-cao-su-cung-giam-2022102108352072.chn,2022-10-21T08:35:37,,,"Thị trường ngày 21/10: Giá cà phê chạm đáy 13 tháng, khí gas thấp nhất 7 tháng, quặng sắt, cao su cũng giảm","Giá vàng tăng trong khi kim loại cơ bản hồi phục trong phiên 20/10. Tuy nhiên, các mặt hàng khác như dầu Brent, cao su, quặng sắt… đều đi xuống.","TIN MỚI Dầu biến động nhẹ Giá dầu gần như đi ngang trong phiên giao dịch thứ Năm (20/10) đầy sôi động do có 2 yếu tố tác động trái chiều: lo ngại về lạm phát làm giảm nhu cầu đối với dầu và thông tin Trung Quốc đang xem xét nới lỏng các biện pháp kiểm dịch COVID-19 đối với du khách. Dầu thô Brent giảm 3 cent xuống 92,38 USD/thùng. Giá dầu thô Trung cấp Tây Texas của Mỹ (WTI) kỳ hạn tháng 11 – đáo hạn vào thứ Năm (20/10) tăng 43 cent lên 85,98 USD/thùng; dầu WTI giao tháng 12 giảm 1 US cent xuống 84,51 USD/thùng. Để chống lại lạm phát, Cục Dự trữ Liên bang Mỹ (Fed) đang cố gắng làm cho nền kinh tế tăng chậm lại và sẽ tiếp tục nâng lãi suất ngắn hạn, Chủ tịch Ngân hàng Dự trữ Liên bang Philadelphia Patrick Harker cho biết hôm thứ Năm. Phil Flynn, nhà phân tích của Price Futures Group ở Chicago cho biết: ""Harker đang nói rằng cuộc chiến chống lạm phát mới bắt đầu. ""Vì vậy, có vẻ như thị trường đang trở nên căng thẳng."" Tuy nhiên, yếu tố hỗ trợ giá cả là Bắc Kinh đang xem xét cắt giảm thời gian cách ly đối với du khách từ 10 ngày xuống còn 7 ngày, hãng tin Bloomberg đưa tin hôm thứ Năm. Vàng tăng Giá vàng đã tăng vọt do đồng USD yếu đi trong khi thị trường chứng khoán tăng vọt và lợi suất trái phiếu kho bạc tăng kéo vàng thoát khỏi mức thấp nhất trong ba tuần chạm tới trước đó. Kết thúc phiên, giá vàng giao ngay tăng 0,1% lên 1.629,75 USD/ounce, trước đó có lúc giá chạm mức thấp nhất kể từ cuối tháng 9; vàng kỳ hạn tháng 12 tăng 0,2% lên 1.636,8 USD. Lãi suất của Mỹ tăng sẽ làm tăng chi phí cơ hội của việc nắm giữ vàng thỏi - có lãi suất bằng 0, trong khi lợi suất trái phiếu kho bạc Mỹ tiếp tục tăng sau khi dữ liệu cho thấy số lượng người Mỹ nộp đơn xin trợ cấp thất nghiệp bất ngờ giảm vào tuần trước, củng cố kỳ vọng về một đợt tăng lãi suất mạnh mẽ của Fed. Nhôm hồi phục Giá nhôm tăng trở lại sau 4 phiên sụt giảm do tồn kho giảm và các nhà đầu tư hy vọng Trung Quốc sẽ nới lỏng các hạn chế nghiêm ngặt về COVID-19. Giá kim loại, bao gồm cả đồng, cũng được đẩy tăng khi chỉ số đô la Mỹ giảm sau dữ liệu cho thấy hoạt động của nhà máy Mỹ đã giảm trong tháng 10. Đồng đô la yếu đi làm cho kim loại được định giá bằng đồng bạc xanh rẻ hơn đối với người mua sử dụng các loại tiền tệ khác. Giá nhôm kỳ hạn 3 tháng tăng 2,1% lên 2.215 USD/tấn, sau khi giảm 8% trong 4 phiên liền trước. Cao su giảm Giá cao su kỳ hạn trên thị trường Nhật Bản theo xu hướng đi xuống ở thị trường Thượng Hải và bị sức ép bởi thị trường trong nước sự suy yếu, trong bối cảnh những biện pháp mới chống COVID-19 ở Trung Quốc làm giảm nhu cầu và tâm lý rủi ro. Hợp đồng cao su giao tháng 3 của Sở giao dịch Osaka giảm 2,6 yên, tương đương 1,1%, xuống 225,4 yên (1,50 USD)/kg. Hợp đồng cao su giao tháng 1 trên sàn giao dịch kỳ hạn Thượng Hải giảm 325 nhân dân tệ xuống 12.375 nhân dân tệ (1.712 USD)/tấn. Cà phê arabica thấp nhất trong 13 tháng Giá cà phê arabica trên sàn ICE giảm phiên thứ 7 liên tiếp xuống mức thấp nhất trong gần 13 tháng, khi các đại lý tập trung vào yếu tố thời tiết thuận lợi ở Brazil, Trung Mỹ, Mexico và Colombia, trong bối cảnh nền kinh tế toàn cầu đang suy yếu. Cà phê arabica giao tháng 12 giảm 1,25 cent, tương đương 0,7%, xuống 1,9105 USD/lb, trước đó có lúc chạm mức thấp nhất kể từ ngày 23/9/2021 là 1,8820 USD. Cà phê robusta giao tháng 1/2023 tăng 41 USD, tương đương 2,1% lên 2.041 USD/tấn. Đậu tương, ngô và lúa mì tăng Giá đậu tương kỳ hạn của Mỹ tăng 1,4% khi dữ liệu xuất khẩu mạnh mẽ làm dấy lên hy vọng rằng những người mua ở nước ngoài sẽ đặt mua nhiều hơn trong những tuần tới. Giá ngô và lúa mì kỳ hạn cũng nhích lên, với việc mua ngắn hạn và mua kỹ thuật đã củng cố thị trường sau khi giá cả hai mặt hàng này đầu tuần này giảm xuống gần mức thấp nhất trong phạm vi giao dịch gần đây. Giá đậu tương kỳ hạn tháng 11 trên sàn CBOT tăng 19 cent lên 13,91-1/2 USD/bushel. Giá lúa mì đỏ mềm vụ đông giao tháng 12 tăng 8 cent lên 8,49-1/4 USD/bushel, trong khi giá ngô kỳ hạn tháng 12 tăng 5-3/4 cent lên 6,84 USD/bushel. Dầu cọ quay đầu giảm Giá dầu cọ Malaysia kỳ hạn tương lai biến động mạnh trong phiên 20/10, tăng vào đầu phiên nhưng quay đầu giảm vào cuối phiên do các nhà đầu tư bán chốt lời sau khi giá đạt mức cao nhất trong 7 tuần, nhưng những bất ổn về nguồn cung dầu ăn toàn cầu vẫn hỗ trợ giá. Hợp đồng dầu cọ giao tháng 1 trên Sàn giao dịch phái sinh Bursa Malaysia giảm 18 ringgit, tương đương 0,44%, xuống 4.100 ringgit (867,36 USD)/tấn. Tâm lý nhà đầu tư cũng bị đè nặng bởi dữ liệu từ cơ quan khảo sát hàng hóa Societe Generale de Surveillance cho thấy xuất khẩu dầu cọ Malaysia từ ngày 1 đến 20 tháng 10 giảm 8,4% so với tháng trước. Khí gas chạm đáy 7 tháng Hợp đồng khí đốt tự nhiên của Mỹ giảm xuống mức thấp nhất kể từ tháng 3 sau khi một báo cáo từ liên bang cho thấy lượng dự trữ vào tuần trước lớn hơn dự kiến và thị trường dự kiến sản lượng sẽ tăng. Hợp đồng khí đốt giao sau 1 tháng giảm 1,9% xuống 5,358 USD/mmBtu, sau khi có lúc giảm xuống 5,253 USD/mmBtu. Cơ quan Thông tin Năng lượng Mỹ (EIA) cho biết các đơn vị đã bổ sung 111 tỷ feet khối (bcf) khí vào kho trong tuần kết thúc vào ngày 14 tháng 10, nhiều hơn so với dự báo của các nhà phân tích là 105 bcf trong một cuộc thăm dò của Reuters. Quặng sắt giảm Giá quặng sắt trên sàn Đại Liên giảm tiếp, trong khi giá tham chiếu ở Singapore dao động gần mức thấp nhất trong năm 2022, do triển vọng ảm đạm về nhu cầu thép toàn cầu và áp lực từ phía cung. Hợp đồng quặng sắt kỳ hạn tháng 1, được giao dịch nhiều nhất trên Sàn giao dịch hàng hóa Đại Liên của Trung Quốc, đã kết thúc phiên giao dịch với mức giảm 2,5% xuống 670,50 nhân dân tệ (92,58 USD)/tấn, sau khi có lúc chạm mức yếu nhất kể từ ngày 5 tháng 9 ở mức 670 nhân dân tệ. Trên Sàn giao dịch Singapore, hợp đồng quặng sắt giao tháng 11 giảm 1,5% xuống 90,65 USD/tấn, gần mức thấp nhất năm 2022 là 90,30 USD chạm tới hôm thứ Ba. Giá một số mặt hàng chủ chốt sáng 21/10:",gas,GAS,PVN Gas,alias,0.98,auto_high_confidence,"Thị trường ngày 21/10: Giá cà phê chạm đáy 13 tháng, khí Target thấp nhất 7 tháng, quặng sắt, cao su cũng giảm","Thị trường ngày 21/10: Giá cà phê chạm đáy 13 tháng, khí Target thấp nhất 7 tháng, quặng sắt, cao su cũng giảm",FinABSA_target_masked_headline_v1,0,"Thị trường ngày 21/10: Giá cà phê chạm đáy 13 tháng, khí Target thấp nhất 7 tháng, quặng sắt, cao su cũng giảm",The sentiment for Target in the given sentence is NEUTRAL.,neutral,,,,0.0,/home/huylkq/repos/nlp/FinABSA-Valid/MODEL/finabsa-other-masked-final_3epoch,Target,ok,neutral,2022-10-21 08:35:37+00:00,2022-10-21
8efce4128c5ab573_00,8efce4128c5ab573,https://cafef.vn/nhung-doanh-nghiep-lo-cang-them-lo-vi-bat-day-co-phieu-hpg-20221031204322548.chn,2022-10-31T20:43:25,,,"Những doanh nghiệp ""lỗ càng thêm lỗ"" vì ""bắt đáy"" cổ phiếu HPG","Không giống như các nhà đầu tư cá nhân ""Chưa bán là chưa lỗ"", các doanh nghiệp khi lập báo cáo tài chính đã phải đánh giá lại các khoản đầu tư cổ phiếu trong kỳ và trích lập dự phòng giảm giá. Điều này tạo nên những khoản lỗ tài chính, ngay cả khi việc bán cổ phiếu chưa được thực hiện.","HPG&DHA&CMC&L14&NDN: Giá hiện tại Thay đổi Xem hồ sơ doanh nghiệp TIN MỚI Theo nguyên tắc kế toán, đến kỳ lập báo cáo tài chính (quý, năm), doanh nghiệp phải đánh giá lại các khoản đầu tư tài chính ngắn hạn và trích lập dự phòng tương ứng. Với diễn biến giá lao dốc, cổ phiếu HPG đã trở thành ""tội đồ"" gây lỗ tài chính cho nhiều doanh nghiệp trót ""đu đỉnh"", cho dù khoản lỗ này chưa hiện thực hóa. Nguồn: Fireant Báo cáo tài chính quý III của Công ty cổ phần Hóa An (Biên Hòa, Đồng Nai) , một doanh nghiệp trong ngành kinh doanh vật liệu xây dựng đã hé lộ số lượng cổ phiếu HPG tại thời điểm 30/09 mà doanh nghiệp này nắm giữ lên đến 2.640.000 cổ phiếu, tương đương giá trị 80,3 tỷ đồng. Nếu chia ngược lại, giá vốn bình quân HPG Hóa An nắm giữ vào khoảng 30.433 đồng/cổ phiếu. Với mức giá đóng cửa ngày 31/10/2022 là 15.650 đồng/cổ phiếu, lượng tài sản này đã ""bốc hơi"" gần 50% giá trị, tương đương mức lỗ 41,3 tỷ đồng. Tất nhiên con số lỗ này không phải số chính xác, vì trong tháng 10 vừa qua, Hóa An có thể đã tiếp tục mua vào cổ phiếu HPG để trung bình giá xuống, hoặc đã bán HPG để cắt lỗ. Điều đáng nói, số lượng cổ phiếu HPG đầu năm Hóa An nắm giữ chỉ là 300.000 cp, giá trị 15,26 tỷ đồng, tương đương giá trung bình 50.877 đồng/cp. Điều này có nghĩa là đã trót đu đỉnh trong năm 2021, Hóa An đã cố gắng trung bình giá xuống với khoản đầu tư tài chính ngắn hạn này, nhưng không thành công. Hình ảnh minh họa Báo cáo kết quả kinh doanh quý III của Công ty cổ phần Đầu tư CMC (mã chứng khoán: CMC) cho thấy doanh thu tăng nhẹ so với cùng kỳ nhưng lỗ hơn 240 triệu đồng. Khoản dự phòng giảm giá chứng khoán đầu tư tăng của đơn vị này tăng tới 98%, lên gần 9 tỷ đồng. Trong đó, dự phòng giảm giá HPG 1,1 tỷ đồng. Tại 30/09, CMC nắm 117.500 cổ phiếu HPG, với giá trị 3,2 tỷ đồng, tương đương giá bình quân 27.3000 đồng/cp. So với giá đóng cửa ngày 31/10 là là 15.650 đồng/cổ phiếu, lượng tài sản này đã ""bốc hơi"" khoảng 40%. Điều đáng nói, tại thời điểm đầu năm, danh mục chứng khoán của CMC chưa xuất hiện cái tên HPG. Giá trị chứng khoán kinh doanh tại cuối quý III của CMC cũng tăng từ mức 22,3 tỷ đồng hồi đầu năm lên 29,1 tỷ đồng, tăng mạnh ở Hòa Phát và GEX (công ty cổ phần tập đoàn GELEX). Nhìn một cách tổng quát, với diễn biến thị trường chứng khoán từ đầu năm trở lại đây, không chỉ có cổ phiếu HPG mà nhiều cổ phiếu của các Ngân hàng, doanh nghiệp BĐS khác cũng có đà giảm mạnh và trở thành nguyên nhân gây lỗ cho các doanh nghiệp đầu tư chứng khoán. Quay lại BCTC của CMC, cổ phiếu gây lỗ nhiều nhất cho doanh nghiệp này là GEX chứ không phải HPG. Cuối quý III, chi phí dự phòng CMC trích lập cho GEX là 5,2 tỷ đồng, lớn hơn rất nhiều so với HPG. Nguồn: CMC Công ty cổ phần LICOGI 14 (L14) , trong báo cáo tài chính quý III mới công bố, đã cho thấy số trích lập dự phòng giảm giá đầu tư ngắn hạn tại 30/09/2022 của công ty là 68,7 tỷ đồng. Số này chiếm tới 65% giá trị các khoản chứng khoán đầu tư ngắn hạn. Trích BCTC L14 Công ty cổ phần đầu tư phát triển Nhà Đà Nẵng cũng là doanh nghiệp đã có 9 tháng đầu năm ""ảm đạm"" với tình hình đầu tư chứng khoán. Tại ngày 30/09, doanh nghiệp công bố BCTC quý III với khoản chi phí dự phòng lên tới hơn 120 tỷ đồng. Trong đó, Cổ phiếu SHB của Ngân hàng TMCP Sài Gòn Hà Nội, TCB của Ngân hàng TMCP Kỹ thương Việt Nam và VHM của Công ty cổ phần Vinhomes là 3 cái tên khiến Nhà Đà Nẵng ""lỗ"" nặng. Điều đáng nói, đây là số lỗ đánh giá tại thời điểm 30/09, so với hiện tại các mã cổ phiếu trong danh mục dưới hầu hết đều tiếp tục giảm thêm từ vài % đến vài chục %. Trích BCTC của Nhà Đà Nẵng Mặc dù có đầu tư cổ phiếu HPG, nhưng với khối lượng nhỏ, cổ phiếu này cũng chỉ gây lỗ vài chục triệu đồng cho Nhà Đà Nẵng. Halloween của cổ đông thép: cổ phiếu Hoa Sen (HSG), Hoà Phát (HPG)… bị bán tháo sau khi doanh nghiệp đồng loạt báo lỗ lỷ lục",HPG,HPG,Hoa Phat Group,alias,0.98,auto_high_confidence,"Những doanh nghiệp ""lỗ càng thêm lỗ"" vì ""bắt đáy"" cổ phiếu Target","Những doanh nghiệp ""lỗ càng thêm lỗ"" vì ""bắt đáy"" cổ phiếu Target",FinABSA_target_masked_headline_v1,0,"Những doanh nghiệp ""lỗ càng thêm lỗ"" vì ""bắt đáy"" cổ phiếu Target",The sentiment for Target in the given sentence is NEUTRAL.,neutral,,,,0.0,/home/huylkq/repos/nlp/FinABSA-Valid/MODEL/finabsa-other-masked-final_3epoch,Target,ok,neutral,2022-10-31 20:43:25+00:00,2022-10-31
43730913eea2c4c3_00,43730913eea2c4c3,https://cafef.vn/ty-gia-usd-vnd-tiep-tuc-giao-dich-o-muc-cao-20221031192317563.chn,2022-10-31T19:23:20,,,Tỷ giá USD/VND tiếp tục giao dịch ở mức cao,Giá USD tại các ngân hàng thương mại sáng nay tiếp tục không có nhiều biến động khi giá bán tại phần lớn các thành viên vẫn ở mức kịch trần hoặc sát trần trong ngày.,"TIN MỚI Sáng nay (31/10), tỷ giá trung tâm niêm yết ở mức 23.695 VND/USD, tăng nhẹ 2 đồng với phiên liền trước. Với biên độ +/-5% đang áp dụng, tỷ giá trần hôm nay là 24.880 VND/USD và tỷ giá sàn là 22.510 VND/USD. Trong khi đó, giá USD tại các ngân hàng thương mại sáng nay tiếp tục không có nhiều biến động khi giá bán tại phần lớn các thành viên vẫn ở mức kịch trần hoặc sát trần trong ngày. Cụ thể, Vietcombank không điều chỉnh tỷ giá, vẫn đang niêm yết USD ở mức 24.597 – 24.877 VND/USD. BIDV tăng nhẹ 2 đồng ở mỗi chiều mua bán so với cuối tuần trước, lên 24.599 – 24.879 VND/USD. VietinBank giảm 4 đồng ở chiều mua và tăng 2 đồng chiều bán, ở ngưỡng 24.602 – 24.880 VND/USD. ACB tăng 4 đồng chiều mua trong khi Eximbank không điều chỉnh tỷ giá, đang niêm yết USD ở mức lần lượt 24.695 – 24.879 VND/USD và 24.700 – 24.875 VND/USD. Tỷ giá tại Sacombank đang là 24.700– 24.870 VND/USD, tăng 2 đồng chiều bán so với cuối tuần trước trong khi Techcombank tăng 25 đồng chiều mua vào và 2 đồng chiều bán, lên 24.710– 24.877 VND/USD. Trên thị trường thế giới, chỉ số US Dollar Index (DXY), đo lường biến động đồng bạc xanh với 6 đồng tiền chủ chốt (EUR, JPY, GBP, CAD, SEK, CHF) tiếp tục đi lên, hiện đang đứng ở mức 110,83 điểm. Trước đó, trong tuần từ 24/10 - 28/10, tỷ giá trung tâm được NHNN điều chỉnh tăng – giảm nhẹ qua các phiên. Chốt ngày 28/10, tỷ giá trung tâm được niêm yết ở mức 23.693 VND/USD, chỉ tăng 5 đồng so với phiên cuối tuần trước đó. NHNN tiếp tục dừng niêm yết tỷ giá mua giao ngay. Tỷ giá bán giao ngay được niêm yết tăng 490 đồng trong phiên đầu tuần lên 24.870 VND/USD và giữ nguyên mức này ở các phiên tiếp theo. Tỷ giá liên ngân hàng biến động nhẹ trong tuần qua. Phiên cuối tuần 28/10, tỷ giá liên ngân hàng đóng cửa tại 24.830 VND/USD, giảm 30 đồng so với phiên cuối tuần trước đó. Tỷ giá trên thị trường tự do cuối tuần trước tiếp tục biến động theo xu hướng tăng trong tuần qua, tuy nhiên đà tăng đã chậm lại. Chốt phiên 28/10, tỷ giá tự do tăng 205 đồng ở cả hai chiều mua vào và bán ra, giao dịch tại 25.225 VND/USD và 25.325 VND/USD.",VND,VND,VNDIRECT,alias,0.98,auto_high_confidence,Tỷ giá USD/Target tiếp tục giao dịch ở mức cao,Tỷ giá USD/Target tiếp tục giao dịch ở mức cao,FinABSA_target_masked_headline_v1,0,Tỷ giá USD/Target tiếp tục giao dịch ở mức cao,The sentiment for Target in the given sentence is NEUTRAL.,neutral,,,,0.0,/home/huylkq/repos/nlp/FinABSA-Valid/MODEL/finabsa-other-masked-final_3epoch,Target,ok,neutral,2022-10-31 19:23:20+00:00,2022-10-31
ae2678252c5051e8_00,ae2678252c5051e8,https://cafef.vn/halloween-cua-co-dong-thep-co-phieu-hoa-sen-hsg-hoa-phat-hpg-bi-ban-thao-sau-khi-doanh-nghiep-dong-loat-bao-lo-ly-luc-20221031165425985.chn,2022-10-31T16:55:06,2022-10-31T16:55:43+07:00,,"Halloween của cổ đông thép: cổ phiếu Hoa Sen (HSG), Hoà Phát (HPG)… bị bán tháo sau khi doanh nghiệp đồng loạt báo lỗ lỷ lục","Giảm sàn ngay từ đầu phiên với lực bán lên đến 66 triệu đơn vị (khối ngoại bán ròng hơn 20 triệu cổ phiếu), HPG của Hoà Phát giảm về mức 15.650 đồng/cp.","HSG&HPG&NKG&SMC&POM: Giá hiện tại Thay đổi Xem hồ sơ doanh nghiệp TIN MỚI Phiên hôm nay 31/10/2022, nhóm cổ phiếu thép bị bán tháo đồng loạt. Giảm sàn ngay từ đầu phiên với lực bán lên đến 66 triệu đơn vị (khối ngoại bán ròng hơn 20 triệu cổ phiếu), HPG của Hoà Phát giảm về mức 15.650 đồng/cp. Cũng sớm nằm sàn, HSG của Hoa Sen chốt phiên với giá 11.400 đồng/cp – giảm hơn 70% thị giá từ mức đỉnh đầu năm. Thanh khoản cũng lớn với hơn 21 triệu cổ phiếu. Giảm sàn còn có NKG của Nam Kim, SMC của Đầu tư SMC. Pomina (POM) cũng áp sàn với mức giảm 4,55%, cổ phiếu theo đó dần về mức “trà đá” với 4.000 đồng/cp. Như vậy, sau hơn một năm thăng hoa, các doanh nghiệp sản xuất thép đang bước vào chu kì kinh doanh giảm tốc vì giá thép đi xuống. Hiện, áp lực ngành không chỉ do nhu cầu suy yếu trên toàn cầu, Trung Quốc thực hiện chính sách Zero Covid mà giá thép giảm còn là hệ quả quá trình kiểm soát bất động sản kéo. Điểm qua một số DN lớn trong ngành, mặc dù đã được Chủ tịch Trần Đình Long dự trù và thẳng thắn chia sẻ với cổ đông từ đầu năm, Hoà Phát ( HPG ) vẫn gây ""sốc"" khi bất ngờ lỗ lịch sử 1.786 tỷ đồng trong quý 3/2022, giảm 117% so với cùng kỳ năm trước. HPG cho biết, kết quả kinh doanh ảm đạm này là do nhu cầu thép suy yếu ở cả trong nước và thế giới, giá nguyên vật liệu trong đó đặc biệt là giá than cao gấp ba lần so với thời điểm bình thường, tín dụng thắt chặt, tỷ giá và lãi suất tăng mạnh. HPG hiện là doanh nghiệp dẫn đầu thị trường về thép xây dựng và thép thô. Công ty cũng đã cung ứng ra thị trường thép cuộn cán nóng (HRC), khép kín chuỗi sản xuất. Hiện, HPG chiếm thị phần lần lượt là 36% đối với thép xây dựng và 29% đối với ống thép. Xếp thứ hai về mức độ thua lỗ trong quý là Hoa Sen (HSG) với mức lỗ ròng 887 tỷ đồng – đây cũng là quý đầu tiên HSG báo lỗ. Luỹ kế 9 tháng đầu năm, HSG đạt hơn 50.000 tỷ đồng doanh thu, tăng nhẹ so với năm trước nhưng lợi nhuận ròng chỉ còn 251 tỷ đồng - giảm 94%. Khác với HPG, HSG được biết đến là tay chơi đầu tư nguyên vật liệu trong ngành. Chiến lược này từng khiến Công ty lao đao những năm 2017-2019 và lãi đậm sang giai đoạn 2020-2021 khi giá thép thế giới đạt đỉnh. Đầu năm nay, HSG tiên bố chỉ làm thương mại, những tài sản liên quan đến sản xuất sẽ được bán để thu hồi tiền. Định hướng 5-10 năm tới, khi nói đến HSG người ta sẽ nhắc đến hệ thống phân phối vật liệu xây dựng Hoa Sen Home. Nằm trong Top3 còn kể đến “anh cả” một thời Pomina (POM) : doanh thu chỉ giảm nhẹ song giá vốn tăng cao khiến Công ty lỗ gộp 578 tỷ đồng. Khấu trừ các chi phí, POM lỗ ròng kỷ lục gần 716 tỷ đồng trong quý 3. Mới đây, POM còn gây chú ý khi thông báo dừng hoạt động sản xuất lò cao (BF) từ ngày 23/9/2022 và đồng thời phải chấm dứt hợp đồng lao động với một số cán bộ công nhân viên của Công ty. Theo POM, lý do không thể duy trì được lò cao là do cuộc xung đột giữa Nga và Ukraine đẩy giá dầu cùng các loại hàng hoá leo thang. Trong khi đó, giá trị các sản phẩm từ thép, phôi thép giảm liên tiếp... Trong khi trước đó, năm 2019 đầu tư lò cao được POM tuyên bố là bước đi táo bạo để thúc đẩy tăng trưởng và lấy vị thế trở lại. Theo dự phóng, khi lò cao đi vào vận hành công suất 100% sẽ mang về lợi nhuận cao cho giai đoạn 2022-2023. Dù vậy, một lần nữa kỳ vọng của POM không thành. Cùng cảnh ngộ, Thép Nam Kim (NKG) cũng khép lại quý 3/2022 với doanh thu giảm đến 41% so với cùng kỳ xuống còn 4.424 tỷ đồng. Trừ chi phí, NKG lỗ ròng 419 tỷ đồng, trong khi cùng kỳ lãi gần 607 tỷ đồng. Đây là khoản lỗ lớn nhất doanh nghiệp thép này từng ghi nhận trong một quý kể từ khi hoạt động. Dự trù được khó khăn sau khi đạt đỉnh vào năm 2021, NKG cũng lên kế hoạch với lợi nhuận giảm. Theo định hướng, NKG bên cạnh thị trường trong nước đang tập trung đẩy mạnh thị trường xuất khẩu. Sau thời kỳ thăng hoa, Hoà Phát (HPG) bất ngờ lỗ hơn 1.700 tỷ đồng trong quý 3/2022",HPG,HPG,Hoa Phat Group,alias,0.98,auto_high_confidence,"Halloween của cổ đông thép: cổ phiếu Hoa Sen (Other), Hoà Phát (Target)… bị bán tháo sau khi doanh nghiệp đồng loạt báo lỗ lỷ lục","Halloween của cổ đông thép: cổ phiếu Hoa Sen (Other), Hoà Phát (Target)… bị bán tháo sau khi doanh nghiệp đồng loạt báo lỗ lỷ lục",FinABSA_target_masked_headline_v1,0,"Halloween của cổ đông thép: cổ phiếu Hoa Sen (Other), Hoà Phát (Target)… bị bán tháo sau khi doanh nghiệp đồng loạt báo lỗ lỷ lục",The sentiment for Target in the given sentence is NEUTRAL.,neutral,,,,0.0,/home/huylkq/repos/nlp/FinABSA-Valid/MODEL/finabsa-other-masked-final_3epoch,Target,ok,neutral,2022-10-31 16:55:06+00:00,2022-10-31
ae2678252c5051e8_01,ae2678252c5051e8,https://cafef.vn/halloween-cua-co-dong-thep-co-phieu-hoa-sen-hsg-hoa-phat-hpg-bi-ban-thao-sau-khi-doanh-nghiep-dong-loat-bao-lo-ly-luc-20221031165425985.chn,2022-10-31T16:55:06,2022-10-31T16:55:43+07:00,,"Halloween của cổ đông thép: cổ phiếu Hoa Sen (HSG), Hoà Phát (HPG)… bị bán tháo sau khi doanh nghiệp đồng loạt báo lỗ lỷ lục","Giảm sàn ngay từ đầu phiên với lực bán lên đến 66 triệu đơn vị (khối ngoại bán ròng hơn 20 triệu cổ phiếu), HPG của Hoà Phát giảm về mức 15.650 đồng/cp.","HSG&HPG&NKG&SMC&POM: Giá hiện tại Thay đổi Xem hồ sơ doanh nghiệp TIN MỚI Phiên hôm nay 31/10/2022, nhóm cổ phiếu thép bị bán tháo đồng loạt. Giảm sàn ngay từ đầu phiên với lực bán lên đến 66 triệu đơn vị (khối ngoại bán ròng hơn 20 triệu cổ phiếu), HPG của Hoà Phát giảm về mức 15.650 đồng/cp. Cũng sớm nằm sàn, HSG của Hoa Sen chốt phiên với giá 11.400 đồng/cp – giảm hơn 70% thị giá từ mức đỉnh đầu năm. Thanh khoản cũng lớn với hơn 21 triệu cổ phiếu. Giảm sàn còn có NKG của Nam Kim, SMC của Đầu tư SMC. Pomina (POM) cũng áp sàn với mức giảm 4,55%, cổ phiếu theo đó dần về mức “trà đá” với 4.000 đồng/cp. Như vậy, sau hơn một năm thăng hoa, các doanh nghiệp sản xuất thép đang bước vào chu kì kinh doanh giảm tốc vì giá thép đi xuống. Hiện, áp lực ngành không chỉ do nhu cầu suy yếu trên toàn cầu, Trung Quốc thực hiện chính sách Zero Covid mà giá thép giảm còn là hệ quả quá trình kiểm soát bất động sản kéo. Điểm qua một số DN lớn trong ngành, mặc dù đã được Chủ tịch Trần Đình Long dự trù và thẳng thắn chia sẻ với cổ đông từ đầu năm, Hoà Phát ( HPG ) vẫn gây ""sốc"" khi bất ngờ lỗ lịch sử 1.786 tỷ đồng trong quý 3/2022, giảm 117% so với cùng kỳ năm trước. HPG cho biết, kết quả kinh doanh ảm đạm này là do nhu cầu thép suy yếu ở cả trong nước và thế giới, giá nguyên vật liệu trong đó đặc biệt là giá than cao gấp ba lần so với thời điểm bình thường, tín dụng thắt chặt, tỷ giá và lãi suất tăng mạnh. HPG hiện là doanh nghiệp dẫn đầu thị trường về thép xây dựng và thép thô. Công ty cũng đã cung ứng ra thị trường thép cuộn cán nóng (HRC), khép kín chuỗi sản xuất. Hiện, HPG chiếm thị phần lần lượt là 36% đối với thép xây dựng và 29% đối với ống thép. Xếp thứ hai về mức độ thua lỗ trong quý là Hoa Sen (HSG) với mức lỗ ròng 887 tỷ đồng – đây cũng là quý đầu tiên HSG báo lỗ. Luỹ kế 9 tháng đầu năm, HSG đạt hơn 50.000 tỷ đồng doanh thu, tăng nhẹ so với năm trước nhưng lợi nhuận ròng chỉ còn 251 tỷ đồng - giảm 94%. Khác với HPG, HSG được biết đến là tay chơi đầu tư nguyên vật liệu trong ngành. Chiến lược này từng khiến Công ty lao đao những năm 2017-2019 và lãi đậm sang giai đoạn 2020-2021 khi giá thép thế giới đạt đỉnh. Đầu năm nay, HSG tiên bố chỉ làm thương mại, những tài sản liên quan đến sản xuất sẽ được bán để thu hồi tiền. Định hướng 5-10 năm tới, khi nói đến HSG người ta sẽ nhắc đến hệ thống phân phối vật liệu xây dựng Hoa Sen Home. Nằm trong Top3 còn kể đến “anh cả” một thời Pomina (POM) : doanh thu chỉ giảm nhẹ song giá vốn tăng cao khiến Công ty lỗ gộp 578 tỷ đồng. Khấu trừ các chi phí, POM lỗ ròng kỷ lục gần 716 tỷ đồng trong quý 3. Mới đây, POM còn gây chú ý khi thông báo dừng hoạt động sản xuất lò cao (BF) từ ngày 23/9/2022 và đồng thời phải chấm dứt hợp đồng lao động với một số cán bộ công nhân viên của Công ty. Theo POM, lý do không thể duy trì được lò cao là do cuộc xung đột giữa Nga và Ukraine đẩy giá dầu cùng các loại hàng hoá leo thang. Trong khi đó, giá trị các sản phẩm từ thép, phôi thép giảm liên tiếp... Trong khi trước đó, năm 2019 đầu tư lò cao được POM tuyên bố là bước đi táo bạo để thúc đẩy tăng trưởng và lấy vị thế trở lại. Theo dự phóng, khi lò cao đi vào vận hành công suất 100% sẽ mang về lợi nhuận cao cho giai đoạn 2022-2023. Dù vậy, một lần nữa kỳ vọng của POM không thành. Cùng cảnh ngộ, Thép Nam Kim (NKG) cũng khép lại quý 3/2022 với doanh thu giảm đến 41% so với cùng kỳ xuống còn 4.424 tỷ đồng. Trừ chi phí, NKG lỗ ròng 419 tỷ đồng, trong khi cùng kỳ lãi gần 607 tỷ đồng. Đây là khoản lỗ lớn nhất doanh nghiệp thép này từng ghi nhận trong một quý kể từ khi hoạt động. Dự trù được khó khăn sau khi đạt đỉnh vào năm 2021, NKG cũng lên kế hoạch với lợi nhuận giảm. Theo định hướng, NKG bên cạnh thị trường trong nước đang tập trung đẩy mạnh thị trường xuất khẩu. Sau thời kỳ thăng hoa, Hoà Phát (HPG) bất ngờ lỗ hơn 1.700 tỷ đồng trong quý 3/2022",HSG,HSG,Hoa Sen Group,alias,0.98,auto_high_confidence,"Halloween của cổ đông thép: cổ phiếu Hoa Sen (Target), Hoà Phát (Other)… bị bán tháo sau khi doanh nghiệp đồng loạt báo lỗ lỷ lục","Halloween của cổ đông thép: cổ phiếu Hoa Sen (Target), Hoà Phát (Other)… bị bán tháo sau khi doanh nghiệp đồng loạt báo lỗ lỷ lục",FinABSA_target_masked_headline_v1,1,"Halloween của cổ đông thép: cổ phiếu Hoa Sen (Target), Hoà Phát (Other)… bị bán tháo sau khi doanh nghiệp đồng loạt báo lỗ lỷ lục",The sentiment for Target in the given sentence is NEUTRAL.,neutral,,,,0.0,/home/huylkq/repos/nlp/FinABSA-Valid/MODEL/finabsa-other-masked-final_3epoch,Target,ok,neutral,2022-10-31 16:55:06+00:00,2022-10-31
0a60846ceceeedff_00,0a60846ceceeedff,https://cafef.vn/phu-nhan-nen-kinh-te-suy-thoai-bo-truong-tai-chinh-my-ke-ve-no-luc-to-lon-cua-tt-biden-20221031155737127.chn,2022-10-31T15:57:38,,,"Phủ nhận nền kinh tế suy thoái, Bộ trưởng Tài chính Mỹ kể về nỗ lực "" to lớn"" của TT Biden","Nền kinh tế Mỹ là điều được nhiều người dân nước này quan tâm nhất, đặc biệt trong bối cảnh cuộc bầu cử giữa nhiệm kì đang cận kề.","TIN MỚI Dấu hiệu suy thoái? Trong cuộc phỏng vấn độc quyền với CNN, Bộ trưởng Tài chính Mỹ Janet Yellen cho biết bà không thấy có dấu hiệu suy thoái trong thời gian tới khi nền kinh tế Mỹ phục hồi sau 6 tháng sụt giảm. Cụ thể, bà Yellen cho biết dữ liệu GDP quý 3 được công bố mới đây đã cho thấy sức mạnh của nền kinh tế Mỹ. Các nhà hoạch định chính sách tại Nhà Trắng đã có nhiều động thái khẩn trương để hạ nhiệt lạm phát lan rộng và tăng cao vốn đã ảnh hưởng rõ rệt đến niềm tin của người Mỹ vào nền kinh tế. Những biến động tiêu cực dường như đang có ảnh hưởng xấu cho uy tín của đảng Dân chủ trên Đồi Capitol, nhất là trong bối cảnh chưa đầy 2 tuần nữa sẽ tới cuộc bầu cử giữa nhiệm kỳ Mỹ. ""Hãy nhìn xem, những gì chúng ta đang thấy là tăng trưởng bền vững trong quý này. Tăng trưởng rõ ràng đã chậm lại sau sự phục hồi rất nhanh do tỷ lệ thất nghiệp cao"", bà Yellen bình luận khi được hỏi về việc liệu dữ liệu GDP mới nhất có làm giảm bớt lo ngại về suy thoái hay không. ""Chúng ta đang có một nền kinh tế toàn dụng lao động. Do đó, việc tốc độ tăng trưởng chậm lại là điều hoàn toàn bình thường. Tình trạng này đã kéo dài trong 3 quý đầu năm nay, nhưng tình hình vẫn ổn. Chúng ta có một thị trường lao động rất mạnh. Tôi không thấy dấu hiệu của sự suy thoái trong nền kinh tế này vào thời điểm này. "" Sự lạc quan của bà Yellen được thể hiện trong bối cảnh các nhà kinh tế và quan chức tài chính ngày càng lo ngại rằng một cuộc suy thoái có thể xảy ra vào một thời điểm nào đó trong năm tới. Tổng sản phẩm quốc nội đã tăng với tốc độ như hàng năm là 2,6% trong quý 3, theo ước tính sơ bộ mới được công bố bởi Cục Phân tích Kinh tế. Đó là bước ngoặt từ mức giảm 1,6% trong quý đầu tiên của năm và âm 0,6% trong quý 2. Quan điểm của bà Yellen cũng nhấn mạnh tới các chính sách cân bằng phức tạp mà Tổng thống Joe Biden và các quan chức kinh tế hàng đầu của ông đã cố gắng áp dụng trong suốt năm nay. Đảng Dân chủ đang cố gắng làm nổi bật sự phục hồi kinh tế nhanh chóng và những thắng lợi lớn về mặt lập pháp, đồng thời cam kết giải quyết tình trạng giá cả tăng vọt. Nỗ lực của ông Biden ""Lạm phát đang ở mức rất cao - mức cao không thể chấp nhận được và người Mỹ cảm thấy điều đó hàng ngày"", bà Yellen nói khi được hỏi về quan điểm của chính quyền về nền kinh tế Mỹ với sự bất bình ngày càng tăng của các cử tri. Bà Yellen thừa nhận rằng giá cả sẽ mất thời gian để giảm, và ""sẽ cần vài năm tới"" để đưa nó trở lại mức ""mà mọi người quen thuộc hơn"". Trong khi đó, khi được hỏi về nền kinh tế vào tuần trước, Tổng thống Mỹ Biden nói với các phóng viên rằng nền kinh tế ""đang mạnh hơn bao giờ hết"". Bình luận này đã vấp phải chỉ trích từ đảng Cộng hòa. Khi được hỏi về điều này, bà Yellen đồng ý với đánh giá của Tổng thống rằng nền kinh tế Mỹ vẫn mạnh mẽ, nổi bật so với cách các nền kinh tế khác trên thế giới đang phát triển. ""Nếu so khắp thế giới, có rất nhiều nền kinh tế thực sự không chỉ chịu lạm phát cao mà còn hoạt động kinh tế rất yếu kém, còn Mỹ vẫn nổi bật. Chúng ta có tỷ lệ thất nghiệp ở mức thấp nhất trong 50 năm. Như trong bản báo cáo sáng nay - chi tiêu tiêu dùng và chi tiêu đầu tư tiếp tục tăng. Chúng ta có tài chính hộ gia đình vững chắc, tài chính kinh doanh, ngân hàng được vốn hóa tốt"", bà nói. ""Đây không phải là một nền kinh tế đang suy thoái và chúng tôi vẫn sẽ tiếp tục ổn"" - bà nói. Bà Yellen còn nhắc tới việc nhiều quan chức chính quyền cảm thấy ""bực bội"" vì những nỗ lực đưa nền kinh tế Mỹ thoát khỏi khủng hoảng không nhận được sự công nhận xứng đáng. “Có một số vấn đề tiềm ẩn mà chúng tôi có thể gặp phải, và những khó khăn mà nhiều gia đình Mỹ có thể phải đối mặt,” Yellen nói. ""Nhưng nhờ những gì chính quyền của ông Biden đã làm, chúng không xảy ra. Vì vậy, thường thì một người không nhận được sự công nhận cho những vấn đề không tồn tại.""",Bid,BID,BIDV,alias,0.98,auto_high_confidence,"Phủ nhận nền kinh tế suy thoái, Bộ trưởng Tài chính Mỹ kể về nỗ lực "" to lớn"" của Other Targeten","Phủ nhận nền kinh tế suy thoái, Bộ trưởng Tài chính Mỹ kể về nỗ lực "" to lớn"" của Other Targeten",FinABSA_target_masked_headline_v1,0,"Phủ nhận nền kinh tế suy thoái, Bộ trưởng Tài chính Mỹ kể về nỗ lực "" to lớn"" của Other Targeten",The sentiment for this in the given sentence is NEUTRAL.,neutral,,,,0.0,/home/huylkq/repos/nlp/FinABSA-Valid/MODEL/finabsa-other-masked-final_3epoch,Target,ok,neutral,2022-10-31 15:57:38+00:00,2022-10-31
f2c5adae92210567_00,f2c5adae92210567,https://cafef.vn/mot-nguoi-bi-khoi-to-va-tam-giam-mot-nguoi-vua-tu-nhiem-hdqt-cua-flc-faros-chi-con-lai-chu-tich-20221031105857667.chn,2022-10-31T10:59:30,,,"Một người bị khởi tố và tạm giam, một người vừa từ nhiệm, HĐQT của FLC Faros chỉ còn lại Chủ tịch","Ngoài ra, thành viên Ban Kiểm soát cuối cùng là ông Tùng cũng xin từ nhiệm, đồng nghĩa với việc Ban Kiểm soát của FLC Faros không còn ai.","ROS: Giá hiện tại Thay đổi Xem hồ sơ doanh nghiệp TIN MỚI CTCP Xây dựng FLC Faros (Mã CK: ROS) vừa công bố, vào ngày 27/10, công ty đã nhận được đơn xin từ nhiệm chức vụ thành viên HĐQT của bà Trần Thị Hương và đơn xin từ nhiệm chức vụ thành viên Ban Kiểm soát công ty của ông Trần Trung Tùng. Hội đồng quản trị sẽ trình đại hội đồng cổ đông công ty thông qua việc miễn nhiệm chức vụ đối với bà Trần Thị Hương và ông Trần Trung Tùng tại cuộc họp gần nhất. Bà Trần Thị Hương (sinh năm 1983) được bầu làm phó chủ tịch HĐQT của ROS vào ngày 12/6/2020. Tại hội cổ đông thường niên ngày 25/5/2021, HĐQT của FLC Faros đã bầu 3 thành viên bao gồm: bà Hương Trần Kiều Dung, bà Nguyễn Bình Phương và bà Trần Thị Hương. Sau đó, bà Dung được bầu làm Chủ tịch HĐQT. Tuy nhiên, ngày 8/4/2022, bà Hương Trần Kiều Dung đã bị khởi tố và bắt tạm giam với cáo buộc giúp sức Chủ tịch Tập đoàn FLC Trịnh Văn Quyết thao túng thị trường chứng khoán. Ít lâu sau đó, bà Nguyễn Bình Phương được bầu làm Chủ tịch HĐQT của FLC Faros để thay thế bà Hương Trần Kiều Dung. Như vậy, sau khi bà Trần Thị Hương từ nhiệm, Chủ tịch Nguyễn Bình Phương là người duy nhất còn trong HĐQT của FLC Faros. Đại hội cổ đông thường niên năm 2021 cũng bầu Ban Kiểm soát với ba thành viên là ông Nguyễn Trọng Huyên, ông Doãn Việt Hoàng và ông Trần Trung Tùng. Ngày 25/8 năm nay, ông Huyên và ông Hoàng đã nộp đơn xin từ nhiệm. Hiện tại, thành viên cuối cùng là ông Tùng cũng xin từ nhiệm, đồng nghĩa với việc Ban Kiểm soát của FLC Faros không còn ai. ROS dự định tổ chức đại hội cổ đông bất thường lần 3 vào ngày 2/11 sắp tới để bầu bổ sung nhân sự sau hai lần tổ chức bất thành do không đủ cổ đông tham dự. FLC lỗ 785 tỷ đồng trong quý 3",FLC,FLC,FLC Group,alias,0.98,auto_high_confidence,"Một người bị khởi tố và tạm giam, một người vừa từ nhiệm, HĐQT của Target Faros chỉ còn lại Chủ tịch","Một người bị khởi tố và tạm giam, một người vừa từ nhiệm, HĐQT của Target Faros chỉ còn lại Chủ tịch",FinABSA_target_masked_headline_v1,0,"Một người bị khởi tố và tạm giam, một người vừa từ nhiệm, HĐQT của Target Faros chỉ còn lại Chủ tịch",The sentiment for Target in the given sentence is NEUTRAL.,neutral,,,,0.0,/home/huylkq/repos/nlp/FinABSA-Valid/MODEL/finabsa-other-masked-final_3epoch,Target,ok,neutral,2022-10-31 10:59:30+00:00,2022-10-31
b70d536a955edb03_00,b70d536a955edb03,https://cafef.vn/flc-lo-785-ty-dong-trong-quy-3-20221031082821057.chn,2022-10-31T08:28:23,,,FLC lỗ 785 tỷ đồng trong quý 3,"Việc cơ cấu nợ vay hiệu quả giúp các khoản vay và nợ thuê tài chính của FLC trong cuối quý 3 giảm mạnh trên 1.188 tỷ so với thời điểm đầu năm, giúp giảm gánh nặng lãi vay cho doanh nghiệp.","FLC: Giá hiện tại Thay đổi Xem hồ sơ doanh nghiệp TIN MỚI Tập đoàn FLC (mã: FLC) vừa công bố báo cáo tài chính riêng và báo cáo tài chính hợp nhất quý 3/2022. Trích lập dự phòng hàng trăm tỷ cho đơn vị thành viên Báo cáo hợp nhất của FLC cho thấy trong quý 3, doanh nghiệp chỉ đạt hơn 430 tỷ doanh thu bán hàng và cung cấp dịch vụ, với giá vốn là hơn 525 tỷ đồng. Kinh doanh dưới giá vốn khiến FLC lỗ gộp hơn 96 tỷ đồng. Giải trình về vấn đề này, FLC cho biết doanh thu và giá vốn hàng bán kỳ này giảm tương ứng 70% - 60% so với cùng kỳ năm trước do tác động của hàng loạt yếu tố, bao gồm ảnh hưởng từ tình hình chung của thị trường kinh doanh bất động sản; sự thay đổi trong chính sách tín dụng dành cho khách hàng đầu tư; cũng như việc doanh nghiệp đang trong quá trình tái cấu trúc bộ máy và các mảng kinh doanh cốt lõi. Cũng trong kỳ này, FLC tiếp tục ghi nhận khoản lỗ hơn 317 tỷ từ việc đầu tư vào các đơn vị liên doanh, liên kết chủ yếu trong mảng hàng không và dịch vụ khách sạn. Đây là hai mảng kinh doanh đang trên đà phục hồi tích cực, tuy nhiên nhiều diễn biến bất lợi mang tính khách quan của thị trường (như giá nhiên liệu tăng cao, thị trường quốc tế phục hồi chậm...) khiến lợi nhuận của hai lĩnh vực này chưa thực sự đạt như kỳ vọng. Do đó, cũng tương tự như quý 2, FLC vẫn phải trích lập dự phòng đầu tư cho các đơn vị liên doanh liên kết, khiến chi phí tài chính công ty mẹ quý 3 lên tới hơn 512 tỷ đồng, tăng 259% so với cùng kỳ năm ngoái. Báo cáo hợp nhất của FLC trong quý 3 cũng cho thấy chi phí tài chính tăng 58%, ngược lại, doanh thu từ hoạt động tài chính giảm 93% do cơ cấu lại các khoản vay trong kỳ. Mặc dù chi phí bán hàng giảm mạnh đến 71% so với cùng kỳ, nhưng chi phí quản lý doanh nghiệp lại tăng đến 147%, nguyên nhân là doanh nghiệp phải tăng trích lập dự phòng cho các khoản phải thu quá hạn. Như vậy, sau khi hợp nhất kết quả kinh doanh trên toàn hệ thống, việc kinh doanh dưới giá vốn cùng khoản lỗ từ các đơn vị liên kết và sự gia tăng trong chi phí tài chính, chi phí quản lý doanh nghiệp đã khiến lợi nhuận thuần của FLC âm hơn 775 tỷ, dẫn đến lợi nhuận sau thuế đảo chiều từ lãi kỳ trước sang lỗ 785 tỷ đồng kỳ này và lỗ luỹ kế đến 30/9/2022 là hơn 1.891 tỷ đồng. Vay và nợ thuê tài chính tiếp tục giảm Kết thúc quý 3, tiền và các khoản tương đương tiền của FLC đạt hơn 249 tỷ đồng, tăng hơn 41% so với 1/1/2022. Hoạt động thi công và triển khai dự án vẫn được xúc tiến với việc phải trả trước cho người bán ngắn hạn tăng 43%, chi phí xây dựng cơ bản tăng 20% so với đầu năm. Đây là các khoản mục cho thấy doanh nghiệp đang gia tăng chi phí thi công, cũng như các khoản ứng trước cho việc thi công các dự án. Đáng lưu ý, cơ cấu vay và nợ thuê tài chính của FLC biến đổi mạnh, với vay và nợ thuê tài chính dài hạn và ngắn hạn đến cuối tháng 9/2022 là 5.015 tỷ. Trong đó, vay ngắn hạn tăng 1.158 tỷ, tương ứng 57% so với đầu năm; ngược lại vay dài hạn lại giảm 2.347 tỷ, tương ứng 56%. Việc cơ cấu nợ vay hiệu quả giúp các khoản vay và nợ thuê tài chính của FLC giảm mạnh trên 1.188 tỷ so với thời điểm đầu năm, giảm hơn 110 tỷ so với cuối quý 2, giúp giảm gánh nặng lãi vay cho doanh nghiệp. Kết thúc quý 3/2022, FLC ghi nhận quy mô tổng tài sản là 36.216 tỷ đồng, trong đó tài sản ngắn hạn là 19.390 tỷ (tương ứng 53,5% tổng tài sản), tài sản dài hạn là 16.825 tỷ (tương ứng 46,5%).",FLC,FLC,FLC Group,alias,0.98,auto_high_confidence,Target lỗ 785 tỷ đồng trong quý 3,Target lỗ 785 tỷ đồng trong quý 3,FinABSA_target_masked_headline_v1,0,Target lỗ 785 tỷ đồng trong quý 3,The sentiment for Target in the given sentence is NEUTRAL.,neutral,,,,0.0,/home/huylkq/repos/nlp/FinABSA-Valid/MODEL/finabsa-other-masked-final_3epoch,Target,ok,neutral,2022-10-31 08:28:23+00:00,2022-10-31
d5ac313dc7e49c53_00,d5ac313dc7e49c53,https://cafef.vn/giua-luc-co-phieu-big-tech-dang-bi-tan-sat-day-la-diem-sang-duy-nhat-20221031062000914.chn,2022-10-31T08:07:00,,,"Giữa lúc cổ phiếu Big Tech đang bị ""tàn sát"", đây là điểm sáng duy nhất","Trong khi cổ phiếu những người khổng lồ công nghệ của Mỹ đang rớt giá thảm hại, cổ phiếu Apple trở thành ""điểm sáng"" duy nhất.","TIN MỚI Giữa lúc nỗi lo suy thoái kinh tế nhấn chìm cổ phiếu các hãng Big Tech, một cổ phiếu vẫn ngược dòng thành công và trở thành điểm sáng hiếm hoi trong làng công nghệ: đó là Apple. Trái ngược với đà rơi thẳng đứng của các tập đoàn công nghệ khồng lồ, cổ phiếu Apple ngược dòng tăng 7,6% sau khi báo cáo thu nhập quý được công bố với các kết quả có thể trấn an phố Wall về nhu cầu sản phẩm của mình. Aaron Rakers, nhà phân tích của Wells Fargo, cho rằng Apple là ""điểm sáng giữa cuộc tàn sát các siêu cổ phiếu"" khi công ty vượt qua các kỳ vọng về kết quả kinh doanh, bất chấp bối cảnh đang có ""nhiều điều không chắc chắn về vĩ mô cũng như địa chính trị"" cũng như sức ép của tỷ giá hối đoái. Doanh thu Apple trong quý vừa qua đạt mức 90,1 tỷ USD, tăng 8% so với cùng kỳ năm ngoái và cao hơn so với con số dự đoán của phố Wall ở mức 88,7 tỷ USD. Mảng kinh doanh lớn nhất của Apple, iPhone, mang lại doanh thu 42,6 tỷ USD, cao hơn 8,7% so với cùng kỳ năm ngoái. Tuy vậy, mức doanh thu này lại thấp hơn dự báo của giới phân tích ở mức 43 tỷ USD. Một động lực lớn khác cho đà tăng trưởng của Apple là mảng kinh doanh máy Mac. Mảng kinh doanh này có mức doanh thu quý cao nhất từ trước đến nay với 11,5 tỷ USD, không chỉ cao hơn so với mức 9,2 tỷ USD cùng kỳ năm ngoái mà còn đánh bại dự báo của các nhà phân tích ở mức 9,3 tỷ USD. Trong khi doanh số iPhone đi xuống trong quý có tháng Chín vừa qua, Rakers nhấn mạnh rằng dòng iPhone 14 Pro lại chứng kiến nhu cầu cao đến nỗi không đủ nguồn cung. Cùng lúc đó, doanh thu máy Mac cũng dễ dàng vượt qua các dự đoán của phố Wall, càng làm rõ hơn quan điểm của ông cho rằng ""Apple đang củng cố vị trí của mình trên thị trường PC."" Các kết quả này càng đáng chú ý hơn khi Apple cũng phải chịu gánh nặng lớn hơn dự kiến từ tỷ giá ngoại hối. Nhưng ""nhìn vào xu hướng đảo chiều của tỷ giá trong quá khứ, bạn sẽ thấy vì sao mọi người đều đang ẩn náu trong cổ phiếu Apple"" ông cho biết. Cho dù Apple không đưa ra các dự báo chính thức về kết quả tài chính trong kỳ tới, nhưng họ cũng đưa ra nhiều bình luận lạc quan về quý có tháng 12 sắp tới, bao gồm việc đảo chiều của tỷ giá ngoại hối trong kỳ và tác động tích cực của việc quý này sẽ có thêm một tuần cho hoạt động bán hàng. Các yếu tố này đủ để mang lại một quý kinh doanh tích cực bất chấp dự báo rằng doanh số máy Mac sẽ đi xuống. Tổng hợp lại các nhà phân tích phố Wall đánh giá cổ phiếu Apple sẽ ở mức mục tiêu từ 175 USD đến 190 USD – cao hơn khoảng 15-20% so với mức giá 155 USD hiện tại. Tham khảo MarketWatch, The Verge",BIG,BIG,,ticker_context_rule,0.95,auto_high_confidence,"Giữa lúc cổ phiếu Big Tech đang bị ""tàn sát"", đây là điểm sáng duy nhất","Giữa lúc cổ phiếu Big Tech đang bị ""tàn sát"", đây là điểm sáng duy nhất",FinABSA_target_masked_headline_v1,0,"Giữa lúc cổ phiếu Big Tech đang bị ""tàn sát"", đây là điểm sáng duy nhất",The sentiment for Big in the given sentence is NEUTRAL.,neutral,,,,0.0,/home/huylkq/repos/nlp/FinABSA-Valid/MODEL/finabsa-other-masked-final_3epoch,Target,ok,neutral,2022-10-31 08:07:00+00:00,2022-10-31
4295a2def0cb7e9e_00,4295a2def0cb7e9e,https://cafef.vn/chuyen-gia-hsc-lua-chon-doanh-nghiep-dau-tu-giong-nhu-di-tim-vo-dung-dua-ra-nguyen-tac-va-roi-pha-vo-no-20221030173955975.chn,2022-10-30T21:52:37,2022-10-30T21:53:12+07:00,,"Chuyên gia HSC: ""Lựa chọn doanh nghiệp đầu tư giống như đi tìm vợ, đừng đưa ra nguyên tắc và rồi phá vỡ nó""","Warren Buffett có câu: ""Nếu bạn không sẵn sàng sở hữu một cổ phiếu trong mười năm, thì đừng nghĩ đến việc sở hữu nó trong mười phút."" Thế nhưng những biến động của thị trường trong thời gian gần đây khiến cho nhà đầu tư ""đứng ngồi không yên"".","TIN MỚI Vậy xây dựng tư duy như thế nào để tự tin bước vào thị trường chứng khoán, giúp nhà đầu tư luôn vững vàng trước mọi biến động từ thị trường? Làm sao để nhà đầu tư luôn kiên định với những mục tiêu, chiến lược đầu tư đã được định sẵn? Tại chương trình Tự do tài chính số 43, ông Huỳnh Tấn Thuế - Giám đốc vùng, Khối khách hàng cá nhân, Công ty CP chứng khoán TP.HCM (HSC) đánh giá giai đoạn thị trường vừa qua tương đối khó khăn, nhất là với các nhà đầu tư mới. Song, ông Thuế cho rằng những giai đoạn thị trường quá thuận lợi lại là một điều không tốt cho những nhà đầu tư mới bắt đầu tham gia, bởi thời gian đó họ không tích luỹ được nhiều kiến thức. Thậm chí, các chứng sĩ còn có thể ""ngộ nhận"", nghĩ rằng bản thân đang chiến thắng thị trường và sẽ liên tục chiến thắng. Với sự ngộ nhận như vậy, rủi ro và nguy hiểm sẽ rình rập ngay sau đó và nhà đầu tư sẽ phải trả giá khá đắt khi thị trường đảo ngược. "" Trong giai đoạn thị trường kém thuận lợi, chúng ta có thể học hỏi và đúc kết nhanh hơn để trưởng thành và đi xa hơn. Đầu tư cũng như cuộc sống vậy, đôi khi những nỗi đau đủ lớn sẽ giúp cho bản thân có thêm động lực đổi đời "", ông Thuế chia sẻ. Mặt khác, Host Hữu Trí nhận định rằng để trở thành một nhà đầu tư cổ phiếu thành công không nên tập trung quá vào diễn biến thị trường mà nên tập trung nghiên cứu giá trị doanh nghiệp. Nghĩa là khi chúng ta bắt đầu mua vào cổ phiếu, nên đánh giá được hoạt động kinh doanh đang diễn ra như thế nào cùng với giá trị tương lai doanh nghiệp hướng tới là gì. Dựa trên kinh nghiệm của bản thân, vị chuyên gia tới từ HSC chia sẻ 5 bước để xác định doanh nghiệp mục tiêu mà ông áp dụng: Thứ nhất, lựa chọn doanh nghiệp dễ hiểu. Cụ thể, dễ hiểu trong việc nắm được mô hình kinh doanh, sản phẩm, dịch vụ của doanh nghiệp. Nhà đầu tư cần tìm hiểu kỹ dòng thu thập, dòng chi tiêu vào cái gì. Và công ty đó có tạo được thương hiệu, tiếng tăm trong người tiêu dùng hay không? Thứ hai, chọn doanh nghiệp có tài chính tốt, tức là các doanh nghiệp có tài sản và dòng tiền tốt và ít nợ vay. Thứ ba, cần nhìn được triển vọng trong ít nhất 3 năm tới. Cũng như, doanh nghiệp phải duy trì được tốc độ tăng trưởng đều đặn từ lợi thế cạnh tranh mà doanh nghiệp tạo ra, triển vọng càng duy trì lâu dài càng tốt. Thứ tư, nắm rõ lãnh đạo doanh nghiệp thật sự có năng lực và có phẩm chất chính trực hay không. Nếu như có năng lực, nhà lãnh đạo sẽ dẫn dắt doanh nghiệp tăng trưởng tốt. Nếu chính trực sẽ bảo vệ được quyền lợi cho nhà đầu tư. Thứ năm, xác định được điểm mua hợp lý, đặc biệt trong giai đoạn thị trường giảm sâu. Quan trọng nhất, nhà đầu tư nên đưa ra những nguyên tắc cụ thể để thực thi, và đừng phá vỡ nguyên tắc này. Đồng thời, ông Thuế trích dẫn câu nói của tỷ phú Warren Buffett rằng: "" Khi chúng ta lựa chọn doanh nghiệp đầu tư giống như đi tìm vợ, việc tìm kiếm này rất kĩ lưỡng "".",HSC,HCM,Ho Chi Minh City Securities,alias,0.98,auto_high_confidence,"Chuyên gia Target: ""Lựa chọn doanh nghiệp đầu tư giống như đi tìm vợ, đừng đưa ra nguyên tắc và rồi phá vỡ nó""","Chuyên gia Target: ""Lựa chọn doanh nghiệp đầu tư giống như đi tìm vợ, đừng đưa ra nguyên tắc và rồi phá vỡ nó""",FinABSA_target_masked_headline_v1,0,"Chuyên gia Target: ""Lựa chọn doanh nghiệp đầu tư giống như đi tìm vợ, đừng đưa ra nguyên tắc và rồi phá vỡ nó""",The sentiment for Target in the given sentence is NEUTRAL.,neutral,,,,0.0,/home/huylkq/repos/nlp/FinABSA-Valid/MODEL/finabsa-other-masked-final_3epoch,Target,ok,neutral,2022-10-30 21:52:37+00:00,2022-10-30
588ada0672dc3afa_00,588ada0672dc3afa,https://cafef.vn/cap-nhat-bctc-ngay-30-10-them-mot-doanh-nghiep-nganh-thep-bao-lo-hang-tram-ty-dong-baf-idico-bao-lai-quy-3-tang-3-chu-so-20221030100847101.chn,2022-10-30T18:47:00,2022-10-30T22:06:57+07:00,,"Cập nhật BCTC đến tối 30/10: ""Heo ăn chay"" tăng lãi 252%, FLC lỗ 785 tỷ đồng,  Vingroup và một loạt DN BĐS báo lãi, thêm DN thép lỗ trăm tỷ","Thép Pomina, Tôn Đông Á nối dài thêm danh sách những doanh nghiệp thép lỗ trăm tỷ.","TIN MỚI Tập đoàn FLC (FLC) báo lỗ 785 tỷ đồng trong quý 3 khi doanh thu thuần giảm tới 70% so với cùng kỳ năm trước và lỗ 317 tỷ đồng từ công ty liên doanh, liên kết. FLC cho biết doanh thu giảm là do tình hình chung của thị trường kinh doanh bất động sản, chính sách tín dụng dành cho khách hàng đầu tư BĐS và do sự thay đổi các vị trí lãnh đạo của FLC trong quá trình tái cấu trúc lại bộ máy. Tất cả các chi phí của FLC đều tăng, trong đó, chi phí tài chinh tăng 58% so ảnh hưởng của quá trình cơ cấu lại các khoản vay, chi phí quản lý doanh nghiệp tăng do trích lập dự phòng các khoản phải thu quá hạn. 9 tháng đầu năm, FLC lỗ sau thuế hơn 1.891 tỷ đồng. Tập đoàn Vingroup (VIC) thông báo Tổng doanh thu thuần hợp nhất quy đổi, bao gồm doanh thu từ chuyển nhượng bất động sản ghi nhận vào thu nhập tài chính trong 9 tháng đầu năm 2022 đạt 88.191 tỷ đồng, giảm 4,7% so với cùng kỳ năm trước chủ yếu do trong 9 tháng đầu năm nay, doanh thu chuyển nhượng bất động sản chỉ bắt đầu tăng mạnh từ quý 3 khi bắt đầu bàn giao các căn thấp tầng tại dự án Vinhomes Ocean Park 2 – The Empire sớm hơn so với kế hoạch, trong khi các lĩnh vực còn lại đều ghi nhận sự hồi phục và tăng trưởng tốt. Lợi nhuận trước thuế trong 9 tháng đầu năm 2022 đạt 8.739 tỷ đồng, và lợi nhuận sau thuế đạt 1.571 tỷ đồng. CTCP Nông nghiệp BAF Việt Nam (BAF) lãi 182 tỷ đồng trong quý 3, tăng 252% so với cùng kỳ và lũy kế 9 tháng tăng 13%. Idico (IDC) lãi 761 tỷ đồng trong quý 3, tăng 206% và lũy kế 9 tháng tăng 326%. Tập đoàn Sao Mai (ASM) lãi 253 tỷ đồng trong quý 3, giảm 10% nhưng LNTT lũy kế 9 tháng vẫn tăng 72%﻿. Thêm hai doanh nghiệp thép báo lỗ trong đó Pomina (POM) lỗ 715 tỷ đồng trong quý 3 kéo lợi nhuận lũy kế 9 tháng xuống âm 706 tỷ đồng, còn ﻿Đại Thiên Lộc (DTL) lỗ 49 tỷ đồng trong quý 3, 9 tháng lỗ 19 tỷ đồng. Tôn Đông Á lỗ 252 tỷ đồng. Ông lớn xăng dầu NSH Petro (PSH) lãi 9 tỷ đồng trong quý 3, giảm 94% so với cùng kỳ và lũy kế 9 tháng lỗ 278 tỷ đồng do khoản lỗ lớn trong quý 2. Các doanh nghiệp mới công bố báo cáo tài chính ngày 30/10 Các doanh nghiệp đã công bố báo cáo tài chính quý 3",FLC,FLC,FLC Group,alias,0.98,auto_high_confidence,"Cập nhật BCTC đến tối 30/10: ""Heo ăn chay"" tăng lãi 252%, Target lỗ 785 tỷ đồng,  Vingroup và một loạt Other BĐS báo lãi, thêm DN thép lỗ trăm tỷ","Cập nhật BCTC đến tối 30/10: ""Heo ăn chay"" tăng lãi 252%, Target lỗ 785 tỷ đồng,  Vingroup và một loạt Other BĐS báo lãi, thêm DN thép lỗ trăm tỷ",FinABSA_target_masked_headline_v1,0,"Cập nhật BCTC đến tối 30/10: ""Heo ăn chay"" tăng lãi 252%, Target lỗ 785 tỷ đồng,  Vingroup và một loạt Other BĐS báo lãi, thêm DN thép lỗ trăm tỷ",The sentiment for Target in the given sentence is NEUTRAL.,neutral,,,,0.0,/home/huylkq/repos/nlp/FinABSA-Valid/MODEL/finabsa-other-masked-final_3epoch,Target,ok,neutral,2022-10-30 18:47:00+00:00,2022-10-30
96dc1f40976ee1e1_00,96dc1f40976ee1e1,https://cafef.vn/flchomes-lo-sau-thue-63-ty-dong-trong-quy-3-con-phai-thu-flc-hon-2000-ty-tra-het-no-ocb-ncb-va-sacombank-20221030095204287.chn,2022-10-30T09:52:27,,,"FLCHomes lỗ sau thuế 63 tỷ đồng trong quý 3, còn phải thu FLC hơn 2.000 tỷ, trả hết nợ OCB, NCB và Sacombank","FLCHomes do bà Bùi Hải Huyền là Chủ tịch HĐQT và bà Trần Thị Hương là Tổng giám đốc. Ông Trịnh Văn Quyết là cổ đông lớn nắm giữ 52,49% vốn cổ phần.","TIN MỚI CTCP Đầu tư Kinh doanh Phát triển Bất động sản FLCHomes đã công bố Báo cáo tài chính hợp nhất quý 3/2022. Doanh thu thuần đạt 94,6 tỷ đồng – giảm 87% so với cùng kỳ năm trước. Mặc dù vậy, biên lợi nhuận gộp quý này đạt 10,7% - tăng mạnh so với con số 3,7% của quý 3 năm trước. Lợi nhuận gộp của công ty đạt 10,1 tỷ đồng, chỉ giảm 61%. Chi phí quản lý doanh nghiệp tăng vọt từ 19,5 tỷ đồng lên hơn 40 tỷ đồng – được giải trình là do trích lập dự phòng - trong khi doanh thu tài chính âm 8,4 tỷ khiến cho hoạt động kinh doanh của FLCHomes lỗ thuần hơn 60 tỷ đồng. Kết quả cuối cùng, công ty lỗ sau thuế hơn 63 tỷ đồng. FLCHomes không thuyết minh rõ hoạt động được trích lập dự phòng. 9 tháng đầu năm, FLCHomes lỗ 107 tỷ đồng. Tính đến 30/09/2022, FLCHomes lỗ lũy kế 1,7 tỷ đồng. Trong các khoản phải thu của FLCHomes, phải thu với CTCP Tập đoàn FLC lớn nhất với gần 1.160 tỷ đồng được ghi nhận ở phần ""Phải thu ngắn hạn khác"" và 870 tỷ ở phần ""ký quỹ, đặt cọc"". Tổng các khoản này chiếm gần 21% tổng tài sản của FLCHomes. Các khoản vay nợ tại Ngân hàng TMCP Phương Đông (OCB), Ngân hàng Quốc dân (NCB) và Ngân hàng TMCP Sài Gòn Thương tín (Sacombank) đã được trả hết. Công ty do bà Bùi Hải Huyền là Chủ tịch HĐQT và bà Trần Thị Hương là Tổng giám đốc. Ông Trịnh Văn Quyết là cổ đông lớn nắm giữ 52,49% vốn cổ phần. Mới đây, vào ngày 19/10, ﻿FLC Homes đã bị Cục thuế Tp.Hà Nội cưỡng chế bằng biện pháp ngừng sử dụng hóa đơn do nợ thuế 11,45 tỷ đồng. Chỉ ngay sau đó, vào ngày 20/10, FLCHomes cùng với CTCP Tập đoàn FLC đã ký kết hợp đồng với CTCP Gateway Hà Nội về việc mua bán công trình xây dựng gắn liền với đến quyền sử dụng đất tại địa chỉ: Số 265 Cầu Giấy, phường Dịch Vọng, quận Cầu Giấy, thành phố Hà Nội. Đây vốn là hội sở của FLC và Bamboo Airways. Giá bán công trình xây dựng là 2.000 tỷ đồng, đã bao gồm thuế giá trị gia tăng và không bao gồm giá trị của phần diện tích đã bán. FLC và FLCHomes đã mua lại toà Bamboo Airways và dự kiến bán cho một bên khác với giá 2.000 tỷ đồng",FLC,FLC,FLC Group,alias,0.98,auto_high_confidence,"TargetHomes lỗ sau thuế 63 tỷ đồng trong quý 3, còn phải thu FLC hơn 2.000 tỷ, trả hết nợ Other, Other và Sacombank","TargetHomes lỗ sau thuế 63 tỷ đồng trong quý 3, còn phải thu FLC hơn 2.000 tỷ, trả hết nợ Other, Other và Sacombank",FinABSA_target_masked_headline_v1,0,"TargetHomes lỗ sau thuế 63 tỷ đồng trong quý 3, còn phải thu FLC hơn 2.000 tỷ, trả hết nợ Other, Other và Sacombank",The sentiment for Target in the given sentence is NEUTRAL.,neutral,,,,0.0,/home/huylkq/repos/nlp/FinABSA-Valid/MODEL/finabsa-other-masked-final_3epoch,Target,ok,neutral,2022-10-30 09:52:27+00:00,2022-10-30
96dc1f40976ee1e1_01,96dc1f40976ee1e1,https://cafef.vn/flchomes-lo-sau-thue-63-ty-dong-trong-quy-3-con-phai-thu-flc-hon-2000-ty-tra-het-no-ocb-ncb-va-sacombank-20221030095204287.chn,2022-10-30T09:52:27,,,"FLCHomes lỗ sau thuế 63 tỷ đồng trong quý 3, còn phải thu FLC hơn 2.000 tỷ, trả hết nợ OCB, NCB và Sacombank","FLCHomes do bà Bùi Hải Huyền là Chủ tịch HĐQT và bà Trần Thị Hương là Tổng giám đốc. Ông Trịnh Văn Quyết là cổ đông lớn nắm giữ 52,49% vốn cổ phần.","TIN MỚI CTCP Đầu tư Kinh doanh Phát triển Bất động sản FLCHomes đã công bố Báo cáo tài chính hợp nhất quý 3/2022. Doanh thu thuần đạt 94,6 tỷ đồng – giảm 87% so với cùng kỳ năm trước. Mặc dù vậy, biên lợi nhuận gộp quý này đạt 10,7% - tăng mạnh so với con số 3,7% của quý 3 năm trước. Lợi nhuận gộp của công ty đạt 10,1 tỷ đồng, chỉ giảm 61%. Chi phí quản lý doanh nghiệp tăng vọt từ 19,5 tỷ đồng lên hơn 40 tỷ đồng – được giải trình là do trích lập dự phòng - trong khi doanh thu tài chính âm 8,4 tỷ khiến cho hoạt động kinh doanh của FLCHomes lỗ thuần hơn 60 tỷ đồng. Kết quả cuối cùng, công ty lỗ sau thuế hơn 63 tỷ đồng. FLCHomes không thuyết minh rõ hoạt động được trích lập dự phòng. 9 tháng đầu năm, FLCHomes lỗ 107 tỷ đồng. Tính đến 30/09/2022, FLCHomes lỗ lũy kế 1,7 tỷ đồng. Trong các khoản phải thu của FLCHomes, phải thu với CTCP Tập đoàn FLC lớn nhất với gần 1.160 tỷ đồng được ghi nhận ở phần ""Phải thu ngắn hạn khác"" và 870 tỷ ở phần ""ký quỹ, đặt cọc"". Tổng các khoản này chiếm gần 21% tổng tài sản của FLCHomes. Các khoản vay nợ tại Ngân hàng TMCP Phương Đông (OCB), Ngân hàng Quốc dân (NCB) và Ngân hàng TMCP Sài Gòn Thương tín (Sacombank) đã được trả hết. Công ty do bà Bùi Hải Huyền là Chủ tịch HĐQT và bà Trần Thị Hương là Tổng giám đốc. Ông Trịnh Văn Quyết là cổ đông lớn nắm giữ 52,49% vốn cổ phần. Mới đây, vào ngày 19/10, ﻿FLC Homes đã bị Cục thuế Tp.Hà Nội cưỡng chế bằng biện pháp ngừng sử dụng hóa đơn do nợ thuế 11,45 tỷ đồng. Chỉ ngay sau đó, vào ngày 20/10, FLCHomes cùng với CTCP Tập đoàn FLC đã ký kết hợp đồng với CTCP Gateway Hà Nội về việc mua bán công trình xây dựng gắn liền với đến quyền sử dụng đất tại địa chỉ: Số 265 Cầu Giấy, phường Dịch Vọng, quận Cầu Giấy, thành phố Hà Nội. Đây vốn là hội sở của FLC và Bamboo Airways. Giá bán công trình xây dựng là 2.000 tỷ đồng, đã bao gồm thuế giá trị gia tăng và không bao gồm giá trị của phần diện tích đã bán. FLC và FLCHomes đã mua lại toà Bamboo Airways và dự kiến bán cho một bên khác với giá 2.000 tỷ đồng",OCB,OCB,OCB,alias,0.98,auto_high_confidence,"OtherHomes lỗ sau thuế 63 tỷ đồng trong quý 3, còn phải thu FLC hơn 2.000 tỷ, trả hết nợ Target, Other và Sacombank","OtherHomes lỗ sau thuế 63 tỷ đồng trong quý 3, còn phải thu FLC hơn 2.000 tỷ, trả hết nợ Target, Other và Sacombank",FinABSA_target_masked_headline_v1,1,"OtherHomes lỗ sau thuế 63 tỷ đồng trong quý 3, còn phải thu FLC hơn 2.000 tỷ, trả hết nợ Target, Other và Sacombank",The sentiment for Target in the given sentence is NEUTRAL.,neutral,,,,0.0,/home/huylkq/repos/nlp/FinABSA-Valid/MODEL/finabsa-other-masked-final_3epoch,Target,ok,neutral,2022-10-30 09:52:27+00:00,2022-10-30
14a69a2130c0c489_00,14a69a2130c0c489,https://cafef.vn/chuyen-gia-mbs-chung-khoan-viet-nam-xung-dang-co-muc-dinh-gia-cao-hon-nhieu-nhom-co-phieu-ve-muc-hap-dan-de-dau-tu-20221029220010437.chn,2022-10-30T07:06:22,2022-10-30T07:06:59+07:00,,"Chuyên gia MBS: Chứng khoán Việt Nam xứng đáng có mức định giá cao hơn, nhiều nhóm cổ phiếu về mức hấp dẫn để đầu tư","Theo chuyên gia, TTCK Việt Nam thường có độ trễ nhất định so với các thị trường quốc tế, song những rủi ro gần như đã được phản ánh hết vào đà giảm thời gian qua.","TIN MỚI Thị trường chứng khoán vừa trải qua tuần giao dịch biến động khi VN-Index hồi phục trở lại sau khi đánh mất mốc 1.000 điểm trong phiên đầu tuần. Dù chỉ số giảm nhẹ trong phiên cuối tuần, song tâm lý thị trường đã dần ổn định sau khi lấy lại ngưỡng hỗ trợ tâm lý quan trọng. Diễn biến này đồng pha với diễn biến của chứng khoán Mỹ, đánh dấu tuần tăng điểm thứ 4 liên tiếp của Dow Jones kể từ chuỗi 5 tuần tăng điểm liên tiếp hồi tháng 11/2021. Chất xúc tác cho đà tăng này là những tín hiệu tích cực cho thấy lạm phát giảm nhiệt và tiêu dùng vẫn vững vàng. Dow Jones đã phục hồi khoảng 13% kể từ đáy và thu hẹp mức giảm so với hồi đầu năm là 11%. Với sự phục hồi này, giới phân tích cho rằng chứng khoán Mỹ đã bước ra khỏi thị trường “gấu” khi rủi ro phản ánh đáng kể. Với độ trễ nhất định, TTCK Việt Nam sẽ diễn biến ra sao? Phân tích về diễn biến thị trường tuần qua, ông Hoàng Công Tuấn, Kinh tế trưởng Công ty Chứng khoán MB (MBS) đánh giá tâm lý thị trường đang chuyển từ bi quan sang ổn định. Nhiều thông tin tích cực hỗ trợ kéo VN-Index vượt xa ngưỡng 1.000 điểm và thị trường vẫn sôi động sau thông tin Ngân hàng Nhà nước tăng lãi suất. Tâm điểm thị trường trong tháng 11 hướng về cuộc họp chính sách của Ủy ban Thị trường mở (FOMC) diễn ra trong 2 ngày 1-2/11. Tuy vậy, kết quả của cuộc họp có thể sẽ không gây ra bất ngờ khi xác suất rất cao Fed sẽ tiếp tục tăng 75 điểm cơ bản lãi suất điều hành. Tuy vậy, có nhiều dấu hiệu cho thấy lạm phát có xu hướng tạo đỉnh. Đơn cử như chỉ số giá nhà đất tại Mỹ đã có sự chững lại khi chỉ tăng 13%, trong khi hồi đầu năm mức tăng trên 20% so với cùng kỳ. Dự báo lạm phát có dấu hiệu hạ nhiệt khiến lo ngại Fed tiếp tục “diều hâu” trong việc tăng lãi suất cũng phần nào giảm bớt. Do đó, điều nhà đầu tư nên quan tâm là phát biểu của chủ tịch Fed về định hướng chính sách trong giai đoạn tới. TTCK thường phản ánh trước thông tin nên có sự hồi phục tích cực. Không chỉ riêng chứng khoán Mỹ, thị trường của một số quốc gia cũng đang có xu hướng tạo đáy và đi lên. Chứng khoán Việt Nam thường có độ trễ nhất định, song những rủi ro gần như đã được phản ánh hết vào đà giảm thời gian qua. Thời gian tới, tuy lãi suất và tỷ giá vẫn có sự biến động, song chuyên gia MBS kỳ vọng lãi suất dù có xu hướng tăng thêm trong thời gian tới, nhưng chỉ quay về mức trước dịch Covid. Thông tin tích cực là chúng ta đã đi được khoảng 2/3 chặng đường tăng lãi suất. Dự báo trong đầu năm sau, xu hướng tăng lãi suất sẽ hạ nhiệt và tỷ giá cũng ổn định hơn. Theo chuyên gia, lãi suất có tăng thì đến thời điểm sẽ cân bằng, định giá thị trường khi đó cũng sẽ rất khác. Nhà đầu tư không nên để những thông tin ngắn hạn tác động đến yếu tố tâm lý mà bỏ quên giá trị dài hạn. Thị trường đã phản ứng rất khốc liệt trước những rủi ro khi có thời điểm giảm gần 38% - mức giảm mạnh hơn cả khi xuất hiện dịch Covid. Tuy nhiên với bối cảnh vĩ mô như hiện tại, ông Tuấn cho rằng chứng khoán Việt Nam không xứng đáng bị định giá thấp như vậy. Trong thời điểm hiện tại, chuyên gia MBS nhấn mạnh rủi ro đã phản ánh đáng kể lên giá cổ phiếu. Nhiều nhóm cổ phiếu đang có mức định giá rất rẻ để đầu tư, đặc biệt là nhóm ngân hàng. Bàn về cơ hội đầu tư trong thời điểm này, chuyên gia đưa ra một vài gợi ý. Thứ nhất, nhóm cổ phiếu hưởng lợi khi tỷ giá biến động khi có lượng tiền mặt lớn, dư nợ USD thấp. Thứ hai, nhóm cổ phiếu xuất khẩu hoặc nhóm có mức giảm sâu cũng có cơ hội bật tăng mạnh mẽ trong thời gian tới.",MBS,MBS,MBS Securities,alias,0.98,auto_high_confidence,"Chuyên gia Target: Chứng khoán Việt Nam xứng đáng có mức định giá cao hơn, nhiều nhóm cổ phiếu về mức hấp dẫn để đầu tư","Chuyên gia Target: Chứng khoán Việt Nam xứng đáng có mức định giá cao hơn, nhiều nhóm cổ phiếu về mức hấp dẫn để đầu tư",FinABSA_target_masked_headline_v1,0,"Chuyên gia Target: Chứng khoán Việt Nam xứng đáng có mức định giá cao hơn, nhiều nhóm cổ phiếu về mức hấp dẫn để đầu tư",The sentiment for Target in the given sentence is NEUTRAL.,neutral,,,,0.0,/home/huylkq/repos/nlp/FinABSA-Valid/MODEL/finabsa-other-masked-final_3epoch,Target,ok,neutral,2022-10-30 07:06:22+00:00,2022-10-30
fe0ac45a7bd9bb4c_00,fe0ac45a7bd9bb4c,https://cafef.vn/so-sanh-lai-suat-tiet-kiem-vietinbank-vietcombank-bidv-gui-ngan-hang-nao-loi-nhat-20221030072139215.chn,2022-10-30T07:22:01,,,"So sánh lãi suất tiết kiệm VietinBank, Vietcombank, BIDV: Gửi ngân hàng nào lợi nhất?","Ngày 27-28/10, những ngân hàng này đều đã công bố biểu lãi suất mới, tăng khá mạnh cho cả hình thức gửi tiền tại quầy và gửi tiền trực tuyến. Lãi suất giữa 3 ngân hàng có sự khác biệt ở một số kỳ hạn.","TIN MỚI Đối với tiền gửi tại quầy, lãi suất tại VietinBank, BIDV, Vietcombank khá giống nhau. Trong đó, lãi suất kỳ hạn 1 tháng, 3 tháng, 6 tháng đều là 4,9%/năm, 5,4%/năm và 5,4%/năm. Tương tự, lãi suất kỳ hạn từ 12 tháng trở lên đều được áp dụng cùng mức 7,4%/năm ở cả 3 ngân hàng. Khác biệt duy nhất đối với lãi suất niêm yết ở quầy của 3 “ông lớn” là kỳ hạn 9 tháng: VietinBank, Vietcombank cùng mức 6%/năm trong khi BIDV nhỉnh hơn một chút với 6,1%/năm. Lãi suất tiền gửi trực tuyến lại có sự chênh lệch khá đáng kể . BIDV và VietinBank cộng thêm 0,5% so với gửi tại quầy cho đa số các kỳ hạn, trong khi Vietcombank chỉ cộng thêm 0,3 -0,5%/năm cho một số kỳ hạn ngắn và giữ nguyên các kỳ hạn dài như ở quầy giao dịch. Tại kỳ hạn 1-2 tháng, VietinBank và BIDV cộng thêm 0,5 điểm % so với gửi tại quầy lên 5,4%/năm. Trong khi đó, Vietcombank chỉ cộng thêm 0,3 điểm % lên 5,2%/năm. Tại kỳ hạn 3-5 tháng, VietinBank và BIDV cùng niêm yết 5,9%/năm trong khi Vietcombank thấp hơn, ở mức 5,7%/năm. Kỳ hạn 6 tháng, VietinBank và BIDV niêm yết 6,6%/năm trong khi Vietcombank 6,5%/năm. Kỳ hạn 9 tháng, BIDV niêm yết 6,7%/năm, cao hơn VietinBank (6,6%/năm) và Vietcombank (6,5%/năm). Từ kỳ hạn 12 tháng -24 tháng, VietinBank áp dụng mức lãi suất 7,9%/năm. Trong khi kỳ hạn 36 tháng chỉ 7,4%/năm. BIDV thì áp dụng chung mức 7,9% cho tất cả kỳ hạn dài từ 12 tháng trở lên. Vietcombank lại không cộng thêm lãi suất cho hình thức trực tuyến đối với kỳ hạn từ 12 tháng, vẫn niêm yết 7,4%/năm giống như hình thức gửi ở quầy. Trên đây là biểu lãi suất niêm yết của 3 ngân hàng, được công bố rộng rãi tới tất cả khách hàng trong hệ thống. Thực tế, với mỗi chi nhánh, phòng giao dịch, lãi suất có thể cao hoặc thấp hơn, tùy thuộc vào chính sách thu hút khách hàng của từng đơn vị. Chẳng hạn, những khách hàng có lượng tiền gửi lớn, là khách hàng ưu tiên, khách hàng có mua bảo hiểm,…có thể thỏa thuận để có lãi suất cao hơn. Ngoài ra, người gửi tiền có thể tham khảo thêm các chương trình ưu đãi, tặng quà của những ngân hàng này để có quyết định phù hợp nhất với nhu cầu của mình.",BID,BID,BIDV,alias,0.98,auto_high_confidence,"So sánh lãi suất tiết kiệm VietinBank, Vietcombank, TargetV: Gửi ngân hàng nào lợi nhất?","So sánh lãi suất tiết kiệm VietinBank, Vietcombank, TargetV: Gửi ngân hàng nào lợi nhất?",FinABSA_target_masked_headline_v1,0,"So sánh lãi suất tiết kiệm VietinBank, Vietcombank, TargetV: Gửi ngân hàng nào lợi nhất?",The sentiment for Target in the given sentence is NEUTRAL.,neutral,,,,0.0,/home/huylkq/repos/nlp/FinABSA-Valid/MODEL/finabsa-other-masked-final_3epoch,Target,ok,neutral,2022-10-30 07:22:01+00:00,2022-10-30
1c8aa1c0a54de9c8_00,1c8aa1c0a54de9c8,https://cafef.vn/coteccons-lai-gan-2-ty-trong-9t2022-dong-tien-kinh-doanh-am-2000-ty-dau-tu-co-phieu-tcb-fpt-20221029205416736.chn,2022-10-29T20:54:38,,,"Coteccons lãi gần 2 tỷ trong 9T2022, dòng tiền kinh doanh âm 2.000 tỷ, đầu tư cổ phiếu TCB, FPT","Biên lãi gộp của Coteccons đạt 1% – thấp hơn so với mức 1,5% của quý 3/2021 và sụt mạnh so với 2 quý liền trước đó do giá cả nhân công và nguyên vật liệu tăng cao cùng với việc Ban điều hành chủ động đánh giá và trích lập dự phòng đối với các dự án có rủi ro cao.","CTD: Giá hiện tại Thay đổi Xem hồ sơ doanh nghiệp TIN MỚI CTCP Xây dựng Coteccons (mã chứng khoán CTD) đã công bố báo cáo tài chính hợp nhất quý 3/2022 với doanh thu thuần đạt 3.113 tỷ đồng – tăng 190% so với cùng kỳ năm trước. Biên lãi gộp đạt 1% – thấp hơn so với mức 1,5% của quý 3/2021 và sụt mạnh so với 2 quý liền trước đó. Theo giải trình của Coteccons, giá cả nhân công và nguyên vật liệu tăng cao cùng với việc Ban điều hành chủ động đánh giá và trích lập dự phòng đối với các dự án có rủi ro cao là nguyên nhân khiến biên lãi gộp giảm. Cùng lúc, chi phí tài chính tăng mạnh so với cùng kỳ, từ 2,4 tỷ tăng lên 44 tỷ và chi phí quản lý doanh nghiệp cũng tăng đáng kể khiến cho Coteccons lỗ thuần gần 37 tỷ đồng từ hoạt động kinh doanh. Nhờ lợi nhuận khác, công ty chỉ còn lỗ sau thuế 3,5 tỷ đồng. Lũy kế 9 tháng, Coteccons đạt 8.307 tỷ đồng doanh thu thuần – tăng 34% nhưng lợi nhuận sau thuế chỉ vỏn vẹn 1,9 tỷ - giảm 97% so với 9 tháng đầu năm trước. Trong kỳ 9 tháng đầu năm, dòng tiền từ hoạt động kinh doanh của Coteccons âm gần 2.000 tỷ đồng do công ty tăng mạnh hàng tồn kho, phải thu và đầu tư chứng khoán kinh doanh 255 tỷ đồng. Trong các khoản phải thu của Coteccons đáng chú ý có khoản phải thu góp vốn theo hợp đồng hợp tác kinh doanh. Cụ thể, Công ty có 500 tỷ đồng góp vốn hợp tác đầu tư với CTCP Quốc Lộc Phát với lãi suất được hưởng là 11%/năm, có 524 tỷ đồng góp vốn hợp tác đầu tư dự án Khu căn hộ Ngọc Lục Bảo 68 (The Emerald 68), được chia lợi nhuận hàng năm theo tỷ lệ góp vốn tương ứng. Trong quý 3, Coteccons thu được 43 tỷ đồng lãi từ cho vay, đầu tư trái phiếu, góp vốn khác và trong 9 tháng đầu năm, thu được hơn 120 tỷ lãi từ các khoản này. Về phía chứng khoán kinh doanh, Coteccons đã chi gần 40 tỷ mua chứng chỉ quỹ ETF KIM GROWTH VN30. Công ty cũng chi 30,4 tỷ mua cổ phiếu của Ngân hàng TMCP Kỹ thương Việt Nam (Techcombank, TCB), chi gần 28 tỷ mua cổ phiếu của CTCP FPT (FPT) và 157 tỷ đồng để mua cổ phiếu của các công ty khác. Ngoại trừ khoản đầu tư vào FPT tăng nhẹ vào thời điểm cuối quý 3 thì Coteccons đang phải trích lập dự phòng cho tất cả các khoản đầu tư chứng khoán với tổng gần 37 tỷ đồng. Nợ xấu đối với Công ty TNHH Đầu tư Bất động sản Ngôi Sao Việt - thành viên của Tập đoàn Tân Hoàng Minh - trị giá 483 tỷ đồng và CTCP Đầu tư Minh Việt trị giá 122 tỷ đồng cũng đã được trích lập dự phòng hoàn toàn. Quý đầu tiên Vietnam Airlines có lãi gộp trở lại kể từ đầu năm 2020, doanh thu tiệm cận mức trước dịch",TCB,TCB,Techcombank,alias,0.98,auto_high_confidence,"Coteccons lãi gần 2 tỷ trong 9T2022, dòng tiền kinh doanh âm 2.000 tỷ, đầu tư cổ phiếu Target, Other","Coteccons lãi gần 2 tỷ trong 9T2022, dòng tiền kinh doanh âm 2.000 tỷ, đầu tư cổ phiếu Target, Other",FinABSA_target_masked_headline_v1,0,"Coteccons lãi gần 2 tỷ trong 9T2022, dòng tiền kinh doanh âm 2.000 tỷ, đầu tư cổ phiếu Target, Other",The sentiment for Target in the given sentence is NEUTRAL.,neutral,,,,0.0,/home/huylkq/repos/nlp/FinABSA-Valid/MODEL/finabsa-other-masked-final_3epoch,Target,ok,neutral,2022-10-29 20:54:38+00:00,2022-10-29
70e3a7e965017df4_00,70e3a7e965017df4,https://cafef.vn/cap-nhat-bctc-quy-3-sang-29-10-ocb-pv-power-gelex-giam-lai-2-con-so-ky-lan-vng-lo-hon-180-ty-dong-20221029114616419.chn,2022-10-29T11:48:46,,,"Cập nhật BCTC quý 3 sáng 29/10: OCB, PV Power, Gelex giảm lãi 2 con số, ""kỳ lân"" VNG lỗ hơn 180 tỷ đồng","Sắp hết tháng 10, các doanh nghiệp lớn dồn dập công bố BCTC quý 3.","TIN MỚI Ngân hàng VietinBank (CTG) lãi trước thuế quý 3 đạt 4.157 tỷ đồng, tăng 36% và lũy kế 9 tháng tăng 13%. Ngân hàng OCB (OCB) lãi giảm 18% trong quý 3 và giảm 30% trong 9 tháng﻿. PV Gas (GAS) lãi trước thuế quý 3 tăng 25% và lũy kế 9 tháng tăng 69%. LNTT PV Power (POW) ﻿giảm 67% trong quý 3 và 27% trong 9 tháng. LNTT Thế giới di động (MWG) tăng 46% trong quý 3 và 16% trong 9 tháng. LNTT Gelex (GEX)﻿ giảm 30% trong quý 3 nhưng vẫn tăng 25% trong 9 tháng. C﻿ác doanh nghiệp mới công bố báo cáo tài chính: Các doanh nghiệp đã công bố báo cáo tài chính sắp xếp theo ngành ""Ngũ hổ tướng"" ngành thép đua nhau lỗ vài trăm cho đến cả nghìn tỷ, lời cảnh cáo “thê thảm” của ông Trần Đình Long đã thực sự ứng nghiệm",Pow,POW,Pow Power,alias,0.98,auto_high_confidence,"Cập nhật BCTC quý 3 sáng 29/10: Other, PV Targeter, Other giảm lãi 2 con số, ""kỳ lân"" Other lỗ hơn 180 tỷ đồng","Cập nhật BCTC quý 3 sáng 29/10: Other, PV Targeter, Other giảm lãi 2 con số, ""kỳ lân"" Other lỗ hơn 180 tỷ đồng",FinABSA_target_masked_headline_v1,0,"Cập nhật BCTC quý 3 sáng 29/10: Other, PV Targeter, Other giảm lãi 2 con số, ""kỳ lân"" Other lỗ hơn 180 tỷ đồng",The sentiment for Target in the given sentence is NEUTRAL.,neutral,,,,0.0,/home/huylkq/repos/nlp/FinABSA-Valid/MODEL/finabsa-other-masked-final_3epoch,Target,ok,neutral,2022-10-29 11:48:46+00:00,2022-10-29
70e3a7e965017df4_01,70e3a7e965017df4,https://cafef.vn/cap-nhat-bctc-quy-3-sang-29-10-ocb-pv-power-gelex-giam-lai-2-con-so-ky-lan-vng-lo-hon-180-ty-dong-20221029114616419.chn,2022-10-29T11:48:46,,,"Cập nhật BCTC quý 3 sáng 29/10: OCB, PV Power, Gelex giảm lãi 2 con số, ""kỳ lân"" VNG lỗ hơn 180 tỷ đồng","Sắp hết tháng 10, các doanh nghiệp lớn dồn dập công bố BCTC quý 3.","TIN MỚI Ngân hàng VietinBank (CTG) lãi trước thuế quý 3 đạt 4.157 tỷ đồng, tăng 36% và lũy kế 9 tháng tăng 13%. Ngân hàng OCB (OCB) lãi giảm 18% trong quý 3 và giảm 30% trong 9 tháng﻿. PV Gas (GAS) lãi trước thuế quý 3 tăng 25% và lũy kế 9 tháng tăng 69%. LNTT PV Power (POW) ﻿giảm 67% trong quý 3 và 27% trong 9 tháng. LNTT Thế giới di động (MWG) tăng 46% trong quý 3 và 16% trong 9 tháng. LNTT Gelex (GEX)﻿ giảm 30% trong quý 3 nhưng vẫn tăng 25% trong 9 tháng. C﻿ác doanh nghiệp mới công bố báo cáo tài chính: Các doanh nghiệp đã công bố báo cáo tài chính sắp xếp theo ngành ""Ngũ hổ tướng"" ngành thép đua nhau lỗ vài trăm cho đến cả nghìn tỷ, lời cảnh cáo “thê thảm” của ông Trần Đình Long đã thực sự ứng nghiệm",OCB,OCB,OCB,alias,0.98,auto_high_confidence,"Cập nhật BCTC quý 3 sáng 29/10: Target, PV Otherer, Other giảm lãi 2 con số, ""kỳ lân"" Other lỗ hơn 180 tỷ đồng","Cập nhật BCTC quý 3 sáng 29/10: Target, PV Otherer, Other giảm lãi 2 con số, ""kỳ lân"" Other lỗ hơn 180 tỷ đồng",FinABSA_target_masked_headline_v1,1,"Cập nhật BCTC quý 3 sáng 29/10: Target, PV Otherer, Other giảm lãi 2 con số, ""kỳ lân"" Other lỗ hơn 180 tỷ đồng",The sentiment for Target in the given sentence is NEUTRAL.,neutral,,,,0.0,/home/huylkq/repos/nlp/FinABSA-Valid/MODEL/finabsa-other-masked-final_3epoch,Target,ok,neutral,2022-10-29 11:48:46+00:00,2022-10-29
70e3a7e965017df4_02,70e3a7e965017df4,https://cafef.vn/cap-nhat-bctc-quy-3-sang-29-10-ocb-pv-power-gelex-giam-lai-2-con-so-ky-lan-vng-lo-hon-180-ty-dong-20221029114616419.chn,2022-10-29T11:48:46,,,"Cập nhật BCTC quý 3 sáng 29/10: OCB, PV Power, Gelex giảm lãi 2 con số, ""kỳ lân"" VNG lỗ hơn 180 tỷ đồng","Sắp hết tháng 10, các doanh nghiệp lớn dồn dập công bố BCTC quý 3.","TIN MỚI Ngân hàng VietinBank (CTG) lãi trước thuế quý 3 đạt 4.157 tỷ đồng, tăng 36% và lũy kế 9 tháng tăng 13%. Ngân hàng OCB (OCB) lãi giảm 18% trong quý 3 và giảm 30% trong 9 tháng﻿. PV Gas (GAS) lãi trước thuế quý 3 tăng 25% và lũy kế 9 tháng tăng 69%. LNTT PV Power (POW) ﻿giảm 67% trong quý 3 và 27% trong 9 tháng. LNTT Thế giới di động (MWG) tăng 46% trong quý 3 và 16% trong 9 tháng. LNTT Gelex (GEX)﻿ giảm 30% trong quý 3 nhưng vẫn tăng 25% trong 9 tháng. C﻿ác doanh nghiệp mới công bố báo cáo tài chính: Các doanh nghiệp đã công bố báo cáo tài chính sắp xếp theo ngành ""Ngũ hổ tướng"" ngành thép đua nhau lỗ vài trăm cho đến cả nghìn tỷ, lời cảnh cáo “thê thảm” của ông Trần Đình Long đã thực sự ứng nghiệm",Gelex,GEX,Gelex,alias,0.98,auto_high_confidence,"Cập nhật BCTC quý 3 sáng 29/10: Other, PV Otherer, Target giảm lãi 2 con số, ""kỳ lân"" Other lỗ hơn 180 tỷ đồng","Cập nhật BCTC quý 3 sáng 29/10: Other, PV Otherer, Target giảm lãi 2 con số, ""kỳ lân"" Other lỗ hơn 180 tỷ đồng",FinABSA_target_masked_headline_v1,2,"Cập nhật BCTC quý 3 sáng 29/10: Other, PV Otherer, Target giảm lãi 2 con số, ""kỳ lân"" Other lỗ hơn 180 tỷ đồng",The sentiment for Target in the given sentence is NEUTRAL.,neutral,,,,0.0,/home/huylkq/repos/nlp/FinABSA-Valid/MODEL/finabsa-other-masked-final_3epoch,Target,ok,neutral,2022-10-29 11:48:46+00:00,2022-10-29
14410591380ca71c_00,14410591380ca71c,https://cafef.vn/khoi-ngoai-ban-rong-dot-bien-gan-3600-ty-dong-trong-tuan-cuoi-thang-10-tam-diem-thoa-thuan-co-phieu-ngan-hang-eib-20221029111531178.chn,2022-10-29T11:15:51,,,"Khối ngoại bán ròng đột biến gần 3.600 tỷ đồng trong tuần cuối tháng 10, tâm điểm thỏa thuận cổ phiếu ngân hàng EIB",Tâm điểm phiên cuối tuần là giao dịch bán ròng thỏa thuận hơn 3.000 tỷ cổ phiếu Eximbank (EIB).,"TIN MỚI VN-Index vừa trải qua 1 tuần hồi phục hồi tích cực trên ngưỡng 1.000 điểm, đồng pha với chứng khoán thế giới. Nhiều nhóm ngành ghi nhận sắc xanh trở lại sau 1 thời gian dài giảm điểm, nhóm cổ phiếu Ngân hàng, Chứng khoán hay Bất động sản, … đều xuất hiện một vài tín hiệu hồi phục vào những phiên cuối tuần. Tính cho cả tuần, VN-Index tăng tổng cộng 7,54 điểm (0,74%) lên 1.027,36 điểm, HNX-Index lại giảm 3,68 điểm (1.,69%) xuống 217,73. Trong bối cảnh thị trường có tín hiệu khởi sắc hơn, thanh khoản cũng cải thiện lên gần 13.000 tỷ đồng/phiên. Xét theo mức độ đóng góp, những bluechips như VCB, MSN, CTG, MBB, BID là những cổ phiếu đóng góp tích cực cho đà tăng của chỉ số VN-Index. Ngược lại, VHM, NVL, VIC tạo nên lực đè lên chỉ số chính TTCK Việt Nam. Về diễn biến giao dịch khối ngoại, sau khi thu hẹp đáng kể đà mua ròng trong tuần trước, lực bán dần trở nên áp đảo khiến khối ngoại bán ròng 4/5 phiên giao dịch tuần qua, tổng cộng bán ròng 3.556 tỷ. Trong đó tâm điểm là giao dịch bán ròng thỏa thuận hơn 3.000 tỷ cổ phiếu Eximbank (EIB). Cụ thể, nếu chỉ xét trên kênh khớp lệnh thì nhà đầu tư ngoại bán ròng 243 tỷ đồng, đồng thời họ bán ròng đột biến 3.313 tỷ đồng trên kênh thỏa thuận - qua đó càng nới rộng thêm đà bán ròng trong cả tuần. Xét riêng theo từng mã cổ phiếu, ngoại trừ EIB bị bán ròng thỏa thuận hơn 3.000 tỷ, HPG, VND hay STBcũng bị khối ngoại bán ròng mạnh trong tuần này, giá trị hàng trăm tỷ đồng, tập trung phần lớn trên kênh khớp lệnh. Bên cạnh đó, các mã khác như KBC, VHM, VIC, KDH... cũng bị bán ròng trong tuần qua. Ngược lại, dòng tiền ngoại ghi nhận giá trị giao dịch mua ròng mạnh nhất tại cổ phiếu MSN với giá trị trêN ngưỡng 260 tỷ đồng. Ngoài ra, nhà đầu tư ngoại tuần này gom mạnh cổ phiếu VNM và FRT với giá trị trên 100 tỷ đồng tại mỗi mã. Trên sàn HoSE, khối ngoại có tuần thứ 2 bán ròng, giá trị đạt 3.648 tỷ đồng trong tuần qua. Cụ thể nhà đầu tư ngoại bán ròng 335 tỷ đồng thông qua khớp lệnh trên sàn, thêm vào đó tiếp tục bán ròng thêm 3.313 tỷ đồng tại kênh thỏa thuận. Tâm điểm dòng vốn ngoại rút ròng ghi nhận tại cổ phiếu ngành ngân hàng EIB, giá trị tuần này ghi nhận bán ròng tới 3.341 tỷ đồng, trong đó bán ròng thỏa thuận 3.344 tỷ đồng. Cụ thể hơn 82 triệu cổ phiếu EIB đã được sang tay trong phiên 28/10 với giá xấp xỉ 44.400 đồng/cp, cao hơn gần 13% so giá kết phiên 39.400 đồng/cp. Bên cạnh đó, áp lực bán ròng ghi nhận tại hai cổ phiếu là HPG và VND với giá trị lần lượt là 329 tỷ đồng và 178 tỷ đồng. Các mã khác như STB, KBC và VHM cũng đều bị bán ròng sau 5 phiên giao dịch của tuần vừa qua với giá trị lần lượt là 164 tỷ đồng, 134 tỷ đồng và 131 tỷ đồng. Trong khi đó, tại chiều mua, khối ngoại tiếp tục tỏ ra ưa thích cổ phiếu MSN, đây là tâm điểm mua ròng tuần qua với giá trị mua ròng đạt 264 tỷ đồng, gần như toàn bộ đều mua ròng khớp lệnh. Bên cạnh đó, lực mua ròng mạnh của khối ngoại trong tuần qua còn ghi nhận tại VNM với 168 tỷ đồng và FRT với 148 tỷ đồng. Danh sách TOP cổ phiếu được mua ròng trăm tỷ trong tuần qua tại sàn HoSE còn có VCB (63 tỷ đồng), GMD (63 tỷ đồng), HDG (59 tỷ đồng),... Trong khi đó, trên sàn HNX, khối ngoại giao dịch tích cực khi mua ròng 90 tỷ đồng trong cả tuần, toàn bộ đều trên kênh khớp lệnh. Khối ngoại tiếp đà mua ròng trên sàn HNX nhiều nhất tại cổ phiếu IDC với giá trị 44 tỷ đồng. PVS và PVI cũng lần lượt được mua ròng khoảng 34 tỷ đồng và hơn 8 tỷ đồng. Các cổ phiếu được mua ròng trong tuần qua còn có SHS, BVS, BAX, NDX, L14… Ngược lại, giao dịch chiều bán tại HNX ghi nhận giá trị bán ròng lớn nhất tại VNC và HLD với hơn 2 tỷ đồng tại mỗi mã, toàn bộ đều là bán khớp lệnh. Những cái tên trong danh sách bán ròng nhiều nhất sàn HNX trong tuần qua còn có EVS, TNG, BCC, VIT, NRC..., giá trị bán ròng tại mỗi mã chỉ vài trăm triệu đồng. Trên sàn UPCoM, nhà đầu tư nước ngoài tuần này cũng trở lại mua ròng 150 tỷ đồng, toàn bộ giao dịch bán ròng được ghi nhận trên kênh khớp lệnh. Cổ phiếu QNS tuần này tiếp tục là điểm sáng khi được nhà đầu tư ngoại mua ròng nhiều nhất với gần 8 tỷ đồng, MCH và OIL cũng được mua ròng 4 tỷ đồng tại mỗi mã. Ngoài ra, dòng vốn ngoại cũng tìm đến BSR, MCM, ACV, AAS, MML… Tại phía bán ra, cổ phiếu VEA dẫn đầu danh sách bán ròng tuần qua khi bị khối ngoại bán ròng 17 tỷ đồng, toàn bộ trên kênh khớp lệnh. Bên cạnh đó, một số cổ phiếu bị bán ròng từ nhà đầu tư ngoại tuần qua trên UPCoM còn có NTC và VTP với giá trị 2 tỷ đồng tại mỗi mã.",EIB,EIB,Eximbank,alias,0.98,auto_high_confidence,"Khối ngoại bán ròng đột biến gần 3.600 tỷ đồng trong tuần cuối tháng 10, tâm điểm thỏa thuận cổ phiếu ngân hàng Target","Khối ngoại bán ròng đột biến gần 3.600 tỷ đồng trong tuần cuối tháng 10, tâm điểm thỏa thuận cổ phiếu ngân hàng Target",FinABSA_target_masked_headline_v1,0,"Khối ngoại bán ròng đột biến gần 3.600 tỷ đồng trong tuần cuối tháng 10, tâm điểm thỏa thuận cổ phiếu ngân hàng Target",The sentiment for Target in the given sentence is NEUTRAL.,neutral,,,,0.0,/home/huylkq/repos/nlp/FinABSA-Valid/MODEL/finabsa-other-masked-final_3epoch,Target,ok,neutral,2022-10-29 11:15:51+00:00,2022-10-29
a96346ccf4edd45c_00,a96346ccf4edd45c,https://cafef.vn/hsg-loi-nhuan-sau-thue-hop-nhat-ndtc-2021-2022-dat-251-ty-dong-20221029091807759.chn,2022-10-29T10:00:00,2022-10-29T10:48:46+07:00,,HSG: Lợi nhuận sau thuế hợp nhất NĐTC 2021-2022 đạt 251 tỷ đồng,"Công ty Cổ phần Tập đoàn Hoa Sen (HOSE: HSG) vừa công bố kết quả kinh doanh hợp nhất NĐTC 2021-2022 (từ ngày 01/10/2021 đến ngày 30/9/2022). Theo đó, sản lượng tiêu thụ HSG đạt 1.819.009 tấn, hoàn thành 91% kế hoạch; doanh thu đạt 49.711 tỷ đồng, hoàn thành 107% kế hoạch; lợi nhuận sau thuế hợp nhất đạt 251 tỷ đồng, hoàn thành 17% kế hoạch.","HSG: Giá hiện tại Thay đổi Xem hồ sơ doanh nghiệp TIN MỚI KQKD hợp nhất NĐTC 2021-2022 Năm 2022, các doanh nghiệp ngành thép Việt Nam đối mặt với khó khăn chồng chất: Việc Chính phủ Trung Quốc thực hiện nghiêm ngặt chính sách Zero Covid và hạn chế tín dụng vào bất động sản làm thị trường bất động sản Trung Quốc đóng băng dẫn đến nhu cầu tiêu thụ thép nội địa Trung Quốc sụt giảm trầm trọng. Trung Quốc là quốc gia có ngành công nghiệp thép lớn nhất thế giới nên áp lực dư thừa thép rất lớn. Trước tình hình đó, các nhà sản xuất thép Trung Quốc đẩy mạnh xuất khẩu bằng cách hạ giá bán để giải quyết sản lượng dư thừa làm cho giá thép cán nóng trên thị trường thế giới giảm nhanh và mạnh trong thời gian rất ngắn, trong đó có Việt Nam. Tại Việt Nam, giá thép giảm liên tục trong khi nhu cầu tiêu thụ chậm, lượng hàng tồn kho phục vụ cho hoạt động kinh doanh không thể giảm ngay lập tức dẫn đến sự sụt giảm mạnh biên lợi nhuận gộp của các doanh nghiệp thép. Bên cạnh đó, nhằm ứng phó những tác động xấu của đại dịch Covid-19 lên nền kinh tế, các quốc gia trên thế giới đã tung ra nhiều gói cứu trợ kinh tế khác nhau đã làm cho tình trạng lạm phát toàn cầu tăng nhanh. Lạm phát tăng cao khiến nhu cầu các mặt hàng không thiết yếu suy giảm mạnh, từ đó, các quốc gia giảm nhu cầu nhập khẩu các mặt hàng không thiết yếu, trong đó có sản phẩm thép của các doanh nghiệp Việt Nam, làm ảnh hưởng đến sản lượng xuất khẩu thép trong năm 2022. Ngoài ra, việc lạm phát toàn cầu ở mức cao buộc các ngân hàng trung ương trên thế giới, trong đó Cục dự trữ liên bang Mỹ (FED) đã 05 lần tăng lãi suất cơ bản trong khoảng thời gian 6 tháng từ tháng 4 đến tháng 9 năm 2022 để kiềm chế lạm phát, từ đó làm cho đồng USD tăng giá. Việc này đã làm tăng mặt bằng lãi suất và tỷ giá trong nước, từ đó tác động tiêu cực tới tình hình sản xuất, kinh doanh. Mặt bằng lãi suất tăng đã làm tăng chi phí lãi vay của các doanh nghiệp. Trong khi đó, tỷ giá VND/USD tăng làm tăng chi phí nhập khẩu nguyên liệu như thép cán nóng, kẽm thỏi, hợp kim nhôm kẽm, … của các doanh nghiệp tôn mạ và tăng chi phí chênh lệch tỷ giá với các khoản vay bằng USD. Cuối cùng, việc xung đột Nga – Ukraine gây ra cuộc khủng hoảng giá dầu, đẩy giá xăng dầu và nhiều loại nguyên nhiên vật liệu tăng phi mã trên thế giới cũng như Việt Nam. Việc tăng giá xăng dầu đã làm tăng chi phí vận chuyển, từ đó làm tăng chi phí bán hàng của các doanh nghiệp thép. Mặc dù kế hoạch NĐTC 2021-2022 của HSG được xây dựng thận trọng, tuy nhiên, những biến động không thể lường trước như đã nêu ở trên đã làm cho HSG không hoàn thành kế hoạch lợi nhuận. Nhưng nhìn ở một khía cạnh khác, báo cáo tài chính vừa công bố cũng cho thấy sự chủ động của HSG trong việc đối phó với các khó khăn trên, chẳng hạn như quản lý hàng tồn kho ở mức hợp lý; quản lý hiệu quả các khoản chi phí nhờ đó giảm mạnh lượng hàng tồn kho và các khoản nợ vay ngân hàng, giảm tỷ lệ nợ/vốn chủ sở hữu, tiết giảm chi phí tài chính đặc biệt là chi phí lãi vay. Cụ thể, HSG đã giảm được 4.975 tỷ đồng hàng tồn kho trong NĐTC 2021-2022, từ mức 12.349 tỷ đồng tại ngày 01/10/2021 xuống còn 7.374 tỷ đồng tại ngày 30/09/2022, tức giảm 40%. Ngoài ra, HSG đã giảm được 2.649 tỷ đồng dư nợ vay ngân hàng từ mức 6.836 tỷ đồng xuống còn 4.187 tỷ đồng, tương đương giảm 39%. Việc giảm mạnh dư nợ vay ngân hàng đã kéo giảm tỷ lệ đòn bẩy tài chính trong cơ cấu nguồn vốn, giúp cho HSG có cơ cấu nguồn vốn hợp lý và an toàn hơn. Trong đó, tỷ lệ nợ phải trả/vốn chủ sở hữu của HSG đã giảm từ mức 1,46 lần trong NĐTC 2020-2021 về mức 0,56 lần trong NĐTC 2021-2022. Đồng thời, tỷ lệ nợ vay ngân hàng/vốn chủ sở hữu cũng giảm từ mức 0,63 lần về mức 0,38 lần.",HSG,HSG,Hoa Sen Group,alias,0.98,auto_high_confidence,Target: Lợi nhuận sau thuế hợp nhất NĐTC 2021-2022 đạt 251 tỷ đồng,Target: Lợi nhuận sau thuế hợp nhất NĐTC 2021-2022 đạt 251 tỷ đồng,FinABSA_target_masked_headline_v1,0,Target: Lợi nhuận sau thuế hợp nhất NĐTC 2021-2022 đạt 251 tỷ đồng,The sentiment for Target in the given sentence is NEUTRAL.,neutral,,,,0.0,/home/huylkq/repos/nlp/FinABSA-Valid/MODEL/finabsa-other-masked-final_3epoch,Target,ok,neutral,2022-10-29 10:00:00+00:00,2022-10-29
dec245e96c78cd06_00,dec245e96c78cd06,https://cafef.vn/bamboo-capital-bcg-ma-dong-bang-khien-loi-nhuan-quy-3-2022-chi-con-39-ty-dong-du-doanh-thu-tang-vot-20221029073911679.chn,2022-10-29T07:39:30,,,"Bamboo Capital (BCG): M&A ""đóng băng"" khiến lợi nhuận quý 3/2022 chỉ còn 39 tỷ đồng dù doanh thu tăng vọt",BCG cho biết lợi nhuận sau thuế giảm phần lớn là do doanh thu tài chính của BCG trong quý 3/2022 giảm mạnh. Việc huy động vốn khó khăn cùng lãi suất tăng cao đã làm cho thị trường M&A bị đóng băng.,"BCG: Giá hiện tại Thay đổi Xem hồ sơ doanh nghiệp TIN MỚI CTCP Bamboo Capital ( mã chứng khoán BCG ) vừa công bố BCTC hợp nhất quý 3/2022 với doanh thu thuần 1.176,7 tỷ đồng, tăng 157% so với cùng kỳ năm 2021. Nguồn thu chủ lực tiếp tục đến từ mảng bất động sản (258 tỷ), năng lượng tái tạo (272 tỷ) và xây dựng (506 tỷ). Áp lực chi phí tăng mạnh khiến lợi nhuận sau thuế của Công ty chỉ đạt 39 tỷ đồng, giảm 81,9% so với cùng kỳ. BCG cho biết lợi nhuận sau thuế giảm phần lớn là do doanh thu tài chính của BCG trong quý 3/2022 giảm mạnh. Việc huy động vốn khó khăn cùng lãi suất tăng cao đã làm cho thị trường M&A bị đóng băng, Công ty đã rà soát lại danh mục đầu tư và xem xét các cơ hội trên thị trường. Tuy nhiên chưa có giao dịch nào được thực hiện, trong khi phần lớn lợi nhuận của BCG trong quý 3 năm ngoái đến từ mảng dịch vụ tài chính thông qua các hoạt động M&A này. Ngoài ra, chi phí quản lý doanh nghiệp trong kỳ tăng do hợp nhất thêm 3 công ty từ đầu năm, bao gồm: Công ty Bảo hiểm AAA, Công ty BCG – Băng Dương và Công ty Hanwha BCG Băng Dương. Bên cạnh đó, mảng bất động sản ngoài những khó khăn về điều kiện thị trường thay đổi còn gặp một số khó khăn khác do cơn bão số 4 và tình trạng mưa lũ kéo dài nhiều ngày, khiến hoạt động xây dựng đình trệ, thời gian hoàn thiện dự án chậm hơn so với dự kiến. Luỹ kế 9 tháng đầu năm, Công ty ghi nhận doanh thu 3.354 tỷ đồng, tăng hơn 76% so với cùng kỳ năm 2021. Khấu trừ chi phí, lợi nhuận sau thuế thu về 885 tỷ đồng, tăng so với cùng kỳ là 701 tỷ đồng. Tính đến ngày 30/9/2022, tổng tài sản của BCG đạt 43.752 tỷ đồng, tăng hơn 16% so với hồi đầu năm, chủ yếu từ gia tăng tài sản đầu tư dài hạn do các dự án bất động sản và năng lượng tái tạo đã hoàn thiện trong năm. Tổng nợ vào mức 30.117 tỷ đồng, tăng nhẹ so với đầu năm. Novaland (NVL) lãi trước thuế hơn 700 tỷ đồng trong quý 3, lượng tiền nắm giữ tăng lên hơn 22.000 tỷ",ita,ITA,Itaco,alias,0.98,auto_high_confidence,"Bamboo CapTargetl (Other): M&A ""đóng băng"" khiến lợi nhuận quý 3/2022 chỉ còn 39 tỷ đồng dù doanh thu tăng vọt","Bamboo CapTargetl (Other): M&A ""đóng băng"" khiến lợi nhuận quý 3/2022 chỉ còn 39 tỷ đồng dù doanh thu tăng vọt",FinABSA_target_masked_headline_v1,0,"Bamboo CapTargetl (Other): M&A ""đóng băng"" khiến lợi nhuận quý 3/2022 chỉ còn 39 tỷ đồng dù doanh thu tăng vọt",The sentiment for Target in the given sentence is NEUTRAL.,neutral,,,,0.0,/home/huylkq/repos/nlp/FinABSA-Valid/MODEL/finabsa-other-masked-final_3epoch,Target,ok,neutral,2022-10-29 07:39:30+00:00,2022-10-29
1b0cd6d22b3a15aa_00,1b0cd6d22b3a15aa,https://cafef.vn/giam-lien-tiep-loi-nhuan-the-gioi-di-dong-mwg-quy-3-dat-hon-900-ty-dong-nhan-manh-da-chuan-bi-san-tien-tra-no-den-han-20221028202725454.chn,2022-10-28T20:29:32,,,"Giảm liên tiếp, lợi nhuận Thế giới Di động (MWG) quý 3 đạt hơn 900 tỷ đồng, nhấn mạnh đã chuẩn bị sẵn tiền trả nợ đến hạn",MWG cho biết đã hoàn tất hạch toán những chi phí phát sinh một lần liên quan đến quá trình tái cấu trúc của Bách Hoá Xanh và hứa hẹn lợi nhuận trong quý IV dự kiến sẽ cải thiện so với quý III.,"MWG: Giá hiện tại Thay đổi Xem hồ sơ doanh nghiệp TIN MỚI CTCP Đầu tư Thế giới Di động (MWG) vừa công bố tổng quan KQKD 9 tháng đầu năm 2022, với doanh thu 102.816 tỷ đồng - tăng 18% so với cùng kỳ. Trong đó, mảng di động (TGDĐ và TopZone) đóng góp 27.000 tỷ doanh thu, mảng điện máy (ĐMX) đóng góp 54.000 tỷ đồng. Hai mảng chủ lực chiếm 79% doanh số MWG, tăng 27% so với 9 tháng đầu năm ngoái. Riêng quý 3, hai mảng này tăng đến 63% khi so sánh với nền thấp do Covid-19 hồi quý 3/2021. Mảng bách hoá (BHX) mang về xấp xỉ 20.000 tỷ đồng, tương đương tỷ trọng 19,4% tổng doanh thu và giảm 12% so với cùng kỳ năm ngoái. Doanh thu bình quân vào mức 1,36 tỷ đồng/cửa hàng trong tháng 9. BHX định hướng chỉ bán rau trong ngày, nên khi thời tiết mưa nhiều dẫn tới tỷ lệ bán giảm giá cuối ngày tăng lên, ảnh hưởng đến doanh thu của chuỗi. Dự kiến, doanh thu BHX sẽ đạt 1,5-1,6 tỷ đồng/cửa hàng vào mùa cao điểm mua sắm là tháng 12. Khấu trừ chi phí, MWG đạt 3.483 tỷ LNST trong 9 tháng - tăng 4% so với cùng kỳ. Quý 3 năm nay là quý thứ 3 liên tiếp MWG giảm tốc mạnh, thực tế đây cũng là quý thấp điểm của MWG trong một năm. Với con số này, MWG mới thực hiện được 55% kế hoạch cả năm (là 6.350 tỷ đồng) sau 9 tháng. Tính đến thời điểm 30/9/2022, chuỗi TGDĐ đạt 1.116 cửa hàng (bao gồm 71 cửa hàng TopZone), ĐMX đạt 2.246 cửa hàng, An Khang 259 nhà thuốc, Bách Hoá Xanh 1.727 cửa hàng cùng với 71 cửa hàng cho chuỗi mới (AVA Kids và AVA Sport). Lên kế hoạch cho quý cuối năm, MWG cho biết sẽ tạm dừng mở mới cửa hàng ở tất cả các chuỗi (ngoại trừ một số ít cửa hàng thử nghiệm hoặc các cửa hàng mang lại lợi nhuận ngay), kiểm soát chặt hàng tồn, hạch toán những chi phí phát sinh một lần liên quan đến tái cấu trúc BHX.... MWG cho biết trong quý III, công ty đã hoàn tất hạch toán những chi phí phát sinh một lần liên quan đến quá trình tái cấu trúc của Bách Hoá Xanh. Do đó, lợi nhuận trong quý IV dự kiến sẽ cải thiện so với quý III. Đáng chú ý, MWG cũng đang tái cơ cấu nợ, cụ thể là chuyển một phần nguồn tài trợ vốn lưu động từ nợ ngắn hạn sang dài hạn. Các khoản vay dài hạn đến hạn trả trong quý 4 theo Công ty đã được chuẩn bị sẵn sàng nguồn tiền để trả nợ. Còn khoản vay dài hạn mới (đáo hạn vào 2025) đã hoàn tất giải ngân vào cuối quý 3/2022. Sau thời kỳ thăng hoa, Hoà Phát (HPG) bất ngờ lỗ hơn 1.700 tỷ đồng trong quý 3/2022",MWG,MWG,Mobile World,alias,0.98,auto_high_confidence,"Giảm liên tiếp, lợi nhuận Thế giới Di động (Target) quý 3 đạt hơn 900 tỷ đồng, nhấn mạnh đã chuẩn bị sẵn tiền trả nợ đến hạn","Giảm liên tiếp, lợi nhuận Thế giới Di động (Target) quý 3 đạt hơn 900 tỷ đồng, nhấn mạnh đã chuẩn bị sẵn tiền trả nợ đến hạn",FinABSA_target_masked_headline_v1,0,"Giảm liên tiếp, lợi nhuận Thế giới Di động (Target) quý 3 đạt hơn 900 tỷ đồng, nhấn mạnh đã chuẩn bị sẵn tiền trả nợ đến hạn",The sentiment for Target in the given sentence is NEUTRAL.,neutral,,,,0.0,/home/huylkq/repos/nlp/FinABSA-Valid/MODEL/finabsa-other-masked-final_3epoch,Target,ok,neutral,2022-10-28 20:29:32+00:00,2022-10-28
53c8baec97ea4583_00,53c8baec97ea4583,https://cafef.vn/thong-doc-ngan-hang-nha-nuoc-neu-ly-do-ty-gia-usd-vnd-tang-cao-20221028184517483.chn,2022-10-28T18:45:00,2022-10-28T18:47:04+07:00,,Thống đốc Ngân hàng Nhà nước nêu lý do tỷ giá USD/VND tăng cao,Thống đốc Ngân hàng Nhà nước Nguyễn Thị Hồng lý giải những tác động khiến tỷ giá tăng cao trong tháng 10.,"TIN MỚI Phát biểu giải trình về vấn đề chính sách tiền tệ trong phiên thảo luận chiều 28/10 của Kỳ họp thứ tư, Quốc hội khóa XV, Thống đốc Ngân hàng Nhà nước Nguyễn Thị Hồng nêu rõ, trong 9 tháng đầu năm, thị trường tiền tệ, ngoại hối được duy trì ổn địnhh, thanh khoản ngân hàng có dư thừa. Ngân hàng Nhà nước đã theo dõi sát và điều hành linh hoạt ở mức độ phù hợp, qua đó góp phần kiểm soát lạm phát ở mức thấp hơn nhiều so với thế giới. Tuy nhiên, trong tháng 10, tỷ giá ngoại tệ tăng cao, thị trường ngoại hối bất ổn. Thống đốc Ngân hàng Nhà nước Nguyễn Thị Hồng giải thích: ""Thị trường tiền tệ và ngoại hối biến động mạnh chủ yếu do tác động của tâm lý kỳ vọng. Thị trường có những thông tin không đúng sự thật, tác động rất mạnh đến tổ chức tín dụng"". Thống đốc NHNN Nguyễn Thị Hồng Để ứng phó với tình hình, Ngân hàng Nhà nước chủ động, linh hoạt đánh giá, xác định trọng tâm, trọng điểm trong thời gian này là làm sao ổn định hoạt động của hệ thống ngân hàng, sẵn sàng cung ứng thanh khoản. Đối với thị trường ngoại hối, Ngân hàng Nhà nước chủ động linh hoạt, cho phép tỷ giá biến động linh hoạt hơn, tăng lãi suất để kiểm soát được tỷ giá. Bên cạnh đó, việc xác minh và xử lý nghiêm các đối tượng đưa tin sai sự thật cũng góp phần giữ cho thị trường tài chính, tiền tệ bớt biến động. ""Ngân hàng Nhà nước nhận thấy chúng ta hội nhập sâu rộng với kinh tế thế giới, độ mở cửa của nền kinh tế rất lớn nên tác động của kinh tế thế giới đến thị trường ngoại hối, tiền tệ trong nước là tất yếu. Chúng ta phải chuẩn bị tâm thế ứng phó với biến động"" , Thống đốc Ngân hàng Nhà nước Nguyễn Thị Hồng nhấn mạnh. Cũng theo bà Hồng, điều quan trọng là trong điều hành chính sách kinh tế vĩ mô, chính sách tiền tệ từng giai đoạn phải xác định mục tiêu trọng điểm là gì. Nhưng, xuyên suốt vẫn là kiểm soát lạm phát, ổn định kinh tế vĩ mô. Trong ngắn hạn, bà cho rằng phải đánh đổi giữa các mục tiêu như để ổn định thị trường ngoại hối phải chấp nhận tỷ giá tăng cao và doanh nghiệp chịu ảnh hưởng khi lãi suất tăng cao nhưng ổn định được thị trường tiền tệ ngoại hối...",VND,VND,VNDIRECT,alias,0.98,auto_high_confidence,Thống đốc Ngân hàng Nhà nước nêu lý do tỷ giá USD/Target tăng cao,Thống đốc Ngân hàng Nhà nước nêu lý do tỷ giá USD/Target tăng cao,FinABSA_target_masked_headline_v1,0,Thống đốc Ngân hàng Nhà nước nêu lý do tỷ giá USD/Target tăng cao,The sentiment for Target in the given sentence is NEUTRAL.,neutral,,,,0.0,/home/huylkq/repos/nlp/FinABSA-Valid/MODEL/finabsa-other-masked-final_3epoch,Target,ok,neutral,2022-10-28 18:45:00+00:00,2022-10-28
4c971b6c5ccb9df2_00,4c971b6c5ccb9df2,https://cafef.vn/co-phieu-ngan-hang-28-10-tcb-tim-tran-hai-phien-lien-tiep-mot-ma-tang-135-20221028183847778.chn,2022-10-28T18:39:03,,,"Cổ phiếu ngân hàng 28/10: TCB tím trần hai phiên liên tiếp, một mã tăng 13,5%","Đóng cửa ngày 28/10, toàn ngành ngân hàng ghi nhận 11 mã tăng, 13 mã giảm và 3 mã đứng giá tham chiếu.","TIN MỚI Áp lực bán tăng mạnh vào cuối phiên khiến thị trường chứng khoán Việt Nam đảo chiều, giảm điểm nhẹ trong ngày giao dịch 28/10. Kết phiên, VN-Index giảm 0,65 điểm (0,06%) về 1.027,36 điểm, HNX-Index tăng 0,11 điểm (0,05%) lên 213,73 điểm, UPCoM-Index giảm 1,19 điểm (1,54%) về 76,09 điểm. Trong nhóm ngân hàng, các cổ phiếu bắt đầu phân hóa về cuối giờ chiều sau khi đồng thuận tăng trong đầu phiên sáng. Đóng cửa, toàn ngành ghi nhận 11 mã tăng, 13 mã giảm và 3 mã đứng giá tham chiếu. Trong đó, SGB dẫn đầu về mức tăng khi ''xanh'' 13,5% lên 14.300 đồng/cp. Tuy nhiên, cả phiên chỉ có 57.600 cổ phiếu được giao dịch, giá trị hơn hơn 770 triêu đồng. Với thanh khoản thấp, SGB là cổ phiếu thường xuyên biến động mạnh trong nhóm ngân hàng. Hôm nay cũng ghi nhận diễn biến đáng chú ý tại TCB khi mã này tăng trần phiên thứ hai liên tiếp lên 24.400 đồng/cp. Cổ phiếu Techcombank đã hồi phục mạnh mẽ trong hai phiên vừa qua sau khi rơi xuống mức thấp nhất kể từ cuối năm 2020 và mất hơn một nửa giá trị so với hồi đầu năm. Ngoài hai mã kể trên, nhiều cổ phiếu ngân hàng khác cũng ghi nhận mức tăng tốt trong ngày hôm nay như VBB (4,7%), MSB (4,3%), ABB (2,4%), LPB (2,3%), NAB (2,3%), ACB (1,1%). Ở chiều ngược lại, EIB bị bán mạnh trong phiên ATC và đóng cửa giảm sâu nhất ngành (-6,2%). Trước đó, cổ phiếu này đã thể hiện phong độ ấn tượng khi bật tăng hơn 38% kể từ cuối tháng 8, bất chấp xu hướng giảm mạnh của thị trường. Cùng với EIB thì PGB, KLB và BAB là những mã giảm hơn 2% trong phiên hôm nay. Xét về thanh khoản, khối lượng giao dịch khớp lệnh của nhóm ngân hàng ở mức trung bình so với các phiên trước. Trong đó, STB dẫn đầu toàn ngành với hơn 18,8 triệu cổ phiếu được sang tay trực tiếp trên sàn. Đứng kế sau STB lần lượt là LPB (gần 14,7 triệu cp), MBB (gần 14 triệu cp), TCB (gần 12,5 triệu cp), SHB (hơn 10,8 triệu cp),… Về giao dịch của khối ngoại, nhóm này đã bán ròng hơn 74,4 triệu cổ phiếu EIB , giá trị hơn 2.933 tỷ đồng. Toàn bộ số cổ phiếu này được sang tay cho nhà đầu tư trong nước theo theo hình thức thỏa thuận. Với hơn 74,4 triệu cổ phiếu được giao dịch, tương ứng gần 6,06% vốn ngân hàng, đây là phiên bán ròng mạnh nhất của khối ngoại tại EIB trong nhiều tháng, thậm chí nhiều năm qua. Bên cạnh EIB, khối ngoại cũng sang tay lẫn nhau khối lượng lớn tại MBB (6,2 triệu cp), VPB (1,4 triệu cp), TCB (1,2 triệu cp),…. Thêm chuyển động mới tại Eximbank: Khối ngoại bán ròng gần 74,5 triệu cổ phiếu, giá trị hơn 2.900 tỷ",TCB,TCB,Techcombank,alias,0.98,auto_high_confidence,"Cổ phiếu ngân hàng 28/10: Target tím trần hai phiên liên tiếp, một mã tăng 13,5%","Cổ phiếu ngân hàng 28/10: Target tím trần hai phiên liên tiếp, một mã tăng 13,5%",FinABSA_target_masked_headline_v1,0,"Cổ phiếu ngân hàng 28/10: Target tím trần hai phiên liên tiếp, một mã tăng 13,5%",The sentiment for Target in the given sentence is NEUTRAL.,neutral,,,,0.0,/home/huylkq/repos/nlp/FinABSA-Valid/MODEL/finabsa-other-masked-final_3epoch,Target,ok,neutral,2022-10-28 18:39:03+00:00,2022-10-28
f4d6194c92c4f709_00,f4d6194c92c4f709,https://cafef.vn/cap-nhat-kqkd-ngan-hang-quy-3-mb-hdbank-vietcapitalbank-namabank-vietabank-cong-bo-bctc-20221028154749579.chn,2022-10-28T15:48:06,,,"Cập nhật KQKD ngân hàng quý 3: MB, HDBank, VietCapitalBank, NamABank, VietABank công bố BCTC",Hiện đã có 23 ngân hàng công bố báo cáo tài chính quý 3/2022.,"TIN MỚI Ngày 27-28/10, thêm nhiều ngân hàng công bố báo cáo tài chính như MB, HDBank, VietCapitalBank, VietABank, NamABank. MB Lợi nhuận hợp nhất nhất trước thuế quý 3/2022 của MB đạt 6.296 tỷ đồng, tăng 61,5% so với cùng kỳ năm 2021. Lũy kế 9 tháng đầu năm, lợi nhuận hợp nhất trước thuế của MB đạt 18.192 tỷ đồng, tăng 53,1%. Theo đó, MB là ngân hàng có lợi nhuận cao thứ 3 trong các ngân hàng đã công bố BCTC, đứng sau Techcombank và VPBank. Tính đến cuối quý 3, tổng tài sản MB tăng 8,2% lên 656.804 tỷ đồng. Trong đó, dư nợ cho vay khách hàng tăng 17,2% đạt 426.233 tỷ đồng. Tiền gửi khách hàng của MB bất ngờ giảm 7.547 tỷ đồng (gần 2%) so với đầu năm, xuống còn hơn 377.145 tỷ đồng. Đây là lần đầu tiên trong nhiều năm qua, MB ghi nhận số dư tiền gửi khách hàng sụt giảm trong kỳ báo cáo. HDBank Báo cáo tài chính quý 3 của HDBank cho thấy, tại 30/9/2022, tổng nguồn vốn của ngân hàng đạt trên 353 nghìn tỷ đồng, trong đó tiền gửi từ khách hàng tăng 13,4% so với 31/12/2021 và gấp 3 lần tốc độ tăng trưởng tiền gửi toàn ngành. Dư nợ tín dụng đạt xấp xỉ 252 nghìn tỷ đồng, tăng 18,1%. Nợ xấu riêng lẻ ở mức 1,1%. Lợi nhuận trước thuế quý 3/2022 của HDBank đạt 2.712 tỷ đồng, tăng 43,4% so với cùng kỳ năm ngoái. Lũy kế 9 tháng đầu năm, lợi nhuận trước thuế đạt 8.016 tỷ đồng, tăng 31,7% và hoàn thành 82% kế hoạch cả năm 2022. NamABank Ngân hàng ghi nhận lợi nhuận trước thuế quý 3/2022 tăng tới 96% so với cùng kỳ năm 2021 và đạt 684 tỷ đồng. Luỹ kế 9 tháng đầu năm, lợi nhuận của NamABank đạt 1.855 tỷ đồng, tăng 30% so với 9 tháng đầu năm 2021. Tại ngày 30/9/22022, tổng tài sản của NamABank đạt 173.971 tỷ đồng, tăng 13,5% so với đầu năm. Dư nợ cho vay khách hàng tăng 10,8% lên 113.697 tỷ đồng. Tiền gửi khách hàng tăng 3% lên 118.819 tỷ đồng. VietABank Tổng tài sản VietABank giảm 9,9% trong 9 tháng đầu năm 2022 xuống 90.998 tỷ đồng. Nguyên nhân chủ yếu do tiền gửi tại các TCTD và cho vay các TCTD sụt giảm mạnh. Trong khi đó, dư nợ cho vay khách hàng tăng 12,9% đạt 61.493 tỷ đồng. Tiền gửi khách hàng của VietABank giảm 2,5% xuống 66.025 tỷ đồng. Lợi nhuận trước thuế quý 3/2022 của ngân hàng đạt 191 tỷ đồng, tăng 51% so với cùng kỳ. Lợi nhuận trước thuế 9 tháng đạt 810 tỷ đồng, tăng 55%. Viet Capital Bank Kết thúc 9 tháng, lợi nhuận trước thuế của ngân hàng ghi nhận hơn 423 tỷ đồng, tăng 10% so với cùng kỳ, hoàn thành 94% kế hoạch của cả năm. Thu nhập 9 tháng đầu năm đạt gần 1.500 tỷ đồng, tăng 12% so với cùng kỳ. Trong đó đáng thu nhập lãi thuần và thu từ dịch vụ đều tăng trưởng tốt, lần lượt là 23%, 48% so với cùng kỳ. Tính đến 30/9/2022, tổng tài sản Ngân hàng Bản Việt đạt gần 78 nghìn tỷ đồng, tăng 18% so với cùng kỳ. Huy động vốn từ tổ chức kinh tế và dân cư đạt gần 55 nghìn tỷ đồng, dư nợ tín dụng đạt gần 51 nghìn tỷ đồng, tăng lần lượt 9%, 13% so với cùng kỳ. Eximbank là ngân hàng có tăng trưởng lợi nhuận cao nhất﻿ quý 3 Hiện Eximbank là ngân hàng có tăng trưởng lợi nhuận cao nhất quý 3 với lợi nhuận trước thuế đạt 1.278 tỷ đồng, gấp 3 lần cùng kỳ năm ngoái. Luỹ kế 9 tháng, lợi nhuận trước thuế của nhà băng này đạt 3.181 tỷ đồng, tăng 229% so với cùng kỳ. 7 ngân hàng đạt lợi nhuận trên 10.000 tỷ đồng﻿ Techcombank (hơn 20.800 tỷ đồng), VPBank (hơn 19.800 tỷ đồng), MB (hơn 18.100 tỷ đồng)﻿, ACB (hơn 13.500 tỷ đồng) là những ngân hàng góp mặt vào câu lạc bộ lợi nhuân trên 10.000 tỷ đồng trong 9 tháng đầu năm. Vietcombank, BIDV, VietinBank chưa công bố BCTC quý 3/2022 nhưng trước đó, lợi nhuận của những ngân hàng này đều đã đạt trên 10.000 tỷ đồng trong 6 tháng đầu năm. ﻿Tiền gửi tăng trưởng rất chậm ở nhiều ngân hàng Bức tranh tăng trưởng huy động vốn ở các ngân hàng có sự phân hoá mạnh. ﻿Một số nhà băng ghi nhận tăng trưởng tiền gửi khách hàng rất thấp và thậm chí là tăng trưởng âm so với cuối năm 2021. Chẳng hạn, tiền gửi khách hàng của Techcombank chỉ tăng 1,3% trong 9 tháng đầu năm. MB thì ghi nhận sụt giảm gần 2%. ﻿Tiền gửi khách hàng tại VietABank cũng sụt giảm 2,5% trong 9 tháng đầu năm. Lợi nhuận trước thuế của 23 ngân hàng (tỷ đồng) MB báo lãi gần 18.200 tỷ sau 9 tháng, tiền gửi không kỳ hạn giảm",ita,ITA,Itaco,alias,0.98,auto_high_confidence,"Cập nhật Other ngân hàng quý 3: Other, HDBank, VietCapTargetlBank, NamABank, VietABank công bố BCTC","Cập nhật Other ngân hàng quý 3: Other, HDBank, VietCapTargetlBank, NamABank, VietABank công bố BCTC",FinABSA_target_masked_headline_v1,0,"Cập nhật Other ngân hàng quý 3: Other, HDBank, VietCapTargetlBank, NamABank, VietABank công bố BCTC",The sentiment for Target in the given sentence is NEUTRAL.,neutral,,,,0.0,/home/huylkq/repos/nlp/FinABSA-Valid/MODEL/finabsa-other-masked-final_3epoch,Target,ok,neutral,2022-10-28 15:48:06+00:00,2022-10-28
babed8c5ca0e0e2d_00,babed8c5ca0e0e2d,https://cafef.vn/thep-nam-kim-nkg-lo-ky-luc-hon-400-ty-dong-quy-3-2022-co-phieu-giam-san-20221028150414262.chn,2022-10-28T15:05:22,,,"Thép Nam Kim (NKG) lỗ kỷ lục hơn 400 tỷ đồng quý 3/2022, cổ phiếu giảm sàn","9 tháng đầu năm, Thép Nam Kim ghi nhận doanh thu đạt 18.771 tỷ đồng và lợi nhuận sau thuế gần 290 tỷ đồng, lần lượt giảm 3,2% và 83,6% so với cùng kỳ năm ngoái.","NKG: Giá hiện tại Thay đổi Xem hồ sơ doanh nghiệp TIN MỚI CTCP Thép Nam Kim vừa công bố báo cáo tài chính hợp nhất quý 3/2022 với doanh thu giảm đến 41% so với cùng kỳ xuống còn 4.424 tỷ đồng. Trong khi đó, giá vốn chỉ giảm 26,5% đẩy doanh nghiệp này vào tình trạng kinh doanh dưới giá vốn. Lỗ gộp quý 3 hơn 159 tỷ đồng trong khi cùng kỳ con số này dương đến gần 1.300 tỷ đồng. Sau khi trừ các chi phí, Thép Nam Kim lỗ ròng 419 tỷ đồng quý 3/2022 trong khi cùng kỳ lãi gần 607 tỷ đồng. Đây là khoản lỗ lớn nhất doanh nghiệp thép này từng ghi nhận trong một quý kể từ khi hoạt động. Lũy kế 9 tháng đầu năm, Thép Nam Kim ghi nhận doanh thu đạt 18.771 tỷ đồng và lợi nhuận sau thuế gần 290 tỷ đồng, lần lượt giảm 3,2% và 83,6% so với cùng kỳ năm ngoái. Với kết quả đạt được, doanh nghiệp mới thực hiện được 67% kế hoạch doanh thu và vỏn vẹn 18% mục tiêu lợi nhuận cả năm đề ra. Tính đến cuối quý 3, tổng tài sản của Thép Nam Kim đạt 15.860 tỷ đồng, tăng gần 500 tỷ đồng so với thời điểm đầu năm. Trong đó, tồn kho chiếm đến 8.837 tỷ đồng, tăng gần 400 tỷ đồng so với cuối quý trước. Đáng chú ý, doanh nghiệp này đã phải trích lập dự phòng giảm giá cho khoản mục này lên đến hơn 290 tỷ đồng vào cuối quý 3. Con số này tại thời điểm 30/6 mới ở mức hơn 100 tỷ đồng. Sau thông tin lỗ kỷ lục, cổ phiếu NKG trên thị trường đã bất ngờ giảm sàn phiên 28/10 xuống mức 14.550 đồng/cổ phiếu, thấp nhất trong vòng 19 tháng kể từ cuối tháng 3/2021. So với đỉnh cách đây 1 năm, thị giá NKG đã “bốc hơi” gần 68% tương ứng vốn hóa mất đi 8.000 tỷ đồng xuống còn 3.800 tỷ đồng. Cổ phiếu NKG giảm sâu từ đỉnh",NKG,NKG,Nam Kim Steel,alias,0.98,auto_high_confidence,"Thép Nam Kim (Target) lỗ kỷ lục hơn 400 tỷ đồng quý 3/2022, cổ phiếu giảm sàn","Thép Nam Kim (Target) lỗ kỷ lục hơn 400 tỷ đồng quý 3/2022, cổ phiếu giảm sàn",FinABSA_target_masked_headline_v1,0,"Thép Nam Kim (Target) lỗ kỷ lục hơn 400 tỷ đồng quý 3/2022, cổ phiếu giảm sàn",The sentiment for Target in the given sentence is NEUTRAL.,neutral,,,,0.0,/home/huylkq/repos/nlp/FinABSA-Valid/MODEL/finabsa-other-masked-final_3epoch,Target,ok,neutral,2022-10-28 15:05:22+00:00,2022-10-28
e6fe1185c682a212_00,e6fe1185c682a212,https://cafef.vn/gelex-dat-1767-ty-dong-loi-nhuan-truoc-thue-trong-9-thang-tang-25-so-voi-cung-ky-20221028114624617.chn,2022-10-28T13:30:00,,,"GELEX đạt 1.767 tỷ đồng lợi nhuận trước thuế trong 9 tháng, tăng 25% so với cùng kỳ",Công ty CP Tập đoàn GELEX (HoSE: GEX) vừa công bố báo cáo tài chính quý III/2022.,"TIN MỚI Theo đó, trong quý III, doanh thu thuần đạt 7.014 tỷ đồng, tăng 16% so với cùng kỳ, lợi nhuận trước thuế đạt 282 tỷ đồng, giảm 30% so với cùng kỳ. Cơ cấu doanh thu thuần quý này có sự đóng góp chính từ mảng thiết bị điện với 3.339 tỷ đồng. Các mảng kinh doanh khác của GELEX đều có sự tăng trưởng, đóng góp vào cơ cấu doanh thu như sau: mảng vật liệu xây dựng đạt 2.611 tỷ đồng, bất động sản và khu công nghiệp 628 tỷ đồng, năng lượng & nước sạch 362 tỷ đồng. Mảng bất động sản khu công nghiệp đóng góp quan trọng trong cơ cấu doanh thu thuần của GELEX. Xét về 9 tháng đầu năm, tổng doanh thu thuần hợp nhất của GELEX là 24.729 tỷ đồng, tăng 29% so với cùng kỳ. Lợi nhuận trước thuế hợp nhất của GELEX đạt 1.767 tỷ đồng, tăng 25% so với cùng kỳ 2021, hoàn thành 68% kế hoạch cả năm 2022. Đóng góp chính vào tổng doanh thu thuần vẫn là nhóm sản xuất kinh doanh thiết bị điện, đạt 12.235 tỷ đồng, chiểm tỷ trọng 49%. Tiếp đến là: vật liệu xây dựng đóng góp 7.124 tỷ đồng, chiếm 29% tỉ trọng; Cho thuê bất động sản, hạ tầng khu công nghiệp và dịch vụ phụ trợ khác đạt 3.097 tỷ đồng, chiếm 13%; Năng lượng và nước sạch là 1.079 tỷ đồng, chiếm 4%; Bất động sản thương mại ghi nhận 1.011 tỷ đồng, chiếm 4%; doanh thu khác 182 tỷ đồng, chiếm 1%. So sánh cơ cấu doanh thu thuần 9T-2021 và 9T-2022. Có thể thấy, tỷ trọng doanh thu của GELEX đang dần cân bằng hơn giữa hai lĩnh vực hoạt động cốt lõi là công nghiệp điện (thiết bị điện và phát điện) và hạ tầng (khu công nghiệp, bất động sản, vật liệu xây dựng, nước sạch)… Kết thúc quý III, trong các mảng hoạt động, chỉ có mảng thiết bị điện là giảm doanh thu 7% so với cùng kỳ. Điều này được dự báo trước do Công ty Dây đồng Việt Nam CFT, công ty con chiếm tỷ trọng doanh thu tương đối lớn trong nhóm thiết bị điện tạm dừng sản xuất để di dời nhà máy trong 6 tháng đầu năm 2022. Ngược lại, các mảng hoạt động khác đều tăng trưởng mạnh về doanh thu trong 9 tháng đầu năm 2022. Nhóm vật liệu xây dựng với các sản phẩm như kính tiết kiệm năng lượng, thiết bị vệ sinh, gạch ốp lát, vật liệu không nung… thương hiệu Viglacera tăng trưởng doanh thu 103% so với cùng kỳ. Lĩnh vực cho thuê khu công nghiệp và dịch vụ khu công nghiệp của Viglacera cũng tăng trưởng ấn tượng, đạt doanh thu 3.097 tỷ đồng, tăng 128% so với cùng kỳ. Ngoài ra, doanh thu từ bất động sản thương mại và các khu nhà ở xã hội, nhà ở cho công nhân quanh các khu công nghiệp của Viglacera cũng tăng trưởng mạnh 212% về doanh thu so với cùng kỳ, đạt 1.011 tỷ đồng sau 9 tháng. Qua các số liệu này, có thể thấy, việc hợp nhất Viglacera là chủ trương đầu tư đúng đắn của GELEX, qua đó Tập đoàn vừa giảm phụ thuộc vào mảng thiết bị điện, vừa cải thiện biên lợi nhuận gộp khi tăng tỷ trọng doanh thu tại nhóm cho thuê khu công nghiệp, bất động sản, vật liệu xây dựng. Biên lợi nhuận gộp của GELEX 9 tháng đầu năm đã cải thiện đáng kể đạt 21% so với mức 15% cùng kỳ năm 2021, lợi nhuận gộp đạt 5.147 tỷ đồng tăng 80% so với cùng kỳ. Bên cạnh doanh thu và lợi nhuận gộp tăng trưởng, do những biến động mạnh của thị trường, 9 tháng đầu năm GELEX cũng ghi nhận tăng các chi phí như chi phí bán hàng, chi phí quản lý doanh nghiệp, chi phí tài chính… Ngoài ra, nợ phải trả giảm mạnh 19% còn 32.961 tỷ đồng, trong đó vay và nợ thuê tài chính giảm 20% còn 17.624 tỷ đồng. Với việc chủ động giảm các khoản phải trả và nợ vay, GELEX sẽ cắt giảm được chi phí tài chính trong bối cảnh lãi suất đang có xu hướng tăng. Bên cạnh đó, tình hình tài chính của GELEX ngày càng tích cực và lành mạnh hơn, được thể hiện qua các hệ số nợ và khả năng thanh toán. Các hệ số nợ và khả năng thanh toán của GELEX có chiều hướng tích cực. Mới đây, GELEX lọt Top 50 Doanh nghiệp lợi nhuận xuất sắc nhất Việt Nam do Vietnam Report xếp hạng. Trong TOP 500 Doanh nghiệp lợi nhuận xuất sắc nhất Việt Nam 2022, GELEX xếp thứ hạng 73, tăng 23 bậc so với năm 2021. Xét riêng trong nhóm Doanh nghiệp tư nhân tại Top 50, GELEX đứng thứ 35, tăng 16 bậc so với năm 2021.",GELEX,GEX,Gelex,alias,0.98,auto_high_confidence,"Target đạt 1.767 tỷ đồng lợi nhuận trước thuế trong 9 tháng, tăng 25% so với cùng kỳ","Target đạt 1.767 tỷ đồng lợi nhuận trước thuế trong 9 tháng, tăng 25% so với cùng kỳ",FinABSA_target_masked_headline_v1,0,"Target đạt 1.767 tỷ đồng lợi nhuận trước thuế trong 9 tháng, tăng 25% so với cùng kỳ",The sentiment for Target in the given sentence is NEUTRAL.,neutral,,,,0.0,/home/huylkq/repos/nlp/FinABSA-Valid/MODEL/finabsa-other-masked-final_3epoch,Target,ok,neutral,2022-10-28 13:30:00+00:00,2022-10-28
22e8b8b2ee0eac43_00,22e8b8b2ee0eac43,https://cafef.vn/mot-doanh-nghiep-vui-choi-giai-tri-bao-lai-quy-3-tang-truong-242-dem-21-ty-dong-dau-tu-co-phieu-dnp-20221028100108099.chn,2022-10-28T10:13:01,,,"Một doanh nghiệp vui chơi giải trí báo lãi quý 3 tăng trưởng 242%, đem 21 tỷ đồng đầu tư cổ phiếu DNP","Năm 2022, DSN lên kế hoạch tổng doanh thu đạt 100 tỷ đồng. Sau 9 tháng kinh doanh, công ty đã vượt 116% kế hoạch doanh thu cho cả năm.","DSN: Giá hiện tại Thay đổi Xem hồ sơ doanh nghiệp TIN MỚI CTCP Công viên Nước Đầm Sen (mã CK: DSN) vừa công bố báo cáo tài chính quý 3 năm 2022. Theo đó, doanh thu thuần của DSN đạt 83 tỷ đồng, trong khi cùng kỳ năm trước ghi nhận vỏn vẹn 420 triệu đồng, tương ứng doanh thu năm nay gấp gần 209 lần so với cùng kỳ. Khấu trừ chi phí vốn, lợi nhuận gộp quý 3/2022 của Đầm Sen đạt 62 tỷ đồng, tăng trưởng mạnh trong khi cùng kỳ năm trước âm 4 tỷ đồng. Ngược chiều với đà tăng doanh thu thuần, doanh thu tài chính lại đi lùi, đạt hơn 2 tỷ đồng trong quý 3; tương ứng giảm 90% so với cùng kỳ năm trước. Khấu trừ các chi phí khác, lợi nhuận sau thuế của công viên nước Đầm Sen đạt 43 tỷ đồng, tăng 242% so với cùng kỳ năm trước; trong đó lợi nhuận sau thuế của cổ đông công ty mẹ tương ứng đạt 43 tỷ đồng. Theo giải trình, kể từ quý 2/2022, công ty cho biết hoạt động kinh doanh được phục hồi mạnh mẽ do dịch bệnh Covid-19 được kiểm soát tốt, độ bao phủ Vacxin rộng rãi. Nhu cầu vui chơi giải trí của người dân tăng cao dẫn đến lượng khách đến Công viên nước cũng tăng. Đồng thời, công ty luôn đẩy mạnh biện pháp cải thiện chất lượng dịch vụ, thực hiện các chương trình ca nhạc sôi động,… để thu hút khách hàng. Luỹ kế 9 tháng đầu năm, Đầm Sen thu về 212 tỷ đồng doanh thu thuần, tăng gấp 7,7 lần. Khoản thu từ hoạt động tài chính của DSN còn gần 4 tỷ đồng, thấp hơn đáng kể so với cùng kỳ năm trước do không còn ghi nhận lãi từ bán Chứng khoán kinh doanh. Kết quả, lợi nhuận sau thuế đạt 99 tỷ đồng, tăng gấp 4,9 lần so với cùng kỳ năm 2021. Lãi cơ bản trên cổ phiếu đạt 6.974 đồng. Năm 2022, DSN lên kế hoạch tổng doanh thu đạt 100 tỷ đồng. Như vậy, sau 9 tháng kinh doanh, công ty đã vượt khoảng 116% kế hoạch doanh thu cho cả năm. Tại thời điểm 30/9, tổng tài sản của DSN tăng 64% lên 330 tỷ đồng trong đó tài sản ngắn hạn chiếm tỷ trọng 95% đạt 315 tỷ đồng. Ngoài ra, các khoản đầu tư tài chính ngắn hạn tăng mạnh lên mức 237 tỷ đồng chủ yếu là tiền gửi có kỳ hạn trên 3 tháng dưới 12 tháng đạt gần 209 tỷ đồng. Đặc biệt, danh mục cổ phiếu DSN đạt khoảng 28 tỷ đồng xét theo giá trị hợp lý, phần lớn Đầm Sen phân bổ 21 tỷ đồng vào DNP, OPC là 7 tỷ đồng.",DNP,DNP,,ticker_context_rule,0.95,auto_high_confidence,"Một doanh nghiệp vui chơi giải trí báo lãi quý 3 tăng trưởng 242%, đem 21 tỷ đồng đầu tư cổ phiếu Target","Một doanh nghiệp vui chơi giải trí báo lãi quý 3 tăng trưởng 242%, đem 21 tỷ đồng đầu tư cổ phiếu Target",FinABSA_target_masked_headline_v1,0,"Một doanh nghiệp vui chơi giải trí báo lãi quý 3 tăng trưởng 242%, đem 21 tỷ đồng đầu tư cổ phiếu Target",The sentiment for the given sentence is NEUTRAL.,neutral,,,,0.0,/home/huylkq/repos/nlp/FinABSA-Valid/MODEL/finabsa-other-masked-final_3epoch,Target,ok,neutral,2022-10-28 10:13:01+00:00,2022-10-28
e275fc0555fe9e51_00,e275fc0555fe9e51,https://cafef.vn/ssi-research-no-nuoc-ngoai-giam-nho-ty-gia-20221028100801366.chn,2022-10-28T10:08:18,,,SSI Research: Nợ nước ngoài giảm nhờ tỷ giá,"Tính từ đầu năm đến nay, VND mất giá 8,6% so với USD nhưng lại tăng giá so với EUR và JPY.","TIN MỚI Trong báo cáo phân tích mới phát hành, Bộ phận Phân tích Chứng khoán SSI (SSI Research) cho rằng việc tăng giá của USD so với VND đã được bù đắp bởi sự yếu đi tương đối của EUR và JPY so với VND, và nhờ vậy nợ nước ngoài thậm chí còn giảm 2,5% nhờ đóng góp từ tỷ giá. Nhóm phân tích dẫn báo cáo của Chính phủ gần đây cho biết nợ nước ngoài của Việt Nam trong năm 2022 ở mức 40-41% GDP và tăng nhẹ lên 41-42% trong năm 2023, vẫn thấp hơn mức trần 50% đề ra. Theo SSI Research, áp lực lên tỷ giá USD/VND tăng mạnh trong tháng 10/2022 và Ngân hàng Nhà nước ( NHNN) liên tục có những biện pháp điều hành để ổn định thị trường ngoại hối. Vào ngày 17/10, NHNN đã thông báo quyết định điều chỉnh biên độ tỷ giá giao ngay USD/VND từ mức +/- 3% lên +/- 5%. Tiếp đó, giá bán USD giao ngay tại Sở Giao dịch NHNN được nâng lên 24.380 đồng, từ mức 23.925 đồng trước đó và tiếp tục tăng lên 24.870 đồng sau một tuần (24/10, tương đương mức tăng 7,4% so với cuối năm 2021). Đây là động thái điều chỉnh biên độ lần đầu tiên của NHNN sau gần 10 năm, cũng như là điều chỉnh giá bán tại Sở GDNHNN lần thứ tư liên tiếp trong vòng một tháng qua, nhằm phù hợp với biến động mạnh và liên tục gia tăng của tỷ giá USD/VND khi đồng USD liên tục tăng giá trên thị trường thế giới, và NHNN thực hiện các biện pháp hỗ trợ thanh khoản tiền Đồng sau sự kiện SCB. Bên cạnh đó, lãi suất điều hành cũng đã được NHNN điều chỉnh tăng thêm 100 điểm cơ bản lần thứ hai trong vòng hai tháng, với mục đích chính để giảm áp lực đối với tỷ giá, trong bối cảnh lạm phát vẫn trong tầm kiểm soát Tuy nhiên, áp lực vẫn chưa thể sớm hạ nhiệt, và tỷ giá bán tại các NHTM vẫn được niêm yết quanh mức trần giao dịch mới, tương đương với viêc VND đã mất giá gần 8,6% so với cuối năm 2021. Trong khi đó, trong tuần qua, tỷ giá giao dịch liên ngân hàng cũng nhanh chóng vượt mức giá bán tại Sở GD và NHNN tiếp tục nâng tỷ giá bán này lên mức 24.870 đồng/USD. Nhóm phân tích cho rằng, việc nới biên độ lên 5% cho phép tỷ giá USD/VND niêm yết tại các NHTM được điều chỉnh linh hoạt hơn so với tỷ giá trung tâm. Trong ngắn hạn, điều chỉnh này là cần thiết khi tỷ giá sẽ vẫn còn chịu nhiều áp lực từ bên ngoài khi FED thực hiện tăng lãi suất trong tháng 11 và tháng 12, kết hợp với yếu tố nội tại, khi nguồn cung ngoại tệ sẽ gặp nhiều khó khăn trong Quý 4 (xuất khẩu yếu đi, kiều hối chậm lại). Theo SSI Research, yếu tố đáng lo ngại hơn là có thể xu hướng găm giữ USD đã tăng lên đáng kể trong thời gian qua trong bối cảnh VND không thể đứng ngoài xu hướng đồng nội tệ mất giá đang lan rộng khắp Châu Á, nguyên nhân xuất phát từ các đợt tăng lãi suất liên tục của FED. Tuy nhiên, tới quý I/2023, khi đà tăng lãi suất của FED có thể sẽ chậm lại, hoặc dừng hẳn, trong khi dòng tiền vào Việt Nam thường có xu hướng tăng cao (NHNN thường mua được khá nhiều USD cho dự trữ ngoại hối vào quý I), thì khả năng tỷ giá USD/VND sẽ có thể quay về mức ổn định hơn. Lo tỷ giá tăng tiếp",SSI,SSI,SSI Securities,alias,0.98,auto_high_confidence,Target Research: Nợ nước ngoài giảm nhờ tỷ giá,Target Research: Nợ nước ngoài giảm nhờ tỷ giá,FinABSA_target_masked_headline_v1,0,Target Research: Nợ nước ngoài giảm nhờ tỷ giá,The sentiment for Target in the given sentence is NEUTRAL.,neutral,,,,0.0,/home/huylkq/repos/nlp/FinABSA-Valid/MODEL/finabsa-other-masked-final_3epoch,Target,ok,neutral,2022-10-28 10:08:18+00:00,2022-10-28
98d32a5cc65418cd_00,98d32a5cc65418cd,https://cafef.vn/ban-chuoi-ban-heo-nhung-khong-du-bu-chi-phi-tai-chinh-vi-sao-hoang-anh-gia-lai-hagl-van-lai-lon-2022102808301702.chn,2022-10-28T08:34:17,,,"Bán chuối, bán heo nhưng không đủ bù chi phí tài chính, vì sao Hoàng Anh Gia Lai (HAGL) vẫn lãi lớn?","Lũy kế 9 tháng đầu năm, lợi nhuận gộp HAGL đạt 746 tỷ đồng, không đủ để bù đắp khoản chi phí tài chính hơn 1.228 tỷ đồng, tuy nhiên do hoàn nhập dự phòng phải thu nên HAGL vẫn lãi gần 900 tỷ đồng.","HAG: Giá hiện tại Thay đổi Xem hồ sơ doanh nghiệp TIN MỚI CTCP Hoàng Anh Gia Lai (mã CK: HAG) đã công bố báo cáo tài chính hợp nhất quý 3/2022 với doanh thu thuần đạt 1.441 tỷ đồng, tăng 160% so với con số 554 tỷ đồng của cùng kỳ năm trước. Trong cơ cấu doanh thu, trái cây vẫn chiếm tỷ trọng lớn nhất, mang lại 577 tỷ đồng, tăng 162% so với cùng kỳ năm trước. Doanh thu bán heo tăng gần 200% lên mức 540 tỷ đồng; ngoài ra, doanh thu bán sản phẩm, hàng hóa cũng đem lại 241 tỷ đồng, tăng 184% so với quý 3/2021. HAGL báo lãi gộp tăng 59% đạt 281 tỷ đồng; tuy nhiên biên lợi nhuận gộp đi lùi về mức hơn 19% trong quý 3/2022. Thế nhưng lãi sau thuế quý 3 của HAG đạt gần 370 tỷ đồng, gấp 17 lần so với cùng kỳ năm trước. Hoàn nhập dự phòng tiếp tục là cứu cánh cho lợi nhuận của HAGL Nguyên nhân chính cho kết quả lợi nhuận này là vì chi phí tài chính đã sụt giảm 76% tương ứng giảm hơn 525 tỷ đồng so với cùng kỳ, do Tập đoàn đã hoàn nhập dự phòng khoản đầu tư dài hạn trong quý 3. Cùng kỳ năm trước, HAGL phải dự phòng các khoản đầu tư dài hạn lên tới 486 tỷ đồng, nhưng quý này đã hoàn nhập gần 65 tỷ đồng. Tính đến 30/9, HAGL đang phải trích lập dự phòng đầu tư tài chính dài hạn hơn 455 tỷ đồng cho khoản đầu tư vốn góp vào đơn vị khác 1.050 tỷ đồng, trong đó đầu tư vào HNG là 1.041 tỷ đồng. Lũy kế 9 tháng đầu năm, doanh thu thuần HAGL đạt 3.471 tỷ đồng, tăng 154% và lợi nhuận gộp đạt 746 tỷ đồng, không đủ để bù đắp khoản chi phí tài chính hơn 1.228 tỷ đồng, tuy nhiên do khoản hoàn nhập dự phòng phải thu 1.250 tỷ đồng nên HAGL vẫn lãi sau thuế 892 tỷ đồng, gấp 30 lần so với cùng kỳ năm trước. Lãi ròng công ty mẹ đạt 890 tỷ đồng. Tương ứng, trên bảng cân đối kế toán tại thời điểm ngày 30/09/2022, dự phòng phải thu ngắn hạn khó đòi đã giảm mạnh, chỉ còn 336 tỷ đồng – giảm 1.131 tỷ đồng so với thời điểm đầu năm, dự phòng phải thu dài hạn khó đòi cũng chỉ còn hơn 24 tỷ đồng, giảm hơn 119 tỷ đồng. Trong năm ngoái, HAGL cũng hoàn nhập dự phòng hơn 1.000 tỷ để ""thu gọn"" con số dự phòng phải thu ngắn hạn khó đòi xuống gần 1.400 tỷ đồng so với hơn 2.300 tỷ đồng vào thời điểm đầu năm 2021. Đây chủ yếu là các khoản cho vay đối với nhóm công ty HAGL Agrico và các công ty liên quan khác của HAGL. Các khoản cho vay hàng nghìn tỷ﻿ giúp HAGL điều tiết lợi nhuận? Các khoản cho vay hàng nghìn tỷ đồng của HAGL cho các bên liên quan không chỉ giúp công ty này ghi nhận con số lãi thu từ cho vay hàng trăm tỷ đồng, mà còn trở thành công cụ để công ty điều tiết lợi nhuận trong từng thời kỳ nhờ việc trích lập dự phòng và hoàn nhập dự phòng. Ví dụ trong quý 3/2022, ﻿chi phí quản lý doanh nghiệp của HAGL là -186 tỷ đồng, tăng 276 tỷ đồng so với con số -457 tỷ đồng của cùng kỳ, nguyên nhân được HAGL giải trình do Tập đoàn đã giảm hoàn nhập dự phòng các khoản phải thu. HAGL không thuyết minh cụ thể hoàn nhập dự phòng cho khoản nào, nhưng thông thường, các khoản trích lập dự phòng phải thu về cho vay﻿ sẽ được tính vào chi phí quản lý doanh nghiệp. Tại thời điểm cuối quý 3/2022, ﻿HAGL đang cho vay 6.057 tỷ đồng, trong đó cho các bên liên quan vay 5.825 tỷ đồng, riêng nhóm HNG đã vay 1.512 tỷ đồng. Trong khi đó, HAGL vẫn đang còn gánh nặng nợ vay 8.624 tỷ đồng. Trong 9 tháng đầu năm, tiền lãi cho vay mà HAGL ghi nhận đạt hơn 321 tỷ đồng, còn chi phí lãi vay là 553 tỷ đồng. Cuối tháng 9, HAGL vừa thông báo đã hoàn tất mua lại trước hạn 605 tỷ đồng trái phiếu cho lô HAGLBOND16.26 tại Ngân hàng BIDV. Ngày hoàn tất trả nợ là ngày 28/9/2022, nguồn tiền từ thu nợ HAGL Agrico và tiền từ HĐKD. Cùng ngày, HAGL Agrico ﻿thông báo đã hoàn tất trả 600 tỷ đồng cho HAGL và chỉ còn nợ doanh nghiệp này 1.520 tỷ. Với số tiền trả đợt này, HAGL Agrico sẽ nhận lại quyền sử dụng đất với diện tích 9.470ha và các tài sản trên đất thuộc sở hữu Công ty TNHH Hoàng Anh Andoung Meas (đã bán cho Thaco). Đại diện HAG cho biết năm 2022 nếu thu hồi hết được nợ từ HNG, Công ty có thể giảm tổng dư nợ ngân hàng xuống dưới 6.000 tỷ đồng. Cũng trong năm nay, HAG mục tiêu thực hiện phương án chào bán 162 triệu cổ phiếu, giá bán 10.500 đồng/cp (thấp hơn so với thị giá hiện nay) và dự kiến huy động 1.700 tỷ đồng. Số tiền thu về HAG sẽ (i) chi gần 800 tỷ đồng bổ sung vốn lưu động thông qua hình thức cho vay với công ty con là Hưng Thắng Lợi Gia Lai; (ii) chi 400 tỷ cho công ty Gia súc Lơ Pang để đầu tư dự án trồng cây tại Gia Lai và (iii) chi 500 tỷ đồng để trả nợ gốc khoản trái phiếu trước hạn HAGLBOND16.26. HAGL Agrico (HNG): Chịu thiệt hại 237 tỷ đồng do siêu bão Noru, luỹ kế 9 tháng 2022 lỗ ròng 1.086 tỷ đồng",HAG,HAG,Hoang Anh Gia Lai,alias,0.98,auto_high_confidence,"Bán chuối, bán heo nhưng không đủ bù chi phí tài chính, vì sao Hoàng Anh Gia Lai (TargetL) vẫn lãi lớn?","Bán chuối, bán heo nhưng không đủ bù chi phí tài chính, vì sao Hoàng Anh Gia Lai (TargetL) vẫn lãi lớn?",FinABSA_target_masked_headline_v1,0,"Bán chuối, bán heo nhưng không đủ bù chi phí tài chính, vì sao Hoàng Anh Gia Lai (TargetL) vẫn lãi lớn?",The sentiment for Target in the given sentence is NEUTRAL.,neutral,,,,0.0,/home/huylkq/repos/nlp/FinABSA-Valid/MODEL/finabsa-other-masked-final_3epoch,Target,ok,neutral,2022-10-28 08:34:17+00:00,2022-10-28
90e22c8eb2b5c529_00,90e22c8eb2b5c529,https://cafef.vn/wego-uniform-tung-bst-ao-gio-cozyfree-tinh-than-doanh-nghiep-hoa-nhip-song-2022102716194144.chn,2022-10-28T08:00:00,,,Wego Uniform tung BST áo gió Cozyfree - tinh thần doanh nghiệp hoà nhịp sống,"Tiếp nối những sự thành công vang dội trên thị trường đồng phục trẻ thế hệ mới, Wego Uniform chính thức ra mắt bộ sưu tập áo gió đồng phục mùa thu đông 2022.","TIN MỚI Sau bao ngày lên ý tưởng, thiết kế và sản xuất, bộ sưu tập áo gió Cozyfree 2022 đã chính thức trình làng trước sự trông đợi của rất nhiều doanh nghiệp trên cả nước. Truyền tải thông điệp ""Mang tinh thần doanh nghiệp hòa chung nhịp sống"" Với thông điệp ""Mang tinh thần doanh nghiệp hòa chung nhịp sống"", Wego Uniform đánh dấu bước thay đổi lớn trong nhận định về những chiếc áo khoác gió đồng phục mùa thu đông. Bởi BST chú trọng khai thác yếu tố đời thường của cuộc sống thành thị tấp nập đang hiện hữu xung quanh con người để đưa vào trong từng thiết kế áo. Nhấn mạnh vào tính tiện dụng và ấm áp cần có cho mùa đông lạnh và không quên vẻ thời thượng vừa trẻ trung vừa thanh lịch của thế hệ đồng phục hoàn toàn mới. BST hòa mình vào nhịp sống sôi động và trẻ trung của thành phố Mang đến tôn chỉ hoạt động mới mẻ và khác biệt Với tôn chỉ hoạt động của Wego, khách hàng sẽ được trải nghiệm sản phẩm với một lối suy nghĩ hoàn toàn mới ""Đồng phục không phải là sự ép buộc, nó là người bạn đồng hành"". Người tiêu dùng sẽ không còn cảm thấy khó khăn khi phối đồ cùng sản phẩm áo đồng phục bởi sự tinh tế nằm trong thiết kế cùng sự ứng dụng nằm trong chất liệu cao cấp mang lại cảm giác tự tin, thoải mái với mọi vóc dáng. Đồng phục không phải là sự ép buộc, nó là người bạn đồng hành của doanh nghiệp Sản phẩm đồng phục hướng tới phong cách sống xanh b ề n vững Xuất phát từ mong muốn lan tỏa phong cách sống xanh khi sử dụng thời trang bền vững, tất cả các chi tiết từ thân áo, cổ áo, bo tay...đều hướng đến sự thoải mái cho người mặc. Từng đường kim mũi chỉ cho thấy sự dày dặn, chắc chắn, tỉ mỉ đặc biệt chống thấm nước và bụi mịn... Nhiều khách hàng đã nhận xét, với các mẫu áo trẻ trung cùng chất liệu cao cấp hoàn toàn có thể mặc luân phiên các ngày trong tuần và thay đổi nhiều mục đích sử dụng như đi làm, đi dạo phố, đi mua sắm. Đồng phục tại Wego Uniform là đồng phục của sự thời trang Liên tiếp được sự tin yêu của khách hàng ngay sau khi ra mắt, bộ sưu tập áo gió từ Đồng phục Wego là kết quả của một quá trình nghiên cứu chuyên sâu tâm lý và nhu cầu của khách hàng về mọi mặt từ kiểu dáng, màu sắc, chất liệu, form dáng đẹp để tôn lên vẻ đẹp cơ thể người Việt. Bộ sưu tập còn nổi bật lên những đường pha phối màu sắc mang tính xu hướng vô cùng độc, lạ, hứa hẹn mang đến trải nghiệm tuyệt vời. Đồng phục Wego tạo nên hình ảnh năng động và chuyên nghiệp cho các doanh nghiệp Tinh thần doanh nghiệp không phải là khái niệm trừu tượng mà nó cần hiện thực hóa bằng hành động rõ ràng và trực tiếp bằng việc xây dựng hình ảnh cho mỗi cá nhân trong doanh nghiệp. Wego Uniform hiểu được rằng ""Đồng phục được xem là chìa khóa mở ra văn hoá riêng biệt trong từng công ty"" vì vậy bộ sưu tập áo gió Cozyfree ra mắt để đảm nhận trách nhiệm lan tỏa thương hiệu, đồng hành cùng giá trị cốt lõi của doanh nghiệp. Mời quý độc giả theo dõi thêm thông tin về sản phẩm và dịch vụ của Wego qua: Facebook: Đồng phục Wego - Wego Uniform Website sản phẩm: https://wego.net.vn/mau-ao/dong-phuc-ao-gio/ Hotline: 0983 430 900",ree,REE,REE Corporation,alias,0.98,auto_high_confidence,Wego Uniform tung Other áo gió CozyfTarget - tinh thần doanh nghiệp hoà nhịp sống,Wego Uniform tung Other áo gió CozyfTarget - tinh thần doanh nghiệp hoà nhịp sống,FinABSA_target_masked_headline_v1,0,Wego Uniform tung Other áo gió CozyfTarget - tinh thần doanh nghiệp hoà nhịp sống,The sentiment for Target in the given sentence is NEUTRAL.,neutral,,,,0.0,/home/huylkq/repos/nlp/FinABSA-Valid/MODEL/finabsa-other-masked-final_3epoch,Target,ok,neutral,2022-10-28 08:00:00+00:00,2022-10-28
53d43c6231cb6a82_00,53d43c6231cb6a82,https://cafef.vn/vnd-mat-gia-86-tu-dau-nam-doanh-nghiep-nao-huong-loi-nhat-20221028010306486.chn,2022-10-28T06:10:54,,,"VND mất giá 8,6% từ đầu năm, doanh nghiệp nào hưởng lợi nhất?","Theo SSI, VND đã mất giá 8,6% từ đầu năm và điều này gây rủi ro với nhóm doanh nghiệp sử dụng các khoản vay nước ngoài để tài trợ hoạt động sản xuất kinh doanh. Tuy nhiên, nhiều doanh nghiệp vẫn có thể hưởng lợi lớn.","TIN MỚI Tỷ giá liên tục biến động Áp lực lên tỷ giá USD/VND tăng mạnh trong tháng 10 và Ngân hàng Nhà nước ( NHNN) liên tục có những biện pháp điều hành để ổn định thị trường ngoại hối. Vào ngày 17/10, NHNN đã thông báo quyết định điều chỉnh biên độ tỷ giá giao ngay USD/VND từ mức +/- 3% lên +/- 5%. Tiếp đó, giá bán USD giao ngay tại Sở GDNHNN được nâng lên 24.380 đồng, từ mức 23.925 đồng trước đó và tiếp tục tăng lên 24.870 đồng sau một tuần (24/10, tương đương mức tăng 7,4% so với cuối năm 2021). Theo Chứng khoán SSI, đây là động thái điều chỉnh biên độ lần đầu tiên của NHNN sau gần 10 năm, cũng như là điều chỉnh giá bán tại Sở GDNHNN lần thứ tư liên tiếp trong vòng một tháng qua. Mục đích là để phù hợp với biến động mạnh và liên tục gia tăng của tỷ giá USD/VND khi đồng USD liên tục tăng giá trên thị trường thế giới, và NHNN thực hiện các biện pháp hỗ trợ thanh khoản tiền Đồng sau sự kiện SCB. Tỷ giá bán tại các NHTM đã được điều chỉnh tăng khá mạnh sau khi nới biên độ giao dịch. Tuy nhiên, áp lực vẫn chưa thể hạ nhiệt sớm, và tỷ giá bán tại các NHTM vẫn được niêm yết quanh mức trần giao dịch mới, tương đương với viêc VND đã mất giá gần 8,6% so với cuối năm 2021. Trong khi đó, trong tuần qua, tỷ giá giao dịch liên ngân hàng cũng nhanh chóng vượt mức giá bán tại Sở GD và NHNN tiếp tục nâng tỷ giá bán này lên mức 24.870 đồng/USD. Việc nới biên độ lên 5% cho phép tỷ giá USD/VND niêm yết tại các NHTM được điều chỉnh linh hoạt hơn so với tỷ giá trung tâm. Trong ngắn hạn, điều chỉnh này là cần thiết khi tỷ giá sẽ vẫn còn chịu nhiều áp lực từ bên ngoài khi FED thực hiện tăng lãi suất trong tháng 11 và tháng 12, kết hợp với yếu tố nội tại, khi nguồn cung ngoại tệ sẽ gặp nhiều khó khăn trong Quý 4 (xuất khẩu yếu đi, kiều hối chậm lại). Đặc biệt, điều đáng lo ngại hơn là có thể xu hướng găm giữ USD đã tăng lên đáng kể trong thời gian qua khi VND không thể đứng ngoài xu hướng đồng nội tệ mất giá đang lan rộng khắp Châu Á. Tuy nhiên, SSI cho rằng tới quý 1/2023, khi đà tăng lãi suất của Fed có xu hướng chậm lại hoặc dừng hẳn, dòng tiền vào Việt Nam thường tăng cao (NHNN thường mua khá nhiều USD cho dự trữ ngoại hối vào quý 1) thì khả năng tỷ giá USD/VND sẽ có thể ổn định hơn. Đối với áp lực trả nợ nước ngoài, việc tăng giá của USD so với VND được bù đắp bởi sự yếu đi của EUR và JPY so với VND. Do đó, đội ngũ phân tích cho rằng dư nợ nước ngoài có thể giảm 2,5% nhờ đóng góp từ tỷ giá. Nhiều doanh nghiệp chịu ảnh hưởng Tính từ đầu năm đến nay, VND đã mất giá 8,6% và điều này gây rủi ro với nhóm doanh nghiệp sử dụng các khoản vay nước ngoài để tài trợ hoạt động sản xuất kinh doanh. Theo thống kê của SSI, có 16 doanh nghiệp có thể chịu tác động mạnh khi VND giảm giá và lãi suất tăng cao trong thời gian tới. Đối với BSR , dư nợ bằng USD vào cuối quý 2 ở mức 3.000 tỷ đồng, nên việc VND giảm giá có thể khiến LNTT năm 2022 giảm 1%. VIC cũng là doanh nghiệp có thể bị ảnh hưởng bởi sự giảm giá của VND ở một mức độ nhất định. Bên cạnh đó, lãi suất cao hơn cũng có thể ảnh hưởng đến lợi nhuận của công ty do nợ ròng của tập đoàn tính đến cuối quý 2/2022 là 115 nghìn tỷ đồng. Đối với PO W , Dư nợ bằng USD ghi nhận con số 2.800 tỷ đồng (tương đương với 119 triệu USD), chiếm 32% tổng dư nợ. USD tăng giá 4,5% trong thời gian từ ngày 30/6 đến ngày 17/10, đã mang lại khoản lỗ chênh lệch tỷ giá ước tính ở mức 126 tỷ đồng (Trong 6 tháng đầu năm công ty ghi nhận 67 tỷ đồng lỗ tỷ giá do USD tăng giá 2,2%). Doanh nghiệp ngành thép HPG cũng có thể chịu khoản lỗ chênh lệch tỷ giá khoảng 500 tỷ đồng, tương đương khoảng 2,5% lợi nhuận sau thuế năm 2022. Bên cạnh đó, lãi suất tăng sẽ tác động tiêu cực đến HPG do dư nợ hiện tại là 25,2 nghìn tỷ đồng tính đến quý 2/2022. Ngoài một số đại diện kể trên, hàng loạt doanh nghiệp cũng chịu tác động kém tích cực khi VND mất giá, như HVN, QTP, PLX, PGV, HND, PVD, MSN, VGT,DGW, NVL, PVT, PLC. Một số doanh nghiệp﻿ vẫn có thể hưởng lợi lớn Ngược lại, SSI cho rằng cũng có một số doanh nghiệp được hưởng lợi khi VND mất giá. Đơn cử như ACV với khoản nợ bằng đồng JPY là 12 nghìn tỷ đồng với lãi suất cố định, trong khi tất cả doanh thu từ hành khách quốc tế của công ty được tính bằng USD, do đó, công ty có thể được hưởng lợi từ việc USD tăng giá. Hơn nữa, vị thế tiền mặt là 33 nghìn tỷ đồng sẽ mang lại lợi thế cho công ty trong môi trường lãi suất tăng. GAS có nợ bằng USD được công bố ở mức 3.650 tỷ đồng vào cuối quý 2/2022 trong khi doanh thu và phần lớn giá vốn hàng bán ghi nhận bằng USD. Do đó, khoản lỗ tỷ giá ròng là không đáng kể. Trong khi đó, với lượng tiền mặt ròng 28,45 nghìn tỷ đồng, công ty có thể hưởng lợi từ việc tăng lãi suất. Tương tự với FPT , lượng tiền mặt ròng đạt 4.900 tỷ đồng tính đến cuối quý 2/2022 có thể giúp FPT hạn chế được rủi ro từ việc tăng lãi suất cho vay và biến động tỷ giá. Nhìn chung, tác động của lãi suất cao hơn và tiền đồng mất giá đối với FPT là không đáng kể. VNM dự kiến cũng hưởng lợi khi công ty nhập khẩu nguyên liệu bằng USD nhưng cũng thu được doanh thu xuất khẩu bằng USD. Dư nợ bằng USD là gần 400 triệu USD vào cuối quý 2/2022 nhưng công ty dần đáo hạn các khoản vay ngắn hạn này để giảm áp lực tỉ giá. Nhìn chung, tác động của việc USD tăng giá là tiêu cực nhẹ, nhưng VNM được hưởng lợi từ lãi suất cao hơn do VNM có số dư tiền mặt ròng là 13,4 nghìn tỷ đồng tính đến quý 2/2022. Bên cạnh đó, VGI, VHC, MSH, IDC, BCM, KBC cũng là những đại diện được hưởng lợi từ việc lãi suất tăng cao và VND mất giá nhờ có lượng tiền mặt lớn, dư nợ USD cao.",VND,VND,VNDIRECT,alias,0.98,auto_high_confidence,"Target mất giá 8,6% từ đầu năm, doanh nghiệp nào hưởng lợi nhất?","Target mất giá 8,6% từ đầu năm, doanh nghiệp nào hưởng lợi nhất?",FinABSA_target_masked_headline_v1,0,"Target mất giá 8,6% từ đầu năm, doanh nghiệp nào hưởng lợi nhất?",The sentiment for Target in the given sentence is NEUTRAL.,neutral,,,,0.0,/home/huylkq/repos/nlp/FinABSA-Valid/MODEL/finabsa-other-masked-final_3epoch,Target,ok,neutral,2022-10-28 06:10:54+00:00,2022-10-28
e008f49abd62ec43_00,e008f49abd62ec43,https://cafef.vn/kinh-te-truong-ssi-nha-dau-tu-khong-nen-phan-ung-thai-qua-can-can-bang-hon-khi-nhin-nhan-cac-van-de-cua-thi-truong-20221027172451734.chn,2022-10-27T21:46:07,,,"Kinh tế trưởng SSI: ""Nhà đầu tư không nên phản ứng thái quá, cần cân bằng hơn khi nhìn nhận các vấn đề của thị trường""","Một mùa Halloween nữa đang đến, các chứng sỹ phải làm gì để tài khoản chứng khoán “nhận kẹo” thay vì “bị ghẹo”? Talkshow Bí Mật Đồng Tiền số 43 với chủ đề “Halloween” đã góp phần gỡ rối tâm lý cho nhà đầu tư.","TIN MỚI Bàn luận về diễn biến dịp Halloween trên thị trường chứng khoán, ông Phạm Lưu Hưng, Kinh tế trưởng SSI chia sẻ rằng thông thường tháng 11 là tháng giảm điểm. Nguyên nhân là do mùa kết quả kinh doanh quý 3 kết thúc trong tháng 10 cũng như tháng 11 thường rơi vào vùng trống thông tin. Ông không có nhiều kỉ niệm đẹp vào tháng 11 kể từ khi tham gia thị trường chứng khoán và cũng nhắc nhở nhà đầu tư nên chuẩn bị tinh thần cho kịch bản thị trường kém tích cực. Trong khi diễn biến chứng khoán Mỹ tăng mạnh, VN-Index lại chưa cón những cú tăng như vậy, điều này sẽ tác động như thế nào tới các nhà đầu tư Việt Nam? Trả lời câu hỏi này, ông Phạm Lưu Hưng cho rằng mỗi quốc gia có những vấn đề riêng và những mối lo ngại riêng, chuyện thị trường chứng khoán Việt Nam nhất định đi theo chứng khoán Mỹ là rất khó. Tại Mỹ, thị trường chứng khoán tăng có thể do mùa công bố kết quả kinh doanh đang diễn ra. Song, ông Hưng lưu ý thị trường vẫn có thể đảo chiều khi những công ty ra số kết quả kinh doanh không khả quan, đây là vấn đề riêng của nước Mỹ. Hiện nay, mối lo ngại của nhà đầu tư Việt Nam mang tính chất trong nước nhiều hơn là đối với vấn đề ở ngoài nước. "" Chúng ta đang vướng vào những lo ngại từ tình hình thắt chặt chính sách tài chính tiền tệ. Đây là những mối lo ngại khiến thị trường chưa thể tăng điểm quá mạnh ở thời điểm này "", ông Hưng cho hay. Mặt khác, vị kinh tế trưởng SSI đánh giá rằng tâm lý chung của nhà đầu tư nếu như phản ứng thái quá sẽ không phù hợp, mà chúng ta nên có những suy nghĩ cân bằng hơn khi phân tích và nhìn vào các vấn đề của thị trường. Chẳng hạn như mọi người đang suy nghĩ cực đoan rằng thị trường trái phiếu sắp tới thời gian đáo hạn sẽ không có tiền trả nợ và phá sản. NĐT nghĩ ra kịch bản rất xấu và do vậy, dẫn tới tâm lý cực kỳ hoang mang hoảng sợ. Mỗi khi có tin đồn sẽ có lực bán tháo mạnh, bất chấp doanh nghiệp có giải thích, giá cổ phiếu cũng khó có thể quay về mức trước khi ra tin đồn. Trái lại, đối với những suy nghĩ lạc quan rằng ""thị trường kiểu gì cũng sẽ được cứu thôi"", Mr. X30 nhận xét lối suy nghĩ này lại theo hướng quá thờ ơ. Tựu chung lại, nhà đầu tư cần phải cân bằng hơn trong suy nghĩ để tâm lý được vững vàng hơn.",SSI,SSI,SSI Securities,alias,0.98,auto_high_confidence,"Kinh tế trưởng Target: ""Nhà đầu tư không nên phản ứng thái quá, cần cân bằng hơn khi nhìn nhận các vấn đề của thị trường""","Kinh tế trưởng Target: ""Nhà đầu tư không nên phản ứng thái quá, cần cân bằng hơn khi nhìn nhận các vấn đề của thị trường""",FinABSA_target_masked_headline_v1,0,"Kinh tế trưởng Target: ""Nhà đầu tư không nên phản ứng thái quá, cần cân bằng hơn khi nhìn nhận các vấn đề của thị trường""",The sentiment for Target in the given sentence is NEUTRAL.,neutral,,,,0.0,/home/huylkq/repos/nlp/FinABSA-Valid/MODEL/finabsa-other-masked-final_3epoch,Target,ok,neutral,2022-10-27 21:46:07+00:00,2022-10-27
f19740ba04311221_00,f19740ba04311221,https://cafef.vn/sabeco-sab-chot-ngay-tra-co-tuc-25-bang-tien-hon-850-ty-sap-ve-tui-thaibev-20221027165452453.chn,2022-10-27T21:44:21,,,"Sabeco (SAB) chốt ngày trả cổ tức 25% bằng tiền, hơn 850 tỷ sắp về ""túi"" ThaiBev","Khối lượng cổ phiếu đang lưu hành của Sabeco đạt khoảng 641 triệu đơn vị. Ước tính, công ty sẽ chi hơn 1.600 tỷ đồng để trả cổ tức đợt này, ngày thanh toán dự kiến 11/1/2023.","SAB: Giá hiện tại Thay đổi Xem hồ sơ doanh nghiệp TIN MỚI Tổng CTCP Bia – Rượu – Nước giải khát Sài Gòn (Sabeco, mã CK: SAB) vừa thông báo chốt quyền tạm ứng cổ tức bằng tiền mặt năm 2022 với tỷ lệ 25%, tương ứng một cổ phiếu nhận được 2.500 đồng. Ngày đăng ký cuối cùng để thực hiện quyền nhận cổ tức là 21/12 và ngày thanh toán dự kiến 11/1/2023. Khối lượng cổ phiếu đang lưu hành của Sabeco đạt khoảng 641 triệu đơn vị. Ước tính, công ty sẽ chi hơn 1.600 tỷ đồng để trả cổ tức đợt này. Hiện nay, Sabeco có 2 cổ đông lớn là Công ty TNHH Vietnam Beverage của tỷ phú Thái Lan và Tổng Công ty Đầu tư và kinh doanh vốn Nhà nước (SCIC) lần lượt nắm giữ 53,59% và 36% vốn. Như vậy, Vietnam Beverage dự kiến sẽ nhận về 859 tỷ đồng và cổ đông lớn còn lại là SCIC nhận về 577 tỷ đồng sau đợt tạm ứng cổ tức này. Được biết, Công ty Vietnam Beverage là công ty con của Thai Beverage (ThaiBev) của đại gia người Thái Charoen Sirivadhanabhakdi. Năm 2017, ThaiBev đã mua lại 54% cổ phần của SAB với giá 4,8 tỷ USD. Việc thâu tóm SAB đã biến ThaiBev trở thành nhà sản xuất bia lớn nhất khu vực về khối lượng. Ông Thapana Sirivadhanabhakdi, CEO ThaiBev trong chia sẻ mới đây còn nhấn mạnh: “ Sabeco là viên ngọc quý của chúng tôi – một tài sản quý hiếm trong tất cả các tài sản liên quan tới ngành sản xuất bia trong khu vực Đông Nam Á ”. Theo báo cáo tài chính quý 3/2022 mới công bố, doanh thu SAB tăng gấp đôi lên 4.333 tỷ đồng so với cùng kỳ năm trước, biên lãi gộp cũng được cải thiện lên mức 31%. LNST trong quý đạt 1.394,5 tỷ đồng, gấp hơn 3 lần quý 3/2021. Tuy nhiên nếu so với thời điểm trước dịch, tức quý 3/2019 thì con số này vẫn thấp hơn. Luỹ kế 9 tháng, SAB ghi nhận 25.104 tỷ, LNST 4.424 tỷ đồng, lần lượt tăng 44% và 75% so với 9 tháng đầu năm ngoái. Năm 2022, SAB đặt mục tiêu LNST đạt 4.581 tỷ đồng. Như vậy, Sabeco đã gần cán đích kế hoạch lợi nhuận sau thuế khi hoàn thành 97% mục tiêu đề ra sau 9 tháng.",Sab,SAB,Sabeco,alias,0.98,auto_high_confidence,"Targeteco (SAB) chốt ngày trả cổ tức 25% bằng tiền, hơn 850 tỷ sắp về ""túi"" ThaiBev","Targeteco (SAB) chốt ngày trả cổ tức 25% bằng tiền, hơn 850 tỷ sắp về ""túi"" ThaiBev",FinABSA_target_masked_headline_v1,0,"Targeteco (SAB) chốt ngày trả cổ tức 25% bằng tiền, hơn 850 tỷ sắp về ""túi"" ThaiBev",The sentiment for Target in the given sentence is NEUTRAL.,neutral,,,,0.0,/home/huylkq/repos/nlp/FinABSA-Valid/MODEL/finabsa-other-masked-final_3epoch,Target,ok,neutral,2022-10-27 21:44:21+00:00,2022-10-27
bbf5359c102ba8e4_00,bbf5359c102ba8e4,https://cafef.vn/chung-khoan-vps-tu-nhiem-vai-tro-dai-ly-mot-loat-lo-trai-phieu-doanh-nghiep-20221027180126317.chn,2022-10-27T18:26:00,2022-10-28T11:45:24+07:00,,Chứng khoán VPS từ nhiệm vai trò đại lý một loạt lô trái phiếu doanh nghiệp,"Thời gian gần đây, VPS đã thông báo từ nhiệm vị trị đại lý đăng ký, lưu ký và đại lý quản lý tài sản bảo đảm trong hàng loạt các lô trái phiếu doanh nghiệp công ty tham gia từ năm 2020.","TIN MỚI CTCP Chứng khoán VPS mới đây đã thông báo từ nhiệm vai trò đại lý đăng ký, lưu ký và vai trò đại lý quản lý tài sản bảo đảm của trái phiếu do CTCP Tập đoàn Xây dựng SCG (mã SCG) phát hành ngày 31/12/2020 có tổng mệnh giá trái phiếu là 1.500 tỷ đồng. Cụ thể, VPS sẽ từ nhiệm các tư cách trên kể từ ngày 1/12/2022. Trong thông báo, VPS cho biết theo quy định của hợp đồng, VPS có thể từ nhiệm và ngừng thực hiện toàn bộ trách nhiệm và nghĩa vụ của mình liên quan đến vai trò đại lý đăng ký và lưu ký và vai trò đại lý quản lý tài sản bảo đảm sau khi thông báo bằng văn bản cho tổ chức phát hành và những người sở hữu trái phiếu ít nhất 30 ngày làm việc trước ngày dự kiến từ nhiệm. VPS đề nghị tổ chức phát hành chỉ định tổ chức đại lý đăng ký và lưu ký thay thế trong vòng 7 ngày làm việc; và chỉ định đại lý quản lý tài sản bảo đảm thay thế trong vòng 25 ngày làm việc kể từ thông báo từ nhiệm này. Cũng kể từ ngày 1/12/2022, VPS sẽ từ nhiệm vai trò tương tự đối với trái phiếu do Công ty Roman E&C phát hành ngày 31/12/2020 có tổng mệnh giá trái phiếu tối đa là 530 tỷ đồng. Trước đó, CTCK này cũng đã từ nhiệm vị trị đại lý đăng ký và lưu ký và đại lý quản lý tài sản bảo đảm trong hàng loạt các lô trái phiếu doanh nghiệp khác mà công ty này tham gia từ năm 2020. Với sự bùng nổ của thị trường chứng khoán trong khoảng 2 năm trở lại đây, VPS cũng đã vươn lên mạnh mẽ và thách thức vị thế của các “ông lớn” cùng ngành. Trong quý 3 vừa qua, CTCK này tiếp tục giữ dẫn đầu về thị phần môi giới cổ phiếu trên cả 3 sàn và thị trường phát sinh. Về kết quả kinh doanh, VPS ghi nhận doanh thu hoạt động quý 3 giảm 15% so với cùng kỳ, xuống mức 2.316 tỷ đồng. Tuy nhiên, lợi nhuận sau thuế vẫn tăng 10% so với cùng kỳ năm ngoái, đạt 264 tỷ đồng. Luỹ kế 9 tháng, VPS đạt 7.029 tỷ đồng doanh thu hoạt động và 730 tỷ đồng lãi ròng, lần lượt tăng 6% và 21% so với cùng kỳ. Tính đến thời điểm 30/9/2022, dư nợ cho vay của VPS đạt 8.402 tỷ đồng, giảm gần 770 tỷ đồng so với cuối quý 2 trước đó. Trong đó, dư nợ margin chiếm 7.953 tỷ đồng. Đáng chú ý, nhà đầu tư còn đang gửi hơn 18.400 tỷ đồng ở VPS, chủ yếu là tiền gửi của nhà đầu tư trong nước về giao dịch chứng khoán theo phương thức công ty chứng khoán quản lý. Tuy nhiên, nếu so với thời điểm cuối quý 2, lượng tiền nằm chờ của nhà đầu tư trong nước tại VPS đã giảm hơn 3.200 tỷ đồng.",VPS,VPS,VPS Securities,alias,0.98,auto_high_confidence,Chứng khoán Target từ nhiệm vai trò đại lý một loạt lô trái phiếu doanh nghiệp,Chứng khoán Target từ nhiệm vai trò đại lý một loạt lô trái phiếu doanh nghiệp,FinABSA_target_masked_headline_v1,0,Chứng khoán Target từ nhiệm vai trò đại lý một loạt lô trái phiếu doanh nghiệp,The sentiment for Target in the given sentence is NEUTRAL.,neutral,,,,0.0,/home/huylkq/repos/nlp/FinABSA-Valid/MODEL/finabsa-other-masked-final_3epoch,Target,ok,neutral,2022-10-27 18:26:00+00:00,2022-10-27
c9acdc31dd5f1e35_00,c9acdc31dd5f1e35,https://cafef.vn/pho-tong-giam-doc-techcombank-dang-ky-mua-co-phieu-tcb-2022102717331079.chn,2022-10-27T17:33:24,,,Phó Tổng Giám đốc Techcombank đăng ký mua cổ phiếu TCB,Giao dịch dự kiến được thực hiện theo phương thức khớp lệnh và thỏa thuận trong thời gian từ 31/10 – 23/11/2022.,"TIN MỚI Theo thông báo của Ngân hàng TMCP Kỹ Thương Việt Nam (Techcombank – Mã: TCB), ông Phan Thanh Sơn – Phó Tổng Giám đốc ngân hàng đã đăng ký mua 200.000 cổ phiếu TCB nhằm phục vụ nhu cầu tài chính cá nhân. Giao dịch dự kiến được thực hiện theo phương thức khớp lệnh và thỏa thuận trong thời gian từ 31/10 – 23/11/2022. Hiện ông Sơn đang sở hữu 2,147 triệu cổ phiếu TCB, tương đương 0,061% vốn ngân hàng. Nếu mua thành công số cổ phiếu đăng ký, Phó Tổng Giám đốc Techcombank sẽ nâng tỷ lệ nắm giữ lên mức gần 0,067%, tương ứng 2,347 triệu đơn vị. Trước đó, ông Sơn đã có hai lần bán ra cổ phiếu TCB trong tháng 3 và tháng 9 với tổng khối lượng 300.000 đơn vị. Trong phiên giao dịch 27/10, cổ phiếu TCB tăng trần lên 22.850 đồng/cp. Ước tính theo mức giá này, ông Sơn cần chi ra khoảng 4,6 tỷ đồng để thực hiện giao dịch. Hoạt động mua cổ phiếu của lãnh đạo Techcombank diễn ra trong bối cảnh cổ phiếu TCB liên tục lao dốc mạnh trong những tháng gần đây. Tính từ đầu tháng 9 đến nay, cổ phiếu này đã giảm hơn 40% và mất hơn một nửa giá trị so với cuối năm trước. Mới đây, Techcombank đã công bố báo cáo tài chính quý III với lợi nhuận trước thuế hợp nhất đạt 20,8 nghìn tỷ đồng, tăng 21,8% so với cùng kỳ năm trước. Riêng công ty con TCBS đạt 2,7 nghìn tỷ đồng lợi nhuận, giảm nhẹ 4,4% so với cùng kỳ do bối cảnh chung của thị trường chứng khoán kém sôi động. Tính đến 30/9/2022, tổng tài sản của Techcombank đạt 671,4 nghìn tỷ đồng, tăng 23,9% so với cùng kỳ năm 2021. Trong đó, dư nợ cho vay khách hàng tăng 18,2% lên 410.546 tỷ đồng. Tổng tiền gửi tại ngày 30/9 là 318,9 nghìn tỷ đồng, tăng 0,8% so với cùng kỳ năm ngoái và tăng 1,3% từ đầu năm. Tỷ lệ CASA giảm nhẹ xuống 46,5% so với mức 47,5% cuối quý 2/2022. Tại thời điểm cuối quý III, tỷ lệ vốn ngắn hạn cho vay trung-dài hạn ở mức 27,4%, tỷ lệ an toàn vốn (CAR) theo Basel II ở mức 15,7%. Về chất lượng nợ, tỷ lệ nợ xấu tại ngày 30/9 của Techcombank ở mức 0,6%; tỷ lệ bao phủ nợ xấu đạt 165,0%, phản ánh chất lượng tín dụng ổn định. Techcombank tiếp tục tăng trưởng mạnh trong 9 tháng đầu năm, tỷ lệ nợ xấu chỉ 0,6%",TCB,TCB,Techcombank,alias,0.98,auto_high_confidence,Phó Tổng Giám đốc Techcombank đăng ký mua cổ phiếu Target,Phó Tổng Giám đốc Techcombank đăng ký mua cổ phiếu Target,FinABSA_target_masked_headline_v1,0,Phó Tổng Giám đốc Techcombank đăng ký mua cổ phiếu Target,The sentiment for Target in the given sentence is NEUTRAL.,neutral,,,,0.0,/home/huylkq/repos/nlp/FinABSA-Valid/MODEL/finabsa-other-masked-final_3epoch,Target,ok,neutral,2022-10-27 17:33:24+00:00,2022-10-27
65b547ac41dc46c6_00,65b547ac41dc46c6,https://cafef.vn/hagl-agrico-hng-cong-bo-lo-trinh-khac-phuc-chung-khoan-bi-canh-bao-chuyen-hach-toan-cong-ty-con-sang-tien-lao-20221027165923448.chn,2022-10-27T16:59:37,,,"HAGL Agrico (HNG) công bố lộ trình khắc phục chứng khoán bị cảnh báo, chuyển hạch toán công ty con sang tiền Lào","“Lộ trình đến cuối năm sẽ cơ bản chuyển đổi đồng tiền hạch toán của các công ty con tại Lào, nơi đồng Lak giảm giá mạnh do ảnh hưởng của lạm phát”, HAGL Agrico cho biết.","HNG: Giá hiện tại Thay đổi Xem hồ sơ doanh nghiệp TIN MỚI Trong thông báo mới gửi cho Sở Giao dịch Chứng khoán TP Hồ Chí Minh (HoSE), CTCP Nông nghiệp Quốc tế Hoàng Anh Gia Lai ( HAGL Agrico , mã chứng khoán HNG) đã giải trình biện pháp và lộ trình khắc phục tình trạng chứng khoán bị cảnh báo. Cụ thể, cuối tháng 9 vừa qua, Sở GDCK Tp.HCM (HoSE) ra quyết định giữ nguyên diện cảnh báo đối với cổ phiếu HNG do lợi nhuận sau thuế chưa phân phối tại ngày 30/06/2022 là âm 4.096,97 tỷ đồng và có ý kiến kiểm toán là chấp nhận toàn phần căn cứ Báo cáo tài chính hợp nhất soát xét bán niên năm 2022. Theo văn bản giải trình, HAGL Agrico cho biết trong 9 tháng đầu năm 2022, tình hình dịch bệnh Covid-19 và lạm phát làm cho vật giá, giá USD tăng cao đặc biệt là giá dầu tại Lào tăng 91% so với thời điểm cuối năm 2021. Những điều này đã dẫn đến lợi nhuận sau thuế chưa phân phối tại ngày 30/9/2022 của Công ty âm 4.512,8 tỷ đồng. Trước tình hình trên, Công ty đã thực hiện chiến lược về đầu tư và sản xuất nông nghiệp cho giai đoạn 2022 - 2023 từ đó, tạo ra lợi nhuận trong các năm tiếp theo và từng bước giảm các khoản lỗ trên BCTC. Cụ thể, HAGL Agrico sẽ cải tạo, nâng cấp các vườn cây ăn trái phù hợp quy hoạch; tiếp tục chuyển đổi các vườn cây ăn trái và cao su không hiệu quả sang trồng chuối, dứa, xoài và chăn nuôi bò. Bên cạnh đó, công ty cũng đầu tư đồng bộ hạ tầng kỹ thuật (thủy lợi, điện, giao thông), các công trình trên đất (xưởng đóng gói, tổng kho, nhà ở công nhân, văn phòng và nhà ở cán bộ công nhân viên); máy móc thiết bị cơ giới hoá; đầu tư chuồng trại, chăn nuôi bò, sản xuất phân hữu cơ. Đồng thời Công ty cũng đang thực hiện chuyển đổi đồng tiền hạch toán tại các công ty con sang sử dụng thống nhất một loại tiền tệ quốc tế, nhằm giảm thiểu ảnh hưởng bởi chênh lệch tỷ giá, phần gây lỗ lớn trong BCTC của Công ty trong các năm qua. “Lộ trình đến cuối năm sẽ cơ bản chuyển đổi đồng tiền hạch toán của các công ty con tại Lào, nơi đồng Lak giảm giá mạnh do ảnh hưởng của lạm phát” , HAGL Agrico cho biết. Chốt phiên 27/10, thị giá HNG có phiên phục hồi nhẹ sau chuỗi giảm sâu, đóng cửa đạt 4.330 đồng/cp. Doanh nghiệp đã công bố BCTC quý 3, ghi nhận lỗ gộp 182 tỷ đồng, tăng mạnh so với con số lỗ 14 tỷ hồi quý 3/2021. Trong kỳ các chi phí tiếp tục tăng mạnh khiến HAGL Agrico lỗ ròng gần 416 tỷ đồng. Luỹ kế 9 tháng, HNG đạt doanh thu 553 tỷ đồng, chịu lỗ ròng gần 1.086 tỷ đồng (gấp 3 lần số lỗ 9 tháng đầu năm ngoái). Được biết, tình hình khó khăn đã được ban lãnh đạo sớm dự trù từ đầu năm 2022. HAGL Agrico cũng đã lên kế hoạch cho quý 4/2022, dự kiến sản lượng trái cây thu hoạch đạt 10.242 tấn, khai thác mủ cao su dự kiến 5.178 tấn mủ. Doanh thu thuần ước thực hiện 246 tỷ đồng. Để thực hiện chỉ tiêu trên, Công ty dự kiến đầu tư hoàn thiện hạ tầng kỹ thuật và công trình trên đất phục vụ sản xuất. Giá trị đầu tư 136 tỷ đồng. Với chăn nuôi bò, Công ty đang bước đầu triển khai đàu tư trang trai chăn nuôi bò sinh sản với 6 cụm chuồng và nhập 3.000 con bò sinh sản. Tổng giá trị đầu tư 240 tỷ đồng. Cùng với sân bay NongKang, tổng tiền đầu tư quý 4/2022 là 463 tỷ đồng, luỹ kế cả năm vào mức 903 tỷ đồng.",HAG,HAG,Hoang Anh Gia Lai,alias,0.98,auto_high_confidence,"TargetL Agrico (Other) công bố lộ trình khắc phục chứng khoán bị cảnh báo, chuyển hạch toán công ty con sang tiền Lào","TargetL Agrico (Other) công bố lộ trình khắc phục chứng khoán bị cảnh báo, chuyển hạch toán công ty con sang tiền Lào",FinABSA_target_masked_headline_v1,0,"TargetL Agrico (Other) công bố lộ trình khắc phục chứng khoán bị cảnh báo, chuyển hạch toán công ty con sang tiền Lào",The sentiment for Target in the given sentence is NEUTRAL.,neutral,,,,0.0,/home/huylkq/repos/nlp/FinABSA-Valid/MODEL/finabsa-other-masked-final_3epoch,Target,ok,neutral,2022-10-27 16:59:37+00:00,2022-10-27
42b52515946044fb_00,42b52515946044fb,https://cafef.vn/ocb-duoc-vinh-danh-trong-top-thuong-hieu-tai-chinh-dan-dau-viet-nam-20221027163324053.chn,2022-10-27T16:33:38,,,OCB được vinh danh trong Top thương hiệu tài chính dẫn đầu Việt Nam,"Chiều ngày 27/10, tại Hội nghị thương hiệu 2022 do Tạp chí Forbes Việt Nam tổ chức, Ngân hàng TMCP Phương Đông (OCB) đã chính thức được vinh danh trong “Top 25 thương hiệu tài chính dẫn đầu Việt Nam 2021”.","TIN MỚI Trong đợt đánh giá này, Forbes Việt Nam lần đầu tiên tính toán chi tiết danh sách các thương hiệu giá trị nhất trong ngành tài chính bao gồm ngân hàng, chứng khoán và bảo hiểm tại Việt Nam dựa theo phương pháp đánh giá của Forbes (Mỹ), định lượng giá trị của một thương hiệu thông qua những số liệu tài chính, dựa trên khả năng tạo ra lợi nhuận. Trải qua những quy chuẩn đánh giá gắt gao, Forbes Việt Nam đã chính thức công bố và vinh danh 25 thương hiệu giá trị nhất trong lĩnh vực Tài chính bao gồm ngân hàng, chứng khoán và bảo hiểm tại Việt Nam. Là một trong những ngân hàng thương mại phát triển năng động, cùng những dấu ấn đầy ấn tượng trong năm 2021, OCB đã được vinh danh trong Top 25, xếp thứ 11 với giá trị thương hiệu là 107,8 triệu USD, sánh vai cùng những thương hiệu tài chính hàng đầu. Ông nguyễn Đình Tùng – Tổng Giám đốc OCB đại diện ngân hàng nhận vinh danh từ Fobes Việt Nam Đây là hạng mục giải thưởng danh giá, uy tín, khẳng định vị thế thương hiệu của OCB trên thị trường Tài chính - Ngân hàng. Ông Nguyễn Đình Tùng – Tổng Giám đốc OCB chia sẻ: “Được vinh danh trong Top 25 thương hiệu tài chính dẫn đầu Việt Nam 2021, đây thực sự là niềm tự hào của OCB và là thành quả cho những nỗ lực của ngân hàng trong suốt hành trình qua. Và chúng tôi sẽ không ngừng nỗ lực hơn nữa để thực hiện mục tiêu của mình - trở thành ngân hàng trong Top 5 các ngân hàng thương mại cổ phần tư nhân tốt nhất Việt Nam”. Những năm gần đây, OCB đã ghi nhận sự bứt phá ngoạn mục với mức tăng trưởng tín dụng tăng gấp 3 lần về quy mô trong giai đoạn 2015 - 2020, nhờ sự tập trung mạnh ở mảng bán lẻ và khối doanh nghiệp vừa và nhỏ (SME). Vốn điều lệ ngân hàng tăng gấp 4 lần, từ 4.000 tỷ lên lên 13.698 tỷ đồng vào tháng 8/2021. Mới đây, OCB cũng đã có đề xuất tăng vốn điều lệ và ngân hàng sẽ tăng thêm hơn 4.109 tỷ đồng, từ hơn 13.698 tỷ đồng lên hơn 17.808 tỷ đồng sau khi có chấp thuận của cơ quan chức năng. Xét về các chỉ số đo lường hiệu quả hoạt động, OCB đạt top 4 ngân hàng hoạt động hiệu quả nhất tại Việt Nam, do Forbes bình chọn. Với mức sinh lời tốt khi lợi nhuận trên tài sản trung bình (ROAA) và lợi nhuận ròng trên vốn chủ sở hữu bình quân (ROAE) đứng thứ 2 toàn bộ hệ thống ngân hàng. Đặc biệt, OCB cũng là một trong những ngân hàng tiên phong trong lĩnh vực chuyển đổi số. Chỉ tính riêng ứng dụng ngân hàng số OCB OMNI, năm 2021, ngân hàng có sự tăng trưởng nổi bật và tính bằng lần. Cụ thể, số lượng người dùng OCB OMNI tăng gấp 3 lần, lượng giao dịch tăng hơn 60% và eKYC tăng 15 lần so với 2020. Đến nay, đã có hơn 160 sản phẩm dịch vụ và tiện ích trên kênh số này, cung cấp đầy đủ, đa dạng các dịch vụ ngân hàng, bảo hiểm, đầu tư,… giúp khách hàng có thể mua chứng chỉ quỹ, chuyển tiền chứng khoán hay chuyển tiền quốc tế ngay trên OCB OMNI mà không cần đến quầy giao dịch,... Đặc biệt, đầu năm 2022, OCB OMNI đã cho ra mắt Facepay - Phương thức thanh toán chỉ cần “có mặt, là xong”, giao dịch không dùng tiền mặt, không thẻ ngân hàng, không điện thoại, hoàn tất trong vòng vài giây và hoàn toàn miễn phí. Đây là phương thức thanh toán hiện đại nhất hiện nay. OCB OMNI cũng ghi nhận số lượng người dùng tăng gấp 2.5 lần cùng kỳ năm trước, số lượng giao dịch tăng hơn 200% so với năm 2021; Tỷ lệ tiền gửi thông qua kênh cũng tăng 178% so với cùng kỳ. Bên cạnh đó, chỉ sau một thời gian ngắn triển khai sản phẩm Giải pháp tìm và vay mua nhà trực tuyến trên nền tảng Unlock Dream Home, nền tảng này đã có gần 270.000 lượt truy cập vào website Unlock Dream Home, hơn 7.300 người đăng ký được tư vấn và hơn 75.000 bất động sản đa dạng ở nhiều tỉnh thành cùng hàng ngàn khách hàng đã được tiếp cận khoản vay và chọn được ngôi nhà như ý. Đặc biệt, sắp tới, OCB sẽ cho nền tảng Liobank - Ngân hàng số thế hệ mới dành cho khách hàng trẻ và yêu thích trải nghiệm sự tiện nghi của công nghệ. Cụ thể, các sản phẩm cung cấp qua ngân hàng số Liobank sẽ bao gồm: Thẻ ghi nợ, thẻ tín dụng, dịch vụ thanh toán và chuyển tiền, chương trình khách hàng thân thiết, sản phẩm tiết kiệm cùng giải pháp quản lý tài chính cá nhân. Đối với Liobank, mọi thao tác, giao dịch sẽ diễn ra trên ứng dụng cùng tên. Giao diện ứng dụng được nhà phát triển thiết kế thân thiện với người dùng, dễ sử dụng cùng đồ họa sinh động. Khi đăng ký mở tài khoản Liobank, khách hàng sẽ được cấp thẻ 2 trong 1, vừa có chức năng ghi nợ (ATM) vừa là thẻ tín dụng hoàn toàn miễn phí. Thẻ có hạn mức đến 300 triệu đồng cùng thời gian miễn lãi suất tín dụng đến 62 ngày tạo điều kiện thuận lợi cho khách hàng khi chi tiêu. Đặc biệt, khách hàng sẽ được hoàn tiền đến 10%, tối đa 500.000 đồng cho tổng giao dịch phát sinh trong tháng. Ngân hàng số thế hệ mới Liobank dự kiến sẽ sớm được triển khai trong thời gian tới mang đến trải nghiệm sử dụng vượt trội cho người trẻ sành công nghệ. Không chỉ có những bước đi đầy ấn tượng trong hoạt động kinh doanh, OCB còn tạo dấu ấn trong việc xây dựng, phát triển môi trường làm việc hiện đại, năng động, kiến tạo đội ngũ cán bộ nhân viên chuyên môn hóa cao, liên tục được vinh danh ở những giải thưởng danh giá trong nước và quốc tế.",OCB,OCB,OCB,alias,0.98,auto_high_confidence,Target được vinh danh trong Top thương hiệu tài chính dẫn đầu Việt Nam,Target được vinh danh trong Top thương hiệu tài chính dẫn đầu Việt Nam,FinABSA_target_masked_headline_v1,0,Target được vinh danh trong Top thương hiệu tài chính dẫn đầu Việt Nam,The sentiment for Target in the given sentence is NEUTRAL.,neutral,,,,0.0,/home/huylkq/repos/nlp/FinABSA-Valid/MODEL/finabsa-other-masked-final_3epoch,Target,ok,neutral,2022-10-27 16:33:38+00:00,2022-10-27
3fdd87ffa5adf6b9_00,3fdd87ffa5adf6b9,https://cafef.vn/agribank-vietinbank-bidv-tang-lai-suat-huy-dong-them-hon-1-tu-27-10-20221027121804553.chn,2022-10-27T12:18:17,,,"Agribank, VietinBank, BIDV tăng lãi suất huy động thêm hơn 1% từ 27/10","Theo đó, lãi suất cao nhất khi gửi trực tuyến tại nhóm Big4 có thể lên xấp xỉ 8%/năm, tương đương với nhiều ngân hàng tư nhân khác.","TIN MỚI Ngân hàng Agribank, VietinBank, BIDV vừa cập nhật biểu lãi suất huy động mới từ ngày 27/10 và tăng mạnh ở nhiều kỳ hạn. Theo đó, lãi suất cao nhất tại quầy ở 3 nhà băng này là 7,4%/năm, áp dụng cho kỳ hạn từ 12 tháng trở lên, cao hơn trước 1%/năm. Đối với kỳ hạn từ 6 tháng – 11 tháng, lãi suất lại 3 ngân hàng này có sự khác biệt. Trong đó, VietinBank niêm yết 6%/năm, tăng 1,3-1,4% so với biểu lãi suất cũ. BIDV áp dụng mức 6%/năm cho kỳ hạn 6 tháng và 6,1%/năm cho kỳ hạn 9 tháng. Agribank thì niêm yết cùng một mức 6,1%/năm. Đối với kỳ hạn ngắn 3-5 tháng, lãi suất tại 3 ngân hàng này đều tăng 1% lên là 5,4%/năm, kỳ hạn 1-2 tháng tăng 0,8% lên 4,9%/năm. Với tiền gửi không kỳ hạn, VietinBank và BIDV tiếp tục duy trì mức lãi suất 0,1%/năm, trong khi Agribank tăng 0,2% lên 0,5%/năm. Được biết, VietinBank, BIDV cộng lãi suất tiền gửi theo hình thức trực tuyến thêm 0,5-0,6%/năm so với gửi tại quầy. Theo đó, lãi suất cao nhất tại nhóm Big4 có thể lên xấp xỉ 8%/năm, tương đương với nhiều ngân hàng tư nhân khác như VPBank (số tiền dưới 300 triệu), Techcombank, Sacombank,… Trên thị trường, một số ngân hàng đã niêm yết lãi suất huy động cao nhất đạt trên dưới mốc 9%/năm, có thể kể đến SCB, VietCapitalBank, CBBank. Tuy nhiên, lãi suất có sự chênh lệch khá lớn giữa biểu niêm yết và lãi suất thực tế tại mỗi chi nhánh. Do đó, trên thực tế, ngoài 3 ngân hàng nói trên, tại một số chi nhánh ở những ngân hàng khác, lãi suất tiền gửi cũng đã lên trên 9%/năm. Như vậy, chỉ trong vòng hơn 1 tháng, lãi suất tiền gửi trên thị trường đã tăng trên 2%/năm ở nhiều kỳ hạn, đưa mức lãi suất trở lại vùng cao hơn cả năm 2019. Động thái tăng mạnh lãi suất huy động của các ngân hàng thương mại diễn ra sau khi Ngân hàng Nhà nước có 2 đợt tăng lãi suất điều hành (ngày 23/9 và 25/10), mỗi đợt tăng 1%. Trong đó, ngày 25/10 vừa qua, NHNN đã tăng lãi suất tái cấp vốn từ 5,0%/năm lên 6,0%/năm; lãi suất tái chiết khấu từ 3,5%/năm lên 4,5%/năm; lãi suất cho vay qua đêm trong thanh toán điện tử liên ngân hàng và cho vay bù đắp thiếu hụt vốn trong thanh toán bù trừ của NHNN đối với TCTD từ 6,0%/năm lên 7,0%/năm. Lãi suất tối đa áp dụng đối với tiền gửi không kỳ hạn và có kỳ hạn dưới 1 tháng cũng tăng từ mức 0,5%/năm lên 1,0%/năm; lãi suất tối đa áp dụng đối với tiền gửi có kỳ hạn từ 1 tháng đến dưới 6 tháng từ 5,0%/năm lên 6,0%/năm, riêng lãi suất tối đa đối với tiền gửi bằng VND tại Quỹ tín dụng nhân dân, Tổ chức tài chính vi mô từ 5,5%/năm lên 6,5%/năm; lãi suất tiền gửi có kỳ hạn từ 6 tháng trở lên do TCTD ấn định trên cơ sở cung - cầu vốn thị trường. Ngoài ra, lãi suất cho vay ngắn hạn tối đa bằng VND của TCTD đối với khách hàng vay để đáp ứng nhu cầu vốn phục vụ một số lĩnh vực, ngành kinh tế tăng từ 4,5%/năm lên 5,5%/năm; lãi suất cho vay ngắn hạn tối đa bằng VND của Quỹ tín dụng nhân dân và Tổ chức tài chính vi mô đối với các nhu cầu vốn này tăng từ 5,5%/năm lên 6,5%/năm. Ngân hàng đua lãi suất, người gửi tiền... 'đau đầu'",BID,BID,BIDV,alias,0.98,auto_high_confidence,"Agribank, VietinBank, TargetV tăng lãi suất huy động thêm hơn 1% từ 27/10","Agribank, VietinBank, TargetV tăng lãi suất huy động thêm hơn 1% từ 27/10",FinABSA_target_masked_headline_v1,0,"Agribank, VietinBank, TargetV tăng lãi suất huy động thêm hơn 1% từ 27/10",The sentiment for Target in the given sentence is NEUTRAL.,neutral,,,,0.0,/home/huylkq/repos/nlp/FinABSA-Valid/MODEL/finabsa-other-masked-final_3epoch,Target,ok,neutral,2022-10-27 12:18:17+00:00,2022-10-27
02bd80ee2b412e7f_00,02bd80ee2b412e7f,https://cafef.vn/chu-tich-powell-lai-bi-chi-trich-vi-tang-lai-suat-lan-truoc-la-ong-trump-lan-nay-do-dang-dan-chu-20221027105013064.chn,2022-10-27T10:50:25,,,"Chủ tịch Powell lại bị chỉ trích vì tăng lãi suất, lần trước là ông Trump, lần này do đảng Dân chủ",Người đứng đầu Ngân hàng Trung ương Mỹ một lần nữa phải đối mặt với những áp lực về chính sách tiền tệ của cơ quan này nhưng lần này là từ người Dân chủ.,"TIN MỚI Không lạ lẫm gì trước những áp lực chính trị, ông Jerome Powell hồi đầu tuần đã trở thành tâm điểm của sự quan ngại trong bức thư mà Thượng nghị sĩ Sherrod Brown – đảng Dân chủ ở Ohio - gửi đi. Ông Brown đề cập tới nguy cơ việc làm suy giảm khi FED tăng lãi suất, phương thức mà họ đang sử dụng để chống lạm phát. “Nhiệm vụ của các ông là chống lại lạm phát nhưng không phải vì vậy mà các ông bỏ qua trách nhiệm của chính mình trong việc đảm bảo rằng chúng ta có đủ việc làm. Khả năng mất việc do thắt chặt tiền tệ quá mức sẽ chỉ làm trầm trọng thêm những vấn đề mà lạm phát gây ra cho tầng lớp lao động”, Thượng nghị sĩ Brown viết. Bức thư được gửi tới FED khi chưa đầy một tuần nữa sẽ diễn ra cuộc họp chính sách kéo dài 2 ngày của Ngân hàng trung ương Mỹ. Người ta tin rằng FED sẽ tăng lãi suất 0,75% lần thứ 4 liên tiếp sau cuộc họp kết thúc vào ngày 2/11. Điều đó sẽ đưa lãi suất chuẩn của FED lên 3,75 đến 4%, mức cao nhất kể từ đầu năm 2008 và cũng là tốc độ tăng lãi suất nhanh nhất kể từ đầu những năm 1980. Dù không đề xuất một lộ trình hành động cụ thể nhưng Thượng nghị sĩ Brown nhắc nhở ông Powell rằng FED có 2 nhiệm vụ là duy trì lạm phát ở mức thấp cũng như toàn dụng lao động (trạng thái của nền kinh tế mà tất cả mọi người thuộc lực lượng lao động đều có việc làm). Từ đó, vị Thượng nghị sĩ đảng Dân chủ đề nghị: “Quyết định mà các ông đưa ra ở cuộc họp tiếp theo của Ủy ban Thị trường mở Liên bang Mỹ (FOMC) cần phản ánh cam kết của các ông đối với nhiệm vụ kép này”. Chu kỳ tăng lãi suất gần nhất của FED là giai đoạn 2016 đến tháng 12/2018. Thời điểm đó, ông Powell đã phải đối mặt với những lời chỉ trích gay gắt từ ông Donald Trump, người đang đảm trách cương vị Tổng thống. Thậm chí, ông Trump còn gọi lãnh đạo các Ngân hàng trung ương của FED là “những kẻ đầu trọc”, thậm chí ám chỉ ông Powell là “kẻ thù lớn nhất của đất nước”. Thời điểm đó, các thành viên đảng Dân chủ, bao gồm cả Tổng thống đương nhiệm Joe Biden, đã chỉ trích ông Trump khi can thiệp vào hoạt động của FED. Họ tái khẳng định rằng Ngân hàng Trung ương của Mỹ không phải chịu áp lực chính trị khi xây dựng chính sách tiền tệ. Thực tế, những luận điểm mà Thượng nghị sĩ Dân chủ Sherrod Brown đưa ra nhẹ nhàng hơn so với những gì ông Trump từng gây áp lực. Các nhà phân tích cũng cho rằng bức thư này khó có thể làm thay đổi việc ra quyết định của FED. Dẫu vậy, quan điểm của các lãnh đạo Ngân hàng Trung ương Mỹ có vẻ cũng đang thay đổi. Mức tăng 0,75% trong cuộc họp chính sách sắp tới là điều mà người ta không còn tranh cãi. Tuy nhiên, chỉ 36% số người tin rằng FED sẽ tăng lãi 0,75% vào cuộc họp tháng 12 của FOMC, thay vì gần 80% như trước đó. Sự thay đổi tâm lý này bắt nguồn từ những nhận xét thận trọng của các quan chức FED, bao gồm cả Phó Chủ tịch Lael Brainard và Chủ tịch FED San Francisco Mary Daly. Bà Daly còn nói rằng mình đang tìm kiếm những con số có thể khiến FED làm chậm tốc độ tăng lãi suất của mình. Người phát ngôn của FED cho biết ông Powell đã nhận được bức thư từ Thượng nghị sĩ Brown và nói rằng chính sách thông thường của họ là phản hồi những thông điệp đó một cách trực tiếp. Trong quá khứ, ông Powell thường từ chối trả lời khi được hỏi liệu áp lực chính trị có thể ảnh ưởng tới việc ra quyết định của FED hay không. Tuy nhiên, áp lực từ ông Brown không phải là duy nhất. Thời gian gần đây, ông Powell phải đối mặt nhiều chỉ trích từ những người khác ở Đồi Capitol. Thượng nghị sĩ Elizabeth Warren, đảng Dân chủ ở Massachusetts và cũng là cựu ứng viên tổng thống, gọi ông Powell là nguy hiểm. Gần đây, bà Warren cũng cảnh báo việc tăng lãi suất có thể tác động tới việc làm. Thượng nghị sĩ Joe Manchin, đảng Dân chủ ở Virginia, cũng chỉ trích ông Powell vào năm ngoái. Peter Boockvar, Giám đốc đầu tư tại Bleakley Advisory Group, cho biết: “Tôi không nhất thiết cho rằng ông Powell chịu áp lực chính trị. Tuy nhiên, tôi tự hỏi rằng liệu một số đồng nghiệp của ông ấy có đang trở nên diều hau hay không. Hiện tại, việc làm vẫn ổn nhưng khi thời gian trôi qua và tốc độ tăng trưởng tiếp tục chậm lại, việc sa thải sẽ gia tăng với tốc độ đáng quan ngại hơn. Tôi tin rằng áp lực cũng sẽ ngày cảng tăng”. Tăng lương đã diễn ra mạnh mẽ suốt nhiều năm qua. Tuy nhiên, một số công ty cho biết họ đang đóng băng việc tuyển dụng hoặc cắt giảm nhân sự khi điều kiện kinh tế gặp khó. Nền kinh tế tăng trưởng chậm lại và lạm phát cao đang khiến bối cảnh trở nên ngày càng khó khăn hơn cho đảng Dân chủ trước cuộc bầu cử giữa nhiệm kỳ, được tổ chức tháng 11 tới. Nếu đánh mất quyền kiểm soát ở ít nhất 1 trong 2 viện của Quốc hội Mỹ, phần còn lại trong nhiệm kỳ Tổng thống của ông Biden sẽ rất khó khăn. Cả thị trường và người dân Mỹ đều sẽ tập trung vào kết quả cuộc họp chính sách của FED trong thứ 4 tuần tới, chỉ 6 ngày trước khi cuộc bầu cử giữa nhiệm kỳ diễn ra. Tham khảo: CNBC FED thành ‘cái gai mới’ trong mắt tỷ phú Elon Musk",Pow,POW,Pow Power,alias,0.98,auto_high_confidence,"Chủ tịch Targetell lại bị chỉ trích vì tăng lãi suất, lần trước là ông Trump, lần này do đảng Dân chủ","Chủ tịch Targetell lại bị chỉ trích vì tăng lãi suất, lần trước là ông Trump, lần này do đảng Dân chủ",FinABSA_target_masked_headline_v1,0,"Chủ tịch Targetell lại bị chỉ trích vì tăng lãi suất, lần trước là ông Trump, lần này do đảng Dân chủ",The sentiment for Target in the given sentence is NEUTRAL.,neutral,,,,0.0,/home/huylkq/repos/nlp/FinABSA-Valid/MODEL/finabsa-other-masked-final_3epoch,Target,ok,neutral,2022-10-27 10:50:25+00:00,2022-10-27
3443eab37aa7a1f1_00,3443eab37aa7a1f1,https://cafef.vn/lanh-dao-xay-dung-hoa-binh-bi-chung-khoan-vps-ban-giai-chap-co-phieu-hbc-20221027103116279.chn,2022-10-27T10:31:36,,,Lãnh đạo Xây dựng Hòa Bình bị Chứng khoán VPS bán giải chấp cổ phiếu HBC,"Ông Đinh Văn Thanh, Phó Tổng Giám đốc Xây dựng Hòa Bình bị VPS bán giải chấp 24.500 cổ phiếu HBC.","HBC: Giá hiện tại Thay đổi Xem hồ sơ doanh nghiệp TIN MỚI Mới đây, CTCP Chứng khoán VPS đã có thông báo về việc bán giải chấp chứng khoán ký quỹ của khách hàng là người nội bộ của CTCP Tập đoàn Xây dựng Hoà Bình (mã chứng khoán: HBC). Cụ thể, ông Đinh Văn Thanh, Phó Tổng Giám đốc Xây dựng Hòa Bình bị VPS bán giải chấp 24.500 cổ phiếu HBC, thời gian giao dịch dự kiến thực hiện từ ngày 24/10. Cũng trong phiên 24/10, ông Thanh đã báo cáo giao dịch bán ra lượng cổ phần trên, lý do thực hiện là CTCK bán giải chấp. Hiện, lượng cổ phiếu HBC ông Thanh sở hữu đạt 87.850 cổ phiếu (tỷ lệ sở hữu 0,03% vốn). Lãnh đạo Xây dựng Hòa Bình bị bán giải chấp cổ phiếu trong bối cảnh thị giá HBC đang có chuỗi lao dốc mạnh thời gian gần đây, giảm liên tiếp 6 phiên gần nhất trong đó có tới 3 phiên giảm sàn. Thị giá chốt Phiên 26/10 đạt 10.050 đồng/cp. Diễn biến không tích cực của giá cổ phiếu khiến hàng loạt cổ đông bị CTCK “call margin” trong thời gian qua. Trước đó, tại Công ty cổ phần Phát triển nhà Bà Rịa - Vũng Tàu (Hodeco, mã chứng khoán: HDC), ông Nguyễn Tuấn Anh, Thành viên HĐQT độc lập và tổ chức có liên quan là Đầu tư Thiên Anh Minh vừa lần lượt bán ra 73.000 và 68.600 cổ phiếu HDC, cùng với lý do CTCK bán giải chấp. Đây là lần thứ 3 trong năm cổ đông này bị bán giải chấp cổ phiếu. Giá cổ phiếu HDC hiện giảm xuống vùng giá thấp nhất 17 tháng, đánh mất 68% kể từ đỉnh đầu năm. Hay cũng tại VPS, hồi tháng 4/2022, ông Nguyễn Mạnh Tuấn (được nhiều nhà đầu tư gọi với biệt danh A7), Thành viên HĐQT Công ty cổ phần LICOGI 14 (mã chứng khoán: L14) cũng bị bán giải chấp 200 cổ phiếu L14 khi thị giá khi ấy đã chiết khấu tới 44% kể từ mức đỉnh 440.000 đồng",VPS,VPS,VPS Securities,alias,0.98,auto_high_confidence,Lãnh đạo Xây dựng Hòa Bình bị Chứng khoán Target bán giải chấp cổ phiếu Other,Lãnh đạo Xây dựng Hòa Bình bị Chứng khoán Target bán giải chấp cổ phiếu Other,FinABSA_target_masked_headline_v1,0,Lãnh đạo Xây dựng Hòa Bình bị Chứng khoán Target bán giải chấp cổ phiếu Other,The sentiment for Target in the given sentence is NEUTRAL.,neutral,,,,0.0,/home/huylkq/repos/nlp/FinABSA-Valid/MODEL/finabsa-other-masked-final_3epoch,Target,ok,neutral,2022-10-27 10:31:36+00:00,2022-10-27
3443eab37aa7a1f1_01,3443eab37aa7a1f1,https://cafef.vn/lanh-dao-xay-dung-hoa-binh-bi-chung-khoan-vps-ban-giai-chap-co-phieu-hbc-20221027103116279.chn,2022-10-27T10:31:36,,,Lãnh đạo Xây dựng Hòa Bình bị Chứng khoán VPS bán giải chấp cổ phiếu HBC,"Ông Đinh Văn Thanh, Phó Tổng Giám đốc Xây dựng Hòa Bình bị VPS bán giải chấp 24.500 cổ phiếu HBC.","HBC: Giá hiện tại Thay đổi Xem hồ sơ doanh nghiệp TIN MỚI Mới đây, CTCP Chứng khoán VPS đã có thông báo về việc bán giải chấp chứng khoán ký quỹ của khách hàng là người nội bộ của CTCP Tập đoàn Xây dựng Hoà Bình (mã chứng khoán: HBC). Cụ thể, ông Đinh Văn Thanh, Phó Tổng Giám đốc Xây dựng Hòa Bình bị VPS bán giải chấp 24.500 cổ phiếu HBC, thời gian giao dịch dự kiến thực hiện từ ngày 24/10. Cũng trong phiên 24/10, ông Thanh đã báo cáo giao dịch bán ra lượng cổ phần trên, lý do thực hiện là CTCK bán giải chấp. Hiện, lượng cổ phiếu HBC ông Thanh sở hữu đạt 87.850 cổ phiếu (tỷ lệ sở hữu 0,03% vốn). Lãnh đạo Xây dựng Hòa Bình bị bán giải chấp cổ phiếu trong bối cảnh thị giá HBC đang có chuỗi lao dốc mạnh thời gian gần đây, giảm liên tiếp 6 phiên gần nhất trong đó có tới 3 phiên giảm sàn. Thị giá chốt Phiên 26/10 đạt 10.050 đồng/cp. Diễn biến không tích cực của giá cổ phiếu khiến hàng loạt cổ đông bị CTCK “call margin” trong thời gian qua. Trước đó, tại Công ty cổ phần Phát triển nhà Bà Rịa - Vũng Tàu (Hodeco, mã chứng khoán: HDC), ông Nguyễn Tuấn Anh, Thành viên HĐQT độc lập và tổ chức có liên quan là Đầu tư Thiên Anh Minh vừa lần lượt bán ra 73.000 và 68.600 cổ phiếu HDC, cùng với lý do CTCK bán giải chấp. Đây là lần thứ 3 trong năm cổ đông này bị bán giải chấp cổ phiếu. Giá cổ phiếu HDC hiện giảm xuống vùng giá thấp nhất 17 tháng, đánh mất 68% kể từ đỉnh đầu năm. Hay cũng tại VPS, hồi tháng 4/2022, ông Nguyễn Mạnh Tuấn (được nhiều nhà đầu tư gọi với biệt danh A7), Thành viên HĐQT Công ty cổ phần LICOGI 14 (mã chứng khoán: L14) cũng bị bán giải chấp 200 cổ phiếu L14 khi thị giá khi ấy đã chiết khấu tới 44% kể từ mức đỉnh 440.000 đồng",HBC,HBC,,ticker_context_rule,0.95,auto_high_confidence,Lãnh đạo Xây dựng Hòa Bình bị Chứng khoán Other bán giải chấp cổ phiếu Target,Lãnh đạo Xây dựng Hòa Bình bị Chứng khoán Other bán giải chấp cổ phiếu Target,FinABSA_target_masked_headline_v1,1,Lãnh đạo Xây dựng Hòa Bình bị Chứng khoán Other bán giải chấp cổ phiếu Target,The sentiment for Target in the given sentence is NEUTRAL.,neutral,,,,0.0,/home/huylkq/repos/nlp/FinABSA-Valid/MODEL/finabsa-other-masked-final_3epoch,Target,ok,neutral,2022-10-27 10:31:36+00:00,2022-10-27
99e41addf23d5438_00,99e41addf23d5438,https://cafef.vn/shb-trien-khai-chuong-trinh-khuyen-mai-hap-dan-danh-cho-khach-hang-doanh-nghiep-20221027072709042.chn,2022-10-27T08:00:00,,,SHB triển khai chương trình khuyến mãi hấp dẫn dành cho khách hàng doanh nghiệp,"Nhân dịp kỷ niệm 29 năm thành lập (13/11/1993 – 13/11/2022), Ngân hàng TMCP Sài Gòn – Hà Nội (SHB) triển khai chương trình khuyến mại ""SHB 29 năm – Trao tri ân, Nhận gắn kết"" với hàng ngàn quà tặng và ưu đãi hấp dẫn dành cho khách hàng doanh nghiệp.","TIN MỚI Chương trình được SHB triển khai từ 20/10/2022 đến 28/02/2023 trên toàn hệ thống với 3 gói ưu đãi áp dụng cho: khách hàng mới và khách hàng hiện hữu. Đối với khách hàng doanh nghiệp mới, SHB dành tặng 2.900 tài khoản số đẹp đẳng cấp cho khách hàng lần đầu mở tài khoản tại SHB; đồng thời khách hàng đăng ký Gói Combo Tài khoản thanh toán sẽ nhận thêm quà tặng là 01 Voucher giảm trừ phí/lãi tại SHB. Đối với khách hàng doanh nghiệp hiện hữu, SHB ưu đãi tặng/giảm phí Tài khoản số đẹp khi khách hàng phát sinh giao dịch tại SHB về tiền gửi, dịch vụ trả lương qua tài khoản, mở thẻ tín dụng... Đối với khách hàng chưa sử dụng Gói Combo Tài khoản thanh toán hoặc đã ngừng sử dụng Gói Combo tối thiểu 06 tháng, SHB miễn phí 12 tháng đầu khi khách hàng đăng ký Gói B.Standard. Ngoài ra, khi khách hàng nâng cấp từ Gói Combo thấp lên gói cao hơn, SHB miễn phí thay đổi và miễn phí quản lý Gói Combo trong 06 tháng khi đáp ứng điều kiện chương trình. Sử dụng Gói Combo Tài khoản thanh toán tại SHB, khách hàng sẽ nhận được nhiều ưu đãi so với đăng ký từng sản phẩm, dịch vụ riêng lẻ: Miễn phí 100% phí chuyển tiền qua IBanking, giảm tới 70% phí giao dịch tại quầy, miễn phí phát hành và phí thường niên thẻ tín dụng, miễn phí gói trả lương online và chi lương tại quầy lên tới 2 năm. Khách hàng chỉ cần đăng ký 1 lần duy nhất, sử dụng trọn đời các giao dịch online và tại quầy. Bên cạnh đó, SHB tặng hạn mức thấu chi không TSBĐ phê duyệt trước online đối với khách hàng đáp ứng điều kiện để cấp hạn mức thấu chi online. Đặc biệt, trong thời gian triển khai chương trình khuyến mại nhân dịp sinh nhật SHB, SHB tặng 290 voucher giảm phí/lãi cho khách hàng doanh nghiệp sử dụng nhiều sản phẩm, dịch vụ nhất. Voucher có thể sử dụng tại bất kỳ chi nhánh, phòng giao dịch SHB trong vòng 06 tháng kể từ ngày phát hành. Trong suốt 29 năm phát triển, SHB đã phục vụ hàng triệu khách hàng doanh nghiệp với những giải pháp, công cụ tài chính vượt trội, đồng hành phát triển cùng khách hàng. Chương trình khuyến mại ""SHB 29 năm – Trao tri ân, Nhận gắn kết"" không chỉ là lời cảm ơn của SHB dành cho các khách hàng đã và đang tin tưởng lựa chọn SHB mà còn là cam kết đồng hành, không ngừng nỗ lực cải tiến, nâng cao chất lượng sản phẩm, dịch vụ của SHB nhằm đem đến cho khách hàng những giá trị bền vững để phát triển sản xuất, kinh doanh.",SHB,SHB,SHB,alias,0.98,auto_high_confidence,Target triển khai chương trình khuyến mãi hấp dẫn dành cho khách hàng doanh nghiệp,Target triển khai chương trình khuyến mãi hấp dẫn dành cho khách hàng doanh nghiệp,FinABSA_target_masked_headline_v1,0,Target triển khai chương trình khuyến mãi hấp dẫn dành cho khách hàng doanh nghiệp,The sentiment for Target in the given sentence is NEUTRAL.,neutral,,,,0.0,/home/huylkq/repos/nlp/FinABSA-Valid/MODEL/finabsa-other-masked-final_3epoch,Target,ok,neutral,2022-10-27 08:00:00+00:00,2022-10-27
101c0444b8e09a4e_00,101c0444b8e09a4e,https://cafef.vn/vincom-retail-vre-dat-794-ty-dong-loi-nhuan-trong-quy-3-2022-20221026214835337.chn,2022-10-26T21:54:00,2022-10-26T21:54:36+07:00,,Vincom Retail (VRE) đạt 794 tỷ đồng lợi nhuận trong quý 3/2022,"Vincom Retail ghi nhận 1.944 tỷ đồng lợi nhuận sau thuế sau 9 tháng, đạt hơn 80% kế hoạch cả năm, tăng 63% so với cùng kỳ năm trc.","VRE: Giá hiện tại Thay đổi Xem hồ sơ doanh nghiệp TIN MỚI CTCP Vincom Retail (VRE) vừa công bố BCTC nhất quý 3/2022, ghi nhận tổng doanh thu thuần hợp nhất đạt 2.005 tỷ đồng, tăng 154,7% so với cùng kỳ năm trước. Trong đó, hoạt động cho thuê bất động sản đầu tư (kinh doanh trung tâm thương mại) đóng góp chính với 1.837 tỷ đồng, tăng 152,3% so với cùng kỳ năm 2021. Khấu trừ chi phí, Vincom Retail ghi nhận 794 tỷ đồng lợi nhuận sau thuế hợp nhất, tăng 3.156% so với cùng kỳ năm trước. Luỹ kế 9 tháng đầu năm, Công ty đạt 5.224 tỷ doanh thu, tương ứng thu về 1.944 tỷ đồng lợi nhuận sau thuế, đạt hơn 80% kế hoạch cả năm, tăng 63% so với cùng kỳ năm trước. Theo Vincom Retail, tình hình kinh doanh cải thiện nhờ các thương hiệu lớn đồng loạt khai trương tại các TTTM Vincom từ đầu năm đến nay. Mới nhất ngày 10/10, Trung Nguyên Legend khai trương đồng loạt 10 cửa hàng trong hệ thống Vincom toàn quốc. Hay Uniqlo sẽ khai trương 3 cửa hàng trong hệ thống TTTM, tại Vincom Center Bà Triệu, Vincom Mega Mall Royal City và Vincom Center Trần Duy Hưng trong quý 4/2022. Tận dụng mùa mua sắm và lễ hội cuối năm, Vincom Retail đang cùng các thương hiệu bán lẻ lớn đẩy mạnh các chương trình kích cầu. Khối ngoại bất ngờ mua ròng trở lại trong tuần 6-10/12, tâm điểm ""gom"" hàng trăm tỷ bộ ba cổ phiếu họ Vin",VRE,VRE,Vincom Retail,alias,0.98,auto_high_confidence,Vincom Retail (Target) đạt 794 tỷ đồng lợi nhuận trong quý 3/2022,Vincom Retail (Target) đạt 794 tỷ đồng lợi nhuận trong quý 3/2022,FinABSA_target_masked_headline_v1,0,Vincom Retail (Target) đạt 794 tỷ đồng lợi nhuận trong quý 3/2022,The sentiment for Target in the given sentence is NEUTRAL.,neutral,,,,0.0,/home/huylkq/repos/nlp/FinABSA-Valid/MODEL/finabsa-other-masked-final_3epoch,Target,ok,neutral,2022-10-26 21:54:00+00:00,2022-10-26
8e47ef867a1ac9aa_00,8e47ef867a1ac9aa,https://cafef.vn/thi-gia-gex-mat-76-ke-tu-dinh-dragon-capital-ban-rong-gan-12-trieu-co-phieu-gelex-trong-vong-chua-day-1-thang-khong-con-la-co-dong-lon-20221026195125343.chn,2022-10-26T21:05:00,,,"Thị giá GEX mất 76% kể từ đỉnh, Dragon Capital bán ròng gần 12 triệu cổ phiếu Gelex trong vòng chưa đầy 1 tháng, không còn là cổ đông lớn","Hiện lượng cổ phiếu GEX mà Dragon Capital nắm giữ còn 42,4 triệu cổ phiếu (tỷ lệ 4,98%).","GEX: Giá hiện tại Thay đổi Xem hồ sơ doanh nghiệp TIN MỚI Nhóm quỹ do Dragon Capital quản lý vừa thông báo đã hoàn tất bán ra 379.000 cổ phiếu Công ty Cổ phần Tập đoàn GELEX (mã chứng khoán: GEX) trong ngày 21/10. Cụ thể, Samsung Vietnam Securities Master Investment Trust (Equity) là quỹ thành viên đã bán ra lượng cổ phần trên. Thời gian gần đây, nhóm Dragon Capital liên tục có động thái thoái vốn tại Gelex, lần gần nhất báo cáo là vào phiên 7/10 khi bán ra 5,4 triệu cổ phiếu GEX để giảm sở hữu từ 54,3 triệu cổ phiếu (tỷ lệ) 6,37% xuống còn 48,9 triệu cổ phiếu (tỷ lệ 5,74%). Đến hiện tại, sau giao dịch phiên 21/10, lượng cổ phiếu GEX mà Dragon Capital nắm giữ đã giảm xuống còn 42,4 triệu cổ phiếu (tỷ lệ 4,98%). Như vậy chưa đầy 1 tháng, Dragon Capital đã bán ròng gần 12 triệu cổ phiếu GEX qua đó giảm tỷ lệ sở hữu xuống còn 4,96% và không còn là cổ đông lớn. Động thái giảm sở hữu của quỹ ngoại diễn ra trong bối cảnh cổ phiếu GEX liên tục sụt giảm từ đầu năm tới nay. Cổ phiếu này hiện đang giao dịch quanh vùng 11.750 đồng/cổ phiếu, tương ứng vùng đáy giá 28 tháng. So với đỉnh đạt được hồi đầu năm 2022, thị giá GEX đã giảm 76%, vốn hóa tương ứng bị thổi bay hơn 31.000 tỷ đồng sau gần 10 tháng. Hiện Gelex chưa công bố BCTC quý 3. Còn trong nửa đầu năm 2022, doanh thu thuần đạt 17.714 tỷ đồng và lợi nhuận sau thuế đạt gần 400 tỷ đồng, gấp đôi so với cùng kỳ. Tuy nhiên, lãi ròng lại giảm 53% còn 281,2 tỷ đồng, đáng chú ý là khoản lỗ ròng từ kinh doanh chứng khoán của công ty là 15 tỷ đồng, lỗ ròng chênh lệch tỷ giá là 85 tỷ đồng. Thị giá GEX đã giảm 76% kể từ đỉnh hồi đầu năm 2022",ita,ITA,Itaco,alias,0.98,auto_high_confidence,"Thị giá Other mất 76% kể từ đỉnh, Dragon CapTargetl bán ròng gần 12 triệu cổ phiếu Other trong vòng chưa đầy 1 tháng, không còn là cổ đông lớn","Thị giá Other mất 76% kể từ đỉnh, Dragon CapTargetl bán ròng gần 12 triệu cổ phiếu Other trong vòng chưa đầy 1 tháng, không còn là cổ đông lớn",FinABSA_target_masked_headline_v1,0,"Thị giá Other mất 76% kể từ đỉnh, Dragon CapTargetl bán ròng gần 12 triệu cổ phiếu Other trong vòng chưa đầy 1 tháng, không còn là cổ đông lớn",The sentiment for Target in the given sentence is NEUTRAL.,neutral,,,,0.0,/home/huylkq/repos/nlp/FinABSA-Valid/MODEL/finabsa-other-masked-final_3epoch,Target,ok,neutral,2022-10-26 21:05:00+00:00,2022-10-26
8e47ef867a1ac9aa_01,8e47ef867a1ac9aa,https://cafef.vn/thi-gia-gex-mat-76-ke-tu-dinh-dragon-capital-ban-rong-gan-12-trieu-co-phieu-gelex-trong-vong-chua-day-1-thang-khong-con-la-co-dong-lon-20221026195125343.chn,2022-10-26T21:05:00,,,"Thị giá GEX mất 76% kể từ đỉnh, Dragon Capital bán ròng gần 12 triệu cổ phiếu Gelex trong vòng chưa đầy 1 tháng, không còn là cổ đông lớn","Hiện lượng cổ phiếu GEX mà Dragon Capital nắm giữ còn 42,4 triệu cổ phiếu (tỷ lệ 4,98%).","GEX: Giá hiện tại Thay đổi Xem hồ sơ doanh nghiệp TIN MỚI Nhóm quỹ do Dragon Capital quản lý vừa thông báo đã hoàn tất bán ra 379.000 cổ phiếu Công ty Cổ phần Tập đoàn GELEX (mã chứng khoán: GEX) trong ngày 21/10. Cụ thể, Samsung Vietnam Securities Master Investment Trust (Equity) là quỹ thành viên đã bán ra lượng cổ phần trên. Thời gian gần đây, nhóm Dragon Capital liên tục có động thái thoái vốn tại Gelex, lần gần nhất báo cáo là vào phiên 7/10 khi bán ra 5,4 triệu cổ phiếu GEX để giảm sở hữu từ 54,3 triệu cổ phiếu (tỷ lệ) 6,37% xuống còn 48,9 triệu cổ phiếu (tỷ lệ 5,74%). Đến hiện tại, sau giao dịch phiên 21/10, lượng cổ phiếu GEX mà Dragon Capital nắm giữ đã giảm xuống còn 42,4 triệu cổ phiếu (tỷ lệ 4,98%). Như vậy chưa đầy 1 tháng, Dragon Capital đã bán ròng gần 12 triệu cổ phiếu GEX qua đó giảm tỷ lệ sở hữu xuống còn 4,96% và không còn là cổ đông lớn. Động thái giảm sở hữu của quỹ ngoại diễn ra trong bối cảnh cổ phiếu GEX liên tục sụt giảm từ đầu năm tới nay. Cổ phiếu này hiện đang giao dịch quanh vùng 11.750 đồng/cổ phiếu, tương ứng vùng đáy giá 28 tháng. So với đỉnh đạt được hồi đầu năm 2022, thị giá GEX đã giảm 76%, vốn hóa tương ứng bị thổi bay hơn 31.000 tỷ đồng sau gần 10 tháng. Hiện Gelex chưa công bố BCTC quý 3. Còn trong nửa đầu năm 2022, doanh thu thuần đạt 17.714 tỷ đồng và lợi nhuận sau thuế đạt gần 400 tỷ đồng, gấp đôi so với cùng kỳ. Tuy nhiên, lãi ròng lại giảm 53% còn 281,2 tỷ đồng, đáng chú ý là khoản lỗ ròng từ kinh doanh chứng khoán của công ty là 15 tỷ đồng, lỗ ròng chênh lệch tỷ giá là 85 tỷ đồng. Thị giá GEX đã giảm 76% kể từ đỉnh hồi đầu năm 2022",GEX,GEX,Gelex,alias,0.98,auto_high_confidence,"Thị giá Target mất 76% kể từ đỉnh, Dragon CapOtherl bán ròng gần 12 triệu cổ phiếu Other trong vòng chưa đầy 1 tháng, không còn là cổ đông lớn","Thị giá Target mất 76% kể từ đỉnh, Dragon CapOtherl bán ròng gần 12 triệu cổ phiếu Other trong vòng chưa đầy 1 tháng, không còn là cổ đông lớn",FinABSA_target_masked_headline_v1,1,"Thị giá Target mất 76% kể từ đỉnh, Dragon CapOtherl bán ròng gần 12 triệu cổ phiếu Other trong vòng chưa đầy 1 tháng, không còn là cổ đông lớn",The sentiment for Target in the given sentence is POSITIVE.,positive,,,,1.0,/home/huylkq/repos/nlp/FinABSA-Valid/MODEL/finabsa-other-masked-final_3epoch,Target,ok,positive,2022-10-26 21:05:00+00:00,2022-10-26
8e47ef867a1ac9aa_02,8e47ef867a1ac9aa,https://cafef.vn/thi-gia-gex-mat-76-ke-tu-dinh-dragon-capital-ban-rong-gan-12-trieu-co-phieu-gelex-trong-vong-chua-day-1-thang-khong-con-la-co-dong-lon-20221026195125343.chn,2022-10-26T21:05:00,,,"Thị giá GEX mất 76% kể từ đỉnh, Dragon Capital bán ròng gần 12 triệu cổ phiếu Gelex trong vòng chưa đầy 1 tháng, không còn là cổ đông lớn","Hiện lượng cổ phiếu GEX mà Dragon Capital nắm giữ còn 42,4 triệu cổ phiếu (tỷ lệ 4,98%).","GEX: Giá hiện tại Thay đổi Xem hồ sơ doanh nghiệp TIN MỚI Nhóm quỹ do Dragon Capital quản lý vừa thông báo đã hoàn tất bán ra 379.000 cổ phiếu Công ty Cổ phần Tập đoàn GELEX (mã chứng khoán: GEX) trong ngày 21/10. Cụ thể, Samsung Vietnam Securities Master Investment Trust (Equity) là quỹ thành viên đã bán ra lượng cổ phần trên. Thời gian gần đây, nhóm Dragon Capital liên tục có động thái thoái vốn tại Gelex, lần gần nhất báo cáo là vào phiên 7/10 khi bán ra 5,4 triệu cổ phiếu GEX để giảm sở hữu từ 54,3 triệu cổ phiếu (tỷ lệ) 6,37% xuống còn 48,9 triệu cổ phiếu (tỷ lệ 5,74%). Đến hiện tại, sau giao dịch phiên 21/10, lượng cổ phiếu GEX mà Dragon Capital nắm giữ đã giảm xuống còn 42,4 triệu cổ phiếu (tỷ lệ 4,98%). Như vậy chưa đầy 1 tháng, Dragon Capital đã bán ròng gần 12 triệu cổ phiếu GEX qua đó giảm tỷ lệ sở hữu xuống còn 4,96% và không còn là cổ đông lớn. Động thái giảm sở hữu của quỹ ngoại diễn ra trong bối cảnh cổ phiếu GEX liên tục sụt giảm từ đầu năm tới nay. Cổ phiếu này hiện đang giao dịch quanh vùng 11.750 đồng/cổ phiếu, tương ứng vùng đáy giá 28 tháng. So với đỉnh đạt được hồi đầu năm 2022, thị giá GEX đã giảm 76%, vốn hóa tương ứng bị thổi bay hơn 31.000 tỷ đồng sau gần 10 tháng. Hiện Gelex chưa công bố BCTC quý 3. Còn trong nửa đầu năm 2022, doanh thu thuần đạt 17.714 tỷ đồng và lợi nhuận sau thuế đạt gần 400 tỷ đồng, gấp đôi so với cùng kỳ. Tuy nhiên, lãi ròng lại giảm 53% còn 281,2 tỷ đồng, đáng chú ý là khoản lỗ ròng từ kinh doanh chứng khoán của công ty là 15 tỷ đồng, lỗ ròng chênh lệch tỷ giá là 85 tỷ đồng. Thị giá GEX đã giảm 76% kể từ đỉnh hồi đầu năm 2022",Gelex,GEX,Gelex,alias,0.98,auto_high_confidence,"Thị giá Other mất 76% kể từ đỉnh, Dragon CapOtherl bán ròng gần 12 triệu cổ phiếu Target trong vòng chưa đầy 1 tháng, không còn là cổ đông lớn","Thị giá Other mất 76% kể từ đỉnh, Dragon CapOtherl bán ròng gần 12 triệu cổ phiếu Target trong vòng chưa đầy 1 tháng, không còn là cổ đông lớn",FinABSA_target_masked_headline_v1,2,"Thị giá Other mất 76% kể từ đỉnh, Dragon CapOtherl bán ròng gần 12 triệu cổ phiếu Target trong vòng chưa đầy 1 tháng, không còn là cổ đông lớn",The sentiment for Target in the given sentence is NEUTRAL.,neutral,,,,0.0,/home/huylkq/repos/nlp/FinABSA-Valid/MODEL/finabsa-other-masked-final_3epoch,Target,ok,neutral,2022-10-26 21:05:00+00:00,2022-10-26
7b83f1fe0e1615c6_00,7b83f1fe0e1615c6,https://cafef.vn/von-hoa-boc-hoi-4300-ty-dong-sau-5-phien-giam-san-chu-tich-vndirect-noi-gi-ve-tin-don-lien-quan-den-trai-phieu-trung-nam-20221026205827457.chn,2022-10-26T20:58:38,,,"Vốn hoá “bốc hơi” 4.300 tỷ đồng sau 5 phiên giảm sàn, Chủ tịch VNDirect nói gì về “tin đồn” liên quan đến trái phiếu Trung Nam?","Chốt phiên hôm nay 26/10/2022, VND tiếp tục lau sàn với 10.650 đồng/cp, thanh khoản hơn 28 triệu cổ phiếu.","VND: Giá hiện tại Thay đổi Xem hồ sơ doanh nghiệp TIN MỚI Chiều ngày 26/10, bà Phạm Minh Hương - Chủ tịch Chứng khoán VNDirect – đã có những chia sẻ về tin đồn liên quan đến việc Công ty mất khả năng thanh toán trái phiếu doanh nghiệp Tập đoàn Trung Nam. Được biết, tin đồn trên kích hoạt làn sóng bán tháo cổ phiếu VND trên thị trường. Thậm chí, phiên 25/10, VND xuất hiện lệnh bán sàn lên đến 33 triệu đơn vị. VND theo đó là trong những cổ phiếu có mức giảm mạnh nhất trên thị trường chứng khoán trong thời gian gần đây, với mức giảm 25% chỉ sau 5 phiên sàn liên tiếp. Vốn hoá tương ứng ""bốc hơi"" gần 4.300 tỷ đồng. Chốt phiên hôm nay 26/10/2022, VND tiếp tục lau sàn với 10.650 đồng/cp, thanh khoản hơn 28 triệu cổ phiếu. “VNDirect không gặp khó khăn về thanh khoản trái phiếu của Trung Nam. Trên thực tế, lượng trái phiếu VND phát hành rất nhỏ so với quy mô vốn của Công ty ”, bà Hương cho biết. Trước đó, VND cũng đã có thông tin phản hồi trước đà giảm sâu của cổ phiếu, rằng những tin đồn xuyên tạc vô căn cứ đó đã khiến cho cổ phiếu VND và nhiều doanh nghiệp tốt khác trên TTCK bị bán tháo. Do nhà đầu tư không đủ thông tin có thể hành xử phù hợp, dẫn đến gây tổn thất nghiêm trọng đến an toàn hoạt động của thị trường và các định chế tài chính trung gian. Riêng với những bài viết của các đối tượng xưng danh chuyên gia, đưa ra các thông tin thất thiệt về VND, Công ty không loại trừ việc những đối tượng này có thể có những động cơ có tính phá hoại, trục lợi nhằm khiến cho nhà đầu tư hoang mang, bán tháo cổ phiếu và gây đổ vỡ niềm tin trong khi TTCK. Do đó, Công ty đang phối hợp và làm việc với cơ quan chức năng để truy tìm và xử lý các đối tượng tung tin đồn thất thiệt, cũng như xử lý các đối tượng có hành vi thao túng thị trường để xử lý nghiêm nghiêm theo quy định của pháp luật. “Rất nhiều chuyên gia nước ngoài đã gọi điện hỏi chúng tôi rằng, việc gì đang xảy ra ở Việt Nam và chúng tôi không hiểu sao nền kinh tế về vĩ mô vẫn tiềm năng mà thị trường lai xuống thấp nhất so với khu vực như vậy"", thông cáo của VND ghi. Tính đến thời điểm 30/9/2022, tổng tài sản của VND đạt hơn 42.000 tỷ đồng, tăng 14% so với đầu năm. Dư nợ cho vay margin giảm 16,3% so với đầu năm xuống còn 12.950 tỷ đồng. Đáng chú ý, so với đầu năm, quy mô trái phiếu doanh nghiệp của VND đã tăng mạnh từ hơn 1.700 tỷ lần lên gần 7.000 tỷ đồng. Cần nhấn mạnh, từ năm 2021, VND tham gia tích cực vào hoạt động tư vấn phát hành và phân phối trái phiếu doanh nghiệp. Tổng giá trị tư vấn phát hành năm qua của VND là 23.530 tỷ đồng (tăng bằng lần so với con số năm 2022 là 6.868 tỷ đồng), trong đó giao dịch tư vấn và bảo lãnh phát hành cho CTCP điện gió Trung Nam Đăk Lăk là thương vụ lớn nhất năm. Cùng xuất hiện tại chương trình bàn tròn đầu tư chiều nay, ông Nguyễn Tâm Thịnh, Chủ tịch Trung Nam Group chia sẻ Trung Nam Group đã và đang triển khai hàng chục dự án năng lượng, điện gió, điện mặt trời, với tổng vốn đầu tư khoảng 55.000 tỷ đồng. Tập đoàn tự lo được nửa nhu cầu vốn, nửa còn lại tương đương 27.000 tỷ đồng thì Công ty phát hành trái phiếu doanh nghiệp. Với quy mô phát hành đó, ước tính mỗi năm Trung Nam phải trả lãi trái phiếu khoảng 2.800 tỷ đồng; so với quy mô doanh thu Tập đoàn khoảng 8.000 tỷ đồng là hoàn toàn khả thi. Ông Thịnh cũng khẳng định, tình hình tài chính của Trung Nam Group hoàn toàn khỏe mạnh. Sắp tới, tập đoàn sẽ đủ điều kiện để tiếp cận nguồn vốn quốc tế. Công ty dự kiến huy động gần 1 tỷ USD để tiếp tục phát triển các dự án năng lượng tái tạo. Chứng khoán Tân Việt nói gì về tiến độ thanh toán trái phiếu liên quan Vạn Thịnh Phát?",VND,VND,VNDIRECT,alias,0.98,auto_high_confidence,"Vốn hoá “bốc hơi” 4.300 tỷ đồng sau 5 phiên giảm sàn, Chủ tịch Targetirect nói gì về “tin đồn” liên quan đến trái phiếu Trung Nam?","Vốn hoá “bốc hơi” 4.300 tỷ đồng sau 5 phiên giảm sàn, Chủ tịch Targetirect nói gì về “tin đồn” liên quan đến trái phiếu Trung Nam?",FinABSA_target_masked_headline_v1,0,"Vốn hoá “bốc hơi” 4.300 tỷ đồng sau 5 phiên giảm sàn, Chủ tịch Targetirect nói gì về “tin đồn” liên quan đến trái phiếu Trung Nam?",The sentiment for Target in the given sentence is NEUTRAL.,neutral,,,,0.0,/home/huylkq/repos/nlp/FinABSA-Valid/MODEL/finabsa-other-masked-final_3epoch,Target,ok,neutral,2022-10-26 20:58:38+00:00,2022-10-26
f8400441c0ae455c_00,f8400441c0ae455c,https://cafef.vn/gelex-lot-top-50-doanh-nghiep-loi-nhuan-xuat-sac-nhat-viet-nam-2022-20221026173729434.chn,2022-10-26T19:30:00,,,GELEX lọt Top 50 Doanh nghiệp lợi nhuận xuất sắc nhất Việt Nam 2022,"Ngày 25/10/2022, Công ty cổ phần Báo cáo Đánh giá Việt Nam (Vietnam Report) phối hợp cùng Báo VietNamNet đã tổ chức Lễ công bố Top 500 Doanh nghiệp lợi nhuận tốt nhất Việt Nam kỳ công bố năm 2022 tại Hà Nội.","TIN MỚI Theo Ban tổ chức, TOP 50 Doanh nghiệp lợi nhuận xuất sắc nhất Việt Nam 2022 được đánh giá dựa trên các tiêu chí như chỉ số phản ánh khả năng sinh lời, lợi nhuận trước thuế, doanh thu, tỷ suất lợi nhuận trên vốn chủ sở hữu của doanh nghiệp… tại báo cáo tài chính năm 2021. Trải qua quá trình đánh giá khách quan, độc lập, Tập đoàn GELEX đã lọt Top 50 Doanh nghiệp lợi nhuận tốt nhất Việt Nam cho kết quả sản xuất kinh doanh năm 2021. Trong danh sách này còn các thương hiệu uy tín như: Tập đoàn Dầu khí Việt Nam, Tập đoàn Hòa Phát; Tập đoàn Công nghiệp - Viễn thông Quân đội, Ngân hàng TMCP Ngoại thương Việt Nam, Ngân hàng TMCP Kỹ thương Việt Nam, Tập đoàn Điện lực Việt Nam… Trong TOP 500 Doanh nghiệp lợi nhuận xuất sắc nhất Việt Nam 2022, GELEX xếp thứ hạng 73, tăng 23 bậc so với năm 2021. Xét riêng trong nhóm Doanh nghiệp tư nhân tại Bảng xếp hạng này, GELEX đứng thứ 35, tăng 16 bậc so với năm 2021. Đại diện Tập đoàn GELEX nhận Cúp và chứng nhận Top 50 Doanh nghiệp lợi nhuận tốt nhất Việt Nam – năm 2022. Theo báo cáo tài chính hợp nhất đã kiểm toán, lũy kế cả năm 2021, doanh thu thuần của GELEX đạt 28.578 tỷ đồng, lợi nhuận sau thuế đạt 2.057 tỷ đồng, tăng lần lượt 59% và 72% so với năm 2020. Với kết quả này, GELEX hoàn thành kế hoạch doanh thu và vượt 60% kế hoạch lợi nhuận trước thuế (1.285 tỷ đồng). Nhờ chiến lược kinh doanh hiệu quả, linh hoạt, bền vững và các giải pháp kịp thời, đồng bộ trong bối cảnh nền kinh tế đối mặt với nhiều thách thức, GELEX đã ghi nhận những kết quả tích cực, ổn định và tiếp tục khẳng định vị thế của doanh nghiệp hàng đầu. Hơn 30 năm phát triển, GELEX đã không ngừng mở rộng và tái cấu trúc hoạt động để tối ưu hóa các nguồn lực. Hoạt động theo mô hình Holdings, GELEX theo đuổi mục tiêu phát triển bền vững với hai khối kinh doanh chính gồm: Sản xuất công nghiệp và Hạ tầng, với các thương hiệu uy tín trên thị trường như: Viglacera; dây cáp diện CADIVI, máy biến áp THIBIDI… Bất động sản công nghiệp là lĩnh vực mũi nhọn hiện nay của GELEX. Theo Vietnam Report những doanh nghiệp được vinh danh đã thể hiện sự vượt trội về sức mạnh tài chính, tiềm năng tăng trưởng, mức độ phát triển bền vững, chất lượng quản trị và vị thế trên thị trường, góp phần không nhỏ vào sự phát triển và phồn vinh của nền kinh tế nước nhà.",GELEX,GEX,Gelex,alias,0.98,auto_high_confidence,Target lọt Top 50 Doanh nghiệp lợi nhuận xuất sắc nhất Việt Nam 2022,Target lọt Top 50 Doanh nghiệp lợi nhuận xuất sắc nhất Việt Nam 2022,FinABSA_target_masked_headline_v1,0,Target lọt Top 50 Doanh nghiệp lợi nhuận xuất sắc nhất Việt Nam 2022,The sentiment for Target in the given sentence is NEUTRAL.,neutral,,,,0.0,/home/huylkq/repos/nlp/FinABSA-Valid/MODEL/finabsa-other-masked-final_3epoch,Target,ok,neutral,2022-10-26 19:30:00+00:00,2022-10-26
a2e7f601551d76d3_00,a2e7f601551d76d3,https://cafef.vn/doanh-thu-ban-thit-heo-tang-200-hoang-anh-gia-lai-hag-bao-lai-quy-3-2022-gap-17-lan-so-voi-cung-ky-20221026190701892.chn,2022-10-26T19:07:36,2022-10-26T19:08:48+07:00,,"Doanh thu bán thịt heo tăng 200%, Hoàng Anh Gia Lai (HAG) báo lãi quý 3/2022 gấp 17 lần so với cùng kỳ","Lũy kế 9 tháng đầu năm, lợi nhuận sau thuế HAG đạt 892 tỷ đồng, gấp 30 lần so với cùng kỳ năm trước. Theo lộ trình đến năm 2023, Bapi Hoàng Anh Gia Lai sẽ phát triển 1.000 cửa hàng trên toàn quốc.","HAG: Giá hiện tại Thay đổi Xem hồ sơ doanh nghiệp TIN MỚI CTCP Hoàng Anh Gia Lai (mã CK: HAG) đã công bố báo cáo tài chính hợp nhất quý 3/2022 với doanh thu thuần đạt 1.441 tỷ đồng, tăng 160% so với cùng kỳ năm trước là 554 tỷ đồng. Trong cơ cấu doanh thu, thu từ trái cây chiếm tỷ trọng lớn nhất, mang lại 577 tỷ đồng, tăng 162% so với cùng kỳ năm trước. Doanh thu bán heo tăng gần 200% lên mức 540 tỷ đồng; ngoài ra, doanh thu bán sản phẩm, hàng hóa cũng đem lại 241 tỷ đồng, tăng 184% so với quý 3/2021. Tuy vậy, chi phí vốn lại tăng nhanh hơn mức tăng của doanh thu nên HAG báo lãi gộp tăng 59% đạt 281 tỷ đồng; biên lợi nhuận gộp đi lùi về mức hơn 19% trong quý 3/2022. Trong kỳ, chi phí bán hàng tăng 20 tỷ đồng lên gần 59 tỷ đồng, do sản lượng bán trái cây và hàng hóa tăng nên chi phí vận chuyển và dịch vụ mua ngoài cũng tăng tương ứng. Ngược lại, chi phí quản lý doanh nghiệp lại giảm mạnh 276 tỷ đồng so với cùng kỳ, nguyên nhân được HAG giải trình do Tập đoàn đã giảm hoàn nhập dự phòng các khoản phải thu. Về hoạt động tài chính, doanh thu tài chính quý 3 giảm 11% còn 118 tỷ đồng. Đồng thời, chi phí tài chính cũng sụt giảm 76%, nguyên nhân do Tập đoàn đã hoàn nhập dự phòng khoản đầu tư vào Nhóm Công ty HNG trong quý 3. Về hoạt động khác, chi phí hoạt động khác trong kỳ giảm 10 tỷ đồng còn 7 tỷ đồng do đánh giá lại một số tài sản không hiệu quả. Kết quả, Hoàng Anh Gia Lai báo lãi sau thuế quý 3/2022 đạt gần 370 tỷ đồng, gấp 17 lần so với cùng kỳ năm trước . Lợi nhuận sau thuế công ty mẹ đạt 361 tỷ đồng, gấp 15 lần so với kết quả quý 3/2021. Lũy kế 9 tháng đầu năm, doanh thu thuần HAG đạt 3.471 tỷ đồng, tăng 154% và lợi nhuận sau thuế đạt 892 tỷ đồng, gấp 30 lần so với cùng kỳ năm trước. Lãi ròng công ty mẹ đạt 890 tỷ đồng. Năm 2022, HAG đặt mục tiêu doanh thu thuần 4.820 tỷ đồng, LNST đạt 1.120 tỷ đồng. Như vậy, sau 3 quý kinh doanh, công ty đã hoàn thành được 72% kế hoạch về doanh thu và gần 80% kế hoạch lợi nhuận. Tại thời điểm 30/9/2022, quy mô tổng tài sản của HAG đạt 19.338 tỷ đồng, tăng nhẹ 5% so với đầu năm; khoản phải thu ngắn hạn ghi nhận 7.176 tỷ đồng tăng 10%; hàng tồn kho tăng mạnh 152% so với thời điểm 31/12/2021. Ngoài ra, nợ phải trả của Hoàng Anh Gia Lai đạt 14.404 tỷ đồng, tăng nhẹ 5% so với đầu năm, chiếm hơn 74% tổng tài sản và gấp 2,9 lần vốn chủ sở hữu. Gần đây, sản phẩm thịt heo ăn chuối của bầu Đức đã chính thức được giới thiệu, bày bán tại Hà Nội sau Đà Nẵng và TP. HCM. Theo lộ trình đến năm 2023, Bapi Hoàng Anh Gia Lai sẽ phát triển 1.000 cửa hàng trên toàn quốc và doanh nghiệp đang tập trung mọi nguồn lực để sớm hoàn thành mục tiêu này. Bên cạnh Heo ăn chuối, HAGL còn nuôi thí điểm Gà ăn chuối đi bộ. Dự kiến trong năm nay, HAGL sẽ ra mắt và bổ sung sản phẩm thịt gà ăn chuối tại các cửa hàng BapiFood.",HAG,HAG,Hoang Anh Gia Lai,alias,0.98,auto_high_confidence,"Doanh thu bán thịt heo tăng 200%, Hoàng Anh Gia Lai (Target) báo lãi quý 3/2022 gấp 17 lần so với cùng kỳ","Doanh thu bán thịt heo tăng 200%, Hoàng Anh Gia Lai (Target) báo lãi quý 3/2022 gấp 17 lần so với cùng kỳ",FinABSA_target_masked_headline_v1,0,"Doanh thu bán thịt heo tăng 200%, Hoàng Anh Gia Lai (Target) báo lãi quý 3/2022 gấp 17 lần so với cùng kỳ",The sentiment for Target in the given sentence is NEUTRAL.,neutral,,,,0.0,/home/huylkq/repos/nlp/FinABSA-Valid/MODEL/finabsa-other-masked-final_3epoch,Target,ok,neutral,2022-10-26 19:07:36+00:00,2022-10-26
b1c7b33c8ac65fad_00,b1c7b33c8ac65fad,https://cafef.vn/cap-nhat-bctc-chieu-ngay-26-10-hagl-lai-gap-16-lan-cung-ky-them-bsr-cii-habeco-cong-bo-20221026175520795.chn,2022-10-26T17:55:32,,,"Cập nhật BCTC chiều ngày 26/10: HAGL lãi gấp 16 lần cùng kỳ, thêm BSR, CII, Habeco công bố","Tính đến chiều ngày 26/10, đã có thêm nhiều doanh nghiệp công bố báo cáo tài chính quý 3 như BSR, CII, HAGL, Habeco, ...","TIN MỚI Tính đến chiều ngày 26/10, đã có thêm nhiều doanh nghiệp công bố báo cáo tài chính quý 3 như BSR, CII, HAGL, Habeco, ... Quý 3, Hoàng Anh Gia Lai lãi trước thuế 350 tỷ đồng, tăng hơn 16 lần so với cùng kỳ, lãi luỹ kế 9 tháng 814 tỷ đồng. Lọc hoá dầu Bình Sơn lãi quý 3 chỉ tăng 3% nhưng do khoản lãi lớn hơn 10.000 tỷ đồng trong quý 2 nên lãi luỹ kế 9 tháng tăng 234%. Thu đậm từ thoái vốn, CII báo lãi trước thuế 977 tỷ đồng sau 9 tháng - gấp 3,2 lần cùng kỳ. Công ty con của CII là CII B&R lãi đột biến 119 tỷ đồng trong quý 3. Lợi nhuận trước thuế Habeco tăng 74% trong quý 3, luỹ kế 9 tháng tăng 31%. Những doanh nghiệp mới công bố báo cáo tài chính quý 3. Những doanh nghiệp đã công bố báo cáo tài chính sắp xếp theo ngành",HAG,HAG,Hoang Anh Gia Lai,alias,0.98,auto_high_confidence,"Cập nhật BCTC chiều ngày 26/10: TargetL lãi gấp 16 lần cùng kỳ, thêm Other, Other, Habeco công bố","Cập nhật BCTC chiều ngày 26/10: TargetL lãi gấp 16 lần cùng kỳ, thêm Other, Other, Habeco công bố",FinABSA_target_masked_headline_v1,0,"Cập nhật BCTC chiều ngày 26/10: TargetL lãi gấp 16 lần cùng kỳ, thêm Other, Other, Habeco công bố",The sentiment for Target in the given sentence is NEUTRAL.,neutral,,,,0.0,/home/huylkq/repos/nlp/FinABSA-Valid/MODEL/finabsa-other-masked-final_3epoch,Target,ok,neutral,2022-10-26 17:55:32+00:00,2022-10-26
b5132d975d74df60_00,b5132d975d74df60,https://cafef.vn/nhin-tu-cau-chuyen-dau-gia-lan-2-rolls-royce-cua-flchomes-nhan-the-chap-sieu-xe-du-thuyen-co-gi-dang-vui-20221026151443425.chn,2022-10-26T15:20:00,,,"Nhìn từ câu chuyện đấu giá lần 2 Rolls-Royce của FLCHomes: Nhận thế chấp siêu xe, du thuyền có gì đáng vui?","Thế chấp tài sản là việc bên bảo đảm dùng tài sản thuộc sở hữu của mình để bảo đảm cho một nghĩa vụ dân sự. Khi nghĩa vụ dân sự được đảm bảo không thực hiện theo cam kết, thì tài sản bảo đảm được xử lý để thực hiện nghĩa vụ. Nhưng xử lý những tài sản như xe sang hay du thuyền thì vốn không dễ dàng chút nào.","TIN MỚI Theo kế hoạch, sáng ngày 24/10/2022, Công ty Đấu giá Hợp danh Minh Pháp tổ chức đấu giá chiếc xe ô tô Rolls-Royce Ghost mạ vàng thuộc sở hữu của Công ty CP Đầu tư Du thuyền và Sân Golf FLC Biscom (nay là Công ty CP Đầu Tư Kinh Doanh Phát Triển Bất Động Sản FLCHomes) với mức giá khởi điểm là 10 tỷ đồng. Tuy nhiên, phiên đấu giá đã không thể diễn ra theo kế hoạch do không có người nào đăng ký tham gia. Ngày 26/10/2022, trên website của Công ty Đấu giá Hợp danh Minh Pháp đã có thông tin đấu giá lần 2, mức giá khởi điểm đã được lùi xuống 9,7 tỷ đồng. Giá khởi điểm chưa bao gồm các chi phí liên quan đến việc chuyển quyền sở hữu/sử dụng tài sản, lệ phí trước bạ, phí công chứng, phí đăng ký và các chi phí khác (nếu có) khi thực hiện mua tài sản, các chi phí này do người trúng đấu giá chịu. Đây là chiếc Rolls-Royce được sản xuất năm 2011 và đăng ký lần đầu tháng 5/2018. Tài sản đang thế chấp tại Ngân hàng TMCP Đầu Tư và Phát Triển Việt Nam – chi nhánh Quy Nhơn, đã qua sử dụng được đưa ra đấu giá để xử lý thu hồi nợ. Tài sản được đấu giá theo nguyên trạng (bao gồm tài sản, tình trạng pháp lý và các rủi ro tiềm ẩn) và theo phương thức có sao bán vậy. Thời gian diễn ra phiên đấu giá Rolls-Royce dự kiến vào ngày 9/11/2022. Cùng với Rolls-Royce, du thuyền FLC Albatross thuộc sở hữu của Công ty cổ phần tập đoàn FLC cũng được đưa ra đấu giá với mức giá khởi điểm 35,478 tỷ đồng. Trên thực tế, mặc dù những tài sản như du thuyền, ô tô siêu sang có giá trị không nhỏ nhưng không phải là tài sản được các tổ chức tín dụng (TCTD) ""mặn mà"" khi nhận thế chấp. Vì khi rủi ro xảy ra, việc xử lý các tài sản này không hề đơn giản. Đầu tiên , giá khởi điểm bao nhiêu là hợp lý? Câu trả lời không chỉ căn cứ vào giá trị hợp lý của tài sản mà còn phụ thuộc vào mức cho vay của ngân hàng trên tài sản đó. Trong thực hiện xử lý tài sản có 2 trường hợp xảy ra trái ngược nhau không như mong muốn của TCTD: Định giá bán (giá khởi điểm khi đấu giá) quá cao sẽ kéo dài việc bán tài sản; ngược lại định giá bán quá thấp gây thiệt hại cho ngân hàng (không bảo đảm thu hồi đủ khoản vay) Có một thực tế là nếu giá khởi điểm đấu giá quá cao, thời gian đấu giá kéo dài, hậu quả tất yếu là giá trị tài sản suy giảm, chi phí vốn, chi phí xử lý tài sản tăng. Ở Ngân hàng Agribank từng có trường hợp xử lý tài sản bảo đảm của Công ty TNHH Sản xuất thương mại Uy Đạt qua thi hành án (Cục Thi hành án dân sự tỉnh Bình Dương), đấu giá thi hành án lần đầu từ tháng 2/2011 với giá khởi điểm 73,395 tỷ đồng, sau 16 phiên đấu giá, tháng 10/2016 đấu giá thành công ngân hàng thu nợ được 12 triệu đồng. Trong trường hợp đấu giá Rolls-Royce của FLC Homes, mức giá khởi điểm lần 1 là 10 tỷ đồng nhưng không có người đăng ký tham gia. Giá khởi điểm lần thứ 2 đã được hạ xuống còn 9,7 tỷ đồng. Cần chờ xem với mức giá này có người đăng ký tham gia không hay lại phải tiếp tục hạ giá? Thứ hai , hạn chế về khả năng thanh khoản. ﻿Một phần nguyên nhân do tính đặc thù của những sản phẩm cao cấp như xe sang, du thuyền này. Sản phẩm có tính thông dụng càng cao, càng phù hợp với nhu cầu sử dụng của số đông thì càng dễ bán và ngược lại. Nguồn: Công ty đấu giá hợp danh Minh Pháp Về mặt này, không phải xe sang hay du thuyền khó bán nhất mà phải kể đến những tài sản như máy móc, thiết bị sản xuất do tính năng, điều kiện vận hành chuyên biệt. Bên cạnh đó, về mặt tâm lý, những tài sản đã từng thuộc về chủ sở hữu chẳng may dính dáng đến pháp luật, hoặc kinh doanh, làm ăn thất bát không đem lại cảm giác ""may mắn"" cho người sở hữu tiếp theo. Đây cũng là nguyên nhân khiến những tài sản này khó bán, hoặc khó bán được với giá tốt. Chiếc xe 'hoàn hảo nhất lịch sử Rolls-Royce', chưa ra mắt đã nhận hơn 300 đơn hàng",FLC,FLC,FLC Group,alias,0.98,auto_high_confidence,"Nhìn từ câu chuyện đấu giá lần 2 Rolls-Royce của TargetHomes: Nhận thế chấp siêu xe, du thuyền có gì đáng vui?","Nhìn từ câu chuyện đấu giá lần 2 Rolls-Royce của TargetHomes: Nhận thế chấp siêu xe, du thuyền có gì đáng vui?",FinABSA_target_masked_headline_v1,0,"Nhìn từ câu chuyện đấu giá lần 2 Rolls-Royce của TargetHomes: Nhận thế chấp siêu xe, du thuyền có gì đáng vui?",The sentiment for Target in the given sentence is NEUTRAL.,neutral,,,,0.0,/home/huylkq/repos/nlp/FinABSA-Valid/MODEL/finabsa-other-masked-final_3epoch,Target,ok,neutral,2022-10-26 15:20:00+00:00,2022-10-26
194e321410728efb_00,194e321410728efb,https://cafef.vn/ban-rong-hon-1-trieu-co-phieu-tu-dau-thang-10-dragon-capital-khong-con-la-co-dong-lon-cua-fpt-20221026101448122.chn,2022-10-26T10:17:00,2022-10-26T19:02:46+07:00,,"Bán ròng hơn 1 triệu cổ phiếu từ đầu tháng 10, Dragon Capital không còn là cổ đông lớn của FPT",Cổ phiếu FPT đã giảm khoảng 23% so với đỉnh hồi giữa tháng 4 kéo theo vốn hóa thị trường bị thổi bay hơn 1 tỷ USD sau hơn 6 tháng.,"FPT: Giá hiện tại Thay đổi Xem hồ sơ doanh nghiệp TIN MỚI Nhóm quỹ thuộc Dragon Capital quản lý vừa thông báo đã hoàn tất bán ròng 457.300 cổ phiếu CTCP FPT (mã FPT) trong ngày 21/10. Cụ thể, Norges Bank và Samsung Vietnam Securities Master Investment Trust (Equity) lần lượt bán ra 277.300 và 200.000 cổ phiếu trong khi Hanoi Investment Holdings Limited mua vào 20.000 đơn vị. Thời gian gần đây, nhóm Dragon Capital liên tục có động thái mua/bán cổ phiếu FPT. Gần nhất vào ngày 19/10, các quỹ thành viên thuộc của nhóm đã mua thêm 130.000 cổ phiếu FPT. Trước đó, nhóm này đã bán 700.000 đơn vị trong ngày 3/10. Như vậy, tính từ đầu tháng 10, Dragon Capital đã bán ròng hơn 1 triệu cổ phiếu FPT qua đó giảm tỷ lệ sở hữu xuống còn 4,96% và không còn là cổ đông lớn. Động thái giảm sở hữu của quỹ ngoại diễn ra trong bối cảnh cổ phiếu FPT liên tục sụt giảm từ đầu tháng 9. Cổ phiếu này hiện đang giao dịch quanh vùng 73.000 đồng/cổ phiếu, chỉ cao hơn đôi chút so với vùng đáy một năm xác lập vào cuối tháng 1 năm nay. So với đỉnh đạt được hồi giữa tháng 4, thị giá FPT đã giảm 23%. Vốn hóa tương ứng bị thổi bay hơn 1 tỷ USD sau hơn 6 tháng. Cổ phiếu FPT giảm mạnh từ đỉnh Sự đi xuống của cổ phiếu FPT thời gian gần đây chịu nhiều ảnh hưởng bởi biến động không thuận lợi của thị trường chung trong khi tình hình kinh doanh của tập đoàn vẫn tăng trưởng cao. 9 tháng đầu năm, FPT ghi nhận tổng doanh thu đạt 30.975 tỷ đồng và lợi nhuận trước thuế 5.665 tỷ đồng, đều tăng 24% so với cùng kỳ. Lãi ròng sau thuế thu về 4.856 tỷ đồng, tăng hơn 28% so với cùng kỳ năm ngoái trong đó LNST thuộc về cổ đông công ty mẹ tăng 30% lên 3.943 tỷ đồng. Về cơ cấu, khối Công nghệ đóng góp 17.742 tỷ đồng doanh thu 9 tháng đầu năm, LNTT tăng 26% lên 2.635 tỷ đồng, chiếm 47% cơ cấu lợi nhuận cả tập đoàn. Doanh thu Dịch vụ viễn tăng trưởng 16% lên 10.243 tỷ đồng. Biên lợi nhuận được mở rộng từ 18,1% lên 18,8% nhờ tăng trưởng lợi nhuận từ mảng PayTV. Mảng giáo dục tiếp tục mức tăng trưởng doanh thu cao 47% đạt 3.104 tỷ đồng trong 9 tháng năm 2022. KQKD 9 tháng đầu năm của FPT Trong báo cáo mới đây, SSI Research lo ngại về khả năng xung đột đang diễn ra giữa Nga và Ukraine có thể ảnh hưởng đến tình hình lạm phát của EU và rủi ro suy thoái tiềm ẩn, từ đó ảnh hưởng đến chi tiêu cho CNTT ở Châu Âu. Tuy nhiên, FPT có tỷ trọng doanh thu ở thị trường EU không đáng kể và ở mức thấp nhất so với các công ty cùng ngành tại Ấn Độ. Do đó, mảng CNTT nước ngoài của FPT có thể ít bị ảnh hưởng hơn so với các đối thủ trong trường hợp chiến tranh kéo dài giữa Nga và Ukraine. Bên cạnh đó, FPT còn có vị thế tiền mặt ròng là 4.900 tỷ đồng, một yếu tố hỗ trợ quan trọng trong bối cảnh suy thoái kinh tế và lãi suất cho vay tăng. Đây cũng có thể là một lợi thế cạnh tranh khác của FPT so với các công ty khởi nghiệp với dòng tiền yếu hơn. Hơn nữa, SSI Research cho rằng sự cạnh tranh từ các công ty CNTT khởi nghiệp & quy mô nhỏ có thể được giảm bớt do việc huy động vốn để mở rộng hoạt động kinh doanh gặp trở ngại trong môi trường lãi suất tăng.",ita,ITA,Itaco,alias,0.98,auto_high_confidence,"Bán ròng hơn 1 triệu cổ phiếu từ đầu tháng 10, Dragon CapTargetl không còn là cổ đông lớn của Other","Bán ròng hơn 1 triệu cổ phiếu từ đầu tháng 10, Dragon CapTargetl không còn là cổ đông lớn của Other",FinABSA_target_masked_headline_v1,0,"Bán ròng hơn 1 triệu cổ phiếu từ đầu tháng 10, Dragon CapTargetl không còn là cổ đông lớn của Other",The sentiment for Target in the given sentence is NEUTRAL.,neutral,,,,0.0,/home/huylkq/repos/nlp/FinABSA-Valid/MODEL/finabsa-other-masked-final_3epoch,Target,ok,neutral,2022-10-26 10:17:00+00:00,2022-10-26
